subject_nr,trial,condition,sentence_id,word_index,WordRole,word,start_s,end_s,window_ms,prop_pos1,prop_pos2,prop_pos3,prop_pos4,prop_target,prop_subject,no_object_gaze,n_samples
1,0,non-restrictive,6,0,det,The,0.021,0.063,42.0,0.0,0.0,0.0,0.0,0.0,0.0,True,6
1,0,non-restrictive,6,1,nsubj,housewife,0.189,0.882,693.0,1.0,0.0,0.0,0.0,0.0,0.789474,False,103
1,0,non-restrictive,6,2,aux,will,0.987,1.113,126.0,0.0,0.0,0.0,0.0,0.0,0.0,True,19
1,0,non-restrictive,6,3,ROOT,wash,1.239,1.575,336.0,0.0,0.0,0.0,0.0,0.0,1.0,True,50
1,0,non-restrictive,6,4,det,the,1.68,1.743,63.0,0.0,0.0,0.0,0.0,0.0,0.0,True,10
1,0,non-restrictive,6,5,dobj,mushrooms,1.848,3.423,1575.0,0.0,1.0,0.0,0.0,0.0,0.986111,False,228
1,1,restrictive,15,0,det,The,0.021,0.063,42.0,0.0,0.0,0.0,0.0,0.0,0.0,True,6
1,1,restrictive,15,1,nsubj,businessman,0.168,1.008,840.0,0.0,0.0,0.0,0.0,0.0,1.0,True,125
1,1,restrictive,15,2,aux,will,1.197,1.323,126.0,0.0,0.0,0.0,0.0,0.0,1.0,True,19
1,1,restrictive,15,3,ROOT,wear,1.407,1.638,231.0,0.0,0.0,0.0,0.0,0.0,1.0,True,34
1,1,restrictive,15,4,det,the,1.743,1.806,63.0,0.0,0.0,0.0,0.0,0.0,1.0,True,9
1,1,restrictive,15,5,dobj,hat,1.932,3.045,1113.0,0.0,0.0,0.0,1.0,1.0,0.6,False,162
1,2,restrictive,39,0,det,The,0.021,0.063,42.0,0.0,0.0,0.0,0.0,0.0,0.0,True,6
1,2,restrictive,39,1,nsubj,boy,0.147,0.42,273.0,1.0,0.0,0.0,0.0,0.0,0.0,False,41
1,2,restrictive,39,2,aux,will,0.525,0.651,126.0,0.0,0.0,0.0,0.0,0.0,1.0,True,19
1,2,restrictive,39,3,ROOT,tie,0.735,1.05,315.0,0.0,0.0,0.0,0.0,0.0,0.0,True,47
1,2,restrictive,39,4,det,the,1.092,1.155,63.0,0.0,0.0,0.0,0.0,0.0,0.0,True,9
1,2,restrictive,39,5,dobj,shoelace,1.323,2.688,1365.0,0.15,0.0,0.4,0.45,0.45,0.166667,False,198
1,3,restrictive,21,0,det,The,0.021,0.063,42.0,0.0,1.0,0.0,0.0,1.0,0.0,False,6
1,3,restrictive,21,1,nsubj,woman,0.189,0.504,315.0,0.0,0.0,0.0,0.0,0.0,0.0,True,47
1,3,restrictive,21,2,aux,will,0.693,0.84,147.0,0.0,0.0,0.0,0.0,0.0,0.0,True,22
1,3,restrictive,21,3,ROOT,water,0.987,1.365,378.0,0.0,1.0,0.0,0.0,1.0,0.926829,False,56
1,3,restrictive,21,4,det,the,1.47,1.512,42.0,0.0,0.0,0.0,0.0,0.0,1.0,True,6
1,3,restrictive,21,5,dobj,flower,1.659,3.003,1344.0,0.0,1.0,0.0,0.0,1.0,0.769231,False,193
1,4,non-restrictive,38,0,det,The,0.021,0.063,42.0,0.0,0.0,0.0,0.0,0.0,1.0,True,6
1,4,non-restrictive,38,1,nsubj,woman,0.189,0.525,336.0,0.0,0.0,0.0,0.0,0.0,1.0,True,50
1,4,non-restrictive,38,2,aux,will,0.63,0.756,126.0,0.0,0.0,0.0,0.0,0.0,1.0,True,17
1,4,non-restrictive,38,3,ROOT,carry,0.861,1.239,378.0,0.0,0.0,0.0,0.0,0.0,1.0,True,56
1,4,non-restrictive,38,4,det,the,1.344,1.428,84.0,0.0,0.0,0.0,0.0,0.0,0.0,True,13
1,4,non-restrictive,38,5,dobj,apron,1.617,2.919,1302.0,0.25,0.75,0.0,0.0,0.0,0.0,False,190
1,5,non-restrictive,4,0,det,The,0.021,0.063,42.0,0.0,0.0,0.0,1.0,0.0,0.0,False,6
1,5,non-restrictive,4,1,nsubj,boy,0.147,0.42,273.0,0.0,0.0,0.5,0.5,0.0,0.931034,False,41
1,5,non-restrictive,4,2,aux,will,0.546,0.693,147.0,0.0,0.0,0.0,0.0,0.0,1.0,True,22
1,5,non-restrictive,4,3,ROOT,throw,0.84,1.134,294.0,1.0,0.0,0.0,0.0,1.0,0.9,False,44
1,5,non-restrictive,4,4,det,the,1.239,1.302,63.0,0.0,0.0,0.0,0.0,0.0,0.0,True,10
1,5,non-restrictive,4,5,dobj,ball,1.407,2.583,1176.0,0.25,0.5,0.25,0.0,0.25,0.428571,False,171
1,6,restrictive,29,0,det,The,0.021,0.063,42.0,0.0,1.0,0.0,0.0,1.0,0.0,False,6
1,6,restrictive,29,1,nsubj,grandmother,0.147,0.84,693.0,0.0,1.0,0.0,0.0,1.0,0.757576,False,104
1,6,restrictive,29,2,aux,will,1.176,1.302,126.0,1.0,0.0,0.0,0.0,0.0,0.0,False,19
1,6,restrictive,29,3,ROOT,read,1.428,1.638,210.0,1.0,0.0,0.0,0.0,0.0,0.5,False,31
1,6,restrictive,29,4,det,the,1.722,1.785,63.0,0.0,0.0,0.0,0.0,0.0,1.0,True,9
1,6,restrictive,29,5,dobj,newspaper,1.911,2.793,882.0,0.0,0.0,0.0,0.0,0.0,1.0,True,105
1,7,restrictive,23,0,det,The,0.021,0.063,42.0,0.0,0.0,0.6,0.4,0.4,0.0,False,6
1,7,restrictive,23,1,nsubj,girl,0.147,0.483,336.0,0.0,0.0,0.0,0.0,0.0,0.0,True,51
1,7,restrictive,23,2,aux,will,0.63,0.756,126.0,0.0,0.0,0.0,0.0,0.0,0.0,True,18
1,7,restrictive,23,3,ROOT,knit,0.84,1.029,189.0,0.0,0.0,0.0,0.0,0.0,0.0,True,28
1,7,restrictive,23,4,det,the,1.155,1.197,42.0,0.0,0.0,0.0,0.0,0.0,1.0,True,6
1,7,restrictive,23,5,dobj,scarf,1.323,2.583,1260.0,0.0,0.267606,0.464789,0.267606,0.267606,0.183908,False,184
1,8,restrictive,19,0,det,The,0.021,0.063,42.0,0.0,0.0,0.0,0.0,0.0,0.0,True,6
1,8,restrictive,19,1,nsubj,chef,0.21,0.462,252.0,0.0,0.0,0.0,0.0,0.0,1.0,True,37
1,8,restrictive,19,2,aux,will,0.609,0.756,147.0,0.0,0.0,0.0,0.0,0.0,1.0,True,13
1,8,restrictive,19,3,ROOT,slice,0.84,1.197,357.0,0.0,0.0,0.0,1.0,1.0,0.0,False,53
1,8,restrictive,19,4,det,the,1.281,1.344,63.0,0.0,0.0,0.0,1.0,1.0,0.0,False,9
1,8,restrictive,19,5,dobj,bread,1.449,2.625,1176.0,0.0,0.0,0.0,1.0,1.0,0.421429,False,174
1,9,non-restrictive,22,0,det,The,0.021,0.063,42.0,0.0,0.0,0.0,1.0,0.0,0.0,False,6
1,9,non-restrictive,22,1,nsubj,girl,0.147,0.483,336.0,0.0,0.0,0.0,1.0,0.0,0.333333,False,51
1,9,non-restrictive,22,2,aux,will,0.63,0.756,126.0,0.0,0.0,0.0,0.0,0.0,0.0,True,18
1,9,non-restrictive,22,3,ROOT,hang,0.882,1.155,273.0,1.0,0.0,0.0,0.0,0.0,0.294118,False,41
1,9,non-restrictive,22,4,det,the,1.218,1.281,63.0,0.0,0.0,0.0,0.0,0.0,1.0,True,10
1,9,non-restrictive,22,5,dobj,coat,1.386,2.562,1176.0,0.0,0.0,0.0,0.0,0.0,1.0,True,170
1,10,restrictive,7,0,det,The,0.021,0.063,42.0,0.0,0.0,0.0,0.0,0.0,0.0,True,0
1,10,restrictive,7,1,nsubj,doctor,0.168,0.672,504.0,0.0,0.0,0.0,0.0,0.0,1.0,True,75
1,10,restrictive,7,2,aux,will,0.819,0.945,126.0,0.0,0.0,0.0,0.0,0.0,1.0,True,19
1,10,restrictive,7,3,ROOT,inject,1.008,1.491,483.0,0.0,0.0,0.0,0.0,0.0,1.0,True,72
1,10,restrictive,7,4,det,the,1.596,1.659,63.0,0.0,0.0,0.0,0.0,0.0,0.0,True,9
1,10,restrictive,7,5,dobj,child,1.764,3.15,1386.0,0.0,0.0,0.151899,0.848101,0.848101,0.141304,False,201
1,11,restrictive,43,0,det,The,0.021,0.063,42.0,0.0,0.0,0.0,0.0,0.0,0.0,True,6
1,11,restrictive,43,1,nsubj,man,0.168,0.462,294.0,0.0,0.0,0.0,0.0,0.0,1.0,True,43
1,11,restrictive,43,2,aux,will,0.588,0.714,126.0,0.0,0.0,0.0,0.0,0.0,1.0,True,19
1,11,restrictive,43,3,ROOT,lock,0.819,1.092,273.0,0.0,0.0,0.0,0.0,0.0,1.0,True,40
1,11,restrictive,43,4,det,the,1.197,1.26,63.0,0.0,0.0,0.0,0.0,0.0,0.0,True,10
1,11,restrictive,43,5,dobj,safe,1.407,2.583,1176.0,0.111111,0.166667,0.222222,0.5,0.5,0.1,False,175
1,12,non-restrictive,8,0,det,The,0.021,0.063,42.0,0.0,0.0,0.0,0.0,0.0,0.0,True,6
1,12,non-restrictive,8,1,nsubj,woman,0.189,0.525,336.0,0.0,0.0,0.0,0.0,0.0,1.0,True,50
1,12,non-restrictive,8,2,aux,will,0.651,0.798,147.0,0.0,0.0,0.0,0.0,0.0,1.0,True,22
1,12,non-restrictive,8,3,ROOT,dust,0.882,1.218,336.0,1.0,0.0,0.0,0.0,1.0,0.666667,False,50
1,12,non-restrictive,8,4,det,the,1.323,1.386,63.0,0.0,0.0,0.0,0.0,0.0,0.0,True,9
1,12,non-restrictive,8,5,dobj,piano,1.47,3.087,1617.0,0.268293,0.731707,0.0,0.0,0.268293,0.068182,False,236
1,13,non-restrictive,30,0,det,The,0.021,0.063,42.0,0.0,0.0,0.0,0.0,0.0,0.0,True,6
1,13,non-restrictive,30,1,nsubj,girl,0.147,0.483,336.0,0.0,0.0,0.0,0.0,0.0,1.0,True,51
1,13,non-restrictive,30,2,aux,will,0.63,0.756,126.0,0.0,0.0,0.0,0.0,0.0,1.0,True,18
1,13,non-restrictive,30,3,ROOT,grab,0.861,1.239,378.0,0.0,0.0,0.0,0.0,0.0,1.0,True,56
1,13,non-restrictive,30,4,det,the,1.365,1.428,63.0,0.0,0.0,0.0,0.0,0.0,1.0,True,10
1,13,non-restrictive,30,5,dobj,dice,1.533,2.772,1239.0,1.0,0.0,0.0,0.0,0.0,0.822222,False,180
1,14,non-restrictive,36,0,det,The,0.021,0.063,42.0,0.0,0.0,0.0,1.0,0.0,0.0,False,6
1,14,non-restrictive,36,1,nsubj,kid,0.168,0.483,315.0,0.0,0.0,0.0,1.0,0.0,0.375,False,47
1,14,non-restrictive,36,2,aux,will,0.609,0.756,147.0,0.0,0.0,0.0,0.0,0.0,1.0,True,22
1,14,non-restrictive,36,3,ROOT,stack,0.861,1.239,378.0,0.0,0.0,0.0,0.0,0.0,1.0,True,56
1,14,non-restrictive,36,4,det,the,1.344,1.428,84.0,0.0,0.0,0.0,0.0,0.0,1.0,True,13
1,14,non-restrictive,36,5,dobj,lego,1.554,2.877,1323.0,0.0,1.0,0.0,0.0,0.0,0.968421,False,191
1,15,non-restrictive,20,0,det,The,0.021,0.063,42.0,0.0,0.0,0.0,0.0,0.0,0.0,True,6
1,15,non-restrictive,20,1,nsubj,baby,0.168,0.525,357.0,1.0,0.0,0.0,0.0,1.0,0.0,False,53
1,15,non-restrictive,20,2,aux,will,0.735,0.861,126.0,0.0,0.0,0.0,0.0,0.0,1.0,True,19
1,15,non-restrictive,20,3,ROOT,grab,0.945,1.344,399.0,0.0,0.0,0.0,0.0,0.0,1.0,True,59
1,15,non-restrictive,20,4,det,the,1.47,1.533,63.0,0.0,0.0,0.0,0.0,0.0,1.0,True,9
1,15,non-restrictive,20,5,dobj,kitten,1.617,2.982,1365.0,0.0,1.0,0.0,0.0,0.0,0.0,False,193
1,16,restrictive,5,0,det,The,0.021,0.063,42.0,0.0,0.0,0.0,0.0,0.0,0.0,True,6
1,16,restrictive,5,1,nsubj,hiker,0.147,0.567,420.0,0.0,1.0,0.0,0.0,1.0,0.0,False,63
1,16,restrictive,5,2,aux,will,0.714,0.84,126.0,0.0,0.0,0.0,0.0,0.0,1.0,True,19
1,16,restrictive,5,3,ROOT,climb,0.924,1.26,336.0,1.0,0.0,0.0,0.0,0.0,0.0,False,51
1,16,restrictive,5,4,det,the,1.344,1.407,63.0,0.0,0.0,0.0,0.0,0.0,0.0,True,10
1,16,restrictive,5,5,dobj,mountain,1.533,2.877,1344.0,1.0,0.0,0.0,0.0,0.0,0.941176,False,176
1,17,restrictive,1,0,det,The,0.021,0.063,42.0,0.0,0.0,0.0,0.0,0.0,0.0,True,6
1,17,restrictive,1,1,nsubj,woman,0.189,0.525,336.0,0.0,0.0,0.0,0.0,0.0,0.0,True,50
1,17,restrictive,1,2,aux,will,0.651,0.777,126.0,1.0,0.0,0.0,0.0,0.0,0.823529,False,18
1,17,restrictive,1,3,ROOT,drink,0.882,1.197,315.0,0.12,0.0,0.0,0.88,0.0,0.038462,False,47
1,17,restrictive,1,4,det,the,1.323,1.407,84.0,0.0,0.0,0.0,0.0,0.0,0.0,True,13
1,17,restrictive,1,5,dobj,wine,1.512,2.751,1239.0,0.0,0.0,0.0,0.0,0.0,0.0,True,180
1,18,non-restrictive,32,0,det,The,0.021,0.063,42.0,0.0,0.0,0.0,0.0,0.0,0.0,True,6
1,18,non-restrictive,32,1,nsubj,woman,0.189,0.525,336.0,1.0,0.0,0.0,0.0,1.0,0.348837,False,50
1,18,non-restrictive,32,2,aux,will,0.63,0.756,126.0,0.0,0.0,0.0,0.0,0.0,1.0,True,18
1,18,non-restrictive,32,3,ROOT,carry,0.84,1.197,357.0,1.0,0.0,0.0,0.0,1.0,0.807692,False,53
1,18,non-restrictive,32,4,det,the,1.323,1.386,63.0,1.0,0.0,0.0,0.0,1.0,0.0,False,9
1,18,non-restrictive,32,5,dobj,beer,1.512,2.772,1260.0,1.0,0.0,0.0,0.0,1.0,0.37931,False,183
1,19,restrictive,3,0,det,The,0.021,0.063,42.0,0.0,0.0,0.0,1.0,1.0,0.0,False,6
1,19,restrictive,3,1,nsubj,woman,0.189,0.525,336.0,0.0,0.0,0.0,1.0,1.0,0.0,False,50
1,19,restrictive,3,2,aux,will,0.672,0.798,126.0,0.0,0.0,0.0,1.0,1.0,0.8,False,19
1,19,restrictive,3,3,ROOT,bathe,0.924,1.197,273.0,0.0,0.0,0.0,0.0,0.0,1.0,True,41
1,19,restrictive,3,4,det,the,1.428,1.47,42.0,0.0,0.0,0.0,0.0,0.0,0.0,True,6
1,19,restrictive,3,5,dobj,baby,1.596,2.94,1344.0,0.0,0.0,0.072727,0.927273,0.927273,0.0,False,196
1,20,non-restrictive,2,0,det,The,0.021,0.063,42.0,0.0,0.0,0.0,1.0,0.0,0.0,False,6
1,20,non-restrictive,2,1,nsubj,policeman,0.147,0.882,735.0,0.0,0.0,0.833333,0.166667,0.833333,0.806452,False,109
1,20,non-restrictive,2,2,aux,will,0.987,1.134,147.0,0.0,0.0,1.0,0.0,1.0,0.0,False,22
1,20,non-restrictive,2,3,ROOT,search,1.26,1.533,273.0,0.0,0.0,0.0,0.0,0.0,0.0,True,40
1,20,non-restrictive,2,4,det,the,1.659,1.722,63.0,0.0,0.0,0.0,0.0,0.0,0.0,True,10
1,20,non-restrictive,2,5,dobj,man,1.827,3.066,1239.0,0.0,0.0,1.0,0.0,1.0,0.538462,False,147
1,21,non-restrictive,46,0,det,The,0.021,0.063,42.0,0.0,0.0,0.0,0.0,0.0,0.0,True,6
1,21,non-restrictive,46,1,nsubj,musician,0.126,0.861,735.0,1.0,0.0,0.0,0.0,0.0,0.95,False,101
1,21,non-restrictive,46,2,aux,will,1.05,1.197,147.0,0.0,0.0,0.0,0.0,0.0,1.0,True,22
1,21,non-restrictive,46,3,ROOT,move,1.281,1.575,294.0,0.0,0.0,0.0,0.0,0.0,1.0,True,44
1,21,non-restrictive,46,4,det,the,1.659,1.722,63.0,0.0,0.0,0.0,0.0,0.0,1.0,True,10
1,21,non-restrictive,46,5,dobj,violin,1.827,3.402,1575.0,0.0,0.0,0.965517,0.034483,0.965517,0.573529,False,222
1,22,non-restrictive,16,0,det,The,0.021,0.063,42.0,0.0,0.0,0.0,1.0,0.0,0.0,False,6
1,22,non-restrictive,16,1,nsubj,woman,0.189,0.525,336.0,0.0,0.0,0.0,1.0,0.0,0.909091,False,50
1,22,non-restrictive,16,2,aux,will,0.63,0.756,126.0,0.0,0.0,0.0,0.0,0.0,1.0,True,18
1,22,non-restrictive,16,3,ROOT,carry,0.861,1.239,378.0,0.0,0.0,1.0,0.0,0.0,0.909091,False,56
1,22,non-restrictive,16,4,det,the,1.344,1.428,84.0,0.0,0.0,0.0,1.0,0.0,0.0,False,13
1,22,non-restrictive,16,5,dobj,dress,1.533,2.814,1281.0,0.015625,0.875,0.078125,0.03125,0.015625,0.123288,False,183
1,23,non-restrictive,18,0,det,The,0.021,0.063,42.0,0.0,0.0,0.0,0.0,0.0,0.0,True,6
1,23,non-restrictive,18,1,nsubj,boy,0.147,0.441,294.0,0.0,1.0,0.0,0.0,0.0,0.571429,False,44
1,23,non-restrictive,18,2,aux,will,0.567,0.714,147.0,0.0,0.0,0.0,0.0,0.0,1.0,True,22
1,23,non-restrictive,18,3,ROOT,touch,0.798,1.071,273.0,0.0,0.0,0.0,0.0,0.0,1.0,True,40
1,23,non-restrictive,18,4,det,the,1.176,1.239,63.0,0.0,0.0,0.0,0.0,0.0,0.0,True,9
1,23,non-restrictive,18,5,dobj,football,1.344,2.688,1344.0,0.0,0.0,0.0,0.0,0.0,1.0,True,167
1,24,restrictive,27,0,det,The,0.021,0.063,42.0,0.0,0.0,0.0,0.0,0.0,0.0,True,6
1,24,restrictive,27,1,nsubj,boy,0.147,0.42,273.0,0.0,0.0,0.0,0.0,0.0,0.0,True,41
1,24,restrictive,27,2,aux,will,0.546,0.693,147.0,0.0,0.0,0.0,0.0,0.0,0.0,True,22
1,24,restrictive,27,3,ROOT,dim,0.798,0.987,189.0,0.0,0.0,0.375,0.625,0.625,0.0,False,28
1,24,restrictive,27,4,det,the,1.092,1.155,63.0,0.0,0.0,0.0,1.0,1.0,0.0,False,10
1,24,restrictive,27,5,dobj,lamp,1.302,2.415,1113.0,0.107143,0.0,0.0,0.892857,0.892857,0.416667,False,162
1,25,restrictive,13,0,det,The,0.021,0.063,42.0,0.0,0.0,0.0,1.0,0.0,0.0,False,6
1,25,restrictive,13,1,nsubj,man,0.168,0.462,294.0,0.0,0.0,0.0,1.0,0.0,0.923077,False,43
1,25,restrictive,13,2,aux,will,0.567,0.714,147.0,0.0,0.0,0.0,0.0,0.0,0.0,True,22
1,25,restrictive,13,3,ROOT,smoke,0.84,1.197,357.0,0.0,0.0,0.0,0.0,0.0,1.0,True,35
1,25,restrictive,13,4,det,the,1.281,1.344,63.0,1.0,0.0,0.0,0.0,0.0,0.25,False,9
1,25,restrictive,13,5,dobj,cigarettes,1.47,2.961,1491.0,0.0,1.0,0.0,0.0,1.0,0.0,False,213
1,26,non-restrictive,24,0,det,The,0.021,0.063,42.0,0.0,0.0,0.5,0.5,0.0,0.0,False,6
1,26,non-restrictive,24,1,nsubj,girl,0.168,0.525,357.0,0.0,0.0,0.142857,0.857143,0.0,0.0,False,53
1,26,non-restrictive,24,2,aux,will,0.651,0.798,147.0,0.0,0.0,0.0,0.0,0.0,1.0,True,22
1,26,non-restrictive,24,3,ROOT,lift,0.924,1.218,294.0,1.0,0.0,0.0,0.0,1.0,0.869565,False,44
1,26,non-restrictive,24,4,det,the,1.323,1.386,63.0,0.0,0.0,0.0,0.0,0.0,0.0,True,9
1,26,non-restrictive,24,5,dobj,rabbit,1.512,2.793,1281.0,0.0,1.0,0.0,0.0,0.0,0.0,False,188
1,27,non-restrictive,42,0,det,The,0.021,0.063,42.0,0.0,0.0,0.0,0.0,0.0,0.0,True,6
1,27,non-restrictive,42,1,nsubj,woman,0.189,0.525,336.0,1.0,0.0,0.0,0.0,0.0,0.56,False,50
1,27,non-restrictive,42,2,aux,will,0.672,0.798,126.0,0.0,0.0,0.0,1.0,0.0,0.0,False,19
1,27,non-restrictive,42,3,ROOT,wash,0.903,1.26,357.0,0.0,0.0,0.0,1.0,0.0,0.0,False,54
1,27,non-restrictive,42,4,det,the,1.386,1.449,63.0,0.0,0.0,0.0,1.0,0.0,0.0,False,10
1,27,non-restrictive,42,5,dobj,shirt,1.638,2.793,1155.0,0.090909,0.272727,0.636364,0.0,0.636364,0.0,False,164
1,28,non-restrictive,12,0,det,The,0.021,0.084,63.0,0.0,0.0,0.0,1.0,0.0,0.0,False,9
1,28,non-restrictive,12,1,nsubj,man,0.168,0.462,294.0,0.0,0.0,0.4,0.6,0.0,0.761905,False,43
1,28,non-restrictive,12,2,aux,will,0.588,0.714,126.0,0.0,0.0,0.0,0.0,0.0,1.0,True,15
1,28,non-restrictive,12,3,ROOT,watch,0.819,1.155,336.0,0.0,0.0,0.0,0.0,0.0,1.0,True,50
1,28,non-restrictive,12,4,det,the,1.26,1.323,63.0,0.0,0.0,0.0,0.0,0.0,1.0,True,9
1,28,non-restrictive,12,5,dobj,boat,1.428,2.562,1134.0,0.0,1.0,0.0,0.0,0.0,0.0,False,161
1,29,non-restrictive,48,0,det,The,0.021,0.063,42.0,0.0,0.0,0.0,0.0,0.0,0.0,True,0
1,29,non-restrictive,48,1,nsubj,child,0.189,0.714,525.0,0.0,0.0,0.6,0.4,0.0,0.897959,False,78
1,29,non-restrictive,48,2,aux,will,0.819,0.945,126.0,0.0,0.0,0.0,0.0,0.0,1.0,True,10
1,29,non-restrictive,48,3,ROOT,carry,1.029,1.386,357.0,0.0,0.0,0.0,0.0,0.0,1.0,True,44
1,29,non-restrictive,48,4,det,the,1.512,1.575,63.0,0.0,0.0,0.0,0.0,0.0,1.0,True,10
1,29,non-restrictive,48,5,dobj,balloon,1.701,3.108,1407.0,0.1,0.0,0.75,0.15,0.1,0.393939,False,201
1,30,restrictive,49,0,det,The,0.021,0.084,63.0,0.0,0.0,0.0,0.0,0.0,0.0,True,9
1,30,restrictive,49,1,nsubj,man,0.168,0.462,294.0,0.0,1.0,0.0,0.0,1.0,0.916667,False,34
1,30,restrictive,49,2,aux,will,0.567,0.714,147.0,0.0,0.0,0.0,1.0,0.0,0.0,False,16
1,30,restrictive,49,3,ROOT,lick,0.819,1.008,189.0,0.0,0.0,0.0,1.0,0.0,0.619048,False,28
1,30,restrictive,49,4,det,the,1.113,1.176,63.0,0.0,0.0,0.0,0.0,0.0,1.0,True,9
1,30,restrictive,49,5,dobj,stamp,1.323,2.604,1281.0,0.0,0.0,0.0,0.0,0.0,1.0,True,177
1,31,non-restrictive,10,0,det,The,0.021,0.063,42.0,0.0,0.0,0.0,0.0,0.0,0.0,True,6
1,31,non-restrictive,10,1,nsubj,man,0.168,0.483,315.0,0.0,1.0,0.0,0.0,0.0,0.0,False,47
1,31,non-restrictive,10,2,aux,will,0.63,0.756,126.0,0.0,0.0,0.0,0.0,0.0,0.0,True,18
1,31,non-restrictive,10,3,ROOT,wipe,0.861,1.113,252.0,0.0,0.0,0.0,0.0,0.0,0.0,True,38
1,31,non-restrictive,10,4,det,the,1.218,1.281,63.0,0.0,0.0,0.0,0.0,0.0,0.0,True,10
1,31,non-restrictive,10,5,compound,washing,1.407,1.953,546.0,1.0,0.0,0.0,0.0,0.0,0.0,False,81
1,31,non-restrictive,10,6,dobj,machine,2.037,3.381,1344.0,0.0,0.019231,0.076923,0.903846,0.076923,0.287671,False,177
1,32,restrictive,9,0,det,The,0.021,0.063,42.0,0.0,0.0,0.0,0.0,0.0,0.0,True,6
1,32,restrictive,9,1,nsubj,woman,0.189,0.525,336.0,1.0,0.0,0.0,0.0,0.0,0.0,False,50
1,32,restrictive,9,2,aux,will,0.651,0.798,147.0,0.0,0.0,0.0,0.0,0.0,0.0,True,22
1,32,restrictive,9,3,ROOT,read,0.924,1.113,189.0,0.0,0.0,0.0,0.0,0.0,1.0,True,29
1,32,restrictive,9,4,det,the,1.197,1.26,63.0,0.0,0.0,0.0,0.0,0.0,1.0,True,10
1,32,restrictive,9,5,dobj,book,1.386,2.457,1071.0,0.0,0.28,0.28,0.44,0.28,0.264706,False,157
1,33,restrictive,37,0,det,The,0.021,0.063,42.0,0.0,0.0,0.0,0.0,0.0,0.0,True,6
1,33,restrictive,37,1,nsubj,boy,0.147,0.42,273.0,1.0,0.0,0.0,0.0,0.0,0.142857,False,41
1,33,restrictive,37,2,aux,will,0.546,0.693,147.0,0.0,0.0,0.0,0.0,0.0,0.0,True,22
1,33,restrictive,37,3,ROOT,peel,0.777,1.092,315.0,0.0,0.0,0.0,0.0,0.0,0.0,True,47
1,33,restrictive,37,4,det,the,1.218,1.302,84.0,0.0,0.0,0.0,0.0,0.0,0.0,True,13
1,33,restrictive,37,5,dobj,banana,1.386,2.856,1470.0,0.636364,0.363636,0.0,0.0,0.363636,0.153846,False,213
1,34,restrictive,31,0,det,The,0.021,0.063,42.0,0.0,1.0,0.0,0.0,0.0,0.0,False,6
1,34,restrictive,31,1,nsubj,woman,0.21,0.546,336.0,0.0,1.0,0.0,0.0,0.0,0.75,False,50
1,34,restrictive,31,2,aux,will,0.693,0.819,126.0,0.0,0.0,0.0,0.0,0.0,0.0,True,19
1,34,restrictive,31,3,ROOT,open,1.008,1.302,294.0,0.0,1.0,0.0,0.0,0.0,0.0,False,13
1,34,restrictive,31,4,det,the,1.407,1.47,63.0,0.0,0.0,0.0,0.0,0.0,0.0,True,9
1,34,restrictive,31,5,dobj,bottle,1.596,2.814,1218.0,0.0,0.0,0.277778,0.722222,0.722222,0.0,False,174
1,35,non-restrictive,28,0,det,The,0.021,0.063,42.0,0.0,0.0,0.0,0.0,0.0,0.0,True,6
1,35,non-restrictive,28,1,nsubj,cat,0.126,0.441,315.0,0.0,1.0,0.0,0.0,0.0,0.0,False,47
1,35,non-restrictive,28,2,aux,will,0.546,0.672,126.0,0.0,0.0,0.0,0.0,0.0,0.0,True,19
1,35,non-restrictive,28,3,ROOT,push,0.777,1.071,294.0,0.0,0.0,0.0,0.0,0.0,0.0,True,44
1,35,non-restrictive,28,4,det,the,1.176,1.239,63.0,0.0,0.0,0.0,1.0,0.0,0.0,False,9
1,35,non-restrictive,28,5,dobj,milk,1.344,2.478,1134.0,0.0,0.333333,0.037037,0.62963,0.0,0.0,False,165
1,36,restrictive,33,0,det,The,0.021,0.063,42.0,0.0,0.0,0.0,0.0,0.0,1.0,True,6
1,36,restrictive,33,1,nsubj,boy,0.147,0.42,273.0,0.0,0.0,0.0,0.0,0.0,1.0,True,21
1,36,restrictive,33,2,aux,will,0.546,0.693,147.0,0.0,0.0,0.0,0.0,0.0,1.0,True,14
1,36,restrictive,33,3,ROOT,unzip,0.861,1.302,441.0,0.0,0.0,0.333333,0.666667,0.0,0.727273,False,66
1,36,restrictive,33,4,det,the,1.449,1.512,63.0,1.0,0.0,0.0,0.0,0.0,0.4,False,9
1,36,restrictive,33,5,dobj,suitcase,1.68,3.192,1512.0,0.111111,0.0,0.222222,0.666667,0.0,0.181818,False,220
1,37,restrictive,25,0,det,The,0.021,0.063,42.0,0.0,0.0,0.0,0.0,0.0,0.0,True,6
1,37,restrictive,25,1,nsubj,man,0.168,0.462,294.0,0.0,1.0,0.0,0.0,1.0,0.071429,False,44
1,37,restrictive,25,2,aux,will,0.567,0.714,147.0,0.0,0.0,0.0,0.0,0.0,1.0,True,22
1,37,restrictive,25,3,ROOT,paint,0.798,1.113,315.0,0.0,0.0,0.0,0.0,0.0,0.0,True,41
1,37,restrictive,25,4,det,the,1.239,1.302,63.0,0.0,0.0,0.0,1.0,0.0,0.0,False,10
1,37,restrictive,25,5,dobj,canvas,1.386,2.898,1512.0,0.0,0.051282,0.141026,0.807692,0.051282,0.0,False,218
1,38,restrictive,17,0,det,The,0.021,0.063,42.0,0.0,0.0,0.0,0.0,0.0,0.0,True,6
1,38,restrictive,17,1,nsubj,man,0.168,0.483,315.0,0.666667,0.333333,0.0,0.0,0.333333,0.842105,False,47
1,38,restrictive,17,2,aux,will,0.609,0.735,126.0,0.0,0.0,0.0,0.0,0.0,1.0,True,19
1,38,restrictive,17,3,ROOT,chop,0.819,1.092,273.0,0.0,0.0,0.0,0.0,0.0,1.0,True,41
1,38,restrictive,17,4,det,the,1.218,1.281,63.0,0.0,0.0,0.0,0.0,0.0,0.0,True,10
1,38,restrictive,17,5,dobj,wood,1.407,2.541,1134.0,0.0,0.111111,0.888889,0.0,0.111111,0.129032,False,166
1,39,non-restrictive,14,0,det,The,0.021,0.063,42.0,0.0,0.0,0.0,0.0,0.0,1.0,True,6
1,39,non-restrictive,14,1,nsubj,boy,0.147,0.378,231.0,0.0,0.0,0.0,0.0,0.0,1.0,True,20
1,39,non-restrictive,14,2,aux,will,0.504,0.63,126.0,0.0,0.0,0.0,0.0,0.0,1.0,True,19
1,39,non-restrictive,14,3,ROOT,feed,0.735,0.987,252.0,1.0,0.0,0.0,0.0,0.0,0.769231,False,38
1,39,non-restrictive,14,4,det,the,1.071,1.134,63.0,0.0,0.0,0.0,0.0,0.0,0.0,True,10
1,39,non-restrictive,14,5,dobj,dog,1.239,2.583,1344.0,0.0,0.344828,0.137931,0.517241,0.137931,0.0,False,198
1,40,restrictive,35,0,det,The,0.021,0.063,42.0,0.0,0.0,0.0,1.0,1.0,0.0,False,6
1,40,restrictive,35,1,nsubj,girl,0.147,0.483,336.0,0.0,1.0,0.0,0.0,0.0,0.916667,False,51
1,40,restrictive,35,2,aux,will,0.63,0.756,126.0,0.0,0.0,0.0,0.0,0.0,1.0,True,18
1,40,restrictive,35,3,ROOT,apply,0.819,1.281,462.0,0.333333,0.666667,0.0,0.0,0.0,0.8,False,69
1,40,restrictive,35,4,det,the,1.386,1.449,63.0,0.0,0.0,0.0,0.0,0.0,0.0,True,10
1,40,restrictive,35,5,dobj,mascara,1.533,3.15,1617.0,0.0,0.052632,0.368421,0.578947,0.578947,0.2,False,234
1,41,non-restrictive,44,0,det,The,0.021,0.063,42.0,0.0,0.0,0.0,0.0,0.0,0.0,True,6
1,41,non-restrictive,44,1,nsubj,baker,0.168,0.63,462.0,0.0,0.0,0.0,0.0,0.0,1.0,True,60
1,41,non-restrictive,44,2,aux,will,0.756,0.903,147.0,0.0,0.0,0.0,0.0,0.0,1.0,True,14
1,41,non-restrictive,44,3,ROOT,inspect,0.987,1.554,567.0,1.0,0.0,0.0,0.0,1.0,0.863636,False,79
1,41,non-restrictive,44,4,det,the,1.659,1.722,63.0,0.0,0.0,0.0,0.0,0.0,0.0,True,10
1,41,non-restrictive,44,5,dobj,dough,1.827,3.003,1176.0,0.0,0.028571,0.314286,0.657143,0.0,0.0,False,169
1,42,restrictive,11,0,det,The,0.021,0.063,42.0,1.0,0.0,0.0,0.0,0.0,0.666667,False,6
1,42,restrictive,11,1,nsubj,baby,0.168,0.504,336.0,0.0,0.0,0.0,0.0,0.0,1.0,True,50
1,42,restrictive,11,2,aux,will,0.714,0.84,126.0,0.0,1.0,0.0,0.0,0.0,0.8,False,19
1,42,restrictive,11,3,ROOT,ring,0.966,1.134,168.0,0.0,0.0,0.0,1.0,1.0,0.0,False,25
1,42,restrictive,11,4,det,the,1.218,1.26,42.0,0.0,0.0,0.0,1.0,1.0,0.0,False,7
1,42,restrictive,11,5,dobj,bell,1.386,2.058,672.0,0.0,0.0,0.095238,0.904762,0.904762,0.655738,False,101
1,43,non-restrictive,34,0,det,The,0.021,0.063,42.0,0.0,0.0,0.0,0.0,0.0,0.0,True,6
1,43,non-restrictive,34,1,nsubj,boy,0.147,0.441,294.0,0.0,1.0,0.0,0.0,0.0,0.0,False,44
1,43,non-restrictive,34,2,aux,will,0.63,0.756,126.0,0.0,0.0,0.25,0.75,0.25,0.0,False,19
1,43,non-restrictive,34,3,ROOT,move,0.861,1.113,252.0,0.0,0.0,0.026316,0.973684,0.026316,0.0,False,38
1,43,non-restrictive,34,4,det,the,1.197,1.26,63.0,0.0,0.0,0.0,0.0,0.0,0.0,True,10
1,43,non-restrictive,34,5,dobj,radio,1.407,2.835,1428.0,0.018868,0.037736,0.09434,0.849057,0.09434,0.018519,False,205
1,44,restrictive,47,0,det,The,0.021,0.063,42.0,0.0,0.0,0.0,0.0,0.0,0.0,True,0
1,44,restrictive,47,1,nsubj,girl,0.168,0.504,336.0,0.0,0.0,1.0,0.0,0.0,0.166667,False,43
1,44,restrictive,47,2,aux,will,0.672,0.819,147.0,0.0,0.0,0.0,0.0,0.0,0.0,True,22
1,44,restrictive,47,3,ROOT,vacuum,0.924,1.47,546.0,0.0,0.125,0.083333,0.791667,0.791667,0.0,False,82
1,44,restrictive,47,4,det,the,1.554,1.617,63.0,0.0,0.0,0.0,0.0,0.0,0.0,True,9
1,44,restrictive,47,5,dobj,carpet,1.722,3.108,1386.0,0.0,0.011905,0.464286,0.52381,0.52381,0.0,False,196
1,45,restrictive,45,0,det,The,0.021,0.063,42.0,0.0,0.0,0.0,1.0,0.0,0.0,False,6
1,45,restrictive,45,1,nsubj,chef,0.21,0.483,273.0,0.0,0.0,1.0,0.0,0.0,0.0,False,41
1,45,restrictive,45,2,aux,will,0.63,0.756,126.0,0.0,0.0,0.0,0.0,0.0,1.0,True,18
1,45,restrictive,45,3,ROOT,grate,0.861,1.176,315.0,1.0,0.0,0.0,0.0,0.0,0.272727,False,47
1,45,restrictive,45,4,det,the,1.26,1.323,63.0,1.0,0.0,0.0,0.0,0.0,0.0,False,8
1,45,restrictive,45,5,dobj,carrot,1.407,2.688,1281.0,0.0,0.026316,0.052632,0.921053,0.026316,0.05,False,183
1,46,non-restrictive,26,0,det,The,0.021,0.063,42.0,0.0,0.0,0.0,1.0,0.0,0.0,False,6
1,46,non-restrictive,26,1,nsubj,woman,0.189,0.504,315.0,0.0,0.0,0.307692,0.692308,0.307692,0.0,False,47
1,46,non-restrictive,26,2,aux,will,0.693,0.819,126.0,0.0,0.428571,0.071429,0.5,0.071429,0.0,False,19
1,46,non-restrictive,26,3,ROOT,grab,0.903,1.281,378.0,0.0,1.0,0.0,0.0,0.0,0.288462,False,57
1,46,non-restrictive,26,4,det,the,1.386,1.449,63.0,0.0,0.0,0.0,0.0,0.0,0.0,True,10
1,46,non-restrictive,26,5,dobj,candle,1.533,2.898,1365.0,0.032258,0.0,0.967742,0.0,0.967742,0.732759,False,197
1,47,restrictive,41,0,det,The,0.021,0.063,42.0,0.0,0.0,0.0,1.0,0.0,0.0,False,6
1,47,restrictive,41,1,nsubj,boy,0.147,0.42,273.0,0.0,0.0,0.25,0.75,0.0,0.875,False,41
1,47,restrictive,41,2,aux,will,0.546,0.714,168.0,0.0,0.0,0.0,0.0,0.0,1.0,True,25
1,47,restrictive,41,3,ROOT,squeeze,0.84,1.302,462.0,0.0,0.0,0.0,0.0,0.0,0.0,True,69
1,47,restrictive,41,4,det,the,1.386,1.449,63.0,0.0,0.0,0.0,0.0,0.0,0.0,True,10
1,47,restrictive,41,5,dobj,orange,1.638,3.003,1365.0,0.0,0.085106,0.851064,0.06383,0.085106,0.0,False,196
1,48,non-restrictive,0,0,det,The,0.021,0.063,42.0,0.0,0.0,0.0,0.0,0.0,1.0,True,6
1,48,non-restrictive,0,1,nsubj,boy,0.147,0.441,294.0,0.0,0.0,0.0,0.0,0.0,1.0,True,44
1,48,non-restrictive,0,2,aux,will,0.567,0.714,147.0,0.0,0.0,0.0,0.0,0.0,0.0,True,22
1,48,non-restrictive,0,3,ROOT,move,0.798,1.05,252.0,0.0,0.0,0.0,1.0,0.0,0.0,False,37
1,48,non-restrictive,0,4,det,the,1.134,1.176,42.0,0.0,0.0,0.0,1.0,0.0,0.0,False,6
1,48,non-restrictive,0,5,dobj,cake,1.281,2.478,1197.0,0.0,0.0,0.375,0.625,0.0,0.0,False,173
1,49,non-restrictive,40,0,det,The,0.021,0.063,42.0,1.0,0.0,0.0,0.0,1.0,0.333333,False,6
1,49,non-restrictive,40,1,nsubj,girl,0.189,0.504,315.0,0.0,0.0,0.0,0.0,0.0,1.0,True,47
1,49,non-restrictive,40,2,aux,will,0.651,0.777,126.0,0.0,0.0,0.0,0.0,0.0,1.0,True,19
1,49,non-restrictive,40,3,ROOT,hold,0.903,1.176,273.0,0.0,0.0,0.0,1.0,0.0,0.285714,False,41
1,49,non-restrictive,40,4,det,the,1.281,1.344,63.0,0.0,0.0,0.333333,0.666667,0.0,0.0,False,9
1,49,non-restrictive,40,5,dobj,blouse,1.449,2.73,1281.0,0.0,0.724138,0.034483,0.241379,0.0,0.0,False,183
19,0,non-restrictive,48,0,det,The,0.021,0.063,42.0,0.0,0.0,0.0,1.0,0.0,0.0,False,2
19,0,non-restrictive,48,1,nsubj,child,0.189,0.714,525.0,0.0,1.0,0.0,0.0,1.0,0.948718,False,78
19,0,non-restrictive,48,2,aux,will,0.819,0.945,126.0,0.0,0.0,0.0,0.0,0.0,1.0,True,19
19,0,non-restrictive,48,3,ROOT,carry,1.029,1.386,357.0,0.0,0.0,0.0,0.0,0.0,1.0,True,53
19,0,non-restrictive,48,4,det,the,1.512,1.575,63.0,0.0,0.0,0.0,0.0,0.0,1.0,True,10
19,0,non-restrictive,48,5,dobj,balloon,1.701,3.108,1407.0,0.0,0.0,0.0,0.0,0.0,1.0,True,205
19,1,restrictive,31,0,det,The,0.021,0.063,42.0,0.0,0.0,0.0,0.0,0.0,0.0,True,6
19,1,restrictive,31,1,nsubj,woman,0.21,0.546,336.0,1.0,0.0,0.0,0.0,1.0,0.823529,False,50
19,1,restrictive,31,2,aux,will,0.693,0.819,126.0,0.0,0.0,0.0,0.0,0.0,1.0,True,19
19,1,restrictive,31,3,ROOT,open,1.008,1.302,294.0,0.0,0.0,0.0,0.0,0.0,1.0,True,44
19,1,restrictive,31,4,det,the,1.407,1.47,63.0,0.0,0.0,0.0,0.0,0.0,1.0,True,9
19,1,restrictive,31,5,dobj,bottle,1.596,2.814,1218.0,1.0,0.0,0.0,0.0,1.0,0.959459,False,176
19,2,restrictive,23,0,det,The,0.021,0.063,42.0,0.0,0.0,0.0,0.0,0.0,0.0,True,6
19,2,restrictive,23,1,nsubj,girl,0.147,0.483,336.0,0.0,0.0,0.0,0.0,0.0,0.0,True,51
19,2,restrictive,23,2,aux,will,0.63,0.756,126.0,0.0,0.0,0.0,0.0,0.0,0.0,True,18
19,2,restrictive,23,3,ROOT,knit,0.84,1.029,189.0,0.0,0.0,0.0,0.0,0.0,0.0,True,28
19,2,restrictive,23,4,det,the,1.155,1.197,42.0,0.0,0.0,0.0,0.0,0.0,1.0,True,6
19,2,restrictive,23,5,dobj,scarf,1.323,2.583,1260.0,1.0,0.0,0.0,0.0,1.0,0.948276,False,186
19,3,non-restrictive,40,0,det,The,0.021,0.063,42.0,0.0,0.0,0.0,0.0,0.0,0.0,True,6
19,3,non-restrictive,40,1,nsubj,girl,0.189,0.504,315.0,0.0,0.0,0.0,0.0,0.0,0.0,True,47
19,3,non-restrictive,40,2,aux,will,0.651,0.777,126.0,0.0,0.0,0.0,0.0,0.0,1.0,True,18
19,3,non-restrictive,40,3,ROOT,hold,0.903,1.176,273.0,0.0,0.0,0.0,0.0,0.0,1.0,True,41
19,3,non-restrictive,40,4,det,the,1.281,1.344,63.0,0.0,0.0,0.0,0.0,0.0,1.0,True,9
19,3,non-restrictive,40,5,dobj,blouse,1.449,2.73,1281.0,0.0,1.0,0.0,0.0,1.0,0.752809,False,185
19,4,non-restrictive,36,0,det,The,0.021,0.063,42.0,0.0,0.0,0.0,0.0,0.0,0.0,True,6
19,4,non-restrictive,36,1,nsubj,kid,0.168,0.483,315.0,0.0,0.0,0.0,0.0,0.0,0.0,True,47
19,4,non-restrictive,36,2,aux,will,0.609,0.756,147.0,0.0,0.0,0.0,0.0,0.0,0.0,True,22
19,4,non-restrictive,36,3,ROOT,stack,0.861,1.239,378.0,1.0,0.0,0.0,0.0,0.0,0.621622,False,56
19,4,non-restrictive,36,4,det,the,1.344,1.428,84.0,0.0,0.0,0.0,0.0,0.0,1.0,True,13
19,4,non-restrictive,36,5,dobj,lego,1.554,2.877,1323.0,0.0,0.0,0.0,0.0,0.0,1.0,True,188
19,5,restrictive,35,0,det,The,0.021,0.063,42.0,0.0,0.0,0.0,0.0,0.0,0.0,True,6
19,5,restrictive,35,1,nsubj,girl,0.147,0.483,336.0,0.0,0.0,0.0,0.0,0.0,0.0,True,40
19,5,restrictive,35,2,aux,will,0.63,0.756,126.0,0.0,0.0,0.0,0.0,0.0,1.0,True,18
19,5,restrictive,35,3,ROOT,apply,0.819,1.281,462.0,0.0,0.0,0.0,0.0,0.0,1.0,True,69
19,5,restrictive,35,4,det,the,1.386,1.449,63.0,0.0,0.0,0.0,0.0,0.0,1.0,True,10
19,5,restrictive,35,5,dobj,mascara,1.533,3.15,1617.0,1.0,0.0,0.0,0.0,1.0,0.959459,False,232
19,6,restrictive,33,0,det,The,0.021,0.063,42.0,0.0,0.0,0.0,0.0,0.0,0.0,True,6
19,6,restrictive,33,1,nsubj,boy,0.147,0.42,273.0,0.0,0.0,0.0,0.0,0.0,0.0,True,41
19,6,restrictive,33,2,aux,will,0.546,0.693,147.0,0.0,0.0,0.0,1.0,0.0,0.0,False,22
19,6,restrictive,33,3,ROOT,unzip,0.861,1.302,441.0,0.0,0.0,0.0,1.0,0.0,0.0,False,66
19,6,restrictive,33,4,det,the,1.449,1.512,63.0,0.0,0.0,1.0,0.0,1.0,0.0,False,9
19,6,restrictive,33,5,dobj,suitcase,1.68,3.192,1512.0,0.0,1.0,0.0,0.0,0.0,0.0,False,215
19,7,restrictive,37,0,det,The,0.021,0.063,42.0,0.0,0.0,0.0,0.0,0.0,0.0,True,6
19,7,restrictive,37,1,nsubj,boy,0.147,0.42,273.0,0.0,0.0,0.0,0.0,0.0,0.0,True,41
19,7,restrictive,37,2,aux,will,0.546,0.693,147.0,0.0,0.0,0.0,0.0,0.0,0.0,True,22
19,7,restrictive,37,3,ROOT,peel,0.777,1.092,315.0,0.0,0.0,0.0,0.0,0.0,0.0,True,47
19,7,restrictive,37,4,det,the,1.218,1.302,84.0,0.0,0.0,0.0,0.0,0.0,0.0,True,13
19,7,restrictive,37,5,dobj,banana,1.386,2.856,1470.0,0.0,1.0,0.0,0.0,0.0,0.0,False,211
19,8,non-restrictive,44,0,det,The,0.021,0.063,42.0,0.0,0.0,0.0,0.0,0.0,0.0,True,3
19,8,non-restrictive,44,1,nsubj,baker,0.168,0.63,462.0,0.0,0.0,0.0,1.0,0.0,0.0,False,51
19,8,non-restrictive,44,2,aux,will,0.756,0.903,147.0,0.0,0.0,0.0,1.0,0.0,0.0,False,22
19,8,non-restrictive,44,3,ROOT,inspect,0.987,1.554,567.0,0.0,0.032787,0.967213,0.0,0.032787,0.0,False,85
19,8,non-restrictive,44,4,det,the,1.659,1.722,63.0,0.0,0.0,0.0,0.0,0.0,0.0,True,10
19,8,non-restrictive,44,5,dobj,dough,1.827,3.003,1176.0,0.0,0.0,0.0,0.0,0.0,0.0,True,165
19,9,restrictive,5,0,det,The,0.021,0.063,42.0,0.0,0.0,0.0,0.0,0.0,0.0,True,6
19,9,restrictive,5,1,nsubj,hiker,0.147,0.567,420.0,0.0,1.0,0.0,0.0,0.0,0.96,False,63
19,9,restrictive,5,2,aux,will,0.714,0.84,126.0,0.0,0.0,0.0,0.0,0.0,1.0,True,19
19,9,restrictive,5,3,ROOT,climb,0.924,1.26,336.0,0.0,0.0,0.0,0.0,0.0,1.0,True,51
19,9,restrictive,5,4,det,the,1.344,1.407,63.0,0.0,0.0,0.0,0.0,0.0,0.0,True,10
19,9,restrictive,5,5,dobj,mountain,1.533,2.877,1344.0,0.0,0.0,0.0,0.0,0.0,0.0,True,195
19,10,restrictive,27,0,det,The,0.021,0.063,42.0,0.0,0.0,0.0,0.0,0.0,0.0,True,6
19,10,restrictive,27,1,nsubj,boy,0.147,0.42,273.0,0.0,0.0,0.0,0.0,0.0,0.0,True,41
19,10,restrictive,27,2,aux,will,0.546,0.693,147.0,0.0,0.0,0.0,0.0,0.0,0.0,True,22
19,10,restrictive,27,3,ROOT,dim,0.798,0.987,189.0,0.0,0.0,0.0,0.0,0.0,0.0,True,28
19,10,restrictive,27,4,det,the,1.092,1.155,63.0,0.0,0.0,0.0,0.0,0.0,0.0,True,9
19,10,restrictive,27,5,dobj,lamp,1.302,2.415,1113.0,0.0,0.0,0.0,0.0,0.0,0.0,True,163
19,11,restrictive,29,0,det,The,0.021,0.063,42.0,0.0,0.0,0.0,0.0,0.0,0.0,True,6
19,11,restrictive,29,1,nsubj,grandmother,0.147,0.84,693.0,0.0,0.0,0.0,0.0,0.0,0.0,True,104
19,11,restrictive,29,2,aux,will,1.176,1.302,126.0,0.0,0.0,0.0,0.0,0.0,1.0,True,19
19,11,restrictive,29,3,ROOT,read,1.428,1.638,210.0,0.0,0.0,0.0,0.0,0.0,1.0,True,31
19,11,restrictive,29,4,det,the,1.722,1.785,63.0,0.0,0.0,0.0,0.0,0.0,1.0,True,9
19,11,restrictive,29,5,dobj,newspaper,1.911,2.793,882.0,0.0,0.0,0.0,0.0,0.0,1.0,True,123
19,12,restrictive,17,0,det,The,0.021,0.063,42.0,0.0,0.0,0.0,0.0,0.0,0.0,True,6
19,12,restrictive,17,1,nsubj,man,0.168,0.483,315.0,0.0,0.0,0.0,0.0,0.0,0.0,True,47
19,12,restrictive,17,2,aux,will,0.609,0.735,126.0,0.0,0.0,0.0,0.0,0.0,0.0,True,12
19,12,restrictive,17,3,ROOT,chop,0.819,1.092,273.0,0.0,0.0,0.0,0.0,0.0,1.0,True,41
19,12,restrictive,17,4,det,the,1.218,1.281,63.0,0.0,0.0,0.0,0.0,0.0,0.0,True,10
19,12,restrictive,17,5,dobj,wood,1.407,2.541,1134.0,0.0,0.0,0.0,0.0,0.0,1.0,True,162
19,13,non-restrictive,6,0,det,The,0.021,0.063,42.0,0.0,0.0,0.0,0.0,0.0,0.0,True,6
19,13,non-restrictive,6,1,nsubj,housewife,0.189,0.882,693.0,1.0,0.0,0.0,0.0,0.0,0.0,False,103
19,13,non-restrictive,6,2,aux,will,0.987,1.113,126.0,0.0,0.0,0.0,0.0,0.0,1.0,True,19
19,13,non-restrictive,6,3,ROOT,wash,1.239,1.575,336.0,0.0,0.0,0.0,0.0,0.0,1.0,True,51
19,13,non-restrictive,6,4,det,the,1.68,1.743,63.0,0.0,0.0,0.0,0.0,0.0,0.0,True,10
19,13,non-restrictive,6,5,dobj,mushrooms,1.848,3.423,1575.0,0.0,0.052632,0.877193,0.070175,0.070175,0.412371,False,226
19,14,restrictive,11,0,det,The,0.021,0.063,42.0,0.0,0.0,0.0,0.0,0.0,0.0,True,6
19,14,restrictive,11,1,nsubj,baby,0.168,0.504,336.0,0.0,0.0,0.0,0.0,0.0,0.0,True,41
19,14,restrictive,11,2,aux,will,0.714,0.84,126.0,1.0,0.0,0.0,0.0,1.0,0.0,False,19
19,14,restrictive,11,3,ROOT,ring,0.966,1.134,168.0,0.0,0.0,0.0,0.0,0.0,1.0,True,25
19,14,restrictive,11,4,det,the,1.218,1.26,42.0,0.0,0.0,0.0,0.0,0.0,1.0,True,7
19,14,restrictive,11,5,dobj,bell,1.386,2.058,672.0,1.0,0.0,0.0,0.0,1.0,0.963636,False,98
19,15,non-restrictive,20,0,det,The,0.021,0.063,42.0,0.0,0.0,0.0,0.0,0.0,0.0,True,6
19,15,non-restrictive,20,1,nsubj,baby,0.168,0.525,357.0,0.0,0.0,0.0,0.0,0.0,0.0,True,53
19,15,non-restrictive,20,2,aux,will,0.735,0.861,126.0,0.0,0.0,0.0,0.0,0.0,1.0,True,19
19,15,non-restrictive,20,3,ROOT,grab,0.945,1.344,399.0,0.0,0.0,0.0,0.0,0.0,1.0,True,59
19,15,non-restrictive,20,4,det,the,1.47,1.533,63.0,0.0,0.0,0.0,0.0,0.0,1.0,True,9
19,15,non-restrictive,20,5,dobj,kitten,1.617,2.982,1365.0,0.0,0.0,0.0,0.0,0.0,1.0,True,196
19,16,non-restrictive,42,0,det,The,0.021,0.063,42.0,0.0,0.0,0.0,0.0,0.0,0.0,True,6
19,16,non-restrictive,42,1,nsubj,woman,0.189,0.525,336.0,0.0,0.0,0.0,0.0,0.0,0.0,True,50
19,16,non-restrictive,42,2,aux,will,0.672,0.798,126.0,0.0,0.0,0.0,0.0,0.0,0.0,True,19
19,16,non-restrictive,42,3,ROOT,wash,0.903,1.26,357.0,1.0,0.0,0.0,0.0,0.0,0.571429,False,54
19,16,non-restrictive,42,4,det,the,1.386,1.449,63.0,0.0,0.0,0.0,0.0,0.0,1.0,True,10
19,16,non-restrictive,42,5,dobj,shirt,1.638,2.793,1155.0,0.0,0.0,0.0,1.0,1.0,0.543689,False,168
19,17,non-restrictive,46,0,det,The,0.021,0.063,42.0,0.0,0.0,0.0,0.0,0.0,0.0,True,6
19,17,non-restrictive,46,1,nsubj,musician,0.126,0.861,735.0,0.0,0.0,0.0,0.0,0.0,0.0,True,110
19,17,non-restrictive,46,2,aux,will,1.05,1.197,147.0,0.0,0.0,0.0,0.0,0.0,0.0,True,22
19,17,non-restrictive,46,3,ROOT,move,1.281,1.575,294.0,0.0,0.0,0.0,0.0,0.0,1.0,True,44
19,17,non-restrictive,46,4,det,the,1.659,1.722,63.0,1.0,0.0,0.0,0.0,0.0,0.0,False,10
19,17,non-restrictive,46,5,dobj,violin,1.827,3.402,1575.0,0.014388,0.0,0.05036,0.935252,0.935252,0.0,False,226
19,18,non-restrictive,16,0,det,The,0.021,0.063,42.0,0.0,0.0,0.0,0.0,0.0,0.0,True,6
19,18,non-restrictive,16,1,nsubj,woman,0.189,0.525,336.0,0.0,0.0,0.0,0.0,0.0,0.0,True,50
19,18,non-restrictive,16,2,aux,will,0.63,0.756,126.0,1.0,0.0,0.0,0.0,0.0,0.4,False,9
19,18,non-restrictive,16,3,ROOT,carry,0.861,1.239,378.0,0.0,0.0,0.0,0.0,0.0,1.0,True,56
19,18,non-restrictive,16,4,det,the,1.344,1.428,84.0,0.0,0.0,0.0,0.0,0.0,0.0,True,13
19,18,non-restrictive,16,5,dobj,dress,1.533,2.814,1281.0,1.0,0.0,0.0,0.0,0.0,0.971429,False,185
19,19,restrictive,19,0,det,The,0.021,0.063,42.0,0.0,0.0,0.0,0.0,0.0,0.0,True,6
19,19,restrictive,19,1,nsubj,chef,0.21,0.462,252.0,0.0,0.0,0.0,0.0,0.0,0.0,True,37
19,19,restrictive,19,2,aux,will,0.609,0.756,147.0,1.0,0.0,0.0,0.0,1.0,0.0,False,22
19,19,restrictive,19,3,ROOT,slice,0.84,1.197,357.0,0.0,0.0,0.0,0.0,0.0,1.0,True,53
19,19,restrictive,19,4,det,the,1.281,1.344,63.0,0.0,0.0,0.0,0.0,0.0,1.0,True,9
19,19,restrictive,19,5,dobj,bread,1.449,2.625,1176.0,1.0,0.0,0.0,0.0,1.0,0.944444,False,172
19,20,non-restrictive,18,0,det,The,0.021,0.063,42.0,0.0,0.0,0.0,0.0,0.0,0.0,True,6
19,20,non-restrictive,18,1,nsubj,boy,0.147,0.441,294.0,1.0,0.0,0.0,0.0,0.0,0.785714,False,44
19,20,non-restrictive,18,2,aux,will,0.567,0.714,147.0,0.0,0.0,0.0,0.0,0.0,1.0,True,22
19,20,non-restrictive,18,3,ROOT,touch,0.798,1.071,273.0,0.0,0.0,0.0,0.0,0.0,1.0,True,40
19,20,non-restrictive,18,4,det,the,1.176,1.239,63.0,0.0,0.0,0.0,0.0,0.0,1.0,True,9
19,20,non-restrictive,18,5,dobj,football,1.344,2.688,1344.0,0.0,0.0,0.0,1.0,1.0,0.382716,False,173
19,21,restrictive,41,0,det,The,0.021,0.063,42.0,0.0,0.0,0.0,0.0,0.0,0.0,True,6
19,21,restrictive,41,1,nsubj,boy,0.147,0.42,273.0,0.0,0.0,0.0,0.0,0.0,0.0,True,40
19,21,restrictive,41,2,aux,will,0.546,0.714,168.0,0.0,0.0,0.0,0.0,0.0,0.0,True,25
19,21,restrictive,41,3,ROOT,squeeze,0.84,1.302,462.0,0.0,0.0,0.0,0.0,0.0,0.0,True,69
19,21,restrictive,41,4,det,the,1.386,1.449,63.0,0.0,0.0,0.0,0.0,0.0,0.0,True,10
19,21,restrictive,41,5,dobj,orange,1.638,3.003,1365.0,1.0,0.0,0.0,0.0,0.0,0.857143,False,186
19,22,restrictive,39,0,det,The,0.021,0.063,42.0,0.0,0.0,0.0,0.0,0.0,0.0,True,6
19,22,restrictive,39,1,nsubj,boy,0.147,0.42,273.0,0.0,0.0,0.0,0.0,0.0,0.0,True,41
19,22,restrictive,39,2,aux,will,0.525,0.651,126.0,0.0,0.0,0.0,0.0,0.0,0.0,True,19
19,22,restrictive,39,3,ROOT,tie,0.735,1.05,315.0,0.0,0.0,0.0,0.0,0.0,1.0,True,47
19,22,restrictive,39,4,det,the,1.092,1.155,63.0,0.0,0.0,0.0,0.0,0.0,1.0,True,9
19,22,restrictive,39,5,dobj,shoelace,1.323,2.688,1365.0,1.0,0.0,0.0,0.0,1.0,0.938776,False,200
19,23,non-restrictive,4,0,det,The,0.021,0.063,42.0,0.0,0.0,0.0,0.0,0.0,0.0,True,6
19,23,non-restrictive,4,1,nsubj,boy,0.147,0.42,273.0,0.0,0.0,0.0,0.0,0.0,0.0,True,41
19,23,non-restrictive,4,2,aux,will,0.546,0.693,147.0,0.0,0.0,0.0,0.0,0.0,0.0,True,17
19,23,non-restrictive,4,3,ROOT,throw,0.84,1.134,294.0,0.0,0.0,0.0,0.0,0.0,1.0,True,40
19,23,non-restrictive,4,4,det,the,1.239,1.302,63.0,0.0,0.0,0.0,0.0,0.0,1.0,True,10
19,23,non-restrictive,4,5,dobj,ball,1.407,2.583,1176.0,0.0,0.0,0.0,0.0,0.0,1.0,True,170
19,24,non-restrictive,22,0,det,The,0.021,0.063,42.0,0.0,0.0,0.0,0.0,0.0,0.0,True,6
19,24,non-restrictive,22,1,nsubj,girl,0.147,0.483,336.0,0.0,0.0,0.0,0.0,0.0,0.0,True,51
19,24,non-restrictive,22,2,aux,will,0.63,0.756,126.0,0.0,0.0,0.0,0.0,0.0,0.0,True,18
19,24,non-restrictive,22,3,ROOT,hang,0.882,1.155,273.0,0.0,0.0,0.0,0.0,0.0,0.0,True,41
19,24,non-restrictive,22,4,det,the,1.218,1.281,63.0,0.0,0.0,0.0,0.0,0.0,0.0,True,10
19,24,non-restrictive,22,5,dobj,coat,1.386,2.562,1176.0,0.0,0.0,0.0,0.0,0.0,0.0,True,136
19,25,restrictive,15,0,det,The,0.021,0.063,42.0,0.0,0.0,0.0,0.0,0.0,0.0,True,6
19,25,restrictive,15,1,nsubj,businessman,0.168,1.008,840.0,0.0,0.0,0.0,0.0,0.0,0.0,True,125
19,25,restrictive,15,2,aux,will,1.197,1.323,126.0,0.0,0.0,0.0,0.0,0.0,0.0,True,19
19,25,restrictive,15,3,ROOT,wear,1.407,1.638,231.0,0.0,0.0,0.0,0.0,0.0,0.0,True,34
19,25,restrictive,15,4,det,the,1.743,1.806,63.0,0.0,0.0,0.0,0.0,0.0,0.0,True,9
19,25,restrictive,15,5,dobj,hat,1.932,3.045,1113.0,0.5,0.0,0.5,0.0,0.5,0.272727,False,162
19,26,restrictive,13,0,det,The,0.021,0.063,42.0,0.0,0.0,0.0,0.0,0.0,0.0,True,6
19,26,restrictive,13,1,nsubj,man,0.168,0.462,294.0,0.0,0.0,0.0,0.0,0.0,0.0,True,43
19,26,restrictive,13,2,aux,will,0.567,0.714,147.0,1.0,0.0,0.0,0.0,0.0,0.785714,False,22
19,26,restrictive,13,3,ROOT,smoke,0.84,1.197,357.0,0.0,0.0,0.0,0.0,0.0,1.0,True,53
19,26,restrictive,13,4,det,the,1.281,1.344,63.0,0.0,0.0,0.0,0.0,0.0,1.0,True,9
19,26,restrictive,13,5,dobj,cigarettes,1.47,2.961,1491.0,0.0,0.0,0.0,0.0,0.0,0.0,True,216
19,27,non-restrictive,12,0,det,The,0.021,0.084,63.0,0.0,0.0,0.0,0.0,0.0,0.0,True,9
19,27,non-restrictive,12,1,nsubj,man,0.168,0.462,294.0,0.0,0.0,0.0,0.0,0.0,0.0,True,43
19,27,non-restrictive,12,2,aux,will,0.588,0.714,126.0,0.0,0.0,0.0,0.0,0.0,0.0,True,19
19,27,non-restrictive,12,3,ROOT,watch,0.819,1.155,336.0,0.0,0.0,0.0,0.0,0.0,0.0,True,50
19,27,non-restrictive,12,4,det,the,1.26,1.323,63.0,1.0,0.0,0.0,0.0,0.0,0.0,False,9
19,27,non-restrictive,12,5,dobj,boat,1.428,2.562,1134.0,0.0,0.071429,0.928571,0.0,0.071429,0.621622,False,160
19,28,restrictive,45,0,det,The,0.021,0.063,42.0,0.0,0.0,0.0,0.0,0.0,0.0,True,6
19,28,restrictive,45,1,nsubj,chef,0.21,0.483,273.0,0.0,0.0,0.0,0.0,0.0,0.0,True,41
19,28,restrictive,45,2,aux,will,0.63,0.756,126.0,0.0,0.0,0.0,0.0,0.0,0.0,True,18
19,28,restrictive,45,3,ROOT,grate,0.861,1.176,315.0,0.0,0.0,0.0,0.0,0.0,0.0,True,38
19,28,restrictive,45,4,det,the,1.26,1.323,63.0,0.0,0.0,0.0,0.0,0.0,0.0,True,9
19,28,restrictive,45,5,dobj,carrot,1.407,2.688,1281.0,0.0,0.0,0.0,0.0,0.0,1.0,True,177
19,29,non-restrictive,26,0,det,The,0.021,0.063,42.0,0.0,0.0,0.0,0.0,0.0,0.0,True,6
19,29,non-restrictive,26,1,nsubj,woman,0.189,0.504,315.0,0.0,0.0,0.0,0.0,0.0,0.0,True,47
19,29,non-restrictive,26,2,aux,will,0.693,0.819,126.0,0.0,0.0,0.0,0.0,0.0,0.0,True,19
19,29,non-restrictive,26,3,ROOT,grab,0.903,1.281,378.0,0.0,0.0,0.0,0.0,0.0,0.0,True,48
19,29,non-restrictive,26,4,det,the,1.386,1.449,63.0,0.0,0.0,0.0,0.0,0.0,0.0,True,10
19,29,non-restrictive,26,5,dobj,candle,1.533,2.898,1365.0,0.0,0.0,0.125,0.875,0.875,0.632184,False,183
19,30,restrictive,25,0,det,The,0.021,0.063,42.0,0.0,0.0,0.0,0.0,0.0,0.0,True,6
19,30,restrictive,25,1,nsubj,man,0.168,0.462,294.0,0.0,0.0,0.0,0.0,0.0,0.0,True,43
19,30,restrictive,25,2,aux,will,0.567,0.714,147.0,0.0,0.0,0.0,0.0,0.0,0.0,True,22
19,30,restrictive,25,3,ROOT,paint,0.798,1.113,315.0,0.0,0.0,0.0,0.0,0.0,0.0,True,29
19,30,restrictive,25,4,det,the,1.239,1.302,63.0,0.0,0.0,0.0,0.0,0.0,0.0,True,10
19,30,restrictive,25,5,dobj,canvas,1.386,2.898,1512.0,0.076923,0.0,0.846154,0.076923,0.846154,0.103448,False,220
19,31,non-restrictive,38,0,det,The,0.021,0.063,42.0,0.0,0.0,0.0,0.0,0.0,0.0,True,6
19,31,non-restrictive,38,1,nsubj,woman,0.189,0.525,336.0,1.0,0.0,0.0,0.0,0.0,0.666667,False,50
19,31,non-restrictive,38,2,aux,will,0.63,0.756,126.0,0.0,0.0,0.0,0.0,0.0,1.0,True,18
19,31,non-restrictive,38,3,ROOT,carry,0.861,1.239,378.0,0.0,0.0,0.0,1.0,1.0,0.022222,False,56
19,31,non-restrictive,38,4,det,the,1.344,1.428,84.0,0.0,0.0,0.0,0.0,0.0,0.0,True,13
19,31,non-restrictive,38,5,dobj,apron,1.617,2.919,1302.0,0.0,0.0,0.022388,0.977612,0.977612,0.0,False,187
19,32,restrictive,3,0,det,The,0.021,0.063,42.0,0.0,0.0,0.0,0.0,0.0,0.0,True,6
19,32,restrictive,3,1,nsubj,woman,0.189,0.525,336.0,0.0,0.0,0.0,0.0,0.0,0.0,True,50
19,32,restrictive,3,2,aux,will,0.672,0.798,126.0,0.0,0.0,0.0,0.0,0.0,0.0,True,19
19,32,restrictive,3,3,ROOT,bathe,0.924,1.197,273.0,0.0,0.0,0.0,0.0,0.0,0.0,True,26
19,32,restrictive,3,4,det,the,1.428,1.47,42.0,0.0,0.0,0.0,0.0,0.0,1.0,True,6
19,32,restrictive,3,5,dobj,baby,1.596,2.94,1344.0,0.0,0.0,0.0,0.0,0.0,1.0,True,183
19,33,non-restrictive,2,0,det,The,0.021,0.063,42.0,0.0,0.0,0.0,0.0,0.0,0.0,True,6
19,33,non-restrictive,2,1,nsubj,policeman,0.147,0.882,735.0,0.0,0.0,0.0,0.0,0.0,1.0,True,110
19,33,non-restrictive,2,2,aux,will,0.987,1.134,147.0,0.0,0.0,0.0,0.0,0.0,1.0,True,22
19,33,non-restrictive,2,3,ROOT,search,1.26,1.533,273.0,0.0,0.0,0.0,0.0,0.0,0.0,True,40
19,33,non-restrictive,2,4,det,the,1.659,1.722,63.0,0.0,0.0,0.0,0.0,0.0,0.0,True,10
19,33,non-restrictive,2,5,dobj,man,1.827,3.066,1239.0,0.0,0.054945,0.0,0.945055,0.945055,0.0,False,179
19,34,non-restrictive,34,0,det,The,0.021,0.063,42.0,0.0,0.0,0.0,0.0,0.0,0.0,True,6
19,34,non-restrictive,34,1,nsubj,boy,0.147,0.441,294.0,0.0,0.0,0.0,0.0,0.0,0.0,True,44
19,34,non-restrictive,34,2,aux,will,0.63,0.756,126.0,1.0,0.0,0.0,0.0,0.0,0.0,False,5
19,34,non-restrictive,34,3,ROOT,move,0.861,1.113,252.0,0.0,0.0,0.0,0.0,0.0,1.0,True,38
19,34,non-restrictive,34,4,det,the,1.197,1.26,63.0,0.0,0.0,0.0,0.0,0.0,1.0,True,10
19,34,non-restrictive,34,5,dobj,radio,1.407,2.835,1428.0,0.0,0.0,0.283951,0.716049,0.716049,0.381679,False,204
19,35,restrictive,47,0,det,The,0.021,0.063,42.0,0.0,0.0,0.0,0.0,0.0,0.0,True,6
19,35,restrictive,47,1,nsubj,girl,0.168,0.504,336.0,0.0,0.0,0.0,0.0,0.0,0.0,True,50
19,35,restrictive,47,2,aux,will,0.672,0.819,147.0,0.0,0.0,0.0,0.0,0.0,0.0,True,22
19,35,restrictive,47,3,ROOT,vacuum,0.924,1.47,546.0,0.0,0.0,1.0,0.0,0.0,0.953488,False,82
19,35,restrictive,47,4,det,the,1.554,1.617,63.0,0.0,0.0,0.0,0.0,0.0,1.0,True,10
19,35,restrictive,47,5,dobj,carpet,1.722,3.108,1386.0,1.0,0.0,0.0,0.0,1.0,0.928571,False,201
19,36,non-restrictive,10,0,det,The,0.021,0.063,42.0,0.0,0.0,0.0,0.0,0.0,0.0,True,6
19,36,non-restrictive,10,1,nsubj,man,0.168,0.483,315.0,0.0,0.0,0.0,0.0,0.0,0.0,True,47
19,36,non-restrictive,10,2,aux,will,0.63,0.756,126.0,0.0,0.0,0.0,0.0,0.0,0.0,True,18
19,36,non-restrictive,10,3,ROOT,wipe,0.861,1.113,252.0,0.0,0.0,0.0,0.0,0.0,1.0,True,38
19,36,non-restrictive,10,4,det,the,1.218,1.281,63.0,0.0,0.0,0.0,0.0,0.0,1.0,True,10
19,36,non-restrictive,10,5,compound,washing,1.407,1.953,546.0,0.0,0.0,0.0,0.0,0.0,1.0,True,81
19,36,non-restrictive,10,6,dobj,machine,2.037,3.381,1344.0,0.0,0.0,0.063291,0.936709,0.936709,0.387597,False,189
19,37,restrictive,1,0,det,The,0.021,0.063,42.0,0.0,0.0,0.0,0.0,0.0,0.0,True,6
19,37,restrictive,1,1,nsubj,woman,0.189,0.525,336.0,0.0,0.0,0.0,0.0,0.0,0.0,True,50
19,37,restrictive,1,2,aux,will,0.651,0.777,126.0,0.0,0.0,0.0,0.0,0.0,0.0,True,18
19,37,restrictive,1,3,ROOT,drink,0.882,1.197,315.0,0.0,0.0,0.0,0.0,0.0,1.0,True,47
19,37,restrictive,1,4,det,the,1.323,1.407,84.0,0.0,0.0,0.0,0.0,0.0,1.0,True,13
19,37,restrictive,1,5,dobj,wine,1.512,2.751,1239.0,0.0,1.0,0.0,0.0,0.0,0.957447,False,175
19,38,restrictive,21,0,det,The,0.021,0.063,42.0,0.0,0.0,0.0,0.0,0.0,0.0,True,6
19,38,restrictive,21,1,nsubj,woman,0.189,0.504,315.0,0.0,0.0,0.0,0.0,0.0,0.0,True,47
19,38,restrictive,21,2,aux,will,0.693,0.84,147.0,0.0,0.0,0.0,0.0,0.0,1.0,True,22
19,38,restrictive,21,3,ROOT,water,0.987,1.365,378.0,0.0,0.0,0.0,0.0,0.0,1.0,True,56
19,38,restrictive,21,4,det,the,1.47,1.512,42.0,0.0,0.0,0.0,0.0,0.0,1.0,True,6
19,38,restrictive,21,5,dobj,flower,1.659,3.003,1344.0,0.0,0.0,0.0,0.0,0.0,1.0,True,195
19,39,non-restrictive,30,0,det,The,0.021,0.063,42.0,0.0,0.0,0.0,0.0,0.0,0.0,True,6
19,39,non-restrictive,30,1,nsubj,girl,0.147,0.483,336.0,0.0,0.0,0.0,0.0,0.0,0.0,True,51
19,39,non-restrictive,30,2,aux,will,0.63,0.756,126.0,0.0,0.0,0.0,0.0,0.0,0.0,True,18
19,39,non-restrictive,30,3,ROOT,grab,0.861,1.239,378.0,1.0,0.0,0.0,0.0,0.0,0.666667,False,47
19,39,non-restrictive,30,4,det,the,1.365,1.428,63.0,0.0,0.0,0.0,0.0,0.0,1.0,True,10
19,39,non-restrictive,30,5,dobj,dice,1.533,2.772,1239.0,0.0,0.0,0.487179,0.512821,0.512821,0.551724,False,178
19,40,non-restrictive,28,0,det,The,0.021,0.063,42.0,0.0,0.0,0.0,0.0,0.0,0.0,True,6
19,40,non-restrictive,28,1,nsubj,cat,0.126,0.441,315.0,0.0,0.0,0.0,0.0,0.0,0.0,True,38
19,40,non-restrictive,28,2,aux,will,0.546,0.672,126.0,0.0,0.0,0.0,0.0,0.0,0.0,True,19
19,40,non-restrictive,28,3,ROOT,push,0.777,1.071,294.0,1.0,0.0,0.0,0.0,0.0,0.0,False,32
19,40,non-restrictive,28,4,det,the,1.176,1.239,63.0,0.0,0.0,0.0,0.0,0.0,0.0,True,9
19,40,non-restrictive,28,5,dobj,milk,1.344,2.478,1134.0,0.0,0.0,0.0,0.0,0.0,1.0,True,166
19,41,non-restrictive,32,0,det,The,0.021,0.063,42.0,0.0,0.0,0.0,0.0,0.0,0.0,True,0
19,41,non-restrictive,32,1,nsubj,woman,0.189,0.525,336.0,0.0,0.0,0.0,0.0,0.0,0.0,True,41
19,41,non-restrictive,32,2,aux,will,0.63,0.756,126.0,0.0,0.0,0.0,0.0,0.0,0.0,True,18
19,41,non-restrictive,32,3,ROOT,carry,0.84,1.197,357.0,1.0,0.0,0.0,0.0,0.0,0.9,False,44
19,41,non-restrictive,32,4,det,the,1.323,1.386,63.0,0.0,0.0,0.0,0.0,0.0,1.0,True,9
19,41,non-restrictive,32,5,dobj,beer,1.512,2.772,1260.0,0.0,0.176471,0.647059,0.176471,0.176471,0.66,False,183
19,42,non-restrictive,24,0,det,The,0.021,0.063,42.0,0.0,0.0,0.0,0.0,0.0,0.0,True,6
19,42,non-restrictive,24,1,nsubj,girl,0.168,0.525,357.0,0.0,0.0,0.0,0.0,0.0,0.0,True,53
19,42,non-restrictive,24,2,aux,will,0.651,0.798,147.0,0.0,0.0,0.0,0.0,0.0,0.0,True,22
19,42,non-restrictive,24,3,ROOT,lift,0.924,1.218,294.0,0.0,0.0,0.0,0.0,0.0,0.0,True,44
19,42,non-restrictive,24,4,det,the,1.323,1.386,63.0,0.0,0.0,0.0,0.0,0.0,0.0,True,9
19,42,non-restrictive,24,5,dobj,rabbit,1.512,2.793,1281.0,1.0,0.0,0.0,0.0,0.0,0.974359,False,183
19,43,restrictive,9,0,det,The,0.021,0.063,42.0,0.0,0.0,0.0,0.0,0.0,0.0,True,6
19,43,restrictive,9,1,nsubj,woman,0.189,0.525,336.0,0.0,0.0,0.0,0.0,0.0,0.0,True,50
19,43,restrictive,9,2,aux,will,0.651,0.798,147.0,1.0,0.0,0.0,0.0,0.0,0.777778,False,22
19,43,restrictive,9,3,ROOT,read,0.924,1.113,189.0,0.0,0.0,0.0,0.0,0.0,1.0,True,29
19,43,restrictive,9,4,det,the,1.197,1.26,63.0,0.0,0.0,0.0,0.0,0.0,1.0,True,10
19,43,restrictive,9,5,dobj,book,1.386,2.457,1071.0,0.0,0.0,0.0,0.0,0.0,1.0,True,158
19,44,non-restrictive,8,0,det,The,0.021,0.063,42.0,0.0,0.0,0.0,0.0,0.0,0.0,True,6
19,44,non-restrictive,8,1,nsubj,woman,0.189,0.525,336.0,0.0,0.0,0.0,0.0,0.0,0.0,True,50
19,44,non-restrictive,8,2,aux,will,0.651,0.798,147.0,0.0,0.0,0.0,0.0,0.0,0.0,True,22
19,44,non-restrictive,8,3,ROOT,dust,0.882,1.218,336.0,0.0,0.0,0.0,0.0,0.0,0.0,True,50
19,44,non-restrictive,8,4,det,the,1.323,1.386,63.0,0.0,0.0,0.0,0.0,0.0,0.0,True,9
19,44,non-restrictive,8,5,dobj,piano,1.47,3.087,1617.0,0.6,0.4,0.0,0.0,0.4,0.915254,False,231
19,45,restrictive,49,0,det,The,0.021,0.084,63.0,0.0,0.0,0.0,1.0,0.0,0.0,False,9
19,45,restrictive,49,1,nsubj,man,0.168,0.462,294.0,0.0,0.0,0.0,1.0,0.0,0.0,False,43
19,45,restrictive,49,2,aux,will,0.567,0.714,147.0,0.0,0.0,0.0,1.0,0.0,0.0,False,22
19,45,restrictive,49,3,ROOT,lick,0.819,1.008,189.0,0.0,0.0,0.0,1.0,0.0,0.0,False,28
19,45,restrictive,49,4,det,the,1.113,1.176,63.0,0.0,0.0,0.0,1.0,0.0,0.0,False,9
19,45,restrictive,49,5,dobj,stamp,1.323,2.604,1281.0,0.0,0.0,0.103448,0.896552,0.103448,0.0,False,179
19,46,non-restrictive,14,0,det,The,0.021,0.063,42.0,0.0,0.0,0.0,0.0,0.0,0.0,True,6
19,46,non-restrictive,14,1,nsubj,boy,0.147,0.378,231.0,0.0,0.0,0.0,0.0,0.0,0.0,True,35
19,46,non-restrictive,14,2,aux,will,0.504,0.63,126.0,0.0,0.0,0.0,0.0,0.0,0.0,True,19
19,46,non-restrictive,14,3,ROOT,feed,0.735,0.987,252.0,1.0,0.0,0.0,0.0,0.0,0.913043,False,38
19,46,non-restrictive,14,4,det,the,1.071,1.134,63.0,0.0,0.0,0.0,0.0,0.0,1.0,True,10
19,46,non-restrictive,14,5,dobj,dog,1.239,2.583,1344.0,0.0,0.0,0.0,0.0,0.0,1.0,True,191
19,47,non-restrictive,0,0,det,The,0.021,0.063,42.0,0.0,0.0,0.0,0.0,0.0,0.0,True,6
19,47,non-restrictive,0,1,nsubj,boy,0.147,0.441,294.0,0.0,0.0,0.0,0.0,0.0,0.0,True,44
19,47,non-restrictive,0,2,aux,will,0.567,0.714,147.0,0.0,0.0,0.0,0.0,0.0,0.0,True,22
19,47,non-restrictive,0,3,ROOT,move,0.798,1.05,252.0,1.0,0.0,0.0,0.0,0.0,0.833333,False,37
19,47,non-restrictive,0,4,det,the,1.134,1.176,42.0,0.0,0.0,0.0,0.0,0.0,1.0,True,6
19,47,non-restrictive,0,5,dobj,cake,1.281,2.478,1197.0,1.0,0.0,0.0,0.0,0.0,0.948718,False,173
19,48,restrictive,7,0,det,The,0.021,0.063,42.0,0.0,0.0,0.0,0.0,0.0,0.0,True,6
19,48,restrictive,7,1,nsubj,doctor,0.168,0.672,504.0,0.0,0.0,0.0,0.0,0.0,0.0,True,75
19,48,restrictive,7,2,aux,will,0.819,0.945,126.0,1.0,0.0,0.0,0.0,1.0,0.0,False,19
19,48,restrictive,7,3,ROOT,inject,1.008,1.491,483.0,0.0,0.0,0.0,0.0,0.0,1.0,True,72
19,48,restrictive,7,4,det,the,1.596,1.659,63.0,0.0,0.0,0.0,0.0,0.0,0.0,True,9
19,48,restrictive,7,5,dobj,child,1.764,3.15,1386.0,1.0,0.0,0.0,0.0,1.0,0.75,False,196
19,49,restrictive,43,0,det,The,0.021,0.063,42.0,0.0,0.0,0.0,0.0,0.0,0.0,True,6
19,49,restrictive,43,1,nsubj,man,0.168,0.462,294.0,0.0,0.0,0.0,0.0,0.0,0.0,True,43
19,49,restrictive,43,2,aux,will,0.588,0.714,126.0,0.0,0.0,0.0,0.0,0.0,0.0,True,19
19,49,restrictive,43,3,ROOT,lock,0.819,1.092,273.0,1.0,0.0,0.0,0.0,1.0,0.769231,False,41
19,49,restrictive,43,4,det,the,1.197,1.26,63.0,0.0,0.0,0.0,0.0,0.0,1.0,True,10
19,49,restrictive,43,5,dobj,safe,1.407,2.583,1176.0,1.0,0.0,0.0,0.0,1.0,0.333333,False,169
20,0,non-restrictive,3,0,det,The,0.021,0.063,42.0,0.0,0.0,0.0,0.0,0.0,0.0,True,6
20,0,non-restrictive,3,1,nsubj,woman,0.189,0.525,336.0,0.0,0.666667,0.333333,0.0,0.666667,0.684211,False,50
20,0,non-restrictive,3,2,aux,will,0.651,0.777,126.0,0.0,0.0,0.0,0.0,0.0,1.0,True,18
20,0,non-restrictive,3,3,ROOT,touch,0.861,1.155,294.0,0.0,0.0,0.0,0.0,0.0,1.0,True,44
20,0,non-restrictive,3,4,det,the,1.302,1.365,63.0,0.0,0.0,0.0,0.0,0.0,0.0,True,0
20,0,non-restrictive,3,5,dobj,baby,1.491,2.814,1323.0,0.0,0.0,0.0,0.0,0.0,1.0,True,193
20,1,restrictive,10,0,det,The,0.021,0.063,42.0,0.0,0.0,0.0,0.0,0.0,0.0,True,6
20,1,restrictive,10,1,nsubj,man,0.147,0.525,378.0,0.0,0.666667,0.333333,0.0,0.0,0.763158,False,57
20,1,restrictive,10,2,aux,will,0.693,0.819,126.0,0.0,0.0,0.0,0.0,0.0,1.0,True,19
20,1,restrictive,10,3,ROOT,repair,0.903,1.323,420.0,0.0,0.0,0.0,0.0,0.0,1.0,True,36
20,1,restrictive,10,4,det,the,1.428,1.512,84.0,0.0,0.0,0.0,0.0,0.0,1.0,True,12
20,1,restrictive,10,5,compound,washing,1.638,2.184,546.0,1.0,0.0,0.0,0.0,1.0,0.952381,False,67
20,1,restrictive,10,6,dobj,machine,2.268,3.612,1344.0,0.0,0.0,0.0,0.0,0.0,0.0,True,178
20,2,restrictive,28,0,det,The,0.021,0.063,42.0,1.0,0.0,0.0,0.0,0.0,0.833333,False,6
20,2,restrictive,28,1,nsubj,cat,0.147,0.525,378.0,0.0,0.0,0.0,0.0,0.0,1.0,True,57
20,2,restrictive,28,2,aux,will,0.63,0.756,126.0,0.0,0.0,0.0,0.0,0.0,1.0,True,18
20,2,restrictive,28,3,ROOT,drink,0.861,1.176,315.0,0.0,0.0,0.0,0.0,0.0,1.0,True,47
20,2,restrictive,28,4,det,the,1.281,1.344,63.0,0.0,0.0,0.0,0.0,0.0,0.0,True,0
20,2,restrictive,28,5,dobj,milk,1.449,2.562,1113.0,0.0,1.0,0.0,0.0,0.0,0.982456,False,156
20,3,restrictive,6,0,det,The,0.021,0.063,42.0,0.0,0.0,0.0,0.0,0.0,0.0,True,0
20,3,restrictive,6,1,nsubj,housewife,0.189,0.882,693.0,0.0,0.0,1.0,0.0,0.0,0.733333,False,103
20,3,restrictive,6,2,aux,will,0.987,1.113,126.0,0.0,0.0,0.0,0.0,0.0,1.0,True,19
20,3,restrictive,6,3,ROOT,fry,1.281,1.596,315.0,0.0,0.0,0.0,0.0,0.0,1.0,True,47
20,3,restrictive,6,4,det,the,1.701,1.764,63.0,0.0,0.0,0.0,0.0,0.0,0.0,True,0
20,3,restrictive,6,5,dobj,mushrooms,1.869,3.507,1638.0,0.0,0.0,0.0,0.0,0.0,1.0,True,197
20,4,non-restrictive,21,0,det,The,0.021,0.063,42.0,0.0,0.0,0.0,0.0,0.0,1.0,True,6
20,4,non-restrictive,21,1,nsubj,woman,0.189,0.504,315.0,0.0,0.0,0.0,0.0,0.0,1.0,True,47
20,4,non-restrictive,21,2,aux,will,0.672,0.798,126.0,0.0,0.0,0.0,0.0,0.0,1.0,True,19
20,4,non-restrictive,21,3,ROOT,move,0.882,1.155,273.0,0.0,0.0,0.0,0.0,0.0,1.0,True,41
20,4,non-restrictive,21,4,det,the,1.239,1.281,42.0,0.0,0.0,0.0,0.0,0.0,1.0,True,7
20,4,non-restrictive,21,5,dobj,flower,1.407,2.772,1365.0,0.0,0.0,0.25,0.75,0.75,0.761194,False,172
20,5,restrictive,12,0,det,The,0.021,0.063,42.0,0.0,0.0,1.0,0.0,1.0,0.0,False,6
20,5,restrictive,12,1,nsubj,man,0.147,0.462,315.0,0.0,0.0,0.714286,0.285714,0.714286,0.78125,False,47
20,5,restrictive,12,2,aux,will,0.567,0.714,147.0,0.0,0.0,0.0,0.0,0.0,0.0,True,2
20,5,restrictive,12,3,ROOT,sail,0.861,1.134,273.0,0.0,0.0,0.0,0.0,0.0,1.0,True,41
20,5,restrictive,12,4,det,the,1.239,1.323,84.0,0.0,0.0,0.0,0.0,0.0,1.0,True,13
20,5,restrictive,12,5,dobj,boat,1.428,2.562,1134.0,0.0,1.0,0.0,0.0,0.0,0.958333,False,129
20,6,non-restrictive,5,0,det,The,0.021,0.063,42.0,0.0,0.0,0.0,0.0,0.0,0.0,True,6
20,6,non-restrictive,5,1,nsubj,hiker,0.168,0.588,420.0,0.0,0.0,0.0,0.0,0.0,1.0,True,62
20,6,non-restrictive,5,2,aux,will,0.756,0.903,147.0,0.0,0.0,0.0,0.0,0.0,1.0,True,9
20,6,non-restrictive,5,3,ROOT,photograph,1.071,1.827,756.0,0.0,0.0,0.0,0.0,0.0,1.0,True,86
20,6,non-restrictive,5,4,det,the,1.953,2.016,63.0,0.0,0.0,0.0,0.0,0.0,0.0,True,9
20,6,non-restrictive,5,5,dobj,mountain,2.121,3.444,1323.0,0.071429,0.75,0.178571,0.0,0.0,0.3,False,189
20,7,non-restrictive,11,0,det,The,0.021,0.063,42.0,0.0,0.0,0.0,0.0,0.0,0.0,True,6
20,7,non-restrictive,11,1,nsubj,baby,0.168,0.525,357.0,0.0,0.0,1.0,0.0,0.0,0.925926,False,53
20,7,non-restrictive,11,2,aux,will,0.672,0.819,147.0,0.0,0.0,0.0,0.0,0.0,1.0,True,22
20,7,non-restrictive,11,3,ROOT,kick,0.903,1.113,210.0,0.0,0.0,0.0,0.0,0.0,1.0,True,32
20,7,non-restrictive,11,4,det,the,1.218,1.302,84.0,0.0,0.0,0.0,0.0,0.0,0.0,True,0
20,7,non-restrictive,11,5,dobj,bell,1.407,2.541,1134.0,0.0,1.0,0.0,0.0,1.0,0.71028,False,160
20,8,restrictive,42,0,det,The,0.021,0.063,42.0,0.0,0.0,1.0,0.0,0.0,0.0,False,6
20,8,restrictive,42,1,nsubj,woman,0.189,0.525,336.0,0.0,0.0,0.0,0.0,0.0,1.0,True,50
20,8,restrictive,42,2,aux,will,0.63,0.777,147.0,0.0,0.0,0.0,0.0,0.0,1.0,True,22
20,8,restrictive,42,3,ROOT,sew,0.903,1.071,168.0,0.0,0.0,0.0,0.0,0.0,1.0,True,7
20,8,restrictive,42,4,det,the,1.197,1.26,63.0,0.0,0.0,0.0,0.0,0.0,1.0,True,10
20,8,restrictive,42,5,dobj,shirt,1.428,2.583,1155.0,1.0,0.0,0.0,0.0,1.0,0.925,False,169
20,9,non-restrictive,23,0,det,The,0.021,0.063,42.0,0.0,0.0,0.0,0.0,0.0,0.0,True,6
20,9,non-restrictive,23,1,nsubj,girl,0.147,0.483,336.0,0.0,0.0,0.0,0.0,0.0,1.0,True,50
20,9,non-restrictive,23,2,aux,will,0.63,0.756,126.0,0.0,0.0,0.0,0.0,0.0,1.0,True,6
20,9,non-restrictive,23,3,ROOT,hold,0.882,1.155,273.0,0.0,0.0,0.0,0.0,0.0,1.0,True,41
20,9,non-restrictive,23,4,det,the,1.26,1.302,42.0,0.0,0.0,0.0,0.0,0.0,1.0,True,6
20,9,non-restrictive,23,5,dobj,scarf,1.428,2.751,1323.0,0.0,0.0,0.0,0.0,0.0,1.0,True,190
20,10,non-restrictive,49,0,det,The,0.021,0.084,63.0,0.0,0.0,0.0,0.0,0.0,0.0,True,9
20,10,non-restrictive,49,1,nsubj,man,0.168,0.462,294.0,0.0,0.0,0.0,0.0,0.0,1.0,True,43
20,10,non-restrictive,49,2,aux,will,0.588,0.714,126.0,0.0,0.0,0.0,0.0,0.0,1.0,True,19
20,10,non-restrictive,49,3,ROOT,pick,0.798,1.029,231.0,0.0,0.0,0.0,0.0,0.0,1.0,True,6
20,10,non-restrictive,49,4,prt,up,1.155,1.239,84.0,0.0,0.0,0.0,0.0,0.0,1.0,True,13
20,10,non-restrictive,49,5,det,the,1.323,1.386,63.0,0.0,0.0,0.0,0.0,0.0,1.0,True,9
20,10,non-restrictive,49,6,dobj,stamp,1.533,2.814,1281.0,0.0,0.0,0.666667,0.333333,0.333333,0.921053,False,185
20,11,restrictive,0,0,det,The,0.021,0.063,42.0,0.0,0.0,0.0,0.0,0.0,1.0,True,6
20,11,restrictive,0,1,nsubj,boy,0.147,0.42,273.0,0.0,0.0,0.0,0.0,0.0,1.0,True,41
20,11,restrictive,0,2,aux,will,0.546,0.672,126.0,0.0,0.0,0.0,0.0,0.0,0.0,True,0
20,11,restrictive,0,3,ROOT,eat,0.819,0.945,126.0,0.0,0.0,0.0,0.0,0.0,1.0,True,19
20,11,restrictive,0,4,det,the,1.05,1.113,63.0,0.0,0.0,0.0,0.0,0.0,1.0,True,10
20,11,restrictive,0,5,dobj,cake,1.197,2.394,1197.0,0.0,1.0,0.0,0.0,0.0,0.916667,False,148
20,12,restrictive,4,0,det,The,0.021,0.063,42.0,0.0,0.0,0.0,0.0,0.0,0.0,True,6
20,12,restrictive,4,1,nsubj,boy,0.147,0.42,273.0,0.0,0.0,0.0,0.0,0.0,1.0,True,41
20,12,restrictive,4,2,aux,will,0.546,0.693,147.0,0.0,0.0,0.0,0.0,0.0,1.0,True,4
20,12,restrictive,4,3,ROOT,bounce,0.777,1.218,441.0,0.0,0.0,0.0,0.0,0.0,1.0,True,59
20,12,restrictive,4,4,det,the,1.281,1.344,63.0,0.0,0.0,0.0,0.0,0.0,1.0,True,9
20,12,restrictive,4,5,dobj,ball,1.449,2.625,1176.0,0.0,0.6,0.4,0.0,0.4,0.913793,False,171
20,13,restrictive,36,0,det,The,0.021,0.063,42.0,0.0,0.0,0.0,0.0,0.0,0.0,True,6
20,13,restrictive,36,1,nsubj,kid,0.189,0.567,378.0,0.0,0.0,1.0,0.0,1.0,0.833333,False,56
20,13,restrictive,36,2,aux,will,0.714,0.84,126.0,0.0,0.0,0.0,0.0,0.0,0.0,True,0
20,13,restrictive,36,3,ROOT,build,0.945,1.239,294.0,0.0,0.0,0.0,0.0,0.0,1.0,True,38
20,13,restrictive,36,4,det,the,1.344,1.407,63.0,0.0,0.0,0.0,0.0,0.0,1.0,True,10
20,13,restrictive,36,5,dobj,lego,1.512,2.898,1386.0,0.0,0.5,0.5,0.0,0.5,0.962264,False,173
20,14,restrictive,22,0,det,The,0.021,0.063,42.0,0.0,0.0,0.0,0.0,0.0,0.0,True,6
20,14,restrictive,22,1,nsubj,girl,0.147,0.504,357.0,0.0,0.0,0.0,0.0,0.0,1.0,True,54
20,14,restrictive,22,2,aux,will,0.609,0.777,168.0,0.0,0.0,0.0,0.0,0.0,1.0,True,26
20,14,restrictive,22,3,ROOT,zip,0.924,1.071,147.0,0.0,0.0,0.0,0.0,0.0,1.0,True,2
20,14,restrictive,22,4,det,the,1.26,1.323,63.0,0.0,0.0,0.0,0.0,0.0,1.0,True,9
20,14,restrictive,22,5,dobj,coat,1.407,2.583,1176.0,1.0,0.0,0.0,0.0,1.0,0.933333,False,168
20,15,non-restrictive,41,0,det,The,0.021,0.063,42.0,0.0,0.0,0.0,0.0,0.0,1.0,True,6
20,15,non-restrictive,41,1,nsubj,boy,0.147,0.42,273.0,0.0,0.0,0.0,0.0,0.0,1.0,True,41
20,15,non-restrictive,41,2,aux,will,0.546,0.693,147.0,0.0,0.0,0.0,0.0,0.0,0.0,True,0
20,15,non-restrictive,41,3,ROOT,move,0.777,1.029,252.0,0.0,0.0,0.0,0.0,0.0,1.0,True,38
20,15,non-restrictive,41,4,det,the,1.092,1.155,63.0,0.0,0.0,0.0,0.0,0.0,1.0,True,10
20,15,non-restrictive,41,5,dobj,orange,1.386,2.688,1302.0,0.0,0.0,0.285714,0.714286,0.714286,0.671875,False,166
20,16,restrictive,46,0,det,The,0.021,0.063,42.0,0.0,0.0,0.0,0.0,0.0,1.0,True,6
20,16,restrictive,46,1,nsubj,musician,0.126,0.819,693.0,0.0,0.0,0.0,0.0,0.0,1.0,True,96
20,16,restrictive,46,2,aux,will,0.945,1.071,126.0,0.0,0.0,0.0,0.0,0.0,1.0,True,5
20,16,restrictive,46,3,ROOT,tune,1.176,1.491,315.0,0.0,0.0,0.0,0.0,0.0,1.0,True,47
20,16,restrictive,46,4,det,the,1.533,1.596,63.0,0.0,0.0,0.0,0.0,0.0,1.0,True,10
20,16,restrictive,46,5,dobj,violin,1.722,3.276,1554.0,0.0,0.0,0.25,0.75,0.0,0.666667,False,167
20,17,restrictive,26,0,det,The,0.021,0.063,42.0,0.0,0.0,0.0,0.0,0.0,0.0,True,6
20,17,restrictive,26,1,nsubj,woman,0.189,0.525,336.0,0.0,1.0,0.0,0.0,0.0,0.975,False,50
20,17,restrictive,26,2,aux,will,0.693,0.819,126.0,0.0,0.0,0.0,0.0,0.0,1.0,True,19
20,17,restrictive,26,3,ROOT,blow,0.903,1.176,273.0,0.0,0.0,0.0,0.0,0.0,1.0,True,23
20,17,restrictive,26,4,prt,out,1.365,1.491,126.0,0.0,0.0,0.0,0.0,0.0,1.0,True,12
20,17,restrictive,26,5,det,the,1.596,1.659,63.0,0.0,0.0,0.0,0.0,0.0,0.0,True,0
20,17,restrictive,26,6,dobj,candle,1.743,3.108,1365.0,0.0,0.0,0.0,0.0,0.0,1.0,True,196
20,18,restrictive,40,0,det,The,0.021,0.063,42.0,0.0,0.0,0.0,0.0,0.0,0.0,True,6
20,18,restrictive,40,1,nsubj,girl,0.189,0.525,336.0,0.0,0.0,0.0,0.0,0.0,1.0,True,25
20,18,restrictive,40,2,aux,will,0.651,0.798,147.0,0.0,0.0,0.0,0.0,0.0,1.0,True,22
20,18,restrictive,40,3,ROOT,button,0.903,1.26,357.0,0.0,0.0,0.0,0.0,0.0,1.0,True,27
20,18,restrictive,40,4,det,the,1.323,1.386,63.0,0.0,0.0,0.0,0.0,0.0,1.0,True,9
20,18,restrictive,40,5,dobj,blouse,1.47,2.772,1302.0,0.0,0.733333,0.266667,0.0,0.266667,0.625,False,167
20,19,non-restrictive,9,0,det,The,0.021,0.063,42.0,0.0,0.0,1.0,0.0,0.0,0.0,False,6
20,19,non-restrictive,9,1,nsubj,woman,0.168,0.483,315.0,0.0,0.0,1.0,0.0,0.0,0.916667,False,19
20,19,non-restrictive,9,2,aux,will,0.609,0.735,126.0,0.0,0.0,0.0,0.0,0.0,1.0,True,19
20,19,non-restrictive,9,3,ROOT,open,0.903,1.176,273.0,0.0,0.0,0.0,0.0,0.0,1.0,True,34
20,19,non-restrictive,9,4,det,the,1.302,1.365,63.0,0.0,0.0,0.0,0.0,0.0,1.0,True,2
20,19,non-restrictive,9,5,dobj,book,1.47,1.869,399.0,0.0,0.0,0.0,0.0,0.0,1.0,True,60
20,21,restrictive,18,0,det,The,0.021,0.063,42.0,0.0,0.0,0.0,0.0,0.0,0.0,True,0
20,21,restrictive,18,1,nsubj,boy,0.147,0.441,294.0,0.0,0.0,0.0,0.0,0.0,1.0,True,35
20,21,restrictive,18,2,aux,will,0.567,0.714,147.0,0.0,0.0,0.0,0.0,0.0,1.0,True,22
20,21,restrictive,18,3,ROOT,kick,0.819,1.071,252.0,0.0,0.0,0.0,0.0,0.0,1.0,True,37
20,21,restrictive,18,4,det,the,1.176,1.239,63.0,0.0,0.0,0.0,0.0,0.0,1.0,True,9
20,21,restrictive,18,5,dobj,football,1.344,2.688,1344.0,0.0,0.0,0.0,0.0,0.0,1.0,True,185
20,22,non-restrictive,43,0,det,The,0.021,0.063,42.0,0.0,0.0,0.0,0.0,0.0,1.0,True,6
20,22,non-restrictive,43,1,nsubj,man,0.168,0.462,294.0,0.0,0.0,0.0,0.0,0.0,1.0,True,43
20,22,non-restrictive,43,2,aux,will,0.588,0.714,126.0,0.0,0.0,0.0,0.0,0.0,0.0,True,0
20,22,non-restrictive,43,3,ROOT,wipe,0.819,1.071,252.0,0.0,0.0,0.0,0.0,0.0,1.0,True,37
20,22,non-restrictive,43,4,det,the,1.155,1.218,63.0,0.0,0.0,0.0,0.0,0.0,1.0,True,8
20,22,non-restrictive,43,5,dobj,safe,1.344,2.499,1155.0,0.0,0.0,1.0,0.0,0.0,0.525,False,160
20,23,non-restrictive,31,0,det,The,0.021,0.063,42.0,0.0,0.0,0.0,0.0,0.0,0.0,True,6
20,23,non-restrictive,31,1,nsubj,woman,0.21,0.525,315.0,0.0,1.0,0.0,0.0,1.0,0.952381,False,47
20,23,non-restrictive,31,2,aux,will,0.714,0.84,126.0,0.0,0.0,0.0,0.0,0.0,1.0,True,19
20,23,non-restrictive,31,3,ROOT,examine,0.945,1.575,630.0,0.0,0.0,0.0,0.0,0.0,1.0,True,60
20,23,non-restrictive,31,4,det,the,1.659,1.722,63.0,0.0,0.0,0.0,0.0,0.0,1.0,True,10
20,23,non-restrictive,31,5,dobj,bottle,1.827,3.087,1260.0,0.0,1.0,0.0,0.0,1.0,0.8125,False,157
20,24,non-restrictive,25,0,det,The,0.021,0.063,42.0,0.0,0.0,0.0,0.0,0.0,0.0,True,6
20,24,non-restrictive,25,1,nsubj,man,0.168,0.483,315.0,0.0,0.0,0.0,0.0,0.0,1.0,True,47
20,24,non-restrictive,25,2,aux,will,0.63,0.756,126.0,0.0,0.0,0.0,0.0,0.0,1.0,True,1
20,24,non-restrictive,25,3,ROOT,move,0.861,1.092,231.0,0.0,0.0,0.0,0.0,0.0,1.0,True,34
20,24,non-restrictive,25,4,det,the,1.176,1.239,63.0,0.0,0.0,0.0,0.0,0.0,1.0,True,9
20,24,non-restrictive,25,5,dobj,canvas,1.323,2.856,1533.0,0.0,0.316456,0.683544,0.0,0.0,0.0,False,194
20,25,non-restrictive,1,0,det,The,0.021,0.063,42.0,0.0,0.0,0.0,0.0,0.0,0.0,True,0
20,25,non-restrictive,1,1,nsubj,woman,0.189,0.504,315.0,0.0,0.0,1.0,0.0,0.0,0.878788,False,47
20,25,non-restrictive,1,2,aux,will,0.672,0.777,105.0,0.0,0.0,0.0,0.0,0.0,1.0,True,15
20,25,non-restrictive,1,3,ROOT,try,0.882,1.155,273.0,0.0,0.0,0.0,0.0,0.0,1.0,True,16
20,25,non-restrictive,1,4,det,the,1.26,1.323,63.0,0.0,0.0,0.0,0.0,0.0,1.0,True,9
20,25,non-restrictive,1,5,dobj,wine,1.449,2.688,1239.0,0.0,0.0,0.923077,0.076923,0.076923,0.852273,False,180
20,26,restrictive,48,0,det,The,0.021,0.063,42.0,0.0,0.0,0.0,0.0,0.0,0.0,True,0
20,26,restrictive,48,1,nsubj,child,0.189,0.735,546.0,0.0,0.0,0.0,0.0,0.0,1.0,True,81
20,26,restrictive,48,2,aux,will,0.84,0.966,126.0,0.0,0.0,0.0,0.0,0.0,0.0,True,0
20,26,restrictive,48,3,ROOT,inflate,1.05,1.554,504.0,0.0,0.0,0.0,0.0,0.0,1.0,True,72
20,26,restrictive,48,4,det,the,1.617,1.701,84.0,0.0,0.0,0.0,0.0,0.0,1.0,True,12
20,26,restrictive,48,5,dobj,balloon,1.785,3.192,1407.0,0.0,0.0,0.684211,0.315789,0.684211,0.095238,False,164
20,27,non-restrictive,47,0,det,The,0.021,0.063,42.0,0.0,0.0,1.0,0.0,0.0,0.0,False,6
20,27,non-restrictive,47,1,nsubj,girl,0.168,0.546,378.0,0.0,0.0,0.0,0.0,0.0,1.0,True,34
20,27,non-restrictive,47,2,aux,will,0.735,0.861,126.0,0.0,0.0,0.0,0.0,0.0,1.0,True,19
20,27,non-restrictive,47,3,ROOT,move,0.966,1.239,273.0,0.0,0.0,0.0,0.0,0.0,1.0,True,40
20,27,non-restrictive,47,4,det,the,1.302,1.365,63.0,0.0,0.0,0.0,0.0,0.0,1.0,True,9
20,27,non-restrictive,47,5,dobj,carpet,1.47,2.877,1407.0,0.0,0.0,0.0,0.0,0.0,1.0,True,182
20,28,non-restrictive,29,0,det,The,0.021,0.063,42.0,0.0,0.0,0.0,0.0,0.0,0.0,True,6
20,28,non-restrictive,29,1,nsubj,grandmother,0.126,0.882,756.0,0.0,0.0,1.0,0.0,0.0,0.972603,False,113
20,28,non-restrictive,29,2,aux,will,1.197,1.302,105.0,0.0,0.0,0.0,0.0,0.0,1.0,True,10
20,28,non-restrictive,29,3,ROOT,turn,1.386,1.659,273.0,0.0,0.0,0.0,0.0,0.0,1.0,True,41
20,28,non-restrictive,29,4,det,the,1.743,1.806,63.0,0.0,0.0,0.0,0.0,0.0,0.0,True,0
20,28,non-restrictive,29,5,dobj,newspaper,1.953,2.814,861.0,0.0,1.0,0.0,0.0,0.0,0.819149,False,114
20,29,non-restrictive,45,0,det,The,0.021,0.063,42.0,0.0,0.0,1.0,0.0,0.0,0.0,False,6
20,29,non-restrictive,45,1,nsubj,chef,0.21,0.462,252.0,0.0,0.0,0.0,1.0,1.0,0.966667,False,37
20,29,non-restrictive,45,2,aux,will,0.609,0.735,126.0,0.0,0.0,0.0,0.0,0.0,1.0,True,19
20,29,non-restrictive,45,3,ROOT,carry,0.819,1.176,357.0,0.0,0.0,0.0,0.0,0.0,1.0,True,30
20,29,non-restrictive,45,4,det,the,1.302,1.365,63.0,0.0,0.0,0.0,0.0,0.0,1.0,True,9
20,29,non-restrictive,45,5,dobj,carrot,1.47,2.688,1218.0,0.0,0.0,0.923077,0.076923,0.076923,0.783333,False,149
20,30,restrictive,30,0,det,The,0.021,0.063,42.0,0.0,0.0,0.0,0.0,0.0,1.0,True,6
20,30,restrictive,30,1,nsubj,girl,0.147,0.462,315.0,0.0,0.0,0.0,0.0,0.0,1.0,True,47
20,30,restrictive,30,2,aux,will,0.63,0.756,126.0,0.0,0.0,0.0,0.0,0.0,1.0,True,18
20,30,restrictive,30,3,ROOT,roll,0.924,1.155,231.0,0.0,0.0,0.0,0.0,0.0,1.0,True,25
20,30,restrictive,30,4,det,the,1.281,1.344,63.0,0.0,0.0,0.0,0.0,0.0,1.0,True,9
20,30,restrictive,30,5,dobj,dice,1.47,2.688,1218.0,0.0,0.0,0.0,0.0,0.0,1.0,True,174
20,31,non-restrictive,19,0,det,The,0.021,0.063,42.0,1.0,0.0,0.0,0.0,0.0,0.0,False,6
20,31,non-restrictive,19,1,nsubj,chef,0.21,0.462,252.0,0.0,0.0,0.0,0.0,0.0,1.0,True,37
20,31,non-restrictive,19,2,aux,will,0.609,0.735,126.0,0.0,0.0,0.0,0.0,0.0,1.0,True,19
20,31,non-restrictive,19,3,ROOT,clean,0.798,1.134,336.0,0.0,0.0,0.0,0.0,0.0,1.0,True,50
20,31,non-restrictive,19,4,det,the,1.239,1.281,42.0,0.0,0.0,0.0,0.0,0.0,1.0,True,2
20,31,non-restrictive,19,5,dobj,bread,1.407,2.604,1197.0,0.0,0.0,0.0,0.0,0.0,1.0,True,174
20,32,non-restrictive,33,0,det,The,0.021,0.063,42.0,0.0,0.0,0.0,0.0,0.0,1.0,True,6
20,32,non-restrictive,33,1,nsubj,boy,0.147,0.441,294.0,0.0,0.0,0.0,0.0,0.0,1.0,True,44
20,32,non-restrictive,33,2,aux,will,0.567,0.714,147.0,0.0,0.0,0.0,0.0,0.0,0.0,True,0
20,32,non-restrictive,33,3,ROOT,open,0.882,1.155,273.0,0.0,0.0,0.0,0.0,0.0,1.0,True,41
20,32,non-restrictive,33,4,det,the,1.26,1.344,84.0,0.0,0.0,0.0,0.0,0.0,1.0,True,12
20,32,non-restrictive,33,5,dobj,suitcase,1.512,3.003,1491.0,0.0,0.117647,0.529412,0.352941,0.352941,0.763889,False,215
20,33,restrictive,8,0,det,The,0.021,0.063,42.0,0.0,0.0,1.0,0.0,1.0,0.0,False,6
20,33,restrictive,8,1,nsubj,woman,0.189,0.525,336.0,0.0,0.0,1.0,0.0,1.0,0.96875,False,50
20,33,restrictive,8,2,aux,will,0.651,0.777,126.0,0.0,0.0,0.0,0.0,0.0,1.0,True,19
20,33,restrictive,8,3,ROOT,play,0.861,1.155,294.0,0.0,0.0,0.0,0.0,0.0,1.0,True,23
20,33,restrictive,8,4,det,the,1.281,1.344,63.0,0.0,0.0,0.0,0.0,0.0,1.0,True,9
20,33,restrictive,8,5,dobj,piano,1.449,2.919,1470.0,0.0,0.0,1.0,0.0,1.0,0.709677,False,214
20,34,non-restrictive,15,0,det,The,0.021,0.063,42.0,0.0,0.0,0.0,0.0,0.0,0.0,True,0
20,34,non-restrictive,15,1,nsubj,businessman,0.168,1.029,861.0,0.0,0.0,1.0,0.0,0.0,0.809524,False,80
20,34,non-restrictive,15,2,aux,will,1.218,1.344,126.0,0.0,0.0,0.0,0.0,0.0,1.0,True,19
20,34,non-restrictive,15,3,ROOT,forget,1.428,1.827,399.0,1.0,0.0,0.0,0.0,0.0,0.666667,False,59
20,34,non-restrictive,15,4,det,the,1.974,2.037,63.0,0.0,0.0,0.0,0.0,0.0,0.0,True,0
20,34,non-restrictive,15,5,dobj,hat,2.163,3.234,1071.0,0.0,1.0,0.0,0.0,1.0,0.954545,False,154
20,35,restrictive,2,0,det,The,0.021,0.063,42.0,0.0,0.0,0.0,0.0,0.0,0.0,True,0
20,35,restrictive,2,1,nsubj,policeman,0.147,0.903,756.0,0.0,0.0,0.882353,0.117647,0.0,0.767123,False,113
20,35,restrictive,2,2,aux,will,1.05,1.176,126.0,0.0,0.0,0.0,0.0,0.0,1.0,True,19
20,35,restrictive,2,3,ROOT,arrest,1.26,1.722,462.0,0.0,0.0,0.0,0.0,0.0,1.0,True,50
20,35,restrictive,2,4,det,the,1.827,1.89,63.0,0.0,0.0,0.0,0.0,0.0,1.0,True,10
20,35,restrictive,2,5,dobj,man,1.974,3.192,1218.0,1.0,0.0,0.0,0.0,1.0,0.909091,False,171
20,36,restrictive,44,0,det,The,0.021,0.063,42.0,0.0,0.0,0.0,0.0,0.0,0.0,True,6
20,36,restrictive,44,1,nsubj,baker,0.168,0.651,483.0,0.0,0.0,1.0,0.0,1.0,0.958333,False,72
20,36,restrictive,44,2,aux,will,0.819,0.945,126.0,0.0,0.0,0.0,0.0,0.0,1.0,True,19
20,36,restrictive,44,3,ROOT,knead,1.008,1.239,231.0,0.0,0.0,0.0,0.0,0.0,1.0,True,34
20,36,restrictive,44,4,det,the,1.344,1.407,63.0,0.0,0.0,0.0,0.0,0.0,1.0,True,10
20,36,restrictive,44,5,dobj,dough,1.512,2.709,1197.0,0.0,0.0,0.0,0.0,0.0,1.0,True,142
20,37,non-restrictive,17,0,det,The,0.021,0.063,42.0,0.0,0.0,1.0,0.0,0.0,0.0,False,6
20,37,non-restrictive,17,1,nsubj,man,0.168,0.483,315.0,0.0,0.0,1.0,0.0,0.0,0.871795,False,47
20,37,non-restrictive,17,2,aux,will,0.63,0.756,126.0,0.0,0.0,0.0,0.0,0.0,1.0,True,18
20,37,non-restrictive,17,3,ROOT,move,0.861,1.134,273.0,0.0,0.0,0.0,0.0,0.0,1.0,True,10
20,37,non-restrictive,17,4,det,the,1.197,1.26,63.0,0.0,1.0,0.0,0.0,0.0,0.0,False,3
20,37,non-restrictive,17,5,dobj,wood,1.386,2.499,1113.0,0.042553,0.0,0.957447,0.0,0.0,0.397436,False,160
20,38,non-restrictive,27,0,det,The,0.021,0.063,42.0,0.0,0.0,0.0,0.0,0.0,0.0,True,0
20,38,non-restrictive,27,1,nsubj,boy,0.147,0.399,252.0,0.0,0.0,0.0,0.0,0.0,1.0,True,26
20,38,non-restrictive,27,2,aux,will,0.525,0.651,126.0,0.0,0.0,0.0,0.0,0.0,1.0,True,19
20,38,non-restrictive,27,3,ROOT,touch,0.735,1.029,294.0,0.0,0.0,0.0,0.0,0.0,1.0,True,44
20,38,non-restrictive,27,4,det,the,1.134,1.218,84.0,0.0,0.0,0.0,0.0,0.0,1.0,True,5
20,38,non-restrictive,27,5,dobj,lamp,1.344,2.478,1134.0,0.0,0.0,0.0,0.0,0.0,1.0,True,163
20,39,restrictive,32,0,det,The,0.021,0.063,42.0,0.0,0.0,0.0,0.0,0.0,0.0,True,0
20,39,restrictive,32,1,nsubj,woman,0.189,0.525,336.0,0.0,0.0,1.0,0.0,1.0,0.44186,False,48
20,39,restrictive,32,2,aux,will,0.672,0.798,126.0,0.0,0.0,0.0,0.0,0.0,1.0,True,19
20,39,restrictive,32,3,ROOT,brew,0.882,1.113,231.0,0.0,0.0,0.0,0.0,0.0,1.0,True,35
20,39,restrictive,32,4,det,the,1.218,1.302,84.0,0.0,0.0,0.0,0.0,0.0,1.0,True,3
20,39,restrictive,32,5,dobj,beer,1.407,2.667,1260.0,0.0,0.0,1.0,0.0,1.0,0.410526,False,181
20,40,non-restrictive,37,0,det,The,0.021,0.063,42.0,0.0,0.0,0.0,0.0,0.0,1.0,True,6
20,40,non-restrictive,37,1,nsubj,boy,0.147,0.441,294.0,0.0,0.0,0.0,0.0,0.0,1.0,True,44
20,40,non-restrictive,37,2,aux,will,0.567,0.714,147.0,0.0,0.0,0.0,0.0,0.0,0.0,True,1
20,40,non-restrictive,37,3,ROOT,move,0.798,1.071,273.0,0.0,0.0,0.0,0.0,0.0,1.0,True,24
20,40,non-restrictive,37,4,det,the,1.155,1.218,63.0,0.0,0.0,0.0,0.0,0.0,1.0,True,9
20,40,non-restrictive,37,5,dobj,banana,1.323,2.793,1470.0,0.08,0.0,0.92,0.0,0.0,0.709302,False,184
20,41,restrictive,24,0,det,The,0.021,0.063,42.0,0.0,0.0,0.0,0.0,0.0,0.0,True,6
20,41,restrictive,24,1,nsubj,girl,0.147,0.483,336.0,0.0,0.0,0.0,0.0,0.0,1.0,True,51
20,41,restrictive,24,2,aux,will,0.63,0.756,126.0,0.0,0.0,0.0,0.0,0.0,1.0,True,4
20,41,restrictive,24,3,ROOT,groom,0.882,1.239,357.0,0.0,0.0,0.0,0.0,0.0,1.0,True,42
20,41,restrictive,24,4,det,the,1.365,1.428,63.0,0.0,0.0,0.0,0.0,0.0,1.0,True,10
20,41,restrictive,24,5,dobj,rabbit,1.554,2.814,1260.0,0.0,0.0,1.0,0.0,1.0,0.94,False,142
20,42,restrictive,20,0,det,The,0.021,0.063,42.0,0.0,0.0,1.0,0.0,1.0,0.0,False,6
20,42,restrictive,20,1,nsubj,baby,0.168,0.546,378.0,0.0,0.0,1.0,0.0,1.0,0.903226,False,56
20,42,restrictive,20,2,aux,will,0.819,0.945,126.0,0.0,0.0,0.0,0.0,0.0,1.0,True,14
20,42,restrictive,20,3,ROOT,hug,1.071,1.218,147.0,0.0,0.0,0.0,0.0,0.0,1.0,True,5
20,42,restrictive,20,4,det,the,1.386,1.449,63.0,0.0,0.0,0.0,0.0,0.0,1.0,True,10
20,42,restrictive,20,5,dobj,kitten,1.533,2.877,1344.0,0.0,0.0,1.0,0.0,1.0,0.797753,False,158
20,43,non-restrictive,39,0,det,The,0.021,0.063,42.0,0.0,0.0,0.0,0.0,0.0,0.0,True,0
20,43,non-restrictive,39,1,nsubj,boy,0.147,0.42,273.0,0.0,0.0,0.0,0.0,0.0,1.0,True,41
20,43,non-restrictive,39,2,aux,will,0.546,0.693,147.0,0.0,0.0,0.0,0.0,0.0,1.0,True,22
20,43,non-restrictive,39,3,ROOT,move,0.777,1.008,231.0,0.0,0.0,0.0,0.0,0.0,1.0,True,10
20,43,non-restrictive,39,4,det,the,1.071,1.113,42.0,0.0,0.0,0.0,0.0,0.0,1.0,True,7
20,43,non-restrictive,39,5,dobj,shoelace,1.281,2.667,1386.0,0.0,0.0,0.0,0.0,0.0,1.0,True,162
20,44,non-restrictive,7,0,det,The,0.021,0.063,42.0,0.0,0.0,0.0,0.0,0.0,0.0,True,5
20,44,non-restrictive,7,1,nsubj,doctor,0.168,0.651,483.0,0.0,0.0,0.0,0.0,0.0,1.0,True,72
20,44,non-restrictive,7,2,aux,will,0.798,0.924,126.0,0.0,0.0,0.0,0.0,0.0,1.0,True,7
20,44,non-restrictive,7,3,ROOT,check,1.05,1.323,273.0,0.0,0.0,0.0,0.0,0.0,0.0,True,37
20,44,non-restrictive,7,4,det,the,1.428,1.491,63.0,0.0,0.0,0.0,0.0,0.0,0.0,True,9
20,44,non-restrictive,7,5,dobj,child,1.617,3.003,1386.0,0.0,0.0,0.0,0.0,0.0,1.0,True,161
20,45,non-restrictive,13,0,det,The,0.021,0.084,63.0,0.0,0.0,0.0,0.0,0.0,1.0,True,9
20,45,non-restrictive,13,1,nsubj,man,0.168,0.504,336.0,0.0,0.0,0.0,0.0,0.0,1.0,True,50
20,45,non-restrictive,13,2,aux,will,0.609,0.735,126.0,0.0,0.0,0.0,0.0,0.0,0.0,True,0
20,45,non-restrictive,13,3,ROOT,collect,0.819,1.302,483.0,0.0,0.0,0.0,0.0,0.0,1.0,True,72
20,45,non-restrictive,13,4,det,the,1.428,1.491,63.0,0.0,0.0,0.0,0.0,0.0,1.0,True,9
20,45,non-restrictive,13,5,dobj,cigarettes,1.617,3.108,1491.0,0.0,0.133333,0.733333,0.133333,0.133333,0.7,False,191
20,46,restrictive,14,0,det,The,0.021,0.063,42.0,0.0,0.0,0.0,0.0,0.0,0.0,True,6
20,46,restrictive,14,1,nsubj,boy,0.147,0.399,252.0,0.0,0.0,1.0,0.0,0.0,0.0,False,32
20,46,restrictive,14,2,aux,will,0.525,0.651,126.0,0.0,0.0,0.0,0.0,0.0,1.0,True,14
20,46,restrictive,14,3,ROOT,walk,0.756,1.029,273.0,0.0,0.0,0.0,0.0,0.0,1.0,True,22
20,46,restrictive,14,4,det,the,1.134,1.197,63.0,0.0,0.0,0.0,0.0,0.0,0.0,True,0
20,46,restrictive,14,5,dobj,dog,1.323,2.688,1365.0,0.0,0.45283,0.54717,0.0,0.0,0.0,False,197
20,47,restrictive,38,0,det,The,0.021,0.063,42.0,0.0,0.0,1.0,0.0,0.0,0.0,False,6
20,47,restrictive,38,1,nsubj,woman,0.189,0.525,336.0,0.0,0.0,1.0,0.0,0.0,0.6875,False,50
20,47,restrictive,38,2,aux,will,0.63,0.756,126.0,0.0,0.0,0.0,0.0,0.0,1.0,True,17
20,47,restrictive,38,3,ROOT,tie,0.84,1.155,315.0,0.0,0.0,0.0,0.0,0.0,1.0,True,32
20,47,restrictive,38,4,det,the,1.197,1.281,84.0,0.0,0.0,0.0,0.0,0.0,1.0,True,13
20,47,restrictive,38,5,dobj,apron,1.491,2.772,1281.0,0.0,0.0,0.0,0.0,0.0,1.0,True,156
20,48,non-restrictive,35,0,det,The,0.021,0.063,42.0,0.0,0.0,0.0,0.0,0.0,0.0,True,6
20,48,non-restrictive,35,1,nsubj,girl,0.147,0.483,336.0,0.0,0.0,0.0,0.0,0.0,1.0,True,17
20,48,non-restrictive,35,2,aux,will,0.63,0.756,126.0,0.0,0.0,0.0,0.0,0.0,1.0,True,18
20,48,non-restrictive,35,3,ROOT,squeeze,0.882,1.365,483.0,0.0,0.0,0.0,0.0,0.0,1.0,True,72
20,48,non-restrictive,35,4,det,the,1.428,1.512,84.0,0.0,0.0,0.0,0.0,0.0,1.0,True,12
20,48,non-restrictive,35,5,dobj,mascara,1.596,3.234,1638.0,1.0,0.0,0.0,0.0,0.0,0.921348,False,211
20,49,restrictive,16,0,det,The,0.021,0.063,42.0,0.0,0.0,1.0,0.0,1.0,0.0,False,6
20,49,restrictive,16,1,nsubj,woman,0.189,0.504,315.0,0.0,0.0,0.0,0.0,0.0,1.0,True,47
20,49,restrictive,16,2,aux,will,0.672,0.798,126.0,0.0,0.0,0.0,0.0,0.0,1.0,True,19
20,49,restrictive,16,3,ROOT,wear,0.882,1.113,231.0,0.0,0.0,0.0,0.0,0.0,1.0,True,15
20,49,restrictive,16,4,det,the,1.218,1.281,63.0,0.0,0.0,0.0,0.0,0.0,1.0,True,10
20,49,restrictive,16,5,dobj,dress,1.386,2.688,1302.0,0.0,0.0,1.0,0.0,1.0,0.666667,False,154
21,0,non-restrictive,2,0,det,The,0.021,0.063,42.0,0.0,0.0,0.0,0.0,0.0,0.0,True,6
21,0,non-restrictive,2,1,nsubj,policeman,0.147,0.882,735.0,0.0,0.0,0.0,0.0,0.0,1.0,True,110
21,0,non-restrictive,2,2,aux,will,0.987,1.134,147.0,0.0,0.0,0.0,0.0,0.0,1.0,True,22
21,0,non-restrictive,2,3,ROOT,search,1.26,1.533,273.0,0.0,0.0,0.0,0.0,0.0,1.0,True,40
21,0,non-restrictive,2,4,det,the,1.659,1.722,63.0,0.0,0.0,0.0,0.0,0.0,1.0,True,10
21,0,non-restrictive,2,5,dobj,man,1.827,3.066,1239.0,1.0,0.0,0.0,0.0,1.0,0.966102,False,181
21,1,restrictive,1,0,det,The,0.021,0.063,42.0,0.0,0.0,0.0,1.0,1.0,0.0,False,6
21,1,restrictive,1,1,nsubj,woman,0.189,0.525,336.0,0.0,0.0,0.0,1.0,1.0,0.939394,False,50
21,1,restrictive,1,2,aux,will,0.651,0.777,126.0,0.0,0.0,0.0,0.0,0.0,1.0,True,18
21,1,restrictive,1,3,ROOT,drink,0.882,1.197,315.0,0.0,0.0,0.0,0.0,0.0,1.0,True,47
21,1,restrictive,1,4,det,the,1.323,1.407,84.0,0.0,0.0,0.0,0.0,0.0,1.0,True,13
21,1,restrictive,1,5,dobj,wine,1.512,2.751,1239.0,0.0,0.0,1.0,0.0,0.0,0.571429,False,177
21,2,non-restrictive,46,0,det,The,0.021,0.063,42.0,0.0,0.0,0.0,0.0,0.0,0.0,True,6
21,2,non-restrictive,46,1,nsubj,musician,0.126,0.861,735.0,1.0,0.0,0.0,0.0,1.0,0.967742,False,110
21,2,non-restrictive,46,2,aux,will,1.05,1.197,147.0,0.0,0.0,0.0,0.0,0.0,1.0,True,22
21,2,non-restrictive,46,3,ROOT,move,1.281,1.575,294.0,0.0,0.0,0.0,0.0,0.0,1.0,True,44
21,2,non-restrictive,46,4,det,the,1.659,1.722,63.0,0.0,0.0,0.0,0.0,0.0,1.0,True,10
21,2,non-restrictive,46,5,dobj,violin,1.827,3.402,1575.0,1.0,0.0,0.0,0.0,1.0,0.964286,False,224
21,3,non-restrictive,36,0,det,The,0.021,0.063,42.0,0.0,0.0,0.0,0.0,0.0,0.0,True,6
21,3,non-restrictive,36,1,nsubj,kid,0.168,0.483,315.0,1.0,0.0,0.0,0.0,0.0,0.866667,False,47
21,3,non-restrictive,36,2,aux,will,0.609,0.756,147.0,0.0,0.0,0.0,0.0,0.0,1.0,True,22
21,3,non-restrictive,36,3,ROOT,stack,0.861,1.239,378.0,0.0,0.0,0.0,0.0,0.0,1.0,True,56
21,3,non-restrictive,36,4,det,the,1.344,1.428,84.0,0.0,0.0,0.0,0.0,0.0,1.0,True,13
21,3,non-restrictive,36,5,dobj,lego,1.554,2.877,1323.0,1.0,0.0,0.0,0.0,0.0,0.913043,False,180
21,4,restrictive,29,0,det,The,0.021,0.063,42.0,1.0,0.0,0.0,0.0,0.0,0.0,False,6
21,4,restrictive,29,1,nsubj,grandmother,0.147,0.84,693.0,1.0,0.0,0.0,0.0,0.0,0.903226,False,103
21,4,restrictive,29,2,aux,will,1.176,1.302,126.0,0.0,0.0,0.0,0.0,0.0,1.0,True,19
21,4,restrictive,29,3,ROOT,read,1.428,1.638,210.0,0.0,0.0,0.0,0.0,0.0,1.0,True,31
21,4,restrictive,29,4,det,the,1.722,1.785,63.0,0.0,0.0,0.0,0.0,0.0,1.0,True,9
21,4,restrictive,29,5,dobj,newspaper,1.911,2.793,882.0,0.0,0.0,1.0,0.0,0.0,0.594595,False,126
21,5,restrictive,11,0,det,The,0.021,0.063,42.0,0.0,0.0,0.0,0.0,0.0,0.0,True,6
21,5,restrictive,11,1,nsubj,baby,0.168,0.504,336.0,0.0,0.0,0.0,1.0,0.0,0.923077,False,50
21,5,restrictive,11,2,aux,will,0.714,0.84,126.0,0.0,0.0,0.0,0.0,0.0,1.0,True,19
21,5,restrictive,11,3,ROOT,ring,0.966,1.134,168.0,0.0,0.0,0.0,0.0,0.0,1.0,True,25
21,5,restrictive,11,4,det,the,1.218,1.26,42.0,0.0,0.0,0.0,0.0,0.0,1.0,True,7
21,5,restrictive,11,5,dobj,bell,1.386,2.058,672.0,1.0,0.0,0.0,0.0,0.0,0.972973,False,96
21,6,non-restrictive,16,0,det,The,0.021,0.063,42.0,0.0,0.0,0.0,0.0,0.0,0.0,True,6
21,6,non-restrictive,16,1,nsubj,woman,0.189,0.525,336.0,0.0,0.0,0.2,0.8,0.2,0.807692,False,50
21,6,non-restrictive,16,2,aux,will,0.63,0.756,126.0,0.0,0.0,0.0,0.0,0.0,1.0,True,18
21,6,non-restrictive,16,3,ROOT,carry,0.861,1.239,378.0,0.0,0.0,0.0,0.0,0.0,1.0,True,56
21,6,non-restrictive,16,4,det,the,1.344,1.428,84.0,0.0,0.0,0.0,0.0,0.0,1.0,True,13
21,6,non-restrictive,16,5,dobj,dress,1.533,2.814,1281.0,0.0,0.0,0.0,0.0,0.0,1.0,True,187
21,7,non-restrictive,30,0,det,The,0.021,0.063,42.0,0.0,0.0,0.0,0.0,0.0,0.0,True,6
21,7,non-restrictive,30,1,nsubj,girl,0.147,0.483,336.0,1.0,0.0,0.0,0.0,1.0,0.333333,False,50
21,7,non-restrictive,30,2,aux,will,0.63,0.756,126.0,0.0,0.0,0.0,0.0,0.0,1.0,True,18
21,7,non-restrictive,30,3,ROOT,grab,0.861,1.239,378.0,0.0,0.0,0.0,0.0,0.0,1.0,True,56
21,7,non-restrictive,30,4,det,the,1.365,1.428,63.0,0.0,0.0,0.0,0.0,0.0,1.0,True,10
21,7,non-restrictive,30,5,dobj,dice,1.533,2.772,1239.0,1.0,0.0,0.0,0.0,1.0,0.955556,False,179
21,8,non-restrictive,0,0,det,The,0.021,0.063,42.0,0.0,0.0,0.0,0.0,0.0,0.0,True,6
21,8,non-restrictive,0,1,nsubj,boy,0.147,0.441,294.0,0.0,0.0,0.130435,0.869565,0.130435,0.233333,False,43
21,8,non-restrictive,0,2,aux,will,0.567,0.714,147.0,0.0,0.0,0.333333,0.666667,0.333333,0.0,False,22
21,8,non-restrictive,0,3,ROOT,move,0.798,1.05,252.0,0.0,0.0,0.0,0.0,0.0,1.0,True,37
21,8,non-restrictive,0,4,det,the,1.134,1.176,42.0,0.0,0.0,0.0,0.0,0.0,0.0,True,6
21,8,non-restrictive,0,5,dobj,cake,1.281,2.478,1197.0,0.0,1.0,0.0,0.0,0.0,0.962963,False,175
21,9,restrictive,21,0,det,The,0.021,0.063,42.0,0.0,0.0,0.0,0.0,0.0,0.0,True,6
21,9,restrictive,21,1,nsubj,woman,0.189,0.504,315.0,0.0,0.0,1.0,0.0,0.0,0.0,False,47
21,9,restrictive,21,2,aux,will,0.693,0.84,147.0,0.0,0.0,0.0,0.0,0.0,1.0,True,22
21,9,restrictive,21,3,ROOT,water,0.987,1.365,378.0,1.0,0.0,0.0,0.0,0.0,0.769231,False,56
21,9,restrictive,21,4,det,the,1.47,1.512,42.0,0.0,0.0,0.0,0.0,0.0,1.0,True,6
21,9,restrictive,21,5,dobj,flower,1.659,3.003,1344.0,0.0,0.125,0.875,0.0,0.0,0.272727,False,192
21,10,non-restrictive,10,0,det,The,0.021,0.063,42.0,0.0,0.0,0.0,0.0,0.0,0.0,True,6
21,10,non-restrictive,10,1,nsubj,man,0.168,0.483,315.0,0.0,0.0,0.657143,0.342857,0.0,0.0,False,47
21,10,non-restrictive,10,2,aux,will,0.63,0.756,126.0,0.0,0.0,0.0,1.0,0.0,0.0,False,18
21,10,non-restrictive,10,3,ROOT,wipe,0.861,1.113,252.0,0.0,0.0,0.0,0.0,0.0,1.0,True,38
21,10,non-restrictive,10,4,det,the,1.218,1.281,63.0,0.0,0.0,0.0,0.0,0.0,1.0,True,10
21,10,non-restrictive,10,5,compound,washing,1.407,1.953,546.0,0.0,1.0,0.0,0.0,0.0,0.9375,False,81
21,10,non-restrictive,10,6,dobj,machine,2.037,3.381,1344.0,0.111111,0.0,0.888889,0.0,0.111111,0.0,False,191
21,11,restrictive,49,0,det,The,0.021,0.084,63.0,0.0,0.0,0.888889,0.111111,0.111111,0.0,False,9
21,11,restrictive,49,1,nsubj,man,0.168,0.462,294.0,0.0,0.2,0.8,0.0,0.0,0.0,False,44
21,11,restrictive,49,2,aux,will,0.567,0.714,147.0,0.0,0.0,0.0,0.0,0.0,1.0,True,22
21,11,restrictive,49,3,ROOT,lick,0.819,1.008,189.0,0.0,0.0,0.0,0.0,0.0,1.0,True,28
21,11,restrictive,49,4,det,the,1.113,1.176,63.0,0.0,0.0,0.0,0.0,0.0,1.0,True,9
21,11,restrictive,49,5,dobj,stamp,1.323,2.604,1281.0,0.0,0.0,1.0,0.0,0.0,0.637255,False,187
21,12,non-restrictive,4,0,det,The,0.021,0.063,42.0,0.0,0.0,0.0,0.0,0.0,0.0,True,6
21,12,non-restrictive,4,1,nsubj,boy,0.147,0.42,273.0,0.0,1.0,0.0,0.0,0.0,0.666667,False,41
21,12,non-restrictive,4,2,aux,will,0.546,0.693,147.0,0.0,0.0,0.0,0.0,0.0,1.0,True,22
21,12,non-restrictive,4,3,ROOT,throw,0.84,1.134,294.0,0.0,0.0,0.0,0.0,0.0,1.0,True,18
21,12,non-restrictive,4,4,det,the,1.239,1.302,63.0,0.0,0.0,0.0,0.0,0.0,1.0,True,10
21,12,non-restrictive,4,5,dobj,ball,1.407,2.583,1176.0,0.5,0.5,0.0,0.0,0.0,0.948718,False,171
21,13,non-restrictive,18,0,det,The,0.021,0.063,42.0,0.0,0.0,0.0,0.0,0.0,0.0,True,6
21,13,non-restrictive,18,1,nsubj,boy,0.147,0.441,294.0,0.0,0.0,0.0,0.0,0.0,0.0,True,44
21,13,non-restrictive,18,2,aux,will,0.567,0.714,147.0,0.0,0.0,0.0,0.0,0.0,0.0,True,22
21,13,non-restrictive,18,3,ROOT,touch,0.798,1.071,273.0,0.0,0.0,0.0,0.0,0.0,1.0,True,40
21,13,non-restrictive,18,4,det,the,1.176,1.239,63.0,0.0,0.0,0.0,0.0,0.0,1.0,True,10
21,13,non-restrictive,18,5,dobj,football,1.344,2.688,1344.0,0.0,0.425,0.575,0.0,0.0,0.375,False,169
21,14,restrictive,3,0,det,The,0.021,0.063,42.0,0.0,0.0,0.0,0.0,0.0,0.0,True,6
21,14,restrictive,3,1,nsubj,woman,0.189,0.525,336.0,0.0,0.0,0.0,1.0,0.0,0.642857,False,50
21,14,restrictive,3,2,aux,will,0.672,0.798,126.0,0.0,0.0,0.0,0.0,0.0,1.0,True,19
21,14,restrictive,3,3,ROOT,bathe,0.924,1.197,273.0,0.0,0.0,0.0,0.0,0.0,1.0,True,17
21,14,restrictive,3,4,det,the,1.428,1.47,42.0,0.0,0.0,0.0,0.0,0.0,1.0,True,6
21,14,restrictive,3,5,dobj,baby,1.596,2.94,1344.0,1.0,0.0,0.0,0.0,0.0,0.977778,False,195
21,15,restrictive,39,0,det,The,0.021,0.063,42.0,0.0,0.0,1.0,0.0,0.0,0.0,False,6
21,15,restrictive,39,1,nsubj,boy,0.147,0.42,273.0,0.0,0.0,0.75,0.25,0.0,0.8,False,41
21,15,restrictive,39,2,aux,will,0.525,0.651,126.0,0.0,0.0,0.0,0.0,0.0,1.0,True,19
21,15,restrictive,39,3,ROOT,tie,0.735,1.05,315.0,0.0,0.0,0.0,0.0,0.0,1.0,True,23
21,15,restrictive,39,4,det,the,1.092,1.155,63.0,0.0,0.0,0.0,0.0,0.0,1.0,True,9
21,15,restrictive,39,5,dobj,shoelace,1.323,2.688,1365.0,0.0,1.0,0.0,0.0,1.0,0.268293,False,199
21,16,non-restrictive,6,0,det,The,0.021,0.063,42.0,0.0,0.0,0.0,0.0,0.0,0.0,True,6
21,16,non-restrictive,6,1,nsubj,housewife,0.189,0.882,693.0,0.0,0.0,0.021277,0.978723,0.0,0.040816,False,103
21,16,non-restrictive,6,2,aux,will,0.987,1.113,126.0,0.0,0.0,0.0,0.0,0.0,1.0,True,19
21,16,non-restrictive,6,3,ROOT,wash,1.239,1.575,336.0,0.0,0.0,0.0,0.0,0.0,1.0,True,39
21,16,non-restrictive,6,4,det,the,1.68,1.743,63.0,0.0,0.0,0.0,0.0,0.0,1.0,True,10
21,16,non-restrictive,6,5,dobj,mushrooms,1.848,3.423,1575.0,0.0,0.0,0.0,0.0,0.0,1.0,True,227
21,17,restrictive,19,0,det,The,0.021,0.063,42.0,0.0,0.5,0.5,0.0,0.5,0.0,False,6
21,17,restrictive,19,1,nsubj,chef,0.21,0.462,252.0,0.0,0.0,0.0,0.0,0.0,0.0,True,37
21,17,restrictive,19,2,aux,will,0.609,0.756,147.0,0.0,0.0,0.0,0.0,0.0,1.0,True,22
21,17,restrictive,19,3,ROOT,slice,0.84,1.197,357.0,0.0,0.0,0.0,0.0,0.0,1.0,True,53
21,17,restrictive,19,4,det,the,1.281,1.344,63.0,0.0,0.0,0.0,0.0,0.0,1.0,True,9
21,17,restrictive,19,5,dobj,bread,1.449,2.625,1176.0,0.0,0.0,0.0,0.0,0.0,1.0,True,170
21,18,restrictive,41,0,det,The,0.021,0.063,42.0,0.0,0.0,0.0,0.0,0.0,0.0,True,6
21,18,restrictive,41,1,nsubj,boy,0.147,0.42,273.0,0.0,0.0,0.727273,0.272727,0.272727,0.0,False,41
21,18,restrictive,41,2,aux,will,0.546,0.714,168.0,0.0,0.0,0.0,0.0,0.0,1.0,True,25
21,18,restrictive,41,3,ROOT,squeeze,0.84,1.302,462.0,0.0,0.0,0.0,0.0,0.0,1.0,True,69
21,18,restrictive,41,4,det,the,1.386,1.449,63.0,0.0,0.0,0.0,0.0,0.0,1.0,True,10
21,18,restrictive,41,5,dobj,orange,1.638,3.003,1365.0,0.0,0.0,0.203125,0.796875,0.796875,0.412844,False,196
21,19,non-restrictive,40,0,det,The,0.021,0.063,42.0,0.0,0.0,1.0,0.0,1.0,0.0,False,6
21,19,non-restrictive,40,1,nsubj,girl,0.189,0.504,315.0,0.0,0.0,0.0,1.0,0.0,0.0,False,47
21,19,non-restrictive,40,2,aux,will,0.651,0.777,126.0,0.0,0.0,0.0,0.0,0.0,1.0,True,19
21,19,non-restrictive,40,3,ROOT,hold,0.903,1.176,273.0,0.0,0.0,0.0,0.0,0.0,1.0,True,41
21,19,non-restrictive,40,4,det,the,1.281,1.344,63.0,0.0,0.0,0.0,0.0,0.0,0.0,True,0
21,19,non-restrictive,40,5,dobj,blouse,1.449,2.73,1281.0,1.0,0.0,0.0,0.0,0.0,0.97619,False,187
21,20,restrictive,13,0,det,The,0.021,0.063,42.0,0.0,0.0,0.0,1.0,1.0,0.0,False,6
21,20,restrictive,13,1,nsubj,man,0.168,0.462,294.0,0.0,0.0,0.0,1.0,1.0,0.166667,False,43
21,20,restrictive,13,2,aux,will,0.567,0.714,147.0,0.0,0.0,0.0,0.0,0.0,1.0,True,5
21,20,restrictive,13,3,ROOT,smoke,0.84,1.197,357.0,0.0,0.0,0.0,0.0,0.0,1.0,True,53
21,20,restrictive,13,4,det,the,1.281,1.344,63.0,0.0,0.0,0.0,0.0,0.0,1.0,True,9
21,20,restrictive,13,5,dobj,cigarettes,1.47,2.961,1491.0,0.0,0.0,0.076923,0.923077,0.923077,0.559322,False,215
21,21,restrictive,33,0,det,The,0.021,0.063,42.0,0.0,0.0,1.0,0.0,0.0,0.0,False,6
21,21,restrictive,33,1,nsubj,boy,0.147,0.42,273.0,0.0,0.0,0.6,0.4,0.4,0.0,False,41
21,21,restrictive,33,2,aux,will,0.546,0.693,147.0,0.0,0.0,0.0,0.0,0.0,1.0,True,22
21,21,restrictive,33,3,ROOT,unzip,0.861,1.302,441.0,0.0,0.0,0.0,0.0,0.0,1.0,True,66
21,21,restrictive,33,4,det,the,1.449,1.512,63.0,0.0,0.0,0.0,0.0,0.0,1.0,True,9
21,21,restrictive,33,5,dobj,suitcase,1.68,3.192,1512.0,0.0,0.0,0.977099,0.022901,0.022901,0.191358,False,214
21,22,restrictive,37,0,det,The,0.021,0.063,42.0,0.0,0.0,1.0,0.0,0.0,0.0,False,6
21,22,restrictive,37,1,nsubj,boy,0.147,0.42,273.0,0.0,0.0,1.0,0.0,0.0,0.0,False,41
21,22,restrictive,37,2,aux,will,0.546,0.693,147.0,0.0,0.0,0.0,0.0,0.0,1.0,True,22
21,22,restrictive,37,3,ROOT,peel,0.777,1.092,315.0,0.0,0.0,0.0,0.0,0.0,1.0,True,46
21,22,restrictive,37,4,det,the,1.218,1.302,84.0,0.0,0.0,0.0,0.0,0.0,1.0,True,13
21,22,restrictive,37,5,dobj,banana,1.386,2.856,1470.0,0.0,0.0,1.0,0.0,0.0,0.16,False,211
21,23,restrictive,23,0,det,The,0.021,0.063,42.0,0.0,0.0,0.0,0.0,0.0,0.0,True,6
21,23,restrictive,23,1,nsubj,girl,0.147,0.483,336.0,0.0,1.0,0.0,0.0,1.0,0.5,False,30
21,23,restrictive,23,2,aux,will,0.63,0.756,126.0,0.0,0.0,0.0,0.0,0.0,1.0,True,18
21,23,restrictive,23,3,ROOT,knit,0.84,1.029,189.0,0.0,0.0,0.0,0.0,0.0,1.0,True,28
21,23,restrictive,23,4,det,the,1.155,1.197,42.0,0.0,0.0,0.0,0.0,0.0,1.0,True,6
21,23,restrictive,23,5,dobj,scarf,1.323,2.583,1260.0,0.0,0.147727,0.829545,0.022727,0.147727,0.0,False,187
21,24,non-restrictive,28,0,det,The,0.021,0.063,42.0,0.0,0.0,1.0,0.0,1.0,0.0,False,6
21,24,non-restrictive,28,1,nsubj,cat,0.126,0.441,315.0,0.0,0.0,0.0,1.0,0.0,0.205882,False,47
21,24,non-restrictive,28,2,aux,will,0.546,0.672,126.0,0.0,0.0,0.0,0.0,0.0,0.0,True,19
21,24,non-restrictive,28,3,ROOT,push,0.777,1.071,294.0,0.0,0.0,0.0,0.0,0.0,1.0,True,44
21,24,non-restrictive,28,4,det,the,1.176,1.239,63.0,0.0,0.0,0.0,0.0,0.0,1.0,True,10
21,24,non-restrictive,28,5,dobj,milk,1.344,2.478,1134.0,0.5,0.5,0.0,0.0,0.0,0.913043,False,167
21,25,restrictive,43,0,det,The,0.021,0.063,42.0,0.0,0.0,0.0,0.0,0.0,0.0,True,6
21,25,restrictive,43,1,nsubj,man,0.168,0.462,294.0,0.0,0.0,0.0,0.0,0.0,1.0,True,43
21,25,restrictive,43,2,aux,will,0.588,0.714,126.0,0.0,0.0,0.0,0.0,0.0,1.0,True,19
21,25,restrictive,43,3,ROOT,lock,0.819,1.092,273.0,0.0,0.0,0.0,0.0,0.0,1.0,True,41
21,25,restrictive,43,4,det,the,1.197,1.26,63.0,0.0,0.0,0.0,0.0,0.0,0.0,True,10
21,25,restrictive,43,5,dobj,safe,1.407,2.583,1176.0,0.0,0.0,1.0,0.0,0.0,0.0,False,171
21,26,non-restrictive,20,0,det,The,0.021,0.063,42.0,0.0,0.0,0.0,0.0,0.0,0.0,True,6
21,26,non-restrictive,20,1,nsubj,baby,0.168,0.525,357.0,0.0,0.0,1.0,0.0,1.0,0.0,False,53
21,26,non-restrictive,20,2,aux,will,0.735,0.861,126.0,0.0,0.0,1.0,0.0,1.0,0.0,False,19
21,26,non-restrictive,20,3,ROOT,grab,0.945,1.344,399.0,0.0,0.0,0.0,1.0,0.0,0.0,False,59
21,26,non-restrictive,20,4,det,the,1.47,1.533,63.0,0.0,0.0,0.0,0.0,0.0,1.0,True,9
21,26,non-restrictive,20,5,dobj,kitten,1.617,2.982,1365.0,0.0,1.0,0.0,0.0,0.0,0.901639,False,167
21,27,restrictive,27,0,det,The,0.021,0.063,42.0,0.0,0.0,1.0,0.0,0.0,0.0,False,6
21,27,restrictive,27,1,nsubj,boy,0.147,0.42,273.0,0.0,0.0,1.0,0.0,0.0,0.0,False,41
21,27,restrictive,27,2,aux,will,0.546,0.693,147.0,0.0,0.0,0.0,0.0,0.0,1.0,True,22
21,27,restrictive,27,3,ROOT,dim,0.798,0.987,189.0,0.0,0.0,0.0,0.0,0.0,1.0,True,16
21,27,restrictive,27,4,det,the,1.092,1.155,63.0,0.0,0.0,0.0,0.0,0.0,1.0,True,9
21,27,restrictive,27,5,dobj,lamp,1.302,2.415,1113.0,0.0,0.0,0.0,0.0,0.0,1.0,True,164
21,28,restrictive,9,0,det,The,0.021,0.063,42.0,0.0,0.0,1.0,0.0,0.0,0.0,False,6
21,28,restrictive,9,1,nsubj,woman,0.189,0.525,336.0,0.0,0.0,0.666667,0.333333,0.333333,0.625,False,27
21,28,restrictive,9,2,aux,will,0.651,0.798,147.0,0.0,0.0,0.0,0.0,0.0,1.0,True,22
21,28,restrictive,9,3,ROOT,read,0.924,1.113,189.0,0.0,0.0,0.0,0.0,0.0,0.0,True,29
21,28,restrictive,9,4,det,the,1.197,1.26,63.0,0.0,0.0,0.0,0.0,0.0,0.0,True,10
21,28,restrictive,9,5,dobj,book,1.386,2.457,1071.0,0.0,0.0,1.0,0.0,0.0,0.385417,False,158
21,29,restrictive,15,0,det,The,0.021,0.063,42.0,0.0,0.0,0.0,1.0,0.0,0.0,False,6
21,29,restrictive,15,1,nsubj,businessman,0.168,1.008,840.0,0.0,0.0,0.0,1.0,0.0,0.771429,False,125
21,29,restrictive,15,2,aux,will,1.197,1.323,126.0,0.0,0.0,0.0,0.0,0.0,1.0,True,19
21,29,restrictive,15,3,ROOT,wear,1.407,1.638,231.0,0.0,0.0,0.0,0.0,0.0,1.0,True,34
21,29,restrictive,15,4,det,the,1.743,1.806,63.0,0.0,0.0,0.0,0.0,0.0,1.0,True,9
21,29,restrictive,15,5,dobj,hat,1.932,3.045,1113.0,1.0,0.0,0.0,0.0,0.0,0.931034,False,159
21,30,non-restrictive,24,0,det,The,0.021,0.063,42.0,0.0,0.0,0.0,0.0,0.0,0.0,True,6
21,30,non-restrictive,24,1,nsubj,girl,0.168,0.525,357.0,0.0,0.0,1.0,0.0,1.0,0.0,False,53
21,30,non-restrictive,24,2,aux,will,0.651,0.798,147.0,0.0,0.0,0.0,0.0,0.0,1.0,True,22
21,30,non-restrictive,24,3,ROOT,lift,0.924,1.218,294.0,0.0,0.0,0.0,0.0,0.0,1.0,True,44
21,30,non-restrictive,24,4,det,the,1.323,1.386,63.0,0.0,0.0,0.0,0.0,0.0,1.0,True,9
21,30,non-restrictive,24,5,dobj,rabbit,1.512,2.793,1281.0,0.0,0.0,0.0,0.0,0.0,1.0,True,185
21,31,non-restrictive,14,0,det,The,0.021,0.063,42.0,0.0,0.0,1.0,0.0,0.0,0.0,False,6
21,31,non-restrictive,14,1,nsubj,boy,0.147,0.378,231.0,0.0,0.0,0.380952,0.619048,0.0,0.0,False,35
21,31,non-restrictive,14,2,aux,will,0.504,0.63,126.0,0.0,0.0,0.0,1.0,0.0,0.266667,False,19
21,31,non-restrictive,14,3,ROOT,feed,0.735,0.987,252.0,0.0,0.0,0.0,0.0,0.0,1.0,True,38
21,31,non-restrictive,14,4,det,the,1.071,1.134,63.0,0.0,0.0,0.0,0.0,0.0,1.0,True,10
21,31,non-restrictive,14,5,dobj,dog,1.239,2.583,1344.0,0.0,0.0,0.0,0.0,0.0,1.0,True,193
21,32,non-restrictive,26,0,det,The,0.021,0.063,42.0,0.0,0.0,0.0,0.0,0.0,0.0,True,6
21,32,non-restrictive,26,1,nsubj,woman,0.189,0.504,315.0,0.0,0.0,0.55,0.45,0.0,0.0,False,47
21,32,non-restrictive,26,2,aux,will,0.693,0.819,126.0,0.0,0.0,0.0,0.0,0.0,1.0,True,19
21,32,non-restrictive,26,3,ROOT,grab,0.903,1.281,378.0,0.0,0.0,0.0,0.0,0.0,1.0,True,57
21,32,non-restrictive,26,4,det,the,1.386,1.449,63.0,0.0,0.0,0.0,0.0,0.0,1.0,True,10
21,32,non-restrictive,26,5,dobj,candle,1.533,2.898,1365.0,0.0,1.0,0.0,0.0,0.0,0.941176,False,200
21,33,non-restrictive,38,0,det,The,0.021,0.063,42.0,0.0,0.0,0.0,0.0,0.0,0.0,True,6
21,33,non-restrictive,38,1,nsubj,woman,0.189,0.525,336.0,1.0,0.0,0.0,0.0,1.0,0.0,False,50
21,33,non-restrictive,38,2,aux,will,0.63,0.756,126.0,0.0,0.0,0.0,0.0,0.0,1.0,True,18
21,33,non-restrictive,38,3,ROOT,carry,0.861,1.239,378.0,0.0,0.0,0.0,0.0,0.0,1.0,True,56
21,33,non-restrictive,38,4,det,the,1.344,1.428,84.0,0.0,0.0,0.0,0.0,0.0,0.0,True,13
21,33,non-restrictive,38,5,dobj,apron,1.617,2.919,1302.0,0.0,0.031746,0.936508,0.031746,0.0,0.030769,False,188
21,34,non-restrictive,42,0,det,The,0.021,0.063,42.0,0.0,0.0,0.0,0.0,0.0,0.0,True,6
21,34,non-restrictive,42,1,nsubj,woman,0.189,0.525,336.0,0.0,0.0,0.0,0.0,0.0,0.0,True,50
21,34,non-restrictive,42,2,aux,will,0.672,0.798,126.0,0.0,0.0,0.0,0.0,0.0,0.0,True,19
21,34,non-restrictive,42,3,ROOT,wash,0.903,1.26,357.0,0.0,0.0,1.0,0.0,0.0,0.347826,False,54
21,34,non-restrictive,42,4,det,the,1.386,1.449,63.0,0.0,0.0,0.0,0.0,0.0,1.0,True,10
21,34,non-restrictive,42,5,dobj,shirt,1.638,2.793,1155.0,0.0,0.0,0.0,0.0,0.0,0.0,True,167
21,35,restrictive,25,0,det,The,0.021,0.063,42.0,0.0,0.0,0.0,0.0,0.0,1.0,True,6
21,35,restrictive,25,1,nsubj,man,0.168,0.462,294.0,0.0,0.0,1.0,0.0,0.0,0.533333,False,43
21,35,restrictive,25,2,aux,will,0.567,0.714,147.0,0.0,0.0,0.0,0.0,0.0,1.0,True,22
21,35,restrictive,25,3,ROOT,paint,0.798,1.113,315.0,0.0,0.0,0.0,0.0,0.0,1.0,True,47
21,35,restrictive,25,4,det,the,1.239,1.302,63.0,0.0,0.0,0.0,0.0,0.0,1.0,True,10
21,35,restrictive,25,5,dobj,canvas,1.386,2.898,1512.0,0.0,0.034091,0.965909,0.0,0.0,0.260504,False,220
21,36,non-restrictive,22,0,det,The,0.021,0.063,42.0,0.0,0.0,0.0,1.0,0.0,0.0,False,6
21,36,non-restrictive,22,1,nsubj,girl,0.147,0.483,336.0,0.0,1.0,0.0,0.0,0.0,0.307692,False,51
21,36,non-restrictive,22,2,aux,will,0.63,0.756,126.0,0.0,0.0,0.0,0.0,0.0,1.0,True,18
21,36,non-restrictive,22,3,ROOT,hang,0.882,1.155,273.0,0.0,0.0,0.0,0.0,0.0,1.0,True,16
21,36,non-restrictive,22,4,det,the,1.218,1.281,63.0,0.0,0.0,0.0,0.0,0.0,1.0,True,10
21,36,non-restrictive,22,5,dobj,coat,1.386,2.562,1176.0,0.090909,0.909091,0.0,0.0,0.090909,0.0,False,168
21,37,restrictive,31,0,det,The,0.021,0.063,42.0,0.0,0.0,1.0,0.0,0.0,0.0,False,6
21,37,restrictive,31,1,nsubj,woman,0.21,0.546,336.0,0.0,0.5,0.5,0.0,0.5,0.190476,False,50
21,37,restrictive,31,2,aux,will,0.693,0.819,126.0,0.0,0.0,0.0,0.0,0.0,1.0,True,19
21,37,restrictive,31,3,ROOT,open,1.008,1.302,294.0,0.0,0.0,0.0,0.0,0.0,1.0,True,44
21,37,restrictive,31,4,det,the,1.407,1.47,63.0,0.0,1.0,0.0,0.0,1.0,0.0,False,9
21,37,restrictive,31,5,dobj,bottle,1.596,2.814,1218.0,0.0,0.0,1.0,0.0,0.0,0.0,False,178
21,38,restrictive,7,0,det,The,0.021,0.063,42.0,0.0,0.0,0.0,0.0,0.0,0.0,True,6
21,38,restrictive,7,1,nsubj,doctor,0.168,0.672,504.0,0.0,1.0,0.0,0.0,1.0,0.923077,False,75
21,38,restrictive,7,2,aux,will,0.819,0.945,126.0,0.0,0.0,0.0,0.0,0.0,1.0,True,4
21,38,restrictive,7,3,ROOT,inject,1.008,1.491,483.0,0.0,0.0,0.0,0.0,0.0,1.0,True,72
21,38,restrictive,7,4,det,the,1.596,1.659,63.0,0.0,0.0,0.0,0.0,0.0,0.0,True,9
21,38,restrictive,7,5,dobj,child,1.764,3.15,1386.0,0.0,0.0,0.0,0.0,0.0,0.0,True,198
21,39,restrictive,17,0,det,The,0.021,0.063,42.0,0.0,0.0,1.0,0.0,0.0,0.0,False,6
21,39,restrictive,17,1,nsubj,man,0.168,0.483,315.0,0.0,0.0,1.0,0.0,0.0,0.6,False,20
21,39,restrictive,17,2,aux,will,0.609,0.735,126.0,0.0,0.0,0.0,0.0,0.0,0.0,True,19
21,39,restrictive,17,3,ROOT,chop,0.819,1.092,273.0,0.0,0.0,0.0,0.0,0.0,1.0,True,41
21,39,restrictive,17,4,det,the,1.218,1.281,63.0,0.0,0.0,0.0,0.0,0.0,0.0,True,10
21,39,restrictive,17,5,dobj,wood,1.407,2.541,1134.0,0.0,0.129496,0.870504,0.0,0.0,0.0,False,165
21,40,non-restrictive,8,0,det,The,0.021,0.063,42.0,0.0,0.0,0.0,0.0,0.0,0.0,True,6
21,40,non-restrictive,8,1,nsubj,woman,0.189,0.525,336.0,0.0,0.0,1.0,0.0,1.0,0.2,False,50
21,40,non-restrictive,8,2,aux,will,0.651,0.798,147.0,0.0,0.0,0.0,0.0,0.0,1.0,True,22
21,40,non-restrictive,8,3,ROOT,dust,0.882,1.218,336.0,0.0,0.0,0.0,0.0,0.0,1.0,True,50
21,40,non-restrictive,8,4,det,the,1.323,1.386,63.0,0.0,0.0,0.0,0.0,0.0,1.0,True,9
21,40,non-restrictive,8,5,dobj,piano,1.47,3.087,1617.0,0.009009,0.0,0.963964,0.027027,0.963964,0.082645,False,232
21,41,restrictive,45,0,det,The,0.021,0.063,42.0,0.0,0.0,1.0,0.0,0.0,0.0,False,6
21,41,restrictive,45,1,nsubj,chef,0.21,0.483,273.0,0.0,0.0,0.0,1.0,1.0,0.9,False,41
21,41,restrictive,45,2,aux,will,0.63,0.756,126.0,0.0,0.0,0.0,0.0,0.0,1.0,True,18
21,41,restrictive,45,3,ROOT,grate,0.861,1.176,315.0,0.0,0.0,0.0,0.0,0.0,1.0,True,47
21,41,restrictive,45,4,det,the,1.26,1.323,63.0,0.0,0.0,0.0,0.0,0.0,1.0,True,9
21,41,restrictive,45,5,dobj,carrot,1.407,2.688,1281.0,0.0,0.0,0.972603,0.027397,0.027397,0.075949,False,182
21,42,non-restrictive,34,0,det,The,0.021,0.063,42.0,0.0,0.0,0.0,0.0,0.0,0.0,True,6
21,42,non-restrictive,34,1,nsubj,boy,0.147,0.441,294.0,0.0,0.0,1.0,0.0,0.0,0.0,False,44
21,42,non-restrictive,34,2,aux,will,0.63,0.756,126.0,0.0,0.0,1.0,0.0,0.0,0.0,False,18
21,42,non-restrictive,34,3,ROOT,move,0.861,1.113,252.0,0.0,0.0,0.0,0.0,0.0,1.0,True,38
21,42,non-restrictive,34,4,det,the,1.197,1.26,63.0,0.0,0.0,0.0,0.0,0.0,1.0,True,10
21,42,non-restrictive,34,5,dobj,radio,1.407,2.835,1428.0,0.0,1.0,0.0,0.0,0.0,0.944444,False,200
21,43,non-restrictive,44,0,det,The,0.021,0.063,42.0,0.0,0.0,0.0,0.0,0.0,0.0,True,6
21,43,non-restrictive,44,1,nsubj,baker,0.168,0.63,462.0,0.0,0.0,1.0,0.0,1.0,0.638298,False,69
21,43,non-restrictive,44,2,aux,will,0.756,0.903,147.0,0.0,0.0,0.0,0.0,0.0,1.0,True,22
21,43,non-restrictive,44,3,ROOT,inspect,0.987,1.554,567.0,0.0,0.0,0.0,0.0,0.0,1.0,True,84
21,43,non-restrictive,44,4,det,the,1.659,1.722,63.0,1.0,0.0,0.0,0.0,0.0,0.5,False,10
21,43,non-restrictive,44,5,dobj,dough,1.827,3.003,1176.0,1.0,0.0,0.0,0.0,0.0,0.911765,False,155
21,44,restrictive,47,0,det,The,0.021,0.063,42.0,0.0,0.0,0.0,0.0,0.0,0.0,True,6
21,44,restrictive,47,1,nsubj,girl,0.168,0.504,336.0,0.0,0.0,0.25,0.75,0.0,0.428571,False,50
21,44,restrictive,47,2,aux,will,0.672,0.819,147.0,0.0,0.0,0.0,0.0,0.0,1.0,True,22
21,44,restrictive,47,3,ROOT,vacuum,0.924,1.47,546.0,0.0,0.0,0.0,0.0,0.0,1.0,True,82
21,44,restrictive,47,4,det,the,1.554,1.617,63.0,0.0,0.0,0.0,0.0,0.0,1.0,True,9
21,44,restrictive,47,5,dobj,carpet,1.722,3.108,1386.0,0.0,0.0,1.0,0.0,0.0,0.0,False,200
21,45,non-restrictive,48,0,det,The,0.021,0.063,42.0,0.0,0.0,0.0,1.0,0.0,0.0,False,6
21,45,non-restrictive,48,1,nsubj,child,0.189,0.714,525.0,0.0,0.0,0.0,0.0,0.0,0.0,True,78
21,45,non-restrictive,48,2,aux,will,0.819,0.945,126.0,0.0,0.0,0.0,0.0,0.0,0.0,True,19
21,45,non-restrictive,48,3,ROOT,carry,1.029,1.386,357.0,0.0,0.0,0.0,0.0,0.0,0.0,True,53
21,45,non-restrictive,48,4,det,the,1.512,1.575,63.0,0.0,0.0,0.0,0.0,0.0,0.0,True,10
21,45,non-restrictive,48,5,dobj,balloon,1.701,3.108,1407.0,0.0,0.065217,0.934783,0.0,0.934783,0.581818,False,201
21,46,restrictive,5,0,det,The,0.021,0.063,42.0,0.0,0.0,0.0,1.0,1.0,0.0,False,6
21,46,restrictive,5,1,nsubj,hiker,0.147,0.567,420.0,0.0,0.0,0.0,1.0,1.0,0.6,False,63
21,46,restrictive,5,2,aux,will,0.714,0.84,126.0,0.0,0.0,0.0,0.0,0.0,1.0,True,19
21,46,restrictive,5,3,ROOT,climb,0.924,1.26,336.0,0.0,0.0,0.0,0.0,0.0,1.0,True,50
21,46,restrictive,5,4,det,the,1.344,1.407,63.0,0.0,0.0,0.0,0.0,0.0,0.0,True,10
21,46,restrictive,5,5,dobj,mountain,1.533,2.877,1344.0,0.0,0.034483,0.913793,0.051724,0.051724,0.0,False,193
21,47,restrictive,35,0,det,The,0.021,0.063,42.0,0.0,0.0,1.0,0.0,0.0,0.0,False,6
21,47,restrictive,35,1,nsubj,girl,0.147,0.483,336.0,0.0,0.692308,0.307692,0.0,0.692308,0.0,False,51
21,47,restrictive,35,2,aux,will,0.63,0.756,126.0,0.0,0.0,0.0,0.0,0.0,1.0,True,18
21,47,restrictive,35,3,ROOT,apply,0.819,1.281,462.0,0.0,0.0,0.0,0.0,0.0,1.0,True,69
21,47,restrictive,35,4,det,the,1.386,1.449,63.0,0.0,0.0,0.0,0.0,0.0,1.0,True,10
21,47,restrictive,35,5,dobj,mascara,1.533,3.15,1617.0,0.0,0.0,0.0,0.0,0.0,1.0,True,233
21,48,non-restrictive,32,0,det,The,0.021,0.063,42.0,0.0,0.25,0.75,0.0,0.75,0.0,False,6
21,48,non-restrictive,32,1,nsubj,woman,0.189,0.525,336.0,0.0,0.0,0.0,0.0,0.0,0.0,True,50
21,48,non-restrictive,32,2,aux,will,0.63,0.756,126.0,0.0,0.0,0.0,0.0,0.0,0.0,True,18
21,48,non-restrictive,32,3,ROOT,carry,0.84,1.197,357.0,0.0,0.0,0.0,0.0,0.0,1.0,True,53
21,48,non-restrictive,32,4,det,the,1.323,1.386,63.0,0.0,0.0,0.0,0.0,0.0,0.0,True,9
21,48,non-restrictive,32,5,dobj,beer,1.512,2.772,1260.0,0.0,0.0,0.0,0.0,0.0,1.0,True,185
21,49,non-restrictive,12,0,det,The,0.021,0.084,63.0,0.0,0.0,0.0,0.0,0.0,0.0,True,9
21,49,non-restrictive,12,1,nsubj,man,0.168,0.462,294.0,0.0,1.0,0.0,0.0,0.0,0.916667,False,43
21,49,non-restrictive,12,2,aux,will,0.588,0.714,126.0,0.0,0.0,0.0,0.0,0.0,1.0,True,19
21,49,non-restrictive,12,3,ROOT,watch,0.819,1.155,336.0,0.0,0.0,0.0,0.0,0.0,1.0,True,50
21,49,non-restrictive,12,4,det,the,1.26,1.323,63.0,0.0,0.0,0.0,0.0,0.0,1.0,True,9
21,49,non-restrictive,12,5,dobj,boat,1.428,2.562,1134.0,0.0,0.0,0.944444,0.055556,0.944444,0.234043,False,162
7,0,non-restrictive,16,0,det,The,0.021,0.063,42.0,0.0,0.0,0.0,1.0,1.0,0.0,False,6
7,0,non-restrictive,16,1,nsubj,woman,0.189,0.525,336.0,0.0,0.0,0.0,1.0,1.0,0.954545,False,50
7,0,non-restrictive,16,2,aux,will,0.63,0.756,126.0,0.0,0.0,0.0,0.0,0.0,1.0,True,18
7,0,non-restrictive,16,3,ROOT,carry,0.861,1.239,378.0,0.0,0.0,0.0,0.0,0.0,1.0,True,56
7,0,non-restrictive,16,4,det,the,1.344,1.428,84.0,0.0,0.0,0.0,0.0,0.0,1.0,True,13
7,0,non-restrictive,16,5,dobj,dress,1.533,2.814,1281.0,0.0,0.823529,0.035294,0.141176,0.141176,0.141414,False,190
7,1,restrictive,17,0,det,The,0.021,0.063,42.0,0.0,0.0,0.0,0.0,0.0,1.0,True,6
7,1,restrictive,17,1,nsubj,man,0.168,0.483,315.0,0.0,0.0,0.0,0.0,0.0,1.0,True,47
7,1,restrictive,17,2,aux,will,0.609,0.735,126.0,0.0,1.0,0.0,0.0,0.0,0.888889,False,19
7,1,restrictive,17,3,ROOT,chop,0.819,1.092,273.0,0.0,0.0,0.0,0.0,0.0,1.0,True,41
7,1,restrictive,17,4,det,the,1.218,1.281,63.0,0.0,0.0,0.0,0.0,0.0,1.0,True,10
7,1,restrictive,17,5,dobj,wood,1.407,2.541,1134.0,0.0,0.0,0.0,0.0,0.0,1.0,True,163
7,2,non-restrictive,44,0,det,The,0.021,0.063,42.0,0.0,0.0,0.0,0.0,0.0,0.0,True,6
7,2,non-restrictive,44,1,nsubj,baker,0.168,0.63,462.0,1.0,0.0,0.0,0.0,0.0,0.926829,False,69
7,2,non-restrictive,44,2,aux,will,0.756,0.903,147.0,0.0,0.0,0.0,0.0,0.0,1.0,True,22
7,2,non-restrictive,44,3,ROOT,inspect,0.987,1.554,567.0,0.0,0.0,0.0,0.0,0.0,1.0,True,85
7,2,non-restrictive,44,4,det,the,1.659,1.722,63.0,0.0,0.0,0.0,0.0,0.0,1.0,True,10
7,2,non-restrictive,44,5,dobj,dough,1.827,3.003,1176.0,0.0,0.0,0.026667,0.973333,0.973333,0.353448,False,165
7,3,restrictive,43,0,det,The,0.021,0.063,42.0,1.0,0.0,0.0,0.0,0.0,0.0,False,6
7,3,restrictive,43,1,nsubj,man,0.168,0.462,294.0,0.0,0.0,0.0,0.0,0.0,1.0,True,43
7,3,restrictive,43,2,aux,will,0.588,0.714,126.0,0.0,0.0,0.0,0.0,0.0,1.0,True,19
7,3,restrictive,43,3,ROOT,lock,0.819,1.092,273.0,0.0,0.0,0.0,0.0,0.0,1.0,True,41
7,3,restrictive,43,4,det,the,1.197,1.26,63.0,0.0,0.0,0.0,0.0,0.0,1.0,True,10
7,3,restrictive,43,5,dobj,safe,1.407,2.583,1176.0,0.0,0.0,0.0,0.0,0.0,1.0,True,170
7,4,non-restrictive,46,0,det,The,0.021,0.063,42.0,1.0,0.0,0.0,0.0,0.0,0.0,False,6
7,4,non-restrictive,46,1,nsubj,musician,0.126,0.861,735.0,1.0,0.0,0.0,0.0,0.0,0.881356,False,110
7,4,non-restrictive,46,2,aux,will,1.05,1.197,147.0,0.0,0.0,0.0,0.0,0.0,1.0,True,22
7,4,non-restrictive,46,3,ROOT,move,1.281,1.575,294.0,0.0,0.0,0.0,0.0,0.0,1.0,True,44
7,4,non-restrictive,46,4,det,the,1.659,1.722,63.0,1.0,0.0,0.0,0.0,0.0,0.5,False,10
7,4,non-restrictive,46,5,dobj,violin,1.827,3.402,1575.0,0.111111,0.0,0.555556,0.333333,0.0,0.0,False,223
7,5,restrictive,19,0,det,The,0.021,0.063,42.0,0.0,0.0,0.0,0.0,0.0,0.0,True,6
7,5,restrictive,19,1,nsubj,chef,0.21,0.462,252.0,1.0,0.0,0.0,0.0,0.0,0.1875,False,37
7,5,restrictive,19,2,aux,will,0.609,0.756,147.0,0.0,0.0,0.0,0.0,0.0,1.0,True,22
7,5,restrictive,19,3,ROOT,slice,0.84,1.197,357.0,0.0,0.0,0.0,0.0,0.0,0.0,True,37
7,5,restrictive,19,4,det,the,1.281,1.344,63.0,1.0,0.0,0.0,0.0,0.0,0.0,False,9
7,5,restrictive,19,5,dobj,bread,1.449,2.625,1176.0,0.0,0.777778,0.222222,0.0,0.222222,0.839286,False,173
7,6,restrictive,13,0,det,The,0.021,0.063,42.0,0.0,0.0,0.0,0.0,0.0,0.0,True,6
7,6,restrictive,13,1,nsubj,man,0.168,0.462,294.0,0.0,0.0,0.0,0.0,0.0,1.0,True,43
7,6,restrictive,13,2,aux,will,0.567,0.714,147.0,0.0,0.0,0.0,0.0,0.0,1.0,True,22
7,6,restrictive,13,3,ROOT,smoke,0.84,1.197,357.0,0.0,0.0,0.0,0.0,0.0,1.0,True,53
7,6,restrictive,13,4,det,the,1.281,1.344,63.0,0.0,0.0,0.0,0.0,0.0,1.0,True,9
7,6,restrictive,13,5,dobj,cigarettes,1.47,2.961,1491.0,1.0,0.0,0.0,0.0,1.0,0.6,False,213
7,7,non-restrictive,18,0,det,The,0.021,0.063,42.0,0.0,0.0,0.0,0.0,0.0,0.0,True,6
7,7,non-restrictive,18,1,nsubj,boy,0.147,0.441,294.0,0.0,0.0,0.0,0.0,0.0,1.0,True,44
7,7,non-restrictive,18,2,aux,will,0.567,0.714,147.0,0.0,0.0,0.0,0.0,0.0,1.0,True,22
7,7,non-restrictive,18,3,ROOT,touch,0.798,1.071,273.0,0.0,0.0,0.0,0.0,0.0,1.0,True,40
7,7,non-restrictive,18,4,det,the,1.176,1.239,63.0,0.0,0.0,0.0,0.0,0.0,1.0,True,9
7,7,non-restrictive,18,5,dobj,football,1.344,2.688,1344.0,0.0,1.0,0.0,0.0,1.0,0.968421,False,195
7,8,restrictive,29,0,det,The,0.021,0.063,42.0,0.0,0.0,0.0,0.0,0.0,0.0,True,6
7,8,restrictive,29,1,nsubj,grandmother,0.147,0.84,693.0,0.0,0.0,0.0,0.0,0.0,1.0,True,104
7,8,restrictive,29,2,aux,will,1.176,1.302,126.0,0.0,0.0,0.0,0.0,0.0,1.0,True,19
7,8,restrictive,29,3,ROOT,read,1.428,1.638,210.0,0.0,0.0,0.0,0.0,0.0,1.0,True,31
7,8,restrictive,29,4,det,the,1.722,1.785,63.0,0.0,0.0,0.0,0.0,0.0,1.0,True,9
7,8,restrictive,29,5,dobj,newspaper,1.911,2.793,882.0,1.0,0.0,0.0,0.0,1.0,0.967742,False,126
7,9,non-restrictive,40,0,det,The,0.021,0.063,42.0,0.0,0.0,0.0,0.0,0.0,1.0,True,2
7,9,non-restrictive,40,1,nsubj,girl,0.189,0.504,315.0,0.0,0.0,0.0,0.0,0.0,1.0,True,47
7,9,non-restrictive,40,2,aux,will,0.651,0.777,126.0,0.0,0.0,0.0,0.0,0.0,1.0,True,19
7,9,non-restrictive,40,3,ROOT,hold,0.903,1.176,273.0,0.0,0.0,0.0,0.0,0.0,1.0,True,41
7,9,non-restrictive,40,4,det,the,1.281,1.344,63.0,0.0,0.0,0.0,0.0,0.0,1.0,True,9
7,9,non-restrictive,40,5,dobj,blouse,1.449,2.73,1281.0,0.0,0.0,0.28,0.72,0.72,0.795082,False,186
7,10,non-restrictive,22,0,det,The,0.021,0.063,42.0,0.0,0.0,1.0,0.0,0.0,0.0,False,6
7,10,non-restrictive,22,1,nsubj,girl,0.147,0.483,336.0,0.0,0.0,1.0,0.0,0.0,0.470588,False,51
7,10,non-restrictive,22,2,aux,will,0.63,0.756,126.0,0.0,0.0,0.0,0.0,0.0,1.0,True,19
7,10,non-restrictive,22,3,ROOT,hang,0.882,1.155,273.0,0.0,0.0,0.0,0.0,0.0,1.0,True,41
7,10,non-restrictive,22,4,det,the,1.218,1.281,63.0,0.0,0.0,0.0,0.0,0.0,1.0,True,10
7,10,non-restrictive,22,5,dobj,coat,1.386,2.562,1176.0,1.0,0.0,0.0,0.0,0.0,0.375,False,169
7,11,restrictive,47,0,det,The,0.021,0.063,42.0,1.0,0.0,0.0,0.0,0.0,0.0,False,6
7,11,restrictive,47,1,nsubj,girl,0.168,0.504,336.0,0.0,0.0,0.0,0.0,0.0,1.0,True,50
7,11,restrictive,47,2,aux,will,0.672,0.819,147.0,0.0,0.0,0.0,0.0,0.0,1.0,True,22
7,11,restrictive,47,3,ROOT,vacuum,0.924,1.47,546.0,0.0,0.0,0.0,0.0,0.0,1.0,True,82
7,11,restrictive,47,4,det,the,1.554,1.617,63.0,0.0,0.0,0.0,0.0,0.0,1.0,True,9
7,11,restrictive,47,5,dobj,carpet,1.722,3.108,1386.0,0.0,0.0,0.0,0.0,0.0,0.0,True,198
7,12,restrictive,3,0,det,The,0.021,0.063,42.0,0.0,0.0,0.0,0.0,0.0,0.0,True,6
7,12,restrictive,3,1,nsubj,woman,0.189,0.525,336.0,0.0,0.0,0.0,0.0,0.0,1.0,True,50
7,12,restrictive,3,2,aux,will,0.672,0.798,126.0,0.0,0.0,0.0,0.0,0.0,1.0,True,19
7,12,restrictive,3,3,ROOT,bathe,0.924,1.197,273.0,1.0,0.0,0.0,0.0,0.0,0.151515,False,41
7,12,restrictive,3,4,det,the,1.428,1.47,42.0,1.0,0.0,0.0,0.0,0.0,0.0,False,6
7,12,restrictive,3,5,dobj,baby,1.596,2.94,1344.0,0.0,0.0,1.0,0.0,1.0,0.97561,False,193
7,13,restrictive,9,0,det,The,0.021,0.063,42.0,0.0,0.0,0.0,0.0,0.0,0.0,True,6
7,13,restrictive,9,1,nsubj,woman,0.189,0.525,336.0,0.0,0.0,0.0,0.0,0.0,1.0,True,50
7,13,restrictive,9,2,aux,will,0.651,0.798,147.0,0.0,0.0,0.0,0.0,0.0,1.0,True,22
7,13,restrictive,9,3,ROOT,read,0.924,1.113,189.0,0.0,0.0,0.0,0.0,0.0,1.0,True,28
7,13,restrictive,9,4,det,the,1.197,1.26,63.0,0.0,0.0,0.0,0.0,0.0,1.0,True,10
7,13,restrictive,9,5,dobj,book,1.386,2.457,1071.0,1.0,0.0,0.0,0.0,1.0,0.5,False,159
7,14,non-restrictive,34,0,det,The,0.021,0.063,42.0,0.0,0.0,0.0,0.0,0.0,1.0,True,6
7,14,non-restrictive,34,1,nsubj,boy,0.147,0.441,294.0,0.0,0.0,0.0,0.0,0.0,1.0,True,43
7,14,non-restrictive,34,2,aux,will,0.63,0.756,126.0,0.0,0.0,0.0,0.0,0.0,1.0,True,18
7,14,non-restrictive,34,3,ROOT,move,0.861,1.113,252.0,0.0,0.0,0.0,0.0,0.0,1.0,True,38
7,14,non-restrictive,34,4,det,the,1.197,1.26,63.0,0.0,0.0,0.0,0.0,0.0,1.0,True,10
7,14,non-restrictive,34,5,dobj,radio,1.407,2.835,1428.0,0.0,1.0,0.0,0.0,1.0,0.656716,False,203
7,15,non-restrictive,12,0,det,The,0.021,0.084,63.0,0.0,0.0,0.0,0.0,0.0,0.0,True,9
7,15,non-restrictive,12,1,nsubj,man,0.168,0.462,294.0,0.0,0.0,0.0,0.0,0.0,1.0,True,43
7,15,non-restrictive,12,2,aux,will,0.588,0.714,126.0,0.0,0.0,0.0,0.0,0.0,1.0,True,19
7,15,non-restrictive,12,3,ROOT,watch,0.819,1.155,336.0,0.0,0.0,0.0,0.0,0.0,1.0,True,50
7,15,non-restrictive,12,4,det,the,1.26,1.323,63.0,0.0,0.0,0.0,0.0,0.0,1.0,True,9
7,15,non-restrictive,12,5,dobj,boat,1.428,2.562,1134.0,0.0,0.076923,0.846154,0.076923,0.076923,0.409091,False,162
7,16,restrictive,1,0,det,The,0.021,0.063,42.0,1.0,0.0,0.0,0.0,1.0,0.0,False,6
7,16,restrictive,1,1,nsubj,woman,0.189,0.525,336.0,0.0,0.0,0.0,0.0,0.0,1.0,True,50
7,16,restrictive,1,2,aux,will,0.651,0.777,126.0,0.0,0.0,0.0,0.0,0.0,1.0,True,18
7,16,restrictive,1,3,ROOT,drink,0.882,1.197,315.0,0.0,0.0,0.038462,0.961538,0.0,0.0,False,47
7,16,restrictive,1,4,det,the,1.323,1.407,84.0,0.0,0.0,0.0,0.0,0.0,1.0,True,13
7,16,restrictive,1,5,dobj,wine,1.512,2.751,1239.0,1.0,0.0,0.0,0.0,1.0,0.939394,False,177
7,17,restrictive,41,0,det,The,0.021,0.063,42.0,0.0,0.0,0.0,0.0,0.0,0.0,True,6
7,17,restrictive,41,1,nsubj,boy,0.147,0.42,273.0,0.0,0.0,0.0,0.0,0.0,1.0,True,41
7,17,restrictive,41,2,aux,will,0.546,0.714,168.0,0.0,0.0,0.0,0.0,0.0,1.0,True,25
7,17,restrictive,41,3,ROOT,squeeze,0.84,1.302,462.0,0.0,0.0,0.0,0.0,0.0,1.0,True,69
7,17,restrictive,41,4,det,the,1.386,1.449,63.0,0.0,0.0,0.0,0.0,0.0,1.0,True,10
7,17,restrictive,41,5,dobj,orange,1.638,3.003,1365.0,1.0,0.0,0.0,0.0,1.0,0.571429,False,196
7,18,non-restrictive,42,0,det,The,0.021,0.063,42.0,0.0,0.0,0.0,0.0,0.0,0.0,True,6
7,18,non-restrictive,42,1,nsubj,woman,0.189,0.525,336.0,0.0,0.0,0.0,0.0,0.0,1.0,True,50
7,18,non-restrictive,42,2,aux,will,0.672,0.798,126.0,0.0,0.0,0.0,0.0,0.0,1.0,True,19
7,18,non-restrictive,42,3,ROOT,wash,0.903,1.26,357.0,0.0,0.0,0.0,0.0,0.0,1.0,True,54
7,18,non-restrictive,42,4,det,the,1.386,1.449,63.0,0.0,0.0,0.0,0.0,0.0,1.0,True,10
7,18,non-restrictive,42,5,dobj,shirt,1.638,2.793,1155.0,1.0,0.0,0.0,0.0,0.0,0.971831,False,166
7,19,restrictive,35,0,det,The,0.021,0.063,42.0,0.0,0.0,0.0,0.0,0.0,1.0,True,6
7,19,restrictive,35,1,nsubj,girl,0.147,0.483,336.0,0.0,0.0,0.0,0.0,0.0,1.0,True,51
7,19,restrictive,35,2,aux,will,0.63,0.756,126.0,0.0,0.0,0.0,0.0,0.0,1.0,True,18
7,19,restrictive,35,3,ROOT,apply,0.819,1.281,462.0,0.0,0.0,0.0,0.0,0.0,1.0,True,69
7,19,restrictive,35,4,det,the,1.386,1.449,63.0,0.0,0.0,0.0,0.0,0.0,1.0,True,10
7,19,restrictive,35,5,dobj,mascara,1.533,3.15,1617.0,0.488372,0.0,0.511628,0.0,0.511628,0.59434,False,236
7,20,restrictive,37,0,det,The,0.021,0.063,42.0,0.0,0.0,0.0,0.0,0.0,1.0,True,6
7,20,restrictive,37,1,nsubj,boy,0.147,0.42,273.0,0.0,0.0,0.0,0.0,0.0,1.0,True,41
7,20,restrictive,37,2,aux,will,0.546,0.693,147.0,0.0,0.0,0.0,0.0,0.0,1.0,True,22
7,20,restrictive,37,3,ROOT,peel,0.777,1.092,315.0,0.0,0.0,0.0,0.0,0.0,1.0,True,47
7,20,restrictive,37,4,det,the,1.218,1.302,84.0,0.0,0.0,0.0,0.0,0.0,1.0,True,13
7,20,restrictive,37,5,dobj,banana,1.386,2.856,1470.0,1.0,0.0,0.0,0.0,1.0,0.974359,False,209
7,21,non-restrictive,24,0,det,The,0.021,0.063,42.0,0.0,0.0,0.0,0.0,0.0,1.0,True,6
7,21,non-restrictive,24,1,nsubj,girl,0.168,0.525,357.0,0.0,0.0,0.0,0.0,0.0,1.0,True,53
7,21,non-restrictive,24,2,aux,will,0.651,0.798,147.0,0.0,0.0,0.0,0.0,0.0,1.0,True,22
7,21,non-restrictive,24,3,ROOT,lift,0.924,1.218,294.0,0.0,0.0,0.0,0.0,0.0,1.0,True,44
7,21,non-restrictive,24,4,det,the,1.323,1.386,63.0,0.0,0.0,0.0,0.0,0.0,1.0,True,9
7,21,non-restrictive,24,5,dobj,rabbit,1.512,2.793,1281.0,0.0,0.0,0.0,1.0,1.0,0.539823,False,186
7,22,restrictive,11,0,det,The,0.021,0.063,42.0,0.0,0.0,0.0,0.0,0.0,1.0,True,6
7,22,restrictive,11,1,nsubj,baby,0.168,0.504,336.0,0.0,0.0,0.0,0.0,0.0,1.0,True,50
7,22,restrictive,11,2,aux,will,0.714,0.84,126.0,0.0,0.0,0.0,0.0,0.0,1.0,True,19
7,22,restrictive,11,3,ROOT,ring,0.966,1.134,168.0,0.0,0.0,0.0,0.0,0.0,1.0,True,25
7,22,restrictive,11,4,det,the,1.218,1.26,42.0,0.0,0.0,0.0,0.0,0.0,1.0,True,7
7,22,restrictive,11,5,dobj,bell,1.386,2.058,672.0,0.0,0.0,0.0,0.0,0.0,1.0,True,99
7,23,non-restrictive,28,0,det,The,0.021,0.063,42.0,0.0,0.0,0.0,0.0,0.0,0.0,True,6
7,23,non-restrictive,28,1,nsubj,cat,0.126,0.441,315.0,0.0,0.0,0.0,0.0,0.0,1.0,True,47
7,23,non-restrictive,28,2,aux,will,0.546,0.672,126.0,0.0,0.0,0.0,0.0,0.0,1.0,True,19
7,23,non-restrictive,28,3,ROOT,push,0.777,1.071,294.0,0.0,0.0,0.0,0.0,0.0,1.0,True,43
7,23,non-restrictive,28,4,det,the,1.176,1.239,63.0,0.0,0.0,0.0,0.0,0.0,1.0,True,9
7,23,non-restrictive,28,5,dobj,milk,1.344,2.478,1134.0,0.0,0.0,0.076923,0.923077,0.923077,0.653333,False,168
7,24,restrictive,45,0,det,The,0.021,0.063,42.0,0.0,0.0,0.0,0.0,0.0,0.0,True,6
7,24,restrictive,45,1,nsubj,chef,0.21,0.483,273.0,0.0,0.0,0.0,0.0,0.0,1.0,True,41
7,24,restrictive,45,2,aux,will,0.63,0.756,126.0,0.0,0.0,0.0,0.0,0.0,1.0,True,19
7,24,restrictive,45,3,ROOT,grate,0.861,1.176,315.0,0.0,0.0,0.0,0.0,0.0,1.0,True,47
7,24,restrictive,45,4,det,the,1.26,1.323,63.0,0.0,0.0,0.0,0.0,0.0,1.0,True,9
7,24,restrictive,45,5,dobj,carrot,1.407,2.688,1281.0,1.0,0.0,0.0,0.0,1.0,0.967742,False,186
7,25,restrictive,31,0,det,The,0.021,0.063,42.0,0.0,0.0,0.0,0.0,0.0,0.0,True,6
7,25,restrictive,31,1,nsubj,woman,0.21,0.546,336.0,0.0,0.0,1.0,0.0,1.0,0.0,False,50
7,25,restrictive,31,2,aux,will,0.693,0.819,126.0,0.0,0.666667,0.333333,0.0,0.333333,0.0,False,19
7,25,restrictive,31,3,ROOT,open,1.008,1.302,294.0,0.0,0.0,0.0,0.0,0.0,0.0,True,44
7,25,restrictive,31,4,det,the,1.407,1.47,63.0,0.0,0.0,0.0,0.0,0.0,0.0,True,9
7,25,restrictive,31,5,dobj,bottle,1.596,2.814,1218.0,0.388889,0.0,0.555556,0.055556,0.555556,0.0,False,176
7,26,non-restrictive,2,0,det,The,0.021,0.063,42.0,0.0,0.0,0.0,0.0,0.0,1.0,True,6
7,26,non-restrictive,2,1,nsubj,policeman,0.147,0.882,735.0,1.0,0.0,0.0,0.0,0.0,0.8,False,110
7,26,non-restrictive,2,2,aux,will,0.987,1.134,147.0,0.0,0.0,0.0,0.0,0.0,1.0,True,22
7,26,non-restrictive,2,3,ROOT,search,1.26,1.533,273.0,1.0,0.0,0.0,0.0,0.0,0.75,False,40
7,26,non-restrictive,2,4,det,the,1.659,1.722,63.0,0.0,0.0,0.0,0.0,0.0,1.0,True,10
7,26,non-restrictive,2,5,dobj,man,1.827,3.066,1239.0,1.0,0.0,0.0,0.0,0.0,0.953125,False,176
7,27,restrictive,21,0,det,The,0.021,0.063,42.0,0.0,0.0,0.0,0.0,0.0,1.0,True,6
7,27,restrictive,21,1,nsubj,woman,0.189,0.504,315.0,0.0,0.0,0.0,0.0,0.0,1.0,True,47
7,27,restrictive,21,2,aux,will,0.693,0.84,147.0,0.0,0.0,0.0,0.0,0.0,1.0,True,22
7,27,restrictive,21,3,ROOT,water,0.987,1.365,378.0,0.0,0.0,0.0,0.0,0.0,1.0,True,56
7,27,restrictive,21,4,det,the,1.47,1.512,42.0,0.0,0.0,0.0,0.0,0.0,1.0,True,6
7,27,restrictive,21,5,dobj,flower,1.659,3.003,1344.0,1.0,0.0,0.0,0.0,1.0,0.942857,False,191
7,28,non-restrictive,38,0,det,The,0.021,0.063,42.0,0.0,0.0,0.0,0.0,0.0,0.0,True,6
7,28,non-restrictive,38,1,nsubj,woman,0.189,0.525,336.0,0.0,0.0,0.0,0.0,0.0,1.0,True,50
7,28,non-restrictive,38,2,aux,will,0.63,0.756,126.0,0.0,0.0,0.0,0.0,0.0,0.0,True,18
7,28,non-restrictive,38,3,ROOT,carry,0.861,1.239,378.0,0.0,0.0,0.0,0.0,0.0,1.0,True,56
7,28,non-restrictive,38,4,det,the,1.344,1.428,84.0,0.0,0.0,0.0,0.0,0.0,1.0,True,13
7,28,non-restrictive,38,5,dobj,apron,1.617,2.919,1302.0,0.0,0.0,0.0,0.0,0.0,1.0,True,188
7,29,non-restrictive,48,0,det,The,0.021,0.063,42.0,0.0,0.0,0.0,0.0,0.0,1.0,True,6
7,29,non-restrictive,48,1,nsubj,child,0.189,0.714,525.0,0.0,0.0,0.0,0.0,0.0,1.0,True,63
7,29,non-restrictive,48,2,aux,will,0.819,0.945,126.0,0.0,1.0,0.0,0.0,0.0,0.666667,False,3
7,29,non-restrictive,48,3,ROOT,carry,1.029,1.386,357.0,0.0,0.0,0.0,0.0,0.0,1.0,True,53
7,29,non-restrictive,48,4,det,the,1.512,1.575,63.0,0.0,0.0,0.0,0.0,0.0,1.0,True,10
7,29,non-restrictive,48,5,dobj,balloon,1.701,3.108,1407.0,0.0,0.0,0.822222,0.177778,0.177778,0.25,False,199
7,30,restrictive,5,0,det,The,0.021,0.063,42.0,0.0,0.0,0.0,0.0,0.0,0.0,True,6
7,30,restrictive,5,1,nsubj,hiker,0.147,0.567,420.0,0.0,0.0,0.0,0.0,0.0,1.0,True,63
7,30,restrictive,5,2,aux,will,0.714,0.84,126.0,0.0,0.0,0.0,0.0,0.0,1.0,True,19
7,30,restrictive,5,3,ROOT,climb,0.924,1.26,336.0,1.0,0.0,0.0,0.0,1.0,0.96875,False,51
7,30,restrictive,5,4,det,the,1.344,1.407,63.0,0.0,0.0,0.0,0.0,0.0,0.0,True,10
7,30,restrictive,5,5,dobj,mountain,1.533,2.877,1344.0,0.0,0.0,0.0,0.0,0.0,0.0,True,193
7,31,non-restrictive,14,0,det,The,0.021,0.063,42.0,0.0,0.0,0.0,0.0,0.0,0.0,True,6
7,31,non-restrictive,14,1,nsubj,boy,0.147,0.378,231.0,0.0,0.0,0.0,0.0,0.0,0.0,True,4
7,31,non-restrictive,14,2,aux,will,0.504,0.63,126.0,0.0,0.0,0.0,0.0,0.0,1.0,True,19
7,31,non-restrictive,14,3,ROOT,feed,0.735,0.987,252.0,0.0,0.0,0.0,0.0,0.0,1.0,True,38
7,31,non-restrictive,14,4,det,the,1.071,1.134,63.0,0.0,0.0,0.0,0.0,0.0,1.0,True,10
7,31,non-restrictive,14,5,dobj,dog,1.239,2.583,1344.0,1.0,0.0,0.0,0.0,0.0,0.949153,False,196
7,32,restrictive,27,0,det,The,0.021,0.063,42.0,0.0,0.0,0.0,0.0,0.0,1.0,True,6
7,32,restrictive,27,1,nsubj,boy,0.147,0.42,273.0,0.0,0.0,0.0,0.0,0.0,1.0,True,41
7,32,restrictive,27,2,aux,will,0.546,0.693,147.0,0.0,0.0,0.0,0.0,0.0,1.0,True,22
7,32,restrictive,27,3,ROOT,dim,0.798,0.987,189.0,0.0,0.0,0.0,0.0,0.0,1.0,True,28
7,32,restrictive,27,4,det,the,1.092,1.155,63.0,0.0,0.0,0.0,0.0,0.0,1.0,True,9
7,32,restrictive,27,5,dobj,lamp,1.302,2.415,1113.0,0.0,0.0,1.0,0.0,1.0,0.914286,False,160
7,33,restrictive,39,0,det,The,0.021,0.063,42.0,0.0,0.0,0.0,0.0,0.0,0.0,True,6
7,33,restrictive,39,1,nsubj,boy,0.147,0.42,273.0,0.0,1.0,0.0,0.0,0.0,0.615385,False,41
7,33,restrictive,39,2,aux,will,0.525,0.651,126.0,0.0,0.0,0.0,0.0,0.0,1.0,True,19
7,33,restrictive,39,3,ROOT,tie,0.735,1.05,315.0,0.0,0.0,0.0,0.0,0.0,1.0,True,47
7,33,restrictive,39,4,det,the,1.092,1.155,63.0,0.0,0.0,0.0,0.0,0.0,1.0,True,9
7,33,restrictive,39,5,dobj,shoelace,1.323,2.688,1365.0,0.0,0.0,0.0,0.0,0.0,1.0,True,196
7,34,non-restrictive,26,0,det,The,0.021,0.063,42.0,0.0,0.0,0.0,0.0,0.0,1.0,True,6
7,34,non-restrictive,26,1,nsubj,woman,0.189,0.504,315.0,0.0,0.0,0.0,0.0,0.0,1.0,True,30
7,34,non-restrictive,26,2,aux,will,0.693,0.819,126.0,1.0,0.0,0.0,0.0,0.0,0.0,False,19
7,34,non-restrictive,26,3,ROOT,grab,0.903,1.281,378.0,0.0,0.0,0.0,0.0,0.0,1.0,True,57
7,34,non-restrictive,26,4,det,the,1.386,1.449,63.0,0.0,0.0,0.0,0.0,0.0,1.0,True,10
7,34,non-restrictive,26,5,dobj,candle,1.533,2.898,1365.0,0.111111,0.888889,0.0,0.0,0.888889,0.686047,False,201
7,35,non-restrictive,32,0,det,The,0.021,0.063,42.0,0.0,0.0,0.0,0.0,0.0,0.0,True,6
7,35,non-restrictive,32,1,nsubj,woman,0.189,0.525,336.0,0.0,0.0,0.0,0.0,0.0,1.0,True,50
7,35,non-restrictive,32,2,aux,will,0.63,0.756,126.0,0.0,0.0,0.0,0.0,0.0,1.0,True,18
7,35,non-restrictive,32,3,ROOT,carry,0.84,1.197,357.0,0.0,0.0,0.0,0.0,0.0,1.0,True,53
7,35,non-restrictive,32,4,det,the,1.323,1.386,63.0,0.0,0.0,0.0,0.0,0.0,1.0,True,9
7,35,non-restrictive,32,5,dobj,beer,1.512,2.772,1260.0,0.0,0.0,0.042553,0.957447,0.957447,0.328571,False,182
7,36,non-restrictive,30,0,det,The,0.021,0.063,42.0,0.0,0.0,0.0,0.0,0.0,0.0,True,6
7,36,non-restrictive,30,1,nsubj,girl,0.147,0.483,336.0,1.0,0.0,0.0,0.0,0.0,0.88,False,51
7,36,non-restrictive,30,2,aux,will,0.63,0.756,126.0,0.0,0.0,0.0,0.0,0.0,1.0,True,18
7,36,non-restrictive,30,3,ROOT,grab,0.861,1.239,378.0,0.0,0.0,0.0,0.0,0.0,1.0,True,56
7,36,non-restrictive,30,4,det,the,1.365,1.428,63.0,0.0,0.0,0.0,0.0,0.0,1.0,True,10
7,36,non-restrictive,30,5,dobj,dice,1.533,2.772,1239.0,1.0,0.0,0.0,0.0,0.0,0.944444,False,180
7,37,restrictive,7,0,det,The,0.021,0.063,42.0,1.0,0.0,0.0,0.0,0.0,0.5,False,6
7,37,restrictive,7,1,nsubj,doctor,0.168,0.672,504.0,0.0,0.0,0.0,0.0,0.0,1.0,True,75
7,37,restrictive,7,2,aux,will,0.819,0.945,126.0,0.0,0.0,0.0,0.0,0.0,1.0,True,19
7,37,restrictive,7,3,ROOT,inject,1.008,1.491,483.0,0.0,0.0,0.0,0.0,0.0,1.0,True,72
7,37,restrictive,7,4,det,the,1.596,1.659,63.0,0.0,0.0,0.0,0.0,0.0,1.0,True,9
7,37,restrictive,7,5,dobj,child,1.764,3.15,1386.0,0.0,0.0,1.0,0.0,1.0,0.837209,False,196
7,38,restrictive,25,0,det,The,0.021,0.063,42.0,0.0,0.0,0.0,0.0,0.0,0.0,True,6
7,38,restrictive,25,1,nsubj,man,0.168,0.462,294.0,0.0,0.0,0.0,0.0,0.0,1.0,True,43
7,38,restrictive,25,2,aux,will,0.567,0.714,147.0,0.0,0.0,0.0,0.0,0.0,1.0,True,22
7,38,restrictive,25,3,ROOT,paint,0.798,1.113,315.0,0.0,0.0,0.0,0.0,0.0,1.0,True,24
7,38,restrictive,25,4,det,the,1.239,1.302,63.0,0.0,0.0,0.0,0.0,0.0,1.0,True,10
7,38,restrictive,25,5,dobj,canvas,1.386,2.898,1512.0,1.0,0.0,0.0,0.0,1.0,0.0,False,220
7,39,non-restrictive,6,0,det,The,0.021,0.063,42.0,0.0,0.0,0.0,0.0,0.0,0.0,True,6
7,39,non-restrictive,6,1,nsubj,housewife,0.189,0.882,693.0,1.0,0.0,0.0,0.0,0.0,0.956522,False,103
7,39,non-restrictive,6,2,aux,will,0.987,1.113,126.0,0.0,0.0,0.0,0.0,0.0,0.0,True,19
7,39,non-restrictive,6,3,ROOT,wash,1.239,1.575,336.0,0.0,0.0,0.0,0.0,0.0,0.0,True,51
7,39,non-restrictive,6,4,det,the,1.68,1.743,63.0,0.0,1.0,0.0,0.0,1.0,0.0,False,10
7,39,non-restrictive,6,5,dobj,mushrooms,1.848,3.423,1575.0,0.285714,0.714286,0.0,0.0,0.714286,0.75,False,223
7,40,non-restrictive,36,0,det,The,0.021,0.063,42.0,1.0,0.0,0.0,0.0,0.0,0.0,False,6
7,40,non-restrictive,36,1,nsubj,kid,0.168,0.483,315.0,0.0,0.0,0.0,0.0,0.0,1.0,True,47
7,40,non-restrictive,36,2,aux,will,0.609,0.756,147.0,0.0,0.0,0.0,0.0,0.0,1.0,True,22
7,40,non-restrictive,36,3,ROOT,stack,0.861,1.239,378.0,0.0,1.0,0.0,0.0,0.0,0.733333,False,56
7,40,non-restrictive,36,4,det,the,1.344,1.428,84.0,0.0,0.0,0.0,0.0,0.0,1.0,True,13
7,40,non-restrictive,36,5,dobj,lego,1.554,2.877,1323.0,0.0,0.0,0.217391,0.782609,0.782609,0.574074,False,189
7,41,non-restrictive,10,0,det,The,0.021,0.063,42.0,0.0,0.0,0.0,1.0,0.0,0.0,False,6
7,41,non-restrictive,10,1,nsubj,man,0.168,0.483,315.0,0.0,0.0,0.0,0.0,0.0,1.0,True,47
7,41,non-restrictive,10,2,aux,will,0.63,0.756,126.0,0.0,0.0,0.0,0.0,0.0,1.0,True,18
7,41,non-restrictive,10,3,ROOT,wipe,0.861,1.113,252.0,1.0,0.0,0.0,0.0,0.0,0.5,False,38
7,41,non-restrictive,10,4,det,the,1.218,1.281,63.0,0.0,0.0,0.0,0.0,0.0,0.0,True,10
7,41,non-restrictive,10,5,compound,washing,1.407,1.953,546.0,0.0,1.0,0.0,0.0,1.0,0.727273,False,81
7,41,non-restrictive,10,6,dobj,machine,2.037,3.381,1344.0,0.0,0.0,0.0,0.0,0.0,0.0,True,187
7,42,non-restrictive,20,0,det,The,0.021,0.063,42.0,0.0,0.0,0.0,0.0,0.0,0.0,True,6
7,42,non-restrictive,20,1,nsubj,baby,0.168,0.525,357.0,0.0,0.0,0.0,0.0,0.0,1.0,True,53
7,42,non-restrictive,20,2,aux,will,0.735,0.861,126.0,0.0,0.0,0.0,0.0,0.0,1.0,True,19
7,42,non-restrictive,20,3,ROOT,grab,0.945,1.344,399.0,0.0,1.0,0.0,0.0,0.0,0.941176,False,59
7,42,non-restrictive,20,4,det,the,1.47,1.533,63.0,0.0,1.0,0.0,0.0,0.0,0.0,False,9
7,42,non-restrictive,20,5,dobj,kitten,1.617,2.982,1365.0,0.0,0.0,0.0,1.0,1.0,0.290323,False,195
7,43,restrictive,15,0,det,The,0.021,0.063,42.0,0.0,0.0,0.0,0.0,0.0,0.0,True,6
7,43,restrictive,15,1,nsubj,businessman,0.168,1.008,840.0,0.0,0.0,0.0,0.0,0.0,1.0,True,125
7,43,restrictive,15,2,aux,will,1.197,1.323,126.0,0.0,0.0,0.0,0.0,0.0,1.0,True,19
7,43,restrictive,15,3,ROOT,wear,1.407,1.638,231.0,0.0,0.0,0.0,0.0,0.0,1.0,True,34
7,43,restrictive,15,4,det,the,1.743,1.806,63.0,0.0,0.0,0.0,0.0,0.0,0.0,True,9
7,43,restrictive,15,5,dobj,hat,1.932,3.045,1113.0,0.222222,0.777778,0.0,0.0,0.0,0.8125,False,160
7,44,non-restrictive,0,0,det,The,0.021,0.063,42.0,1.0,0.0,0.0,0.0,0.0,0.0,False,6
7,44,non-restrictive,0,1,nsubj,boy,0.147,0.441,294.0,1.0,0.0,0.0,0.0,0.0,0.666667,False,44
7,44,non-restrictive,0,2,aux,will,0.567,0.714,147.0,0.0,0.0,0.0,0.0,0.0,1.0,True,22
7,44,non-restrictive,0,3,ROOT,move,0.798,1.05,252.0,1.0,0.0,0.0,0.0,0.0,0.833333,False,37
7,44,non-restrictive,0,4,det,the,1.134,1.176,42.0,0.0,0.0,0.0,0.0,0.0,1.0,True,6
7,44,non-restrictive,0,5,dobj,cake,1.281,2.478,1197.0,0.0,0.0,0.0,1.0,1.0,0.882353,False,173
7,45,non-restrictive,8,0,det,The,0.021,0.063,42.0,0.0,0.0,0.0,0.0,0.0,1.0,True,6
7,45,non-restrictive,8,1,nsubj,woman,0.189,0.525,336.0,0.0,0.0,0.0,0.0,0.0,1.0,True,50
7,45,non-restrictive,8,2,aux,will,0.651,0.798,147.0,0.0,0.0,0.0,0.0,0.0,1.0,True,22
7,45,non-restrictive,8,3,ROOT,dust,0.882,1.218,336.0,0.0,0.0,0.0,0.0,0.0,1.0,True,50
7,45,non-restrictive,8,4,det,the,1.323,1.386,63.0,0.0,0.0,0.0,0.0,0.0,1.0,True,9
7,45,non-restrictive,8,5,dobj,piano,1.47,3.087,1617.0,0.0,0.0,0.052632,0.947368,0.947368,0.536585,False,231
7,46,restrictive,33,0,det,The,0.021,0.063,42.0,0.0,0.0,0.0,0.0,0.0,1.0,True,6
7,46,restrictive,33,1,nsubj,boy,0.147,0.42,273.0,0.0,0.0,0.0,0.0,0.0,1.0,True,41
7,46,restrictive,33,2,aux,will,0.546,0.693,147.0,0.0,0.0,0.0,0.0,0.0,1.0,True,22
7,46,restrictive,33,3,ROOT,unzip,0.861,1.302,441.0,0.0,0.0,0.0,0.0,0.0,0.0,True,66
7,46,restrictive,33,4,det,the,1.449,1.512,63.0,0.0,0.0,0.0,0.0,0.0,1.0,True,9
7,46,restrictive,33,5,dobj,suitcase,1.68,3.192,1512.0,1.0,0.0,0.0,0.0,1.0,0.967742,False,216
7,47,non-restrictive,4,0,det,The,0.021,0.063,42.0,0.0,0.0,0.0,1.0,1.0,0.0,False,6
7,47,non-restrictive,4,1,nsubj,boy,0.147,0.42,273.0,0.0,0.0,0.0,0.0,0.0,1.0,True,41
7,47,non-restrictive,4,2,aux,will,0.546,0.693,147.0,0.0,0.0,0.0,0.0,0.0,1.0,True,22
7,47,non-restrictive,4,3,ROOT,throw,0.84,1.134,294.0,0.0,0.0,0.0,0.0,0.0,1.0,True,44
7,47,non-restrictive,4,4,det,the,1.239,1.302,63.0,0.0,0.0,0.0,0.0,0.0,1.0,True,10
7,47,non-restrictive,4,5,dobj,ball,1.407,2.583,1176.0,0.6,0.0,0.2,0.2,0.2,0.0,False,170
7,48,restrictive,49,0,det,The,0.021,0.084,63.0,0.0,0.0,1.0,0.0,0.0,0.0,False,9
7,48,restrictive,49,1,nsubj,man,0.168,0.462,294.0,0.0,0.0,0.0,0.0,0.0,1.0,True,43
7,48,restrictive,49,2,aux,will,0.567,0.714,147.0,0.0,0.0,0.0,0.0,0.0,1.0,True,22
7,48,restrictive,49,3,ROOT,lick,0.819,1.008,189.0,0.0,0.0,0.0,0.0,0.0,0.0,True,9
7,48,restrictive,49,4,det,the,1.113,1.176,63.0,0.0,0.0,0.0,0.0,0.0,0.0,True,8
7,48,restrictive,49,5,dobj,stamp,1.323,2.604,1281.0,1.0,0.0,0.0,0.0,1.0,0.983333,False,186
7,49,restrictive,23,0,det,The,0.021,0.063,42.0,0.0,0.0,0.0,0.0,0.0,1.0,True,6
7,49,restrictive,23,1,nsubj,girl,0.147,0.483,336.0,0.0,0.0,1.0,0.0,1.0,0.952381,False,51
7,49,restrictive,23,2,aux,will,0.63,0.756,126.0,0.0,0.0,0.0,0.0,0.0,1.0,True,18
7,49,restrictive,23,3,ROOT,knit,0.84,1.029,189.0,0.0,0.0,0.0,1.0,0.0,0.0,False,28
7,49,restrictive,23,4,det,the,1.155,1.197,42.0,0.0,0.0,0.0,0.0,0.0,0.0,True,6
7,49,restrictive,23,5,dobj,scarf,1.323,2.583,1260.0,0.0,0.0,1.0,0.0,1.0,0.0,False,183
8,0,non-restrictive,11,0,det,The,0.021,0.063,42.0,0.0,0.0,0.0,0.0,0.0,0.0,True,6
8,0,non-restrictive,11,1,nsubj,baby,0.168,0.525,357.0,0.0,0.0,0.0,0.0,0.0,1.0,True,53
8,0,non-restrictive,11,2,aux,will,0.672,0.819,147.0,0.0,0.0,0.0,0.0,0.0,1.0,True,22
8,0,non-restrictive,11,3,ROOT,kick,0.903,1.113,210.0,0.0,0.0,0.0,0.0,0.0,1.0,True,32
8,0,non-restrictive,11,4,det,the,1.218,1.302,84.0,0.0,1.0,0.0,0.0,0.0,0.666667,False,4
8,0,non-restrictive,11,5,dobj,bell,1.407,2.541,1134.0,0.0,0.0,0.0,0.0,0.0,1.0,True,167
8,1,non-restrictive,3,0,det,The,0.021,0.063,42.0,0.0,0.0,0.0,0.0,0.0,1.0,True,6
8,1,non-restrictive,3,1,nsubj,woman,0.189,0.525,336.0,0.0,0.0,0.0,0.0,0.0,1.0,True,50
8,1,non-restrictive,3,2,aux,will,0.651,0.777,126.0,0.0,0.0,0.0,0.0,0.0,0.0,True,18
8,1,non-restrictive,3,3,ROOT,touch,0.861,1.155,294.0,0.0,0.0,0.0,0.0,0.0,0.0,True,27
8,1,non-restrictive,3,4,det,the,1.302,1.365,63.0,0.0,0.0,0.0,0.0,0.0,0.0,True,9
8,1,non-restrictive,3,5,dobj,baby,1.491,2.814,1323.0,0.0,0.0,0.041667,0.958333,0.958333,0.0,False,192
8,2,restrictive,12,0,det,The,0.021,0.063,42.0,0.0,0.0,0.0,0.0,0.0,0.0,True,0
8,2,restrictive,12,1,nsubj,man,0.147,0.462,315.0,0.0,0.0,0.6,0.4,0.0,0.0,False,47
8,2,restrictive,12,2,aux,will,0.567,0.714,147.0,0.0,0.0,0.0,0.0,0.0,1.0,True,22
8,2,restrictive,12,3,ROOT,sail,0.861,1.134,273.0,0.0,0.0,0.0,0.0,0.0,1.0,True,41
8,2,restrictive,12,4,det,the,1.239,1.323,84.0,0.0,0.0,0.0,0.0,0.0,1.0,True,13
8,2,restrictive,12,5,dobj,boat,1.428,2.562,1134.0,1.0,0.0,0.0,0.0,1.0,0.964912,False,164
8,3,restrictive,36,0,det,The,0.021,0.063,42.0,0.0,0.0,1.0,0.0,0.0,0.5,False,6
8,3,restrictive,36,1,nsubj,kid,0.189,0.567,378.0,0.0,0.0,0.846154,0.153846,0.0,0.0,False,56
8,3,restrictive,36,2,aux,will,0.714,0.84,126.0,0.0,0.0,0.0,0.0,0.0,1.0,True,19
8,3,restrictive,36,3,ROOT,build,0.945,1.239,294.0,0.0,0.0,0.0,0.0,0.0,1.0,True,43
8,3,restrictive,36,4,det,the,1.344,1.407,63.0,0.0,0.0,0.0,0.0,0.0,1.0,True,9
8,3,restrictive,36,5,dobj,lego,1.512,2.898,1386.0,1.0,0.0,0.0,0.0,1.0,0.884615,False,204
8,4,restrictive,44,0,det,The,0.021,0.063,42.0,0.0,0.0,0.0,0.0,0.0,1.0,True,6
8,4,restrictive,44,1,nsubj,baker,0.168,0.651,483.0,0.0,0.0,0.0,0.0,0.0,1.0,True,72
8,4,restrictive,44,2,aux,will,0.819,0.945,126.0,0.0,0.0,0.0,0.0,0.0,1.0,True,19
8,4,restrictive,44,3,ROOT,knead,1.008,1.239,231.0,0.0,0.0,0.0,0.0,0.0,1.0,True,34
8,4,restrictive,44,4,det,the,1.344,1.407,63.0,0.0,0.0,0.0,0.0,0.0,1.0,True,10
8,4,restrictive,44,5,dobj,dough,1.512,2.709,1197.0,1.0,0.0,0.0,0.0,1.0,0.948276,False,169
8,5,restrictive,16,0,det,The,0.021,0.063,42.0,0.0,0.0,0.0,0.0,0.0,0.0,True,0
8,5,restrictive,16,1,nsubj,woman,0.189,0.504,315.0,0.0,0.0,0.0,0.0,0.0,1.0,True,47
8,5,restrictive,16,2,aux,will,0.672,0.798,126.0,0.0,0.0,0.0,0.0,0.0,1.0,True,19
8,5,restrictive,16,3,ROOT,wear,0.882,1.113,231.0,0.0,0.0,0.0,0.0,0.0,1.0,True,35
8,5,restrictive,16,4,det,the,1.218,1.281,63.0,0.0,0.0,0.0,0.0,0.0,1.0,True,10
8,5,restrictive,16,5,dobj,dress,1.386,2.688,1302.0,1.0,0.0,0.0,0.0,1.0,0.97619,False,189
8,6,restrictive,18,0,det,The,0.021,0.063,42.0,0.0,0.0,0.0,0.0,0.0,0.0,True,6
8,6,restrictive,18,1,nsubj,boy,0.147,0.441,294.0,0.0,1.0,0.0,0.0,0.0,0.73913,False,44
8,6,restrictive,18,2,aux,will,0.567,0.714,147.0,0.0,1.0,0.0,0.0,0.0,0.954545,False,22
8,6,restrictive,18,3,ROOT,kick,0.819,1.071,252.0,0.0,0.0,0.0,0.0,0.0,0.0,True,37
8,6,restrictive,18,4,det,the,1.176,1.239,63.0,0.0,0.0,0.0,0.0,0.0,1.0,True,9
8,6,restrictive,18,5,dobj,football,1.344,2.688,1344.0,0.0,0.0,0.0,0.0,0.0,1.0,True,196
8,7,non-restrictive,29,0,det,The,0.021,0.063,42.0,0.0,0.0,0.0,0.0,0.0,1.0,True,6
8,7,non-restrictive,29,1,nsubj,grandmother,0.126,0.882,756.0,1.0,0.0,0.0,0.0,0.0,0.938776,False,113
8,7,non-restrictive,29,2,aux,will,1.197,1.302,105.0,0.0,0.0,0.0,0.0,0.0,1.0,True,16
8,7,non-restrictive,29,3,ROOT,turn,1.386,1.659,273.0,0.0,0.0,0.0,0.0,0.0,1.0,True,21
8,7,non-restrictive,29,4,det,the,1.743,1.806,63.0,0.0,0.0,0.0,0.0,0.0,1.0,True,9
8,7,non-restrictive,29,5,dobj,newspaper,1.953,2.814,861.0,1.0,0.0,0.0,0.0,0.0,0.987952,False,122
8,8,non-restrictive,33,0,det,The,0.021,0.063,42.0,0.0,0.0,0.0,0.0,0.0,0.0,True,6
8,8,non-restrictive,33,1,nsubj,boy,0.147,0.441,294.0,0.0,1.0,0.0,0.0,1.0,0.409091,False,22
8,8,non-restrictive,33,2,aux,will,0.567,0.714,147.0,0.0,0.0,0.0,0.0,0.0,1.0,True,22
8,8,non-restrictive,33,3,ROOT,open,0.882,1.155,273.0,0.0,0.0,0.0,0.0,0.0,1.0,True,41
8,8,non-restrictive,33,4,det,the,1.26,1.344,84.0,0.0,0.0,0.0,0.0,0.0,1.0,True,12
8,8,non-restrictive,33,5,dobj,suitcase,1.512,3.003,1491.0,0.0,1.0,0.0,0.0,1.0,0.88,False,213
8,9,restrictive,40,0,det,The,0.021,0.063,42.0,0.0,0.0,0.0,0.0,0.0,0.0,True,6
8,9,restrictive,40,1,nsubj,girl,0.189,0.525,336.0,0.0,0.0,0.0,0.0,0.0,1.0,True,50
8,9,restrictive,40,2,aux,will,0.651,0.798,147.0,0.0,0.0,0.0,0.0,0.0,1.0,True,22
8,9,restrictive,40,3,ROOT,button,0.903,1.26,357.0,0.0,0.0,0.0,0.0,0.0,1.0,True,54
8,9,restrictive,40,4,det,the,1.323,1.386,63.0,0.0,0.0,0.0,0.0,0.0,1.0,True,9
8,9,restrictive,40,5,dobj,blouse,1.47,2.772,1302.0,1.0,0.0,0.0,0.0,1.0,0.990991,False,190
8,10,restrictive,30,0,det,The,0.021,0.063,42.0,0.0,0.0,0.0,0.0,0.0,0.0,True,6
8,10,restrictive,30,1,nsubj,girl,0.147,0.462,315.0,0.0,0.0,0.0,0.0,0.0,1.0,True,47
8,10,restrictive,30,2,aux,will,0.63,0.756,126.0,0.0,0.0,0.0,0.0,0.0,1.0,True,18
8,10,restrictive,30,3,ROOT,roll,0.924,1.155,231.0,0.0,0.0,0.0,0.0,0.0,1.0,True,35
8,10,restrictive,30,4,det,the,1.281,1.344,63.0,0.0,0.0,0.0,0.0,0.0,1.0,True,9
8,10,restrictive,30,5,dobj,dice,1.47,2.688,1218.0,0.0,0.0,0.0,0.0,0.0,1.0,True,175
8,11,restrictive,14,0,det,The,0.021,0.063,42.0,0.0,0.0,0.0,0.0,0.0,0.0,True,0
8,11,restrictive,14,1,nsubj,boy,0.147,0.399,252.0,1.0,0.0,0.0,0.0,0.0,0.0,False,19
8,11,restrictive,14,2,aux,will,0.525,0.651,126.0,0.0,0.0,0.0,0.0,0.0,1.0,True,19
8,11,restrictive,14,3,ROOT,walk,0.756,1.029,273.0,0.0,0.0,0.0,0.0,0.0,1.0,True,41
8,11,restrictive,14,4,det,the,1.134,1.197,63.0,0.0,0.0,0.0,0.0,0.0,1.0,True,9
8,11,restrictive,14,5,dobj,dog,1.323,2.688,1365.0,0.0,0.0,0.6,0.4,0.6,0.921875,False,200
8,12,restrictive,46,0,det,The,0.021,0.063,42.0,0.0,0.0,0.0,0.0,0.0,1.0,True,6
8,12,restrictive,46,1,nsubj,musician,0.126,0.819,693.0,0.0,0.0,0.0,0.0,0.0,1.0,True,73
8,12,restrictive,46,2,aux,will,0.945,1.071,126.0,0.0,0.0,0.0,0.0,0.0,0.0,True,18
8,12,restrictive,46,3,ROOT,tune,1.176,1.491,315.0,0.0,0.0,0.0,0.0,0.0,1.0,True,47
8,12,restrictive,46,4,det,the,1.533,1.596,63.0,0.0,0.0,0.0,0.0,0.0,1.0,True,10
8,12,restrictive,46,5,dobj,violin,1.722,3.276,1554.0,0.0,0.0,1.0,0.0,1.0,0.984252,False,222
8,13,non-restrictive,25,0,det,The,0.021,0.063,42.0,0.0,0.0,0.0,0.0,0.0,0.0,True,6
8,13,non-restrictive,25,1,nsubj,man,0.168,0.483,315.0,0.0,0.0,0.0,0.0,0.0,0.0,True,47
8,13,non-restrictive,25,2,aux,will,0.63,0.756,126.0,0.0,0.0,0.0,0.0,0.0,0.0,True,19
8,13,non-restrictive,25,3,ROOT,move,0.861,1.092,231.0,0.0,1.0,0.0,0.0,1.0,0.75,False,17
8,13,non-restrictive,25,4,det,the,1.176,1.239,63.0,0.0,0.0,0.0,0.0,0.0,1.0,True,9
8,13,non-restrictive,25,5,dobj,canvas,1.323,2.856,1533.0,0.0,1.0,0.0,0.0,1.0,0.926471,False,218
8,14,restrictive,28,0,det,The,0.021,0.063,42.0,0.0,0.0,0.0,0.0,0.0,0.0,True,0
8,14,restrictive,28,1,nsubj,cat,0.147,0.525,378.0,0.0,0.0,0.0,0.0,0.0,1.0,True,55
8,14,restrictive,28,2,aux,will,0.63,0.756,126.0,0.0,0.0,0.0,0.0,0.0,1.0,True,18
8,14,restrictive,28,3,ROOT,drink,0.861,1.176,315.0,0.0,0.0,0.0,0.0,0.0,1.0,True,47
8,14,restrictive,28,4,det,the,1.281,1.344,63.0,0.0,0.0,0.0,0.0,0.0,1.0,True,9
8,14,restrictive,28,5,dobj,milk,1.449,2.562,1113.0,1.0,0.0,0.0,0.0,1.0,0.0,False,160
8,15,non-restrictive,9,0,det,The,0.021,0.063,42.0,0.0,0.0,0.0,0.0,0.0,0.0,True,6
8,15,non-restrictive,9,1,nsubj,woman,0.168,0.483,315.0,1.0,0.0,0.0,0.0,0.0,0.875,False,47
8,15,non-restrictive,9,2,aux,will,0.609,0.735,126.0,0.0,1.0,0.0,0.0,1.0,0.833333,False,9
8,15,non-restrictive,9,3,ROOT,open,0.903,1.176,273.0,0.0,0.0,0.0,0.0,0.0,1.0,True,41
8,15,non-restrictive,9,4,det,the,1.302,1.365,63.0,0.0,0.0,0.0,0.0,0.0,1.0,True,9
8,15,non-restrictive,9,5,dobj,book,1.47,1.869,399.0,0.0,0.0,0.0,0.0,0.0,1.0,True,58
8,16,restrictive,42,0,det,The,0.021,0.063,42.0,0.0,0.0,0.0,0.0,0.0,0.0,True,0
8,16,restrictive,42,1,nsubj,woman,0.189,0.525,336.0,0.0,0.0,0.0,0.0,0.0,1.0,True,50
8,16,restrictive,42,2,aux,will,0.63,0.777,147.0,0.0,1.0,0.0,0.0,0.0,0.9375,False,16
8,16,restrictive,42,3,ROOT,sew,0.903,1.071,168.0,0.0,0.0,0.0,0.0,0.0,1.0,True,20
8,16,restrictive,42,4,det,the,1.197,1.26,63.0,0.0,0.0,0.0,0.0,0.0,1.0,True,10
8,16,restrictive,42,5,dobj,shirt,1.428,2.583,1155.0,0.5,0.0,0.5,0.0,0.5,0.860465,False,169
8,17,restrictive,2,0,det,The,0.021,0.063,42.0,0.0,0.0,0.0,0.0,0.0,0.0,True,6
8,17,restrictive,2,1,nsubj,policeman,0.147,0.903,756.0,0.0,0.142857,0.571429,0.285714,0.571429,0.895522,False,94
8,17,restrictive,2,2,aux,will,1.05,1.176,126.0,0.0,0.0,0.0,0.0,0.0,1.0,True,19
8,17,restrictive,2,3,ROOT,arrest,1.26,1.722,462.0,1.0,0.0,0.0,0.0,0.0,0.94,False,69
8,17,restrictive,2,4,det,the,1.827,1.89,63.0,0.0,0.0,0.0,0.0,0.0,0.0,True,10
8,17,restrictive,2,5,dobj,man,1.974,3.192,1218.0,0.0,0.0,1.0,0.0,1.0,0.0,False,170
8,18,non-restrictive,35,0,det,The,0.021,0.063,42.0,0.0,0.0,0.0,0.0,0.0,0.0,True,6
8,18,non-restrictive,35,1,nsubj,girl,0.147,0.483,336.0,0.0,1.0,0.0,0.0,0.0,0.428571,False,45
8,18,non-restrictive,35,2,aux,will,0.63,0.756,126.0,0.0,0.0,0.0,0.0,0.0,1.0,True,14
8,18,non-restrictive,35,3,ROOT,squeeze,0.882,1.365,483.0,0.0,0.0,0.0,0.0,0.0,1.0,True,72
8,18,non-restrictive,35,4,det,the,1.428,1.512,84.0,0.0,0.0,0.0,0.0,0.0,1.0,True,12
8,18,non-restrictive,35,5,dobj,mascara,1.596,3.234,1638.0,0.0,0.0,0.0,1.0,1.0,0.379147,False,235
8,19,non-restrictive,47,0,det,The,0.021,0.063,42.0,0.0,0.0,1.0,0.0,0.0,0.0,False,6
8,19,non-restrictive,47,1,nsubj,girl,0.168,0.546,378.0,0.0,1.0,0.0,0.0,0.0,0.96,False,29
8,19,non-restrictive,47,2,aux,will,0.735,0.861,126.0,0.0,0.0,0.0,0.0,0.0,0.0,True,19
8,19,non-restrictive,47,3,ROOT,move,0.966,1.239,273.0,0.0,0.0,0.0,0.0,0.0,0.0,True,40
8,19,non-restrictive,47,4,det,the,1.302,1.365,63.0,0.0,0.0,0.0,0.0,0.0,0.0,True,9
8,19,non-restrictive,47,5,dobj,carpet,1.47,2.877,1407.0,0.0,0.417722,0.468354,0.113924,0.113924,0.0,False,201
8,20,non-restrictive,31,0,det,The,0.021,0.063,42.0,0.0,0.0,0.0,0.0,0.0,0.0,True,6
8,20,non-restrictive,31,1,nsubj,woman,0.21,0.525,315.0,0.0,0.0,0.0,0.0,0.0,0.0,True,47
8,20,non-restrictive,31,2,aux,will,0.714,0.84,126.0,0.0,0.0,0.0,0.0,0.0,0.0,True,3
8,20,non-restrictive,31,3,ROOT,examine,0.945,1.575,630.0,0.0,0.0,0.0,0.0,0.0,1.0,True,94
8,20,non-restrictive,31,4,det,the,1.659,1.722,63.0,0.0,0.0,0.0,0.0,0.0,1.0,True,10
8,20,non-restrictive,31,5,dobj,bottle,1.827,3.087,1260.0,0.0,0.0,0.0,1.0,1.0,0.29932,False,176
8,21,non-restrictive,17,0,det,The,0.021,0.063,42.0,0.0,0.0,0.0,0.0,0.0,0.0,True,6
8,21,non-restrictive,17,1,nsubj,man,0.168,0.483,315.0,0.0,0.666667,0.333333,0.0,0.666667,0.785714,False,47
8,21,non-restrictive,17,2,aux,will,0.63,0.756,126.0,0.0,0.0,0.0,0.0,0.0,0.0,True,8
8,21,non-restrictive,17,3,ROOT,move,0.861,1.134,273.0,0.0,0.0,0.0,0.0,0.0,1.0,True,35
8,21,non-restrictive,17,4,det,the,1.197,1.26,63.0,0.0,0.0,0.0,0.0,0.0,1.0,True,10
8,21,non-restrictive,17,5,dobj,wood,1.386,2.499,1113.0,1.0,0.0,0.0,0.0,0.0,0.962963,False,162
8,22,non-restrictive,7,0,det,The,0.021,0.063,42.0,0.0,0.0,0.0,1.0,1.0,0.0,False,6
8,22,non-restrictive,7,1,nsubj,doctor,0.168,0.651,483.0,0.0,0.0,0.0,1.0,1.0,0.076923,False,72
8,22,non-restrictive,7,2,aux,will,0.798,0.924,126.0,0.0,0.0,0.0,0.0,0.0,1.0,True,18
8,22,non-restrictive,7,3,ROOT,check,1.05,1.323,273.0,0.0,0.6,0.4,0.0,0.0,0.0,False,41
8,22,non-restrictive,7,4,det,the,1.428,1.491,63.0,0.0,0.0,0.0,0.0,0.0,0.0,True,9
8,22,non-restrictive,7,5,dobj,child,1.617,3.003,1386.0,0.0,0.091743,0.027523,0.880734,0.880734,0.0,False,197
8,23,restrictive,20,0,det,The,0.021,0.063,42.0,0.0,0.0,0.0,1.0,0.0,0.0,False,6
8,23,restrictive,20,1,nsubj,baby,0.168,0.546,378.0,0.0,0.0,0.142857,0.857143,0.0,0.548387,False,56
8,23,restrictive,20,2,aux,will,0.819,0.945,126.0,0.0,0.0,0.0,0.0,0.0,1.0,True,19
8,23,restrictive,20,3,ROOT,hug,1.071,1.218,147.0,0.0,0.0,0.0,0.0,0.0,1.0,True,22
8,23,restrictive,20,4,det,the,1.386,1.449,63.0,0.0,0.0,0.0,0.0,0.0,0.0,True,0
8,23,restrictive,20,5,dobj,kitten,1.533,2.877,1344.0,1.0,0.0,0.0,0.0,1.0,0.971963,False,190
8,24,non-restrictive,27,0,det,The,0.021,0.063,42.0,0.0,1.0,0.0,0.0,0.0,0.0,False,6
8,24,non-restrictive,27,1,nsubj,boy,0.147,0.399,252.0,0.0,0.0,0.0,0.0,0.0,0.0,True,37
8,24,non-restrictive,27,2,aux,will,0.525,0.651,126.0,0.0,0.0,0.0,0.0,0.0,0.0,True,0
8,24,non-restrictive,27,3,ROOT,touch,0.735,1.029,294.0,0.0,0.0,0.0,0.0,0.0,1.0,True,44
8,24,non-restrictive,27,4,det,the,1.134,1.218,84.0,0.0,0.0,0.0,0.0,0.0,1.0,True,12
8,24,non-restrictive,27,5,dobj,lamp,1.344,2.478,1134.0,0.0,0.0,0.076923,0.923077,0.923077,0.663793,False,168
8,25,non-restrictive,43,0,det,The,0.021,0.063,42.0,0.0,0.0,0.0,0.0,0.0,1.0,True,6
8,25,non-restrictive,43,1,nsubj,man,0.168,0.462,294.0,0.0,0.0,0.0,0.0,0.0,1.0,True,43
8,25,non-restrictive,43,2,aux,will,0.588,0.714,126.0,0.0,0.0,0.0,0.0,0.0,1.0,True,19
8,25,non-restrictive,43,3,ROOT,wipe,0.819,1.071,252.0,0.0,0.0,0.0,0.0,0.0,1.0,True,37
8,25,non-restrictive,43,4,det,the,1.155,1.218,63.0,0.0,0.0,0.0,0.0,0.0,1.0,True,9
8,25,non-restrictive,43,5,dobj,safe,1.344,2.499,1155.0,0.0,0.0,0.0,1.0,1.0,0.84,False,167
8,26,non-restrictive,19,0,det,The,0.021,0.063,42.0,0.0,0.0,0.0,0.0,0.0,0.0,True,6
8,26,non-restrictive,19,1,nsubj,chef,0.21,0.462,252.0,0.0,0.0,0.0,0.0,0.0,0.0,True,37
8,26,non-restrictive,19,2,aux,will,0.609,0.735,126.0,1.0,0.0,0.0,0.0,0.0,0.714286,False,19
8,26,non-restrictive,19,3,ROOT,clean,0.798,1.134,336.0,0.0,0.0,0.0,0.0,0.0,1.0,True,50
8,26,non-restrictive,19,4,det,the,1.239,1.281,42.0,0.0,0.0,0.0,0.0,0.0,1.0,True,7
8,26,non-restrictive,19,5,dobj,bread,1.407,2.604,1197.0,0.0,0.0,0.0,1.0,1.0,0.617021,False,174
8,27,non-restrictive,23,0,det,The,0.021,0.063,42.0,0.0,0.0,0.0,1.0,1.0,0.0,False,6
8,27,non-restrictive,23,1,nsubj,girl,0.147,0.483,336.0,0.0,0.166667,0.666667,0.166667,0.166667,0.478261,False,29
8,27,non-restrictive,23,2,aux,will,0.63,0.756,126.0,0.0,0.0,1.0,0.0,0.0,0.0,False,18
8,27,non-restrictive,23,3,ROOT,hold,0.882,1.155,273.0,0.0,0.0,0.0,0.0,0.0,1.0,True,41
8,27,non-restrictive,23,4,det,the,1.26,1.302,42.0,0.0,0.0,0.0,0.0,0.0,1.0,True,6
8,27,non-restrictive,23,5,dobj,scarf,1.428,2.751,1323.0,0.0,0.0,0.0,1.0,1.0,0.681159,False,188
8,28,restrictive,38,0,det,The,0.021,0.063,42.0,0.0,0.0,0.0,0.0,0.0,0.0,True,6
8,28,restrictive,38,1,nsubj,woman,0.189,0.525,336.0,0.0,1.0,0.0,0.0,0.0,0.333333,False,41
8,28,restrictive,38,2,aux,will,0.63,0.756,126.0,0.0,0.0,0.0,0.0,0.0,1.0,True,18
8,28,restrictive,38,3,ROOT,tie,0.84,1.155,315.0,0.0,0.0,0.0,0.0,0.0,1.0,True,19
8,28,restrictive,38,4,det,the,1.197,1.281,84.0,0.0,0.0,0.0,0.0,0.0,1.0,True,13
8,28,restrictive,38,5,dobj,apron,1.491,2.772,1281.0,0.0,0.0,0.0,0.0,0.0,1.0,True,184
8,29,restrictive,10,0,det,The,0.021,0.063,42.0,0.0,0.0,0.0,0.0,0.0,0.0,True,6
8,29,restrictive,10,1,nsubj,man,0.147,0.525,378.0,0.4,0.6,0.0,0.0,0.0,0.8,False,44
8,29,restrictive,10,2,aux,will,0.693,0.819,126.0,0.0,0.0,0.0,0.0,0.0,1.0,True,19
8,29,restrictive,10,3,ROOT,repair,0.903,1.323,420.0,0.0,0.0,0.0,0.0,0.0,1.0,True,63
8,29,restrictive,10,4,det,the,1.428,1.512,84.0,0.0,0.0,0.0,0.0,0.0,1.0,True,12
8,29,restrictive,10,5,compound,washing,1.638,2.184,546.0,0.0,0.0,0.0,0.0,0.0,1.0,True,82
8,29,restrictive,10,6,dobj,machine,2.268,3.612,1344.0,0.0,0.0,0.0,0.0,0.0,0.0,True,157
8,30,non-restrictive,21,0,det,The,0.021,0.063,42.0,0.0,0.0,0.0,0.0,0.0,0.0,True,6
8,30,non-restrictive,21,1,nsubj,woman,0.189,0.504,315.0,0.0,0.0,0.0,0.0,0.0,1.0,True,47
8,30,non-restrictive,21,2,aux,will,0.672,0.798,126.0,0.0,0.0,0.0,0.0,0.0,1.0,True,19
8,30,non-restrictive,21,3,ROOT,move,0.882,1.155,273.0,0.0,0.0,0.0,0.0,0.0,1.0,True,41
8,30,non-restrictive,21,4,det,the,1.239,1.281,42.0,0.0,0.0,0.0,0.0,0.0,1.0,True,6
8,30,non-restrictive,21,5,dobj,flower,1.407,2.772,1365.0,0.0,1.0,0.0,0.0,1.0,0.967213,False,195
8,31,non-restrictive,13,0,det,The,0.021,0.084,63.0,0.0,0.0,1.0,0.0,0.0,0.0,False,9
8,31,non-restrictive,13,1,nsubj,man,0.168,0.504,336.0,0.0,0.0,0.0,0.0,0.0,0.0,True,45
8,31,non-restrictive,13,2,aux,will,0.609,0.735,126.0,0.0,0.0,0.0,0.0,0.0,0.0,True,10
8,31,non-restrictive,13,3,ROOT,collect,0.819,1.302,483.0,0.0,1.0,0.0,0.0,1.0,0.945946,False,72
8,31,non-restrictive,13,4,det,the,1.428,1.491,63.0,0.0,0.0,1.0,0.0,0.0,0.0,False,9
8,31,non-restrictive,13,5,dobj,cigarettes,1.617,3.108,1491.0,0.0,0.0,1.0,0.0,0.0,0.0,False,215
8,32,restrictive,32,0,det,The,0.021,0.063,42.0,0.0,0.0,0.0,0.0,0.0,0.0,True,6
8,32,restrictive,32,1,nsubj,woman,0.189,0.525,336.0,0.0,0.0,0.0,0.0,0.0,0.0,True,50
8,32,restrictive,32,2,aux,will,0.672,0.798,126.0,0.0,0.0,0.0,0.0,0.0,0.0,True,19
8,32,restrictive,32,3,ROOT,brew,0.882,1.113,231.0,0.0,0.0,0.0,0.0,0.0,0.0,True,35
8,32,restrictive,32,4,det,the,1.218,1.302,84.0,0.0,0.0,0.0,0.0,0.0,0.0,True,13
8,32,restrictive,32,5,dobj,beer,1.407,2.667,1260.0,0.0,0.0,0.0,0.0,0.0,0.0,True,163
8,34,restrictive,22,0,det,The,0.021,0.063,42.0,0.0,0.0,0.0,0.0,0.0,0.0,True,6
8,34,restrictive,22,1,nsubj,girl,0.147,0.504,357.0,0.0,1.0,0.0,0.0,0.0,0.925926,False,54
8,34,restrictive,22,2,aux,will,0.609,0.777,168.0,0.0,0.0,0.0,0.0,0.0,1.0,True,25
8,34,restrictive,22,3,ROOT,zip,0.924,1.071,147.0,0.0,0.0,0.0,0.0,0.0,0.0,True,1
8,34,restrictive,22,4,det,the,1.26,1.323,63.0,0.0,0.0,0.0,0.0,0.0,0.0,True,9
8,34,restrictive,22,5,dobj,coat,1.407,2.583,1176.0,0.0,0.75,0.25,0.0,0.25,0.0,False,141
8,35,non-restrictive,45,0,det,The,0.021,0.063,42.0,0.0,0.0,0.0,0.0,0.0,0.0,True,6
8,35,non-restrictive,45,1,nsubj,chef,0.21,0.462,252.0,0.0,0.0,0.0,0.0,0.0,0.0,True,25
8,35,non-restrictive,45,2,aux,will,0.609,0.735,126.0,0.0,0.0,0.0,0.0,0.0,0.0,True,19
8,35,non-restrictive,45,3,ROOT,carry,0.819,1.176,357.0,0.0,0.0,0.0,0.0,0.0,1.0,True,53
8,35,non-restrictive,45,4,det,the,1.302,1.365,63.0,0.0,0.0,0.0,0.0,0.0,1.0,True,9
8,35,non-restrictive,45,5,dobj,carrot,1.47,2.688,1218.0,0.0,0.0,0.0,0.0,0.0,0.0,True,148
8,36,restrictive,8,0,det,The,0.021,0.063,42.0,0.0,0.0,0.0,0.0,0.0,0.0,True,6
8,36,restrictive,8,1,nsubj,woman,0.189,0.525,336.0,0.0,0.0,0.0,0.0,0.0,1.0,True,50
8,36,restrictive,8,2,aux,will,0.651,0.777,126.0,0.0,0.0,0.0,0.0,0.0,0.0,True,0
8,36,restrictive,8,3,ROOT,play,0.861,1.155,294.0,0.0,0.0,0.0,0.0,0.0,0.0,True,9
8,36,restrictive,8,4,det,the,1.281,1.344,63.0,0.0,0.0,0.0,0.0,0.0,0.0,True,3
8,36,restrictive,8,5,dobj,piano,1.449,2.919,1470.0,0.0,0.0,0.0,0.0,0.0,0.0,True,184
8,37,restrictive,26,0,det,The,0.021,0.063,42.0,0.0,0.0,0.0,0.0,0.0,0.0,True,0
8,37,restrictive,26,1,nsubj,woman,0.189,0.525,336.0,0.0,0.4,0.6,0.0,0.6,0.72973,False,44
8,37,restrictive,26,2,aux,will,0.693,0.819,126.0,0.0,0.0,0.0,0.0,0.0,1.0,True,19
8,37,restrictive,26,3,ROOT,blow,0.903,1.176,273.0,0.0,0.0,0.0,0.0,0.0,1.0,True,12
8,37,restrictive,26,4,prt,out,1.365,1.491,126.0,0.0,1.0,0.0,0.0,0.0,0.0,False,19
8,37,restrictive,26,5,det,the,1.596,1.659,63.0,0.0,0.0,0.0,0.0,0.0,0.0,True,9
8,37,restrictive,26,6,dobj,candle,1.743,3.108,1365.0,0.0,0.0,0.0,0.0,0.0,0.0,True,162
8,38,restrictive,48,0,det,The,0.021,0.063,42.0,0.0,0.0,0.0,0.0,0.0,0.0,True,6
8,38,restrictive,48,1,nsubj,child,0.189,0.735,546.0,0.0,0.0,0.0,0.0,0.0,0.0,True,75
8,38,restrictive,48,2,aux,will,0.84,0.966,126.0,1.0,0.0,0.0,0.0,1.0,0.0,False,8
8,38,restrictive,48,3,ROOT,inflate,1.05,1.554,504.0,1.0,0.0,0.0,0.0,1.0,0.963636,False,75
8,38,restrictive,48,4,det,the,1.617,1.701,84.0,0.0,0.0,0.0,0.0,0.0,1.0,True,12
8,38,restrictive,48,5,dobj,balloon,1.785,3.192,1407.0,0.0,0.3,0.7,0.0,0.0,0.0,False,200
8,39,non-restrictive,37,0,det,The,0.021,0.063,42.0,0.0,0.0,0.0,0.0,0.0,0.0,True,0
8,39,non-restrictive,37,1,nsubj,boy,0.147,0.441,294.0,0.0,0.0,0.0,0.0,0.0,1.0,True,16
8,39,non-restrictive,37,2,aux,will,0.567,0.714,147.0,0.0,0.0,0.0,0.0,0.0,1.0,True,22
8,39,non-restrictive,37,3,ROOT,move,0.798,1.071,273.0,0.0,0.0,0.0,0.0,0.0,1.0,True,40
8,39,non-restrictive,37,4,det,the,1.155,1.218,63.0,0.0,0.0,0.0,0.0,0.0,1.0,True,9
8,39,non-restrictive,37,5,dobj,banana,1.323,2.793,1470.0,0.0,0.111111,0.222222,0.666667,0.111111,0.875,False,210
8,40,non-restrictive,49,0,det,The,0.021,0.084,63.0,0.0,0.0,0.0,0.0,0.0,0.0,True,9
8,40,non-restrictive,49,1,nsubj,man,0.168,0.462,294.0,0.0,0.0,0.0,0.0,0.0,0.0,True,43
8,40,non-restrictive,49,2,aux,will,0.588,0.714,126.0,0.0,0.0,0.0,0.0,0.0,0.0,True,19
8,40,non-restrictive,49,3,ROOT,pick,0.798,1.029,231.0,0.0,0.0,0.0,0.0,0.0,0.0,True,23
8,40,non-restrictive,49,4,prt,up,1.155,1.239,84.0,0.0,0.0,0.0,0.0,0.0,0.0,True,5
8,40,non-restrictive,49,5,det,the,1.323,1.386,63.0,0.0,0.0,0.0,0.0,0.0,0.0,True,9
8,40,non-restrictive,49,6,dobj,stamp,1.533,2.814,1281.0,0.0,1.0,0.0,0.0,1.0,0.92,False,187
8,41,non-restrictive,15,0,det,The,0.021,0.063,42.0,0.0,0.0,1.0,0.0,0.0,0.0,False,6
8,41,non-restrictive,15,1,nsubj,businessman,0.168,1.029,861.0,0.0,0.071429,0.928571,0.0,0.0,0.0,False,103
8,41,non-restrictive,15,2,aux,will,1.218,1.344,126.0,0.0,0.0,0.0,0.0,0.0,0.0,True,19
8,41,non-restrictive,15,3,ROOT,forget,1.428,1.827,399.0,1.0,0.0,0.0,0.0,0.0,0.818182,False,59
8,41,non-restrictive,15,4,det,the,1.974,2.037,63.0,0.0,0.0,0.0,0.0,0.0,1.0,True,10
8,41,non-restrictive,15,5,dobj,hat,2.163,3.234,1071.0,0.0,0.0,0.407407,0.592593,0.592593,0.0,False,155
8,42,non-restrictive,39,0,det,The,0.021,0.063,42.0,0.0,0.0,0.0,0.0,0.0,0.0,True,6
8,42,non-restrictive,39,1,nsubj,boy,0.147,0.42,273.0,0.0,0.0,0.0,0.0,0.0,1.0,True,25
8,42,non-restrictive,39,2,aux,will,0.546,0.693,147.0,0.0,0.0,1.0,0.0,0.0,0.0,False,22
8,42,non-restrictive,39,3,ROOT,move,0.777,1.008,231.0,0.0,0.0,0.0,0.0,0.0,0.0,True,35
8,42,non-restrictive,39,4,det,the,1.071,1.113,42.0,0.0,0.0,0.0,0.0,0.0,0.0,True,7
8,42,non-restrictive,39,5,dobj,shoelace,1.281,2.667,1386.0,0.0,0.029412,0.970588,0.0,0.0,0.028571,False,201
8,43,non-restrictive,1,0,det,The,0.021,0.063,42.0,0.0,0.0,0.0,0.0,0.0,1.0,True,6
8,43,non-restrictive,1,1,nsubj,woman,0.189,0.504,315.0,0.0,0.0,0.0,0.0,0.0,1.0,True,47
8,43,non-restrictive,1,2,aux,will,0.672,0.777,105.0,0.0,0.0,1.0,0.0,0.0,0.0,False,15
8,43,non-restrictive,1,3,ROOT,try,0.882,1.155,273.0,0.0,0.0,0.333333,0.666667,0.0,0.0,False,24
8,43,non-restrictive,1,4,det,the,1.26,1.323,63.0,0.0,0.0,0.0,0.0,0.0,1.0,True,9
8,43,non-restrictive,1,5,dobj,wine,1.449,2.688,1239.0,0.0,1.0,0.0,0.0,1.0,0.954545,False,179
8,44,non-restrictive,41,0,det,The,0.021,0.063,42.0,0.0,1.0,0.0,0.0,1.0,0.0,False,6
8,44,non-restrictive,41,1,nsubj,boy,0.147,0.42,273.0,0.0,1.0,0.0,0.0,1.0,0.461538,False,41
8,44,non-restrictive,41,2,aux,will,0.546,0.693,147.0,0.0,0.0,0.0,0.0,0.0,0.0,True,2
8,44,non-restrictive,41,3,ROOT,move,0.777,1.029,252.0,0.0,0.0,0.0,0.0,0.0,1.0,True,38
8,44,non-restrictive,41,4,det,the,1.092,1.155,63.0,0.0,0.0,0.0,0.0,0.0,1.0,True,9
8,44,non-restrictive,41,5,dobj,orange,1.386,2.688,1302.0,1.0,0.0,0.0,0.0,0.0,0.974359,False,187
8,45,restrictive,0,0,det,The,0.021,0.063,42.0,0.0,0.0,0.0,0.0,0.0,0.0,True,6
8,45,restrictive,0,1,nsubj,boy,0.147,0.42,273.0,0.0,0.0,0.0,0.0,0.0,1.0,True,41
8,45,restrictive,0,2,aux,will,0.546,0.672,126.0,0.0,1.0,0.0,0.0,0.0,0.928571,False,15
8,45,restrictive,0,3,ROOT,eat,0.819,0.945,126.0,0.0,0.0,0.0,0.0,0.0,1.0,True,11
8,45,restrictive,0,4,det,the,1.05,1.113,63.0,0.0,0.0,0.0,0.0,0.0,1.0,True,10
8,45,restrictive,0,5,dobj,cake,1.197,2.394,1197.0,1.0,0.0,0.0,0.0,1.0,0.538462,False,138
8,46,non-restrictive,5,0,det,The,0.021,0.063,42.0,0.0,0.0,0.0,0.0,0.0,1.0,True,6
8,46,non-restrictive,5,1,nsubj,hiker,0.168,0.588,420.0,0.0,0.0,0.0,0.0,0.0,1.0,True,62
8,46,non-restrictive,5,2,aux,will,0.756,0.903,147.0,0.0,1.0,0.0,0.0,1.0,0.0,False,22
8,46,non-restrictive,5,3,ROOT,photograph,1.071,1.827,756.0,0.0,0.0,1.0,0.0,0.0,0.0,False,113
8,46,non-restrictive,5,4,det,the,1.953,2.016,63.0,0.0,0.0,0.0,0.0,0.0,1.0,True,9
8,46,non-restrictive,5,5,dobj,mountain,2.121,3.444,1323.0,1.0,0.0,0.0,0.0,0.0,0.930233,False,184
8,47,restrictive,6,0,det,The,0.021,0.063,42.0,0.0,0.0,0.0,0.0,0.0,0.0,True,6
8,47,restrictive,6,1,nsubj,housewife,0.189,0.882,693.0,1.0,0.0,0.0,0.0,0.0,0.968254,False,103
8,47,restrictive,6,2,aux,will,0.987,1.113,126.0,0.0,0.0,0.0,0.0,0.0,1.0,True,19
8,47,restrictive,6,3,ROOT,fry,1.281,1.596,315.0,1.0,0.0,0.0,0.0,0.0,0.761905,False,47
8,47,restrictive,6,4,det,the,1.701,1.764,63.0,0.0,0.0,0.0,0.0,0.0,0.0,True,10
8,47,restrictive,6,5,dobj,mushrooms,1.869,3.507,1638.0,0.0,1.0,0.0,0.0,0.0,0.0,False,231
8,48,restrictive,24,0,det,The,0.021,0.063,42.0,0.0,0.0,0.0,0.0,0.0,0.0,True,6
8,48,restrictive,24,1,nsubj,girl,0.147,0.483,336.0,0.0,0.0,0.0,0.0,0.0,1.0,True,51
8,48,restrictive,24,2,aux,will,0.63,0.756,126.0,0.0,0.0,0.0,0.0,0.0,1.0,True,18
8,48,restrictive,24,3,ROOT,groom,0.882,1.239,357.0,0.0,0.0,0.0,0.0,0.0,1.0,True,53
8,48,restrictive,24,4,det,the,1.365,1.428,63.0,0.0,0.0,1.0,0.0,0.0,0.0,False,10
8,48,restrictive,24,5,dobj,rabbit,1.554,2.814,1260.0,0.0,0.0,1.0,0.0,0.0,0.0,False,174
8,49,restrictive,4,0,det,The,0.021,0.063,42.0,0.0,0.0,1.0,0.0,0.0,0.0,False,6
8,49,restrictive,4,1,nsubj,boy,0.147,0.42,273.0,0.0,0.0,1.0,0.0,0.0,0.689655,False,41
8,49,restrictive,4,2,aux,will,0.546,0.693,147.0,0.0,0.0,0.0,0.0,0.0,1.0,True,22
8,49,restrictive,4,3,ROOT,bounce,0.777,1.218,441.0,0.0,1.0,0.0,0.0,0.0,0.947368,False,20
8,49,restrictive,4,4,det,the,1.281,1.344,63.0,0.0,0.0,0.0,0.0,0.0,0.0,True,2
8,49,restrictive,4,5,dobj,ball,1.449,2.625,1176.0,1.0,0.0,0.0,0.0,1.0,0.941176,False,138
