subject_id,trial,sentence_id,condition,sentence,target_position,n_saccades_detected,n_saccades_after_verb_onset,first_saccade_latency_s,first_saccade_duration_s,first_saccade_peak_vel_deg_s,first_saccade_landing_aoi,first_saccade_is_target,first_saccade_is_object,rawsample_prop_pos1,saccade_prop_pos1,rawsample_prop_pos2,saccade_prop_pos2,rawsample_prop_pos3,saccade_prop_pos3,rawsample_prop_pos4,saccade_prop_pos4,prop_target_critical_window,saccade_prop_target,no_object_gaze_critical_window,n_saccades_landed_critical_window,target_object,first_saccade_chosen_object
subject-1,0,6,non-restrictive,The housewife will  wash the mushrooms,3,14,4,0.1538,0.0339,223.3,subject,False,False,,,,,,,,,,,True,0,mushrooms,subject
subject-1,1,15,restrictive,The businessman will wear the hat,4,9,1,1.1181,0.0603,273.3,elsewhere,False,False,,,,,,,,,,,True,0,hat,elsewhere
subject-1,2,39,restrictive,The boy will tie the shoelace,4,14,4,0.6515,0.0532,456.1,elsewhere,False,False,,,,,,,,,,,True,0,shoelace,elsewhere
subject-1,3,21,restrictive,The woman will water the flower,2,10,4,0.0782,0.0334,331.0,subject,False,False,,,,,,,,,,,True,0,flower,subject
subject-1,4,38,non-restrictive,The woman will carry the apron,3,11,5,0.1034,0.0134,220.7,elsewhere,False,False,,,,,,,,,,,True,1,apron,elsewhere
subject-1,5,4,non-restrictive,The boy will throw the ball,1,8,4,0.1514,0.0464,287.9,pos1,True,True,1.0,,0.0,,0.0,,0.0,,1.0,,False,0,ball,ball
subject-1,6,29,restrictive,The grandmother will read the newspaper,2,15,1,0.4275,0.0469,374.1,elsewhere,False,False,,,,,,,,,,,True,1,newspaper,elsewhere
subject-1,7,23,restrictive,The girl will knit the scarf,4,11,5,0.2723,0.0469,374.5,elsewhere,False,False,1.0,,0.0,,0.0,,0.0,,0.0,,False,1,scarf,elsewhere
subject-1,8,19,restrictive,The chef will slice the bread,4,11,2,0.1109,0.0535,486.4,elsewhere,False,False,0.0,,0.0,,0.0,,1.0,,1.0,,False,0,bread,elsewhere
subject-1,9,22,non-restrictive,The girl will hang the coat,3,14,5,0.0555,0.0269,189.8,subject,False,False,,,,,,,,,,,True,0,coat,subject
subject-1,10,7,restrictive,The doctor will inject the child,4,11,4,0.0508,0.0332,299.1,subject,False,False,,,,,,,,,,,True,0,child,subject
subject-1,11,43,restrictive,The man will lock the safe,4,12,4,0.648,0.0335,208.5,elsewhere,False,False,,,,,,,,,,,True,0,safe,elsewhere
subject-1,12,8,non-restrictive,The woman will dust the piano,1,11,6,0.1495,0.0537,404.8,pos1,True,True,1.0,,0.0,,0.0,,0.0,,1.0,,False,1,piano,piano
subject-1,13,30,non-restrictive,The girl will grab the dice,3,9,3,0.6661,0.0132,162.3,subject,False,False,,,,,,,,,,,True,0,dice,subject
subject-1,14,36,non-restrictive,The kid will stack the lego,1,11,2,1.3092,0.0403,414.8,pos3,False,True,,,,,,,,,,,True,0,lego,boxes
subject-1,15,20,non-restrictive,The baby will grab the kitten,1,13,3,0.6155,0.0469,365.3,pos1,True,True,1.0,1.0,0.0,0.0,0.0,0.0,0.0,0.0,1.0,1.0,False,1,kitten,kitten
subject-1,16,5,restrictive,The hiker will climb the mountain,2,13,3,0.0738,0.0671,413.8,elsewhere,False,False,,,,,,,,,,,True,0,mountain,elsewhere
subject-1,17,1,restrictive,The woman will drink the wine,2,9,2,0.1763,0.0737,326.7,pos1,False,True,1.0,,0.0,,0.0,,0.0,,0.0,,False,0,wine,lipstick
subject-1,18,32,non-restrictive,The woman will carry the beer,1,12,5,0.2249,0.0268,317.9,elsewhere,False,False,,,,,,,,,,,True,1,beer,elsewhere
subject-1,19,3,restrictive,The woman will bathe the baby,4,11,3,0.5426,0.0474,380.4,elsewhere,False,False,0.0,,0.0,,0.0,,1.0,,1.0,,False,1,baby,elsewhere
subject-1,20,2,non-restrictive,The policeman will search the man,3,8,0,,,,,,,0.0,,0.0,,1.0,,0.0,,1.0,,False,0,man,
subject-1,21,46,non-restrictive,The musician will move the violin,3,13,3,0.8823,0.0403,349.8,pos4,False,True,,,,,,,,,,,True,0,violin,bow
subject-1,22,16,non-restrictive,The woman will  carry the dress,1,15,4,0.117,0.0535,296.2,pos4,False,True,0.0,,0.0,,0.0,,1.0,,0.0,,False,1,dress,ribbon
subject-1,23,18,non-restrictive,The boy will touch the football,3,11,1,0.2069,0.0535,446.3,pos3,True,True,0.0,,0.0,,1.0,,0.0,,1.0,,False,0,football,football
subject-1,24,27,restrictive,The boy will dim the lamp,4,8,5,0.1266,0.0403,304.7,elsewhere,False,False,,,,,,,,,,,True,0,lamp,elsewhere
subject-1,25,13,restrictive,The man will smoke the cigarettes,2,14,2,0.4329,0.0464,358.9,pos2,True,True,0.0,0.0,1.0,1.0,0.0,0.0,0.0,0.0,1.0,1.0,False,1,cigarettes,cigarettes
subject-1,26,24,non-restrictive,The girl will lift the rabbit,1,13,3,0.2349,0.0535,410.5,pos1,True,True,1.0,,0.0,,0.0,,0.0,,1.0,,False,0,rabbit,rabbit
subject-1,27,42,non-restrictive,The woman will wash the shirt,3,11,5,0.0816,0.0198,428.2,elsewhere,False,False,0.6393,,0.0,,0.2009,,0.1598,,0.2009,,False,2,shirt,elsewhere
subject-1,28,12,non-restrictive,The man will watch the boat,1,11,4,0.5543,0.0669,286.9,pos3,False,True,0.0,,0.0,,1.0,,0.0,,0.0,,False,0,boat,sun
subject-1,29,48,non-restrictive,The child will carry the balloon,1,9,2,1.3352,0.04,306.9,pos4,False,True,,,,,,,,,,,True,0,balloon,pouch
subject-1,30,49,restrictive,The man will lick the stamp,2,12,2,0.0655,0.0535,306.7,subject,False,False,,,,,,,,,,,True,0,stamp,subject
subject-1,31,10,non-restrictive,The man will wipe the washing machine,3,13,4,0.8604,0.0537,344.5,subject,False,False,0.9779,0.0,0.0,0.0,0.0,0.0,0.0221,1.0,0.0,0.0,False,2,washing-machine,subject
subject-1,32,9,restrictive,The woman will read the book,2,10,3,0.543,0.0464,311.2,elsewhere,False,False,,,,,,,,,,,True,0,book,elsewhere
subject-1,33,37,restrictive,The boy will peel the banana,2,15,5,0.6227,0.0271,124.7,elsewhere,False,False,1.0,,0.0,,0.0,,0.0,,0.0,,False,0,banana,elsewhere
subject-1,34,31,restrictive,The woman will open the bottle,4,15,3,0.4449,0.0139,321.5,pos3,False,True,0.0,0.0,0.0,0.0,1.0,1.0,0.0,0.0,0.0,0.0,False,1,bottle,seed
subject-1,35,28,non-restrictive,The cat will push the milk,1,14,4,0.315,0.04,347.2,elsewhere,False,False,0.0,,0.0,,1.0,,0.0,,0.0,,False,1,milk,elsewhere
subject-1,36,33,restrictive,The boy will unzip the suitcase,2,11,3,0.284,0.0337,320.7,subject,False,False,1.0,1.0,0.0,0.0,0.0,0.0,0.0,0.0,0.0,0.0,False,1,suitcase,subject
subject-1,37,25,restrictive,The man will paint the canvas,2,17,6,0.3338,0.0464,227.8,pos4,False,True,0.0,0.0,0.0,0.0,0.3341,0.0,0.6659,1.0,0.0,0.0,False,1,canvas,peach
subject-1,38,17,restrictive,The man will chop the wood,2,13,3,0.8155,0.0334,311.5,pos3,False,True,,,,,,,,,,,True,0,wood,bucket
subject-1,39,14,non-restrictive,The boy will feed the dog,3,14,7,0.0755,0.0469,426.2,pos1,False,True,0.8544,,0.1456,,0.0,,0.0,,0.0,,False,1,dog,ball
subject-1,40,35,restrictive,The girl will apply the mascara,4,17,7,0.0919,0.0269,418.4,elsewhere,False,False,0.0,,0.0,,1.0,,0.0,,0.0,,False,0,mascara,elsewhere
subject-1,41,44,non-restrictive,The baker will inspect the dough,1,10,3,0.1651,0.0537,409.5,pos1,True,True,1.0,,0.0,,0.0,,0.0,,1.0,,False,0,dough,dough
subject-1,42,11,restrictive,The baby will ring the bell,4,13,2,0.4471,0.0403,303.2,subject,False,False,,,,,,,,,,,True,0,bell,subject
subject-1,43,34,non-restrictive,The boy will move the radio,3,13,4,0.2381,0.0403,530.6,elsewhere,False,False,0.0,,0.0,,1.0,,0.0,,1.0,,False,1,radio,elsewhere
subject-1,44,47,restrictive,The girl will vacuum the carpet,4,7,3,0.1812,0.0737,358.1,pos2,False,True,0.2095,,0.7905,,0.0,,0.0,,0.0,,False,0,carpet,roller
subject-1,45,45,restrictive,The chef will grate the carrot,2,14,5,0.6527,0.0334,267.9,pos2,True,True,1.0,,0.0,,0.0,,0.0,,0.0,,False,0,carrot,carrot
subject-1,46,26,non-restrictive,The woman will blow grab the candle,3,12,4,0.336,0.0205,269.6,elsewhere,False,False,0.0,,1.0,,0.0,,0.0,,0.0,,False,0,candle,elsewhere
subject-1,47,41,restrictive,The boy will squeeze the orange,2,9,5,0.8619,0.0335,285.3,pos3,False,True,0.0,,1.0,,0.0,,0.0,,1.0,,False,0,orange,stone
subject-1,48,0,non-restrictive,The boy will move the cake,1,14,4,0.006,0.0203,198.7,elsewhere,False,False,,,,,,,,,,,True,0,cake,elsewhere
subject-1,49,40,non-restrictive,The girl will hold the blouse,1,11,6,0.0682,0.0403,538.5,pos4,False,True,0.0,0.0,0.0,0.0,0.8182,1.0,0.1818,0.0,0.0,0.0,False,1,blouse,iron
subject-10,0,37,non-restrictive,The boy will move the banana,3,13,1,1.3724,0.067,350.8,elsewhere,False,False,,,,,,,,,,,True,0,banana,elsewhere
subject-10,2,45,non-restrictive,The chef will carry the carrot,3,13,1,0.4671,0.0399,637.2,pos3,True,True,0.0,0.0,0.0,0.0,1.0,1.0,0.0,0.0,1.0,1.0,False,1,carrot,carrot
subject-10,3,47,non-restrictive,The girl will move the carpet,1,8,1,0.7819,0.047,452.9,elsewhere,False,False,,,,,,,,,,,True,0,carpet,elsewhere
subject-10,4,12,restrictive,The man will sail the boat,2,6,4,0.4583,0.0467,267.2,elsewhere,False,False,,,,,,,,,,,True,1,boat,elsewhere
subject-10,5,5,non-restrictive,The hiker will photograph the mountain,3,7,3,1.4545,0.047,345.7,pos2,False,True,,,,,,,,,,,True,0,mountain,moon
subject-10,6,39,non-restrictive,The boy will move the shoelace,1,7,5,0.2544,0.0335,244.8,pos3,False,True,0.0,0.0,0.0,0.0,1.0,1.0,0.0,0.0,0.0,0.0,False,1,shoelace,mat
subject-10,7,20,restrictive,The baby will hug the kitten,2,3,1,1.1528,0.0335,405.6,pos2,True,True,,,,,,,,,,,True,0,kitten,kitten
subject-10,8,24,restrictive,The girl will groom the rabbit,2,3,1,0.9603,0.0535,412.4,pos2,True,True,,,,,,,,,,,True,0,rabbit,rabbit
subject-10,9,1,non-restrictive,The woman will try the wine,3,6,2,0.9797,0.0468,676.8,pos4,False,True,,,,,,,,,,,True,0,wine,cheese
subject-10,10,43,non-restrictive,The man will wipe the safe,1,7,4,0.7213,0.0473,245.9,pos4,False,True,,,,,,,,,,,True,0,safe,handle
subject-10,11,26,restrictive,The woman will blow out the candle,4,3,1,0.9327,0.0466,325.2,elsewhere,False,False,,,,,,,,,,,True,0,candle,elsewhere
subject-10,12,8,restrictive,The woman will play the piano,2,6,2,0.6527,0.0268,239.3,subject,False,False,,,,,,,,,,,True,0,piano,subject
subject-10,13,32,restrictive,The woman will brew the beer,2,8,4,0.3906,0.0201,191.0,subject,False,False,,,,,,,,,,,True,1,beer,subject
subject-10,14,16,restrictive,The woman will wear the dress,2,9,0,,,,,,,,,,,,,,,,,True,0,dress,
subject-10,15,48,restrictive,The child will inflate the balloon,2,8,2,0.7317,0.0198,200.8,subject,False,False,,,,,,,,,,,True,0,balloon,subject
subject-10,16,9,non-restrictive,The woman will open the book,3,0,0,,,,,,,,,,,,,,,,,True,0,book,
subject-10,17,44,restrictive,The baker will knead the dough,2,6,1,0.5996,0.0469,380.9,pos2,True,True,,,,,,,,,,,True,0,dough,dough
subject-10,18,18,restrictive,The boy will kick the football,4,10,3,0.8158,0.0334,270.7,pos4,True,True,,,,,,,,,,,True,0,football,football
subject-10,19,46,restrictive,The musician will tune the violin,4,8,2,0.7867,0.0401,329.9,elsewhere,False,False,,,,,,,,,,,True,0,violin,elsewhere
subject-10,20,22,restrictive,The girl will zip the coat,4,7,2,0.4358,0.0267,196.0,subject,False,False,,,,,,,,,,,True,1,coat,subject
subject-10,21,10,restrictive,The man will repair the washing machine,4,8,2,1.066,0.0406,346.1,pos3,False,True,0.0,0.0,0.0,0.0,0.6998,1.0,0.3002,0.0,0.3002,0.0,False,2,washing-machine,wastebin
subject-10,22,49,non-restrictive,The man will pick up the stamp,3,7,3,0.8971,0.0334,211.5,pos4,False,True,,,,,,,,,,,True,0,stamp,envelope
subject-10,23,40,restrictive,The girl will button the blouse,2,4,2,1.1533,0.0335,238.2,pos1,False,True,,,,,,,,,,,True,0,blouse,iron
subject-10,24,31,non-restrictive,The woman will examine the bottle,1,6,3,1.3726,0.0335,307.3,pos4,False,True,,,,,,,,,,,True,0,bottle,seed
subject-10,25,23,non-restrictive,The girl will hold the scarf,1,2,1,0.967,0.0536,275.7,pos1,True,True,,,,,,,,,,,True,0,scarf,scarf
subject-10,26,41,non-restrictive,The boy will move the orange,3,2,2,0.9376,0.04,237.8,pos4,False,True,,,,,,,,,,,True,0,orange,stone
subject-10,27,36,restrictive,The kid will build the lego,2,1,1,0.8836,0.0334,279.9,pos2,True,True,,,,,,,,,,,True,0,lego,lego
subject-10,28,27,non-restrictive,The boy will touch the lamp,1,9,2,0.8256,0.0401,314.8,elsewhere,False,False,,,,,,,,,,,True,0,lamp,elsewhere
subject-10,29,6,restrictive,The housewife will fry the mushrooms,4,5,2,0.9159,0.0403,395.3,pos2,False,True,,,,,,,,,,,True,0,mushrooms,weighing-scales
subject-10,30,4,restrictive,The boy will bounce the ball,2,8,2,1.2727,0.0469,409.7,pos1,False,True,,,,,,,,,,,True,0,ball,shuttle-cock
subject-10,31,19,non-restrictive,The chef will clean the bread,1,11,1,0.9503,0.0469,527.9,elsewhere,False,False,,,,,,,,,,,True,0,bread,elsewhere
subject-10,32,0,restrictive,The boy will eat the cake,2,4,1,0.6613,0.0336,400.7,elsewhere,False,False,,,,,,,,,,,True,0,cake,elsewhere
subject-10,33,38,restrictive,The woman will tie the apron,4,4,1,1.0557,0.0535,303.1,elsewhere,False,False,,,,,,,,,,,True,0,apron,elsewhere
subject-10,34,14,restrictive,The boy will walk the dog,4,2,1,0.7645,0.0536,285.5,pos4,True,True,,,,,,,,,,,True,0,dog,dog
subject-10,35,29,non-restrictive,The grandmother will eadturn the newspaper,3,1,1,1.2664,0.06,335.8,pos3,True,True,,,,,,,,,,,True,0,newspaper,newspaper
subject-10,36,42,restrictive,The woman will sew the shirt,4,8,1,1.0332,0.0601,414.8,elsewhere,False,False,,,,,,,,,,,True,0,shirt,elsewhere
subject-10,37,28,restrictive,The cat will drink the milk,2,8,1,0.7664,0.0338,410.2,elsewhere,False,False,,,,,,,,,,,True,0,milk,elsewhere
subject-10,38,3,non-restrictive,The woman will touch the baby,1,8,3,0.4987,0.0135,137.0,elsewhere,False,False,,,,,,,,,,,True,1,baby,elsewhere
subject-10,39,25,non-restrictive,The man will move the canvas,3,7,4,0.5258,0.0131,176.3,subject,False,False,,,,,,,,,,,True,0,canvas,subject
subject-10,40,17,non-restrictive,The man will  move the wood,3,3,2,0.8873,0.0336,408.7,subject,False,False,,,,,,,,,,,True,0,wood,subject
subject-10,41,13,non-restrictive,The man will  collect the cigarettes,3,8,2,1.0229,0.0337,354.0,elsewhere,False,False,,,,,,,,,,,True,0,cigarettes,elsewhere
subject-10,42,7,non-restrictive,The doctor will check the child,1,6,1,0.9728,0.0535,377.4,elsewhere,False,False,,,,,,,,,,,True,0,child,elsewhere
subject-10,43,33,non-restrictive,The boy will open the suitcase,3,2,2,1.0535,0.0406,318.0,subject,False,False,,,,,,,,,,,True,0,suitcase,subject
subject-10,44,21,non-restrictive,The woman will move the flower,3,7,2,0.2234,0.02,204.7,subject,False,False,,,,,,,,,,,True,0,flower,subject
subject-10,45,15,non-restrictive,The businessman will  forget the hat,1,4,3,1.1379,0.0335,187.3,subject,False,False,,,,,,,,,,,True,0,hat,subject
subject-10,46,11,non-restrictive,The baby will kick the bell,1,2,2,0.9996,0.0535,371.7,pos2,False,True,,,,,,,,,,,True,0,bell,drum
subject-10,47,2,restrictive,The policeman will arrest the man,4,3,1,0.8569,0.0466,282.2,elsewhere,False,False,,,,,,,,,,,True,0,man,elsewhere
subject-10,48,30,restrictive,The girl will roll the dice,4,2,1,0.7977,0.0536,379.5,pos4,True,True,,,,,,,,,,,True,0,dice,dice
subject-10,49,35,non-restrictive,The girl will squeeze the mascara,1,7,6,0.6183,0.0336,169.4,elsewhere,False,False,,,,,,,,,,,True,1,mascara,elsewhere
subject-11,0,10,non-restrictive,The man will wipe the washing machine,4,12,2,0.9748,0.0402,305.2,elsewhere,False,False,0.0,0.0,0.0,0.0,0.8294,0.0,0.1706,1.0,0.1706,1.0,False,2,washing-machine,elsewhere
subject-11,1,32,non-restrictive,The woman will carry the beer,2,16,4,0.2582,0.0536,350.7,pos1,False,True,0.7966,,0.2034,,0.0,,0.0,,0.2034,,False,1,beer,kettle
subject-11,2,14,non-restrictive,The boy will feed the dog,4,5,2,0.7188,0.0134,264.2,elsewhere,False,False,,,,,,,,,,,True,0,dog,elsewhere
subject-11,3,43,restrictive,The man will lock the safe,1,11,4,0.3599,0.0333,307.7,elsewhere,False,False,0.0,0.0,0.0,0.0,1.0,1.0,0.0,0.0,0.0,0.0,False,2,safe,elsewhere
subject-11,4,19,restrictive,The chef will slice the bread,1,8,2,0.8478,0.0403,278.2,pos1,True,True,,,,,,,,,,,True,0,bread,bread
subject-11,5,30,non-restrictive,The girl will grab the dice,4,4,1,0.9609,0.0402,295.2,elsewhere,False,False,,,,,,,,,,,True,0,dice,elsewhere
subject-11,6,1,restrictive,The woman will drink the wine,3,6,1,0.9199,0.0468,319.1,pos3,True,True,,,,,,,,,,,True,0,wine,wine
subject-11,7,22,non-restrictive,The girl will hang the coat,4,12,1,1.429,0.0199,261.6,elsewhere,False,False,,,,,,,,,,,True,0,coat,elsewhere
subject-11,8,5,restrictive,The hiker will climb the mountain,3,11,2,0.4358,0.0469,428.5,elsewhere,False,False,0.0,,0.0,,1.0,,0.0,,1.0,,False,1,mountain,elsewhere
subject-11,9,29,restrictive,The grandmother will read the newspaper,3,10,3,0.3605,0.0468,236.3,pos1,False,True,1.0,1.0,0.0,0.0,0.0,0.0,0.0,0.0,0.0,0.0,False,1,newspaper,eraser
subject-11,10,37,restrictive,The boy will peel the banana,3,7,2,0.7369,0.0335,293.2,pos3,True,True,,,,,,,,,,,True,0,banana,banana
subject-11,11,23,restrictive,The girl will knit the scarf,1,11,3,0.1848,0.0539,235.6,elsewhere,False,False,,,,,,,,,,,True,1,scarf,elsewhere
subject-11,12,41,restrictive,The boy will squeeze the orange,3,6,1,0.781,0.0406,243.6,elsewhere,False,False,,,,,,,,,,,True,0,orange,elsewhere
subject-11,13,2,non-restrictive,The policeman will search the man,4,13,3,0.0129,0.0269,297.1,pos1,False,True,1.0,,0.0,,0.0,,0.0,,0.0,,False,0,man,car
subject-11,14,40,non-restrictive,The girl will hold the blouse,2,14,5,0.095,0.0402,253.0,subject,False,False,,,,,,,,,,,True,1,blouse,subject
subject-11,15,16,non-restrictive,The woman will  carry the dress,2,8,4,0.2979,0.0401,441.2,pos3,False,True,0.0,,0.0,,1.0,,0.0,,0.0,,False,0,dress,lantern
subject-11,16,9,restrictive,The woman will read the book,3,10,2,0.0136,0.0536,322.4,pos2,False,True,0.0,0.0,0.7027,0.0,0.2973,1.0,0.0,0.0,0.2973,1.0,False,1,book,bag
subject-11,17,3,restrictive,The woman will bathe the baby,1,6,1,0.9382,0.053,300.3,pos1,True,True,,,,,,,,,,,True,0,baby,baby
subject-11,18,6,non-restrictive,The housewife will  wash the mushrooms,4,11,4,0.536,0.0334,359.9,subject,False,False,0.0,,0.0,,1.0,,0.0,,0.0,,False,1,mushrooms,subject
subject-11,19,21,restrictive,The woman will water the flower,3,11,4,0.4934,0.0469,377.4,elsewhere,False,False,0.0,,0.0,,1.0,,0.0,,1.0,,False,1,flower,elsewhere
subject-11,20,27,restrictive,The boy will dim the lamp,1,8,4,0.0662,0.0268,290.2,elsewhere,False,False,0.0,0.0,0.7313,1.0,0.2687,0.0,0.0,0.0,0.0,0.0,False,1,lamp,elsewhere
subject-11,21,26,non-restrictive,The woman will blow grab the candle,4,12,4,0.2552,0.0274,291.0,subject,False,False,0.0,,0.0,,1.0,,0.0,,0.0,,False,0,candle,subject
subject-11,22,44,non-restrictive,The baker will inspect the dough,2,5,1,1.3973,0.0337,257.9,elsewhere,False,False,,,,,,,,,,,True,0,dough,elsewhere
subject-11,23,24,non-restrictive,The girl will lift the rabbit,2,6,3,0.007,0.0403,376.9,pos4,False,True,0.0,,0.0,,0.0,,1.0,,0.0,,False,0,rabbit,potato
subject-11,24,20,non-restrictive,The baby will grab the kitten,2,11,2,1.4264,0.06,293.1,elsewhere,False,False,1.0,,0.0,,0.0,,0.0,,0.0,,False,0,kitten,elsewhere
subject-11,25,17,restrictive,The man will chop the wood,3,11,1,0.8019,0.0671,321.4,elsewhere,False,False,,,,,,,,,,,True,0,wood,elsewhere
subject-11,26,8,non-restrictive,The woman will dust the piano,2,9,3,0.2769,0.0266,229.7,pos2,True,True,0.0,,1.0,,0.0,,0.0,,1.0,,False,0,piano,piano
subject-11,27,42,non-restrictive,The woman will wash the shirt,4,11,4,0.7448,0.0267,168.0,pos2,False,True,0.0,,0.0,,1.0,,0.0,,0.0,,False,0,shirt,chalk
subject-11,28,18,non-restrictive,The boy will touch the football,4,13,5,0.7492,0.0134,221.3,subject,False,False,,,,,,,,,,,True,0,football,subject
subject-11,29,4,non-restrictive,The boy will throw the ball,2,6,2,1.082,0.0205,311.5,subject,False,False,,,,,,,,,,,True,0,ball,subject
subject-11,30,7,restrictive,The doctor will inject the child,1,10,1,1.0082,0.0469,220.0,elsewhere,False,False,,,,,,,,,,,True,0,child,elsewhere
subject-11,31,46,non-restrictive,The musician will move the violin,4,9,2,1.0235,0.0268,294.4,pos3,False,True,,,,,,,,,,,True,0,violin,stand
subject-11,32,48,non-restrictive,The child will carry the balloon,2,4,2,0.0896,0.0469,222.5,pos3,False,True,0.0,,0.0,,1.0,,0.0,,0.0,,False,0,balloon,pump
subject-11,33,36,non-restrictive,The kid will stack the lego,2,8,3,1.0212,0.0335,373.2,pos4,False,True,0.0,,0.0,,1.0,,0.0,,0.0,,False,0,lego,boxes
subject-11,34,31,restrictive,The woman will open the bottle,1,8,1,1.2273,0.0402,308.3,pos1,True,True,,,,,,,,,,,True,0,bottle,bottle
subject-11,35,15,restrictive,The businessman will wear the hat,1,9,3,0.837,0.0199,348.1,pos3,False,True,,,,,,,,,,,True,0,hat,magnifying-glass
subject-11,36,0,non-restrictive,The boy will move the cake,2,11,1,1.0775,0.0331,291.4,elsewhere,False,False,,,,,,,,,,,True,0,cake,elsewhere
subject-11,37,11,restrictive,The baby will ring the bell,1,9,0,,,,,,,1.0,,0.0,,0.0,,0.0,,1.0,,False,0,bell,
subject-11,38,35,restrictive,The girl will apply the mascara,1,9,2,1.0566,0.067,309.8,pos1,True,True,,,,,,,,,,,True,0,mascara,mascara
subject-11,39,33,restrictive,The boy will unzip the suitcase,3,10,2,0.7532,0.0469,296.2,pos3,True,True,0.0,0.0,0.0,0.0,1.0,1.0,0.0,0.0,1.0,1.0,False,1,suitcase,suitcase
subject-11,40,39,restrictive,The boy will tie the shoelace,1,9,1,0.7319,0.0402,250.0,pos1,True,True,,,,,,,,,,,True,0,shoelace,shoelace
subject-11,41,38,non-restrictive,The woman will carry the apron,4,6,1,1.1018,0.0334,379.2,elsewhere,False,False,,,,,,,,,,,True,0,apron,elsewhere
subject-11,42,34,non-restrictive,The boy will move the radio,4,4,0,,,,,,,0.0,,0.0,,0.0,,1.0,,1.0,,False,0,radio,
subject-11,43,12,non-restrictive,The man will watch the boat,2,8,4,0.5139,0.0202,230.5,subject,False,False,,,,,,,,,,,True,1,boat,subject
subject-11,44,45,restrictive,The chef will grate the carrot,3,6,1,0.7199,0.0602,288.2,pos3,True,True,,,,,,,,,,,True,0,carrot,carrot
subject-11,45,49,restrictive,The man will lick the stamp,3,12,4,0.2993,0.0272,168.5,pos1,False,True,0.6106,1.0,0.3894,0.0,0.0,0.0,0.0,0.0,0.0,0.0,False,1,stamp,rubberband
subject-11,46,25,restrictive,The man will paint the canvas,3,7,3,0.6084,0.0467,366.0,pos3,True,True,,,,,,,,,,,True,0,canvas,canvas
subject-11,47,47,restrictive,The girl will vacuum the carpet,1,15,4,0.4022,0.02,273.6,subject,False,False,,,,,,,,,,,True,1,carpet,subject
subject-11,48,13,restrictive,The man will smoke the cigarettes,3,14,2,0.9082,0.0333,156.2,elsewhere,False,False,0.0,,0.0,,1.0,,0.0,,1.0,,False,0,cigarettes,elsewhere
subject-11,49,28,non-restrictive,The cat will push the milk,2,9,1,1.0047,0.0469,317.1,pos2,True,True,,,,,,,,,,,True,0,milk,milk
subject-12,0,3,non-restrictive,The woman will touch the baby,2,10,1,1.035,0.06,361.1,pos2,True,True,,,,,,,,,,,True,0,baby,baby
subject-12,1,31,non-restrictive,The woman will examine the bottle,2,5,4,0.3812,0.0201,102.5,elsewhere,False,False,,,,,,,,,,,True,0,bottle,elsewhere
subject-12,2,22,restrictive,The girl will zip the coat,1,8,4,0.7302,0.0269,250.4,subject,False,False,,,,,,,,,,,True,0,coat,subject
subject-12,3,23,non-restrictive,The girl will hold the scarf,2,9,2,1.1945,0.047,330.7,pos1,False,True,,,,,,,,,,,True,0,scarf,card
subject-12,4,27,non-restrictive,The boy will touch the lamp,2,9,2,0.6715,0.0135,95.1,elsewhere,False,False,,,,,,,,,,,True,0,lamp,elsewhere
subject-12,5,28,restrictive,The cat will drink the milk,3,7,1,0.7732,0.0538,380.9,pos3,True,True,,,,,,,,,,,True,0,milk,milk
subject-12,6,46,restrictive,The musician will tune the violin,1,11,2,0.311,0.0136,135.0,elsewhere,False,False,,,,,,,,,,,True,1,violin,elsewhere
subject-12,7,7,non-restrictive,The doctor will check the child,2,12,1,0.9258,0.04,438.8,pos2,True,True,,,,,,,,,,,True,0,child,child
subject-12,8,44,restrictive,The baker will knead the dough,3,14,2,0.0837,0.0203,176.3,elsewhere,False,False,,,,,,,,,,,True,0,dough,elsewhere
subject-12,9,18,restrictive,The boy will kick the football,1,7,3,0.6743,0.0334,217.1,pos3,False,True,0.0,,1.0,,0.0,,0.0,,0.0,,False,0,football,feather
subject-12,10,24,restrictive,The girl will groom the rabbit,3,6,1,0.9066,0.0469,232.1,pos3,True,True,,,,,,,,,,,True,0,rabbit,rabbit
subject-12,11,36,restrictive,The kid will build the lego,3,6,2,0.6024,0.0198,175.0,subject,False,False,,,,,,,,,,,True,0,lego,subject
subject-12,12,40,restrictive,The girl will button the blouse,3,5,1,0.8319,0.0402,365.3,pos3,True,True,,,,,,,,,,,True,0,blouse,blouse
subject-12,13,21,non-restrictive,The woman will move the flower,4,8,3,0.0289,0.0135,178.5,elsewhere,False,False,,,,,,,,,,,True,0,flower,elsewhere
subject-12,14,37,non-restrictive,The boy will move the banana,4,8,3,0.3877,0.0201,124.8,subject,False,False,,,,,,,,,,,True,1,banana,subject
subject-12,15,25,non-restrictive,The man will move the canvas,4,15,6,0.2777,0.0134,170.9,subject,False,False,,,,,,,,,,,True,2,canvas,subject
subject-12,16,47,non-restrictive,The girl will move the carpet,2,13,4,0.4337,0.0403,162.7,subject,False,False,,,,,,,,,,,True,1,carpet,subject
subject-12,17,39,non-restrictive,The boy will move the shoelace,2,9,2,0.8975,0.0402,343.1,elsewhere,False,False,,,,,,,,,,,True,0,shoelace,elsewhere
subject-12,18,12,restrictive,The man will sail the boat,3,5,1,0.7265,0.0602,396.8,pos3,True,True,,,,,,,,,,,True,0,boat,boat
subject-12,19,4,restrictive,The boy will bounce the ball,3,11,3,0.3281,0.0335,182.7,subject,False,False,,,,,,,,,,,True,1,ball,subject
subject-12,20,30,restrictive,The girl will roll the dice,1,10,3,0.0604,0.0131,307.4,subject,False,False,,,,,,,,,,,True,0,dice,subject
subject-12,21,19,non-restrictive,The chef will clean the bread,2,13,4,0.0326,0.0133,118.7,subject,False,False,,,,,,,,,,,True,0,bread,subject
subject-12,22,32,restrictive,The woman will brew the beer,3,13,5,0.0156,0.0134,193.2,elsewhere,False,False,,,,,,,,,,,True,1,beer,elsewhere
subject-12,23,6,restrictive,The housewife will fry the mushrooms,1,11,3,0.0855,0.0268,178.3,subject,False,False,,,,,,,,,,,True,0,mushrooms,subject
subject-12,24,35,non-restrictive,The girl will squeeze the mascara,2,12,4,0.7527,0.0401,271.8,elsewhere,False,False,,,,,,,,,,,True,0,mascara,elsewhere
subject-12,25,15,non-restrictive,The businessman will  forget the hat,2,12,2,1.1308,0.0536,312.7,elsewhere,False,False,,,,,,,,,,,True,0,hat,elsewhere
subject-12,26,33,non-restrictive,The boy will open the suitcase,4,10,2,0.9731,0.0606,244.5,elsewhere,False,False,0.0,,0.0,,1.0,,0.0,,0.0,,False,0,suitcase,elsewhere
subject-12,27,49,non-restrictive,The man will pick up the stamp,4,8,2,1.3052,0.0537,308.9,pos1,False,True,,,,,,,,,,,True,0,stamp,envelope
subject-12,28,11,non-restrictive,The baby will kick the bell,2,13,6,0.1546,0.0339,149.8,pos2,True,True,0.0,,0.9714,,0.0286,,0.0,,0.9714,,False,1,bell,bell
subject-12,29,2,restrictive,The policeman will arrest the man,1,10,5,0.0396,0.02,111.7,subject,False,False,0.2107,,0.7893,,0.0,,0.0,,0.2107,,False,1,man,subject
subject-12,30,10,restrictive,The man will repair the washing machine,1,10,4,0.5572,0.0402,293.6,elsewhere,False,False,1.0,,0.0,,0.0,,0.0,,1.0,,False,2,washing-machine,elsewhere
subject-12,31,0,restrictive,The boy will eat the cake,3,8,0,,,,,,,0.0,,0.0,,1.0,,0.0,,1.0,,False,0,cake,
subject-12,32,13,non-restrictive,The man will  collect the cigarettes,4,8,1,1.2308,0.0535,374.9,elsewhere,False,False,,,,,,,,,,,True,0,cigarettes,elsewhere
subject-12,33,42,restrictive,The woman will sew the shirt,1,7,2,0.4766,0.0337,161.5,subject,False,False,,,,,,,,,,,True,1,shirt,subject
subject-12,34,26,restrictive,The woman will blow out the candle,1,8,1,0.8919,0.0538,382.1,elsewhere,False,False,,,,,,,,,,,True,0,candle,elsewhere
subject-12,35,14,restrictive,The boy will walk the dog,1,7,2,0.3227,0.0333,201.5,pos3,False,True,0.0,0.0,0.1658,0.0,0.8342,1.0,0.0,0.0,0.0,0.0,False,1,dog,ball
subject-12,36,1,non-restrictive,The woman will try the wine,4,6,2,1.0605,0.0269,246.9,subject,False,False,,,,,,,,,,,True,0,wine,subject
subject-12,37,48,restrictive,The child will inflate the balloon,3,5,2,0.6384,0.0201,110.5,subject,False,False,,,,,,,,,,,True,1,balloon,subject
subject-12,38,29,non-restrictive,The grandmother will eadturn the newspaper,4,5,4,0.7776,0.0198,91.1,elsewhere,False,False,,,,,,,,,,,True,0,newspaper,elsewhere
subject-12,39,9,non-restrictive,The woman will open the book,4,8,3,0.0083,0.0535,301.7,pos3,False,True,0.0,0.0,0.7502,0.5,0.2498,0.5,0.0,0.0,0.0,0.0,False,2,book,bag
subject-12,40,45,non-restrictive,The chef will carry the carrot,4,11,1,1.2173,0.0533,293.6,pos4,True,True,,,,,,,,,,,True,0,carrot,carrot
subject-12,41,17,non-restrictive,The man will  move the wood,4,9,3,0.6325,0.0404,329.9,subject,False,False,,,,,,,,,,,True,0,wood,subject
subject-12,43,38,restrictive,The woman will tie the apron,1,4,3,0.3254,0.0269,205.0,subject,False,False,,,,,,,,,,,True,1,apron,subject
subject-12,44,16,restrictive,The woman will wear the dress,3,4,3,1.0738,0.0466,213.9,elsewhere,False,False,,,,,,,,,,,True,0,dress,elsewhere
subject-12,45,20,restrictive,The baby will hug the kitten,3,8,1,0.7643,0.0536,413.4,elsewhere,False,False,,,,,,,,,,,True,0,kitten,elsewhere
subject-12,46,43,non-restrictive,The man will wipe the safe,2,9,3,0.5074,0.0399,293.5,elsewhere,False,False,,,,,,,,,,,True,0,safe,elsewhere
subject-12,47,5,non-restrictive,The hiker will photograph the mountain,4,9,4,0.1748,0.0134,146.4,subject,False,False,,,,,,,,,,,True,0,mountain,subject
subject-12,48,41,non-restrictive,The boy will move the orange,4,7,2,0.9977,0.0605,429.9,pos2,False,True,,,,,,,,,,,True,0,orange,cone
subject-12,49,8,restrictive,The woman will play the piano,3,8,1,1.9524,0.0532,317.6,subject,False,False,0.0,,0.0,,1.0,,0.0,,1.0,,False,0,piano,subject
subject-13,0,11,restrictive,The baby will ring the bell,2,7,0,,,,,,,,,,,,,,,,,True,0,bell,
subject-13,1,2,non-restrictive,The policeman will search the man,1,4,0,,,,,,,,,,,,,,,,,True,0,man,
subject-13,2,33,restrictive,The boy will unzip the suitcase,4,3,1,0.901,0.0134,466.4,subject,False,False,,,,,,,,,,,True,0,suitcase,subject
subject-13,3,30,non-restrictive,The girl will grab the dice,1,3,1,1.5705,0.0134,2123.9,elsewhere,False,False,,,,,,,,,,,True,0,dice,elsewhere
subject-13,4,15,restrictive,The businessman will wear the hat,2,9,1,0.8198,0.1675,1229.4,elsewhere,False,False,,,,,,,,,,,True,0,hat,elsewhere
subject-13,5,38,non-restrictive,The woman will carry the apron,1,8,6,0.0499,0.0738,268.3,elsewhere,False,False,0.5925,,0.4075,,0.0,,0.0,,0.5925,,False,1,apron,elsewhere
subject-13,6,39,restrictive,The boy will tie the shoelace,2,10,2,0.7453,0.0201,663.9,subject,False,False,,,,,,,,,,,True,0,shoelace,subject
subject-13,7,23,restrictive,The girl will knit the scarf,2,9,0,,,,,,,,,,,,,,,,,True,0,scarf,
subject-13,8,41,restrictive,The boy will squeeze the orange,4,8,3,0.2586,0.0134,147.6,pos3,False,True,0.0,,0.0,,1.0,,0.0,,0.0,,False,0,orange,shell
subject-13,9,8,non-restrictive,The woman will dust the piano,3,8,1,0.9734,0.0602,247.9,pos3,True,True,1.0,,0.0,,0.0,,0.0,,0.0,,False,0,piano,piano
subject-13,10,13,restrictive,The man will smoke the cigarettes,4,8,3,0.513,0.0269,206.5,elsewhere,False,False,0.0,,0.0,,0.6895,,0.3105,,0.3105,,False,1,cigarettes,elsewhere
subject-13,11,35,restrictive,The girl will apply the mascara,2,4,1,1.8734,0.0402,270.0,pos2,True,True,0.0,,1.0,,0.0,,0.0,,1.0,,False,0,mascara,mascara
subject-13,12,42,non-restrictive,The woman will wash the shirt,1,11,3,0.1758,0.0198,291.9,pos2,False,True,0.0,0.0,0.741,0.0,0.259,1.0,0.0,0.0,0.0,0.0,False,1,shirt,apple
subject-13,13,24,non-restrictive,The girl will lift the rabbit,3,2,0,,,,,,,,,,,,,,,,,True,0,rabbit,
subject-13,14,9,restrictive,The woman will read the book,4,9,4,0.1608,0.0137,138.6,pos3,False,True,0.0,,0.0,,1.0,,0.0,,0.0,,False,1,book,bag
subject-13,15,0,non-restrictive,The boy will move the cake,3,7,0,,,,,,,0.0,,0.0,,1.0,,0.0,,1.0,,False,0,cake,
subject-13,16,43,restrictive,The man will lock the safe,2,14,4,0.0116,0.0402,257.5,elsewhere,False,False,0.0,0.0,0.0,0.0,0.1265,0.0,0.8735,1.0,0.0,0.0,False,1,safe,elsewhere
subject-13,17,6,non-restrictive,The housewife will  wash the mushrooms,1,9,2,0.7436,0.0397,305.9,pos3,False,True,1.0,,0.0,,0.0,,0.0,,1.0,,False,0,mushrooms,weighing-scales
subject-13,18,37,restrictive,The boy will peel the banana,4,12,2,0.5017,0.0335,286.1,pos3,False,True,0.0,0.0,0.0,0.0,1.0,1.0,0.0,0.0,0.0,0.0,False,1,banana,key
subject-13,19,17,restrictive,The man will chop the wood,4,7,2,1.1436,0.0536,319.5,pos3,False,True,1.0,,0.0,,0.0,,0.0,,0.0,,False,0,wood,rope
subject-13,20,31,restrictive,The woman will open the bottle,2,10,4,0.1237,0.0402,223.2,pos3,False,True,0.0,0.0,0.0,0.0,1.0,1.0,0.0,0.0,0.0,0.0,False,1,bottle,lemon
subject-13,21,46,non-restrictive,The musician will move the violin,1,16,2,0.273,0.0536,241.0,pos1,True,True,1.0,1.0,0.0,0.0,0.0,0.0,0.0,0.0,1.0,1.0,False,1,violin,violin
subject-13,22,16,non-restrictive,The woman will  carry the dress,3,13,5,0.8739,0.0264,316.0,elsewhere,False,False,,,,,,,,,,,True,0,dress,elsewhere
subject-13,23,12,non-restrictive,The man will watch the boat,3,8,4,0.2522,0.034,244.9,pos3,True,True,0.0,,0.0,,1.0,,0.0,,1.0,,False,0,boat,boat
subject-13,24,7,restrictive,The doctor will inject the child,2,7,3,0.2043,0.0734,364.4,elsewhere,False,False,0.0,0.0,1.0,1.0,0.0,0.0,0.0,0.0,1.0,1.0,False,1,child,elsewhere
subject-13,25,47,restrictive,The girl will vacuum the carpet,2,15,5,0.409,0.0134,217.8,elsewhere,False,False,,,,,,,,,,,True,1,carpet,elsewhere
subject-13,26,44,non-restrictive,The baker will inspect the dough,3,5,0,,,,,,,0.0,,1.0,,0.0,,0.0,,0.0,,False,0,dough,
subject-13,27,28,non-restrictive,The cat will push the milk,3,4,0,,,,,,,,,,,,,,,,,True,0,milk,
subject-13,28,14,non-restrictive,The boy will feed the dog,1,10,2,0.2165,0.0267,6410.1,elsewhere,False,False,,,,,,,,,,,True,0,dog,elsewhere
subject-13,29,22,non-restrictive,The girl will hang the coat,1,14,2,0.0689,0.0132,157.8,elsewhere,False,False,0.0,,1.0,,0.0,,0.0,,0.0,,False,0,coat,elsewhere
subject-13,30,18,non-restrictive,The boy will touch the football,1,16,5,0.2273,0.0267,236.6,elsewhere,False,False,0.7537,,0.2463,,0.0,,0.0,,0.7537,,False,1,football,elsewhere
subject-13,31,10,non-restrictive,The man will wipe the washing machine,1,13,4,0.2372,0.0469,279.6,pos4,False,True,0.0,0.0,0.4353,0.0,0.3704,0.5,0.1943,0.5,0.0,0.0,False,3,washing-machine,wastebin
subject-13,32,19,restrictive,The chef will slice the bread,2,11,4,0.4662,0.0402,208.7,elsewhere,False,False,0.0,,0.611,,0.389,,0.0,,0.611,,False,1,bread,elsewhere
subject-13,33,25,restrictive,The man will paint the canvas,4,10,2,0.1331,0.0866,238.9,elsewhere,False,False,1.0,,0.0,,0.0,,0.0,,0.0,,False,0,canvas,elsewhere
subject-13,34,1,restrictive,The woman will drink the wine,4,15,5,0.0154,0.0336,277.8,pos3,False,True,0.0,,0.0,,1.0,,0.0,,0.0,,False,0,wine,lipstick
subject-13,35,45,restrictive,The chef will grate the carrot,4,14,5,0.0303,0.04,256.2,elsewhere,False,False,0.0,0.0,0.0,0.0,0.0669,1.0,0.9331,0.0,0.9331,0.0,False,1,carrot,elsewhere
subject-13,36,26,non-restrictive,The woman will blow grab the candle,1,15,5,0.6312,0.0335,272.9,pos2,False,True,,,,,,,,,,,True,0,candle,package
subject-13,37,29,restrictive,The grandmother will read the newspaper,4,10,0,,,,,,,,,,,,,,,,,True,0,newspaper,
subject-13,38,4,non-restrictive,The boy will throw the ball,3,16,4,0.4059,0.0335,258.9,pos2,False,True,0.0,0.0,0.5122,1.0,0.4878,0.0,0.0,0.0,0.4878,0.0,False,1,ball,shuttle-cock
subject-13,39,32,non-restrictive,The woman will carry the beer,3,16,4,0.0778,0.0335,332.9,pos2,False,True,0.0,,0.8155,,0.0,,0.1845,,0.0,,False,1,beer,kettle
subject-13,40,40,non-restrictive,The girl will hold the blouse,3,12,3,0.1687,0.0402,225.0,pos3,True,True,0.0,,0.0,,1.0,,0.0,,1.0,,False,0,blouse,blouse
subject-13,41,48,non-restrictive,The child will carry the balloon,3,13,1,1.0071,0.0471,431.4,elsewhere,False,False,,,,,,,,,,,True,0,balloon,elsewhere
subject-13,42,3,restrictive,The woman will bathe the baby,2,11,1,0.0811,0.0468,227.2,pos2,True,True,0.0,,1.0,,0.0,,0.0,,1.0,,False,0,baby,baby
subject-13,43,36,non-restrictive,The kid will stack the lego,3,11,2,0.3852,0.0533,208.1,elsewhere,False,False,1.0,,0.0,,0.0,,0.0,,0.0,,False,1,lego,elsewhere
subject-13,44,34,non-restrictive,The boy will move the radio,1,20,6,0.0435,0.0268,350.4,subject,False,False,0.1117,0.0,0.8883,1.0,0.0,0.0,0.0,0.0,0.1117,0.0,False,2,radio,subject
subject-13,45,49,restrictive,The man will lick the stamp,4,10,3,0.1255,0.0537,253.0,elsewhere,False,False,0.0,,0.0,,0.0,,1.0,,1.0,,False,1,stamp,elsewhere
subject-13,46,5,restrictive,The hiker will climb the mountain,4,8,3,0.8377,0.0398,394.2,pos4,True,True,,,,,,,,,,,True,0,mountain,mountain
subject-13,47,27,restrictive,The boy will dim the lamp,2,2,0,,,,,,,0.0,,1.0,,0.0,,0.0,,1.0,,False,0,lamp,
subject-13,48,20,non-restrictive,The baby will grab the kitten,3,9,0,,,,,,,0.0,,0.0,,1.0,,0.0,,1.0,,False,0,kitten,
subject-13,49,21,restrictive,The woman will water the flower,4,9,3,0.2521,0.0402,313.9,pos2,False,True,0.0,,1.0,,0.0,,0.0,,0.0,,False,0,flower,vase
subject-14,0,33,non-restrictive,The boy will open the suitcase,1,11,2,1.2616,0.0268,280.5,pos3,False,True,,,,,,,,,,,True,0,suitcase,box
subject-14,1,45,non-restrictive,The chef will carry the carrot,1,17,6,0.2794,0.0335,222.3,subject,False,False,0.0,0.0,0.0,0.0,0.0,0.0,1.0,1.0,0.0,0.0,False,1,carrot,subject
subject-14,2,2,restrictive,The policeman will arrest the man,2,11,3,0.3143,0.0469,217.7,subject,False,False,,,,,,,,,,,True,0,man,subject
subject-14,3,36,restrictive,The kid will build the lego,4,16,5,0.4682,0.0469,229.1,subject,False,False,,,,,,,,,,,True,1,lego,subject
subject-14,4,13,non-restrictive,The man will  collect the cigarettes,1,7,2,1.1369,0.0402,201.3,elsewhere,False,False,,,,,,,,,,,True,0,cigarettes,elsewhere
subject-14,5,46,restrictive,The musician will tune the violin,2,12,3,0.0898,0.0471,390.9,pos3,False,True,0.0,,0.0,,1.0,,0.0,,0.0,,False,0,violin,bow
subject-14,6,28,restrictive,The cat will drink the milk,4,9,3,0.3379,0.0134,299.0,elsewhere,False,False,0.0,,1.0,,0.0,,0.0,,0.0,,False,1,milk,elsewhere
subject-14,7,10,restrictive,The man will repair the washing machine,2,15,7,0.7046,0.0335,314.5,pos2,True,True,0.3604,0.0,0.5772,0.5,0.0,0.0,0.0624,0.5,0.5772,0.5,False,3,washing-machine,washing-machine
subject-14,8,32,restrictive,The woman will brew the beer,4,11,3,0.8662,0.0469,182.3,pos2,False,True,0.0,,0.0,,1.0,,0.0,,0.0,,False,0,beer,biscuit
subject-14,9,31,non-restrictive,The woman will examine the bottle,3,15,5,0.7031,0.0536,337.8,elsewhere,False,False,0.0,,0.0,,0.0,,1.0,,0.0,,False,1,bottle,elsewhere
subject-14,10,25,non-restrictive,The man will move the canvas,1,14,5,0.6596,0.0399,293.5,pos1,True,True,,,,,,,,,,,True,0,canvas,canvas
subject-14,11,47,non-restrictive,The girl will move the carpet,3,12,5,0.0921,0.0467,182.7,pos2,False,True,0.0,0.0,0.6571,0.0,0.3429,1.0,0.0,0.0,0.3429,1.0,False,1,carpet,footstool
subject-14,12,3,non-restrictive,The woman will touch the baby,3,10,4,0.5992,0.0735,336.5,pos1,False,True,0.0,,0.0,,0.0,,1.0,,0.0,,False,0,baby,stool
subject-14,13,48,restrictive,The child will inflate the balloon,4,17,6,0.5037,0.0405,363.2,subject,False,False,1.0,,0.0,,0.0,,0.0,,0.0,,False,1,balloon,subject
subject-14,14,6,restrictive,The housewife will fry the mushrooms,2,14,5,0.1323,0.0536,315.0,elsewhere,False,False,,,,,,,,,,,True,0,mushrooms,elsewhere
subject-14,15,4,restrictive,The boy will bounce the ball,4,14,3,0.8374,0.0136,140.6,elsewhere,False,False,,,,,,,,,,,True,0,ball,elsewhere
subject-14,16,21,non-restrictive,The woman will move the flower,1,11,2,0.5515,0.0402,222.3,subject,False,False,1.0,,0.0,,0.0,,0.0,,1.0,,False,0,flower,subject
subject-14,17,0,restrictive,The boy will eat the cake,4,9,3,0.9761,0.0335,203.3,pos4,True,True,,,,,,,,,,,True,0,cake,cake
subject-14,18,39,non-restrictive,The boy will move the shoelace,3,9,3,0.576,0.0201,165.3,subject,False,False,,,,,,,,,,,True,0,shoelace,subject
subject-14,19,37,non-restrictive,The boy will move the banana,1,9,3,1.0709,0.0201,240.8,subject,False,False,,,,,,,,,,,True,0,banana,subject
subject-14,20,16,restrictive,The woman will wear the dress,4,13,3,0.3773,0.067,275.8,elsewhere,False,False,,,,,,,,,,,True,1,dress,elsewhere
subject-14,21,8,restrictive,The woman will play the piano,4,12,2,0.5653,0.0472,267.2,pos1,False,True,,,,,,,,,,,True,0,piano,table
subject-14,22,18,restrictive,The boy will kick the football,2,10,2,1.2909,0.0467,388.3,pos2,True,True,,,,,,,,,,,True,0,football,football
subject-14,23,7,non-restrictive,The doctor will check the child,3,9,0,,,,,,,,,,,,,,,,,True,0,child,
subject-14,24,24,restrictive,The girl will groom the rabbit,4,11,4,0.3237,0.0537,282.0,pos4,True,True,0.0,0.0,0.0,0.0,0.0,0.0,1.0,1.0,1.0,1.0,False,1,rabbit,rabbit
subject-14,25,12,restrictive,The man will sail the boat,4,11,4,0.6526,0.0533,246.1,pos4,True,True,,,,,,,,,,,True,0,boat,boat
subject-14,26,19,non-restrictive,The chef will clean the bread,3,10,2,0.8297,0.0535,327.3,elsewhere,False,False,,,,,,,,,,,True,0,bread,elsewhere
subject-14,27,11,non-restrictive,The baby will kick the bell,3,4,0,,,,,,,,,,,,,,,,,True,0,bell,
subject-14,28,20,restrictive,The baby will hug the kitten,4,8,5,0.3824,0.0602,294.8,pos3,False,True,0.0,0.0,0.0,0.0,1.0,1.0,0.0,0.0,0.0,0.0,False,1,kitten,cup
subject-14,29,30,restrictive,The girl will roll the dice,2,9,2,1.0386,0.0536,477.1,elsewhere,False,False,,,,,,,,,,,True,0,dice,elsewhere
subject-14,30,14,restrictive,The boy will walk the dog,2,6,1,0.9856,0.0535,400.2,pos2,True,True,,,,,,,,,,,True,0,dog,dog
subject-14,32,22,restrictive,The girl will zip the coat,2,5,2,1.0383,0.047,311.6,pos4,False,True,,,,,,,,,,,True,0,coat,poster
subject-14,33,5,non-restrictive,The hiker will photograph the mountain,1,9,3,1.173,0.0536,333.9,pos1,True,True,,,,,,,,,,,True,0,mountain,mountain
subject-14,34,35,non-restrictive,The girl will squeeze the mascara,3,18,6,0.6651,0.0268,177.3,elsewhere,False,False,0.0,,0.0,,1.0,,0.0,,1.0,,False,1,mascara,elsewhere
subject-14,35,29,non-restrictive,The grandmother will eadturn the newspaper,1,11,3,0.4022,0.0472,363.9,elsewhere,False,False,0.0,,0.0,,0.0,,1.0,,0.0,,False,1,newspaper,elsewhere
subject-14,36,17,non-restrictive,The man will  move the wood,1,9,1,1.1083,0.0466,289.8,elsewhere,False,False,,,,,,,,,,,True,0,wood,elsewhere
subject-14,37,27,non-restrictive,The boy will touch the lamp,3,11,2,1.1138,0.0334,191.2,elsewhere,False,False,,,,,,,,,,,True,0,lamp,elsewhere
subject-14,38,40,restrictive,The girl will button the blouse,4,10,1,1.6083,0.0538,167.2,elsewhere,False,False,,,,,,,,,,,True,0,blouse,elsewhere
subject-14,39,44,restrictive,The baker will knead the dough,4,9,3,0.988,0.0468,248.2,pos4,True,True,,,,,,,,,,,True,0,dough,dough
subject-14,40,49,non-restrictive,The man will pick up the stamp,1,5,0,,,,,,,,,,,,,,,,,True,0,stamp,
subject-14,41,23,non-restrictive,The girl will hold the scarf,3,9,3,0.4645,0.0466,223.5,elsewhere,False,False,0.0,,1.0,,0.0,,0.0,,0.0,,False,1,scarf,elsewhere
subject-14,42,9,non-restrictive,The woman will open the book,1,5,1,0.062,0.0469,329.4,elsewhere,False,False,,,,,,,,,,,True,0,book,elsewhere
subject-14,43,1,non-restrictive,The woman will try the wine,1,10,2,0.8798,0.0401,226.4,subject,False,False,,,,,,,,,,,True,0,wine,subject
subject-14,44,38,restrictive,The woman will tie the apron,2,15,4,0.4058,0.0467,296.8,pos3,False,True,0.0,0.0,0.0,0.0,1.0,1.0,0.0,0.0,0.0,0.0,False,1,apron,mop
subject-14,45,26,restrictive,The woman will blow out the candle,2,12,5,0.1354,0.0134,134.0,pos3,False,True,0.0,0.0,0.2636,0.5,0.6172,0.0,0.1191,0.5,0.2636,0.5,False,2,candle,package
subject-14,46,43,non-restrictive,The man will wipe the safe,3,14,5,0.5406,0.0471,305.4,elsewhere,False,False,,,,,,,,,,,True,0,safe,elsewhere
subject-14,47,41,non-restrictive,The boy will move the orange,1,11,4,0.1136,0.0471,295.0,elsewhere,False,False,,,,,,,,,,,True,0,orange,elsewhere
subject-14,48,42,restrictive,The woman will sew the shirt,2,10,2,0.0417,0.0402,303.4,elsewhere,False,False,0.0,,0.0,,1.0,,0.0,,0.0,,False,1,shirt,elsewhere
subject-14,49,15,non-restrictive,The businessman will  forget the hat,3,11,5,0.1996,0.0403,397.8,pos2,False,True,0.5314,1.0,0.4686,0.0,0.0,0.0,0.0,0.0,0.0,0.0,False,1,hat,folder
subject-15,0,0,non-restrictive,The boy will move the cake,4,11,3,0.3138,0.0402,316.1,elsewhere,False,False,,,,,,,,,,,True,1,cake,elsewhere
subject-15,1,29,restrictive,The grandmother will read the newspaper,1,8,1,0.7958,0.0469,365.9,elsewhere,False,False,,,,,,,,,,,True,0,newspaper,elsewhere
subject-15,2,36,non-restrictive,The kid will stack the lego,4,10,1,1.115,0.0603,347.5,elsewhere,False,False,,,,,,,,,,,True,0,lego,elsewhere
subject-15,3,43,restrictive,The man will lock the safe,3,7,1,1.1634,0.0471,466.9,pos3,True,True,,,,,,,,,,,True,0,safe,safe
subject-15,4,11,restrictive,The baby will ring the bell,3,7,1,0.709,0.0401,355.2,pos3,True,True,,,,,,,,,,,True,0,bell,bell
subject-15,5,34,non-restrictive,The boy will move the radio,2,7,2,1.0147,0.0399,408.6,pos2,True,True,,,,,,,,,,,True,0,radio,radio
subject-15,6,42,non-restrictive,The woman will wash the shirt,2,7,2,1.1333,0.0399,374.7,pos3,False,True,,,,,,,,,,,True,0,shirt,apple
subject-15,7,44,non-restrictive,The baker will inspect the dough,4,11,1,1.3775,0.0535,436.1,pos3,False,True,,,,,,,,,,,True,0,dough,hammer
subject-15,8,14,non-restrictive,The boy will feed the dog,2,7,1,0.8793,0.0397,387.6,elsewhere,False,False,,,,,,,,,,,True,0,dog,elsewhere
subject-15,9,48,non-restrictive,The child will carry the balloon,4,8,2,1.2556,0.0469,383.3,pos3,False,True,,,,,,,,,,,True,0,balloon,pouch
subject-15,10,45,restrictive,The chef will grate the carrot,1,7,2,1.2419,0.0673,285.7,elsewhere,False,False,,,,,,,,,,,True,0,carrot,elsewhere
subject-15,11,47,restrictive,The girl will vacuum the carpet,3,13,2,1.2458,0.0407,409.3,pos2,False,True,,,,,,,,,,,True,0,carpet,footstool
subject-15,12,39,restrictive,The boy will tie the shoelace,3,7,1,1.0464,0.0468,487.9,pos3,True,True,,,,,,,,,,,True,0,shoelace,shoelace
subject-15,13,7,restrictive,The doctor will inject the child,3,7,1,1.0956,0.0535,394.7,pos3,True,True,,,,,,,,,,,True,0,child,child
subject-15,14,38,non-restrictive,The woman will carry the apron,2,7,2,1.3558,0.0473,337.6,elsewhere,False,False,,,,,,,,,,,True,0,apron,elsewhere
subject-15,15,25,restrictive,The man will paint the canvas,1,8,2,0.9702,0.0539,337.4,elsewhere,False,False,,,,,,,,,,,True,0,canvas,elsewhere
subject-15,16,12,non-restrictive,The man will watch the boat,4,9,1,1.0903,0.0468,325.8,elsewhere,False,False,,,,,,,,,,,True,0,boat,elsewhere
subject-15,17,6,non-restrictive,The housewife will  wash the mushrooms,2,4,3,1.0654,0.0469,458.2,pos2,True,True,,,,,,,,,,,True,0,mushrooms,mushrooms
subject-15,18,41,restrictive,The boy will squeeze the orange,1,12,1,1.1023,0.0469,297.0,pos1,True,True,,,,,,,,,,,True,0,orange,orange
subject-15,19,10,non-restrictive,The man will wipe the washing machine,2,8,2,0.9406,0.0335,429.8,pos3,False,True,0.0,0.0,0.0,0.0,1.0,1.0,0.0,0.0,0.0,0.0,False,1,washing-machine,mirror
subject-15,20,37,restrictive,The boy will peel the banana,1,7,1,1.0787,0.0535,366.9,elsewhere,False,False,,,,,,,,,,,True,0,banana,elsewhere
subject-15,21,5,restrictive,The hiker will climb the mountain,1,8,1,0.65,0.0398,463.9,pos1,True,True,,,,,,,,,,,True,0,mountain,mountain
subject-15,22,9,restrictive,The woman will read the book,1,8,2,0.2214,0.0201,302.5,pos2,False,True,0.0,0.0,1.0,1.0,0.0,0.0,0.0,0.0,0.0,0.0,False,1,book,door
subject-15,23,13,restrictive,The man will smoke the cigarettes,1,10,1,0.7006,0.0335,326.6,elsewhere,False,False,0.0,,1.0,,0.0,,0.0,,0.0,,False,0,cigarettes,elsewhere
subject-15,24,1,restrictive,The woman will drink the wine,1,8,1,0.893,0.0536,362.1,elsewhere,False,False,,,,,,,,,,,True,0,wine,elsewhere
subject-15,25,26,non-restrictive,The woman will blow grab the candle,2,9,2,1.2942,0.0265,360.5,elsewhere,False,False,,,,,,,,,,,True,0,candle,elsewhere
subject-15,26,33,restrictive,The boy will unzip the suitcase,1,10,2,1.4166,0.0466,360.2,elsewhere,False,False,,,,,,,,,,,True,0,suitcase,elsewhere
subject-15,27,28,non-restrictive,The cat will push the milk,4,6,1,0.9784,0.0469,304.6,elsewhere,False,False,,,,,,,,,,,True,0,milk,elsewhere
subject-15,28,35,restrictive,The girl will apply the mascara,3,3,1,1.2173,0.0402,415.9,pos3,True,True,,,,,,,,,,,True,0,mascara,mascara
subject-15,29,27,restrictive,The boy will dim the lamp,3,12,2,0.9096,0.0541,319.0,elsewhere,False,False,,,,,,,,,,,True,0,lamp,elsewhere
subject-15,30,46,non-restrictive,The musician will move the violin,2,8,1,1.0366,0.0402,441.9,pos2,True,True,,,,,,,,,,,True,0,violin,violin
subject-15,31,40,non-restrictive,The girl will hold the blouse,4,11,3,1.214,0.0465,332.0,elsewhere,False,False,,,,,,,,,,,True,0,blouse,elsewhere
subject-15,32,32,non-restrictive,The woman will carry the beer,4,5,1,1.2365,0.0469,351.6,elsewhere,False,False,,,,,,,,,,,True,0,beer,elsewhere
subject-15,33,8,non-restrictive,The woman will dust the piano,4,7,1,1.0939,0.0467,282.6,pos4,True,True,,,,,,,,,,,True,0,piano,piano
subject-15,34,4,non-restrictive,The boy will throw the ball,4,7,1,0.9148,0.0402,302.9,elsewhere,False,False,,,,,,,,,,,True,0,ball,elsewhere
subject-15,35,16,non-restrictive,The woman will  carry the dress,4,7,2,1.1551,0.0537,300.5,elsewhere,False,False,,,,,,,,,,,True,0,dress,elsewhere
subject-15,36,17,restrictive,The man will chop the wood,1,8,1,1.0079,0.0421,384.3,pos1,True,True,,,,,,,,,,,True,0,wood,wood
subject-15,37,31,restrictive,The woman will open the bottle,3,6,2,1.1482,0.0472,435.9,pos2,False,True,,,,,,,,,,,True,0,bottle,seed
subject-15,38,19,restrictive,The chef will slice the bread,3,8,1,0.7876,0.0402,456.7,pos3,True,True,,,,,,,,,,,True,0,bread,bread
subject-15,39,24,non-restrictive,The girl will lift the rabbit,4,8,3,0.1008,0.0536,267.5,pos1,False,True,1.0,,0.0,,0.0,,0.0,,0.0,,False,0,rabbit,plate
subject-15,40,30,non-restrictive,The girl will grab the dice,2,5,2,1.3899,0.0399,401.9,pos2,True,True,,,,,,,,,,,True,0,dice,dice
subject-15,41,2,non-restrictive,The policeman will search the man,2,7,1,0.9973,0.04,472.9,pos2,True,True,,,,,,,,,,,True,0,man,man
subject-15,42,23,restrictive,The girl will knit the scarf,3,9,1,1.0355,0.0405,512.3,pos3,True,True,,,,,,,,,,,True,0,scarf,scarf
subject-15,43,49,restrictive,The man will lick the stamp,1,7,1,0.8888,0.0335,343.3,pos1,True,True,,,,,,,,,,,True,0,stamp,stamp
subject-15,44,22,non-restrictive,The girl will hang the coat,2,7,1,1.2279,0.047,364.2,pos3,False,True,,,,,,,,,,,True,0,coat,hook
subject-15,45,3,restrictive,The woman will bathe the baby,3,8,1,1.0586,0.0466,560.6,elsewhere,False,False,,,,,,,,,,,True,0,baby,elsewhere
subject-15,46,21,restrictive,The woman will water the flower,1,11,2,1.056,0.04,367.7,pos3,False,True,,,,,,,,,,,True,0,flower,vase
subject-15,47,15,restrictive,The businessman will wear the hat,3,8,2,1.1178,0.0471,435.8,elsewhere,False,False,,,,,,,,,,,True,0,hat,elsewhere
subject-15,48,20,non-restrictive,The baby will grab the kitten,4,8,3,1.1917,0.0267,345.0,subject,False,False,,,,,,,,,,,True,0,kitten,subject
subject-15,49,18,non-restrictive,The boy will touch the football,2,6,1,1.1848,0.0533,374.1,pos2,True,True,,,,,,,,,,,True,0,football,football
subject-16,0,14,restrictive,The boy will walk the dog,3,13,4,0.7781,0.0532,291.9,elsewhere,False,False,,,,,,,,,,,True,0,dog,elsewhere
subject-16,1,27,non-restrictive,The boy will touch the lamp,4,13,3,0.3232,0.0403,454.7,pos3,False,True,0.0,0.0,0.0,0.0,1.0,1.0,0.0,0.0,0.0,0.0,False,1,lamp,picture
subject-16,2,20,restrictive,The baby will hug the kitten,1,5,1,0.6977,0.0601,266.2,pos1,True,True,,,,,,,,,,,True,0,kitten,kitten
subject-16,3,44,restrictive,The baker will knead the dough,1,11,2,0.4721,0.0538,283.5,elsewhere,False,False,,,,,,,,,,,True,0,dough,elsewhere
subject-16,4,7,non-restrictive,The doctor will check the child,4,8,0,,,,,,,,,,,,,,,,,True,0,child,
subject-16,5,5,non-restrictive,The hiker will photograph the mountain,2,12,3,0.4024,0.0135,169.0,elsewhere,False,False,,,,,,,,,,,True,1,mountain,elsewhere
subject-16,6,6,restrictive,The housewife will fry the mushrooms,3,14,3,0.6346,0.0469,403.6,pos3,True,True,,,,,,,,,,,True,0,mushrooms,mushrooms
subject-16,7,36,restrictive,The kid will build the lego,1,17,4,0.6224,0.0536,312.4,elsewhere,False,False,,,,,,,,,,,True,0,lego,elsewhere
subject-16,8,49,non-restrictive,The man will pick up the stamp,2,13,2,0.6618,0.0536,369.0,pos2,True,True,0.0,0.0,1.0,1.0,0.0,0.0,0.0,0.0,1.0,1.0,False,1,stamp,stamp
subject-16,9,11,non-restrictive,The baby will kick the bell,4,11,4,0.8117,0.04,297.1,elsewhere,False,False,,,,,,,,,,,True,0,bell,elsewhere
subject-16,10,37,non-restrictive,The boy will move the banana,2,13,4,0.5283,0.0398,427.4,pos3,False,True,,,,,,,,,,,True,0,banana,mitten
subject-16,11,33,non-restrictive,The boy will open the suitcase,2,14,3,0.6921,0.0536,233.3,pos1,False,True,,,,,,,,,,,True,0,suitcase,gift
subject-16,12,18,restrictive,The boy will kick the football,3,11,2,0.0853,0.0133,156.8,elsewhere,False,False,,,,,,,,,,,True,0,football,elsewhere
subject-16,13,46,restrictive,The musician will tune the violin,3,8,1,1.0142,0.0403,355.6,elsewhere,False,False,,,,,,,,,,,True,0,violin,elsewhere
subject-16,14,31,non-restrictive,The woman will examine the bottle,4,10,2,1.627,0.0535,387.0,pos2,False,True,,,,,,,,,,,True,0,bottle,sponge
subject-16,15,29,non-restrictive,The grandmother will eadturn the newspaper,2,6,1,0.9852,0.0532,383.7,pos2,True,True,,,,,,,,,,,True,0,newspaper,newspaper
subject-16,16,24,restrictive,The girl will groom the rabbit,1,8,1,0.6856,0.0531,324.8,elsewhere,False,False,,,,,,,,,,,True,0,rabbit,elsewhere
subject-16,17,35,non-restrictive,The girl will squeeze the mascara,4,8,1,0.9666,0.0467,297.0,elsewhere,False,False,,,,,,,,,,,True,0,mascara,elsewhere
subject-16,18,8,restrictive,The woman will play the piano,1,8,1,1.3963,0.0464,313.5,pos1,True,True,,,,,,,,,,,True,0,piano,piano
subject-16,19,2,restrictive,The policeman will arrest the man,3,11,2,0.7227,0.0536,335.2,pos4,False,True,,,,,,,,,,,True,0,man,car
subject-16,20,43,non-restrictive,The man will wipe the safe,4,8,2,1.1037,0.0535,434.0,pos2,False,True,,,,,,,,,,,True,0,safe,bolt
subject-16,21,21,non-restrictive,The woman will move the flower,2,10,2,0.8126,0.0469,406.9,elsewhere,False,False,,,,,,,,,,,True,0,flower,elsewhere
subject-16,22,17,non-restrictive,The man will  move the wood,2,10,1,1.2417,0.0407,422.9,pos2,True,True,,,,,,,,,,,True,0,wood,wood
subject-16,23,19,non-restrictive,The chef will clean the bread,4,11,4,0.7362,0.0403,380.7,pos3,False,True,,,,,,,,,,,True,0,bread,bowl
subject-16,24,0,restrictive,The boy will eat the cake,1,7,1,0.6413,0.0469,350.2,elsewhere,False,False,,,,,,,,,,,True,0,cake,elsewhere
subject-16,25,40,restrictive,The girl will button the blouse,1,7,2,1.2739,0.0469,366.0,pos4,False,True,,,,,,,,,,,True,0,blouse,iron
subject-16,26,9,non-restrictive,The woman will open the book,2,7,0,,,,,,,,,,,,,,,,,True,0,book,
subject-16,27,15,non-restrictive,The businessman will  forget the hat,4,8,2,1.2715,0.0334,326.2,subject,False,False,,,,,,,,,,,True,0,hat,subject
subject-16,28,32,restrictive,The woman will brew the beer,1,8,3,0.8795,0.0404,301.3,elsewhere,False,False,,,,,,,,,,,True,0,beer,elsewhere
subject-16,29,48,restrictive,The child will inflate the balloon,1,11,1,0.8589,0.0536,351.9,pos1,True,True,,,,,,,,,,,True,0,balloon,balloon
subject-16,30,28,restrictive,The cat will drink the milk,1,11,1,0.5656,0.054,324.8,elsewhere,False,False,,,,,,,,,,,True,0,milk,elsewhere
subject-16,31,23,non-restrictive,The girl will hold the scarf,4,6,1,1.3757,0.0469,385.0,elsewhere,False,False,,,,,,,,,,,True,0,scarf,elsewhere
subject-16,32,16,restrictive,The woman will wear the dress,1,8,2,0.9666,0.0407,307.1,pos4,False,True,,,,,,,,,,,True,0,dress,ribbon
subject-16,33,13,non-restrictive,The man will  collect the cigarettes,2,9,1,1.1173,0.0469,371.5,pos2,True,True,,,,,,,,,,,True,0,cigarettes,cigarettes
subject-16,34,1,non-restrictive,The woman will try the wine,2,10,1,0.6656,0.04,409.2,pos2,True,True,,,,,,,,,,,True,0,wine,wine
subject-16,35,45,non-restrictive,The chef will carry the carrot,2,8,2,0.5677,0.0535,439.8,pos2,True,True,0.0,0.0,1.0,1.0,0.0,0.0,0.0,0.0,1.0,1.0,False,1,carrot,carrot
subject-16,37,12,restrictive,The man will sail the boat,1,5,1,0.7801,0.0469,292.4,elsewhere,False,False,,,,,,,,,,,True,0,boat,elsewhere
subject-16,38,25,non-restrictive,The man will move the canvas,2,11,3,1.1214,0.0471,276.8,elsewhere,False,False,,,,,,,,,,,True,0,canvas,elsewhere
subject-16,39,3,non-restrictive,The woman will touch the baby,4,9,2,0.9205,0.0539,314.0,elsewhere,False,False,,,,,,,,,,,True,0,baby,elsewhere
subject-16,40,38,restrictive,The woman will tie the apron,3,11,1,1.3504,0.0464,475.9,pos3,True,True,,,,,,,,,,,True,0,apron,apron
subject-16,41,26,restrictive,The woman will blow out the candle,3,10,1,0.8856,0.0468,455.3,elsewhere,False,False,,,,,,,,,,,True,0,candle,elsewhere
subject-16,42,30,restrictive,The girl will roll the dice,3,10,1,0.7573,0.0533,404.0,pos3,True,True,,,,,,,,,,,True,0,dice,dice
subject-16,43,4,restrictive,The boy will bounce the ball,1,9,2,0.6229,0.0537,306.0,elsewhere,False,False,0.0,,0.0,,0.0,,1.0,,0.0,,False,0,ball,elsewhere
subject-16,44,42,restrictive,The woman will sew the shirt,3,9,2,0.8388,0.0402,457.8,pos3,True,True,,,,,,,,,,,True,0,shirt,shirt
subject-16,45,10,restrictive,The man will repair the washing machine,3,10,1,1.4346,0.0402,440.8,elsewhere,False,False,,,,,,,,,,,True,0,washing-machine,elsewhere
subject-16,46,39,non-restrictive,The boy will move the shoelace,4,9,3,1.1788,0.0536,438.2,pos2,False,True,,,,,,,,,,,True,0,shoelace,mat
subject-16,47,41,non-restrictive,The boy will move the orange,2,7,1,1.1118,0.047,442.3,pos2,True,True,,,,,,,,,,,True,0,orange,orange
subject-16,48,47,non-restrictive,The girl will move the carpet,4,10,1,1.0434,0.0469,340.7,elsewhere,False,False,,,,,,,,,,,True,0,carpet,elsewhere
subject-16,49,22,restrictive,The girl will zip the coat,3,7,1,0.7707,0.0334,409.8,pos3,True,True,,,,,,,,,,,True,0,coat,coat
subject-17,0,36,non-restrictive,The kid will stack the lego,1,16,2,0.6263,0.0133,96.5,elsewhere,False,False,,,,,,,,,,,True,1,lego,elsewhere
subject-17,1,3,restrictive,The woman will bathe the baby,4,20,7,0.1074,0.0135,200.0,subject,False,False,0.0,0.0,0.0,0.0,0.0,0.0,1.0,1.0,1.0,1.0,False,1,baby,subject
subject-17,2,11,restrictive,The baby will ring the bell,4,20,4,0.3068,0.013,150.1,subject,False,False,,,,,,,,,,,True,1,bell,subject
subject-17,3,48,non-restrictive,The child will carry the balloon,1,16,6,0.9403,0.0471,256.7,pos4,False,True,,,,,,,,,,,True,0,balloon,pouch
subject-17,4,9,restrictive,The woman will read the book,2,19,6,0.0805,0.0539,263.3,subject,False,False,,,,,,,,,,,True,0,book,subject
subject-17,5,41,restrictive,The boy will squeeze the orange,2,15,4,0.868,0.0469,204.3,pos3,False,True,0.0,,1.0,,0.0,,0.0,,1.0,,False,0,orange,stone
subject-17,6,34,non-restrictive,The boy will move the radio,3,19,7,0.0301,0.0198,138.0,elsewhere,False,False,,,,,,,,,,,True,0,radio,elsewhere
subject-17,7,31,restrictive,The woman will open the bottle,4,11,4,0.6465,0.0535,271.6,pos4,True,True,,,,,,,,,,,True,0,bottle,bottle
subject-17,8,30,non-restrictive,The girl will grab the dice,3,14,1,0.9681,0.0536,362.6,elsewhere,False,False,,,,,,,,,,,True,0,dice,elsewhere
subject-17,9,44,non-restrictive,The baker will inspect the dough,1,10,3,0.0108,0.0405,300.5,subject,False,False,,,,,,,,,,,True,0,dough,subject
subject-17,10,37,restrictive,The boy will peel the banana,2,14,6,0.2412,0.0603,299.0,elsewhere,False,False,0.0,0.0,0.0,0.0,1.0,1.0,0.0,0.0,0.0,0.0,False,1,banana,elsewhere
subject-17,11,15,restrictive,The businessman will wear the hat,4,3,1,0.6023,0.0537,281.8,pos4,True,True,,,,,,,,,,,True,0,hat,hat
subject-17,12,24,non-restrictive,The girl will lift the rabbit,1,12,2,1.179,0.0471,357.4,elsewhere,False,False,,,,,,,,,,,True,0,rabbit,elsewhere
subject-17,13,27,restrictive,The boy will dim the lamp,4,11,5,0.0058,0.0404,252.3,subject,False,False,,,,,,,,,,,True,0,lamp,subject
subject-17,14,20,non-restrictive,The baby will grab the kitten,1,14,6,0.0056,0.054,262.4,elsewhere,False,False,,,,,,,,,,,True,0,kitten,elsewhere
subject-17,15,40,non-restrictive,The girl will hold the blouse,1,15,4,0.2896,0.0403,251.7,elsewhere,False,False,0.0,,0.0,,0.0,,1.0,,0.0,,False,1,blouse,elsewhere
subject-17,16,14,non-restrictive,The boy will feed the dog,3,13,2,0.7118,0.0537,284.3,elsewhere,False,False,,,,,,,,,,,True,0,dog,elsewhere
subject-17,17,33,restrictive,The boy will unzip the suitcase,2,15,7,0.2644,0.0133,133.2,pos2,True,True,0.0,0.0,0.2127,0.0,0.0,0.0,0.7873,1.0,0.2127,0.0,False,1,suitcase,suitcase
subject-17,18,10,non-restrictive,The man will wipe the washing machine,3,11,2,1.1486,0.0602,322.3,pos3,True,True,,,,,,,,,,,True,0,washing-machine,washing-machine
subject-17,19,49,restrictive,The man will lick the stamp,2,10,3,0.8831,0.0535,324.3,pos2,True,True,,,,,,,,,,,True,0,stamp,stamp
subject-17,20,38,non-restrictive,The woman will carry the apron,3,15,7,0.0097,0.0268,260.9,subject,False,False,,,,,,,,,,,True,0,apron,subject
subject-17,21,19,restrictive,The chef will slice the bread,4,12,4,0.8883,0.0403,310.8,pos4,True,True,,,,,,,,,,,True,0,bread,bread
subject-17,22,29,restrictive,The grandmother will read the newspaper,2,10,4,0.0188,0.0335,235.8,elsewhere,False,False,0.0,,0.0,,0.0,,1.0,,0.0,,False,2,newspaper,elsewhere
subject-17,23,32,non-restrictive,The woman will carry the beer,1,15,5,0.1647,0.047,227.3,pos3,False,True,0.0,0.0,0.0,0.0,0.2748,0.0,0.7252,1.0,0.0,0.0,False,1,beer,biscuit
subject-17,24,5,restrictive,The hiker will climb the mountain,2,16,4,0.1744,0.0537,335.3,pos2,True,True,0.0,,1.0,,0.0,,0.0,,1.0,,False,0,mountain,mountain
subject-17,25,8,non-restrictive,The woman will dust the piano,1,14,2,0.8189,0.0537,274.7,pos2,False,True,,,,,,,,,,,True,0,piano,table
subject-17,26,4,non-restrictive,The boy will throw the ball,1,6,3,0.1246,0.0537,264.9,pos3,False,True,0.0,,0.0,,1.0,,0.0,,0.0,,False,0,ball,acorns
subject-17,27,45,restrictive,The chef will grate the carrot,2,14,6,0.2372,0.0538,249.1,elsewhere,False,False,0.0,0.0,0.0,0.0,1.0,1.0,0.0,0.0,0.0,0.0,False,1,carrot,elsewhere
subject-17,28,42,non-restrictive,The woman will wash the shirt,3,10,4,0.3364,0.02,174.1,elsewhere,False,False,1.0,,0.0,,0.0,,0.0,,0.0,,False,0,shirt,elsewhere
subject-17,29,46,non-restrictive,The musician will move the violin,3,20,5,0.7288,0.0268,237.6,pos2,False,True,0.0,,0.0,,1.0,,0.0,,1.0,,False,0,violin,stand
subject-17,30,25,restrictive,The man will paint the canvas,2,19,6,0.0124,0.0332,208.9,subject,False,False,1.0,,0.0,,0.0,,0.0,,0.0,,False,1,canvas,subject
subject-17,31,17,restrictive,The man will chop the wood,2,11,4,0.0787,0.02,237.9,pos2,True,True,0.0,0.0,0.7271,0.0,0.2729,1.0,0.0,0.0,0.7271,0.0,False,1,wood,wood
subject-17,32,35,restrictive,The girl will apply the mascara,4,15,6,0.092,0.0267,183.3,subject,False,False,0.3049,0.0,0.6951,1.0,0.0,0.0,0.0,0.0,0.0,0.0,False,1,mascara,subject
subject-17,33,6,non-restrictive,The housewife will  wash the mushrooms,3,8,3,0.4825,0.0134,141.5,elsewhere,False,False,,,,,,,,,,,True,1,mushrooms,elsewhere
subject-17,34,47,restrictive,The girl will vacuum the carpet,4,14,6,0.3355,0.0469,326.1,subject,False,False,,,,,,,,,,,True,0,carpet,subject
subject-17,35,12,non-restrictive,The man will watch the boat,1,14,4,0.6949,0.0537,334.2,subject,False,False,,,,,,,,,,,True,0,boat,subject
subject-17,36,28,non-restrictive,The cat will push the milk,1,16,4,0.5493,0.0399,284.1,elsewhere,False,False,,,,,,,,,,,True,0,milk,elsewhere
subject-17,37,23,restrictive,The girl will knit the scarf,4,13,4,0.7611,0.0535,270.2,pos3,False,True,,,,,,,,,,,True,0,scarf,card
subject-17,38,21,restrictive,The woman will water the flower,2,12,4,0.125,0.0535,322.8,subject,False,False,0.0,0.0,0.0,0.0,1.0,1.0,0.0,0.0,0.0,0.0,False,2,flower,subject
subject-17,39,22,non-restrictive,The girl will hang the coat,3,11,3,0.5247,0.0402,299.4,pos3,True,True,,,,,,,,,,,True,0,coat,coat
subject-17,40,1,restrictive,The woman will drink the wine,2,15,5,0.7324,0.0533,293.8,elsewhere,False,False,,,,,,,,,,,True,0,wine,elsewhere
subject-17,41,13,restrictive,The man will smoke the cigarettes,2,15,7,0.1781,0.0336,242.8,pos2,True,True,0.0,,1.0,,0.0,,0.0,,1.0,,False,1,cigarettes,cigarettes
subject-17,42,2,non-restrictive,The policeman will search the man,3,9,1,0.8968,0.0602,300.6,pos3,True,True,,,,,,,,,,,True,0,man,man
subject-17,43,7,restrictive,The doctor will inject the child,4,19,4,0.8073,0.0603,318.6,pos3,False,True,,,,,,,,,,,True,0,child,microscope
subject-17,44,39,restrictive,The boy will tie the shoelace,4,10,2,1.1608,0.0467,235.6,pos4,True,True,,,,,,,,,,,True,0,shoelace,shoelace
subject-17,45,0,non-restrictive,The boy will move the cake,1,16,5,0.4342,0.0405,358.2,pos2,False,True,0.8418,0.0,0.1582,1.0,0.0,0.0,0.0,0.0,0.8418,0.0,False,1,cake,toy-car
subject-17,46,26,non-restrictive,The woman will blow grab the candle,3,19,5,0.162,0.0268,227.9,elsewhere,False,False,0.0,,0.0,,0.0,,1.0,,0.0,,False,1,candle,elsewhere
subject-17,47,43,restrictive,The man will lock the safe,4,13,4,0.0583,0.0402,244.4,pos2,False,True,0.0,,0.0,,0.0,,1.0,,1.0,,False,2,safe,bolt
subject-17,48,18,non-restrictive,The boy will touch the football,3,13,7,0.3136,0.054,257.1,elsewhere,False,False,,,,,,,,,,,True,1,football,elsewhere
subject-17,49,16,non-restrictive,The woman will  carry the dress,1,12,6,0.1704,0.047,260.4,elsewhere,False,False,0.0,,0.3314,,0.0,,0.6686,,0.0,,False,1,dress,elsewhere
subject-18,0,14,restrictive,The boy will walk the dog,4,7,1,1.5411,0.0541,281.6,pos4,True,True,,,,,,,,,,,True,0,dog,dog
subject-18,1,22,restrictive,The girl will zip the coat,4,5,1,1.0921,0.0603,217.4,pos4,True,True,,,,,,,,,,,True,0,coat,coat
subject-18,2,4,restrictive,The boy will bounce the ball,2,7,1,1.2524,0.0536,327.7,pos2,True,True,,,,,,,,,,,True,0,ball,ball
subject-18,3,39,non-restrictive,The boy will move the shoelace,1,8,2,1.0447,0.0669,240.5,pos4,False,True,,,,,,,,,,,True,0,shoelace,buckle
subject-18,4,19,non-restrictive,The chef will clean the bread,1,9,1,1.057,0.0674,266.5,elsewhere,False,False,,,,,,,,,,,True,0,bread,elsewhere
subject-18,5,12,restrictive,The man will sail the boat,2,8,2,0.7934,0.0537,293.5,elsewhere,False,False,,,,,,,,,,,True,0,boat,elsewhere
subject-18,6,32,restrictive,The woman will brew the beer,2,9,3,0.8596,0.0331,305.6,subject,False,False,,,,,,,,,,,True,0,beer,subject
subject-18,7,28,restrictive,The cat will drink the milk,2,8,2,0.3581,0.0603,248.5,elsewhere,False,False,0.0,,1.0,,0.0,,0.0,,1.0,,False,1,milk,elsewhere
subject-18,8,45,non-restrictive,The chef will carry the carrot,3,8,3,1.2507,0.0536,297.5,elsewhere,False,False,,,,,,,,,,,True,0,carrot,elsewhere
subject-18,9,15,non-restrictive,The businessman will  forget the hat,1,10,3,0.1129,0.0269,331.4,elsewhere,False,False,,,,,,,,,,,True,0,hat,elsewhere
subject-18,10,41,non-restrictive,The boy will move the orange,3,7,2,1.0583,0.0334,210.7,subject,False,False,,,,,,,,,,,True,0,orange,subject
subject-18,11,25,non-restrictive,The man will move the canvas,3,11,3,1.1146,0.0471,221.7,subject,False,False,,,,,,,,,,,True,0,canvas,subject
subject-18,12,44,restrictive,The baker will knead the dough,2,7,1,0.9349,0.0598,302.6,pos2,True,True,,,,,,,,,,,True,0,dough,dough
subject-18,13,49,non-restrictive,The man will pick up the stamp,3,10,3,0.6422,0.0266,131.2,elsewhere,False,False,0.0,,0.0,,1.0,,0.0,,1.0,,False,1,stamp,elsewhere
subject-18,14,1,non-restrictive,The woman will try the wine,3,10,3,0.7658,0.0466,272.7,elsewhere,False,False,,,,,,,,,,,True,0,wine,elsewhere
subject-18,15,46,restrictive,The musician will tune the violin,4,10,4,1.2151,0.0403,293.8,pos1,False,True,,,,,,,,,,,True,0,violin,bow
subject-18,16,21,non-restrictive,The woman will move the flower,3,7,2,0.9464,0.0538,274.7,elsewhere,False,False,,,,,,,,,,,True,0,flower,elsewhere
subject-18,17,10,restrictive,The man will repair the washing machine,4,8,2,0.5303,0.0134,97.5,elsewhere,False,False,,,,,,,,,,,True,1,washing-machine,elsewhere
subject-18,18,8,restrictive,The woman will play the piano,2,5,1,1.2888,0.074,295.0,pos2,True,True,,,,,,,,,,,True,0,piano,piano
subject-18,19,26,restrictive,The woman will blow out the candle,4,7,1,1.0325,0.0604,281.4,pos4,True,True,,,,,,,,,,,True,0,candle,candle
subject-18,20,27,non-restrictive,The boy will touch the lamp,1,6,1,1.0333,0.0602,275.9,pos1,True,True,,,,,,,,,,,True,0,lamp,lamp
subject-18,21,5,non-restrictive,The hiker will photograph the mountain,3,6,1,1.481,0.047,274.4,elsewhere,False,False,,,,,,,,,,,True,0,mountain,elsewhere
subject-18,22,17,non-restrictive,The man will  move the wood,3,8,2,0.9069,0.0202,164.3,subject,False,False,,,,,,,,,,,True,0,wood,subject
subject-18,23,0,restrictive,The boy will eat the cake,2,6,1,0.7883,0.061,342.4,pos2,True,True,,,,,,,,,,,True,0,cake,cake
subject-18,24,42,restrictive,The woman will sew the shirt,4,10,3,0.8387,0.0269,254.7,subject,False,False,,,,,,,,,,,True,0,shirt,subject
subject-18,25,29,non-restrictive,The grandmother will eadturn the newspaper,3,12,3,0.3219,0.0471,301.8,elsewhere,False,False,0.0,,0.0,,1.0,,0.0,,1.0,,False,1,newspaper,elsewhere
subject-18,26,40,restrictive,The girl will button the blouse,2,7,3,0.9184,0.0474,258.4,elsewhere,False,False,,,,,,,,,,,True,0,blouse,elsewhere
subject-18,27,18,restrictive,The boy will kick the football,4,8,1,0.936,0.0536,269.5,pos4,True,True,,,,,,,,,,,True,0,football,football
subject-18,28,36,restrictive,The kid will build the lego,2,8,2,0.676,0.0267,164.6,subject,False,False,,,,,,,,,,,True,0,lego,subject
subject-18,29,11,non-restrictive,The baby will kick the bell,1,7,1,1.093,0.0536,284.7,pos1,True,True,,,,,,,,,,,True,0,bell,bell
subject-18,30,33,non-restrictive,The boy will open the suitcase,3,6,1,0.9866,0.0471,279.5,elsewhere,False,False,,,,,,,,,,,True,0,suitcase,elsewhere
subject-18,31,30,restrictive,The girl will roll the dice,4,10,4,0.9448,0.0133,156.3,subject,False,False,,,,,,,,,,,True,0,dice,subject
subject-18,32,47,non-restrictive,The girl will move the carpet,1,10,1,0.8762,0.053,284.8,pos1,True,True,,,,,,,,,,,True,0,carpet,carpet
subject-18,33,37,non-restrictive,The boy will move the banana,3,9,2,1.2048,0.0201,148.8,subject,False,False,,,,,,,,,,,True,0,banana,subject
subject-18,34,3,non-restrictive,The woman will touch the baby,1,6,1,1.1414,0.0605,293.0,pos1,True,True,,,,,,,,,,,True,0,baby,baby
subject-18,35,6,restrictive,The housewife will fry the mushrooms,4,8,1,1.1504,0.0533,228.6,pos4,True,True,,,,,,,,,,,True,0,mushrooms,mushrooms
subject-18,36,38,restrictive,The woman will tie the apron,4,8,4,0.339,0.0134,142.1,subject,False,False,,,,,,,,,,,True,1,apron,subject
subject-18,37,43,non-restrictive,The man will wipe the safe,1,10,1,1.0367,0.0471,346.4,pos1,True,True,,,,,,,,,,,True,0,safe,safe
subject-18,38,9,non-restrictive,The woman will open the book,3,8,0,,,,,,,,,,,,,,,,,True,0,book,
subject-18,40,2,restrictive,The policeman will arrest the man,4,6,1,1.0305,0.0538,262.6,elsewhere,False,False,,,,,,,,,,,True,0,man,elsewhere
subject-18,41,13,non-restrictive,The man will  collect the cigarettes,3,7,2,0.6611,0.0138,134.9,subject,False,False,,,,,,,,,,,True,1,cigarettes,subject
subject-18,42,7,non-restrictive,The doctor will check the child,1,6,1,0.8456,0.0669,263.7,elsewhere,False,False,,,,,,,,,,,True,0,child,elsewhere
subject-18,43,16,restrictive,The woman will wear the dress,2,7,2,0.5986,0.02,182.6,subject,False,False,,,,,,,,,,,True,0,dress,subject
subject-18,44,48,restrictive,The child will inflate the balloon,2,9,1,0.939,0.0673,239.3,pos2,True,True,,,,,,,,,,,True,0,balloon,balloon
subject-18,45,23,non-restrictive,The girl will hold the scarf,1,6,2,0.0897,0.0398,260.5,elsewhere,False,False,,,,,,,,,,,True,0,scarf,elsewhere
subject-18,46,24,restrictive,The girl will groom the rabbit,2,9,2,1.1342,0.0267,194.2,subject,False,False,,,,,,,,,,,True,0,rabbit,subject
subject-18,47,35,non-restrictive,The girl will squeeze the mascara,1,9,2,0.0022,0.0134,165.9,subject,False,False,,,,,,,,,,,True,0,mascara,subject
subject-18,48,31,non-restrictive,The woman will examine the bottle,1,9,3,0.9372,0.0469,244.7,pos4,False,True,,,,,,,,,,,True,0,bottle,seed
subject-18,49,20,restrictive,The baby will hug the kitten,2,6,2,0.5835,0.0266,170.5,subject,False,False,,,,,,,,,,,True,0,kitten,subject
subject-19,0,48,non-restrictive,The child will carry the balloon,2,6,1,1.4896,0.0736,561.1,pos2,True,True,,,,,,,,,,,True,0,balloon,balloon
subject-19,1,31,restrictive,The woman will open the bottle,1,7,1,1.2627,0.0535,390.8,elsewhere,False,False,,,,,,,,,,,True,0,bottle,elsewhere
subject-19,2,23,restrictive,The girl will knit the scarf,1,5,1,1.0157,0.04,378.6,pos1,True,True,,,,,,,,,,,True,0,scarf,scarf
subject-19,3,40,non-restrictive,The girl will hold the blouse,2,10,2,1.2542,0.0536,540.1,elsewhere,False,False,,,,,,,,,,,True,0,blouse,elsewhere
subject-19,4,36,non-restrictive,The kid will stack the lego,2,8,4,0.0302,0.0332,353.6,subject,False,False,,,,,,,,,,,True,0,lego,subject
subject-19,5,35,restrictive,The girl will apply the mascara,1,10,3,0.6681,0.0133,365.7,elsewhere,False,False,,,,,,,,,,,True,1,mascara,elsewhere
subject-19,6,33,restrictive,The boy will unzip the suitcase,3,8,3,0.6058,0.0335,267.2,subject,False,False,0.0,,0.0,,0.3961,,0.6039,,0.3961,,False,1,suitcase,subject
subject-19,7,37,restrictive,The boy will peel the banana,3,5,1,0.9378,0.0736,294.7,pos3,True,True,1.0,,0.0,,0.0,,0.0,,0.0,,False,0,banana,banana
subject-19,8,44,non-restrictive,The baker will inspect the dough,2,4,1,0.3527,0.0805,264.7,pos2,True,True,0.0,,1.0,,0.0,,0.0,,1.0,,False,0,dough,dough
subject-19,9,5,restrictive,The hiker will climb the mountain,3,11,1,0.3416,0.054,500.0,pos3,True,True,0.0,0.0,0.0,0.0,1.0,1.0,0.0,0.0,1.0,1.0,False,1,mountain,mountain
subject-19,10,27,restrictive,The boy will dim the lamp,1,5,0,,,,,,,1.0,,0.0,,0.0,,0.0,,1.0,,False,0,lamp,
subject-19,11,29,restrictive,The grandmother will read the newspaper,3,5,1,0.9299,0.0537,499.7,pos3,True,True,,,,,,,,,,,True,0,newspaper,newspaper
subject-19,12,17,restrictive,The man will chop the wood,3,5,1,0.8755,0.0673,492.1,pos3,True,True,,,,,,,,,,,True,0,wood,wood
subject-19,13,6,non-restrictive,The housewife will  wash the mushrooms,4,6,3,1.1387,0.0538,522.3,pos3,False,True,,,,,,,,,,,True,0,mushrooms,jug
subject-19,14,11,restrictive,The baby will ring the bell,1,4,1,0.9167,0.0402,423.7,pos1,True,True,,,,,,,,,,,True,0,bell,bell
subject-19,15,20,non-restrictive,The baby will grab the kitten,2,9,2,1.1454,0.0132,243.4,subject,False,False,,,,,,,,,,,True,0,kitten,subject
subject-19,16,42,non-restrictive,The woman will wash the shirt,4,6,2,0.2023,0.0737,373.9,elsewhere,False,False,,,,,,,,,,,True,0,shirt,elsewhere
subject-19,17,46,non-restrictive,The musician will move the violin,4,6,3,0.3401,0.0535,401.9,elsewhere,False,False,1.0,,0.0,,0.0,,0.0,,0.0,,False,1,violin,elsewhere
subject-19,18,16,non-restrictive,The woman will  carry the dress,2,6,1,1.1888,0.067,532.8,pos2,True,True,,,,,,,,,,,True,0,dress,dress
subject-19,19,19,restrictive,The chef will slice the bread,1,5,2,0.9886,0.067,474.8,pos1,True,True,,,,,,,,,,,True,0,bread,bread
subject-19,20,18,non-restrictive,The boy will touch the football,4,5,1,0.81,0.0537,343.4,elsewhere,False,False,,,,,,,,,,,True,0,football,elsewhere
subject-19,21,41,restrictive,The boy will squeeze the orange,3,4,2,0.6403,0.0336,271.5,subject,False,False,1.0,,0.0,,0.0,,0.0,,0.0,,False,1,orange,subject
subject-19,22,39,restrictive,The boy will tie the shoelace,1,9,1,0.9596,0.0535,426.9,elsewhere,False,False,,,,,,,,,,,True,0,shoelace,elsewhere
subject-19,23,4,non-restrictive,The boy will throw the ball,2,5,1,1.1763,0.0736,581.6,pos2,True,True,,,,,,,,,,,True,0,ball,ball
subject-19,24,22,non-restrictive,The girl will hang the coat,4,3,0,,,,,,,,,,,,,,,,,True,0,coat,
subject-19,25,15,restrictive,The businessman will wear the hat,1,8,3,1.0581,0.0538,295.0,subject,False,False,1.0,,0.0,,0.0,,0.0,,1.0,,False,0,hat,subject
subject-19,26,13,restrictive,The man will smoke the cigarettes,3,6,1,0.4994,0.0673,529.2,pos3,True,True,0.0,0.0,0.0,0.0,1.0,1.0,0.0,0.0,1.0,1.0,False,1,cigarettes,cigarettes
subject-19,27,12,non-restrictive,The man will watch the boat,2,9,5,0.4674,0.0535,418.6,elsewhere,False,False,1.0,,0.0,,0.0,,0.0,,0.0,,False,1,boat,elsewhere
subject-19,28,45,restrictive,The chef will grate the carrot,3,8,2,0.0431,0.0534,454.2,elsewhere,False,False,,,,,,,,,,,True,0,carrot,elsewhere
subject-19,29,26,non-restrictive,The woman will blow grab the candle,4,7,3,0.4433,0.0536,406.9,subject,False,False,1.0,,0.0,,0.0,,0.0,,0.0,,False,1,candle,subject
subject-19,30,25,restrictive,The man will paint the canvas,3,5,3,0.6085,0.0539,358.1,subject,False,False,1.0,,0.0,,0.0,,0.0,,0.0,,False,0,canvas,subject
subject-19,31,38,non-restrictive,The woman will carry the apron,4,8,3,0.03,0.0535,345.1,elsewhere,False,False,0.0,0.0,0.0,0.0,0.9673,1.0,0.0327,0.0,0.0327,0.0,False,1,apron,elsewhere
subject-19,32,3,restrictive,The woman will bathe the baby,1,4,1,1.0314,0.0469,464.7,pos1,True,True,,,,,,,,,,,True,0,baby,baby
subject-19,33,2,non-restrictive,The policeman will search the man,4,6,2,0.8569,0.0335,236.0,pos3,False,True,0.0,,1.0,,0.0,,0.0,,0.0,,False,0,man,dustbin
subject-19,34,34,non-restrictive,The boy will move the radio,4,8,1,1.0349,0.0536,357.3,pos4,True,True,,,,,,,,,,,True,0,radio,radio
subject-19,35,47,restrictive,The girl will vacuum the carpet,1,7,2,0.081,0.0336,362.1,elsewhere,False,False,,,,,,,,,,,True,0,carpet,elsewhere
subject-19,36,10,non-restrictive,The man will wipe the washing machine,4,5,1,1.7044,0.0538,350.3,elsewhere,False,False,,,,,,,,,,,True,0,washing-machine,elsewhere
subject-19,37,1,restrictive,The woman will drink the wine,3,8,2,0.2437,0.0535,446.5,elsewhere,False,False,,,,,,,,,,,True,0,wine,elsewhere
subject-19,38,21,restrictive,The woman will water the flower,3,6,1,1.0156,0.0675,547.9,pos3,True,True,,,,,,,,,,,True,0,flower,flower
subject-19,39,30,non-restrictive,The girl will grab the dice,4,5,2,0.2239,0.0471,480.7,subject,False,False,,,,,,,,,,,True,0,dice,subject
subject-19,40,28,non-restrictive,The cat will push the milk,2,4,1,0.9446,0.0469,543.1,elsewhere,False,False,,,,,,,,,,,True,0,milk,elsewhere
subject-19,41,32,non-restrictive,The woman will carry the beer,2,7,3,0.0707,0.0137,368.7,pos1,False,True,,,,,,,,,,,True,0,beer,kettle
subject-19,42,24,non-restrictive,The girl will lift the rabbit,2,4,2,0.697,0.0534,273.6,elsewhere,False,False,1.0,,0.0,,0.0,,0.0,,0.0,,False,0,rabbit,elsewhere
subject-19,43,9,restrictive,The woman will read the book,3,4,1,0.9181,0.0535,507.8,pos3,True,True,,,,,,,,,,,True,0,book,book
subject-19,44,8,non-restrictive,The woman will dust the piano,2,5,2,0.7989,0.074,316.2,subject,False,False,1.0,,0.0,,0.0,,0.0,,0.0,,False,0,piano,subject
subject-19,45,49,restrictive,The man will lick the stamp,3,6,2,0.7485,0.0334,272.9,pos3,True,True,0.0,,0.0,,0.0,,1.0,,0.0,,False,0,stamp,stamp
subject-19,46,14,non-restrictive,The boy will feed the dog,4,6,2,0.0151,0.0532,356.6,elsewhere,False,False,,,,,,,,,,,True,0,dog,elsewhere
subject-19,47,0,non-restrictive,The boy will move the cake,2,6,2,0.0262,0.0535,364.4,elsewhere,False,False,,,,,,,,,,,True,0,cake,elsewhere
subject-19,48,7,restrictive,The doctor will inject the child,1,4,1,0.9883,0.0536,394.1,elsewhere,False,False,,,,,,,,,,,True,0,child,elsewhere
subject-19,49,43,restrictive,The man will lock the safe,1,6,1,0.5945,0.0533,454.0,pos1,True,True,,,,,,,,,,,True,0,safe,safe
subject-2,0,21,non-restrictive,The woman will move the flower,3,11,1,1.2483,0.0402,674.9,pos3,True,True,,,,,,,,,,,True,0,flower,flower
subject-2,1,36,restrictive,The kid will build the lego,2,8,1,0.75,0.0333,606.0,pos2,True,True,,,,,,,,,,,True,0,lego,lego
subject-2,2,5,non-restrictive,The hiker will photograph the mountain,3,11,3,1.1396,0.0331,470.7,elsewhere,False,False,,,,,,,,,,,True,0,mountain,elsewhere
subject-2,3,3,non-restrictive,The woman will touch the baby,1,5,1,1.041,0.0199,656.4,elsewhere,False,False,,,,,,,,,,,True,0,baby,elsewhere
subject-2,4,41,non-restrictive,The boy will move the orange,3,9,1,1.0117,0.0399,551.8,elsewhere,False,False,,,,,,,,,,,True,0,orange,elsewhere
subject-2,5,46,restrictive,The musician will tune the violin,4,11,1,1.0545,0.0335,412.0,elsewhere,False,False,,,,,,,,,,,True,0,violin,elsewhere
subject-2,6,22,restrictive,The girl will zip the coat,4,6,1,1.0195,0.0396,524.3,elsewhere,False,False,,,,,,,,,,,True,0,coat,elsewhere
subject-2,7,37,non-restrictive,The boy will move the banana,3,12,4,0.7491,0.0338,444.2,pos1,False,True,,,,,,,,,,,True,0,banana,marker
subject-2,9,44,restrictive,The baker will knead the dough,2,7,1,0.8474,0.0467,510.0,pos2,True,True,,,,,,,,,,,True,0,dough,dough
subject-2,10,9,non-restrictive,The woman will open the book,3,9,0,,,,,,,,,,,,,,,,,True,0,book,
subject-2,11,17,non-restrictive,The man will  move the wood,3,14,3,0.0969,0.0201,334.3,elsewhere,False,False,,,,,,,,,,,True,0,wood,elsewhere
subject-2,12,40,restrictive,The girl will button the blouse,2,12,3,0.1217,0.0201,107.4,elsewhere,False,False,,,,,,,,,,,True,0,blouse,elsewhere
subject-2,13,31,non-restrictive,The woman will examine the bottle,1,8,2,0.6289,0.0138,230.8,elsewhere,False,False,,,,,,,,,,,True,1,bottle,elsewhere
subject-2,14,48,restrictive,The child will inflate the balloon,2,8,1,0.979,0.0206,574.7,pos2,True,True,,,,,,,,,,,True,0,balloon,balloon
subject-2,15,47,non-restrictive,The girl will move the carpet,1,11,2,0.3469,0.0469,149.3,elsewhere,False,False,,,,,,,,,,,True,1,carpet,elsewhere
subject-2,16,23,non-restrictive,The girl will hold the scarf,1,6,1,1.2747,0.0404,363.4,elsewhere,False,False,,,,,,,,,,,True,0,scarf,elsewhere
subject-2,17,11,non-restrictive,The baby will kick the bell,1,10,2,1.0932,0.0668,418.5,pos1,True,True,,,,,,,,,,,True,0,bell,bell
subject-2,18,29,non-restrictive,The grandmother will eadturn the newspaper,3,7,0,,,,,,,,,,,,,,,,,True,0,newspaper,
subject-2,19,16,restrictive,The woman will wear the dress,2,9,1,1.255,0.0468,502.1,pos2,True,True,,,,,,,,,,,True,0,dress,dress
subject-2,20,13,non-restrictive,The man will  collect the cigarettes,3,9,3,1.177,0.0472,369.1,elsewhere,False,False,,,,,,,,,,,True,0,cigarettes,elsewhere
subject-2,21,4,restrictive,The boy will bounce the ball,2,8,1,1.0518,0.0399,446.4,pos2,True,True,,,,,,,,,,,True,0,ball,ball
subject-2,22,45,non-restrictive,The chef will carry the carrot,3,9,2,1.0633,0.0267,188.3,elsewhere,False,False,,,,,,,,,,,True,0,carrot,elsewhere
subject-2,23,42,restrictive,The woman will sew the shirt,4,10,4,0.0348,0.0201,1496.7,elsewhere,False,False,,,,,,,,,,,True,2,shirt,elsewhere
subject-2,24,30,restrictive,The girl will roll the dice,4,6,0,,,,,,,,,,,,,,,,,True,0,dice,
subject-2,25,38,restrictive,The woman will tie the apron,4,10,2,0.848,0.0533,312.1,elsewhere,False,False,,,,,,,,,,,True,0,apron,elsewhere
subject-2,26,49,non-restrictive,The man will pick up the stamp,3,12,5,0.3272,0.0131,67.5,elsewhere,False,False,,,,,,,,,,,True,1,stamp,elsewhere
subject-2,27,15,non-restrictive,The businessman will  forget the hat,1,10,2,0.9967,0.0538,95.3,elsewhere,False,False,,,,,,,,,,,True,0,hat,elsewhere
subject-2,28,19,non-restrictive,The chef will clean the bread,1,11,1,0.9636,0.0134,564.9,elsewhere,False,False,,,,,,,,,,,True,0,bread,elsewhere
subject-2,29,10,restrictive,The man will repair the washing machine,4,7,1,1.0931,0.0403,358.3,elsewhere,False,False,,,,,,,,,,,True,1,washing-machine,elsewhere
subject-2,30,26,restrictive,The woman will blow out the candle,4,6,2,0.4432,0.0136,258.8,elsewhere,False,False,,,,,,,,,,,True,1,candle,elsewhere
subject-2,31,0,restrictive,The boy will eat the cake,2,9,1,0.8958,0.0335,436.3,pos2,True,True,,,,,,,,,,,True,0,cake,cake
subject-2,32,2,restrictive,The policeman will arrest the man,4,6,0,,,,,,,,,,,,,,,,,True,0,man,
subject-2,33,12,restrictive,The man will sail the boat,2,10,1,1.0407,0.0408,546.4,pos2,True,True,,,,,,,,,,,True,0,boat,boat
subject-2,34,28,restrictive,The cat will drink the milk,2,6,1,0.9672,0.047,424.8,elsewhere,False,False,,,,,,,,,,,True,0,milk,elsewhere
subject-2,35,7,non-restrictive,The doctor will check the child,1,9,1,1.1336,0.0533,350.8,elsewhere,False,False,,,,,,,,,,,True,0,child,elsewhere
subject-2,36,35,non-restrictive,The girl will squeeze the mascara,1,9,1,1.6567,0.0402,412.9,elsewhere,False,False,,,,,,,,,,,True,0,mascara,elsewhere
subject-2,37,24,restrictive,The girl will groom the rabbit,2,10,0,,,,,,,,,,,,,,,,,True,0,rabbit,
subject-2,38,25,non-restrictive,The man will move the canvas,3,8,2,1.2959,0.0468,444.9,pos2,False,True,,,,,,,,,,,True,0,canvas,rope
subject-2,39,33,non-restrictive,The boy will open the suitcase,3,9,1,1.2948,0.0535,655.0,pos3,True,True,,,,,,,,,,,True,0,suitcase,suitcase
subject-2,40,1,non-restrictive,The woman will try the wine,3,11,1,1.1142,0.0398,578.1,pos3,True,True,,,,,,,,,,,True,0,wine,wine
subject-2,41,43,non-restrictive,The man will wipe the safe,1,14,2,1.1234,0.0336,428.8,elsewhere,False,False,,,,,,,,,,,True,0,safe,elsewhere
subject-2,42,32,restrictive,The woman will brew the beer,2,6,1,1.1069,0.0472,532.5,pos2,True,True,,,,,,,,,,,True,0,beer,beer
subject-2,43,14,restrictive,The boy will walk the dog,4,8,1,0.9386,0.0536,354.8,elsewhere,False,False,,,,,,,,,,,True,0,dog,elsewhere
subject-2,44,39,non-restrictive,The boy will move the shoelace,1,9,2,1.2325,0.0332,328.3,elsewhere,False,False,,,,,,,,,,,True,0,shoelace,elsewhere
subject-2,45,20,restrictive,The baby will hug the kitten,2,10,3,0.075,0.0134,283.0,elsewhere,False,False,,,,,,,,,,,True,0,kitten,elsewhere
subject-2,46,18,restrictive,The boy will kick the football,4,11,2,0.8824,0.0132,324.8,elsewhere,False,False,,,,,,,,,,,True,0,football,elsewhere
subject-2,47,8,restrictive,The woman will play the piano,2,10,1,1.0482,0.0331,442.6,pos2,True,True,,,,,,,,,,,True,0,piano,piano
subject-2,48,27,non-restrictive,The boy will touch the lamp,1,13,1,1.1741,0.0133,359.1,elsewhere,False,False,,,,,,,,,,,True,0,lamp,elsewhere
subject-2,49,6,restrictive,The housewife will fry the mushrooms,4,8,1,1.0298,0.0536,389.8,elsewhere,False,False,,,,,,,,,,,True,0,mushrooms,elsewhere
subject-20,0,3,non-restrictive,The woman will touch the baby,2,8,0,,,,,,,,,,,,,,,,,True,0,baby,
subject-20,1,10,restrictive,The man will repair the washing machine,1,4,1,1.1331,0.02,344.5,subject,False,False,,,,,,,,,,,True,1,washing-machine,subject
subject-20,2,28,restrictive,The cat will drink the milk,3,11,2,0.9871,0.0342,413.3,pos3,True,True,,,,,,,,,,,True,0,milk,milk
subject-20,3,6,restrictive,The housewife will fry the mushrooms,1,6,0,,,,,,,,,,,,,,,,,True,0,mushrooms,
subject-20,4,21,non-restrictive,The woman will move the flower,4,7,1,1.0675,0.04,542.6,elsewhere,False,False,,,,,,,,,,,True,0,flower,elsewhere
subject-20,5,12,restrictive,The man will sail the boat,3,8,1,0.9608,0.0537,630.8,elsewhere,False,False,,,,,,,,,,,True,0,boat,elsewhere
subject-20,6,5,non-restrictive,The hiker will photograph the mountain,4,9,4,0.7911,0.0334,357.1,pos2,False,True,0.0,0.0,1.0,1.0,0.0,0.0,0.0,0.0,0.0,0.0,False,1,mountain,cactus
subject-20,7,11,non-restrictive,The baby will kick the bell,2,7,2,1.2403,0.0337,320.5,elsewhere,False,False,,,,,,,,,,,True,0,bell,elsewhere
subject-20,8,42,restrictive,The woman will sew the shirt,1,6,1,0.972,0.054,368.9,pos1,True,True,,,,,,,,,,,True,0,shirt,shirt
subject-20,9,23,non-restrictive,The girl will hold the scarf,2,6,1,0.9803,0.0335,449.0,elsewhere,False,False,,,,,,,,,,,True,0,scarf,elsewhere
subject-20,10,49,non-restrictive,The man will pick up the stamp,4,6,1,1.2384,0.0334,558.6,pos4,True,True,,,,,,,,,,,True,0,stamp,stamp
subject-20,11,0,restrictive,The boy will eat the cake,3,5,2,0.6949,0.0337,545.0,elsewhere,False,False,,,,,,,,,,,True,0,cake,elsewhere
subject-20,12,4,restrictive,The boy will bounce the ball,3,7,2,1.0248,0.0334,463.2,pos2,False,True,,,,,,,,,,,True,0,ball,shuttle-cock
subject-20,13,36,restrictive,The kid will build the lego,3,5,1,1.2654,0.0334,595.2,elsewhere,False,False,,,,,,,,,,,True,0,lego,elsewhere
subject-20,14,22,restrictive,The girl will zip the coat,1,9,1,0.878,0.0537,429.4,pos1,True,True,,,,,,,,,,,True,0,coat,coat
subject-20,15,41,non-restrictive,The boy will move the orange,4,3,2,0.0475,0.0132,97.4,subject,False,False,,,,,,,,,,,True,0,orange,subject
subject-20,16,46,restrictive,The musician will tune the violin,1,4,0,,,,,,,,,,,,,,,,,True,0,violin,
subject-20,17,26,restrictive,The woman will blow out the candle,1,8,1,1.2406,0.04,538.6,elsewhere,False,False,,,,,,,,,,,True,0,candle,elsewhere
subject-20,18,40,restrictive,The girl will button the blouse,3,6,1,1.3009,0.0334,375.4,elsewhere,False,False,,,,,,,,,,,True,0,blouse,elsewhere
subject-20,19,9,non-restrictive,The woman will open the book,4,6,0,,,,,,,,,,,,,,,,,True,0,book,
subject-20,21,18,restrictive,The boy will kick the football,1,5,1,1.0301,0.0535,369.0,pos1,True,True,,,,,,,,,,,True,0,football,football
subject-20,22,43,non-restrictive,The man will wipe the safe,2,7,2,0.8087,0.0203,615.0,pos4,False,True,,,,,,,,,,,True,0,safe,bolt
subject-20,23,31,non-restrictive,The woman will examine the bottle,2,7,2,1.1314,0.0334,485.8,pos3,False,True,,,,,,,,,,,True,0,bottle,lemon
subject-20,24,25,non-restrictive,The man will move the canvas,4,9,2,0.8341,0.0198,191.7,pos3,False,True,,,,,,,,,,,True,0,canvas,rope
subject-20,25,1,non-restrictive,The woman will try the wine,4,5,1,1.2686,0.0335,611.7,elsewhere,False,False,,,,,,,,,,,True,0,wine,elsewhere
subject-20,26,48,restrictive,The child will inflate the balloon,3,9,1,1.3543,0.0271,303.1,elsewhere,False,False,,,,,,,,,,,True,0,balloon,elsewhere
subject-20,27,47,non-restrictive,The girl will move the carpet,2,2,1,0.7625,0.0535,1487.9,elsewhere,False,False,,,,,,,,,,,True,0,carpet,elsewhere
subject-20,28,29,non-restrictive,The grandmother will eadturn the newspaper,4,3,0,,,,,,,,,,,,,,,,,True,0,newspaper,
subject-20,29,45,non-restrictive,The chef will carry the carrot,4,4,1,1.6061,0.0334,246.7,pos4,True,True,,,,,,,,,,,True,0,carrot,carrot
subject-20,30,30,restrictive,The girl will roll the dice,1,8,1,0.7169,0.0537,711.8,elsewhere,False,False,,,,,,,,,,,True,0,dice,elsewhere
subject-20,31,19,non-restrictive,The chef will clean the bread,2,7,2,1.2513,0.0205,552.3,pos1,False,True,,,,,,,,,,,True,0,bread,bowl
subject-20,32,33,non-restrictive,The boy will open the suitcase,4,6,2,1.0741,0.0334,278.8,subject,False,False,,,,,,,,,,,True,0,suitcase,subject
subject-20,33,8,restrictive,The woman will play the piano,3,2,1,0.8402,0.04,590.4,elsewhere,False,False,,,,,,,,,,,True,0,piano,elsewhere
subject-20,34,15,non-restrictive,The businessman will  forget the hat,2,8,3,0.0056,0.0332,517.5,pos1,False,True,1.0,,0.0,,0.0,,0.0,,0.0,,False,0,hat,folder
subject-20,35,2,restrictive,The policeman will arrest the man,1,7,2,0.2002,0.0203,234.4,subject,False,False,,,,,,,,,,,True,0,man,subject
subject-20,36,44,restrictive,The baker will knead the dough,3,4,0,,,,,,,,,,,,,,,,,True,0,dough,
subject-20,37,17,non-restrictive,The man will  move the wood,4,8,2,0.4786,0.0334,258.8,subject,False,False,0.0,,0.0,,1.0,,0.0,,0.0,,False,1,wood,subject
subject-20,38,27,non-restrictive,The boy will touch the lamp,2,5,1,1.0133,0.0266,432.4,subject,False,False,,,,,,,,,,,True,0,lamp,subject
subject-20,39,32,restrictive,The woman will brew the beer,3,7,2,0.7994,0.0535,526.5,pos4,False,True,,,,,,,,,,,True,0,beer,mug
subject-20,40,37,non-restrictive,The boy will move the banana,4,7,1,1.0375,0.0671,638.8,pos1,False,True,,,,,,,,,,,True,0,banana,mitten
subject-20,41,24,restrictive,The girl will groom the rabbit,3,3,0,,,,,,,,,,,,,,,,,True,0,rabbit,
subject-20,42,20,restrictive,The baby will hug the kitten,3,3,0,,,,,,,,,,,,,,,,,True,0,kitten,
subject-20,43,39,non-restrictive,The boy will move the shoelace,2,3,1,1.3194,0.0134,138.2,pos2,True,True,,,,,,,,,,,True,0,shoelace,shoelace
subject-20,44,7,non-restrictive,The doctor will check the child,2,3,0,,,,,,,1.0,,0.0,,0.0,,0.0,,0.0,,False,0,child,
subject-20,45,13,non-restrictive,The man will  collect the cigarettes,4,7,2,1.2171,0.0469,508.5,pos2,False,True,,,,,,,,,,,True,0,cigarettes,briefcase
subject-20,46,14,restrictive,The boy will walk the dog,1,6,3,0.892,0.0667,481.1,elsewhere,False,False,0.0,,0.0,,0.0,,1.0,,0.0,,False,0,dog,elsewhere
subject-20,47,38,restrictive,The woman will tie the apron,1,5,0,,,,,,,,,,,,,,,,,True,0,apron,
subject-20,48,35,non-restrictive,The girl will squeeze the mascara,2,2,2,1.4959,0.0203,169.0,subject,False,False,,,,,,,,,,,True,0,mascara,subject
subject-20,49,16,restrictive,The woman will wear the dress,3,6,0,,,,,,,,,,,,,,,,,True,0,dress,
subject-21,0,2,non-restrictive,The policeman will search the man,1,17,3,0.1538,0.0134,249.3,subject,False,False,,,,,,,,,,,True,0,man,subject
subject-21,1,1,restrictive,The woman will drink the wine,4,12,1,1.1341,0.0335,603.1,pos4,True,True,,,,,,,,,,,True,0,wine,wine
subject-21,2,46,non-restrictive,The musician will move the violin,1,10,1,1.1035,0.047,440.9,pos1,True,True,,,,,,,,,,,True,0,violin,violin
subject-21,3,36,non-restrictive,The kid will stack the lego,3,12,4,0.7268,0.0133,181.0,subject,False,False,,,,,,,,,,,True,0,lego,subject
subject-21,4,29,restrictive,The grandmother will read the newspaper,4,8,1,0.8762,0.0469,462.7,pos4,True,True,,,,,,,,,,,True,0,newspaper,newspaper
subject-21,5,11,restrictive,The baby will ring the bell,2,12,1,0.6686,0.0333,580.7,pos2,True,True,,,,,,,,,,,True,0,bell,bell
subject-21,6,16,non-restrictive,The woman will  carry the dress,3,13,1,1.1014,0.0402,578.0,pos3,True,True,,,,,,,,,,,True,0,dress,dress
subject-21,7,30,non-restrictive,The girl will grab the dice,1,15,2,1.162,0.0402,517.1,elsewhere,False,False,,,,,,,,,,,True,0,dice,elsewhere
subject-21,8,0,non-restrictive,The boy will move the cake,3,17,3,0.8964,0.0466,484.2,pos3,True,True,,,,,,,,,,,True,0,cake,cake
subject-21,9,21,restrictive,The woman will water the flower,4,15,5,0.1449,0.0136,383.5,subject,False,False,,,,,,,,,,,True,0,flower,subject
subject-21,10,10,non-restrictive,The man will wipe the washing machine,1,14,4,0.9677,0.0131,534.1,subject,False,False,,,,,,,,,,,True,1,washing-machine,subject
subject-21,11,49,restrictive,The man will lick the stamp,4,14,2,1.157,0.0335,544.9,subject,False,False,,,,,,,,,,,True,0,stamp,subject
subject-21,12,4,non-restrictive,The boy will throw the ball,3,15,4,0.8551,0.0464,415.7,pos1,False,True,,,,,,,,,,,True,0,ball,acorns
subject-21,13,18,non-restrictive,The boy will touch the football,1,17,5,0.1464,0.0335,486.2,elsewhere,False,False,,,,,,,,,,,True,0,football,elsewhere
subject-21,14,3,restrictive,The woman will bathe the baby,2,9,2,1.3668,0.0335,737.8,pos1,False,True,,,,,,,,,,,True,0,baby,rocking-horse
subject-21,15,39,restrictive,The boy will tie the shoelace,2,13,2,0.6986,0.0468,604.4,pos2,True,True,,,,,,,,,,,True,0,shoelace,shoelace
subject-21,16,6,non-restrictive,The housewife will  wash the mushrooms,1,11,1,1.1253,0.0538,649.5,elsewhere,False,False,,,,,,,,,,,True,0,mushrooms,elsewhere
subject-21,17,19,restrictive,The chef will slice the bread,2,14,1,0.9683,0.0403,637.1,pos2,True,True,,,,,,,,,,,True,0,bread,bread
subject-21,18,41,restrictive,The boy will squeeze the orange,4,12,1,1.1361,0.0334,579.3,pos4,True,True,,,,,,,,,,,True,0,orange,orange
subject-21,19,40,non-restrictive,The girl will hold the blouse,3,13,3,0.8917,0.0334,575.1,pos1,False,True,,,,,,,,,,,True,0,blouse,toothbrish
subject-21,20,13,restrictive,The man will smoke the cigarettes,4,15,3,0.8209,0.0468,359.0,elsewhere,False,False,,,,,,,,,,,True,0,cigarettes,elsewhere
subject-21,21,33,restrictive,The boy will unzip the suitcase,4,14,1,1.1886,0.0535,621.2,pos4,True,True,,,,,,,,,,,True,0,suitcase,suitcase
subject-21,22,37,restrictive,The boy will peel the banana,4,13,5,0.6634,0.0132,124.1,elsewhere,False,False,,,,,,,,,,,True,0,banana,elsewhere
subject-21,23,23,restrictive,The girl will knit the scarf,2,12,6,0.4057,0.0337,342.7,elsewhere,False,False,,,,,,,,,,,True,1,scarf,elsewhere
subject-21,24,28,non-restrictive,The cat will push the milk,3,16,6,0.0668,0.0199,1970.8,elsewhere,False,False,,,,,,,,,,,True,0,milk,elsewhere
subject-21,25,43,restrictive,The man will lock the safe,2,15,4,0.052,0.0402,621.0,elsewhere,False,False,0.0,,0.0,,1.0,,0.0,,0.0,,False,0,safe,elsewhere
subject-21,26,20,non-restrictive,The baby will grab the kitten,3,13,2,0.5218,0.0468,341.5,subject,False,False,0.0,,0.0,,0.0,,1.0,,0.0,,False,1,kitten,subject
subject-21,27,27,restrictive,The boy will dim the lamp,2,11,1,0.756,0.0603,638.2,elsewhere,False,False,,,,,,,,,,,True,0,lamp,elsewhere
subject-21,28,9,restrictive,The woman will read the book,4,12,2,0.8846,0.0536,634.2,pos3,False,True,,,,,,,,,,,True,0,book,bag
subject-21,29,15,restrictive,The businessman will wear the hat,2,14,1,0.8168,0.0403,576.4,pos2,True,True,,,,,,,,,,,True,0,hat,hat
subject-21,30,24,non-restrictive,The girl will lift the rabbit,3,12,1,1.1659,0.0468,521.3,pos3,True,True,,,,,,,,,,,True,0,rabbit,rabbit
subject-21,31,14,non-restrictive,The boy will feed the dog,1,12,2,0.8861,0.0405,653.5,pos2,False,True,,,,,,,,,,,True,0,dog,bird
subject-21,32,26,non-restrictive,The woman will blow grab the candle,1,9,3,1.1199,0.0535,469.2,pos3,False,True,,,,,,,,,,,True,0,candle,coin
subject-21,33,38,non-restrictive,The woman will carry the apron,1,13,3,0.7666,0.0335,492.5,elsewhere,False,False,,,,,,,,,,,True,0,apron,elsewhere
subject-21,34,42,non-restrictive,The woman will wash the shirt,1,10,2,0.2089,0.0535,460.2,elsewhere,False,False,,,,,,,,,,,True,0,shirt,elsewhere
subject-21,35,25,restrictive,The man will paint the canvas,4,21,4,0.8163,0.0203,661.5,elsewhere,False,False,,,,,,,,,,,True,0,canvas,elsewhere
subject-21,36,22,non-restrictive,The girl will hang the coat,1,14,5,0.4979,0.0334,645.1,pos2,False,True,,,,,,,,,,,True,0,coat,hook
subject-21,37,31,restrictive,The woman will open the bottle,2,16,5,0.3449,0.0401,645.4,elsewhere,False,False,0.0,0.0,1.0,1.0,0.0,0.0,0.0,0.0,1.0,1.0,False,2,bottle,elsewhere
subject-21,38,7,restrictive,The doctor will inject the child,2,14,2,0.325,0.04,582.2,pos1,False,True,1.0,,0.0,,0.0,,0.0,,0.0,,False,0,child,microscope
subject-21,39,17,restrictive,The man will chop the wood,4,12,3,0.5404,0.0538,529.5,elsewhere,False,False,,,,,,,,,,,True,0,wood,elsewhere
subject-21,40,8,non-restrictive,The woman will dust the piano,3,13,4,0.8933,0.0336,403.7,subject,False,False,,,,,,,,,,,True,0,piano,subject
subject-21,41,45,restrictive,The chef will grate the carrot,4,13,3,0.606,0.0464,654.1,pos4,True,True,,,,,,,,,,,True,0,carrot,carrot
subject-21,42,34,non-restrictive,The boy will move the radio,1,12,3,0.003,0.02,211.8,elsewhere,False,False,,,,,,,,,,,True,0,radio,elsewhere
subject-21,43,44,non-restrictive,The baker will inspect the dough,3,12,3,0.6946,0.0535,449.6,elsewhere,False,False,,,,,,,,,,,True,1,dough,elsewhere
subject-21,44,47,restrictive,The girl will vacuum the carpet,2,15,5,0.7036,0.0333,384.8,subject,False,False,,,,,,,,,,,True,1,carpet,subject
subject-21,45,48,non-restrictive,The child will carry the balloon,3,21,7,0.0226,0.0266,139.7,elsewhere,False,False,0.4129,0.0,0.5871,1.0,0.0,0.0,0.0,0.0,0.0,0.0,False,1,balloon,elsewhere
subject-21,46,5,restrictive,The hiker will climb the mountain,4,14,6,0.2616,0.0532,600.3,pos3,False,True,0.0,0.0,0.0,0.0,1.0,1.0,0.0,0.0,0.0,0.0,False,1,mountain,moon
subject-21,47,35,restrictive,The girl will apply the mascara,2,14,1,1.2102,0.0471,712.2,pos2,True,True,,,,,,,,,,,True,0,mascara,mascara
subject-21,48,32,non-restrictive,The woman will carry the beer,3,13,2,0.0911,0.0469,538.5,elsewhere,False,False,,,,,,,,,,,True,0,beer,elsewhere
subject-21,49,12,non-restrictive,The man will watch the boat,3,15,5,0.829,0.0336,594.4,pos1,False,True,,,,,,,,,,,True,0,boat,sun
subject-22,0,45,non-restrictive,The chef will carry the carrot,1,13,1,1.4381,0.0537,309.7,elsewhere,False,False,,,,,,,,,,,True,0,carrot,elsewhere
subject-22,1,7,non-restrictive,The doctor will check the child,3,10,4,0.1287,0.0605,340.4,pos2,False,True,0.0,,1.0,,0.0,,0.0,,0.0,,False,2,child,microscope
subject-22,2,29,non-restrictive,The grandmother will eadturn the newspaper,1,9,1,1.2398,0.067,266.2,elsewhere,False,False,,,,,,,,,,,True,0,newspaper,elsewhere
subject-22,3,38,restrictive,The woman will tie the apron,2,13,2,1.1226,0.06,234.3,pos2,True,True,,,,,,,,,,,True,0,apron,apron
subject-22,4,6,restrictive,The housewife will fry the mushrooms,2,7,2,1.1705,0.0534,301.0,pos3,False,True,,,,,,,,,,,True,0,mushrooms,knife
subject-22,5,49,non-restrictive,The man will pick up the stamp,1,16,2,1.4057,0.0536,299.1,pos2,False,True,,,,,,,,,,,True,0,stamp,envelope
subject-22,6,5,non-restrictive,The hiker will photograph the mountain,1,11,2,1.3939,0.0603,307.4,pos2,False,True,,,,,,,,,,,True,0,mountain,animal
subject-22,7,31,non-restrictive,The woman will examine the bottle,3,12,3,1.4931,0.06,289.8,pos2,False,True,,,,,,,,,,,True,0,bottle,seed
subject-22,8,20,restrictive,The baby will hug the kitten,4,9,2,0.6103,0.0134,191.0,subject,False,False,,,,,,,,,,,True,0,kitten,subject
subject-22,9,25,non-restrictive,The man will move the canvas,1,17,7,0.0236,0.0469,244.1,elsewhere,False,False,,,,,,,,,,,True,0,canvas,elsewhere
subject-22,10,47,non-restrictive,The girl will move the carpet,3,11,4,0.8224,0.0537,274.4,pos1,False,True,,,,,,,,,,,True,0,carpet,roller
subject-22,11,44,restrictive,The baker will knead the dough,4,7,2,1.1552,0.0134,217.5,subject,False,False,,,,,,,,,,,True,0,dough,subject
subject-22,12,0,restrictive,The boy will eat the cake,4,9,1,0.5408,0.0535,274.5,elsewhere,False,False,,,,,,,,,,,True,0,cake,elsewhere
subject-22,13,37,non-restrictive,The boy will move the banana,1,10,2,1.0906,0.0471,218.8,elsewhere,False,False,,,,,,,,,,,True,0,banana,elsewhere
subject-22,14,26,restrictive,The woman will blow out the candle,2,13,4,1.294,0.0536,285.3,pos1,False,True,,,,,,,,,,,True,0,candle,coaster
subject-22,15,21,non-restrictive,The woman will move the flower,1,11,1,1.0473,0.0602,284.8,elsewhere,False,False,,,,,,,,,,,True,0,flower,elsewhere
subject-22,16,18,restrictive,The boy will kick the football,2,9,0,,,,,,,,,,,,,,,,,True,0,football,
subject-22,17,39,non-restrictive,The boy will move the shoelace,3,12,4,0.0667,0.0336,260.3,subject,False,False,,,,,,,,,,,True,0,shoelace,subject
subject-22,19,1,non-restrictive,The woman will try the wine,1,11,2,1.2011,0.067,277.4,pos2,False,True,,,,,,,,,,,True,0,wine,cheese
subject-22,20,36,restrictive,The kid will build the lego,4,16,1,0.8633,0.0675,301.3,pos4,True,True,,,,,,,,,,,True,0,lego,lego
subject-22,21,22,restrictive,The girl will zip the coat,2,14,2,0.791,0.0469,356.6,pos2,True,True,,,,,,,,,,,True,0,coat,coat
subject-22,22,15,non-restrictive,The businessman will  forget the hat,3,11,3,1.1438,0.0538,283.5,pos1,False,True,,,,,,,,,,,True,0,hat,magnifying-glass
subject-22,23,16,restrictive,The woman will wear the dress,4,15,2,0.7121,0.0535,315.0,pos2,False,True,,,,,,,,,,,True,0,dress,backpack
subject-22,24,17,non-restrictive,The man will  move the wood,1,15,4,0.733,0.0739,329.2,elsewhere,False,False,,,,,,,,,,,True,0,wood,elsewhere
subject-22,25,14,restrictive,The boy will walk the dog,2,3,1,1.0259,0.0468,254.4,pos2,True,True,,,,,,,,,,,True,0,dog,dog
subject-22,26,23,non-restrictive,The girl will hold the scarf,3,10,2,0.2637,0.0134,183.8,elsewhere,False,False,,,,,,,,,,,True,1,scarf,elsewhere
subject-22,27,33,non-restrictive,The boy will open the suitcase,1,11,3,0.9198,0.0536,292.7,elsewhere,False,False,,,,,,,,,,,True,0,suitcase,elsewhere
subject-22,28,30,restrictive,The girl will roll the dice,2,5,1,0.6835,0.0604,327.2,pos2,True,True,,,,,,,,,,,True,0,dice,dice
subject-22,29,24,restrictive,The girl will groom the rabbit,4,11,1,1.2145,0.0536,304.8,elsewhere,False,False,,,,,,,,,,,True,0,rabbit,elsewhere
subject-22,30,10,restrictive,The man will repair the washing machine,2,11,1,1.4081,0.0602,355.0,pos2,True,True,,,,,,,,,,,True,0,washing-machine,washing-machine
subject-22,31,19,non-restrictive,The chef will clean the bread,3,7,2,1.0711,0.0333,351.1,elsewhere,False,False,,,,,,,,,,,True,0,bread,elsewhere
subject-22,32,12,restrictive,The man will sail the boat,4,6,1,0.9543,0.0533,246.2,pos4,True,True,,,,,,,,,,,True,0,boat,boat
subject-22,33,40,restrictive,The girl will button the blouse,4,9,1,0.8991,0.0536,261.2,pos4,True,True,,,,,,,,,,,True,0,blouse,blouse
subject-22,34,3,non-restrictive,The woman will touch the baby,3,13,1,1.0545,0.0601,309.9,elsewhere,False,False,,,,,,,,,,,True,0,baby,elsewhere
subject-22,35,46,restrictive,The musician will tune the violin,2,11,4,0.2776,0.0132,204.6,elsewhere,False,False,,,,,,,,,,,True,0,violin,elsewhere
subject-22,36,8,restrictive,The woman will play the piano,4,13,3,1.1287,0.1072,494.5,pos1,False,True,,,,,,,,,,,True,0,piano,table
subject-22,37,27,non-restrictive,The boy will touch the lamp,3,8,1,1.0333,0.0737,306.0,pos3,True,True,,,,,,,,,,,True,0,lamp,lamp
subject-22,38,9,non-restrictive,The woman will open the book,1,11,0,,,,,,,,,,,,,,,,,True,0,book,
subject-22,39,42,restrictive,The woman will sew the shirt,2,7,1,0.9591,0.0601,436.3,pos2,True,True,,,,,,,,,,,True,0,shirt,shirt
subject-22,40,2,restrictive,The policeman will arrest the man,2,9,1,1.2385,0.04,338.7,pos2,True,True,,,,,,,,,,,True,0,man,man
subject-22,41,13,non-restrictive,The man will  collect the cigarettes,1,9,3,0.5274,0.0537,253.8,pos1,True,True,1.0,1.0,0.0,0.0,0.0,0.0,0.0,0.0,1.0,1.0,False,1,cigarettes,cigarettes
subject-22,42,48,restrictive,The child will inflate the balloon,4,7,0,,,,,,,,,,,,,,,,,True,0,balloon,
subject-22,43,11,non-restrictive,The baby will kick the bell,3,15,2,0.8318,0.0469,358.6,pos2,False,True,,,,,,,,,,,True,0,bell,bricks
subject-22,44,41,non-restrictive,The boy will move the orange,1,10,0,,,,,,,,,,,,,,,,,True,0,orange,
subject-22,45,43,non-restrictive,The man will wipe the safe,3,15,4,0.7885,0.0472,286.9,pos1,False,True,,,,,,,,,,,True,0,safe,bolt
subject-22,46,4,restrictive,The boy will bounce the ball,4,9,3,1.0249,0.0467,327.5,pos2,False,True,,,,,,,,,,,True,0,ball,acorns
subject-22,47,35,non-restrictive,The girl will squeeze the mascara,3,12,5,0.5645,0.0337,317.3,elsewhere,False,False,0.0,,1.0,,0.0,,0.0,,0.0,,False,1,mascara,elsewhere
subject-22,48,28,restrictive,The cat will drink the milk,4,11,3,0.6261,0.0535,186.5,pos4,True,True,,,,,,,,,,,True,0,milk,milk
subject-22,49,32,restrictive,The woman will brew the beer,4,6,1,0.9866,0.0537,305.3,elsewhere,False,False,,,,,,,,,,,True,0,beer,elsewhere
subject-23,0,24,non-restrictive,The girl will lift the rabbit,4,8,1,0.5504,0.0198,206.6,elsewhere,False,False,,,,,,,,,,,True,1,rabbit,elsewhere
subject-23,1,3,restrictive,The woman will bathe the baby,3,7,2,0.275,0.0201,533.6,elsewhere,False,False,,,,,,,,,,,True,1,baby,elsewhere
subject-23,2,6,non-restrictive,The housewife will  wash the mushrooms,2,17,4,0.0466,0.0338,412.8,subject,False,False,,,,,,,,,,,True,0,mushrooms,subject
subject-23,3,44,non-restrictive,The baker will inspect the dough,4,12,7,0.0245,0.0537,421.1,elsewhere,False,False,,,,,,,,,,,True,1,dough,elsewhere
subject-23,4,9,restrictive,The woman will read the book,1,8,2,0.9714,0.0536,546.4,pos2,False,True,,,,,,,,,,,True,0,book,door
subject-23,5,11,restrictive,The baby will ring the bell,3,16,3,0.1592,0.0134,204.8,elsewhere,False,False,,,,,,,,,,,True,1,bell,elsewhere
subject-23,6,18,non-restrictive,The boy will touch the football,2,8,0,,,,,,,,,,,,,,,,,True,0,football,
subject-23,7,42,non-restrictive,The woman will wash the shirt,2,12,2,0.4034,0.0134,489.5,elsewhere,False,False,0.0,,1.0,,0.0,,0.0,,1.0,,False,1,shirt,elsewhere
subject-23,8,23,restrictive,The girl will knit the scarf,3,12,2,0.2855,0.0201,377.5,pos3,True,True,0.0,0.0,0.0,0.0,1.0,1.0,0.0,0.0,1.0,1.0,False,1,scarf,scarf
subject-23,9,46,non-restrictive,The musician will move the violin,2,16,4,0.2326,0.0132,279.7,elsewhere,False,False,,,,,,,,,,,True,0,violin,elsewhere
subject-23,10,26,non-restrictive,The woman will blow grab the candle,2,16,3,0.2894,0.0669,569.9,elsewhere,False,False,0.0,,1.0,,0.0,,0.0,,1.0,,False,0,candle,elsewhere
subject-23,11,7,restrictive,The doctor will inject the child,3,15,3,0.305,0.0333,657.2,subject,False,False,0.0,,1.0,,0.0,,0.0,,0.0,,False,0,child,subject
subject-23,12,41,restrictive,The boy will squeeze the orange,1,17,4,0.0173,0.0673,435.0,elsewhere,False,False,0.0,,0.0,,1.0,,0.0,,0.0,,False,1,orange,elsewhere
subject-23,13,47,restrictive,The girl will vacuum the carpet,3,13,4,0.8176,0.0197,265.0,elsewhere,False,False,,,,,,,,,,,True,0,carpet,elsewhere
subject-23,14,10,non-restrictive,The man will wipe the washing machine,2,13,2,1.0615,0.0334,317.3,pos3,False,True,0.0,0.0,0.782,0.0,0.218,1.0,0.0,0.0,0.782,0.0,False,1,washing-machine,mirror
subject-23,15,34,non-restrictive,The boy will move the radio,2,8,4,0.4857,0.0469,367.2,elsewhere,False,False,1.0,,0.0,,0.0,,0.0,,0.0,,False,1,radio,elsewhere
subject-23,16,29,restrictive,The grandmother will read the newspaper,1,7,2,0.5547,0.0133,327.9,elsewhere,False,False,,,,,,,,,,,True,0,newspaper,elsewhere
subject-23,17,49,restrictive,The man will lick the stamp,1,6,3,0.3667,0.0537,730.8,pos1,True,True,1.0,1.0,0.0,0.0,0.0,0.0,0.0,0.0,1.0,1.0,False,1,stamp,stamp
subject-23,18,33,restrictive,The boy will unzip the suitcase,1,14,6,0.2041,0.0531,1012.4,elsewhere,False,False,0.0,0.0,1.0,1.0,0.0,0.0,0.0,0.0,0.0,0.0,False,1,suitcase,elsewhere
subject-23,19,21,restrictive,The woman will water the flower,1,10,2,1.1296,0.0469,350.8,elsewhere,False,False,0.0,,0.0,,1.0,,0.0,,0.0,,False,0,flower,elsewhere
subject-23,20,22,non-restrictive,The girl will hang the coat,2,17,3,0.4843,0.0134,238.9,elsewhere,False,False,,,,,,,,,,,True,1,coat,elsewhere
subject-23,21,1,restrictive,The woman will drink the wine,1,17,4,0.4709,0.0134,320.1,elsewhere,False,False,0.0,,0.6061,,0.3939,,0.0,,0.0,,False,1,wine,elsewhere
subject-23,22,16,non-restrictive,The woman will  carry the dress,4,10,4,1.0347,0.0335,229.4,elsewhere,False,False,,,,,,,,,,,True,0,dress,elsewhere
subject-23,23,45,restrictive,The chef will grate the carrot,1,17,3,0.6327,0.0465,648.2,subject,False,False,,,,,,,,,,,True,0,carrot,subject
subject-23,24,25,restrictive,The man will paint the canvas,1,16,4,0.6557,0.033,313.8,subject,False,False,0.0,,0.0,,1.0,,0.0,,0.0,,False,0,canvas,subject
subject-23,25,32,non-restrictive,The woman will carry the beer,4,11,4,0.3189,0.0135,308.1,pos2,False,True,0.0,,1.0,,0.0,,0.0,,0.0,,False,0,beer,biscuit
subject-23,26,20,non-restrictive,The baby will grab the kitten,4,13,3,1.0377,0.0466,385.5,elsewhere,False,False,,,,,,,,,,,True,0,kitten,elsewhere
subject-23,27,4,non-restrictive,The boy will throw the ball,4,10,4,0.4731,0.027,297.9,pos2,False,True,0.7071,0.0,0.2929,1.0,0.0,0.0,0.0,0.0,0.0,0.0,False,1,ball,acorns
subject-23,28,13,restrictive,The man will smoke the cigarettes,1,15,3,0.8006,0.0403,472.9,elsewhere,False,False,,,,,,,,,,,True,0,cigarettes,elsewhere
subject-23,29,5,restrictive,The hiker will climb the mountain,1,17,5,0.2615,0.0201,451.8,elsewhere,False,False,,,,,,,,,,,True,1,mountain,elsewhere
subject-23,30,15,restrictive,The businessman will wear the hat,3,16,4,0.435,0.0133,281.6,elsewhere,False,False,0.0,,0.0,,0.0,,1.0,,0.0,,False,2,hat,elsewhere
subject-23,31,48,non-restrictive,The child will carry the balloon,4,15,6,0.1564,0.027,373.1,pos2,False,True,0.3819,,0.6181,,0.0,,0.0,,0.0,,False,1,balloon,flag
subject-23,32,28,non-restrictive,The cat will push the milk,4,13,4,0.047,0.0133,286.2,elsewhere,False,False,,,,,,,,,,,True,0,milk,elsewhere
subject-23,33,37,restrictive,The boy will peel the banana,1,16,5,0.4284,0.0132,583.5,subject,False,False,,,,,,,,,,,True,1,banana,subject
subject-23,34,8,non-restrictive,The woman will dust the piano,4,17,4,0.6519,0.0203,654.4,subject,False,False,,,,,,,,,,,True,0,piano,subject
subject-23,35,39,restrictive,The boy will tie the shoelace,3,10,1,1.5489,0.0336,261.8,elsewhere,False,False,,,,,,,,,,,True,0,shoelace,elsewhere
subject-23,36,19,restrictive,The chef will slice the bread,3,14,3,0.3387,0.0402,777.4,elsewhere,False,False,0.0,,1.0,,0.0,,0.0,,0.0,,False,1,bread,elsewhere
subject-23,37,17,restrictive,The man will chop the wood,1,16,2,0.3062,0.0336,476.5,elsewhere,False,False,,,,,,,,,,,True,1,wood,elsewhere
subject-23,38,27,restrictive,The boy will dim the lamp,3,11,3,0.7091,0.0336,508.5,pos2,False,True,,,,,,,,,,,True,0,lamp,picture
subject-23,39,12,non-restrictive,The man will watch the boat,4,10,3,0.2125,0.02,415.2,elsewhere,False,False,,,,,,,,,,,True,0,boat,elsewhere
subject-23,40,38,non-restrictive,The woman will carry the apron,2,19,6,0.4184,0.0469,257.3,pos4,False,True,0.0,0.0,0.0,0.0,0.3632,0.0,0.6368,1.0,0.0,0.0,False,2,apron,broom
subject-23,41,30,non-restrictive,The girl will grab the dice,2,10,2,0.5454,0.0403,400.5,subject,False,False,0.0,,0.0,,0.0,,1.0,,0.0,,False,1,dice,subject
subject-23,42,31,restrictive,The woman will open the bottle,3,9,5,0.2179,0.0267,335.3,subject,False,False,,,,,,,,,,,True,0,bottle,subject
subject-23,43,35,restrictive,The girl will apply the mascara,3,15,5,0.1521,0.0804,437.0,subject,False,False,0.0,,1.0,,0.0,,0.0,,0.0,,False,0,mascara,subject
subject-23,44,36,non-restrictive,The kid will stack the lego,4,14,4,0.4451,0.0335,859.3,elsewhere,False,False,,,,,,,,,,,True,2,lego,elsewhere
subject-23,45,2,non-restrictive,The policeman will search the man,2,14,0,,,,,,,,,,,,,,,,,True,0,man,
subject-23,46,14,non-restrictive,The boy will feed the dog,2,13,5,0.2496,0.0335,287.7,pos3,False,True,0.0,0.0,0.0,0.0,1.0,1.0,0.0,0.0,0.0,0.0,False,1,dog,bird
subject-23,47,40,non-restrictive,The girl will hold the blouse,4,14,3,0.3026,0.0336,405.4,elsewhere,False,False,,,,,,,,,,,True,1,blouse,elsewhere
subject-23,48,43,restrictive,The man will lock the safe,3,9,3,0.1121,0.0536,304.5,subject,False,False,,,,,,,,,,,True,1,safe,subject
subject-23,49,0,non-restrictive,The boy will move the cake,4,17,7,0.2402,0.0469,332.6,elsewhere,False,False,,,,,,,,,,,True,2,cake,elsewhere
subject-3,0,6,non-restrictive,The housewife will  wash the mushrooms,4,8,0,,,,,,,,,,,,,,,,,True,0,mushrooms,
subject-3,1,36,non-restrictive,The kid will stack the lego,2,6,1,1.1016,0.0602,376.9,pos2,True,True,,,,,,,,,,,True,0,lego,lego
subject-3,2,10,non-restrictive,The man will wipe the washing machine,4,7,2,0.0566,0.0134,297.0,subject,False,False,,,,,,,,,,,True,0,washing-machine,subject
subject-3,3,35,restrictive,The girl will apply the mascara,1,6,1,1.4654,0.0469,180.9,pos1,True,True,,,,,,,,,,,True,0,mascara,mascara
subject-3,4,41,restrictive,The boy will squeeze the orange,3,7,0,,,,,,,,,,,,,,,,,True,0,orange,
subject-3,5,30,non-restrictive,The girl will grab the dice,4,13,1,1.028,0.0538,278.2,elsewhere,False,False,,,,,,,,,,,True,0,dice,elsewhere
subject-3,6,44,non-restrictive,The baker will inspect the dough,2,6,1,1.2835,0.0671,378.4,pos2,True,True,,,,,,,,,,,True,0,dough,dough
subject-3,7,21,restrictive,The woman will water the flower,3,10,2,0.5202,0.0535,899.8,pos3,True,True,0.0,0.0,0.0,0.0,1.0,1.0,0.0,0.0,1.0,1.0,False,1,flower,flower
subject-3,8,8,non-restrictive,The woman will dust the piano,2,6,2,1.1538,0.0604,295.8,pos2,True,True,,,,,,,,,,,True,0,piano,piano
subject-3,9,17,restrictive,The man will chop the wood,3,5,2,0.9427,0.0671,270.1,pos3,True,True,,,,,,,,,,,True,0,wood,wood
subject-3,10,9,restrictive,The woman will read the book,3,7,1,0.7639,0.04,376.2,elsewhere,False,False,,,,,,,,,,,True,0,book,elsewhere
subject-3,11,15,restrictive,The businessman will wear the hat,1,6,1,0.7968,0.0603,268.8,pos1,True,True,,,,,,,,,,,True,0,hat,hat
subject-3,12,20,non-restrictive,The baby will grab the kitten,2,6,1,1.1386,0.0535,433.7,pos2,True,True,,,,,,,,,,,True,0,kitten,kitten
subject-3,13,0,non-restrictive,The boy will move the cake,2,8,2,0.7895,0.0737,288.1,pos3,False,True,,,,,,,,,,,True,0,cake,toy-car
subject-3,14,40,non-restrictive,The girl will hold the blouse,2,7,2,0.8383,0.0539,261.9,pos1,False,True,,,,,,,,,,,True,0,blouse,iron
subject-3,15,34,non-restrictive,The boy will move the radio,4,6,1,1.1418,0.0402,239.4,elsewhere,False,False,,,,,,,,,,,True,0,radio,elsewhere
subject-3,16,24,non-restrictive,The girl will lift the rabbit,2,5,1,1.206,0.0536,461.3,pos2,True,True,,,,,,,,,,,True,0,rabbit,rabbit
subject-3,17,14,non-restrictive,The boy will feed the dog,4,9,3,0.243,0.0133,108.9,elsewhere,False,False,,,,,,,,,,,True,1,dog,elsewhere
subject-3,18,43,restrictive,The man will lock the safe,1,8,1,0.6013,0.0533,263.8,pos1,True,True,,,,,,,,,,,True,0,safe,safe
subject-3,19,26,non-restrictive,The woman will blow grab the candle,4,6,1,1.2,0.074,265.6,elsewhere,False,False,,,,,,,,,,,True,0,candle,elsewhere
subject-3,20,11,restrictive,The baby will ring the bell,1,5,1,0.501,0.0602,259.0,pos1,True,True,,,,,,,,,,,True,0,bell,bell
subject-3,21,4,non-restrictive,The boy will throw the ball,2,6,1,1.4977,0.0608,322.5,pos2,True,True,,,,,,,,,,,True,0,ball,ball
subject-3,22,33,restrictive,The boy will unzip the suitcase,3,3,1,0.646,0.0405,288.8,elsewhere,False,False,0.0,,0.0,,1.0,,0.0,,1.0,,False,1,suitcase,elsewhere
subject-3,23,48,non-restrictive,The child will carry the balloon,2,8,2,0.9335,0.0667,258.7,pos1,False,True,,,,,,,,,,,True,0,balloon,pouch
subject-3,24,47,restrictive,The girl will vacuum the carpet,1,10,2,1.092,0.047,280.5,pos4,False,True,,,,,,,,,,,True,0,carpet,footstool
subject-3,25,2,non-restrictive,The policeman will search the man,4,8,1,1.1586,0.047,276.6,pos4,True,True,,,,,,,,,,,True,0,man,man
subject-3,26,45,restrictive,The chef will grate the carrot,3,9,2,0.653,0.0402,554.6,pos2,False,True,,,,,,,,,,,True,0,carrot,pot
subject-3,27,31,restrictive,The woman will open the bottle,1,7,1,1.4301,0.0804,233.8,elsewhere,False,False,,,,,,,,,,,True,0,bottle,elsewhere
subject-3,28,12,non-restrictive,The man will watch the boat,2,7,2,1.1101,0.067,293.9,elsewhere,False,False,,,,,,,,,,,True,0,boat,elsewhere
subject-3,29,19,restrictive,The chef will slice the bread,1,9,1,1.1563,0.0598,284.0,pos1,True,True,,,,,,,,,,,True,0,bread,bread
subject-3,30,49,restrictive,The man will lick the stamp,3,6,1,0.9027,0.0803,438.4,elsewhere,False,False,,,,,,,,,,,True,0,stamp,elsewhere
subject-3,31,42,non-restrictive,The woman will wash the shirt,4,7,1,1.0257,0.0541,239.2,pos4,True,True,,,,,,,,,,,True,0,shirt,shirt
subject-3,32,25,restrictive,The man will paint the canvas,3,3,1,0.9436,0.0669,498.7,pos3,True,True,,,,,,,,,,,True,0,canvas,canvas
subject-3,33,32,non-restrictive,The woman will carry the beer,2,4,1,1.4174,0.0669,390.5,elsewhere,False,False,,,,,,,,,,,True,0,beer,elsewhere
subject-3,34,7,restrictive,The doctor will inject the child,1,7,0,,,,,,,,,,,,,,,,,True,0,child,
subject-3,35,23,restrictive,The girl will knit the scarf,1,5,1,1.0489,0.0602,213.3,pos1,True,True,,,,,,,,,,,True,0,scarf,scarf
subject-3,36,46,non-restrictive,The musician will move the violin,4,7,2,0.9226,0.0536,231.2,elsewhere,False,False,,,,,,,,,,,True,0,violin,elsewhere
subject-3,37,29,restrictive,The grandmother will read the newspaper,3,6,4,0.0255,0.0402,143.7,elsewhere,False,False,,,,,,,,,,,True,1,newspaper,elsewhere
subject-3,38,38,non-restrictive,The woman will carry the apron,4,3,1,1.2691,0.0734,334.6,elsewhere,False,False,,,,,,,,,,,True,0,apron,elsewhere
subject-3,39,3,restrictive,The woman will bathe the baby,1,2,0,,,,,,,,,,,,,,,,,True,0,baby,
subject-3,40,28,non-restrictive,The cat will push the milk,2,5,2,0.844,0.0535,586.7,pos3,False,True,,,,,,,,,,,True,0,milk,glove
subject-3,41,1,restrictive,The woman will drink the wine,3,4,1,0.9127,0.0608,511.7,pos3,True,True,,,,,,,,,,,True,0,wine,wine
subject-3,42,16,non-restrictive,The woman will  carry the dress,2,5,1,1.3024,0.0605,440.0,pos2,True,True,,,,,,,,,,,True,0,dress,dress
subject-3,43,5,restrictive,The hiker will climb the mountain,3,7,1,0.8172,0.0338,540.8,pos3,True,True,,,,,,,,,,,True,0,mountain,mountain
subject-3,44,13,restrictive,The man will smoke the cigarettes,3,5,1,0.935,0.0671,433.7,pos3,True,True,,,,,,,,,,,True,0,cigarettes,cigarettes
subject-3,45,27,restrictive,The boy will dim the lamp,1,4,1,1.1646,0.0735,275.9,elsewhere,False,False,,,,,,,,,,,True,0,lamp,elsewhere
subject-3,46,18,non-restrictive,The boy will touch the football,4,5,1,1.1781,0.0669,289.3,elsewhere,False,False,,,,,,,,,,,True,0,football,elsewhere
subject-3,47,37,restrictive,The boy will peel the banana,3,4,2,0.1072,0.0537,305.2,elsewhere,False,False,,,,,,,,,,,True,0,banana,elsewhere
subject-3,48,39,restrictive,The boy will tie the shoelace,1,5,3,0.6717,0.0471,473.7,subject,False,False,,,,,,,,,,,True,0,shoelace,subject
subject-3,49,22,non-restrictive,The girl will hang the coat,4,8,2,0.6184,0.067,316.7,pos1,False,True,,,,,,,,,,,True,0,coat,hook
subject-4,0,21,non-restrictive,The woman will move the flower,4,10,1,0.7456,0.0403,245.6,pos4,True,True,,,,,,,,,,,True,0,flower,flower
subject-4,1,0,restrictive,The boy will eat the cake,3,12,1,0.2326,0.0202,410.9,pos3,True,True,0.0,0.0,0.0,0.0,0.9505,1.0,0.0495,0.0,0.9505,1.0,False,1,cake,cake
subject-4,2,9,non-restrictive,The woman will open the book,4,10,3,0.0682,0.0267,307.7,subject,False,False,0.3353,,0.0,,0.6647,,0.0,,0.0,,False,1,book,subject
subject-4,3,33,non-restrictive,The boy will open the suitcase,4,12,2,0.8062,0.0401,225.1,elsewhere,False,False,0.0,,0.0,,1.0,,0.0,,0.0,,False,0,suitcase,elsewhere
subject-4,4,25,non-restrictive,The man will move the canvas,4,13,3,0.5722,0.054,312.3,pos1,False,True,,,,,,,,,,,True,0,canvas,keyboard
subject-4,5,4,restrictive,The boy will bounce the ball,3,11,4,0.3081,0.0469,487.1,elsewhere,False,False,0.0,0.0,0.0,0.0,1.0,1.0,0.0,0.0,1.0,1.0,False,1,ball,elsewhere
subject-4,6,5,non-restrictive,The hiker will photograph the mountain,4,9,2,1.3073,0.0403,331.6,pos2,False,True,0.0,,0.0,,1.0,,0.0,,0.0,,False,0,mountain,cactus
subject-4,7,39,non-restrictive,The boy will move the shoelace,2,12,1,1.1322,0.0333,215.1,pos2,True,True,,,,,,,,,,,True,0,shoelace,shoelace
subject-4,8,43,non-restrictive,The man will wipe the safe,2,14,5,0.5472,0.0471,255.9,pos2,True,True,0.0,,0.0,,1.0,,0.0,,0.0,,False,0,safe,safe
subject-4,9,26,restrictive,The woman will blow out the candle,1,9,1,1.0528,0.0402,424.7,elsewhere,False,False,,,,,,,,,,,True,0,candle,elsewhere
subject-4,11,23,non-restrictive,The girl will hold the scarf,2,9,1,0.9733,0.047,235.6,pos2,True,True,,,,,,,,,,,True,0,scarf,scarf
subject-4,12,20,restrictive,The baby will hug the kitten,3,9,2,0.905,0.0134,383.4,elsewhere,False,False,,,,,,,,,,,True,0,kitten,elsewhere
subject-4,13,37,non-restrictive,The boy will move the banana,4,13,5,0.6222,0.0268,178.5,pos3,False,True,,,,,,,,,,,True,0,banana,key
subject-4,14,19,non-restrictive,The chef will clean the bread,2,10,2,0.8831,0.0403,521.3,elsewhere,False,False,,,,,,,,,,,True,0,bread,elsewhere
subject-4,15,7,non-restrictive,The doctor will check the child,2,10,2,0.9594,0.0134,282.8,pos3,False,True,,,,,,,,,,,True,0,child,tv-monitor
subject-4,16,28,restrictive,The cat will drink the milk,3,7,1,0.6863,0.0265,432.4,elsewhere,False,False,,,,,,,,,,,True,0,milk,elsewhere
subject-4,17,35,non-restrictive,The girl will squeeze the mascara,2,10,5,0.538,0.0136,325.3,subject,False,False,,,,,,,,,,,True,1,mascara,subject
subject-4,18,27,non-restrictive,The boy will touch the lamp,2,11,3,0.9864,0.0536,539.8,elsewhere,False,False,,,,,,,,,,,True,0,lamp,elsewhere
subject-4,19,46,restrictive,The musician will tune the violin,1,13,4,0.646,0.0536,358.3,elsewhere,False,False,,,,,,,,,,,True,0,violin,elsewhere
subject-4,20,32,restrictive,The woman will brew the beer,3,9,4,0.0894,0.0536,406.3,elsewhere,False,False,0.0,,0.0,,0.0,,1.0,,0.0,,False,0,beer,elsewhere
subject-4,21,36,restrictive,The kid will build the lego,3,8,1,0.1536,0.0333,593.4,pos3,True,True,0.0,,0.0,,1.0,,0.0,,1.0,,False,0,lego,lego
subject-4,22,22,restrictive,The girl will zip the coat,1,9,2,0.7639,0.0268,171.5,subject,False,False,,,,,,,,,,,True,0,coat,subject
subject-4,23,10,restrictive,The man will repair the washing machine,1,11,3,0.9792,0.0268,351.7,elsewhere,False,False,0.0,0.0,0.134,1.0,0.3846,0.0,0.4814,0.0,0.0,0.0,False,2,washing-machine,elsewhere
subject-4,24,40,restrictive,The girl will button the blouse,3,13,4,0.2159,0.0335,417.6,elsewhere,False,False,0.0,,0.0,,0.0,,1.0,,0.0,,False,0,blouse,elsewhere
subject-4,25,48,restrictive,The child will inflate the balloon,3,6,2,0.7313,0.0136,400.2,subject,False,False,,,,,,,,,,,True,0,balloon,subject
subject-4,26,15,non-restrictive,The businessman will  forget the hat,2,9,2,0.7825,0.0334,392.6,subject,False,False,1.0,,0.0,,0.0,,0.0,,0.0,,False,0,hat,subject
subject-4,27,44,restrictive,The baker will knead the dough,3,12,2,0.9413,0.0604,444.9,pos1,False,True,,,,,,,,,,,True,0,dough,ladle
subject-4,28,8,restrictive,The woman will play the piano,3,10,3,0.0436,0.0267,275.7,subject,False,False,,,,,,,,,,,True,0,piano,subject
subject-4,29,24,restrictive,The girl will groom the rabbit,3,8,1,1.0137,0.0331,316.8,pos3,True,True,,,,,,,,,,,True,0,rabbit,rabbit
subject-4,30,31,non-restrictive,The woman will examine the bottle,2,11,4,0.2807,0.0201,382.4,subject,False,False,0.0,,0.0,,1.0,,0.0,,0.0,,False,1,bottle,subject
subject-4,31,3,non-restrictive,The woman will touch the baby,2,8,1,1.316,0.0535,383.4,pos2,True,True,,,,,,,,,,,True,0,baby,baby
subject-4,32,29,non-restrictive,The grandmother will eadturn the newspaper,4,9,2,0.4225,0.0468,570.0,pos3,False,True,0.0,0.0,0.0,0.0,1.0,1.0,0.0,0.0,0.0,0.0,False,1,newspaper,tissue
subject-4,33,1,non-restrictive,The woman will try the wine,4,10,1,0.8327,0.0403,450.3,elsewhere,False,False,,,,,,,,,,,True,0,wine,elsewhere
subject-4,34,38,restrictive,The woman will tie the apron,1,12,4,0.7137,0.0337,330.0,elsewhere,False,False,,,,,,,,,,,True,0,apron,elsewhere
subject-4,35,17,non-restrictive,The man will  move the wood,4,11,2,0.9543,0.0536,481.4,elsewhere,False,False,,,,,,,,,,,True,0,wood,elsewhere
subject-4,36,11,non-restrictive,The baby will kick the bell,2,10,2,0.9254,0.0467,213.4,elsewhere,False,False,,,,,,,,,,,True,0,bell,elsewhere
subject-4,37,16,restrictive,The woman will wear the dress,3,14,5,0.3905,0.0537,502.8,pos3,True,True,0.0,0.0,0.0,0.0,1.0,1.0,0.0,0.0,1.0,1.0,False,1,dress,dress
subject-4,38,45,non-restrictive,The chef will carry the carrot,4,10,4,0.889,0.047,340.8,pos2,False,True,,,,,,,,,,,True,0,carrot,peeler
subject-4,39,14,restrictive,The boy will walk the dog,1,12,4,0.3358,0.0537,437.7,pos4,False,True,0.0,0.0,0.0,0.0,0.0,0.0,1.0,1.0,0.0,0.0,False,1,dog,hen
subject-4,40,6,restrictive,The housewife will fry the mushrooms,1,18,5,0.0253,0.0333,337.3,subject,False,False,0.0,0.0,0.0,0.0,1.0,1.0,0.0,0.0,0.0,0.0,False,1,mushrooms,subject
subject-4,41,30,restrictive,The girl will roll the dice,1,14,4,0.7106,0.0471,426.4,pos3,False,True,,,,,,,,,,,True,0,dice,watch
subject-4,42,49,non-restrictive,The man will pick up the stamp,4,10,4,1.1375,0.047,477.5,pos2,False,True,,,,,,,,,,,True,0,stamp,rubberband
subject-4,43,18,restrictive,The boy will kick the football,1,9,1,1.0366,0.0666,361.3,pos1,True,True,,,,,,,,,,,True,0,football,football
subject-4,44,12,restrictive,The man will sail the boat,3,9,2,0.7197,0.0535,694.7,pos2,False,True,,,,,,,,,,,True,0,boat,car
subject-4,45,42,restrictive,The woman will sew the shirt,1,11,3,0.5102,0.0334,274.7,pos3,False,True,,,,,,,,,,,True,0,shirt,chalk
subject-4,46,2,restrictive,The policeman will arrest the man,1,11,2,0.4883,0.0933,346.7,elsewhere,False,False,,,,,,,,,,,True,2,man,elsewhere
subject-4,47,41,non-restrictive,The boy will move the orange,4,12,1,0.7369,0.0461,320.3,pos4,True,True,,,,,,,,,,,True,0,orange,orange
subject-4,48,47,non-restrictive,The girl will move the carpet,2,10,2,0.7756,0.0537,378.5,elsewhere,False,False,,,,,,,,,,,True,0,carpet,elsewhere
subject-4,49,13,non-restrictive,The man will  collect the cigarettes,4,12,3,0.9481,0.0335,292.0,pos2,False,True,,,,,,,,,,,True,0,cigarettes,briefcase
subject-5,0,21,restrictive,The woman will water the flower,4,21,5,0.152,0.0334,268.4,pos2,False,True,0.0,0.0,0.9191,0.0,0.0809,1.0,0.0,0.0,0.0,0.0,False,1,flower,vase
subject-5,1,14,non-restrictive,The boy will feed the dog,1,18,6,0.0821,0.0402,210.5,pos3,False,True,0.0,,0.0,,1.0,,0.0,,0.0,,False,0,dog,ball
subject-5,2,17,restrictive,The man will chop the wood,4,14,4,0.3261,0.0471,289.6,pos2,False,True,0.0,0.0,0.92,1.0,0.08,0.0,0.0,0.0,0.0,0.0,False,1,wood,stone
subject-5,3,42,non-restrictive,The woman will wash the shirt,1,14,3,0.1688,0.0532,334.4,pos2,False,True,0.1221,0.5,0.3071,0.0,0.5708,0.5,0.0,0.0,0.1221,0.5,False,2,shirt,apple
subject-5,4,7,restrictive,The doctor will inject the child,2,18,6,0.0503,0.0336,166.6,subject,False,False,0.4134,0.0,0.5866,1.0,0.0,0.0,0.0,0.0,0.5866,1.0,False,1,child,subject
subject-5,5,23,restrictive,The girl will knit the scarf,2,9,2,0.6607,0.0467,294.0,pos4,False,True,,,,,,,,,,,True,0,scarf,needle
subject-5,6,48,non-restrictive,The child will carry the balloon,3,13,5,0.3771,0.0606,309.2,elsewhere,False,False,0.0,0.0,0.0,0.0,0.7443,1.0,0.2557,0.0,0.7443,1.0,False,2,balloon,elsewhere
subject-5,7,20,non-restrictive,The baby will grab the kitten,3,11,2,0.6693,0.0603,359.8,elsewhere,False,False,1.0,,0.0,,0.0,,0.0,,0.0,,False,0,kitten,elsewhere
subject-5,8,5,restrictive,The hiker will climb the mountain,4,9,1,0.4897,0.0132,234.9,elsewhere,False,False,,,,,,,,,,,True,1,mountain,elsewhere
subject-5,9,46,non-restrictive,The musician will move the violin,1,12,3,0.8623,0.0601,297.8,pos3,False,True,,,,,,,,,,,True,0,violin,gum
subject-5,10,29,restrictive,The grandmother will read the newspaper,4,11,1,0.9034,0.0467,232.1,pos4,True,True,,,,,,,,,,,True,0,newspaper,newspaper
subject-5,11,34,non-restrictive,The boy will move the radio,1,7,3,0.894,0.0535,247.5,subject,False,False,,,,,,,,,,,True,0,radio,subject
subject-5,12,40,non-restrictive,The girl will hold the blouse,3,11,1,1.2474,0.0532,233.6,pos3,True,True,,,,,,,,,,,True,0,blouse,blouse
subject-5,13,39,restrictive,The boy will tie the shoelace,2,13,2,1.187,0.0138,93.0,pos2,True,True,,,,,,,,,,,True,0,shoelace,shoelace
subject-5,14,4,non-restrictive,The boy will throw the ball,3,12,1,1.5446,0.0403,231.9,pos2,False,True,,,,,,,,,,,True,0,ball,shuttle-cock
subject-5,15,3,restrictive,The woman will bathe the baby,2,14,1,1.052,0.0872,299.0,elsewhere,False,False,,,,,,,,,,,True,0,baby,elsewhere
subject-5,16,36,non-restrictive,The kid will stack the lego,3,12,5,0.4117,0.047,268.2,elsewhere,False,False,0.77,,0.23,,0.0,,0.0,,0.0,,False,1,lego,elsewhere
subject-5,17,44,non-restrictive,The baker will inspect the dough,3,10,1,1.2972,0.0467,314.6,pos3,True,True,,,,,,,,,,,True,0,dough,dough
subject-5,18,31,restrictive,The woman will open the bottle,2,12,1,0.4992,0.0269,208.0,subject,False,False,,,,,,,,,,,True,1,bottle,subject
subject-5,19,6,non-restrictive,The housewife will  wash the mushrooms,1,13,1,1.9695,0.0402,272.2,subject,False,False,,,,,,,,,,,True,0,mushrooms,subject
subject-5,20,32,non-restrictive,The woman will carry the beer,3,15,2,1.2362,0.0133,66.4,pos3,True,True,,,,,,,,,,,True,0,beer,beer
subject-5,21,18,non-restrictive,The boy will touch the football,1,8,1,1.7275,0.0134,108.1,pos1,True,True,,,,,,,,,,,True,0,football,football
subject-5,22,1,restrictive,The woman will drink the wine,4,11,1,0.3569,0.0538,374.9,pos3,False,True,0.0,0.0,0.0,0.0,1.0,1.0,0.0,0.0,0.0,0.0,False,1,wine,lipstick
subject-5,23,26,non-restrictive,The woman will blow grab the candle,1,9,1,1.763,0.0336,250.8,subject,False,False,,,,,,,,,,,True,0,candle,subject
subject-5,24,45,restrictive,The chef will grate the carrot,4,11,0,,,,,,,,,,,,,,,,,True,0,carrot,
subject-5,25,47,restrictive,The girl will vacuum the carpet,2,16,5,0.8041,0.0602,354.9,elsewhere,False,False,,,,,,,,,,,True,0,carpet,elsewhere
subject-5,26,10,non-restrictive,The man will wipe the washing machine,1,15,4,0.9473,0.0336,246.2,elsewhere,False,False,0.0,,0.0,,1.0,,0.0,,0.0,,False,1,washing-machine,elsewhere
subject-5,27,9,restrictive,The woman will read the book,4,16,3,0.2015,0.0334,273.4,pos2,False,True,0.0,0.0,1.0,1.0,0.0,0.0,0.0,0.0,0.0,0.0,False,1,book,cup
subject-5,28,19,restrictive,The chef will slice the bread,2,7,1,0.8951,0.0668,294.8,pos2,True,True,,,,,,,,,,,True,0,bread,bread
subject-5,29,8,non-restrictive,The woman will dust the piano,3,13,1,0.3238,0.074,222.9,pos1,False,True,1.0,1.0,0.0,0.0,0.0,0.0,0.0,0.0,0.0,0.0,False,1,piano,telephone
subject-5,30,37,restrictive,The boy will peel the banana,4,11,1,1.0249,0.0669,351.2,pos4,True,True,,,,,,,,,,,True,0,banana,banana
subject-5,31,41,restrictive,The boy will squeeze the orange,4,13,1,2.0267,0.04,275.2,subject,False,False,,,,,,,,,,,True,0,orange,subject
subject-5,32,43,restrictive,The man will lock the safe,2,10,1,1.1098,0.0471,366.9,pos2,True,True,,,,,,,,,,,True,0,safe,safe
subject-5,33,13,restrictive,The man will smoke the cigarettes,4,8,2,0.6605,0.0603,299.5,elsewhere,False,False,,,,,,,,,,,True,0,cigarettes,elsewhere
subject-5,34,15,restrictive,The businessman will wear the hat,2,12,2,0.9375,0.0399,228.4,pos2,True,True,,,,,,,,,,,True,0,hat,hat
subject-5,35,38,non-restrictive,The woman will carry the apron,1,10,1,1.2624,0.0666,309.2,elsewhere,False,False,,,,,,,,,,,True,0,apron,elsewhere
subject-5,36,33,restrictive,The boy will unzip the suitcase,4,12,2,1.2157,0.0471,503.3,pos4,True,True,,,,,,,,,,,True,0,suitcase,suitcase
subject-5,37,49,restrictive,The man will lick the stamp,4,9,2,1.1297,0.0137,78.3,pos4,True,True,,,,,,,,,,,True,0,stamp,stamp
subject-5,38,0,non-restrictive,The boy will move the cake,3,9,0,,,,,,,,,,,,,,,,,True,0,cake,
subject-5,39,12,non-restrictive,The man will watch the boat,3,9,1,1.0899,0.0333,197.1,pos3,True,True,,,,,,,,,,,True,0,boat,boat
subject-5,40,28,non-restrictive,The cat will push the milk,3,14,4,0.3417,0.0465,372.3,pos2,False,True,0.0,0.0,1.0,1.0,0.0,0.0,0.0,0.0,0.0,0.0,False,1,milk,sock
subject-5,41,25,restrictive,The man will paint the canvas,4,12,1,0.9703,0.0468,307.9,elsewhere,False,False,,,,,,,,,,,True,0,canvas,elsewhere
subject-5,42,35,restrictive,The girl will apply the mascara,2,9,2,1.177,0.0201,224.7,pos2,True,True,,,,,,,,,,,True,0,mascara,mascara
subject-5,43,2,non-restrictive,The policeman will search the man,1,7,0,,,,,,,,,,,,,,,,,True,0,man,
subject-5,44,30,non-restrictive,The girl will grab the dice,1,15,2,0.9943,0.0537,330.3,elsewhere,False,False,,,,,,,,,,,True,0,dice,elsewhere
subject-5,45,27,restrictive,The boy will dim the lamp,2,12,2,0.8364,0.0602,323.7,pos2,True,True,,,,,,,,,,,True,0,lamp,lamp
subject-5,46,24,non-restrictive,The girl will lift the rabbit,3,12,2,1.0385,0.0604,361.9,pos3,True,True,,,,,,,,,,,True,0,rabbit,rabbit
subject-5,47,11,restrictive,The baby will ring the bell,2,7,0,,,,,,,,,,,,,,,,,True,0,bell,
subject-5,48,22,non-restrictive,The girl will hang the coat,1,14,2,1.0802,0.0405,247.9,pos1,True,True,,,,,,,,,,,True,0,coat,coat
subject-5,49,16,non-restrictive,The woman will  carry the dress,3,13,4,0.1236,0.0466,207.9,subject,False,False,0.0,0.0,1.0,1.0,0.0,0.0,0.0,0.0,0.0,0.0,False,1,dress,subject
subject-6,0,40,restrictive,The girl will button the blouse,4,14,4,1.0864,0.0334,583.9,elsewhere,False,False,,,,,,,,,,,True,0,blouse,elsewhere
subject-6,1,30,restrictive,The girl will roll the dice,2,9,4,0.5431,0.0334,452.7,pos1,False,True,,,,,,,,,,,True,0,dice,headphones
subject-6,2,9,non-restrictive,The woman will open the book,1,10,0,,,,,,,,,,,,,,,,,True,0,book,
subject-6,3,29,non-restrictive,The grandmother will eadturn the newspaper,1,10,3,0.3419,0.0538,574.8,elsewhere,False,False,1.0,,0.0,,0.0,,0.0,,1.0,,False,1,newspaper,elsewhere
subject-6,4,10,restrictive,The man will repair the washing machine,2,11,2,1.0057,0.0335,539.2,elsewhere,False,False,0.0,,1.0,,0.0,,0.0,,1.0,,False,2,washing-machine,elsewhere
subject-6,5,37,non-restrictive,The boy will move the banana,1,3,1,1.5597,0.0202,326.8,elsewhere,False,False,,,,,,,,,,,True,0,banana,elsewhere
subject-6,6,6,restrictive,The housewife will fry the mushrooms,2,11,2,0.8491,0.0335,563.6,subject,False,False,,,,,,,,,,,True,0,mushrooms,subject
subject-6,7,22,restrictive,The girl will zip the coat,2,8,2,0.7171,0.0199,686.8,subject,False,False,,,,,,,,,,,True,0,coat,subject
subject-6,8,49,non-restrictive,The man will pick up the stamp,1,7,2,1.2783,0.0468,455.0,pos3,False,True,,,,,,,,,,,True,0,stamp,rubberband
subject-6,9,11,non-restrictive,The baby will kick the bell,3,10,5,0.423,0.0136,749.5,subject,False,False,,,,,,,,,,,True,1,bell,subject
subject-6,10,33,non-restrictive,The boy will open the suitcase,1,5,1,0.7925,0.0465,456.3,pos1,True,True,,,,,,,,,,,True,0,suitcase,suitcase
subject-6,11,3,non-restrictive,The woman will touch the baby,3,8,1,1.0147,0.0201,374.7,pos3,True,True,,,,,,,,,,,True,0,baby,baby
subject-6,12,41,non-restrictive,The boy will move the orange,1,7,1,1.0648,0.0332,402.6,pos1,True,True,,,,,,,,,,,True,0,orange,orange
subject-6,14,44,restrictive,The baker will knead the dough,4,7,1,1.1756,0.0536,500.5,elsewhere,False,False,,,,,,,,,,,True,0,dough,elsewhere
subject-6,15,35,non-restrictive,The girl will squeeze the mascara,3,15,8,0.3839,0.0136,328.1,subject,False,False,,,,,,,,,,,True,4,mascara,subject
subject-6,16,20,restrictive,The baby will hug the kitten,4,11,6,0.0411,0.0135,294.4,subject,False,False,,,,,,,,,,,True,2,kitten,subject
subject-6,17,1,non-restrictive,The woman will try the wine,1,6,1,1.094,0.0466,455.2,pos1,True,True,,,,,,,,,,,True,0,wine,wine
subject-6,18,47,non-restrictive,The girl will move the carpet,3,6,1,1.1909,0.0268,713.4,pos3,True,True,,,,,,,,,,,True,0,carpet,carpet
subject-6,19,46,restrictive,The musician will tune the violin,2,8,1,1.0948,0.0539,614.0,pos2,True,True,,,,,,,,,,,True,0,violin,violin
subject-6,20,25,non-restrictive,The man will move the canvas,1,10,2,1.4368,0.0469,482.2,pos1,True,True,,,,,,,,,,,True,0,canvas,canvas
subject-6,21,48,restrictive,The child will inflate the balloon,4,8,1,1.0267,0.0399,455.5,elsewhere,False,False,,,,,,,,,,,True,0,balloon,elsewhere
subject-6,22,15,non-restrictive,The businessman will  forget the hat,3,10,4,0.1461,0.0335,357.0,subject,False,False,,,,,,,,,,,True,0,hat,subject
subject-6,23,28,restrictive,The cat will drink the milk,4,9,1,0.8472,0.04,333.8,elsewhere,False,False,,,,,,,,,,,True,0,milk,elsewhere
subject-6,24,42,restrictive,The woman will sew the shirt,2,10,2,0.9659,0.0738,503.1,pos4,False,True,,,,,,,,,,,True,0,shirt,chalk
subject-6,25,4,restrictive,The boy will bounce the ball,4,7,4,1.0382,0.0337,401.0,elsewhere,False,False,,,,,,,,,,,True,0,ball,elsewhere
subject-6,26,8,restrictive,The woman will play the piano,4,5,1,0.8807,0.0399,388.2,elsewhere,False,False,,,,,,,,,,,True,0,piano,elsewhere
subject-6,27,13,non-restrictive,The man will  collect the cigarettes,1,2,1,1.1235,0.0402,607.7,elsewhere,False,False,,,,,,,,,,,True,0,cigarettes,elsewhere
subject-6,28,12,restrictive,The man will sail the boat,4,6,3,1.0927,0.0334,799.2,elsewhere,False,False,,,,,,,,,,,True,0,boat,elsewhere
subject-6,29,0,restrictive,The boy will eat the cake,4,5,1,0.6952,0.0536,559.3,pos4,True,True,,,,,,,,,,,True,0,cake,cake
subject-6,30,45,non-restrictive,The chef will carry the carrot,1,9,2,1.2978,0.0199,445.6,elsewhere,False,False,,,,,,,,,,,True,0,carrot,elsewhere
subject-6,31,19,non-restrictive,The chef will clean the bread,3,7,3,0.1598,0.0469,417.0,elsewhere,False,False,,,,,,,,,,,True,0,bread,elsewhere
subject-6,32,43,non-restrictive,The man will wipe the safe,3,5,2,1.0901,0.02,687.9,subject,False,False,,,,,,,,,,,True,0,safe,subject
subject-6,33,17,non-restrictive,The man will  move the wood,1,7,1,1.1419,0.0335,673.9,pos1,True,True,,,,,,,,,,,True,0,wood,wood
subject-6,34,26,restrictive,The woman will blow out the candle,2,9,1,0.9792,0.0402,521.5,elsewhere,False,False,,,,,,,,,,,True,0,candle,elsewhere
subject-6,35,5,non-restrictive,The hiker will photograph the mountain,1,7,0,,,,,,,1.0,,0.0,,0.0,,0.0,,1.0,,False,0,mountain,
subject-6,36,24,restrictive,The girl will groom the rabbit,4,5,1,0.8258,0.0338,627.7,elsewhere,False,False,,,,,,,,,,,True,0,rabbit,elsewhere
subject-6,37,36,restrictive,The kid will build the lego,4,9,1,1.1784,0.0201,423.5,elsewhere,False,False,,,,,,,,,,,True,0,lego,elsewhere
subject-6,38,16,restrictive,The woman will wear the dress,4,4,1,0.9266,0.0468,431.7,elsewhere,False,False,,,,,,,,,,,True,0,dress,elsewhere
subject-6,39,18,restrictive,The boy will kick the football,2,4,0,,,,,,,,,,,,,,,,,True,0,football,
subject-6,40,14,restrictive,The boy will walk the dog,2,6,2,0.912,0.0135,345.5,elsewhere,False,False,,,,,,,,,,,True,0,dog,elsewhere
subject-6,41,21,non-restrictive,The woman will move the flower,1,4,0,,,,,,,,,,,,,,,,,True,0,flower,
subject-6,42,31,non-restrictive,The woman will examine the bottle,3,4,1,1.3591,0.0399,710.0,elsewhere,False,False,,,,,,,,,,,True,0,bottle,elsewhere
subject-6,43,39,non-restrictive,The boy will move the shoelace,3,6,3,0.7969,0.0134,483.1,elsewhere,False,False,,,,,,,,,,,True,0,shoelace,elsewhere
subject-6,44,23,non-restrictive,The girl will hold the scarf,3,6,2,1.0738,0.0336,700.4,elsewhere,False,False,,,,,,,,,,,True,0,scarf,elsewhere
subject-6,45,32,restrictive,The woman will brew the beer,4,8,3,0.9199,0.0399,677.7,pos3,False,True,,,,,,,,,,,True,0,beer,kettle
subject-6,46,2,restrictive,The policeman will arrest the man,2,12,2,0.8499,0.0201,306.8,elsewhere,False,False,,,,,,,,,,,True,0,man,elsewhere
subject-6,47,27,non-restrictive,The boy will touch the lamp,3,8,2,1.2409,0.0135,273.5,pos4,False,True,,,,,,,,,,,True,0,lamp,switch
subject-6,48,38,restrictive,The woman will tie the apron,2,8,1,0.7608,0.0401,795.1,elsewhere,False,False,,,,,,,,,,,True,0,apron,elsewhere
subject-6,49,7,non-restrictive,The doctor will check the child,3,9,2,0.6983,0.0467,701.6,elsewhere,False,False,,,,,,,,,,,True,0,child,elsewhere
subject-7,0,16,non-restrictive,The woman will  carry the dress,4,14,3,1.2221,0.0336,303.0,elsewhere,False,False,,,,,,,,,,,True,0,dress,elsewhere
subject-7,1,17,restrictive,The man will chop the wood,1,10,2,0.9026,0.0536,431.7,elsewhere,False,False,,,,,,,,,,,True,0,wood,elsewhere
subject-7,2,44,non-restrictive,The baker will inspect the dough,4,9,1,1.2702,0.0402,302.8,elsewhere,False,False,,,,,,,,,,,True,0,dough,elsewhere
subject-7,3,43,restrictive,The man will lock the safe,3,9,2,0.9829,0.047,402.3,pos3,True,True,,,,,,,,,,,True,0,safe,safe
subject-7,4,46,non-restrictive,The musician will move the violin,2,11,5,0.4207,0.0201,351.5,pos1,False,True,0.6587,1.0,0.3413,0.0,0.0,0.0,0.0,0.0,0.3413,0.0,False,1,violin,stand
subject-7,5,19,restrictive,The chef will slice the bread,3,10,1,1.156,0.0201,343.5,pos3,True,True,,,,,,,,,,,True,0,bread,bread
subject-7,6,13,restrictive,The man will smoke the cigarettes,1,8,1,0.6738,0.0399,476.0,elsewhere,False,False,,,,,,,,,,,True,0,cigarettes,elsewhere
subject-7,7,18,non-restrictive,The boy will touch the football,2,10,2,1.1646,0.0803,243.8,elsewhere,False,False,,,,,,,,,,,True,0,football,elsewhere
subject-7,8,29,restrictive,The grandmother will read the newspaper,1,2,1,0.9565,0.047,294.4,pos1,True,True,,,,,,,,,,,True,0,newspaper,newspaper
subject-7,9,40,non-restrictive,The girl will hold the blouse,4,2,2,1.3006,0.0471,364.1,pos3,False,True,,,,,,,,,,,True,0,blouse,iron
subject-7,10,22,non-restrictive,The girl will hang the coat,2,9,1,0.9069,0.0133,194.5,pos2,True,True,,,,,,,,,,,True,0,coat,coat
subject-7,11,47,restrictive,The girl will vacuum the carpet,3,8,4,0.717,0.0536,339.5,elsewhere,False,False,1.0,,0.0,,0.0,,0.0,,0.0,,False,1,carpet,elsewhere
subject-7,12,3,restrictive,The woman will bathe the baby,3,8,3,0.2617,0.0133,270.5,pos1,False,True,1.0,1.0,0.0,0.0,0.0,0.0,0.0,0.0,0.0,0.0,False,2,baby,stool
subject-7,13,9,restrictive,The woman will read the book,1,10,2,0.6433,0.0402,548.7,pos2,False,True,,,,,,,,,,,True,0,book,door
subject-7,14,34,non-restrictive,The boy will move the radio,2,8,1,0.9943,0.02,469.9,pos2,True,True,,,,,,,,,,,True,0,radio,radio
subject-7,15,12,non-restrictive,The man will watch the boat,4,5,2,0.9229,0.0333,308.1,elsewhere,False,False,,,,,,,,,,,True,0,boat,elsewhere
subject-7,16,1,restrictive,The woman will drink the wine,1,9,3,0.3504,0.0267,454.4,subject,False,False,0.0,,0.0,,0.0,,1.0,,0.0,,False,1,wine,subject
subject-7,17,41,restrictive,The boy will squeeze the orange,1,6,2,0.1513,0.0133,132.5,subject,False,False,,,,,,,,,,,True,0,orange,subject
subject-7,18,42,non-restrictive,The woman will wash the shirt,2,7,1,1.227,0.0536,335.9,elsewhere,False,False,,,,,,,,,,,True,0,shirt,elsewhere
subject-7,19,35,restrictive,The girl will apply the mascara,3,9,3,0.8084,0.0333,265.9,subject,False,False,,,,,,,,,,,True,0,mascara,subject
subject-7,20,37,restrictive,The boy will peel the banana,1,9,3,0.0001,0.0335,150.2,elsewhere,False,False,,,,,,,,,,,True,0,banana,elsewhere
subject-7,21,24,non-restrictive,The girl will lift the rabbit,4,5,1,1.2127,0.0403,271.8,elsewhere,False,False,,,,,,,,,,,True,0,rabbit,elsewhere
subject-7,22,11,restrictive,The baby will ring the bell,3,8,1,0.9899,0.0398,385.6,pos3,True,True,,,,,,,,,,,True,0,bell,bell
subject-7,23,28,non-restrictive,The cat will push the milk,4,8,1,1.2861,0.0268,203.7,pos4,True,True,,,,,,,,,,,True,0,milk,milk
subject-7,24,45,restrictive,The chef will grate the carrot,1,7,1,0.9346,0.0536,492.5,elsewhere,False,False,,,,,,,,,,,True,0,carrot,elsewhere
subject-7,25,31,restrictive,The woman will open the bottle,3,11,4,0.0637,0.0267,183.8,pos1,False,True,1.0,,0.0,,0.0,,0.0,,0.0,,False,0,bottle,sponge
subject-7,26,2,non-restrictive,The policeman will search the man,2,9,1,1.0441,0.0537,518.8,elsewhere,False,False,,,,,,,,,,,True,0,man,elsewhere
subject-7,27,21,restrictive,The woman will water the flower,1,7,1,1.3373,0.0403,323.1,elsewhere,False,False,,,,,,,,,,,True,0,flower,elsewhere
subject-7,28,38,non-restrictive,The woman will carry the apron,2,12,2,1.517,0.0336,375.1,elsewhere,False,False,,,,,,,,,,,True,0,apron,elsewhere
subject-7,29,48,non-restrictive,The child will carry the balloon,4,9,1,1.0009,0.0402,388.8,pos4,True,True,,,,,,,,,,,True,0,balloon,balloon
subject-7,30,5,restrictive,The hiker will climb the mountain,1,5,1,0.3151,0.0402,341.5,elsewhere,False,False,,,,,,,,,,,True,1,mountain,elsewhere
subject-7,31,14,non-restrictive,The boy will feed the dog,2,8,1,1.2744,0.0337,480.6,elsewhere,False,False,,,,,,,,,,,True,0,dog,elsewhere
subject-7,32,27,restrictive,The boy will dim the lamp,3,8,1,0.937,0.0336,373.9,elsewhere,False,False,,,,,,,,,,,True,0,lamp,elsewhere
subject-7,33,39,restrictive,The boy will tie the shoelace,3,10,1,1.1003,0.0536,362.3,elsewhere,False,False,,,,,,,,,,,True,0,shoelace,elsewhere
subject-7,34,26,non-restrictive,The woman will blow grab the candle,2,7,2,1.3745,0.0134,316.3,elsewhere,False,False,,,,,,,,,,,True,0,candle,elsewhere
subject-7,35,32,non-restrictive,The woman will carry the beer,4,9,2,0.513,0.0199,165.2,elsewhere,False,False,,,,,,,,,,,True,1,beer,elsewhere
subject-7,36,30,non-restrictive,The girl will grab the dice,2,9,1,1.0681,0.0402,566.8,elsewhere,False,False,,,,,,,,,,,True,0,dice,elsewhere
subject-7,37,7,restrictive,The doctor will inject the child,3,9,1,1.256,0.0403,346.5,pos3,True,True,,,,,,,,,,,True,0,child,child
subject-7,38,25,restrictive,The man will paint the canvas,1,4,1,1.5862,0.0138,436.2,pos2,False,True,,,,,,,,,,,True,0,canvas,keyboard
subject-7,39,6,non-restrictive,The housewife will  wash the mushrooms,2,7,3,0.4154,0.0335,215.1,elsewhere,False,False,0.0,,0.3429,,0.6571,,0.0,,0.3429,,False,1,mushrooms,elsewhere
subject-7,40,36,non-restrictive,The kid will stack the lego,4,12,2,0.4315,0.0137,232.2,subject,False,False,,,,,,,,,,,True,1,lego,subject
subject-7,41,10,non-restrictive,The man will wipe the washing machine,2,9,4,0.0634,0.0196,346.6,elsewhere,False,False,0.8892,0.0,0.1108,1.0,0.0,0.0,0.0,0.0,0.1108,1.0,False,3,washing-machine,elsewhere
subject-7,42,20,non-restrictive,The baby will grab the kitten,4,11,3,0.294,0.0337,408.5,pos3,False,True,0.0,,0.0,,1.0,,0.0,,0.0,,False,1,kitten,cup
subject-7,43,15,restrictive,The businessman will wear the hat,3,3,2,1.0784,0.0465,301.1,pos1,False,True,,,,,,,,,,,True,0,hat,magnifying-glass
subject-7,44,0,non-restrictive,The boy will move the cake,4,8,4,0.1059,0.0139,182.9,subject,False,False,1.0,,0.0,,0.0,,0.0,,0.0,,False,1,cake,subject
subject-7,45,8,non-restrictive,The woman will dust the piano,4,5,1,1.1204,0.0472,259.0,pos4,True,True,,,,,,,,,,,True,0,piano,piano
subject-7,46,33,restrictive,The boy will unzip the suitcase,1,5,2,0.4519,0.0469,341.4,subject,False,False,1.0,,0.0,,0.0,,0.0,,1.0,,False,1,suitcase,subject
subject-7,47,4,non-restrictive,The boy will throw the ball,4,12,4,0.6134,0.0203,230.2,pos1,False,True,,,,,,,,,,,True,0,ball,paper-plane
subject-7,48,49,restrictive,The man will lick the stamp,1,7,2,0.5141,0.0335,432.1,subject,False,False,1.0,,0.0,,0.0,,0.0,,1.0,,False,0,stamp,subject
subject-7,49,23,restrictive,The girl will knit the scarf,3,12,1,0.3455,0.0132,459.2,elsewhere,False,False,0.0,,0.0,,0.4439,,0.5561,,0.4439,,False,1,scarf,elsewhere
subject-8,0,11,non-restrictive,The baby will kick the bell,4,6,0,,,,,,,,,,,,,,,,,True,0,bell,
subject-8,1,3,non-restrictive,The woman will touch the baby,4,12,5,0.2108,0.0201,163.3,pos2,False,True,0.0,,1.0,,0.0,,0.0,,0.0,,False,0,baby,stool
subject-8,2,12,restrictive,The man will sail the boat,1,11,2,0.1975,0.0134,147.4,elsewhere,False,False,,,,,,,,,,,True,0,boat,elsewhere
subject-8,3,36,restrictive,The kid will build the lego,1,7,2,0.0937,0.0199,162.1,subject,False,False,,,,,,,,,,,True,0,lego,subject
subject-8,4,44,restrictive,The baker will knead the dough,1,5,1,0.8879,0.0536,258.8,pos1,True,True,,,,,,,,,,,True,0,dough,dough
subject-8,5,16,restrictive,The woman will wear the dress,1,11,2,1.1943,0.0537,304.2,pos1,True,True,,,,,,,,,,,True,0,dress,dress
subject-8,6,18,restrictive,The boy will kick the football,3,8,2,0.3263,0.0336,265.7,subject,False,False,0.0,,0.0,,0.0,,1.0,,0.0,,False,1,football,subject
subject-8,7,29,non-restrictive,The grandmother will eadturn the newspaper,2,10,2,0.7909,0.0267,271.0,elsewhere,False,False,,,,,,,,,,,True,0,newspaper,elsewhere
subject-8,8,33,non-restrictive,The boy will open the suitcase,2,10,2,0.7654,0.0402,277.6,elsewhere,False,False,,,,,,,,,,,True,0,suitcase,elsewhere
subject-8,9,40,restrictive,The girl will button the blouse,1,7,2,1.2873,0.0402,333.4,pos4,False,True,,,,,,,,,,,True,0,blouse,iron
subject-8,10,30,restrictive,The girl will roll the dice,3,8,1,0.8041,0.067,348.2,elsewhere,False,False,,,,,,,,,,,True,0,dice,elsewhere
subject-8,11,14,restrictive,The boy will walk the dog,3,10,2,0.9525,0.0535,240.6,elsewhere,False,False,,,,,,,,,,,True,0,dog,elsewhere
subject-8,12,46,restrictive,The musician will tune the violin,3,4,1,1.3689,0.0602,317.4,pos3,True,True,,,,,,,,,,,True,0,violin,violin
subject-8,13,25,non-restrictive,The man will move the canvas,2,10,3,0.7605,0.0132,96.4,elsewhere,False,False,,,,,,,,,,,True,0,canvas,elsewhere
subject-8,14,28,restrictive,The cat will drink the milk,1,7,1,0.5591,0.0468,275.9,pos1,True,True,,,,,,,,,,,True,0,milk,milk
subject-8,15,9,non-restrictive,The woman will open the book,2,5,0,,,,,,,,,,,,,,,,,True,0,book,
subject-8,16,42,restrictive,The woman will sew the shirt,3,10,4,0.785,0.0536,262.9,elsewhere,False,False,,,,,,,,,,,True,0,shirt,elsewhere
subject-8,17,2,restrictive,The policeman will arrest the man,3,10,2,0.4213,0.0669,313.1,pos1,False,True,1.0,1.0,0.0,0.0,0.0,0.0,0.0,0.0,0.0,0.0,False,1,man,houses
subject-8,18,35,non-restrictive,The girl will squeeze the mascara,4,9,2,0.1357,0.0141,162.2,elsewhere,False,False,,,,,,,,,,,True,0,mascara,elsewhere
subject-8,19,47,non-restrictive,The girl will move the carpet,4,7,3,0.2734,0.0263,161.4,elsewhere,False,False,0.0,,1.0,,0.0,,0.0,,0.0,,False,1,carpet,elsewhere
subject-8,20,31,non-restrictive,The woman will examine the bottle,4,9,1,1.158,0.0604,264.7,pos4,True,True,,,,,,,,,,,True,0,bottle,bottle
subject-8,21,17,non-restrictive,The man will  move the wood,2,8,1,1.1757,0.0737,311.9,pos2,True,True,,,,,,,,,,,True,0,wood,wood
subject-8,22,7,non-restrictive,The doctor will check the child,4,16,8,0.0685,0.0335,302.1,pos2,False,True,1.0,,0.0,,0.0,,0.0,,0.0,,False,1,child,toy-bear
subject-8,23,20,restrictive,The baby will hug the kitten,1,10,1,1.2128,0.0604,282.0,elsewhere,False,False,0.0,,0.0,,0.0,,1.0,,0.0,,False,0,kitten,elsewhere
subject-8,24,27,non-restrictive,The boy will touch the lamp,4,11,4,0.1356,0.0134,104.7,elsewhere,False,False,,,,,,,,,,,True,0,lamp,elsewhere
subject-8,25,43,non-restrictive,The man will wipe the safe,4,7,1,1.2373,0.0399,297.1,elsewhere,False,False,,,,,,,,,,,True,0,safe,elsewhere
subject-8,26,19,non-restrictive,The chef will clean the bread,4,6,1,1.2583,0.0537,358.0,elsewhere,False,False,,,,,,,,,,,True,0,bread,elsewhere
subject-8,27,23,non-restrictive,The girl will hold the scarf,4,8,1,1.0809,0.0602,332.0,elsewhere,False,False,,,,,,,,,,,True,0,scarf,elsewhere
subject-8,28,38,restrictive,The woman will tie the apron,3,13,2,0.8479,0.0533,333.0,elsewhere,False,False,,,,,,,,,,,True,0,apron,elsewhere
subject-8,29,10,restrictive,The man will repair the washing machine,3,9,3,0.9724,0.0397,264.9,elsewhere,False,False,0.0,0.0,0.0,0.0,1.0,1.0,0.0,0.0,1.0,1.0,False,2,washing-machine,elsewhere
subject-8,30,21,non-restrictive,The woman will move the flower,2,10,2,0.5512,0.0337,173.2,subject,False,False,,,,,,,,,,,True,0,flower,subject
subject-8,31,13,non-restrictive,The man will  collect the cigarettes,2,11,4,0.226,0.0535,376.7,pos3,False,True,0.0,0.0,0.0,0.0,0.5584,0.0,0.4416,1.0,0.0,0.0,False,1,cigarettes,filofax
subject-8,32,32,restrictive,The woman will brew the beer,1,4,1,1.2078,0.0201,234.5,pos1,True,True,1.0,,0.0,,0.0,,0.0,,1.0,,False,0,beer,beer
subject-8,34,22,restrictive,The girl will zip the coat,3,12,2,0.5098,0.0335,231.0,pos2,False,True,0.0,,0.0,,1.0,,0.0,,1.0,,False,0,coat,towel
subject-8,35,45,non-restrictive,The chef will carry the carrot,2,5,2,0.0116,0.033,317.8,subject,False,False,,,,,,,,,,,True,0,carrot,subject
subject-8,36,8,restrictive,The woman will play the piano,1,9,2,0.6394,0.0135,272.1,elsewhere,False,False,0.0,,0.0,,1.0,,0.0,,0.0,,False,0,piano,elsewhere
subject-8,37,26,restrictive,The woman will blow out the candle,3,8,2,0.3765,0.0203,189.3,pos2,False,True,0.0569,0.0,0.3236,0.5,0.6196,0.5,0.0,0.0,0.6196,0.5,False,2,candle,coaster
subject-8,38,48,restrictive,The child will inflate the balloon,1,10,5,0.129,0.0269,389.8,elsewhere,False,False,0.0,,0.0,,1.0,,0.0,,0.0,,False,1,balloon,elsewhere
subject-8,39,37,non-restrictive,The boy will move the banana,2,6,2,0.9635,0.0536,230.1,elsewhere,False,False,,,,,,,,,,,True,0,banana,elsewhere
subject-8,40,49,non-restrictive,The man will pick up the stamp,2,11,4,1.084,0.047,211.5,elsewhere,False,False,0.0,,1.0,,0.0,,0.0,,1.0,,False,0,stamp,elsewhere
subject-8,41,15,non-restrictive,The businessman will  forget the hat,4,10,4,0.1122,0.0273,413.6,subject,False,False,0.0,0.0,0.0,0.0,1.0,1.0,0.0,0.0,0.0,0.0,False,1,hat,subject
subject-8,42,39,non-restrictive,The boy will move the shoelace,4,11,4,0.1135,0.0201,403.8,pos2,False,True,0.0,,1.0,,0.0,,0.0,,0.0,,False,0,shoelace,mat
subject-8,43,1,non-restrictive,The woman will try the wine,2,7,3,0.6988,0.0403,331.6,subject,False,False,,,,,,,,,,,True,0,wine,subject
subject-8,44,41,non-restrictive,The boy will move the orange,2,10,4,0.643,0.0469,195.1,elsewhere,False,False,,,,,,,,,,,True,0,orange,elsewhere
subject-8,45,0,restrictive,The boy will eat the cake,1,7,2,0.5608,0.0266,212.5,subject,False,False,,,,,,,,,,,True,0,cake,subject
subject-8,46,5,non-restrictive,The hiker will photograph the mountain,2,11,4,0.5298,0.0335,367.2,pos2,True,True,0.0,,1.0,,0.0,,0.0,,1.0,,False,1,mountain,mountain
subject-8,47,6,restrictive,The housewife will fry the mushrooms,3,6,2,0.1989,0.0606,302.2,elsewhere,False,False,1.0,,0.0,,0.0,,0.0,,0.0,,False,0,mushrooms,elsewhere
subject-8,48,24,restrictive,The girl will groom the rabbit,1,10,3,0.3237,0.0536,274.0,pos4,False,True,0.0,0.0,0.0,0.0,0.0,0.0,1.0,1.0,0.0,0.0,False,1,rabbit,glass
subject-8,49,4,restrictive,The boy will bounce the ball,1,10,1,1.0715,0.0537,231.7,pos1,True,True,,,,,,,,,,,True,0,ball,ball
subject-9,0,48,non-restrictive,The child will carry the balloon,1,17,3,1.1077,0.0674,332.7,elsewhere,False,False,,,,,,,,,,,True,0,balloon,elsewhere
subject-9,1,28,non-restrictive,The cat will push the milk,1,13,3,0.4691,0.0532,284.3,pos4,False,True,0.0,0.0,0.0,0.0,0.0,0.0,1.0,1.0,0.0,0.0,False,1,milk,sock
subject-9,2,8,non-restrictive,The woman will dust the piano,1,17,5,0.243,0.0806,304.8,elsewhere,False,False,,,,,,,,,,,True,0,piano,elsewhere
subject-9,3,44,non-restrictive,The baker will inspect the dough,1,10,1,1.1165,0.0601,284.0,pos1,True,True,,,,,,,,,,,True,0,dough,dough
subject-9,4,33,restrictive,The boy will unzip the suitcase,2,12,3,0.2982,0.0732,272.1,elsewhere,False,False,1.0,,0.0,,0.0,,0.0,,0.0,,False,0,suitcase,elsewhere
subject-9,5,41,restrictive,The boy will squeeze the orange,2,12,4,0.1717,0.0132,369.7,elsewhere,False,False,0.0,,1.0,,0.0,,0.0,,1.0,,False,0,orange,elsewhere
subject-9,6,34,non-restrictive,The boy will move the radio,3,9,4,0.1102,0.0664,376.2,pos2,False,True,0.0,,1.0,,0.0,,0.0,,0.0,,False,1,radio,pillow
subject-9,7,35,restrictive,The girl will apply the mascara,4,14,3,0.829,0.04,290.6,elsewhere,False,False,0.0,,0.0,,1.0,,0.0,,0.0,,False,0,mascara,elsewhere
subject-9,8,1,restrictive,The woman will drink the wine,2,11,4,0.3236,0.0474,311.6,pos4,False,True,0.0,0.0,0.0,0.0,0.0,0.0,1.0,1.0,0.0,0.0,False,1,wine,chair
subject-9,9,42,non-restrictive,The woman will wash the shirt,3,15,6,0.0819,0.0396,233.5,pos3,True,True,0.0,0.0,0.7882,1.0,0.2118,0.0,0.0,0.0,0.2118,0.0,False,2,shirt,shirt
subject-9,10,0,non-restrictive,The boy will move the cake,1,13,3,0.4276,0.0469,356.6,pos4,False,True,0.0,0.0,0.0,0.0,0.0,0.0,1.0,1.0,0.0,0.0,False,1,cake,ball
subject-9,11,5,restrictive,The hiker will climb the mountain,2,13,5,0.3485,0.0405,349.0,pos2,True,True,0.0,0.0,1.0,1.0,0.0,0.0,0.0,0.0,1.0,1.0,False,2,mountain,mountain
subject-9,12,7,restrictive,The doctor will inject the child,4,10,2,0.1048,0.0532,358.0,pos4,True,True,,,,,,,,,,,True,0,child,child
subject-9,13,25,restrictive,The man will paint the canvas,2,11,4,0.4212,0.0537,379.9,pos3,False,True,0.0,0.0,0.0,0.0,1.0,1.0,0.0,0.0,0.0,0.0,False,1,canvas,keyboard
subject-9,14,46,non-restrictive,The musician will move the violin,3,14,3,0.0989,0.0132,138.6,elsewhere,False,False,,,,,,,,,,,True,0,violin,elsewhere
subject-9,15,26,non-restrictive,The woman will blow grab the candle,3,11,5,0.5374,0.04,227.5,pos3,True,True,0.0,0.0,0.0,0.0,0.8985,1.0,0.1015,0.0,0.8985,1.0,False,1,candle,candle
subject-9,16,45,restrictive,The chef will grate the carrot,2,13,4,0.1302,0.04,290.2,pos2,True,True,0.6667,,0.3333,,0.0,,0.0,,0.3333,,False,1,carrot,carrot
subject-9,17,49,restrictive,The man will lick the stamp,2,14,6,0.159,0.0332,272.5,pos2,True,True,0.0,0.0,1.0,1.0,0.0,0.0,0.0,0.0,1.0,1.0,False,2,stamp,stamp
subject-9,18,17,restrictive,The man will chop the wood,2,13,4,0.3065,0.0537,272.5,elsewhere,False,False,0.3333,,0.6667,,0.0,,0.0,,0.6667,,False,1,wood,elsewhere
subject-9,19,14,non-restrictive,The boy will feed the dog,3,14,6,0.2699,0.0337,219.8,elsewhere,False,False,1.0,,0.0,,0.0,,0.0,,0.0,,False,1,dog,elsewhere
subject-9,20,15,restrictive,The businessman will wear the hat,4,8,2,0.844,0.0332,193.4,pos3,False,True,,,,,,,,,,,True,0,hat,folder
subject-9,21,30,non-restrictive,The girl will grab the dice,3,14,4,0.3919,0.0532,342.9,elsewhere,False,False,0.0,0.0,0.0,0.0,1.0,1.0,0.0,0.0,1.0,1.0,False,2,dice,elsewhere
subject-9,22,16,non-restrictive,The woman will  carry the dress,1,12,5,0.3177,0.0537,356.5,elsewhere,False,False,0.0,0.0,1.0,1.0,0.0,0.0,0.0,0.0,0.0,0.0,False,1,dress,elsewhere
subject-9,23,10,non-restrictive,The man will wipe the washing machine,3,10,3,0.6659,0.0674,300.6,pos4,False,True,0.0,0.0,0.5131,0.0,0.2346,0.5,0.2523,0.5,0.2346,0.5,False,2,washing-machine,mirror
subject-9,24,31,restrictive,The woman will open the bottle,4,13,6,0.1644,0.0605,275.2,pos3,False,True,0.0,0.0,0.3491,1.0,0.6509,0.0,0.0,0.0,0.0,0.0,False,1,bottle,seed
subject-9,25,24,non-restrictive,The girl will lift the rabbit,1,10,4,0.0071,0.0737,259.5,elsewhere,False,False,,,,,,,,,,,True,0,rabbit,elsewhere
subject-9,26,19,restrictive,The chef will slice the bread,4,11,4,0.3592,0.0601,304.9,pos1,False,True,1.0,1.0,0.0,0.0,0.0,0.0,0.0,0.0,0.0,0.0,False,1,bread,spoon
subject-9,27,37,restrictive,The boy will peel the banana,2,11,3,0.121,0.0469,240.9,pos3,False,True,0.0,,0.2523,,0.7477,,0.0,,0.2523,,False,1,banana,mitten
subject-9,28,22,non-restrictive,The girl will hang the coat,3,9,3,0.3768,0.0542,324.4,pos3,True,True,0.3937,0.0,0.0,0.0,0.6063,1.0,0.0,0.0,0.6063,1.0,False,1,coat,coat
subject-9,29,47,restrictive,The girl will vacuum the carpet,4,14,4,0.4022,0.04,208.6,pos3,False,True,0.0,0.0,0.3553,1.0,0.6447,0.0,0.0,0.0,0.0,0.0,False,1,carpet,footstool
subject-9,30,36,non-restrictive,The kid will stack the lego,1,11,2,1.7518,0.0601,223.5,elsewhere,False,False,,,,,,,,,,,True,0,lego,elsewhere
subject-9,31,23,restrictive,The girl will knit the scarf,4,15,4,0.1649,0.0737,321.7,pos4,True,True,0.0,0.0,0.0,0.0,0.0,0.0,1.0,1.0,1.0,1.0,False,1,scarf,scarf
subject-9,32,29,restrictive,The grandmother will read the newspaper,2,14,3,0.0193,0.0269,201.9,pos2,True,True,0.0,,1.0,,0.0,,0.0,,1.0,,False,0,newspaper,newspaper
subject-9,33,3,restrictive,The woman will bathe the baby,4,12,3,0.8573,0.0606,301.6,pos4,True,True,,,,,,,,,,,True,0,baby,baby
subject-9,34,2,non-restrictive,The policeman will search the man,3,10,2,1.1712,0.0405,419.3,subject,False,False,0.0,,0.0,,1.0,,0.0,,1.0,,False,0,man,subject
subject-9,35,27,restrictive,The boy will dim the lamp,4,13,4,0.119,0.0537,350.2,elsewhere,False,False,0.0,0.0,0.0,0.0,1.0,1.0,0.0,0.0,0.0,0.0,False,1,lamp,elsewhere
subject-9,36,9,restrictive,The woman will read the book,2,10,3,0.8919,0.0669,342.8,pos2,True,True,,,,,,,,,,,True,0,book,book
subject-9,37,6,non-restrictive,The housewife will  wash the mushrooms,3,16,5,0.0471,0.0332,265.7,pos2,False,True,0.0,0.0,0.0,0.0,0.6469,0.0,0.3531,1.0,0.6469,0.0,False,1,mushrooms,jug
subject-9,38,20,non-restrictive,The baby will grab the kitten,1,11,5,0.4212,0.0469,194.7,pos1,True,True,0.8266,1.0,0.1734,0.0,0.0,0.0,0.0,0.0,0.8266,1.0,False,1,kitten,kitten
subject-9,39,12,non-restrictive,The man will watch the boat,1,14,6,0.306,0.02,348.2,pos1,True,True,0.9438,,0.0,,0.0,,0.0562,,0.9438,,False,0,boat,boat
subject-9,40,4,non-restrictive,The boy will throw the ball,1,10,4,0.3792,0.0605,265.8,elsewhere,False,False,0.0,,0.0,,0.0,,1.0,,0.0,,False,1,ball,elsewhere
subject-9,41,39,restrictive,The boy will tie the shoelace,4,8,5,0.0887,0.0474,286.0,pos2,False,True,0.0,0.0,0.3746,0.0,0.6254,1.0,0.0,0.0,0.0,0.0,False,1,shoelace,mat
subject-9,42,38,non-restrictive,The woman will carry the apron,3,17,6,0.0838,0.0532,347.6,pos1,False,True,0.16,0.0,0.0329,0.0,0.8071,1.0,0.0,0.0,0.8071,1.0,False,1,apron,broom
subject-9,43,21,restrictive,The woman will water the flower,2,9,3,0.3055,0.0606,232.3,elsewhere,False,False,0.0,,0.0,,0.0,,1.0,,0.0,,False,0,flower,elsewhere
subject-9,44,11,restrictive,The baby will ring the bell,4,7,2,0.5208,0.0601,299.6,pos3,False,True,,,,,,,,,,,True,0,bell,bricks
subject-9,45,13,restrictive,The man will smoke the cigarettes,2,14,5,0.1712,0.0474,282.8,pos3,False,True,0.0,,0.0,,1.0,,0.0,,0.0,,False,0,cigarettes,filofax
subject-9,46,32,non-restrictive,The woman will carry the beer,1,10,3,0.2513,0.0742,286.5,pos2,False,True,0.0,,1.0,,0.0,,0.0,,0.0,,False,0,beer,mug
subject-9,47,43,restrictive,The man will lock the safe,4,9,3,1.1102,0.0532,291.7,elsewhere,False,False,0.0,,0.0,,0.0,,1.0,,1.0,,False,0,safe,elsewhere
subject-9,48,40,non-restrictive,The girl will hold the blouse,1,12,1,1.7093,0.0469,196.6,subject,False,False,,,,,,,,,,,True,0,blouse,subject
subject-9,49,18,non-restrictive,The boy will touch the football,3,11,5,0.2132,0.04,213.7,pos3,True,True,0.0,,0.0,,1.0,,0.0,,1.0,,False,0,football,football
