item,condition,subject_id,object,human_prob
6,non-restrictive,subject-1,weighing-scales,
6,non-restrictive,subject-1,jug,
6,non-restrictive,subject-1,mushrooms,
6,non-restrictive,subject-1,knife,
15,restrictive,subject-1,wallet,
15,restrictive,subject-1,magnifying-glass,
15,restrictive,subject-1,folder,
15,restrictive,subject-1,hat,
39,restrictive,subject-1,shampoo,
39,restrictive,subject-1,mat,
39,restrictive,subject-1,buckle,
39,restrictive,subject-1,shoelace,
21,restrictive,subject-1,cushion,
21,restrictive,subject-1,flower,
21,restrictive,subject-1,magazine,
21,restrictive,subject-1,vase,
38,non-restrictive,subject-1,broom,
38,non-restrictive,subject-1,cloth,
38,non-restrictive,subject-1,apron,
38,non-restrictive,subject-1,mop,
4,non-restrictive,subject-1,ball,1.0
4,non-restrictive,subject-1,paper-plane,0.0
4,non-restrictive,subject-1,acorns,0.0
4,non-restrictive,subject-1,shuttle-cock,0.0
29,restrictive,subject-1,tissue,0.0
29,restrictive,subject-1,newspaper,1.0
29,restrictive,subject-1,comb,0.0
29,restrictive,subject-1,eraser,0.0
23,restrictive,subject-1,pencil,
23,restrictive,subject-1,needle,
23,restrictive,subject-1,card,
23,restrictive,subject-1,scarf,
19,restrictive,subject-1,spoon,0.0
19,restrictive,subject-1,spatula,0.0
19,restrictive,subject-1,bowl,0.0
19,restrictive,subject-1,bread,1.0
22,non-restrictive,subject-1,poster,
22,non-restrictive,subject-1,towel,
22,non-restrictive,subject-1,coat,
22,non-restrictive,subject-1,hook,
7,restrictive,subject-1,tv-monitor,
7,restrictive,subject-1,toy-bear,
7,restrictive,subject-1,microscope,
7,restrictive,subject-1,child,
43,restrictive,subject-1,pan,
43,restrictive,subject-1,bolt,
43,restrictive,subject-1,handle,
43,restrictive,subject-1,safe,
8,non-restrictive,subject-1,piano,1.0
8,non-restrictive,subject-1,table,0.0
8,non-restrictive,subject-1,telephone,0.0
8,non-restrictive,subject-1,television,0.0
30,non-restrictive,subject-1,watch,
30,non-restrictive,subject-1,headphones,
30,non-restrictive,subject-1,dice,
30,non-restrictive,subject-1,cap,
36,non-restrictive,subject-1,lego,
36,non-restrictive,subject-1,papers,
36,non-restrictive,subject-1,boxes,
36,non-restrictive,subject-1,clips,
20,non-restrictive,subject-1,kitten,1.0
20,non-restrictive,subject-1,block,0.0
20,non-restrictive,subject-1,crayon,0.0
20,non-restrictive,subject-1,cup,0.0
5,restrictive,subject-1,moon,0.0
5,restrictive,subject-1,mountain,1.0
5,restrictive,subject-1,animal,0.0
5,restrictive,subject-1,cactus,0.0
1,restrictive,subject-1,lipstick,0.5
1,restrictive,subject-1,wine,0.0
1,restrictive,subject-1,cheese,0.0
1,restrictive,subject-1,chair,0.5
32,non-restrictive,subject-1,beer,
32,non-restrictive,subject-1,mug,
32,non-restrictive,subject-1,biscuit,
32,non-restrictive,subject-1,kettle,
3,restrictive,subject-1,plant,0.0
3,restrictive,subject-1,stool,0.0
3,restrictive,subject-1,rocking-horse,0.0
3,restrictive,subject-1,baby,1.0
2,non-restrictive,subject-1,houses,
2,non-restrictive,subject-1,dustbin,
2,non-restrictive,subject-1,man,
2,non-restrictive,subject-1,car,
46,non-restrictive,subject-1,gum,
46,non-restrictive,subject-1,stand,
46,non-restrictive,subject-1,violin,
46,non-restrictive,subject-1,bow,
16,non-restrictive,subject-1,dress,0.0
16,non-restrictive,subject-1,lantern,0.0
16,non-restrictive,subject-1,backpack,0.0
16,non-restrictive,subject-1,ribbon,1.0
18,non-restrictive,subject-1,feather,0.0
18,non-restrictive,subject-1,leaf,0.0
18,non-restrictive,subject-1,football,1.0
18,non-restrictive,subject-1,stick,0.0
27,restrictive,subject-1,switch,0.0
27,restrictive,subject-1,frame,0.0
27,restrictive,subject-1,picture,0.0
27,restrictive,subject-1,lamp,1.0
13,restrictive,subject-1,glasses,
13,restrictive,subject-1,cigarettes,
13,restrictive,subject-1,filofax,
13,restrictive,subject-1,briefcase,
24,non-restrictive,subject-1,rabbit,1.0
24,non-restrictive,subject-1,plate,0.0
24,non-restrictive,subject-1,potato,0.0
24,non-restrictive,subject-1,glass,0.0
42,non-restrictive,subject-1,chalk,0.0
42,non-restrictive,subject-1,ruler,0.0
42,non-restrictive,subject-1,shirt,0.0
42,non-restrictive,subject-1,apple,1.0
12,non-restrictive,subject-1,boat,
12,non-restrictive,subject-1,birds,
12,non-restrictive,subject-1,sun,
12,non-restrictive,subject-1,car,
48,non-restrictive,subject-1,balloon,
48,non-restrictive,subject-1,pump,
48,non-restrictive,subject-1,flag,
48,non-restrictive,subject-1,pouch,
49,restrictive,subject-1,scissors,
49,restrictive,subject-1,stamp,
49,restrictive,subject-1,envelope,
49,restrictive,subject-1,rubberband,
10,non-restrictive,subject-1,dog,0.0
10,non-restrictive,subject-1,wastebin,0.0
10,non-restrictive,subject-1,washing-machine,0.0
10,non-restrictive,subject-1,mirror,1.0
9,restrictive,subject-1,bag,
9,restrictive,subject-1,book,
9,restrictive,subject-1,door,
9,restrictive,subject-1,cup,
37,restrictive,subject-1,key,
37,restrictive,subject-1,banana,
37,restrictive,subject-1,mitten,
37,restrictive,subject-1,marker,
31,restrictive,subject-1,lemon,0.0
31,restrictive,subject-1,sponge,0.0
31,restrictive,subject-1,seed,1.0
31,restrictive,subject-1,bottle,0.0
28,non-restrictive,subject-1,milk,0.0
28,non-restrictive,subject-1,glove,0.0
28,non-restrictive,subject-1,nut,0.0
28,non-restrictive,subject-1,sock,1.0
33,restrictive,subject-1,gift,1.0
33,restrictive,subject-1,suitcase,0.0
33,restrictive,subject-1,envelope,0.0
33,restrictive,subject-1,box,0.0
25,restrictive,subject-1,rope,0.0
25,restrictive,subject-1,canvas,0.0
25,restrictive,subject-1,keyboard,0.0
25,restrictive,subject-1,peach,1.0
17,restrictive,subject-1,rope,
17,restrictive,subject-1,wood,
17,restrictive,subject-1,bucket,
17,restrictive,subject-1,stone,
14,non-restrictive,subject-1,ball,1.0
14,non-restrictive,subject-1,hen,0.0
14,non-restrictive,subject-1,dog,0.0
14,non-restrictive,subject-1,bird,0.0
35,restrictive,subject-1,brush,
35,restrictive,subject-1,mirror,
35,restrictive,subject-1,pot,
35,restrictive,subject-1,mascara,
44,non-restrictive,subject-1,dough,1.0
44,non-restrictive,subject-1,glass,0.0
44,non-restrictive,subject-1,ladle,0.0
44,non-restrictive,subject-1,hammer,0.0
11,restrictive,subject-1,drum,
11,restrictive,subject-1,duck,
11,restrictive,subject-1,bricks,
11,restrictive,subject-1,bell,
34,non-restrictive,subject-1,notebook,0.0
34,non-restrictive,subject-1,pillow,0.0
34,non-restrictive,subject-1,radio,1.0
34,non-restrictive,subject-1,puzzle,0.0
47,restrictive,subject-1,dustpan,0.0
47,restrictive,subject-1,roller,1.0
47,restrictive,subject-1,footstool,0.0
47,restrictive,subject-1,carpet,0.0
45,restrictive,subject-1,pot,
45,restrictive,subject-1,carrot,
45,restrictive,subject-1,laddle,
45,restrictive,subject-1,peeler,
26,non-restrictive,subject-1,coin,
26,non-restrictive,subject-1,coaster,
26,non-restrictive,subject-1,candle,
26,non-restrictive,subject-1,package,
41,restrictive,subject-1,shell,
41,restrictive,subject-1,orange,
41,restrictive,subject-1,stone,
41,restrictive,subject-1,cone,
0,non-restrictive,subject-1,cake,
0,non-restrictive,subject-1,toy-car,
0,non-restrictive,subject-1,toy-train,
0,non-restrictive,subject-1,ball,
40,non-restrictive,subject-1,blouse,0.0
40,non-restrictive,subject-1,pin,0.0
40,non-restrictive,subject-1,toothbrish,0.0
40,non-restrictive,subject-1,iron,1.0
21,non-restrictive,subject-2,vase,
21,non-restrictive,subject-2,cushion,
21,non-restrictive,subject-2,flower,
21,non-restrictive,subject-2,magazine,
36,restrictive,subject-2,clips,
36,restrictive,subject-2,lego,
36,restrictive,subject-2,papers,
36,restrictive,subject-2,boxes,
5,non-restrictive,subject-2,cactus,
5,non-restrictive,subject-2,moon,
5,non-restrictive,subject-2,mountain,
5,non-restrictive,subject-2,animal,
3,non-restrictive,subject-2,baby,
3,non-restrictive,subject-2,plant,
3,non-restrictive,subject-2,stool,
3,non-restrictive,subject-2,rocking-horse,
41,non-restrictive,subject-2,cone,
41,non-restrictive,subject-2,shell,
41,non-restrictive,subject-2,orange,
41,non-restrictive,subject-2,stone,
46,restrictive,subject-2,bow,
46,restrictive,subject-2,gum,
46,restrictive,subject-2,stand,
46,restrictive,subject-2,violin,
22,restrictive,subject-2,hook,
22,restrictive,subject-2,poster,
22,restrictive,subject-2,towel,
22,restrictive,subject-2,coat,
37,non-restrictive,subject-2,marker,
37,non-restrictive,subject-2,key,
37,non-restrictive,subject-2,banana,
37,non-restrictive,subject-2,mitten,
44,restrictive,subject-2,hammer,
44,restrictive,subject-2,dough,
44,restrictive,subject-2,glass,
44,restrictive,subject-2,ladle,
9,non-restrictive,subject-2,cup,
9,non-restrictive,subject-2,bag,
9,non-restrictive,subject-2,book,
9,non-restrictive,subject-2,door,
17,non-restrictive,subject-2,stone,
17,non-restrictive,subject-2,rope,
17,non-restrictive,subject-2,wood,
17,non-restrictive,subject-2,bucket,
40,restrictive,subject-2,iron,
40,restrictive,subject-2,blouse,
40,restrictive,subject-2,pin,
40,restrictive,subject-2,toothbrish,
31,non-restrictive,subject-2,bottle,
31,non-restrictive,subject-2,lemon,
31,non-restrictive,subject-2,sponge,
31,non-restrictive,subject-2,seed,
48,restrictive,subject-2,pouch,
48,restrictive,subject-2,balloon,
48,restrictive,subject-2,pump,
48,restrictive,subject-2,flag,
47,non-restrictive,subject-2,carpet,
47,non-restrictive,subject-2,dustpan,
47,non-restrictive,subject-2,roller,
47,non-restrictive,subject-2,footstool,
23,non-restrictive,subject-2,scarf,
23,non-restrictive,subject-2,pencil,
23,non-restrictive,subject-2,needle,
23,non-restrictive,subject-2,card,
11,non-restrictive,subject-2,bell,
11,non-restrictive,subject-2,drum,
11,non-restrictive,subject-2,duck,
11,non-restrictive,subject-2,bricks,
29,non-restrictive,subject-2,eraser,
29,non-restrictive,subject-2,tissue,
29,non-restrictive,subject-2,newspaper,
29,non-restrictive,subject-2,comb,
16,restrictive,subject-2,ribbon,
16,restrictive,subject-2,dress,
16,restrictive,subject-2,lantern,
16,restrictive,subject-2,backpack,
13,non-restrictive,subject-2,briefcase,
13,non-restrictive,subject-2,glasses,
13,non-restrictive,subject-2,cigarettes,
13,non-restrictive,subject-2,filofax,
4,restrictive,subject-2,shuttle-cock,
4,restrictive,subject-2,ball,
4,restrictive,subject-2,paper-plane,
4,restrictive,subject-2,acorns,
45,non-restrictive,subject-2,peeler,
45,non-restrictive,subject-2,pot,
45,non-restrictive,subject-2,carrot,
45,non-restrictive,subject-2,laddle,
42,restrictive,subject-2,apple,
42,restrictive,subject-2,chalk,
42,restrictive,subject-2,ruler,
42,restrictive,subject-2,shirt,
30,restrictive,subject-2,cap,
30,restrictive,subject-2,watch,
30,restrictive,subject-2,headphones,
30,restrictive,subject-2,dice,
38,restrictive,subject-2,mop,
38,restrictive,subject-2,broom,
38,restrictive,subject-2,cloth,
38,restrictive,subject-2,apron,
49,non-restrictive,subject-2,rubberband,
49,non-restrictive,subject-2,scissors,
49,non-restrictive,subject-2,stamp,
49,non-restrictive,subject-2,envelope,
15,non-restrictive,subject-2,hat,
15,non-restrictive,subject-2,wallet,
15,non-restrictive,subject-2,magnifying-glass,
15,non-restrictive,subject-2,folder,
19,non-restrictive,subject-2,bread,
19,non-restrictive,subject-2,spoon,
19,non-restrictive,subject-2,spatula,
19,non-restrictive,subject-2,bowl,
10,restrictive,subject-2,mirror,
10,restrictive,subject-2,dog,
10,restrictive,subject-2,wastebin,
10,restrictive,subject-2,washing-machine,
26,restrictive,subject-2,package,
26,restrictive,subject-2,coin,
26,restrictive,subject-2,coaster,
26,restrictive,subject-2,candle,
0,restrictive,subject-2,ball,
0,restrictive,subject-2,cake,
0,restrictive,subject-2,toy-car,
0,restrictive,subject-2,toy-train,
2,restrictive,subject-2,car,
2,restrictive,subject-2,houses,
2,restrictive,subject-2,dustbin,
2,restrictive,subject-2,man,
12,restrictive,subject-2,car,
12,restrictive,subject-2,boat,
12,restrictive,subject-2,birds,
12,restrictive,subject-2,sun,
28,restrictive,subject-2,sock,
28,restrictive,subject-2,milk,
28,restrictive,subject-2,glove,
28,restrictive,subject-2,nut,
7,non-restrictive,subject-2,child,
7,non-restrictive,subject-2,tv-monitor,
7,non-restrictive,subject-2,toy-bear,
7,non-restrictive,subject-2,microscope,
35,non-restrictive,subject-2,mascara,
35,non-restrictive,subject-2,brush,
35,non-restrictive,subject-2,mirror,
35,non-restrictive,subject-2,pot,
24,restrictive,subject-2,glass,
24,restrictive,subject-2,rabbit,
24,restrictive,subject-2,plate,
24,restrictive,subject-2,potato,
25,non-restrictive,subject-2,peach,
25,non-restrictive,subject-2,rope,
25,non-restrictive,subject-2,canvas,
25,non-restrictive,subject-2,keyboard,
33,non-restrictive,subject-2,box,
33,non-restrictive,subject-2,gift,
33,non-restrictive,subject-2,suitcase,
33,non-restrictive,subject-2,envelope,
1,non-restrictive,subject-2,chair,
1,non-restrictive,subject-2,lipstick,
1,non-restrictive,subject-2,wine,
1,non-restrictive,subject-2,cheese,
43,non-restrictive,subject-2,safe,
43,non-restrictive,subject-2,pan,
43,non-restrictive,subject-2,bolt,
43,non-restrictive,subject-2,handle,
32,restrictive,subject-2,kettle,
32,restrictive,subject-2,beer,
32,restrictive,subject-2,mug,
32,restrictive,subject-2,biscuit,
14,restrictive,subject-2,bird,
14,restrictive,subject-2,ball,
14,restrictive,subject-2,hen,
14,restrictive,subject-2,dog,
39,non-restrictive,subject-2,shoelace,
39,non-restrictive,subject-2,shampoo,
39,non-restrictive,subject-2,mat,
39,non-restrictive,subject-2,buckle,
20,restrictive,subject-2,cup,
20,restrictive,subject-2,kitten,
20,restrictive,subject-2,block,
20,restrictive,subject-2,crayon,
18,restrictive,subject-2,stick,
18,restrictive,subject-2,feather,
18,restrictive,subject-2,leaf,
18,restrictive,subject-2,football,
8,restrictive,subject-2,television,
8,restrictive,subject-2,piano,
8,restrictive,subject-2,table,
8,restrictive,subject-2,telephone,
27,non-restrictive,subject-2,lamp,
27,non-restrictive,subject-2,switch,
27,non-restrictive,subject-2,frame,
27,non-restrictive,subject-2,picture,
6,restrictive,subject-2,knife,
6,restrictive,subject-2,weighing-scales,
6,restrictive,subject-2,jug,
6,restrictive,subject-2,mushrooms,
6,non-restrictive,subject-3,knife,
6,non-restrictive,subject-3,weighing-scales,
6,non-restrictive,subject-3,jug,
6,non-restrictive,subject-3,mushrooms,
36,non-restrictive,subject-3,clips,
36,non-restrictive,subject-3,lego,
36,non-restrictive,subject-3,papers,
36,non-restrictive,subject-3,boxes,
10,non-restrictive,subject-3,mirror,
10,non-restrictive,subject-3,dog,
10,non-restrictive,subject-3,wastebin,
10,non-restrictive,subject-3,washing-machine,
35,restrictive,subject-3,mascara,
35,restrictive,subject-3,brush,
35,restrictive,subject-3,mirror,
35,restrictive,subject-3,pot,
41,restrictive,subject-3,cone,
41,restrictive,subject-3,shell,
41,restrictive,subject-3,orange,
41,restrictive,subject-3,stone,
30,non-restrictive,subject-3,cap,
30,non-restrictive,subject-3,watch,
30,non-restrictive,subject-3,headphones,
30,non-restrictive,subject-3,dice,
44,non-restrictive,subject-3,hammer,
44,non-restrictive,subject-3,dough,
44,non-restrictive,subject-3,glass,
44,non-restrictive,subject-3,ladle,
21,restrictive,subject-3,vase,0.0
21,restrictive,subject-3,cushion,0.0
21,restrictive,subject-3,flower,1.0
21,restrictive,subject-3,magazine,0.0
8,non-restrictive,subject-3,television,
8,non-restrictive,subject-3,piano,
8,non-restrictive,subject-3,table,
8,non-restrictive,subject-3,telephone,
17,restrictive,subject-3,stone,
17,restrictive,subject-3,rope,
17,restrictive,subject-3,wood,
17,restrictive,subject-3,bucket,
9,restrictive,subject-3,cup,
9,restrictive,subject-3,bag,
9,restrictive,subject-3,book,
9,restrictive,subject-3,door,
15,restrictive,subject-3,hat,
15,restrictive,subject-3,wallet,
15,restrictive,subject-3,magnifying-glass,
15,restrictive,subject-3,folder,
20,non-restrictive,subject-3,cup,
20,non-restrictive,subject-3,kitten,
20,non-restrictive,subject-3,block,
20,non-restrictive,subject-3,crayon,
0,non-restrictive,subject-3,ball,
0,non-restrictive,subject-3,cake,
0,non-restrictive,subject-3,toy-car,
0,non-restrictive,subject-3,toy-train,
40,non-restrictive,subject-3,iron,
40,non-restrictive,subject-3,blouse,
40,non-restrictive,subject-3,pin,
40,non-restrictive,subject-3,toothbrish,
34,non-restrictive,subject-3,puzzle,
34,non-restrictive,subject-3,notebook,
34,non-restrictive,subject-3,pillow,
34,non-restrictive,subject-3,radio,
24,non-restrictive,subject-3,glass,
24,non-restrictive,subject-3,rabbit,
24,non-restrictive,subject-3,plate,
24,non-restrictive,subject-3,potato,
14,non-restrictive,subject-3,bird,
14,non-restrictive,subject-3,ball,
14,non-restrictive,subject-3,hen,
14,non-restrictive,subject-3,dog,
43,restrictive,subject-3,safe,
43,restrictive,subject-3,pan,
43,restrictive,subject-3,bolt,
43,restrictive,subject-3,handle,
26,non-restrictive,subject-3,package,
26,non-restrictive,subject-3,coin,
26,non-restrictive,subject-3,coaster,
26,non-restrictive,subject-3,candle,
11,restrictive,subject-3,bell,
11,restrictive,subject-3,drum,
11,restrictive,subject-3,duck,
11,restrictive,subject-3,bricks,
4,non-restrictive,subject-3,shuttle-cock,
4,non-restrictive,subject-3,ball,
4,non-restrictive,subject-3,paper-plane,
4,non-restrictive,subject-3,acorns,
33,restrictive,subject-3,box,
33,restrictive,subject-3,gift,
33,restrictive,subject-3,suitcase,
33,restrictive,subject-3,envelope,
48,non-restrictive,subject-3,pouch,
48,non-restrictive,subject-3,balloon,
48,non-restrictive,subject-3,pump,
48,non-restrictive,subject-3,flag,
47,restrictive,subject-3,carpet,
47,restrictive,subject-3,dustpan,
47,restrictive,subject-3,roller,
47,restrictive,subject-3,footstool,
2,non-restrictive,subject-3,car,
2,non-restrictive,subject-3,houses,
2,non-restrictive,subject-3,dustbin,
2,non-restrictive,subject-3,man,
45,restrictive,subject-3,peeler,
45,restrictive,subject-3,pot,
45,restrictive,subject-3,carrot,
45,restrictive,subject-3,laddle,
31,restrictive,subject-3,bottle,
31,restrictive,subject-3,lemon,
31,restrictive,subject-3,sponge,
31,restrictive,subject-3,seed,
12,non-restrictive,subject-3,car,
12,non-restrictive,subject-3,boat,
12,non-restrictive,subject-3,birds,
12,non-restrictive,subject-3,sun,
19,restrictive,subject-3,bread,
19,restrictive,subject-3,spoon,
19,restrictive,subject-3,spatula,
19,restrictive,subject-3,bowl,
49,restrictive,subject-3,rubberband,
49,restrictive,subject-3,scissors,
49,restrictive,subject-3,stamp,
49,restrictive,subject-3,envelope,
42,non-restrictive,subject-3,apple,
42,non-restrictive,subject-3,chalk,
42,non-restrictive,subject-3,ruler,
42,non-restrictive,subject-3,shirt,
25,restrictive,subject-3,peach,
25,restrictive,subject-3,rope,
25,restrictive,subject-3,canvas,
25,restrictive,subject-3,keyboard,
32,non-restrictive,subject-3,kettle,
32,non-restrictive,subject-3,beer,
32,non-restrictive,subject-3,mug,
32,non-restrictive,subject-3,biscuit,
7,restrictive,subject-3,child,
7,restrictive,subject-3,tv-monitor,
7,restrictive,subject-3,toy-bear,
7,restrictive,subject-3,microscope,
23,restrictive,subject-3,scarf,
23,restrictive,subject-3,pencil,
23,restrictive,subject-3,needle,
23,restrictive,subject-3,card,
46,non-restrictive,subject-3,bow,
46,non-restrictive,subject-3,gum,
46,non-restrictive,subject-3,stand,
46,non-restrictive,subject-3,violin,
29,restrictive,subject-3,eraser,
29,restrictive,subject-3,tissue,
29,restrictive,subject-3,newspaper,
29,restrictive,subject-3,comb,
38,non-restrictive,subject-3,mop,
38,non-restrictive,subject-3,broom,
38,non-restrictive,subject-3,cloth,
38,non-restrictive,subject-3,apron,
3,restrictive,subject-3,baby,
3,restrictive,subject-3,plant,
3,restrictive,subject-3,stool,
3,restrictive,subject-3,rocking-horse,
28,non-restrictive,subject-3,sock,
28,non-restrictive,subject-3,milk,
28,non-restrictive,subject-3,glove,
28,non-restrictive,subject-3,nut,
1,restrictive,subject-3,chair,
1,restrictive,subject-3,lipstick,
1,restrictive,subject-3,wine,
1,restrictive,subject-3,cheese,
16,non-restrictive,subject-3,ribbon,
16,non-restrictive,subject-3,dress,
16,non-restrictive,subject-3,lantern,
16,non-restrictive,subject-3,backpack,
5,restrictive,subject-3,cactus,
5,restrictive,subject-3,moon,
5,restrictive,subject-3,mountain,
5,restrictive,subject-3,animal,
13,restrictive,subject-3,briefcase,
13,restrictive,subject-3,glasses,
13,restrictive,subject-3,cigarettes,
13,restrictive,subject-3,filofax,
27,restrictive,subject-3,lamp,
27,restrictive,subject-3,switch,
27,restrictive,subject-3,frame,
27,restrictive,subject-3,picture,
18,non-restrictive,subject-3,stick,
18,non-restrictive,subject-3,feather,
18,non-restrictive,subject-3,leaf,
18,non-restrictive,subject-3,football,
37,restrictive,subject-3,marker,
37,restrictive,subject-3,key,
37,restrictive,subject-3,banana,
37,restrictive,subject-3,mitten,
39,restrictive,subject-3,shoelace,
39,restrictive,subject-3,shampoo,
39,restrictive,subject-3,mat,
39,restrictive,subject-3,buckle,
22,non-restrictive,subject-3,hook,
22,non-restrictive,subject-3,poster,
22,non-restrictive,subject-3,towel,
22,non-restrictive,subject-3,coat,
21,non-restrictive,subject-4,magazine,
21,non-restrictive,subject-4,vase,
21,non-restrictive,subject-4,cushion,
21,non-restrictive,subject-4,flower,
0,restrictive,subject-4,toy-train,0.0
0,restrictive,subject-4,ball,0.0
0,restrictive,subject-4,cake,0.5
0,restrictive,subject-4,toy-car,0.5
9,non-restrictive,subject-4,door,0.5
9,non-restrictive,subject-4,cup,0.0
9,non-restrictive,subject-4,bag,0.5
9,non-restrictive,subject-4,book,0.0
33,non-restrictive,subject-4,envelope,
33,non-restrictive,subject-4,box,
33,non-restrictive,subject-4,gift,
33,non-restrictive,subject-4,suitcase,
25,non-restrictive,subject-4,keyboard,
25,non-restrictive,subject-4,peach,
25,non-restrictive,subject-4,rope,
25,non-restrictive,subject-4,canvas,
4,restrictive,subject-4,acorns,0.0
4,restrictive,subject-4,shuttle-cock,0.0
4,restrictive,subject-4,ball,1.0
4,restrictive,subject-4,paper-plane,0.0
5,non-restrictive,subject-4,animal,
5,non-restrictive,subject-4,cactus,
5,non-restrictive,subject-4,moon,
5,non-restrictive,subject-4,mountain,
39,non-restrictive,subject-4,buckle,
39,non-restrictive,subject-4,shoelace,
39,non-restrictive,subject-4,shampoo,
39,non-restrictive,subject-4,mat,
43,non-restrictive,subject-4,handle,
43,non-restrictive,subject-4,safe,
43,non-restrictive,subject-4,pan,
43,non-restrictive,subject-4,bolt,
26,restrictive,subject-4,candle,
26,restrictive,subject-4,package,
26,restrictive,subject-4,coin,
26,restrictive,subject-4,coaster,
23,non-restrictive,subject-4,card,
23,non-restrictive,subject-4,scarf,
23,non-restrictive,subject-4,pencil,
23,non-restrictive,subject-4,needle,
20,restrictive,subject-4,crayon,
20,restrictive,subject-4,cup,
20,restrictive,subject-4,kitten,
20,restrictive,subject-4,block,
37,non-restrictive,subject-4,mitten,
37,non-restrictive,subject-4,marker,
37,non-restrictive,subject-4,key,
37,non-restrictive,subject-4,banana,
19,non-restrictive,subject-4,bowl,
19,non-restrictive,subject-4,bread,
19,non-restrictive,subject-4,spoon,
19,non-restrictive,subject-4,spatula,
7,non-restrictive,subject-4,microscope,
7,non-restrictive,subject-4,child,
7,non-restrictive,subject-4,tv-monitor,
7,non-restrictive,subject-4,toy-bear,
28,restrictive,subject-4,nut,
28,restrictive,subject-4,sock,
28,restrictive,subject-4,milk,
28,restrictive,subject-4,glove,
35,non-restrictive,subject-4,pot,
35,non-restrictive,subject-4,mascara,
35,non-restrictive,subject-4,brush,
35,non-restrictive,subject-4,mirror,
27,non-restrictive,subject-4,picture,
27,non-restrictive,subject-4,lamp,
27,non-restrictive,subject-4,switch,
27,non-restrictive,subject-4,frame,
46,restrictive,subject-4,violin,
46,restrictive,subject-4,bow,
46,restrictive,subject-4,gum,
46,restrictive,subject-4,stand,
32,restrictive,subject-4,biscuit,0.0
32,restrictive,subject-4,kettle,0.0
32,restrictive,subject-4,beer,0.0
32,restrictive,subject-4,mug,1.0
36,restrictive,subject-4,boxes,
36,restrictive,subject-4,clips,
36,restrictive,subject-4,lego,
36,restrictive,subject-4,papers,
22,restrictive,subject-4,coat,
22,restrictive,subject-4,hook,
22,restrictive,subject-4,poster,
22,restrictive,subject-4,towel,
10,restrictive,subject-4,washing-machine,0.0
10,restrictive,subject-4,mirror,1.0
10,restrictive,subject-4,dog,0.0
10,restrictive,subject-4,wastebin,0.0
40,restrictive,subject-4,toothbrish,
40,restrictive,subject-4,iron,
40,restrictive,subject-4,blouse,
40,restrictive,subject-4,pin,
48,restrictive,subject-4,flag,
48,restrictive,subject-4,pouch,
48,restrictive,subject-4,balloon,
48,restrictive,subject-4,pump,
15,non-restrictive,subject-4,folder,
15,non-restrictive,subject-4,hat,
15,non-restrictive,subject-4,wallet,
15,non-restrictive,subject-4,magnifying-glass,
44,restrictive,subject-4,ladle,
44,restrictive,subject-4,hammer,
44,restrictive,subject-4,dough,
44,restrictive,subject-4,glass,
8,restrictive,subject-4,telephone,
8,restrictive,subject-4,television,
8,restrictive,subject-4,piano,
8,restrictive,subject-4,table,
24,restrictive,subject-4,potato,
24,restrictive,subject-4,glass,
24,restrictive,subject-4,rabbit,
24,restrictive,subject-4,plate,
31,non-restrictive,subject-4,seed,
31,non-restrictive,subject-4,bottle,
31,non-restrictive,subject-4,lemon,
31,non-restrictive,subject-4,sponge,
3,non-restrictive,subject-4,rocking-horse,
3,non-restrictive,subject-4,baby,
3,non-restrictive,subject-4,plant,
3,non-restrictive,subject-4,stool,
29,non-restrictive,subject-4,comb,0.0
29,non-restrictive,subject-4,eraser,0.0
29,non-restrictive,subject-4,tissue,1.0
29,non-restrictive,subject-4,newspaper,0.0
1,non-restrictive,subject-4,cheese,
1,non-restrictive,subject-4,chair,
1,non-restrictive,subject-4,lipstick,
1,non-restrictive,subject-4,wine,
38,restrictive,subject-4,apron,
38,restrictive,subject-4,mop,
38,restrictive,subject-4,broom,
38,restrictive,subject-4,cloth,
17,non-restrictive,subject-4,bucket,
17,non-restrictive,subject-4,stone,
17,non-restrictive,subject-4,rope,
17,non-restrictive,subject-4,wood,
11,non-restrictive,subject-4,bricks,
11,non-restrictive,subject-4,bell,
11,non-restrictive,subject-4,drum,
11,non-restrictive,subject-4,duck,
16,restrictive,subject-4,backpack,0.0
16,restrictive,subject-4,ribbon,0.0
16,restrictive,subject-4,dress,1.0
16,restrictive,subject-4,lantern,0.0
45,non-restrictive,subject-4,laddle,
45,non-restrictive,subject-4,peeler,
45,non-restrictive,subject-4,pot,
45,non-restrictive,subject-4,carrot,
14,restrictive,subject-4,dog,
14,restrictive,subject-4,bird,
14,restrictive,subject-4,ball,
14,restrictive,subject-4,hen,
6,restrictive,subject-4,mushrooms,0.0
6,restrictive,subject-4,knife,0.0
6,restrictive,subject-4,weighing-scales,1.0
6,restrictive,subject-4,jug,0.0
30,restrictive,subject-4,dice,
30,restrictive,subject-4,cap,
30,restrictive,subject-4,watch,
30,restrictive,subject-4,headphones,
49,non-restrictive,subject-4,envelope,
49,non-restrictive,subject-4,rubberband,
49,non-restrictive,subject-4,scissors,
49,non-restrictive,subject-4,stamp,
18,restrictive,subject-4,football,
18,restrictive,subject-4,stick,
18,restrictive,subject-4,feather,
18,restrictive,subject-4,leaf,
12,restrictive,subject-4,sun,
12,restrictive,subject-4,car,
12,restrictive,subject-4,boat,
12,restrictive,subject-4,birds,
42,restrictive,subject-4,shirt,
42,restrictive,subject-4,apple,
42,restrictive,subject-4,chalk,
42,restrictive,subject-4,ruler,
2,restrictive,subject-4,man,
2,restrictive,subject-4,car,
2,restrictive,subject-4,houses,
2,restrictive,subject-4,dustbin,
41,non-restrictive,subject-4,stone,
41,non-restrictive,subject-4,cone,
41,non-restrictive,subject-4,shell,
41,non-restrictive,subject-4,orange,
47,non-restrictive,subject-4,footstool,
47,non-restrictive,subject-4,carpet,
47,non-restrictive,subject-4,dustpan,
47,non-restrictive,subject-4,roller,
13,non-restrictive,subject-4,filofax,
13,non-restrictive,subject-4,briefcase,
13,non-restrictive,subject-4,glasses,
13,non-restrictive,subject-4,cigarettes,
21,restrictive,subject-5,magazine,0.0
21,restrictive,subject-5,vase,0.5
21,restrictive,subject-5,cushion,0.5
21,restrictive,subject-5,flower,0.0
14,non-restrictive,subject-5,dog,0.0
14,non-restrictive,subject-5,bird,0.0
14,non-restrictive,subject-5,ball,1.0
14,non-restrictive,subject-5,hen,0.0
17,restrictive,subject-5,bucket,0.0
17,restrictive,subject-5,stone,1.0
17,restrictive,subject-5,rope,0.0
17,restrictive,subject-5,wood,0.0
42,non-restrictive,subject-5,shirt,0.5
42,non-restrictive,subject-5,apple,0.0
42,non-restrictive,subject-5,chalk,0.5
42,non-restrictive,subject-5,ruler,0.0
7,restrictive,subject-5,microscope,1.0
7,restrictive,subject-5,child,0.0
7,restrictive,subject-5,tv-monitor,0.0
7,restrictive,subject-5,toy-bear,0.0
23,restrictive,subject-5,card,
23,restrictive,subject-5,scarf,
23,restrictive,subject-5,pencil,
23,restrictive,subject-5,needle,
48,non-restrictive,subject-5,flag,0.0
48,non-restrictive,subject-5,pouch,0.0
48,non-restrictive,subject-5,balloon,0.5
48,non-restrictive,subject-5,pump,0.5
20,non-restrictive,subject-5,crayon,
20,non-restrictive,subject-5,cup,
20,non-restrictive,subject-5,kitten,
20,non-restrictive,subject-5,block,
5,restrictive,subject-5,animal,
5,restrictive,subject-5,cactus,
5,restrictive,subject-5,moon,
5,restrictive,subject-5,mountain,
46,non-restrictive,subject-5,violin,
46,non-restrictive,subject-5,bow,
46,non-restrictive,subject-5,gum,
46,non-restrictive,subject-5,stand,
29,restrictive,subject-5,comb,
29,restrictive,subject-5,eraser,
29,restrictive,subject-5,tissue,
29,restrictive,subject-5,newspaper,
34,non-restrictive,subject-5,radio,
34,non-restrictive,subject-5,puzzle,
34,non-restrictive,subject-5,notebook,
34,non-restrictive,subject-5,pillow,
40,non-restrictive,subject-5,toothbrish,
40,non-restrictive,subject-5,iron,
40,non-restrictive,subject-5,blouse,
40,non-restrictive,subject-5,pin,
39,restrictive,subject-5,buckle,
39,restrictive,subject-5,shoelace,
39,restrictive,subject-5,shampoo,
39,restrictive,subject-5,mat,
4,non-restrictive,subject-5,acorns,
4,non-restrictive,subject-5,shuttle-cock,
4,non-restrictive,subject-5,ball,
4,non-restrictive,subject-5,paper-plane,
3,restrictive,subject-5,rocking-horse,
3,restrictive,subject-5,baby,
3,restrictive,subject-5,plant,
3,restrictive,subject-5,stool,
36,non-restrictive,subject-5,boxes,1.0
36,non-restrictive,subject-5,clips,0.0
36,non-restrictive,subject-5,lego,0.0
36,non-restrictive,subject-5,papers,0.0
44,non-restrictive,subject-5,ladle,
44,non-restrictive,subject-5,hammer,
44,non-restrictive,subject-5,dough,
44,non-restrictive,subject-5,glass,
31,restrictive,subject-5,seed,
31,restrictive,subject-5,bottle,
31,restrictive,subject-5,lemon,
31,restrictive,subject-5,sponge,
6,non-restrictive,subject-5,mushrooms,
6,non-restrictive,subject-5,knife,
6,non-restrictive,subject-5,weighing-scales,
6,non-restrictive,subject-5,jug,
32,non-restrictive,subject-5,biscuit,
32,non-restrictive,subject-5,kettle,
32,non-restrictive,subject-5,beer,
32,non-restrictive,subject-5,mug,
18,non-restrictive,subject-5,football,
18,non-restrictive,subject-5,stick,
18,non-restrictive,subject-5,feather,
18,non-restrictive,subject-5,leaf,
1,restrictive,subject-5,cheese,0.0
1,restrictive,subject-5,chair,0.0
1,restrictive,subject-5,lipstick,1.0
1,restrictive,subject-5,wine,0.0
26,non-restrictive,subject-5,candle,
26,non-restrictive,subject-5,package,
26,non-restrictive,subject-5,coin,
26,non-restrictive,subject-5,coaster,
45,restrictive,subject-5,laddle,
45,restrictive,subject-5,peeler,
45,restrictive,subject-5,pot,
45,restrictive,subject-5,carrot,
47,restrictive,subject-5,footstool,
47,restrictive,subject-5,carpet,
47,restrictive,subject-5,dustpan,
47,restrictive,subject-5,roller,
10,non-restrictive,subject-5,washing-machine,0.0
10,non-restrictive,subject-5,mirror,0.0
10,non-restrictive,subject-5,dog,1.0
10,non-restrictive,subject-5,wastebin,0.0
9,restrictive,subject-5,door,0.0
9,restrictive,subject-5,cup,1.0
9,restrictive,subject-5,bag,0.0
9,restrictive,subject-5,book,0.0
19,restrictive,subject-5,bowl,
19,restrictive,subject-5,bread,
19,restrictive,subject-5,spoon,
19,restrictive,subject-5,spatula,
8,non-restrictive,subject-5,telephone,1.0
8,non-restrictive,subject-5,television,0.0
8,non-restrictive,subject-5,piano,0.0
8,non-restrictive,subject-5,table,0.0
37,restrictive,subject-5,mitten,
37,restrictive,subject-5,marker,
37,restrictive,subject-5,key,
37,restrictive,subject-5,banana,
41,restrictive,subject-5,stone,
41,restrictive,subject-5,cone,
41,restrictive,subject-5,shell,
41,restrictive,subject-5,orange,
43,restrictive,subject-5,handle,
43,restrictive,subject-5,safe,
43,restrictive,subject-5,pan,
43,restrictive,subject-5,bolt,
13,restrictive,subject-5,filofax,
13,restrictive,subject-5,briefcase,
13,restrictive,subject-5,glasses,
13,restrictive,subject-5,cigarettes,
15,restrictive,subject-5,folder,
15,restrictive,subject-5,hat,
15,restrictive,subject-5,wallet,
15,restrictive,subject-5,magnifying-glass,
38,non-restrictive,subject-5,apron,
38,non-restrictive,subject-5,mop,
38,non-restrictive,subject-5,broom,
38,non-restrictive,subject-5,cloth,
33,restrictive,subject-5,envelope,
33,restrictive,subject-5,box,
33,restrictive,subject-5,gift,
33,restrictive,subject-5,suitcase,
49,restrictive,subject-5,envelope,
49,restrictive,subject-5,rubberband,
49,restrictive,subject-5,scissors,
49,restrictive,subject-5,stamp,
0,non-restrictive,subject-5,toy-train,
0,non-restrictive,subject-5,ball,
0,non-restrictive,subject-5,cake,
0,non-restrictive,subject-5,toy-car,
12,non-restrictive,subject-5,sun,
12,non-restrictive,subject-5,car,
12,non-restrictive,subject-5,boat,
12,non-restrictive,subject-5,birds,
28,non-restrictive,subject-5,nut,
28,non-restrictive,subject-5,sock,
28,non-restrictive,subject-5,milk,
28,non-restrictive,subject-5,glove,
25,restrictive,subject-5,keyboard,
25,restrictive,subject-5,peach,
25,restrictive,subject-5,rope,
25,restrictive,subject-5,canvas,
35,restrictive,subject-5,pot,
35,restrictive,subject-5,mascara,
35,restrictive,subject-5,brush,
35,restrictive,subject-5,mirror,
2,non-restrictive,subject-5,man,
2,non-restrictive,subject-5,car,
2,non-restrictive,subject-5,houses,
2,non-restrictive,subject-5,dustbin,
30,non-restrictive,subject-5,dice,
30,non-restrictive,subject-5,cap,
30,non-restrictive,subject-5,watch,
30,non-restrictive,subject-5,headphones,
27,restrictive,subject-5,picture,
27,restrictive,subject-5,lamp,
27,restrictive,subject-5,switch,
27,restrictive,subject-5,frame,
24,non-restrictive,subject-5,potato,
24,non-restrictive,subject-5,glass,
24,non-restrictive,subject-5,rabbit,
24,non-restrictive,subject-5,plate,
11,restrictive,subject-5,bricks,
11,restrictive,subject-5,bell,
11,restrictive,subject-5,drum,
11,restrictive,subject-5,duck,
22,non-restrictive,subject-5,coat,
22,non-restrictive,subject-5,hook,
22,non-restrictive,subject-5,poster,
22,non-restrictive,subject-5,towel,
16,non-restrictive,subject-5,backpack,0.0
16,non-restrictive,subject-5,ribbon,1.0
16,non-restrictive,subject-5,dress,0.0
16,non-restrictive,subject-5,lantern,0.0
40,restrictive,subject-6,pin,
40,restrictive,subject-6,toothbrish,
40,restrictive,subject-6,iron,
40,restrictive,subject-6,blouse,
30,restrictive,subject-6,headphones,
30,restrictive,subject-6,dice,
30,restrictive,subject-6,cap,
30,restrictive,subject-6,watch,
9,non-restrictive,subject-6,book,
9,non-restrictive,subject-6,door,
9,non-restrictive,subject-6,cup,
9,non-restrictive,subject-6,bag,
29,non-restrictive,subject-6,newspaper,
29,non-restrictive,subject-6,comb,
29,non-restrictive,subject-6,eraser,
29,non-restrictive,subject-6,tissue,
10,restrictive,subject-6,wastebin,0.0
10,restrictive,subject-6,washing-machine,1.0
10,restrictive,subject-6,mirror,0.0
10,restrictive,subject-6,dog,0.0
37,non-restrictive,subject-6,banana,
37,non-restrictive,subject-6,mitten,
37,non-restrictive,subject-6,marker,
37,non-restrictive,subject-6,key,
6,restrictive,subject-6,jug,
6,restrictive,subject-6,mushrooms,
6,restrictive,subject-6,knife,
6,restrictive,subject-6,weighing-scales,
22,restrictive,subject-6,towel,
22,restrictive,subject-6,coat,
22,restrictive,subject-6,hook,
22,restrictive,subject-6,poster,
49,non-restrictive,subject-6,stamp,
49,non-restrictive,subject-6,envelope,
49,non-restrictive,subject-6,rubberband,
49,non-restrictive,subject-6,scissors,
11,non-restrictive,subject-6,duck,
11,non-restrictive,subject-6,bricks,
11,non-restrictive,subject-6,bell,
11,non-restrictive,subject-6,drum,
33,non-restrictive,subject-6,suitcase,
33,non-restrictive,subject-6,envelope,
33,non-restrictive,subject-6,box,
33,non-restrictive,subject-6,gift,
3,non-restrictive,subject-6,stool,
3,non-restrictive,subject-6,rocking-horse,
3,non-restrictive,subject-6,baby,
3,non-restrictive,subject-6,plant,
41,non-restrictive,subject-6,orange,
41,non-restrictive,subject-6,stone,
41,non-restrictive,subject-6,cone,
41,non-restrictive,subject-6,shell,
44,restrictive,subject-6,glass,
44,restrictive,subject-6,ladle,
44,restrictive,subject-6,hammer,
44,restrictive,subject-6,dough,
35,non-restrictive,subject-6,mirror,
35,non-restrictive,subject-6,pot,
35,non-restrictive,subject-6,mascara,
35,non-restrictive,subject-6,brush,
20,restrictive,subject-6,block,
20,restrictive,subject-6,crayon,
20,restrictive,subject-6,cup,
20,restrictive,subject-6,kitten,
1,non-restrictive,subject-6,wine,
1,non-restrictive,subject-6,cheese,
1,non-restrictive,subject-6,chair,
1,non-restrictive,subject-6,lipstick,
47,non-restrictive,subject-6,roller,
47,non-restrictive,subject-6,footstool,
47,non-restrictive,subject-6,carpet,
47,non-restrictive,subject-6,dustpan,
46,restrictive,subject-6,stand,
46,restrictive,subject-6,violin,
46,restrictive,subject-6,bow,
46,restrictive,subject-6,gum,
25,non-restrictive,subject-6,canvas,
25,non-restrictive,subject-6,keyboard,
25,non-restrictive,subject-6,peach,
25,non-restrictive,subject-6,rope,
48,restrictive,subject-6,pump,
48,restrictive,subject-6,flag,
48,restrictive,subject-6,pouch,
48,restrictive,subject-6,balloon,
15,non-restrictive,subject-6,magnifying-glass,
15,non-restrictive,subject-6,folder,
15,non-restrictive,subject-6,hat,
15,non-restrictive,subject-6,wallet,
28,restrictive,subject-6,glove,
28,restrictive,subject-6,nut,
28,restrictive,subject-6,sock,
28,restrictive,subject-6,milk,
42,restrictive,subject-6,ruler,
42,restrictive,subject-6,shirt,
42,restrictive,subject-6,apple,
42,restrictive,subject-6,chalk,
4,restrictive,subject-6,paper-plane,
4,restrictive,subject-6,acorns,
4,restrictive,subject-6,shuttle-cock,
4,restrictive,subject-6,ball,
8,restrictive,subject-6,table,
8,restrictive,subject-6,telephone,
8,restrictive,subject-6,television,
8,restrictive,subject-6,piano,
13,non-restrictive,subject-6,cigarettes,
13,non-restrictive,subject-6,filofax,
13,non-restrictive,subject-6,briefcase,
13,non-restrictive,subject-6,glasses,
12,restrictive,subject-6,birds,
12,restrictive,subject-6,sun,
12,restrictive,subject-6,car,
12,restrictive,subject-6,boat,
0,restrictive,subject-6,toy-car,
0,restrictive,subject-6,toy-train,
0,restrictive,subject-6,ball,
0,restrictive,subject-6,cake,
45,non-restrictive,subject-6,carrot,
45,non-restrictive,subject-6,laddle,
45,non-restrictive,subject-6,peeler,
45,non-restrictive,subject-6,pot,
19,non-restrictive,subject-6,spatula,
19,non-restrictive,subject-6,bowl,
19,non-restrictive,subject-6,bread,
19,non-restrictive,subject-6,spoon,
43,non-restrictive,subject-6,bolt,
43,non-restrictive,subject-6,handle,
43,non-restrictive,subject-6,safe,
43,non-restrictive,subject-6,pan,
17,non-restrictive,subject-6,wood,
17,non-restrictive,subject-6,bucket,
17,non-restrictive,subject-6,stone,
17,non-restrictive,subject-6,rope,
26,restrictive,subject-6,coaster,
26,restrictive,subject-6,candle,
26,restrictive,subject-6,package,
26,restrictive,subject-6,coin,
5,non-restrictive,subject-6,mountain,
5,non-restrictive,subject-6,animal,
5,non-restrictive,subject-6,cactus,
5,non-restrictive,subject-6,moon,
24,restrictive,subject-6,plate,
24,restrictive,subject-6,potato,
24,restrictive,subject-6,glass,
24,restrictive,subject-6,rabbit,
36,restrictive,subject-6,papers,
36,restrictive,subject-6,boxes,
36,restrictive,subject-6,clips,
36,restrictive,subject-6,lego,
16,restrictive,subject-6,lantern,
16,restrictive,subject-6,backpack,
16,restrictive,subject-6,ribbon,
16,restrictive,subject-6,dress,
18,restrictive,subject-6,leaf,
18,restrictive,subject-6,football,
18,restrictive,subject-6,stick,
18,restrictive,subject-6,feather,
14,restrictive,subject-6,hen,
14,restrictive,subject-6,dog,
14,restrictive,subject-6,bird,
14,restrictive,subject-6,ball,
21,non-restrictive,subject-6,flower,
21,non-restrictive,subject-6,magazine,
21,non-restrictive,subject-6,vase,
21,non-restrictive,subject-6,cushion,
31,non-restrictive,subject-6,sponge,
31,non-restrictive,subject-6,seed,
31,non-restrictive,subject-6,bottle,
31,non-restrictive,subject-6,lemon,
39,non-restrictive,subject-6,mat,
39,non-restrictive,subject-6,buckle,
39,non-restrictive,subject-6,shoelace,
39,non-restrictive,subject-6,shampoo,
23,non-restrictive,subject-6,needle,
23,non-restrictive,subject-6,card,
23,non-restrictive,subject-6,scarf,
23,non-restrictive,subject-6,pencil,
32,restrictive,subject-6,mug,
32,restrictive,subject-6,biscuit,
32,restrictive,subject-6,kettle,
32,restrictive,subject-6,beer,
2,restrictive,subject-6,dustbin,
2,restrictive,subject-6,man,
2,restrictive,subject-6,car,
2,restrictive,subject-6,houses,
27,non-restrictive,subject-6,frame,
27,non-restrictive,subject-6,picture,
27,non-restrictive,subject-6,lamp,
27,non-restrictive,subject-6,switch,
38,restrictive,subject-6,cloth,
38,restrictive,subject-6,apron,
38,restrictive,subject-6,mop,
38,restrictive,subject-6,broom,
7,non-restrictive,subject-6,toy-bear,
7,non-restrictive,subject-6,microscope,
7,non-restrictive,subject-6,child,
7,non-restrictive,subject-6,tv-monitor,
11,restrictive,subject-13,bricks,
11,restrictive,subject-13,bell,
11,restrictive,subject-13,drum,
11,restrictive,subject-13,duck,
2,non-restrictive,subject-13,man,
2,non-restrictive,subject-13,car,
2,non-restrictive,subject-13,houses,
2,non-restrictive,subject-13,dustbin,
33,restrictive,subject-13,envelope,
33,restrictive,subject-13,box,
33,restrictive,subject-13,gift,
33,restrictive,subject-13,suitcase,
30,non-restrictive,subject-13,dice,
30,non-restrictive,subject-13,cap,
30,non-restrictive,subject-13,watch,
30,non-restrictive,subject-13,headphones,
15,restrictive,subject-13,folder,
15,restrictive,subject-13,hat,
15,restrictive,subject-13,wallet,
15,restrictive,subject-13,magnifying-glass,
38,non-restrictive,subject-13,apron,1.0
38,non-restrictive,subject-13,mop,0.0
38,non-restrictive,subject-13,broom,0.0
38,non-restrictive,subject-13,cloth,0.0
39,restrictive,subject-13,buckle,
39,restrictive,subject-13,shoelace,
39,restrictive,subject-13,shampoo,
39,restrictive,subject-13,mat,
23,restrictive,subject-13,card,
23,restrictive,subject-13,scarf,
23,restrictive,subject-13,pencil,
23,restrictive,subject-13,needle,
41,restrictive,subject-13,stone,0.0
41,restrictive,subject-13,cone,0.0
41,restrictive,subject-13,shell,1.0
41,restrictive,subject-13,orange,0.0
8,non-restrictive,subject-13,telephone,
8,non-restrictive,subject-13,television,
8,non-restrictive,subject-13,piano,
8,non-restrictive,subject-13,table,
13,restrictive,subject-13,filofax,0.0
13,restrictive,subject-13,briefcase,0.0
13,restrictive,subject-13,glasses,0.0
13,restrictive,subject-13,cigarettes,1.0
35,restrictive,subject-13,pot,
35,restrictive,subject-13,mascara,
35,restrictive,subject-13,brush,
35,restrictive,subject-13,mirror,
42,non-restrictive,subject-13,shirt,0.3333
42,non-restrictive,subject-13,apple,0.3333
42,non-restrictive,subject-13,chalk,0.3333
42,non-restrictive,subject-13,ruler,0.0
24,non-restrictive,subject-13,potato,
24,non-restrictive,subject-13,glass,
24,non-restrictive,subject-13,rabbit,
24,non-restrictive,subject-13,plate,
9,restrictive,subject-13,door,0.0
9,restrictive,subject-13,cup,0.0
9,restrictive,subject-13,bag,1.0
9,restrictive,subject-13,book,0.0
0,non-restrictive,subject-13,toy-train,
0,non-restrictive,subject-13,ball,
0,non-restrictive,subject-13,cake,
0,non-restrictive,subject-13,toy-car,
43,restrictive,subject-13,handle,0.0
43,restrictive,subject-13,safe,0.0
43,restrictive,subject-13,pan,0.5
43,restrictive,subject-13,bolt,0.5
6,non-restrictive,subject-13,mushrooms,
6,non-restrictive,subject-13,knife,
6,non-restrictive,subject-13,weighing-scales,
6,non-restrictive,subject-13,jug,
37,restrictive,subject-13,mitten,
37,restrictive,subject-13,marker,
37,restrictive,subject-13,key,
37,restrictive,subject-13,banana,
17,restrictive,subject-13,bucket,
17,restrictive,subject-13,stone,
17,restrictive,subject-13,rope,
17,restrictive,subject-13,wood,
31,restrictive,subject-13,seed,0.0
31,restrictive,subject-13,bottle,0.0
31,restrictive,subject-13,lemon,1.0
31,restrictive,subject-13,sponge,0.0
46,non-restrictive,subject-13,violin,1.0
46,non-restrictive,subject-13,bow,0.0
46,non-restrictive,subject-13,gum,0.0
46,non-restrictive,subject-13,stand,0.0
16,non-restrictive,subject-13,backpack,
16,non-restrictive,subject-13,ribbon,
16,non-restrictive,subject-13,dress,
16,non-restrictive,subject-13,lantern,
12,non-restrictive,subject-13,sun,0.0
12,non-restrictive,subject-13,car,0.0
12,non-restrictive,subject-13,boat,1.0
12,non-restrictive,subject-13,birds,0.0
7,restrictive,subject-13,microscope,0.0
7,restrictive,subject-13,child,0.5
7,restrictive,subject-13,tv-monitor,0.0
7,restrictive,subject-13,toy-bear,0.5
47,restrictive,subject-13,footstool,0.0
47,restrictive,subject-13,carpet,0.0
47,restrictive,subject-13,dustpan,0.0
47,restrictive,subject-13,roller,1.0
44,non-restrictive,subject-13,ladle,
44,non-restrictive,subject-13,hammer,
44,non-restrictive,subject-13,dough,
44,non-restrictive,subject-13,glass,
28,non-restrictive,subject-13,nut,
28,non-restrictive,subject-13,sock,
28,non-restrictive,subject-13,milk,
28,non-restrictive,subject-13,glove,
14,non-restrictive,subject-13,dog,
14,non-restrictive,subject-13,bird,
14,non-restrictive,subject-13,ball,
14,non-restrictive,subject-13,hen,
22,non-restrictive,subject-13,coat,0.0
22,non-restrictive,subject-13,hook,1.0
22,non-restrictive,subject-13,poster,0.0
22,non-restrictive,subject-13,towel,0.0
18,non-restrictive,subject-13,football,0.5
18,non-restrictive,subject-13,stick,0.5
18,non-restrictive,subject-13,feather,0.0
18,non-restrictive,subject-13,leaf,0.0
10,non-restrictive,subject-13,washing-machine,0.0
10,non-restrictive,subject-13,mirror,0.0
10,non-restrictive,subject-13,dog,0.5
10,non-restrictive,subject-13,wastebin,0.5
19,restrictive,subject-13,bowl,
19,restrictive,subject-13,bread,
19,restrictive,subject-13,spoon,
19,restrictive,subject-13,spatula,
25,restrictive,subject-13,keyboard,
25,restrictive,subject-13,peach,
25,restrictive,subject-13,rope,
25,restrictive,subject-13,canvas,
1,restrictive,subject-13,cheese,0.0
1,restrictive,subject-13,chair,0.0
1,restrictive,subject-13,lipstick,1.0
1,restrictive,subject-13,wine,0.0
45,restrictive,subject-13,laddle,0.0
45,restrictive,subject-13,peeler,0.0
45,restrictive,subject-13,pot,1.0
45,restrictive,subject-13,carrot,0.0
26,non-restrictive,subject-13,candle,
26,non-restrictive,subject-13,package,
26,non-restrictive,subject-13,coin,
26,non-restrictive,subject-13,coaster,
29,restrictive,subject-13,comb,
29,restrictive,subject-13,eraser,
29,restrictive,subject-13,tissue,
29,restrictive,subject-13,newspaper,
4,non-restrictive,subject-13,acorns,0.0
4,non-restrictive,subject-13,shuttle-cock,1.0
4,non-restrictive,subject-13,ball,0.0
4,non-restrictive,subject-13,paper-plane,0.0
32,non-restrictive,subject-13,biscuit,0.0
32,non-restrictive,subject-13,kettle,0.5
32,non-restrictive,subject-13,beer,0.0
32,non-restrictive,subject-13,mug,0.5
40,non-restrictive,subject-13,toothbrish,0.0
40,non-restrictive,subject-13,iron,0.0
40,non-restrictive,subject-13,blouse,1.0
40,non-restrictive,subject-13,pin,0.0
48,non-restrictive,subject-13,flag,
48,non-restrictive,subject-13,pouch,
48,non-restrictive,subject-13,balloon,
48,non-restrictive,subject-13,pump,
3,restrictive,subject-13,rocking-horse,0.0
3,restrictive,subject-13,baby,1.0
3,restrictive,subject-13,plant,0.0
3,restrictive,subject-13,stool,0.0
36,non-restrictive,subject-13,boxes,
36,non-restrictive,subject-13,clips,
36,non-restrictive,subject-13,lego,
36,non-restrictive,subject-13,papers,
34,non-restrictive,subject-13,radio,0.0
34,non-restrictive,subject-13,puzzle,1.0
34,non-restrictive,subject-13,notebook,0.0
34,non-restrictive,subject-13,pillow,0.0
49,restrictive,subject-13,envelope,0.0
49,restrictive,subject-13,rubberband,0.0
49,restrictive,subject-13,scissors,0.0
49,restrictive,subject-13,stamp,1.0
5,restrictive,subject-13,animal,
5,restrictive,subject-13,cactus,
5,restrictive,subject-13,moon,
5,restrictive,subject-13,mountain,
27,restrictive,subject-13,picture,
27,restrictive,subject-13,lamp,
27,restrictive,subject-13,switch,
27,restrictive,subject-13,frame,
20,non-restrictive,subject-13,crayon,
20,non-restrictive,subject-13,cup,
20,non-restrictive,subject-13,kitten,
20,non-restrictive,subject-13,block,
21,restrictive,subject-13,magazine,0.0
21,restrictive,subject-13,vase,1.0
21,restrictive,subject-13,cushion,0.0
21,restrictive,subject-13,flower,0.0
33,non-restrictive,subject-14,suitcase,
33,non-restrictive,subject-14,envelope,
33,non-restrictive,subject-14,box,
33,non-restrictive,subject-14,gift,
45,non-restrictive,subject-14,carrot,0.0
45,non-restrictive,subject-14,laddle,0.0
45,non-restrictive,subject-14,peeler,0.0
45,non-restrictive,subject-14,pot,1.0
2,restrictive,subject-14,dustbin,
2,restrictive,subject-14,man,
2,restrictive,subject-14,car,
2,restrictive,subject-14,houses,
36,restrictive,subject-14,papers,
36,restrictive,subject-14,boxes,
36,restrictive,subject-14,clips,
36,restrictive,subject-14,lego,
13,non-restrictive,subject-14,cigarettes,
13,non-restrictive,subject-14,filofax,
13,non-restrictive,subject-14,briefcase,
13,non-restrictive,subject-14,glasses,
46,restrictive,subject-14,stand,0.0
46,restrictive,subject-14,violin,0.0
46,restrictive,subject-14,bow,1.0
46,restrictive,subject-14,gum,0.0
28,restrictive,subject-14,glove,
28,restrictive,subject-14,nut,
28,restrictive,subject-14,sock,
28,restrictive,subject-14,milk,
10,restrictive,subject-14,wastebin,0.3333
10,restrictive,subject-14,washing-machine,0.3333
10,restrictive,subject-14,mirror,0.0
10,restrictive,subject-14,dog,0.3333
32,restrictive,subject-14,mug,
32,restrictive,subject-14,biscuit,
32,restrictive,subject-14,kettle,
32,restrictive,subject-14,beer,
31,non-restrictive,subject-14,sponge,
31,non-restrictive,subject-14,seed,
31,non-restrictive,subject-14,bottle,
31,non-restrictive,subject-14,lemon,
25,non-restrictive,subject-14,canvas,
25,non-restrictive,subject-14,keyboard,
25,non-restrictive,subject-14,peach,
25,non-restrictive,subject-14,rope,
47,non-restrictive,subject-14,roller,0.0
47,non-restrictive,subject-14,footstool,0.5
47,non-restrictive,subject-14,carpet,0.5
47,non-restrictive,subject-14,dustpan,0.0
3,non-restrictive,subject-14,stool,
3,non-restrictive,subject-14,rocking-horse,
3,non-restrictive,subject-14,baby,
3,non-restrictive,subject-14,plant,
48,restrictive,subject-14,pump,1.0
48,restrictive,subject-14,flag,0.0
48,restrictive,subject-14,pouch,0.0
48,restrictive,subject-14,balloon,0.0
6,restrictive,subject-14,jug,1.0
6,restrictive,subject-14,mushrooms,0.0
6,restrictive,subject-14,knife,0.0
6,restrictive,subject-14,weighing-scales,0.0
4,restrictive,subject-14,paper-plane,
4,restrictive,subject-14,acorns,
4,restrictive,subject-14,shuttle-cock,
4,restrictive,subject-14,ball,
21,non-restrictive,subject-14,flower,
21,non-restrictive,subject-14,magazine,
21,non-restrictive,subject-14,vase,
21,non-restrictive,subject-14,cushion,
0,restrictive,subject-14,toy-car,
0,restrictive,subject-14,toy-train,
0,restrictive,subject-14,ball,
0,restrictive,subject-14,cake,
39,non-restrictive,subject-14,mat,
39,non-restrictive,subject-14,buckle,
39,non-restrictive,subject-14,shoelace,
39,non-restrictive,subject-14,shampoo,
37,non-restrictive,subject-14,banana,
37,non-restrictive,subject-14,mitten,
37,non-restrictive,subject-14,marker,
37,non-restrictive,subject-14,key,
16,restrictive,subject-14,lantern,
16,restrictive,subject-14,backpack,
16,restrictive,subject-14,ribbon,
16,restrictive,subject-14,dress,
8,restrictive,subject-14,table,
8,restrictive,subject-14,telephone,
8,restrictive,subject-14,television,
8,restrictive,subject-14,piano,
18,restrictive,subject-14,leaf,
18,restrictive,subject-14,football,
18,restrictive,subject-14,stick,
18,restrictive,subject-14,feather,
7,non-restrictive,subject-14,toy-bear,
7,non-restrictive,subject-14,microscope,
7,non-restrictive,subject-14,child,
7,non-restrictive,subject-14,tv-monitor,
24,restrictive,subject-14,plate,0.0
24,restrictive,subject-14,potato,0.0
24,restrictive,subject-14,glass,0.0
24,restrictive,subject-14,rabbit,1.0
12,restrictive,subject-14,birds,
12,restrictive,subject-14,sun,
12,restrictive,subject-14,car,
12,restrictive,subject-14,boat,
19,non-restrictive,subject-14,spatula,
19,non-restrictive,subject-14,bowl,
19,non-restrictive,subject-14,bread,
19,non-restrictive,subject-14,spoon,
11,non-restrictive,subject-14,duck,
11,non-restrictive,subject-14,bricks,
11,non-restrictive,subject-14,bell,
11,non-restrictive,subject-14,drum,
20,restrictive,subject-14,block,0.0
20,restrictive,subject-14,crayon,0.0
20,restrictive,subject-14,cup,1.0
20,restrictive,subject-14,kitten,0.0
30,restrictive,subject-14,headphones,
30,restrictive,subject-14,dice,
30,restrictive,subject-14,cap,
30,restrictive,subject-14,watch,
14,restrictive,subject-14,hen,
14,restrictive,subject-14,dog,
14,restrictive,subject-14,bird,
14,restrictive,subject-14,ball,
22,restrictive,subject-14,towel,
22,restrictive,subject-14,coat,
22,restrictive,subject-14,hook,
22,restrictive,subject-14,poster,
5,non-restrictive,subject-14,mountain,
5,non-restrictive,subject-14,animal,
5,non-restrictive,subject-14,cactus,
5,non-restrictive,subject-14,moon,
35,non-restrictive,subject-14,mirror,0.0
35,non-restrictive,subject-14,pot,0.0
35,non-restrictive,subject-14,mascara,0.0
35,non-restrictive,subject-14,brush,1.0
29,non-restrictive,subject-14,newspaper,0.0
29,non-restrictive,subject-14,comb,0.0
29,non-restrictive,subject-14,eraser,0.0
29,non-restrictive,subject-14,tissue,1.0
17,non-restrictive,subject-14,wood,
17,non-restrictive,subject-14,bucket,
17,non-restrictive,subject-14,stone,
17,non-restrictive,subject-14,rope,
27,non-restrictive,subject-14,frame,
27,non-restrictive,subject-14,picture,
27,non-restrictive,subject-14,lamp,
27,non-restrictive,subject-14,switch,
40,restrictive,subject-14,pin,
40,restrictive,subject-14,toothbrish,
40,restrictive,subject-14,iron,
40,restrictive,subject-14,blouse,
44,restrictive,subject-14,glass,
44,restrictive,subject-14,ladle,
44,restrictive,subject-14,hammer,
44,restrictive,subject-14,dough,
49,non-restrictive,subject-14,stamp,
49,non-restrictive,subject-14,envelope,
49,non-restrictive,subject-14,rubberband,
49,non-restrictive,subject-14,scissors,
23,non-restrictive,subject-14,needle,1.0
23,non-restrictive,subject-14,card,0.0
23,non-restrictive,subject-14,scarf,0.0
23,non-restrictive,subject-14,pencil,0.0
9,non-restrictive,subject-14,book,
9,non-restrictive,subject-14,door,
9,non-restrictive,subject-14,cup,
9,non-restrictive,subject-14,bag,
1,non-restrictive,subject-14,wine,
1,non-restrictive,subject-14,cheese,
1,non-restrictive,subject-14,chair,
1,non-restrictive,subject-14,lipstick,
38,restrictive,subject-14,cloth,
38,restrictive,subject-14,apron,
38,restrictive,subject-14,mop,
38,restrictive,subject-14,broom,
26,restrictive,subject-14,coaster,0.0
26,restrictive,subject-14,candle,0.3333
26,restrictive,subject-14,package,0.3333
26,restrictive,subject-14,coin,0.3333
43,non-restrictive,subject-14,bolt,
43,non-restrictive,subject-14,handle,
43,non-restrictive,subject-14,safe,
43,non-restrictive,subject-14,pan,
41,non-restrictive,subject-14,orange,
41,non-restrictive,subject-14,stone,
41,non-restrictive,subject-14,cone,
41,non-restrictive,subject-14,shell,
42,restrictive,subject-14,ruler,0.0
42,restrictive,subject-14,shirt,0.0
42,restrictive,subject-14,apple,1.0
42,restrictive,subject-14,chalk,0.0
15,non-restrictive,subject-14,magnifying-glass,0.0
15,non-restrictive,subject-14,folder,1.0
15,non-restrictive,subject-14,hat,0.0
15,non-restrictive,subject-14,wallet,0.0
0,non-restrictive,subject-15,toy-car,
0,non-restrictive,subject-15,toy-train,
0,non-restrictive,subject-15,ball,
0,non-restrictive,subject-15,cake,
29,restrictive,subject-15,newspaper,
29,restrictive,subject-15,comb,
29,restrictive,subject-15,eraser,
29,restrictive,subject-15,tissue,
36,non-restrictive,subject-15,papers,
36,non-restrictive,subject-15,boxes,
36,non-restrictive,subject-15,clips,
36,non-restrictive,subject-15,lego,
43,restrictive,subject-15,bolt,
43,restrictive,subject-15,handle,
43,restrictive,subject-15,safe,
43,restrictive,subject-15,pan,
11,restrictive,subject-15,duck,
11,restrictive,subject-15,bricks,
11,restrictive,subject-15,bell,
11,restrictive,subject-15,drum,
34,non-restrictive,subject-15,pillow,
34,non-restrictive,subject-15,radio,
34,non-restrictive,subject-15,puzzle,
34,non-restrictive,subject-15,notebook,
42,non-restrictive,subject-15,ruler,
42,non-restrictive,subject-15,shirt,
42,non-restrictive,subject-15,apple,
42,non-restrictive,subject-15,chalk,
44,non-restrictive,subject-15,glass,
44,non-restrictive,subject-15,ladle,
44,non-restrictive,subject-15,hammer,
44,non-restrictive,subject-15,dough,
14,non-restrictive,subject-15,hen,
14,non-restrictive,subject-15,dog,
14,non-restrictive,subject-15,bird,
14,non-restrictive,subject-15,ball,
48,non-restrictive,subject-15,pump,
48,non-restrictive,subject-15,flag,
48,non-restrictive,subject-15,pouch,
48,non-restrictive,subject-15,balloon,
45,restrictive,subject-15,carrot,
45,restrictive,subject-15,laddle,
45,restrictive,subject-15,peeler,
45,restrictive,subject-15,pot,
47,restrictive,subject-15,roller,
47,restrictive,subject-15,footstool,
47,restrictive,subject-15,carpet,
47,restrictive,subject-15,dustpan,
39,restrictive,subject-15,mat,
39,restrictive,subject-15,buckle,
39,restrictive,subject-15,shoelace,
39,restrictive,subject-15,shampoo,
7,restrictive,subject-15,toy-bear,
7,restrictive,subject-15,microscope,
7,restrictive,subject-15,child,
7,restrictive,subject-15,tv-monitor,
38,non-restrictive,subject-15,cloth,
38,non-restrictive,subject-15,apron,
38,non-restrictive,subject-15,mop,
38,non-restrictive,subject-15,broom,
25,restrictive,subject-15,canvas,
25,restrictive,subject-15,keyboard,
25,restrictive,subject-15,peach,
25,restrictive,subject-15,rope,
12,non-restrictive,subject-15,birds,
12,non-restrictive,subject-15,sun,
12,non-restrictive,subject-15,car,
12,non-restrictive,subject-15,boat,
6,non-restrictive,subject-15,jug,
6,non-restrictive,subject-15,mushrooms,
6,non-restrictive,subject-15,knife,
6,non-restrictive,subject-15,weighing-scales,
41,restrictive,subject-15,orange,
41,restrictive,subject-15,stone,
41,restrictive,subject-15,cone,
41,restrictive,subject-15,shell,
10,non-restrictive,subject-15,wastebin,
10,non-restrictive,subject-15,washing-machine,
10,non-restrictive,subject-15,mirror,
10,non-restrictive,subject-15,dog,
37,restrictive,subject-15,banana,
37,restrictive,subject-15,mitten,
37,restrictive,subject-15,marker,
37,restrictive,subject-15,key,
5,restrictive,subject-15,mountain,
5,restrictive,subject-15,animal,
5,restrictive,subject-15,cactus,
5,restrictive,subject-15,moon,
9,restrictive,subject-15,book,0.0
9,restrictive,subject-15,door,1.0
9,restrictive,subject-15,cup,0.0
9,restrictive,subject-15,bag,0.0
13,restrictive,subject-15,cigarettes,
13,restrictive,subject-15,filofax,
13,restrictive,subject-15,briefcase,
13,restrictive,subject-15,glasses,
1,restrictive,subject-15,wine,
1,restrictive,subject-15,cheese,
1,restrictive,subject-15,chair,
1,restrictive,subject-15,lipstick,
26,non-restrictive,subject-15,coaster,
26,non-restrictive,subject-15,candle,
26,non-restrictive,subject-15,package,
26,non-restrictive,subject-15,coin,
33,restrictive,subject-15,suitcase,
33,restrictive,subject-15,envelope,
33,restrictive,subject-15,box,
33,restrictive,subject-15,gift,
28,non-restrictive,subject-15,glove,
28,non-restrictive,subject-15,nut,
28,non-restrictive,subject-15,sock,
28,non-restrictive,subject-15,milk,
35,restrictive,subject-15,mirror,
35,restrictive,subject-15,pot,
35,restrictive,subject-15,mascara,
35,restrictive,subject-15,brush,
27,restrictive,subject-15,frame,
27,restrictive,subject-15,picture,
27,restrictive,subject-15,lamp,
27,restrictive,subject-15,switch,
46,non-restrictive,subject-15,stand,
46,non-restrictive,subject-15,violin,
46,non-restrictive,subject-15,bow,
46,non-restrictive,subject-15,gum,
40,non-restrictive,subject-15,pin,
40,non-restrictive,subject-15,toothbrish,
40,non-restrictive,subject-15,iron,
40,non-restrictive,subject-15,blouse,
32,non-restrictive,subject-15,mug,
32,non-restrictive,subject-15,biscuit,
32,non-restrictive,subject-15,kettle,
32,non-restrictive,subject-15,beer,
8,non-restrictive,subject-15,table,
8,non-restrictive,subject-15,telephone,
8,non-restrictive,subject-15,television,
8,non-restrictive,subject-15,piano,
4,non-restrictive,subject-15,paper-plane,
4,non-restrictive,subject-15,acorns,
4,non-restrictive,subject-15,shuttle-cock,
4,non-restrictive,subject-15,ball,
16,non-restrictive,subject-15,lantern,
16,non-restrictive,subject-15,backpack,
16,non-restrictive,subject-15,ribbon,
16,non-restrictive,subject-15,dress,
17,restrictive,subject-15,wood,
17,restrictive,subject-15,bucket,
17,restrictive,subject-15,stone,
17,restrictive,subject-15,rope,
31,restrictive,subject-15,sponge,
31,restrictive,subject-15,seed,
31,restrictive,subject-15,bottle,
31,restrictive,subject-15,lemon,
19,restrictive,subject-15,spatula,
19,restrictive,subject-15,bowl,
19,restrictive,subject-15,bread,
19,restrictive,subject-15,spoon,
24,non-restrictive,subject-15,plate,1.0
24,non-restrictive,subject-15,potato,0.0
24,non-restrictive,subject-15,glass,0.0
24,non-restrictive,subject-15,rabbit,0.0
30,non-restrictive,subject-15,headphones,
30,non-restrictive,subject-15,dice,
30,non-restrictive,subject-15,cap,
30,non-restrictive,subject-15,watch,
2,non-restrictive,subject-15,dustbin,
2,non-restrictive,subject-15,man,
2,non-restrictive,subject-15,car,
2,non-restrictive,subject-15,houses,
23,restrictive,subject-15,needle,
23,restrictive,subject-15,card,
23,restrictive,subject-15,scarf,
23,restrictive,subject-15,pencil,
49,restrictive,subject-15,stamp,
49,restrictive,subject-15,envelope,
49,restrictive,subject-15,rubberband,
49,restrictive,subject-15,scissors,
22,non-restrictive,subject-15,towel,
22,non-restrictive,subject-15,coat,
22,non-restrictive,subject-15,hook,
22,non-restrictive,subject-15,poster,
3,restrictive,subject-15,stool,
3,restrictive,subject-15,rocking-horse,
3,restrictive,subject-15,baby,
3,restrictive,subject-15,plant,
21,restrictive,subject-15,flower,
21,restrictive,subject-15,magazine,
21,restrictive,subject-15,vase,
21,restrictive,subject-15,cushion,
15,restrictive,subject-15,magnifying-glass,
15,restrictive,subject-15,folder,
15,restrictive,subject-15,hat,
15,restrictive,subject-15,wallet,
20,non-restrictive,subject-15,block,
20,non-restrictive,subject-15,crayon,
20,non-restrictive,subject-15,cup,
20,non-restrictive,subject-15,kitten,
18,non-restrictive,subject-15,leaf,
18,non-restrictive,subject-15,football,
18,non-restrictive,subject-15,stick,
18,non-restrictive,subject-15,feather,
14,restrictive,subject-16,ball,
14,restrictive,subject-16,hen,
14,restrictive,subject-16,dog,
14,restrictive,subject-16,bird,
27,non-restrictive,subject-16,switch,0.0
27,non-restrictive,subject-16,frame,0.0
27,non-restrictive,subject-16,picture,1.0
27,non-restrictive,subject-16,lamp,0.0
20,restrictive,subject-16,kitten,
20,restrictive,subject-16,block,
20,restrictive,subject-16,crayon,
20,restrictive,subject-16,cup,
44,restrictive,subject-16,dough,
44,restrictive,subject-16,glass,
44,restrictive,subject-16,ladle,
44,restrictive,subject-16,hammer,
7,non-restrictive,subject-16,tv-monitor,
7,non-restrictive,subject-16,toy-bear,
7,non-restrictive,subject-16,microscope,
7,non-restrictive,subject-16,child,
5,non-restrictive,subject-16,moon,0.0
5,non-restrictive,subject-16,mountain,0.5
5,non-restrictive,subject-16,animal,0.5
5,non-restrictive,subject-16,cactus,0.0
6,restrictive,subject-16,weighing-scales,
6,restrictive,subject-16,jug,
6,restrictive,subject-16,mushrooms,
6,restrictive,subject-16,knife,
36,restrictive,subject-16,lego,
36,restrictive,subject-16,papers,
36,restrictive,subject-16,boxes,
36,restrictive,subject-16,clips,
49,non-restrictive,subject-16,scissors,0.0
49,non-restrictive,subject-16,stamp,1.0
49,non-restrictive,subject-16,envelope,0.0
49,non-restrictive,subject-16,rubberband,0.0
11,non-restrictive,subject-16,drum,
11,non-restrictive,subject-16,duck,
11,non-restrictive,subject-16,bricks,
11,non-restrictive,subject-16,bell,
37,non-restrictive,subject-16,key,
37,non-restrictive,subject-16,banana,
37,non-restrictive,subject-16,mitten,
37,non-restrictive,subject-16,marker,
33,non-restrictive,subject-16,gift,
33,non-restrictive,subject-16,suitcase,
33,non-restrictive,subject-16,envelope,
33,non-restrictive,subject-16,box,
18,restrictive,subject-16,feather,
18,restrictive,subject-16,leaf,
18,restrictive,subject-16,football,
18,restrictive,subject-16,stick,
46,restrictive,subject-16,gum,
46,restrictive,subject-16,stand,
46,restrictive,subject-16,violin,
46,restrictive,subject-16,bow,
31,non-restrictive,subject-16,lemon,
31,non-restrictive,subject-16,sponge,
31,non-restrictive,subject-16,seed,
31,non-restrictive,subject-16,bottle,
29,non-restrictive,subject-16,tissue,
29,non-restrictive,subject-16,newspaper,
29,non-restrictive,subject-16,comb,
29,non-restrictive,subject-16,eraser,
24,restrictive,subject-16,rabbit,
24,restrictive,subject-16,plate,
24,restrictive,subject-16,potato,
24,restrictive,subject-16,glass,
35,non-restrictive,subject-16,brush,
35,non-restrictive,subject-16,mirror,
35,non-restrictive,subject-16,pot,
35,non-restrictive,subject-16,mascara,
8,restrictive,subject-16,piano,
8,restrictive,subject-16,table,
8,restrictive,subject-16,telephone,
8,restrictive,subject-16,television,
2,restrictive,subject-16,houses,
2,restrictive,subject-16,dustbin,
2,restrictive,subject-16,man,
2,restrictive,subject-16,car,
43,non-restrictive,subject-16,pan,
43,non-restrictive,subject-16,bolt,
43,non-restrictive,subject-16,handle,
43,non-restrictive,subject-16,safe,
21,non-restrictive,subject-16,cushion,
21,non-restrictive,subject-16,flower,
21,non-restrictive,subject-16,magazine,
21,non-restrictive,subject-16,vase,
17,non-restrictive,subject-16,rope,
17,non-restrictive,subject-16,wood,
17,non-restrictive,subject-16,bucket,
17,non-restrictive,subject-16,stone,
19,non-restrictive,subject-16,spoon,
19,non-restrictive,subject-16,spatula,
19,non-restrictive,subject-16,bowl,
19,non-restrictive,subject-16,bread,
0,restrictive,subject-16,cake,
0,restrictive,subject-16,toy-car,
0,restrictive,subject-16,toy-train,
0,restrictive,subject-16,ball,
40,restrictive,subject-16,blouse,
40,restrictive,subject-16,pin,
40,restrictive,subject-16,toothbrish,
40,restrictive,subject-16,iron,
9,non-restrictive,subject-16,bag,
9,non-restrictive,subject-16,book,
9,non-restrictive,subject-16,door,
9,non-restrictive,subject-16,cup,
15,non-restrictive,subject-16,wallet,
15,non-restrictive,subject-16,magnifying-glass,
15,non-restrictive,subject-16,folder,
15,non-restrictive,subject-16,hat,
32,restrictive,subject-16,beer,
32,restrictive,subject-16,mug,
32,restrictive,subject-16,biscuit,
32,restrictive,subject-16,kettle,
48,restrictive,subject-16,balloon,
48,restrictive,subject-16,pump,
48,restrictive,subject-16,flag,
48,restrictive,subject-16,pouch,
28,restrictive,subject-16,milk,
28,restrictive,subject-16,glove,
28,restrictive,subject-16,nut,
28,restrictive,subject-16,sock,
23,non-restrictive,subject-16,pencil,
23,non-restrictive,subject-16,needle,
23,non-restrictive,subject-16,card,
23,non-restrictive,subject-16,scarf,
16,restrictive,subject-16,dress,
16,restrictive,subject-16,lantern,
16,restrictive,subject-16,backpack,
16,restrictive,subject-16,ribbon,
13,non-restrictive,subject-16,glasses,
13,non-restrictive,subject-16,cigarettes,
13,non-restrictive,subject-16,filofax,
13,non-restrictive,subject-16,briefcase,
1,non-restrictive,subject-16,lipstick,
1,non-restrictive,subject-16,wine,
1,non-restrictive,subject-16,cheese,
1,non-restrictive,subject-16,chair,
45,non-restrictive,subject-16,pot,0.0
45,non-restrictive,subject-16,carrot,1.0
45,non-restrictive,subject-16,laddle,0.0
45,non-restrictive,subject-16,peeler,0.0
12,restrictive,subject-16,boat,
12,restrictive,subject-16,birds,
12,restrictive,subject-16,sun,
12,restrictive,subject-16,car,
25,non-restrictive,subject-16,rope,
25,non-restrictive,subject-16,canvas,
25,non-restrictive,subject-16,keyboard,
25,non-restrictive,subject-16,peach,
3,non-restrictive,subject-16,plant,
3,non-restrictive,subject-16,stool,
3,non-restrictive,subject-16,rocking-horse,
3,non-restrictive,subject-16,baby,
38,restrictive,subject-16,broom,
38,restrictive,subject-16,cloth,
38,restrictive,subject-16,apron,
38,restrictive,subject-16,mop,
26,restrictive,subject-16,coin,
26,restrictive,subject-16,coaster,
26,restrictive,subject-16,candle,
26,restrictive,subject-16,package,
30,restrictive,subject-16,watch,
30,restrictive,subject-16,headphones,
30,restrictive,subject-16,dice,
30,restrictive,subject-16,cap,
4,restrictive,subject-16,ball,
4,restrictive,subject-16,paper-plane,
4,restrictive,subject-16,acorns,
4,restrictive,subject-16,shuttle-cock,
42,restrictive,subject-16,chalk,
42,restrictive,subject-16,ruler,
42,restrictive,subject-16,shirt,
42,restrictive,subject-16,apple,
10,restrictive,subject-16,dog,
10,restrictive,subject-16,wastebin,
10,restrictive,subject-16,washing-machine,
10,restrictive,subject-16,mirror,
39,non-restrictive,subject-16,shampoo,
39,non-restrictive,subject-16,mat,
39,non-restrictive,subject-16,buckle,
39,non-restrictive,subject-16,shoelace,
41,non-restrictive,subject-16,shell,
41,non-restrictive,subject-16,orange,
41,non-restrictive,subject-16,stone,
41,non-restrictive,subject-16,cone,
47,non-restrictive,subject-16,dustpan,
47,non-restrictive,subject-16,roller,
47,non-restrictive,subject-16,footstool,
47,non-restrictive,subject-16,carpet,
22,restrictive,subject-16,poster,
22,restrictive,subject-16,towel,
22,restrictive,subject-16,coat,
22,restrictive,subject-16,hook,
36,non-restrictive,subject-17,lego,
36,non-restrictive,subject-17,papers,
36,non-restrictive,subject-17,boxes,
36,non-restrictive,subject-17,clips,
3,restrictive,subject-17,plant,0.0
3,restrictive,subject-17,stool,0.0
3,restrictive,subject-17,rocking-horse,0.0
3,restrictive,subject-17,baby,1.0
11,restrictive,subject-17,drum,
11,restrictive,subject-17,duck,
11,restrictive,subject-17,bricks,
11,restrictive,subject-17,bell,
48,non-restrictive,subject-17,balloon,
48,non-restrictive,subject-17,pump,
48,non-restrictive,subject-17,flag,
48,non-restrictive,subject-17,pouch,
9,restrictive,subject-17,bag,
9,restrictive,subject-17,book,
9,restrictive,subject-17,door,
9,restrictive,subject-17,cup,
41,restrictive,subject-17,shell,
41,restrictive,subject-17,orange,
41,restrictive,subject-17,stone,
41,restrictive,subject-17,cone,
34,non-restrictive,subject-17,notebook,
34,non-restrictive,subject-17,pillow,
34,non-restrictive,subject-17,radio,
34,non-restrictive,subject-17,puzzle,
31,restrictive,subject-17,lemon,
31,restrictive,subject-17,sponge,
31,restrictive,subject-17,seed,
31,restrictive,subject-17,bottle,
30,non-restrictive,subject-17,watch,
30,non-restrictive,subject-17,headphones,
30,non-restrictive,subject-17,dice,
30,non-restrictive,subject-17,cap,
44,non-restrictive,subject-17,dough,
44,non-restrictive,subject-17,glass,
44,non-restrictive,subject-17,ladle,
44,non-restrictive,subject-17,hammer,
37,restrictive,subject-17,key,0.0
37,restrictive,subject-17,banana,0.0
37,restrictive,subject-17,mitten,0.5
37,restrictive,subject-17,marker,0.5
15,restrictive,subject-17,wallet,
15,restrictive,subject-17,magnifying-glass,
15,restrictive,subject-17,folder,
15,restrictive,subject-17,hat,
24,non-restrictive,subject-17,rabbit,
24,non-restrictive,subject-17,plate,
24,non-restrictive,subject-17,potato,
24,non-restrictive,subject-17,glass,
27,restrictive,subject-17,switch,
27,restrictive,subject-17,frame,
27,restrictive,subject-17,picture,
27,restrictive,subject-17,lamp,
20,non-restrictive,subject-17,kitten,
20,non-restrictive,subject-17,block,
20,non-restrictive,subject-17,crayon,
20,non-restrictive,subject-17,cup,
40,non-restrictive,subject-17,blouse,
40,non-restrictive,subject-17,pin,
40,non-restrictive,subject-17,toothbrish,
40,non-restrictive,subject-17,iron,
14,non-restrictive,subject-17,ball,
14,non-restrictive,subject-17,hen,
14,non-restrictive,subject-17,dog,
14,non-restrictive,subject-17,bird,
33,restrictive,subject-17,gift,0.0
33,restrictive,subject-17,suitcase,0.0
33,restrictive,subject-17,envelope,0.0
33,restrictive,subject-17,box,1.0
10,non-restrictive,subject-17,dog,
10,non-restrictive,subject-17,wastebin,
10,non-restrictive,subject-17,washing-machine,
10,non-restrictive,subject-17,mirror,
49,restrictive,subject-17,scissors,
49,restrictive,subject-17,stamp,
49,restrictive,subject-17,envelope,
49,restrictive,subject-17,rubberband,
38,non-restrictive,subject-17,broom,
38,non-restrictive,subject-17,cloth,
38,non-restrictive,subject-17,apron,
38,non-restrictive,subject-17,mop,
19,restrictive,subject-17,spoon,
19,restrictive,subject-17,spatula,
19,restrictive,subject-17,bowl,
19,restrictive,subject-17,bread,
29,restrictive,subject-17,tissue,0.0
29,restrictive,subject-17,newspaper,0.0
29,restrictive,subject-17,comb,0.0
29,restrictive,subject-17,eraser,1.0
32,non-restrictive,subject-17,beer,0.0
32,non-restrictive,subject-17,mug,0.0
32,non-restrictive,subject-17,biscuit,0.5
32,non-restrictive,subject-17,kettle,0.5
5,restrictive,subject-17,moon,0.0
5,restrictive,subject-17,mountain,1.0
5,restrictive,subject-17,animal,0.0
5,restrictive,subject-17,cactus,0.0
8,non-restrictive,subject-17,piano,
8,non-restrictive,subject-17,table,
8,non-restrictive,subject-17,telephone,
8,non-restrictive,subject-17,television,
4,non-restrictive,subject-17,ball,
4,non-restrictive,subject-17,paper-plane,
4,non-restrictive,subject-17,acorns,
4,non-restrictive,subject-17,shuttle-cock,
45,restrictive,subject-17,pot,
45,restrictive,subject-17,carrot,
45,restrictive,subject-17,laddle,
45,restrictive,subject-17,peeler,
42,non-restrictive,subject-17,chalk,
42,non-restrictive,subject-17,ruler,
42,non-restrictive,subject-17,shirt,
42,non-restrictive,subject-17,apple,
46,non-restrictive,subject-17,gum,
46,non-restrictive,subject-17,stand,
46,non-restrictive,subject-17,violin,
46,non-restrictive,subject-17,bow,
25,restrictive,subject-17,rope,
25,restrictive,subject-17,canvas,
25,restrictive,subject-17,keyboard,
25,restrictive,subject-17,peach,
17,restrictive,subject-17,rope,0.0
17,restrictive,subject-17,wood,0.5
17,restrictive,subject-17,bucket,0.5
17,restrictive,subject-17,stone,0.0
35,restrictive,subject-17,brush,1.0
35,restrictive,subject-17,mirror,0.0
35,restrictive,subject-17,pot,0.0
35,restrictive,subject-17,mascara,0.0
6,non-restrictive,subject-17,weighing-scales,
6,non-restrictive,subject-17,jug,
6,non-restrictive,subject-17,mushrooms,
6,non-restrictive,subject-17,knife,
47,restrictive,subject-17,dustpan,
47,restrictive,subject-17,roller,
47,restrictive,subject-17,footstool,
47,restrictive,subject-17,carpet,
12,non-restrictive,subject-17,boat,
12,non-restrictive,subject-17,birds,
12,non-restrictive,subject-17,sun,
12,non-restrictive,subject-17,car,
28,non-restrictive,subject-17,milk,
28,non-restrictive,subject-17,glove,
28,non-restrictive,subject-17,nut,
28,non-restrictive,subject-17,sock,
23,restrictive,subject-17,pencil,
23,restrictive,subject-17,needle,
23,restrictive,subject-17,card,
23,restrictive,subject-17,scarf,
21,restrictive,subject-17,cushion,0.0
21,restrictive,subject-17,flower,0.0
21,restrictive,subject-17,magazine,1.0
21,restrictive,subject-17,vase,0.0
22,non-restrictive,subject-17,poster,
22,non-restrictive,subject-17,towel,
22,non-restrictive,subject-17,coat,
22,non-restrictive,subject-17,hook,
1,restrictive,subject-17,lipstick,
1,restrictive,subject-17,wine,
1,restrictive,subject-17,cheese,
1,restrictive,subject-17,chair,
13,restrictive,subject-17,glasses,0.0
13,restrictive,subject-17,cigarettes,1.0
13,restrictive,subject-17,filofax,0.0
13,restrictive,subject-17,briefcase,0.0
2,non-restrictive,subject-17,houses,
2,non-restrictive,subject-17,dustbin,
2,non-restrictive,subject-17,man,
2,non-restrictive,subject-17,car,
7,restrictive,subject-17,tv-monitor,
7,restrictive,subject-17,toy-bear,
7,restrictive,subject-17,microscope,
7,restrictive,subject-17,child,
39,restrictive,subject-17,shampoo,
39,restrictive,subject-17,mat,
39,restrictive,subject-17,buckle,
39,restrictive,subject-17,shoelace,
0,non-restrictive,subject-17,cake,0.0
0,non-restrictive,subject-17,toy-car,1.0
0,non-restrictive,subject-17,toy-train,0.0
0,non-restrictive,subject-17,ball,0.0
26,non-restrictive,subject-17,coin,
26,non-restrictive,subject-17,coaster,
26,non-restrictive,subject-17,candle,
26,non-restrictive,subject-17,package,
43,restrictive,subject-17,pan,0.0
43,restrictive,subject-17,bolt,1.0
43,restrictive,subject-17,handle,0.0
43,restrictive,subject-17,safe,0.0
18,non-restrictive,subject-17,feather,
18,non-restrictive,subject-17,leaf,
18,non-restrictive,subject-17,football,
18,non-restrictive,subject-17,stick,
16,non-restrictive,subject-17,dress,0.0
16,non-restrictive,subject-17,lantern,0.0
16,non-restrictive,subject-17,backpack,0.0
16,non-restrictive,subject-17,ribbon,1.0
14,restrictive,subject-18,bird,
14,restrictive,subject-18,ball,
14,restrictive,subject-18,hen,
14,restrictive,subject-18,dog,
22,restrictive,subject-18,hook,
22,restrictive,subject-18,poster,
22,restrictive,subject-18,towel,
22,restrictive,subject-18,coat,
4,restrictive,subject-18,shuttle-cock,
4,restrictive,subject-18,ball,
4,restrictive,subject-18,paper-plane,
4,restrictive,subject-18,acorns,
39,non-restrictive,subject-18,shoelace,
39,non-restrictive,subject-18,shampoo,
39,non-restrictive,subject-18,mat,
39,non-restrictive,subject-18,buckle,
19,non-restrictive,subject-18,bread,
19,non-restrictive,subject-18,spoon,
19,non-restrictive,subject-18,spatula,
19,non-restrictive,subject-18,bowl,
12,restrictive,subject-18,car,
12,restrictive,subject-18,boat,
12,restrictive,subject-18,birds,
12,restrictive,subject-18,sun,
32,restrictive,subject-18,kettle,
32,restrictive,subject-18,beer,
32,restrictive,subject-18,mug,
32,restrictive,subject-18,biscuit,
28,restrictive,subject-18,sock,
28,restrictive,subject-18,milk,
28,restrictive,subject-18,glove,
28,restrictive,subject-18,nut,
45,non-restrictive,subject-18,peeler,
45,non-restrictive,subject-18,pot,
45,non-restrictive,subject-18,carrot,
45,non-restrictive,subject-18,laddle,
15,non-restrictive,subject-18,hat,
15,non-restrictive,subject-18,wallet,
15,non-restrictive,subject-18,magnifying-glass,
15,non-restrictive,subject-18,folder,
41,non-restrictive,subject-18,cone,
41,non-restrictive,subject-18,shell,
41,non-restrictive,subject-18,orange,
41,non-restrictive,subject-18,stone,
25,non-restrictive,subject-18,peach,
25,non-restrictive,subject-18,rope,
25,non-restrictive,subject-18,canvas,
25,non-restrictive,subject-18,keyboard,
44,restrictive,subject-18,hammer,
44,restrictive,subject-18,dough,
44,restrictive,subject-18,glass,
44,restrictive,subject-18,ladle,
49,non-restrictive,subject-18,rubberband,0.0
49,non-restrictive,subject-18,scissors,0.0
49,non-restrictive,subject-18,stamp,1.0
49,non-restrictive,subject-18,envelope,0.0
1,non-restrictive,subject-18,chair,
1,non-restrictive,subject-18,lipstick,
1,non-restrictive,subject-18,wine,
1,non-restrictive,subject-18,cheese,
46,restrictive,subject-18,bow,
46,restrictive,subject-18,gum,
46,restrictive,subject-18,stand,
46,restrictive,subject-18,violin,
21,non-restrictive,subject-18,vase,
21,non-restrictive,subject-18,cushion,
21,non-restrictive,subject-18,flower,
21,non-restrictive,subject-18,magazine,
10,restrictive,subject-18,mirror,
10,restrictive,subject-18,dog,
10,restrictive,subject-18,wastebin,
10,restrictive,subject-18,washing-machine,
8,restrictive,subject-18,television,
8,restrictive,subject-18,piano,
8,restrictive,subject-18,table,
8,restrictive,subject-18,telephone,
26,restrictive,subject-18,package,
26,restrictive,subject-18,coin,
26,restrictive,subject-18,coaster,
26,restrictive,subject-18,candle,
27,non-restrictive,subject-18,lamp,
27,non-restrictive,subject-18,switch,
27,non-restrictive,subject-18,frame,
27,non-restrictive,subject-18,picture,
5,non-restrictive,subject-18,cactus,
5,non-restrictive,subject-18,moon,
5,non-restrictive,subject-18,mountain,
5,non-restrictive,subject-18,animal,
17,non-restrictive,subject-18,stone,
17,non-restrictive,subject-18,rope,
17,non-restrictive,subject-18,wood,
17,non-restrictive,subject-18,bucket,
0,restrictive,subject-18,ball,
0,restrictive,subject-18,cake,
0,restrictive,subject-18,toy-car,
0,restrictive,subject-18,toy-train,
42,restrictive,subject-18,apple,
42,restrictive,subject-18,chalk,
42,restrictive,subject-18,ruler,
42,restrictive,subject-18,shirt,
29,non-restrictive,subject-18,eraser,
29,non-restrictive,subject-18,tissue,
29,non-restrictive,subject-18,newspaper,
29,non-restrictive,subject-18,comb,
40,restrictive,subject-18,iron,
40,restrictive,subject-18,blouse,
40,restrictive,subject-18,pin,
40,restrictive,subject-18,toothbrish,
18,restrictive,subject-18,stick,
18,restrictive,subject-18,feather,
18,restrictive,subject-18,leaf,
18,restrictive,subject-18,football,
36,restrictive,subject-18,clips,
36,restrictive,subject-18,lego,
36,restrictive,subject-18,papers,
36,restrictive,subject-18,boxes,
11,non-restrictive,subject-18,bell,
11,non-restrictive,subject-18,drum,
11,non-restrictive,subject-18,duck,
11,non-restrictive,subject-18,bricks,
33,non-restrictive,subject-18,box,
33,non-restrictive,subject-18,gift,
33,non-restrictive,subject-18,suitcase,
33,non-restrictive,subject-18,envelope,
30,restrictive,subject-18,cap,
30,restrictive,subject-18,watch,
30,restrictive,subject-18,headphones,
30,restrictive,subject-18,dice,
47,non-restrictive,subject-18,carpet,
47,non-restrictive,subject-18,dustpan,
47,non-restrictive,subject-18,roller,
47,non-restrictive,subject-18,footstool,
37,non-restrictive,subject-18,marker,
37,non-restrictive,subject-18,key,
37,non-restrictive,subject-18,banana,
37,non-restrictive,subject-18,mitten,
3,non-restrictive,subject-18,baby,
3,non-restrictive,subject-18,plant,
3,non-restrictive,subject-18,stool,
3,non-restrictive,subject-18,rocking-horse,
6,restrictive,subject-18,knife,
6,restrictive,subject-18,weighing-scales,
6,restrictive,subject-18,jug,
6,restrictive,subject-18,mushrooms,
38,restrictive,subject-18,mop,
38,restrictive,subject-18,broom,
38,restrictive,subject-18,cloth,
38,restrictive,subject-18,apron,
43,non-restrictive,subject-18,safe,
43,non-restrictive,subject-18,pan,
43,non-restrictive,subject-18,bolt,
43,non-restrictive,subject-18,handle,
9,non-restrictive,subject-18,cup,
9,non-restrictive,subject-18,bag,
9,non-restrictive,subject-18,book,
9,non-restrictive,subject-18,door,
2,restrictive,subject-18,car,
2,restrictive,subject-18,houses,
2,restrictive,subject-18,dustbin,
2,restrictive,subject-18,man,
13,non-restrictive,subject-18,briefcase,
13,non-restrictive,subject-18,glasses,
13,non-restrictive,subject-18,cigarettes,
13,non-restrictive,subject-18,filofax,
7,non-restrictive,subject-18,child,
7,non-restrictive,subject-18,tv-monitor,
7,non-restrictive,subject-18,toy-bear,
7,non-restrictive,subject-18,microscope,
16,restrictive,subject-18,ribbon,
16,restrictive,subject-18,dress,
16,restrictive,subject-18,lantern,
16,restrictive,subject-18,backpack,
48,restrictive,subject-18,pouch,
48,restrictive,subject-18,balloon,
48,restrictive,subject-18,pump,
48,restrictive,subject-18,flag,
23,non-restrictive,subject-18,scarf,
23,non-restrictive,subject-18,pencil,
23,non-restrictive,subject-18,needle,
23,non-restrictive,subject-18,card,
24,restrictive,subject-18,glass,
24,restrictive,subject-18,rabbit,
24,restrictive,subject-18,plate,
24,restrictive,subject-18,potato,
35,non-restrictive,subject-18,mascara,
35,non-restrictive,subject-18,brush,
35,non-restrictive,subject-18,mirror,
35,non-restrictive,subject-18,pot,
31,non-restrictive,subject-18,bottle,
31,non-restrictive,subject-18,lemon,
31,non-restrictive,subject-18,sponge,
31,non-restrictive,subject-18,seed,
20,restrictive,subject-18,cup,
20,restrictive,subject-18,kitten,
20,restrictive,subject-18,block,
20,restrictive,subject-18,crayon,
48,non-restrictive,subject-19,pouch,
48,non-restrictive,subject-19,balloon,
48,non-restrictive,subject-19,pump,
48,non-restrictive,subject-19,flag,
31,restrictive,subject-19,bottle,
31,restrictive,subject-19,lemon,
31,restrictive,subject-19,sponge,
31,restrictive,subject-19,seed,
23,restrictive,subject-19,scarf,
23,restrictive,subject-19,pencil,
23,restrictive,subject-19,needle,
23,restrictive,subject-19,card,
40,non-restrictive,subject-19,iron,
40,non-restrictive,subject-19,blouse,
40,non-restrictive,subject-19,pin,
40,non-restrictive,subject-19,toothbrish,
36,non-restrictive,subject-19,clips,
36,non-restrictive,subject-19,lego,
36,non-restrictive,subject-19,papers,
36,non-restrictive,subject-19,boxes,
35,restrictive,subject-19,mascara,
35,restrictive,subject-19,brush,
35,restrictive,subject-19,mirror,
35,restrictive,subject-19,pot,
33,restrictive,subject-19,box,
33,restrictive,subject-19,gift,
33,restrictive,subject-19,suitcase,
33,restrictive,subject-19,envelope,
37,restrictive,subject-19,marker,
37,restrictive,subject-19,key,
37,restrictive,subject-19,banana,
37,restrictive,subject-19,mitten,
44,non-restrictive,subject-19,hammer,0.0
44,non-restrictive,subject-19,dough,1.0
44,non-restrictive,subject-19,glass,0.0
44,non-restrictive,subject-19,ladle,0.0
5,restrictive,subject-19,cactus,0.0
5,restrictive,subject-19,moon,0.0
5,restrictive,subject-19,mountain,1.0
5,restrictive,subject-19,animal,0.0
27,restrictive,subject-19,lamp,
27,restrictive,subject-19,switch,
27,restrictive,subject-19,frame,
27,restrictive,subject-19,picture,
29,restrictive,subject-19,eraser,
29,restrictive,subject-19,tissue,
29,restrictive,subject-19,newspaper,
29,restrictive,subject-19,comb,
17,restrictive,subject-19,stone,
17,restrictive,subject-19,rope,
17,restrictive,subject-19,wood,
17,restrictive,subject-19,bucket,
6,non-restrictive,subject-19,knife,
6,non-restrictive,subject-19,weighing-scales,
6,non-restrictive,subject-19,jug,
6,non-restrictive,subject-19,mushrooms,
11,restrictive,subject-19,bell,
11,restrictive,subject-19,drum,
11,restrictive,subject-19,duck,
11,restrictive,subject-19,bricks,
20,non-restrictive,subject-19,cup,
20,non-restrictive,subject-19,kitten,
20,non-restrictive,subject-19,block,
20,non-restrictive,subject-19,crayon,
42,non-restrictive,subject-19,apple,
42,non-restrictive,subject-19,chalk,
42,non-restrictive,subject-19,ruler,
42,non-restrictive,subject-19,shirt,
46,non-restrictive,subject-19,bow,1.0
46,non-restrictive,subject-19,gum,0.0
46,non-restrictive,subject-19,stand,0.0
46,non-restrictive,subject-19,violin,0.0
16,non-restrictive,subject-19,ribbon,
16,non-restrictive,subject-19,dress,
16,non-restrictive,subject-19,lantern,
16,non-restrictive,subject-19,backpack,
19,restrictive,subject-19,bread,
19,restrictive,subject-19,spoon,
19,restrictive,subject-19,spatula,
19,restrictive,subject-19,bowl,
18,non-restrictive,subject-19,stick,
18,non-restrictive,subject-19,feather,
18,non-restrictive,subject-19,leaf,
18,non-restrictive,subject-19,football,
41,restrictive,subject-19,cone,
41,restrictive,subject-19,shell,
41,restrictive,subject-19,orange,
41,restrictive,subject-19,stone,
39,restrictive,subject-19,shoelace,
39,restrictive,subject-19,shampoo,
39,restrictive,subject-19,mat,
39,restrictive,subject-19,buckle,
4,non-restrictive,subject-19,shuttle-cock,
4,non-restrictive,subject-19,ball,
4,non-restrictive,subject-19,paper-plane,
4,non-restrictive,subject-19,acorns,
22,non-restrictive,subject-19,hook,
22,non-restrictive,subject-19,poster,
22,non-restrictive,subject-19,towel,
22,non-restrictive,subject-19,coat,
15,restrictive,subject-19,hat,
15,restrictive,subject-19,wallet,
15,restrictive,subject-19,magnifying-glass,
15,restrictive,subject-19,folder,
13,restrictive,subject-19,briefcase,0.0
13,restrictive,subject-19,glasses,0.0
13,restrictive,subject-19,cigarettes,1.0
13,restrictive,subject-19,filofax,0.0
12,non-restrictive,subject-19,car,
12,non-restrictive,subject-19,boat,
12,non-restrictive,subject-19,birds,
12,non-restrictive,subject-19,sun,
45,restrictive,subject-19,peeler,
45,restrictive,subject-19,pot,
45,restrictive,subject-19,carrot,
45,restrictive,subject-19,laddle,
26,non-restrictive,subject-19,package,
26,non-restrictive,subject-19,coin,
26,non-restrictive,subject-19,coaster,
26,non-restrictive,subject-19,candle,
25,restrictive,subject-19,peach,
25,restrictive,subject-19,rope,
25,restrictive,subject-19,canvas,
25,restrictive,subject-19,keyboard,
38,non-restrictive,subject-19,mop,0.0
38,non-restrictive,subject-19,broom,0.0
38,non-restrictive,subject-19,cloth,0.5
38,non-restrictive,subject-19,apron,0.5
3,restrictive,subject-19,baby,
3,restrictive,subject-19,plant,
3,restrictive,subject-19,stool,
3,restrictive,subject-19,rocking-horse,
2,non-restrictive,subject-19,car,
2,non-restrictive,subject-19,houses,
2,non-restrictive,subject-19,dustbin,
2,non-restrictive,subject-19,man,
34,non-restrictive,subject-19,puzzle,
34,non-restrictive,subject-19,notebook,
34,non-restrictive,subject-19,pillow,
34,non-restrictive,subject-19,radio,
47,restrictive,subject-19,carpet,
47,restrictive,subject-19,dustpan,
47,restrictive,subject-19,roller,
47,restrictive,subject-19,footstool,
10,non-restrictive,subject-19,mirror,
10,non-restrictive,subject-19,dog,
10,non-restrictive,subject-19,wastebin,
10,non-restrictive,subject-19,washing-machine,
1,restrictive,subject-19,chair,
1,restrictive,subject-19,lipstick,
1,restrictive,subject-19,wine,
1,restrictive,subject-19,cheese,
21,restrictive,subject-19,vase,
21,restrictive,subject-19,cushion,
21,restrictive,subject-19,flower,
21,restrictive,subject-19,magazine,
30,non-restrictive,subject-19,cap,
30,non-restrictive,subject-19,watch,
30,non-restrictive,subject-19,headphones,
30,non-restrictive,subject-19,dice,
28,non-restrictive,subject-19,sock,
28,non-restrictive,subject-19,milk,
28,non-restrictive,subject-19,glove,
28,non-restrictive,subject-19,nut,
32,non-restrictive,subject-19,kettle,
32,non-restrictive,subject-19,beer,
32,non-restrictive,subject-19,mug,
32,non-restrictive,subject-19,biscuit,
24,non-restrictive,subject-19,glass,
24,non-restrictive,subject-19,rabbit,
24,non-restrictive,subject-19,plate,
24,non-restrictive,subject-19,potato,
9,restrictive,subject-19,cup,
9,restrictive,subject-19,bag,
9,restrictive,subject-19,book,
9,restrictive,subject-19,door,
8,non-restrictive,subject-19,television,
8,non-restrictive,subject-19,piano,
8,non-restrictive,subject-19,table,
8,non-restrictive,subject-19,telephone,
49,restrictive,subject-19,rubberband,
49,restrictive,subject-19,scissors,
49,restrictive,subject-19,stamp,
49,restrictive,subject-19,envelope,
14,non-restrictive,subject-19,bird,
14,non-restrictive,subject-19,ball,
14,non-restrictive,subject-19,hen,
14,non-restrictive,subject-19,dog,
0,non-restrictive,subject-19,ball,
0,non-restrictive,subject-19,cake,
0,non-restrictive,subject-19,toy-car,
0,non-restrictive,subject-19,toy-train,
7,restrictive,subject-19,child,
7,restrictive,subject-19,tv-monitor,
7,restrictive,subject-19,toy-bear,
7,restrictive,subject-19,microscope,
43,restrictive,subject-19,safe,
43,restrictive,subject-19,pan,
43,restrictive,subject-19,bolt,
43,restrictive,subject-19,handle,
3,non-restrictive,subject-20,rocking-horse,
3,non-restrictive,subject-20,baby,
3,non-restrictive,subject-20,plant,
3,non-restrictive,subject-20,stool,
10,restrictive,subject-20,washing-machine,
10,restrictive,subject-20,mirror,
10,restrictive,subject-20,dog,
10,restrictive,subject-20,wastebin,
28,restrictive,subject-20,nut,
28,restrictive,subject-20,sock,
28,restrictive,subject-20,milk,
28,restrictive,subject-20,glove,
6,restrictive,subject-20,mushrooms,
6,restrictive,subject-20,knife,
6,restrictive,subject-20,weighing-scales,
6,restrictive,subject-20,jug,
21,non-restrictive,subject-20,magazine,
21,non-restrictive,subject-20,vase,
21,non-restrictive,subject-20,cushion,
21,non-restrictive,subject-20,flower,
12,restrictive,subject-20,sun,
12,restrictive,subject-20,car,
12,restrictive,subject-20,boat,
12,restrictive,subject-20,birds,
5,non-restrictive,subject-20,animal,
5,non-restrictive,subject-20,cactus,
5,non-restrictive,subject-20,moon,
5,non-restrictive,subject-20,mountain,
11,non-restrictive,subject-20,bricks,
11,non-restrictive,subject-20,bell,
11,non-restrictive,subject-20,drum,
11,non-restrictive,subject-20,duck,
42,restrictive,subject-20,shirt,
42,restrictive,subject-20,apple,
42,restrictive,subject-20,chalk,
42,restrictive,subject-20,ruler,
23,non-restrictive,subject-20,card,
23,non-restrictive,subject-20,scarf,
23,non-restrictive,subject-20,pencil,
23,non-restrictive,subject-20,needle,
49,non-restrictive,subject-20,envelope,
49,non-restrictive,subject-20,rubberband,
49,non-restrictive,subject-20,scissors,
49,non-restrictive,subject-20,stamp,
0,restrictive,subject-20,toy-train,
0,restrictive,subject-20,ball,
0,restrictive,subject-20,cake,
0,restrictive,subject-20,toy-car,
4,restrictive,subject-20,acorns,
4,restrictive,subject-20,shuttle-cock,
4,restrictive,subject-20,ball,
4,restrictive,subject-20,paper-plane,
36,restrictive,subject-20,boxes,
36,restrictive,subject-20,clips,
36,restrictive,subject-20,lego,
36,restrictive,subject-20,papers,
22,restrictive,subject-20,coat,
22,restrictive,subject-20,hook,
22,restrictive,subject-20,poster,
22,restrictive,subject-20,towel,
41,non-restrictive,subject-20,stone,
41,non-restrictive,subject-20,cone,
41,non-restrictive,subject-20,shell,
41,non-restrictive,subject-20,orange,
46,restrictive,subject-20,violin,
46,restrictive,subject-20,bow,
46,restrictive,subject-20,gum,
46,restrictive,subject-20,stand,
26,restrictive,subject-20,candle,
26,restrictive,subject-20,package,
26,restrictive,subject-20,coin,
26,restrictive,subject-20,coaster,
40,restrictive,subject-20,toothbrish,
40,restrictive,subject-20,iron,
40,restrictive,subject-20,blouse,
40,restrictive,subject-20,pin,
9,non-restrictive,subject-20,door,
9,non-restrictive,subject-20,cup,
9,non-restrictive,subject-20,bag,
9,non-restrictive,subject-20,book,
18,restrictive,subject-20,football,
18,restrictive,subject-20,stick,
18,restrictive,subject-20,feather,
18,restrictive,subject-20,leaf,
43,non-restrictive,subject-20,handle,
43,non-restrictive,subject-20,safe,
43,non-restrictive,subject-20,pan,
43,non-restrictive,subject-20,bolt,
31,non-restrictive,subject-20,seed,
31,non-restrictive,subject-20,bottle,
31,non-restrictive,subject-20,lemon,
31,non-restrictive,subject-20,sponge,
25,non-restrictive,subject-20,keyboard,
25,non-restrictive,subject-20,peach,
25,non-restrictive,subject-20,rope,
25,non-restrictive,subject-20,canvas,
1,non-restrictive,subject-20,cheese,
1,non-restrictive,subject-20,chair,
1,non-restrictive,subject-20,lipstick,
1,non-restrictive,subject-20,wine,
48,restrictive,subject-20,flag,
48,restrictive,subject-20,pouch,
48,restrictive,subject-20,balloon,
48,restrictive,subject-20,pump,
47,non-restrictive,subject-20,footstool,
47,non-restrictive,subject-20,carpet,
47,non-restrictive,subject-20,dustpan,
47,non-restrictive,subject-20,roller,
29,non-restrictive,subject-20,comb,
29,non-restrictive,subject-20,eraser,
29,non-restrictive,subject-20,tissue,
29,non-restrictive,subject-20,newspaper,
45,non-restrictive,subject-20,laddle,
45,non-restrictive,subject-20,peeler,
45,non-restrictive,subject-20,pot,
45,non-restrictive,subject-20,carrot,
30,restrictive,subject-20,dice,
30,restrictive,subject-20,cap,
30,restrictive,subject-20,watch,
30,restrictive,subject-20,headphones,
19,non-restrictive,subject-20,bowl,
19,non-restrictive,subject-20,bread,
19,non-restrictive,subject-20,spoon,
19,non-restrictive,subject-20,spatula,
33,non-restrictive,subject-20,envelope,
33,non-restrictive,subject-20,box,
33,non-restrictive,subject-20,gift,
33,non-restrictive,subject-20,suitcase,
8,restrictive,subject-20,telephone,
8,restrictive,subject-20,television,
8,restrictive,subject-20,piano,
8,restrictive,subject-20,table,
15,non-restrictive,subject-20,folder,1.0
15,non-restrictive,subject-20,hat,0.0
15,non-restrictive,subject-20,wallet,0.0
15,non-restrictive,subject-20,magnifying-glass,0.0
2,restrictive,subject-20,man,
2,restrictive,subject-20,car,
2,restrictive,subject-20,houses,
2,restrictive,subject-20,dustbin,
44,restrictive,subject-20,ladle,
44,restrictive,subject-20,hammer,
44,restrictive,subject-20,dough,
44,restrictive,subject-20,glass,
17,non-restrictive,subject-20,bucket,
17,non-restrictive,subject-20,stone,
17,non-restrictive,subject-20,rope,
17,non-restrictive,subject-20,wood,
27,non-restrictive,subject-20,picture,
27,non-restrictive,subject-20,lamp,
27,non-restrictive,subject-20,switch,
27,non-restrictive,subject-20,frame,
32,restrictive,subject-20,biscuit,
32,restrictive,subject-20,kettle,
32,restrictive,subject-20,beer,
32,restrictive,subject-20,mug,
37,non-restrictive,subject-20,mitten,
37,non-restrictive,subject-20,marker,
37,non-restrictive,subject-20,key,
37,non-restrictive,subject-20,banana,
24,restrictive,subject-20,potato,
24,restrictive,subject-20,glass,
24,restrictive,subject-20,rabbit,
24,restrictive,subject-20,plate,
20,restrictive,subject-20,crayon,
20,restrictive,subject-20,cup,
20,restrictive,subject-20,kitten,
20,restrictive,subject-20,block,
39,non-restrictive,subject-20,buckle,
39,non-restrictive,subject-20,shoelace,
39,non-restrictive,subject-20,shampoo,
39,non-restrictive,subject-20,mat,
7,non-restrictive,subject-20,microscope,
7,non-restrictive,subject-20,child,
7,non-restrictive,subject-20,tv-monitor,
7,non-restrictive,subject-20,toy-bear,
13,non-restrictive,subject-20,filofax,
13,non-restrictive,subject-20,briefcase,
13,non-restrictive,subject-20,glasses,
13,non-restrictive,subject-20,cigarettes,
14,restrictive,subject-20,dog,
14,restrictive,subject-20,bird,
14,restrictive,subject-20,ball,
14,restrictive,subject-20,hen,
38,restrictive,subject-20,apron,
38,restrictive,subject-20,mop,
38,restrictive,subject-20,broom,
38,restrictive,subject-20,cloth,
35,non-restrictive,subject-20,pot,
35,non-restrictive,subject-20,mascara,
35,non-restrictive,subject-20,brush,
35,non-restrictive,subject-20,mirror,
16,restrictive,subject-20,backpack,
16,restrictive,subject-20,ribbon,
16,restrictive,subject-20,dress,
16,restrictive,subject-20,lantern,
2,non-restrictive,subject-21,man,
2,non-restrictive,subject-21,car,
2,non-restrictive,subject-21,houses,
2,non-restrictive,subject-21,dustbin,
1,restrictive,subject-21,cheese,
1,restrictive,subject-21,chair,
1,restrictive,subject-21,lipstick,
1,restrictive,subject-21,wine,
46,non-restrictive,subject-21,violin,
46,non-restrictive,subject-21,bow,
46,non-restrictive,subject-21,gum,
46,non-restrictive,subject-21,stand,
36,non-restrictive,subject-21,boxes,
36,non-restrictive,subject-21,clips,
36,non-restrictive,subject-21,lego,
36,non-restrictive,subject-21,papers,
29,restrictive,subject-21,comb,
29,restrictive,subject-21,eraser,
29,restrictive,subject-21,tissue,
29,restrictive,subject-21,newspaper,
11,restrictive,subject-21,bricks,
11,restrictive,subject-21,bell,
11,restrictive,subject-21,drum,
11,restrictive,subject-21,duck,
16,non-restrictive,subject-21,backpack,
16,non-restrictive,subject-21,ribbon,
16,non-restrictive,subject-21,dress,
16,non-restrictive,subject-21,lantern,
30,non-restrictive,subject-21,dice,
30,non-restrictive,subject-21,cap,
30,non-restrictive,subject-21,watch,
30,non-restrictive,subject-21,headphones,
0,non-restrictive,subject-21,toy-train,
0,non-restrictive,subject-21,ball,
0,non-restrictive,subject-21,cake,
0,non-restrictive,subject-21,toy-car,
21,restrictive,subject-21,magazine,
21,restrictive,subject-21,vase,
21,restrictive,subject-21,cushion,
21,restrictive,subject-21,flower,
10,non-restrictive,subject-21,washing-machine,
10,non-restrictive,subject-21,mirror,
10,non-restrictive,subject-21,dog,
10,non-restrictive,subject-21,wastebin,
49,restrictive,subject-21,envelope,
49,restrictive,subject-21,rubberband,
49,restrictive,subject-21,scissors,
49,restrictive,subject-21,stamp,
4,non-restrictive,subject-21,acorns,
4,non-restrictive,subject-21,shuttle-cock,
4,non-restrictive,subject-21,ball,
4,non-restrictive,subject-21,paper-plane,
18,non-restrictive,subject-21,football,
18,non-restrictive,subject-21,stick,
18,non-restrictive,subject-21,feather,
18,non-restrictive,subject-21,leaf,
3,restrictive,subject-21,rocking-horse,
3,restrictive,subject-21,baby,
3,restrictive,subject-21,plant,
3,restrictive,subject-21,stool,
39,restrictive,subject-21,buckle,
39,restrictive,subject-21,shoelace,
39,restrictive,subject-21,shampoo,
39,restrictive,subject-21,mat,
6,non-restrictive,subject-21,mushrooms,
6,non-restrictive,subject-21,knife,
6,non-restrictive,subject-21,weighing-scales,
6,non-restrictive,subject-21,jug,
19,restrictive,subject-21,bowl,
19,restrictive,subject-21,bread,
19,restrictive,subject-21,spoon,
19,restrictive,subject-21,spatula,
41,restrictive,subject-21,stone,
41,restrictive,subject-21,cone,
41,restrictive,subject-21,shell,
41,restrictive,subject-21,orange,
40,non-restrictive,subject-21,toothbrish,
40,non-restrictive,subject-21,iron,
40,non-restrictive,subject-21,blouse,
40,non-restrictive,subject-21,pin,
13,restrictive,subject-21,filofax,
13,restrictive,subject-21,briefcase,
13,restrictive,subject-21,glasses,
13,restrictive,subject-21,cigarettes,
33,restrictive,subject-21,envelope,
33,restrictive,subject-21,box,
33,restrictive,subject-21,gift,
33,restrictive,subject-21,suitcase,
37,restrictive,subject-21,mitten,
37,restrictive,subject-21,marker,
37,restrictive,subject-21,key,
37,restrictive,subject-21,banana,
23,restrictive,subject-21,card,
23,restrictive,subject-21,scarf,
23,restrictive,subject-21,pencil,
23,restrictive,subject-21,needle,
28,non-restrictive,subject-21,nut,
28,non-restrictive,subject-21,sock,
28,non-restrictive,subject-21,milk,
28,non-restrictive,subject-21,glove,
43,restrictive,subject-21,handle,0.0
43,restrictive,subject-21,safe,0.0
43,restrictive,subject-21,pan,1.0
43,restrictive,subject-21,bolt,0.0
20,non-restrictive,subject-21,crayon,
20,non-restrictive,subject-21,cup,
20,non-restrictive,subject-21,kitten,
20,non-restrictive,subject-21,block,
27,restrictive,subject-21,picture,
27,restrictive,subject-21,lamp,
27,restrictive,subject-21,switch,
27,restrictive,subject-21,frame,
9,restrictive,subject-21,door,
9,restrictive,subject-21,cup,
9,restrictive,subject-21,bag,
9,restrictive,subject-21,book,
15,restrictive,subject-21,folder,
15,restrictive,subject-21,hat,
15,restrictive,subject-21,wallet,
15,restrictive,subject-21,magnifying-glass,
24,non-restrictive,subject-21,potato,
24,non-restrictive,subject-21,glass,
24,non-restrictive,subject-21,rabbit,
24,non-restrictive,subject-21,plate,
14,non-restrictive,subject-21,dog,
14,non-restrictive,subject-21,bird,
14,non-restrictive,subject-21,ball,
14,non-restrictive,subject-21,hen,
26,non-restrictive,subject-21,candle,
26,non-restrictive,subject-21,package,
26,non-restrictive,subject-21,coin,
26,non-restrictive,subject-21,coaster,
38,non-restrictive,subject-21,apron,
38,non-restrictive,subject-21,mop,
38,non-restrictive,subject-21,broom,
38,non-restrictive,subject-21,cloth,
42,non-restrictive,subject-21,shirt,
42,non-restrictive,subject-21,apple,
42,non-restrictive,subject-21,chalk,
42,non-restrictive,subject-21,ruler,
25,restrictive,subject-21,keyboard,
25,restrictive,subject-21,peach,
25,restrictive,subject-21,rope,
25,restrictive,subject-21,canvas,
22,non-restrictive,subject-21,coat,
22,non-restrictive,subject-21,hook,
22,non-restrictive,subject-21,poster,
22,non-restrictive,subject-21,towel,
31,restrictive,subject-21,seed,0.0
31,restrictive,subject-21,bottle,1.0
31,restrictive,subject-21,lemon,0.0
31,restrictive,subject-21,sponge,0.0
7,restrictive,subject-21,microscope,1.0
7,restrictive,subject-21,child,0.0
7,restrictive,subject-21,tv-monitor,0.0
7,restrictive,subject-21,toy-bear,0.0
17,restrictive,subject-21,bucket,
17,restrictive,subject-21,stone,
17,restrictive,subject-21,rope,
17,restrictive,subject-21,wood,
8,non-restrictive,subject-21,telephone,
8,non-restrictive,subject-21,television,
8,non-restrictive,subject-21,piano,
8,non-restrictive,subject-21,table,
45,restrictive,subject-21,laddle,
45,restrictive,subject-21,peeler,
45,restrictive,subject-21,pot,
45,restrictive,subject-21,carrot,
34,non-restrictive,subject-21,radio,
34,non-restrictive,subject-21,puzzle,
34,non-restrictive,subject-21,notebook,
34,non-restrictive,subject-21,pillow,
44,non-restrictive,subject-21,ladle,
44,non-restrictive,subject-21,hammer,
44,non-restrictive,subject-21,dough,
44,non-restrictive,subject-21,glass,
47,restrictive,subject-21,footstool,
47,restrictive,subject-21,carpet,
47,restrictive,subject-21,dustpan,
47,restrictive,subject-21,roller,
48,non-restrictive,subject-21,flag,0.3333
48,non-restrictive,subject-21,pouch,0.6667
48,non-restrictive,subject-21,balloon,0.0
48,non-restrictive,subject-21,pump,0.0
5,restrictive,subject-21,animal,0.0
5,restrictive,subject-21,cactus,0.0
5,restrictive,subject-21,moon,1.0
5,restrictive,subject-21,mountain,0.0
35,restrictive,subject-21,pot,
35,restrictive,subject-21,mascara,
35,restrictive,subject-21,brush,
35,restrictive,subject-21,mirror,
32,non-restrictive,subject-21,biscuit,
32,non-restrictive,subject-21,kettle,
32,non-restrictive,subject-21,beer,
32,non-restrictive,subject-21,mug,
12,non-restrictive,subject-21,sun,
12,non-restrictive,subject-21,car,
12,non-restrictive,subject-21,boat,
12,non-restrictive,subject-21,birds,
45,non-restrictive,subject-22,carrot,
45,non-restrictive,subject-22,laddle,
45,non-restrictive,subject-22,peeler,
45,non-restrictive,subject-22,pot,
7,non-restrictive,subject-22,toy-bear,0.0
7,non-restrictive,subject-22,microscope,1.0
7,non-restrictive,subject-22,child,0.0
7,non-restrictive,subject-22,tv-monitor,0.0
29,non-restrictive,subject-22,newspaper,
29,non-restrictive,subject-22,comb,
29,non-restrictive,subject-22,eraser,
29,non-restrictive,subject-22,tissue,
38,restrictive,subject-22,cloth,
38,restrictive,subject-22,apron,
38,restrictive,subject-22,mop,
38,restrictive,subject-22,broom,
6,restrictive,subject-22,jug,
6,restrictive,subject-22,mushrooms,
6,restrictive,subject-22,knife,
6,restrictive,subject-22,weighing-scales,
49,non-restrictive,subject-22,stamp,
49,non-restrictive,subject-22,envelope,
49,non-restrictive,subject-22,rubberband,
49,non-restrictive,subject-22,scissors,
5,non-restrictive,subject-22,mountain,
5,non-restrictive,subject-22,animal,
5,non-restrictive,subject-22,cactus,
5,non-restrictive,subject-22,moon,
31,non-restrictive,subject-22,sponge,
31,non-restrictive,subject-22,seed,
31,non-restrictive,subject-22,bottle,
31,non-restrictive,subject-22,lemon,
20,restrictive,subject-22,block,
20,restrictive,subject-22,crayon,
20,restrictive,subject-22,cup,
20,restrictive,subject-22,kitten,
25,non-restrictive,subject-22,canvas,
25,non-restrictive,subject-22,keyboard,
25,non-restrictive,subject-22,peach,
25,non-restrictive,subject-22,rope,
47,non-restrictive,subject-22,roller,
47,non-restrictive,subject-22,footstool,
47,non-restrictive,subject-22,carpet,
47,non-restrictive,subject-22,dustpan,
44,restrictive,subject-22,glass,
44,restrictive,subject-22,ladle,
44,restrictive,subject-22,hammer,
44,restrictive,subject-22,dough,
0,restrictive,subject-22,toy-car,
0,restrictive,subject-22,toy-train,
0,restrictive,subject-22,ball,
0,restrictive,subject-22,cake,
37,non-restrictive,subject-22,banana,
37,non-restrictive,subject-22,mitten,
37,non-restrictive,subject-22,marker,
37,non-restrictive,subject-22,key,
26,restrictive,subject-22,coaster,
26,restrictive,subject-22,candle,
26,restrictive,subject-22,package,
26,restrictive,subject-22,coin,
21,non-restrictive,subject-22,flower,
21,non-restrictive,subject-22,magazine,
21,non-restrictive,subject-22,vase,
21,non-restrictive,subject-22,cushion,
18,restrictive,subject-22,leaf,
18,restrictive,subject-22,football,
18,restrictive,subject-22,stick,
18,restrictive,subject-22,feather,
39,non-restrictive,subject-22,mat,
39,non-restrictive,subject-22,buckle,
39,non-restrictive,subject-22,shoelace,
39,non-restrictive,subject-22,shampoo,
1,non-restrictive,subject-22,wine,
1,non-restrictive,subject-22,cheese,
1,non-restrictive,subject-22,chair,
1,non-restrictive,subject-22,lipstick,
36,restrictive,subject-22,papers,
36,restrictive,subject-22,boxes,
36,restrictive,subject-22,clips,
36,restrictive,subject-22,lego,
22,restrictive,subject-22,towel,
22,restrictive,subject-22,coat,
22,restrictive,subject-22,hook,
22,restrictive,subject-22,poster,
15,non-restrictive,subject-22,magnifying-glass,
15,non-restrictive,subject-22,folder,
15,non-restrictive,subject-22,hat,
15,non-restrictive,subject-22,wallet,
16,restrictive,subject-22,lantern,
16,restrictive,subject-22,backpack,
16,restrictive,subject-22,ribbon,
16,restrictive,subject-22,dress,
17,non-restrictive,subject-22,wood,
17,non-restrictive,subject-22,bucket,
17,non-restrictive,subject-22,stone,
17,non-restrictive,subject-22,rope,
14,restrictive,subject-22,hen,
14,restrictive,subject-22,dog,
14,restrictive,subject-22,bird,
14,restrictive,subject-22,ball,
23,non-restrictive,subject-22,needle,
23,non-restrictive,subject-22,card,
23,non-restrictive,subject-22,scarf,
23,non-restrictive,subject-22,pencil,
33,non-restrictive,subject-22,suitcase,
33,non-restrictive,subject-22,envelope,
33,non-restrictive,subject-22,box,
33,non-restrictive,subject-22,gift,
30,restrictive,subject-22,headphones,
30,restrictive,subject-22,dice,
30,restrictive,subject-22,cap,
30,restrictive,subject-22,watch,
24,restrictive,subject-22,plate,
24,restrictive,subject-22,potato,
24,restrictive,subject-22,glass,
24,restrictive,subject-22,rabbit,
10,restrictive,subject-22,wastebin,
10,restrictive,subject-22,washing-machine,
10,restrictive,subject-22,mirror,
10,restrictive,subject-22,dog,
19,non-restrictive,subject-22,spatula,
19,non-restrictive,subject-22,bowl,
19,non-restrictive,subject-22,bread,
19,non-restrictive,subject-22,spoon,
12,restrictive,subject-22,birds,
12,restrictive,subject-22,sun,
12,restrictive,subject-22,car,
12,restrictive,subject-22,boat,
40,restrictive,subject-22,pin,
40,restrictive,subject-22,toothbrish,
40,restrictive,subject-22,iron,
40,restrictive,subject-22,blouse,
3,non-restrictive,subject-22,stool,
3,non-restrictive,subject-22,rocking-horse,
3,non-restrictive,subject-22,baby,
3,non-restrictive,subject-22,plant,
46,restrictive,subject-22,stand,
46,restrictive,subject-22,violin,
46,restrictive,subject-22,bow,
46,restrictive,subject-22,gum,
8,restrictive,subject-22,table,
8,restrictive,subject-22,telephone,
8,restrictive,subject-22,television,
8,restrictive,subject-22,piano,
27,non-restrictive,subject-22,frame,
27,non-restrictive,subject-22,picture,
27,non-restrictive,subject-22,lamp,
27,non-restrictive,subject-22,switch,
9,non-restrictive,subject-22,book,
9,non-restrictive,subject-22,door,
9,non-restrictive,subject-22,cup,
9,non-restrictive,subject-22,bag,
42,restrictive,subject-22,ruler,
42,restrictive,subject-22,shirt,
42,restrictive,subject-22,apple,
42,restrictive,subject-22,chalk,
2,restrictive,subject-22,dustbin,
2,restrictive,subject-22,man,
2,restrictive,subject-22,car,
2,restrictive,subject-22,houses,
13,non-restrictive,subject-22,cigarettes,1.0
13,non-restrictive,subject-22,filofax,0.0
13,non-restrictive,subject-22,briefcase,0.0
13,non-restrictive,subject-22,glasses,0.0
48,restrictive,subject-22,pump,
48,restrictive,subject-22,flag,
48,restrictive,subject-22,pouch,
48,restrictive,subject-22,balloon,
11,non-restrictive,subject-22,duck,
11,non-restrictive,subject-22,bricks,
11,non-restrictive,subject-22,bell,
11,non-restrictive,subject-22,drum,
41,non-restrictive,subject-22,orange,
41,non-restrictive,subject-22,stone,
41,non-restrictive,subject-22,cone,
41,non-restrictive,subject-22,shell,
43,non-restrictive,subject-22,bolt,
43,non-restrictive,subject-22,handle,
43,non-restrictive,subject-22,safe,
43,non-restrictive,subject-22,pan,
4,restrictive,subject-22,paper-plane,
4,restrictive,subject-22,acorns,
4,restrictive,subject-22,shuttle-cock,
4,restrictive,subject-22,ball,
35,non-restrictive,subject-22,mirror,
35,non-restrictive,subject-22,pot,
35,non-restrictive,subject-22,mascara,
35,non-restrictive,subject-22,brush,
28,restrictive,subject-22,glove,
28,restrictive,subject-22,nut,
28,restrictive,subject-22,sock,
28,restrictive,subject-22,milk,
32,restrictive,subject-22,mug,
32,restrictive,subject-22,biscuit,
32,restrictive,subject-22,kettle,
32,restrictive,subject-22,beer,
24,non-restrictive,subject-23,plate,
24,non-restrictive,subject-23,potato,
24,non-restrictive,subject-23,glass,
24,non-restrictive,subject-23,rabbit,
3,restrictive,subject-23,stool,
3,restrictive,subject-23,rocking-horse,
3,restrictive,subject-23,baby,
3,restrictive,subject-23,plant,
6,non-restrictive,subject-23,jug,
6,non-restrictive,subject-23,mushrooms,
6,non-restrictive,subject-23,knife,
6,non-restrictive,subject-23,weighing-scales,
44,non-restrictive,subject-23,glass,0.0
44,non-restrictive,subject-23,ladle,0.0
44,non-restrictive,subject-23,hammer,0.0
44,non-restrictive,subject-23,dough,1.0
9,restrictive,subject-23,book,
9,restrictive,subject-23,door,
9,restrictive,subject-23,cup,
9,restrictive,subject-23,bag,
11,restrictive,subject-23,duck,
11,restrictive,subject-23,bricks,
11,restrictive,subject-23,bell,
11,restrictive,subject-23,drum,
18,non-restrictive,subject-23,leaf,
18,non-restrictive,subject-23,football,
18,non-restrictive,subject-23,stick,
18,non-restrictive,subject-23,feather,
42,non-restrictive,subject-23,ruler,
42,non-restrictive,subject-23,shirt,
42,non-restrictive,subject-23,apple,
42,non-restrictive,subject-23,chalk,
23,restrictive,subject-23,needle,
23,restrictive,subject-23,card,
23,restrictive,subject-23,scarf,
23,restrictive,subject-23,pencil,
46,non-restrictive,subject-23,stand,
46,non-restrictive,subject-23,violin,
46,non-restrictive,subject-23,bow,
46,non-restrictive,subject-23,gum,
26,non-restrictive,subject-23,coaster,
26,non-restrictive,subject-23,candle,
26,non-restrictive,subject-23,package,
26,non-restrictive,subject-23,coin,
7,restrictive,subject-23,toy-bear,
7,restrictive,subject-23,microscope,
7,restrictive,subject-23,child,
7,restrictive,subject-23,tv-monitor,
41,restrictive,subject-23,orange,
41,restrictive,subject-23,stone,
41,restrictive,subject-23,cone,
41,restrictive,subject-23,shell,
47,restrictive,subject-23,roller,
47,restrictive,subject-23,footstool,
47,restrictive,subject-23,carpet,
47,restrictive,subject-23,dustpan,
10,non-restrictive,subject-23,wastebin,
10,non-restrictive,subject-23,washing-machine,
10,non-restrictive,subject-23,mirror,
10,non-restrictive,subject-23,dog,
34,non-restrictive,subject-23,pillow,
34,non-restrictive,subject-23,radio,
34,non-restrictive,subject-23,puzzle,
34,non-restrictive,subject-23,notebook,
29,restrictive,subject-23,newspaper,
29,restrictive,subject-23,comb,
29,restrictive,subject-23,eraser,
29,restrictive,subject-23,tissue,
49,restrictive,subject-23,stamp,
49,restrictive,subject-23,envelope,
49,restrictive,subject-23,rubberband,
49,restrictive,subject-23,scissors,
33,restrictive,subject-23,suitcase,0.0
33,restrictive,subject-23,envelope,1.0
33,restrictive,subject-23,box,0.0
33,restrictive,subject-23,gift,0.0
21,restrictive,subject-23,flower,
21,restrictive,subject-23,magazine,
21,restrictive,subject-23,vase,
21,restrictive,subject-23,cushion,
22,non-restrictive,subject-23,towel,
22,non-restrictive,subject-23,coat,
22,non-restrictive,subject-23,hook,
22,non-restrictive,subject-23,poster,
1,restrictive,subject-23,wine,
1,restrictive,subject-23,cheese,
1,restrictive,subject-23,chair,
1,restrictive,subject-23,lipstick,
16,non-restrictive,subject-23,lantern,
16,non-restrictive,subject-23,backpack,
16,non-restrictive,subject-23,ribbon,
16,non-restrictive,subject-23,dress,
45,restrictive,subject-23,carrot,
45,restrictive,subject-23,laddle,
45,restrictive,subject-23,peeler,
45,restrictive,subject-23,pot,
25,restrictive,subject-23,canvas,
25,restrictive,subject-23,keyboard,
25,restrictive,subject-23,peach,
25,restrictive,subject-23,rope,
32,non-restrictive,subject-23,mug,
32,non-restrictive,subject-23,biscuit,
32,non-restrictive,subject-23,kettle,
32,non-restrictive,subject-23,beer,
20,non-restrictive,subject-23,block,
20,non-restrictive,subject-23,crayon,
20,non-restrictive,subject-23,cup,
20,non-restrictive,subject-23,kitten,
4,non-restrictive,subject-23,paper-plane,
4,non-restrictive,subject-23,acorns,
4,non-restrictive,subject-23,shuttle-cock,
4,non-restrictive,subject-23,ball,
13,restrictive,subject-23,cigarettes,
13,restrictive,subject-23,filofax,
13,restrictive,subject-23,briefcase,
13,restrictive,subject-23,glasses,
5,restrictive,subject-23,mountain,
5,restrictive,subject-23,animal,
5,restrictive,subject-23,cactus,
5,restrictive,subject-23,moon,
15,restrictive,subject-23,magnifying-glass,0.0
15,restrictive,subject-23,folder,0.0
15,restrictive,subject-23,hat,0.0
15,restrictive,subject-23,wallet,1.0
48,non-restrictive,subject-23,pump,0.0
48,non-restrictive,subject-23,flag,1.0
48,non-restrictive,subject-23,pouch,0.0
48,non-restrictive,subject-23,balloon,0.0
28,non-restrictive,subject-23,glove,
28,non-restrictive,subject-23,nut,
28,non-restrictive,subject-23,sock,
28,non-restrictive,subject-23,milk,
37,restrictive,subject-23,banana,
37,restrictive,subject-23,mitten,
37,restrictive,subject-23,marker,
37,restrictive,subject-23,key,
8,non-restrictive,subject-23,table,
8,non-restrictive,subject-23,telephone,
8,non-restrictive,subject-23,television,
8,non-restrictive,subject-23,piano,
39,restrictive,subject-23,mat,
39,restrictive,subject-23,buckle,
39,restrictive,subject-23,shoelace,
39,restrictive,subject-23,shampoo,
19,restrictive,subject-23,spatula,
19,restrictive,subject-23,bowl,
19,restrictive,subject-23,bread,
19,restrictive,subject-23,spoon,
17,restrictive,subject-23,wood,
17,restrictive,subject-23,bucket,
17,restrictive,subject-23,stone,
17,restrictive,subject-23,rope,
27,restrictive,subject-23,frame,
27,restrictive,subject-23,picture,
27,restrictive,subject-23,lamp,
27,restrictive,subject-23,switch,
12,non-restrictive,subject-23,birds,
12,non-restrictive,subject-23,sun,
12,non-restrictive,subject-23,car,
12,non-restrictive,subject-23,boat,
38,non-restrictive,subject-23,cloth,0.0
38,non-restrictive,subject-23,apron,0.0
38,non-restrictive,subject-23,mop,0.0
38,non-restrictive,subject-23,broom,1.0
30,non-restrictive,subject-23,headphones,
30,non-restrictive,subject-23,dice,
30,non-restrictive,subject-23,cap,
30,non-restrictive,subject-23,watch,
31,restrictive,subject-23,sponge,
31,restrictive,subject-23,seed,
31,restrictive,subject-23,bottle,
31,restrictive,subject-23,lemon,
35,restrictive,subject-23,mirror,
35,restrictive,subject-23,pot,
35,restrictive,subject-23,mascara,
35,restrictive,subject-23,brush,
36,non-restrictive,subject-23,papers,
36,non-restrictive,subject-23,boxes,
36,non-restrictive,subject-23,clips,
36,non-restrictive,subject-23,lego,
2,non-restrictive,subject-23,dustbin,
2,non-restrictive,subject-23,man,
2,non-restrictive,subject-23,car,
2,non-restrictive,subject-23,houses,
14,non-restrictive,subject-23,hen,0.0
14,non-restrictive,subject-23,dog,0.0
14,non-restrictive,subject-23,bird,1.0
14,non-restrictive,subject-23,ball,0.0
40,non-restrictive,subject-23,pin,
40,non-restrictive,subject-23,toothbrish,
40,non-restrictive,subject-23,iron,
40,non-restrictive,subject-23,blouse,
43,restrictive,subject-23,bolt,
43,restrictive,subject-23,handle,
43,restrictive,subject-23,safe,
43,restrictive,subject-23,pan,
0,non-restrictive,subject-23,toy-car,
0,non-restrictive,subject-23,toy-train,
0,non-restrictive,subject-23,ball,
0,non-restrictive,subject-23,cake,
22,restrictive,subject-24,poster,
22,restrictive,subject-24,towel,
22,restrictive,subject-24,coat,
22,restrictive,subject-24,hook,
31,non-restrictive,subject-24,lemon,
31,non-restrictive,subject-24,sponge,
31,non-restrictive,subject-24,seed,
31,non-restrictive,subject-24,bottle,
7,non-restrictive,subject-24,tv-monitor,
7,non-restrictive,subject-24,toy-bear,
7,non-restrictive,subject-24,microscope,
7,non-restrictive,subject-24,child,
30,restrictive,subject-24,watch,
30,restrictive,subject-24,headphones,
30,restrictive,subject-24,dice,
30,restrictive,subject-24,cap,
3,non-restrictive,subject-24,plant,
3,non-restrictive,subject-24,stool,
3,non-restrictive,subject-24,rocking-horse,
3,non-restrictive,subject-24,baby,
19,non-restrictive,subject-24,spoon,
19,non-restrictive,subject-24,spatula,
19,non-restrictive,subject-24,bowl,
19,non-restrictive,subject-24,bread,
5,non-restrictive,subject-24,moon,
5,non-restrictive,subject-24,mountain,
5,non-restrictive,subject-24,animal,
5,non-restrictive,subject-24,cactus,
44,restrictive,subject-24,dough,
44,restrictive,subject-24,glass,
44,restrictive,subject-24,ladle,
44,restrictive,subject-24,hammer,
48,restrictive,subject-24,balloon,
48,restrictive,subject-24,pump,
48,restrictive,subject-24,flag,
48,restrictive,subject-24,pouch,
9,non-restrictive,subject-24,bag,
9,non-restrictive,subject-24,book,
9,non-restrictive,subject-24,door,
9,non-restrictive,subject-24,cup,
25,non-restrictive,subject-24,rope,
25,non-restrictive,subject-24,canvas,
25,non-restrictive,subject-24,keyboard,
25,non-restrictive,subject-24,peach,
16,restrictive,subject-24,dress,0.0
16,restrictive,subject-24,lantern,0.0
16,restrictive,subject-24,backpack,0.5
16,restrictive,subject-24,ribbon,0.5
21,non-restrictive,subject-24,cushion,0.0
21,non-restrictive,subject-24,flower,0.0
21,non-restrictive,subject-24,magazine,1.0
21,non-restrictive,subject-24,vase,0.0
39,non-restrictive,subject-24,shampoo,
39,non-restrictive,subject-24,mat,
39,non-restrictive,subject-24,buckle,
39,non-restrictive,subject-24,shoelace,
37,non-restrictive,subject-24,key,
37,non-restrictive,subject-24,banana,
37,non-restrictive,subject-24,mitten,
37,non-restrictive,subject-24,marker,
32,restrictive,subject-24,beer,
32,restrictive,subject-24,mug,
32,restrictive,subject-24,biscuit,
32,restrictive,subject-24,kettle,
20,restrictive,subject-24,kitten,
20,restrictive,subject-24,block,
20,restrictive,subject-24,crayon,
20,restrictive,subject-24,cup,
1,non-restrictive,subject-24,lipstick,0.5
1,non-restrictive,subject-24,wine,0.5
1,non-restrictive,subject-24,cheese,0.0
1,non-restrictive,subject-24,chair,0.0
18,restrictive,subject-24,feather,0.0
18,restrictive,subject-24,leaf,1.0
18,restrictive,subject-24,football,0.0
18,restrictive,subject-24,stick,0.0
6,restrictive,subject-24,weighing-scales,0.0
6,restrictive,subject-24,jug,0.0
6,restrictive,subject-24,mushrooms,1.0
6,restrictive,subject-24,knife,0.0
47,non-restrictive,subject-24,dustpan,0.0
47,non-restrictive,subject-24,roller,1.0
47,non-restrictive,subject-24,footstool,0.0
47,non-restrictive,subject-24,carpet,0.0
14,restrictive,subject-24,ball,0.0
14,restrictive,subject-24,hen,1.0
14,restrictive,subject-24,dog,0.0
14,restrictive,subject-24,bird,0.0
42,restrictive,subject-24,chalk,0.0
42,restrictive,subject-24,ruler,0.0
42,restrictive,subject-24,shirt,1.0
42,restrictive,subject-24,apple,0.0
46,restrictive,subject-24,gum,0.0
46,restrictive,subject-24,stand,0.0
46,restrictive,subject-24,violin,1.0
46,restrictive,subject-24,bow,0.0
35,non-restrictive,subject-24,brush,0.0
35,non-restrictive,subject-24,mirror,0.0
35,non-restrictive,subject-24,pot,1.0
35,non-restrictive,subject-24,mascara,0.0
4,restrictive,subject-24,ball,
4,restrictive,subject-24,paper-plane,
4,restrictive,subject-24,acorns,
4,restrictive,subject-24,shuttle-cock,
41,non-restrictive,subject-24,shell,0.0
41,non-restrictive,subject-24,orange,0.0
41,non-restrictive,subject-24,stone,1.0
41,non-restrictive,subject-24,cone,0.0
36,restrictive,subject-24,lego,1.0
36,restrictive,subject-24,papers,0.0
36,restrictive,subject-24,boxes,0.0
36,restrictive,subject-24,clips,0.0
43,non-restrictive,subject-24,pan,0.0
43,non-restrictive,subject-24,bolt,1.0
43,non-restrictive,subject-24,handle,0.0
43,non-restrictive,subject-24,safe,0.0
49,non-restrictive,subject-24,scissors,0.0
49,non-restrictive,subject-24,stamp,0.0
49,non-restrictive,subject-24,envelope,1.0
49,non-restrictive,subject-24,rubberband,0.0
13,non-restrictive,subject-24,glasses,
13,non-restrictive,subject-24,cigarettes,
13,non-restrictive,subject-24,filofax,
13,non-restrictive,subject-24,briefcase,
11,non-restrictive,subject-24,drum,0.0
11,non-restrictive,subject-24,duck,0.0
11,non-restrictive,subject-24,bricks,1.0
11,non-restrictive,subject-24,bell,0.0
15,non-restrictive,subject-24,wallet,1.0
15,non-restrictive,subject-24,magnifying-glass,0.0
15,non-restrictive,subject-24,folder,0.0
15,non-restrictive,subject-24,hat,0.0
33,non-restrictive,subject-24,gift,0.0
33,non-restrictive,subject-24,suitcase,0.0
33,non-restrictive,subject-24,envelope,0.5
33,non-restrictive,subject-24,box,0.5
38,restrictive,subject-24,broom,0.0
38,restrictive,subject-24,cloth,0.5
38,restrictive,subject-24,apron,0.5
38,restrictive,subject-24,mop,0.0
10,restrictive,subject-24,dog,0.0
10,restrictive,subject-24,wastebin,0.0
10,restrictive,subject-24,washing-machine,1.0
10,restrictive,subject-24,mirror,0.0
2,restrictive,subject-24,houses,0.0
2,restrictive,subject-24,dustbin,0.0
2,restrictive,subject-24,man,1.0
2,restrictive,subject-24,car,0.0
24,restrictive,subject-24,rabbit,
24,restrictive,subject-24,plate,
24,restrictive,subject-24,potato,
24,restrictive,subject-24,glass,
17,non-restrictive,subject-24,rope,0.0
17,non-restrictive,subject-24,wood,0.3333
17,non-restrictive,subject-24,bucket,0.6667
17,non-restrictive,subject-24,stone,0.0
8,restrictive,subject-24,piano,0.5
8,restrictive,subject-24,table,0.5
8,restrictive,subject-24,telephone,0.0
8,restrictive,subject-24,television,0.0
26,restrictive,subject-24,coin,0.0
26,restrictive,subject-24,coaster,0.5
26,restrictive,subject-24,candle,0.5
26,restrictive,subject-24,package,0.0
27,non-restrictive,subject-24,switch,0.0
27,non-restrictive,subject-24,frame,0.0
27,non-restrictive,subject-24,picture,0.6667
27,non-restrictive,subject-24,lamp,0.3333
12,restrictive,subject-24,boat,
12,restrictive,subject-24,birds,
12,restrictive,subject-24,sun,
12,restrictive,subject-24,car,
0,restrictive,subject-24,cake,
0,restrictive,subject-24,toy-car,
0,restrictive,subject-24,toy-train,
0,restrictive,subject-24,ball,
28,restrictive,subject-24,milk,1.0
28,restrictive,subject-24,glove,0.0
28,restrictive,subject-24,nut,0.0
28,restrictive,subject-24,sock,0.0
29,non-restrictive,subject-24,tissue,
29,non-restrictive,subject-24,newspaper,
29,non-restrictive,subject-24,comb,
29,non-restrictive,subject-24,eraser,
40,restrictive,subject-24,blouse,
40,restrictive,subject-24,pin,
40,restrictive,subject-24,toothbrish,
40,restrictive,subject-24,iron,
23,non-restrictive,subject-24,pencil,0.0
23,non-restrictive,subject-24,needle,0.0
23,non-restrictive,subject-24,card,0.0
23,non-restrictive,subject-24,scarf,1.0
45,non-restrictive,subject-24,pot,0.0
45,non-restrictive,subject-24,carrot,0.0
45,non-restrictive,subject-24,laddle,1.0
45,non-restrictive,subject-24,peeler,0.0
37,non-restrictive,subject-10,marker,
37,non-restrictive,subject-10,key,
37,non-restrictive,subject-10,banana,
37,non-restrictive,subject-10,mitten,
45,non-restrictive,subject-10,peeler,0.0
45,non-restrictive,subject-10,pot,0.0
45,non-restrictive,subject-10,carrot,1.0
45,non-restrictive,subject-10,laddle,0.0
47,non-restrictive,subject-10,carpet,
47,non-restrictive,subject-10,dustpan,
47,non-restrictive,subject-10,roller,
47,non-restrictive,subject-10,footstool,
12,restrictive,subject-10,car,
12,restrictive,subject-10,boat,
12,restrictive,subject-10,birds,
12,restrictive,subject-10,sun,
5,non-restrictive,subject-10,cactus,
5,non-restrictive,subject-10,moon,
5,non-restrictive,subject-10,mountain,
5,non-restrictive,subject-10,animal,
39,non-restrictive,subject-10,shoelace,
39,non-restrictive,subject-10,shampoo,
39,non-restrictive,subject-10,mat,
39,non-restrictive,subject-10,buckle,
20,restrictive,subject-10,cup,
20,restrictive,subject-10,kitten,
20,restrictive,subject-10,block,
20,restrictive,subject-10,crayon,
24,restrictive,subject-10,glass,
24,restrictive,subject-10,rabbit,
24,restrictive,subject-10,plate,
24,restrictive,subject-10,potato,
1,non-restrictive,subject-10,chair,
1,non-restrictive,subject-10,lipstick,
1,non-restrictive,subject-10,wine,
1,non-restrictive,subject-10,cheese,
43,non-restrictive,subject-10,safe,
43,non-restrictive,subject-10,pan,
43,non-restrictive,subject-10,bolt,
43,non-restrictive,subject-10,handle,
26,restrictive,subject-10,package,
26,restrictive,subject-10,coin,
26,restrictive,subject-10,coaster,
26,restrictive,subject-10,candle,
8,restrictive,subject-10,television,
8,restrictive,subject-10,piano,
8,restrictive,subject-10,table,
8,restrictive,subject-10,telephone,
32,restrictive,subject-10,kettle,
32,restrictive,subject-10,beer,
32,restrictive,subject-10,mug,
32,restrictive,subject-10,biscuit,
16,restrictive,subject-10,ribbon,
16,restrictive,subject-10,dress,
16,restrictive,subject-10,lantern,
16,restrictive,subject-10,backpack,
48,restrictive,subject-10,pouch,
48,restrictive,subject-10,balloon,
48,restrictive,subject-10,pump,
48,restrictive,subject-10,flag,
9,non-restrictive,subject-10,cup,
9,non-restrictive,subject-10,bag,
9,non-restrictive,subject-10,book,
9,non-restrictive,subject-10,door,
44,restrictive,subject-10,hammer,
44,restrictive,subject-10,dough,
44,restrictive,subject-10,glass,
44,restrictive,subject-10,ladle,
18,restrictive,subject-10,stick,
18,restrictive,subject-10,feather,
18,restrictive,subject-10,leaf,
18,restrictive,subject-10,football,
46,restrictive,subject-10,bow,
46,restrictive,subject-10,gum,
46,restrictive,subject-10,stand,
46,restrictive,subject-10,violin,
22,restrictive,subject-10,hook,
22,restrictive,subject-10,poster,
22,restrictive,subject-10,towel,
22,restrictive,subject-10,coat,
10,restrictive,subject-10,mirror,0.0
10,restrictive,subject-10,dog,0.0
10,restrictive,subject-10,wastebin,0.0
10,restrictive,subject-10,washing-machine,1.0
49,non-restrictive,subject-10,rubberband,
49,non-restrictive,subject-10,scissors,
49,non-restrictive,subject-10,stamp,
49,non-restrictive,subject-10,envelope,
40,restrictive,subject-10,iron,
40,restrictive,subject-10,blouse,
40,restrictive,subject-10,pin,
40,restrictive,subject-10,toothbrish,
31,non-restrictive,subject-10,bottle,
31,non-restrictive,subject-10,lemon,
31,non-restrictive,subject-10,sponge,
31,non-restrictive,subject-10,seed,
23,non-restrictive,subject-10,scarf,
23,non-restrictive,subject-10,pencil,
23,non-restrictive,subject-10,needle,
23,non-restrictive,subject-10,card,
41,non-restrictive,subject-10,cone,
41,non-restrictive,subject-10,shell,
41,non-restrictive,subject-10,orange,
41,non-restrictive,subject-10,stone,
36,restrictive,subject-10,clips,
36,restrictive,subject-10,lego,
36,restrictive,subject-10,papers,
36,restrictive,subject-10,boxes,
27,non-restrictive,subject-10,lamp,
27,non-restrictive,subject-10,switch,
27,non-restrictive,subject-10,frame,
27,non-restrictive,subject-10,picture,
6,restrictive,subject-10,knife,
6,restrictive,subject-10,weighing-scales,
6,restrictive,subject-10,jug,
6,restrictive,subject-10,mushrooms,
4,restrictive,subject-10,shuttle-cock,
4,restrictive,subject-10,ball,
4,restrictive,subject-10,paper-plane,
4,restrictive,subject-10,acorns,
19,non-restrictive,subject-10,bread,
19,non-restrictive,subject-10,spoon,
19,non-restrictive,subject-10,spatula,
19,non-restrictive,subject-10,bowl,
0,restrictive,subject-10,ball,
0,restrictive,subject-10,cake,
0,restrictive,subject-10,toy-car,
0,restrictive,subject-10,toy-train,
38,restrictive,subject-10,mop,
38,restrictive,subject-10,broom,
38,restrictive,subject-10,cloth,
38,restrictive,subject-10,apron,
14,restrictive,subject-10,bird,
14,restrictive,subject-10,ball,
14,restrictive,subject-10,hen,
14,restrictive,subject-10,dog,
29,non-restrictive,subject-10,eraser,
29,non-restrictive,subject-10,tissue,
29,non-restrictive,subject-10,newspaper,
29,non-restrictive,subject-10,comb,
42,restrictive,subject-10,apple,
42,restrictive,subject-10,chalk,
42,restrictive,subject-10,ruler,
42,restrictive,subject-10,shirt,
28,restrictive,subject-10,sock,
28,restrictive,subject-10,milk,
28,restrictive,subject-10,glove,
28,restrictive,subject-10,nut,
3,non-restrictive,subject-10,baby,
3,non-restrictive,subject-10,plant,
3,non-restrictive,subject-10,stool,
3,non-restrictive,subject-10,rocking-horse,
25,non-restrictive,subject-10,peach,
25,non-restrictive,subject-10,rope,
25,non-restrictive,subject-10,canvas,
25,non-restrictive,subject-10,keyboard,
17,non-restrictive,subject-10,stone,
17,non-restrictive,subject-10,rope,
17,non-restrictive,subject-10,wood,
17,non-restrictive,subject-10,bucket,
13,non-restrictive,subject-10,briefcase,
13,non-restrictive,subject-10,glasses,
13,non-restrictive,subject-10,cigarettes,
13,non-restrictive,subject-10,filofax,
7,non-restrictive,subject-10,child,
7,non-restrictive,subject-10,tv-monitor,
7,non-restrictive,subject-10,toy-bear,
7,non-restrictive,subject-10,microscope,
33,non-restrictive,subject-10,box,
33,non-restrictive,subject-10,gift,
33,non-restrictive,subject-10,suitcase,
33,non-restrictive,subject-10,envelope,
21,non-restrictive,subject-10,vase,
21,non-restrictive,subject-10,cushion,
21,non-restrictive,subject-10,flower,
21,non-restrictive,subject-10,magazine,
15,non-restrictive,subject-10,hat,
15,non-restrictive,subject-10,wallet,
15,non-restrictive,subject-10,magnifying-glass,
15,non-restrictive,subject-10,folder,
11,non-restrictive,subject-10,bell,
11,non-restrictive,subject-10,drum,
11,non-restrictive,subject-10,duck,
11,non-restrictive,subject-10,bricks,
2,restrictive,subject-10,car,
2,restrictive,subject-10,houses,
2,restrictive,subject-10,dustbin,
2,restrictive,subject-10,man,
30,restrictive,subject-10,cap,
30,restrictive,subject-10,watch,
30,restrictive,subject-10,headphones,
30,restrictive,subject-10,dice,
35,non-restrictive,subject-10,mascara,
35,non-restrictive,subject-10,brush,
35,non-restrictive,subject-10,mirror,
35,non-restrictive,subject-10,pot,
10,non-restrictive,subject-11,mirror,0.0
10,non-restrictive,subject-11,dog,0.0
10,non-restrictive,subject-11,wastebin,0.5
10,non-restrictive,subject-11,washing-machine,0.5
32,non-restrictive,subject-11,kettle,0.5
32,non-restrictive,subject-11,beer,0.5
32,non-restrictive,subject-11,mug,0.0
32,non-restrictive,subject-11,biscuit,0.0
14,non-restrictive,subject-11,bird,
14,non-restrictive,subject-11,ball,
14,non-restrictive,subject-11,hen,
14,non-restrictive,subject-11,dog,
43,restrictive,subject-11,safe,0.0
43,restrictive,subject-11,pan,0.0
43,restrictive,subject-11,bolt,1.0
43,restrictive,subject-11,handle,0.0
19,restrictive,subject-11,bread,
19,restrictive,subject-11,spoon,
19,restrictive,subject-11,spatula,
19,restrictive,subject-11,bowl,
30,non-restrictive,subject-11,cap,
30,non-restrictive,subject-11,watch,
30,non-restrictive,subject-11,headphones,
30,non-restrictive,subject-11,dice,
1,restrictive,subject-11,chair,
1,restrictive,subject-11,lipstick,
1,restrictive,subject-11,wine,
1,restrictive,subject-11,cheese,
22,non-restrictive,subject-11,hook,
22,non-restrictive,subject-11,poster,
22,non-restrictive,subject-11,towel,
22,non-restrictive,subject-11,coat,
5,restrictive,subject-11,cactus,
5,restrictive,subject-11,moon,
5,restrictive,subject-11,mountain,
5,restrictive,subject-11,animal,
29,restrictive,subject-11,eraser,1.0
29,restrictive,subject-11,tissue,0.0
29,restrictive,subject-11,newspaper,0.0
29,restrictive,subject-11,comb,0.0
37,restrictive,subject-11,marker,
37,restrictive,subject-11,key,
37,restrictive,subject-11,banana,
37,restrictive,subject-11,mitten,
23,restrictive,subject-11,scarf,
23,restrictive,subject-11,pencil,
23,restrictive,subject-11,needle,
23,restrictive,subject-11,card,
41,restrictive,subject-11,cone,
41,restrictive,subject-11,shell,
41,restrictive,subject-11,orange,
41,restrictive,subject-11,stone,
2,non-restrictive,subject-11,car,
2,non-restrictive,subject-11,houses,
2,non-restrictive,subject-11,dustbin,
2,non-restrictive,subject-11,man,
40,non-restrictive,subject-11,iron,
40,non-restrictive,subject-11,blouse,
40,non-restrictive,subject-11,pin,
40,non-restrictive,subject-11,toothbrish,
16,non-restrictive,subject-11,ribbon,0.0
16,non-restrictive,subject-11,dress,0.0
16,non-restrictive,subject-11,lantern,1.0
16,non-restrictive,subject-11,backpack,0.0
9,restrictive,subject-11,cup,0.0
9,restrictive,subject-11,bag,0.5
9,restrictive,subject-11,book,0.5
9,restrictive,subject-11,door,0.0
3,restrictive,subject-11,baby,
3,restrictive,subject-11,plant,
3,restrictive,subject-11,stool,
3,restrictive,subject-11,rocking-horse,
6,non-restrictive,subject-11,knife,
6,non-restrictive,subject-11,weighing-scales,
6,non-restrictive,subject-11,jug,
6,non-restrictive,subject-11,mushrooms,
21,restrictive,subject-11,vase,
21,restrictive,subject-11,cushion,
21,restrictive,subject-11,flower,
21,restrictive,subject-11,magazine,
27,restrictive,subject-11,lamp,0.0
27,restrictive,subject-11,switch,1.0
27,restrictive,subject-11,frame,0.0
27,restrictive,subject-11,picture,0.0
26,non-restrictive,subject-11,package,
26,non-restrictive,subject-11,coin,
26,non-restrictive,subject-11,coaster,
26,non-restrictive,subject-11,candle,
44,non-restrictive,subject-11,hammer,
44,non-restrictive,subject-11,dough,
44,non-restrictive,subject-11,glass,
44,non-restrictive,subject-11,ladle,
24,non-restrictive,subject-11,glass,0.0
24,non-restrictive,subject-11,rabbit,0.0
24,non-restrictive,subject-11,plate,0.0
24,non-restrictive,subject-11,potato,1.0
20,non-restrictive,subject-11,cup,
20,non-restrictive,subject-11,kitten,
20,non-restrictive,subject-11,block,
20,non-restrictive,subject-11,crayon,
17,restrictive,subject-11,stone,
17,restrictive,subject-11,rope,
17,restrictive,subject-11,wood,
17,restrictive,subject-11,bucket,
8,non-restrictive,subject-11,television,0.0
8,non-restrictive,subject-11,piano,1.0
8,non-restrictive,subject-11,table,0.0
8,non-restrictive,subject-11,telephone,0.0
42,non-restrictive,subject-11,apple,
42,non-restrictive,subject-11,chalk,
42,non-restrictive,subject-11,ruler,
42,non-restrictive,subject-11,shirt,
18,non-restrictive,subject-11,stick,
18,non-restrictive,subject-11,feather,
18,non-restrictive,subject-11,leaf,
18,non-restrictive,subject-11,football,
4,non-restrictive,subject-11,shuttle-cock,
4,non-restrictive,subject-11,ball,
4,non-restrictive,subject-11,paper-plane,
4,non-restrictive,subject-11,acorns,
7,restrictive,subject-11,child,
7,restrictive,subject-11,tv-monitor,
7,restrictive,subject-11,toy-bear,
7,restrictive,subject-11,microscope,
46,non-restrictive,subject-11,bow,
46,non-restrictive,subject-11,gum,
46,non-restrictive,subject-11,stand,
46,non-restrictive,subject-11,violin,
48,non-restrictive,subject-11,pouch,
48,non-restrictive,subject-11,balloon,
48,non-restrictive,subject-11,pump,
48,non-restrictive,subject-11,flag,
36,non-restrictive,subject-11,clips,
36,non-restrictive,subject-11,lego,
36,non-restrictive,subject-11,papers,
36,non-restrictive,subject-11,boxes,
31,restrictive,subject-11,bottle,
31,restrictive,subject-11,lemon,
31,restrictive,subject-11,sponge,
31,restrictive,subject-11,seed,
15,restrictive,subject-11,hat,
15,restrictive,subject-11,wallet,
15,restrictive,subject-11,magnifying-glass,
15,restrictive,subject-11,folder,
0,non-restrictive,subject-11,ball,
0,non-restrictive,subject-11,cake,
0,non-restrictive,subject-11,toy-car,
0,non-restrictive,subject-11,toy-train,
11,restrictive,subject-11,bell,
11,restrictive,subject-11,drum,
11,restrictive,subject-11,duck,
11,restrictive,subject-11,bricks,
35,restrictive,subject-11,mascara,
35,restrictive,subject-11,brush,
35,restrictive,subject-11,mirror,
35,restrictive,subject-11,pot,
33,restrictive,subject-11,box,
33,restrictive,subject-11,gift,
33,restrictive,subject-11,suitcase,
33,restrictive,subject-11,envelope,
39,restrictive,subject-11,shoelace,
39,restrictive,subject-11,shampoo,
39,restrictive,subject-11,mat,
39,restrictive,subject-11,buckle,
38,non-restrictive,subject-11,mop,
38,non-restrictive,subject-11,broom,
38,non-restrictive,subject-11,cloth,
38,non-restrictive,subject-11,apron,
34,non-restrictive,subject-11,puzzle,0.0
34,non-restrictive,subject-11,notebook,0.0
34,non-restrictive,subject-11,pillow,0.0
34,non-restrictive,subject-11,radio,1.0
12,non-restrictive,subject-11,car,
12,non-restrictive,subject-11,boat,
12,non-restrictive,subject-11,birds,
12,non-restrictive,subject-11,sun,
45,restrictive,subject-11,peeler,
45,restrictive,subject-11,pot,
45,restrictive,subject-11,carrot,
45,restrictive,subject-11,laddle,
49,restrictive,subject-11,rubberband,
49,restrictive,subject-11,scissors,
49,restrictive,subject-11,stamp,
49,restrictive,subject-11,envelope,
25,restrictive,subject-11,peach,
25,restrictive,subject-11,rope,
25,restrictive,subject-11,canvas,
25,restrictive,subject-11,keyboard,
47,restrictive,subject-11,carpet,
47,restrictive,subject-11,dustpan,
47,restrictive,subject-11,roller,
47,restrictive,subject-11,footstool,
13,restrictive,subject-11,briefcase,
13,restrictive,subject-11,glasses,
13,restrictive,subject-11,cigarettes,
13,restrictive,subject-11,filofax,
28,non-restrictive,subject-11,sock,
28,non-restrictive,subject-11,milk,
28,non-restrictive,subject-11,glove,
28,non-restrictive,subject-11,nut,
3,non-restrictive,subject-12,rocking-horse,
3,non-restrictive,subject-12,baby,
3,non-restrictive,subject-12,plant,
3,non-restrictive,subject-12,stool,
31,non-restrictive,subject-12,seed,
31,non-restrictive,subject-12,bottle,
31,non-restrictive,subject-12,lemon,
31,non-restrictive,subject-12,sponge,
22,restrictive,subject-12,coat,
22,restrictive,subject-12,hook,
22,restrictive,subject-12,poster,
22,restrictive,subject-12,towel,
23,non-restrictive,subject-12,card,
23,non-restrictive,subject-12,scarf,
23,non-restrictive,subject-12,pencil,
23,non-restrictive,subject-12,needle,
27,non-restrictive,subject-12,picture,
27,non-restrictive,subject-12,lamp,
27,non-restrictive,subject-12,switch,
27,non-restrictive,subject-12,frame,
28,restrictive,subject-12,nut,
28,restrictive,subject-12,sock,
28,restrictive,subject-12,milk,
28,restrictive,subject-12,glove,
46,restrictive,subject-12,violin,
46,restrictive,subject-12,bow,
46,restrictive,subject-12,gum,
46,restrictive,subject-12,stand,
7,non-restrictive,subject-12,microscope,
7,non-restrictive,subject-12,child,
7,non-restrictive,subject-12,tv-monitor,
7,non-restrictive,subject-12,toy-bear,
44,restrictive,subject-12,ladle,
44,restrictive,subject-12,hammer,
44,restrictive,subject-12,dough,
44,restrictive,subject-12,glass,
18,restrictive,subject-12,football,
18,restrictive,subject-12,stick,
18,restrictive,subject-12,feather,
18,restrictive,subject-12,leaf,
24,restrictive,subject-12,potato,
24,restrictive,subject-12,glass,
24,restrictive,subject-12,rabbit,
24,restrictive,subject-12,plate,
36,restrictive,subject-12,boxes,
36,restrictive,subject-12,clips,
36,restrictive,subject-12,lego,
36,restrictive,subject-12,papers,
40,restrictive,subject-12,toothbrish,
40,restrictive,subject-12,iron,
40,restrictive,subject-12,blouse,
40,restrictive,subject-12,pin,
21,non-restrictive,subject-12,magazine,
21,non-restrictive,subject-12,vase,
21,non-restrictive,subject-12,cushion,
21,non-restrictive,subject-12,flower,
37,non-restrictive,subject-12,mitten,
37,non-restrictive,subject-12,marker,
37,non-restrictive,subject-12,key,
37,non-restrictive,subject-12,banana,
25,non-restrictive,subject-12,keyboard,
25,non-restrictive,subject-12,peach,
25,non-restrictive,subject-12,rope,
25,non-restrictive,subject-12,canvas,
47,non-restrictive,subject-12,footstool,
47,non-restrictive,subject-12,carpet,
47,non-restrictive,subject-12,dustpan,
47,non-restrictive,subject-12,roller,
39,non-restrictive,subject-12,buckle,
39,non-restrictive,subject-12,shoelace,
39,non-restrictive,subject-12,shampoo,
39,non-restrictive,subject-12,mat,
12,restrictive,subject-12,sun,
12,restrictive,subject-12,car,
12,restrictive,subject-12,boat,
12,restrictive,subject-12,birds,
4,restrictive,subject-12,acorns,
4,restrictive,subject-12,shuttle-cock,
4,restrictive,subject-12,ball,
4,restrictive,subject-12,paper-plane,
30,restrictive,subject-12,dice,
30,restrictive,subject-12,cap,
30,restrictive,subject-12,watch,
30,restrictive,subject-12,headphones,
19,non-restrictive,subject-12,bowl,
19,non-restrictive,subject-12,bread,
19,non-restrictive,subject-12,spoon,
19,non-restrictive,subject-12,spatula,
32,restrictive,subject-12,biscuit,
32,restrictive,subject-12,kettle,
32,restrictive,subject-12,beer,
32,restrictive,subject-12,mug,
6,restrictive,subject-12,mushrooms,
6,restrictive,subject-12,knife,
6,restrictive,subject-12,weighing-scales,
6,restrictive,subject-12,jug,
35,non-restrictive,subject-12,pot,
35,non-restrictive,subject-12,mascara,
35,non-restrictive,subject-12,brush,
35,non-restrictive,subject-12,mirror,
15,non-restrictive,subject-12,folder,
15,non-restrictive,subject-12,hat,
15,non-restrictive,subject-12,wallet,
15,non-restrictive,subject-12,magnifying-glass,
33,non-restrictive,subject-12,envelope,
33,non-restrictive,subject-12,box,
33,non-restrictive,subject-12,gift,
33,non-restrictive,subject-12,suitcase,
49,non-restrictive,subject-12,envelope,
49,non-restrictive,subject-12,rubberband,
49,non-restrictive,subject-12,scissors,
49,non-restrictive,subject-12,stamp,
11,non-restrictive,subject-12,bricks,
11,non-restrictive,subject-12,bell,
11,non-restrictive,subject-12,drum,
11,non-restrictive,subject-12,duck,
2,restrictive,subject-12,man,0.0
2,restrictive,subject-12,car,1.0
2,restrictive,subject-12,houses,0.0
2,restrictive,subject-12,dustbin,0.0
10,restrictive,subject-12,washing-machine,1.0
10,restrictive,subject-12,mirror,0.0
10,restrictive,subject-12,dog,0.0
10,restrictive,subject-12,wastebin,0.0
0,restrictive,subject-12,toy-train,
0,restrictive,subject-12,ball,
0,restrictive,subject-12,cake,
0,restrictive,subject-12,toy-car,
13,non-restrictive,subject-12,filofax,
13,non-restrictive,subject-12,briefcase,
13,non-restrictive,subject-12,glasses,
13,non-restrictive,subject-12,cigarettes,
42,restrictive,subject-12,shirt,
42,restrictive,subject-12,apple,
42,restrictive,subject-12,chalk,
42,restrictive,subject-12,ruler,
26,restrictive,subject-12,candle,
26,restrictive,subject-12,package,
26,restrictive,subject-12,coin,
26,restrictive,subject-12,coaster,
14,restrictive,subject-12,dog,0.0
14,restrictive,subject-12,bird,0.0
14,restrictive,subject-12,ball,1.0
14,restrictive,subject-12,hen,0.0
1,non-restrictive,subject-12,cheese,
1,non-restrictive,subject-12,chair,
1,non-restrictive,subject-12,lipstick,
1,non-restrictive,subject-12,wine,
48,restrictive,subject-12,flag,
48,restrictive,subject-12,pouch,
48,restrictive,subject-12,balloon,
48,restrictive,subject-12,pump,
29,non-restrictive,subject-12,comb,
29,non-restrictive,subject-12,eraser,
29,non-restrictive,subject-12,tissue,
29,non-restrictive,subject-12,newspaper,
9,non-restrictive,subject-12,door,0.0
9,non-restrictive,subject-12,cup,0.0
9,non-restrictive,subject-12,bag,1.0
9,non-restrictive,subject-12,book,0.0
45,non-restrictive,subject-12,laddle,
45,non-restrictive,subject-12,peeler,
45,non-restrictive,subject-12,pot,
45,non-restrictive,subject-12,carrot,
17,non-restrictive,subject-12,bucket,
17,non-restrictive,subject-12,stone,
17,non-restrictive,subject-12,rope,
17,non-restrictive,subject-12,wood,
38,restrictive,subject-12,apron,
38,restrictive,subject-12,mop,
38,restrictive,subject-12,broom,
38,restrictive,subject-12,cloth,
16,restrictive,subject-12,backpack,
16,restrictive,subject-12,ribbon,
16,restrictive,subject-12,dress,
16,restrictive,subject-12,lantern,
20,restrictive,subject-12,crayon,
20,restrictive,subject-12,cup,
20,restrictive,subject-12,kitten,
20,restrictive,subject-12,block,
43,non-restrictive,subject-12,handle,
43,non-restrictive,subject-12,safe,
43,non-restrictive,subject-12,pan,
43,non-restrictive,subject-12,bolt,
5,non-restrictive,subject-12,animal,
5,non-restrictive,subject-12,cactus,
5,non-restrictive,subject-12,moon,
5,non-restrictive,subject-12,mountain,
41,non-restrictive,subject-12,stone,
41,non-restrictive,subject-12,cone,
41,non-restrictive,subject-12,shell,
41,non-restrictive,subject-12,orange,
8,restrictive,subject-12,telephone,
8,restrictive,subject-12,television,
8,restrictive,subject-12,piano,
8,restrictive,subject-12,table,
16,non-restrictive,subject-7,lantern,
16,non-restrictive,subject-7,backpack,
16,non-restrictive,subject-7,ribbon,
16,non-restrictive,subject-7,dress,
17,restrictive,subject-7,wood,
17,restrictive,subject-7,bucket,
17,restrictive,subject-7,stone,
17,restrictive,subject-7,rope,
44,non-restrictive,subject-7,glass,
44,non-restrictive,subject-7,ladle,
44,non-restrictive,subject-7,hammer,
44,non-restrictive,subject-7,dough,
43,restrictive,subject-7,bolt,
43,restrictive,subject-7,handle,
43,restrictive,subject-7,safe,
43,restrictive,subject-7,pan,
46,non-restrictive,subject-7,stand,
46,non-restrictive,subject-7,violin,
46,non-restrictive,subject-7,bow,
46,non-restrictive,subject-7,gum,
19,restrictive,subject-7,spatula,
19,restrictive,subject-7,bowl,
19,restrictive,subject-7,bread,
19,restrictive,subject-7,spoon,
13,restrictive,subject-7,cigarettes,
13,restrictive,subject-7,filofax,
13,restrictive,subject-7,briefcase,
13,restrictive,subject-7,glasses,
18,non-restrictive,subject-7,leaf,
18,non-restrictive,subject-7,football,
18,non-restrictive,subject-7,stick,
18,non-restrictive,subject-7,feather,
29,restrictive,subject-7,newspaper,
29,restrictive,subject-7,comb,
29,restrictive,subject-7,eraser,
29,restrictive,subject-7,tissue,
40,non-restrictive,subject-7,pin,
40,non-restrictive,subject-7,toothbrish,
40,non-restrictive,subject-7,iron,
40,non-restrictive,subject-7,blouse,
22,non-restrictive,subject-7,towel,
22,non-restrictive,subject-7,coat,
22,non-restrictive,subject-7,hook,
22,non-restrictive,subject-7,poster,
47,restrictive,subject-7,roller,1.0
47,restrictive,subject-7,footstool,0.0
47,restrictive,subject-7,carpet,0.0
47,restrictive,subject-7,dustpan,0.0
3,restrictive,subject-7,stool,1.0
3,restrictive,subject-7,rocking-horse,0.0
3,restrictive,subject-7,baby,0.0
3,restrictive,subject-7,plant,0.0
9,restrictive,subject-7,book,
9,restrictive,subject-7,door,
9,restrictive,subject-7,cup,
9,restrictive,subject-7,bag,
34,non-restrictive,subject-7,pillow,
34,non-restrictive,subject-7,radio,
34,non-restrictive,subject-7,puzzle,
34,non-restrictive,subject-7,notebook,
12,non-restrictive,subject-7,birds,
12,non-restrictive,subject-7,sun,
12,non-restrictive,subject-7,car,
12,non-restrictive,subject-7,boat,
1,restrictive,subject-7,wine,
1,restrictive,subject-7,cheese,
1,restrictive,subject-7,chair,
1,restrictive,subject-7,lipstick,
41,restrictive,subject-7,orange,
41,restrictive,subject-7,stone,
41,restrictive,subject-7,cone,
41,restrictive,subject-7,shell,
42,non-restrictive,subject-7,ruler,
42,non-restrictive,subject-7,shirt,
42,non-restrictive,subject-7,apple,
42,non-restrictive,subject-7,chalk,
35,restrictive,subject-7,mirror,
35,restrictive,subject-7,pot,
35,restrictive,subject-7,mascara,
35,restrictive,subject-7,brush,
37,restrictive,subject-7,banana,
37,restrictive,subject-7,mitten,
37,restrictive,subject-7,marker,
37,restrictive,subject-7,key,
24,non-restrictive,subject-7,plate,
24,non-restrictive,subject-7,potato,
24,non-restrictive,subject-7,glass,
24,non-restrictive,subject-7,rabbit,
11,restrictive,subject-7,duck,
11,restrictive,subject-7,bricks,
11,restrictive,subject-7,bell,
11,restrictive,subject-7,drum,
28,non-restrictive,subject-7,glove,
28,non-restrictive,subject-7,nut,
28,non-restrictive,subject-7,sock,
28,non-restrictive,subject-7,milk,
45,restrictive,subject-7,carrot,
45,restrictive,subject-7,laddle,
45,restrictive,subject-7,peeler,
45,restrictive,subject-7,pot,
31,restrictive,subject-7,sponge,1.0
31,restrictive,subject-7,seed,0.0
31,restrictive,subject-7,bottle,0.0
31,restrictive,subject-7,lemon,0.0
2,non-restrictive,subject-7,dustbin,
2,non-restrictive,subject-7,man,
2,non-restrictive,subject-7,car,
2,non-restrictive,subject-7,houses,
21,restrictive,subject-7,flower,
21,restrictive,subject-7,magazine,
21,restrictive,subject-7,vase,
21,restrictive,subject-7,cushion,
38,non-restrictive,subject-7,cloth,
38,non-restrictive,subject-7,apron,
38,non-restrictive,subject-7,mop,
38,non-restrictive,subject-7,broom,
48,non-restrictive,subject-7,pump,
48,non-restrictive,subject-7,flag,
48,non-restrictive,subject-7,pouch,
48,non-restrictive,subject-7,balloon,
5,restrictive,subject-7,mountain,1.0
5,restrictive,subject-7,animal,0.0
5,restrictive,subject-7,cactus,0.0
5,restrictive,subject-7,moon,0.0
14,non-restrictive,subject-7,hen,
14,non-restrictive,subject-7,dog,
14,non-restrictive,subject-7,bird,
14,non-restrictive,subject-7,ball,
27,restrictive,subject-7,frame,
27,restrictive,subject-7,picture,
27,restrictive,subject-7,lamp,
27,restrictive,subject-7,switch,
39,restrictive,subject-7,mat,
39,restrictive,subject-7,buckle,
39,restrictive,subject-7,shoelace,
39,restrictive,subject-7,shampoo,
26,non-restrictive,subject-7,coaster,
26,non-restrictive,subject-7,candle,
26,non-restrictive,subject-7,package,
26,non-restrictive,subject-7,coin,
32,non-restrictive,subject-7,mug,
32,non-restrictive,subject-7,biscuit,
32,non-restrictive,subject-7,kettle,
32,non-restrictive,subject-7,beer,
30,non-restrictive,subject-7,headphones,
30,non-restrictive,subject-7,dice,
30,non-restrictive,subject-7,cap,
30,non-restrictive,subject-7,watch,
7,restrictive,subject-7,toy-bear,
7,restrictive,subject-7,microscope,
7,restrictive,subject-7,child,
7,restrictive,subject-7,tv-monitor,
25,restrictive,subject-7,canvas,
25,restrictive,subject-7,keyboard,
25,restrictive,subject-7,peach,
25,restrictive,subject-7,rope,
6,non-restrictive,subject-7,jug,
6,non-restrictive,subject-7,mushrooms,
6,non-restrictive,subject-7,knife,
6,non-restrictive,subject-7,weighing-scales,
36,non-restrictive,subject-7,papers,
36,non-restrictive,subject-7,boxes,
36,non-restrictive,subject-7,clips,
36,non-restrictive,subject-7,lego,
10,non-restrictive,subject-7,wastebin,0.0
10,non-restrictive,subject-7,washing-machine,1.0
10,non-restrictive,subject-7,mirror,0.0
10,non-restrictive,subject-7,dog,0.0
20,non-restrictive,subject-7,block,0.0
20,non-restrictive,subject-7,crayon,0.0
20,non-restrictive,subject-7,cup,1.0
20,non-restrictive,subject-7,kitten,0.0
15,restrictive,subject-7,magnifying-glass,
15,restrictive,subject-7,folder,
15,restrictive,subject-7,hat,
15,restrictive,subject-7,wallet,
0,non-restrictive,subject-7,toy-car,1.0
0,non-restrictive,subject-7,toy-train,0.0
0,non-restrictive,subject-7,ball,0.0
0,non-restrictive,subject-7,cake,0.0
8,non-restrictive,subject-7,table,
8,non-restrictive,subject-7,telephone,
8,non-restrictive,subject-7,television,
8,non-restrictive,subject-7,piano,
33,restrictive,subject-7,suitcase,
33,restrictive,subject-7,envelope,
33,restrictive,subject-7,box,
33,restrictive,subject-7,gift,
4,non-restrictive,subject-7,paper-plane,
4,non-restrictive,subject-7,acorns,
4,non-restrictive,subject-7,shuttle-cock,
4,non-restrictive,subject-7,ball,
49,restrictive,subject-7,stamp,
49,restrictive,subject-7,envelope,
49,restrictive,subject-7,rubberband,
49,restrictive,subject-7,scissors,
23,restrictive,subject-7,needle,
23,restrictive,subject-7,card,
23,restrictive,subject-7,scarf,
23,restrictive,subject-7,pencil,
11,non-restrictive,subject-8,drum,
11,non-restrictive,subject-8,duck,
11,non-restrictive,subject-8,bricks,
11,non-restrictive,subject-8,bell,
3,non-restrictive,subject-8,plant,0.0
3,non-restrictive,subject-8,stool,1.0
3,non-restrictive,subject-8,rocking-horse,0.0
3,non-restrictive,subject-8,baby,0.0
12,restrictive,subject-8,boat,
12,restrictive,subject-8,birds,
12,restrictive,subject-8,sun,
12,restrictive,subject-8,car,
36,restrictive,subject-8,lego,
36,restrictive,subject-8,papers,
36,restrictive,subject-8,boxes,
36,restrictive,subject-8,clips,
44,restrictive,subject-8,dough,
44,restrictive,subject-8,glass,
44,restrictive,subject-8,ladle,
44,restrictive,subject-8,hammer,
16,restrictive,subject-8,dress,
16,restrictive,subject-8,lantern,
16,restrictive,subject-8,backpack,
16,restrictive,subject-8,ribbon,
18,restrictive,subject-8,feather,
18,restrictive,subject-8,leaf,
18,restrictive,subject-8,football,
18,restrictive,subject-8,stick,
29,non-restrictive,subject-8,tissue,
29,non-restrictive,subject-8,newspaper,
29,non-restrictive,subject-8,comb,
29,non-restrictive,subject-8,eraser,
33,non-restrictive,subject-8,gift,
33,non-restrictive,subject-8,suitcase,
33,non-restrictive,subject-8,envelope,
33,non-restrictive,subject-8,box,
40,restrictive,subject-8,blouse,
40,restrictive,subject-8,pin,
40,restrictive,subject-8,toothbrish,
40,restrictive,subject-8,iron,
30,restrictive,subject-8,watch,
30,restrictive,subject-8,headphones,
30,restrictive,subject-8,dice,
30,restrictive,subject-8,cap,
14,restrictive,subject-8,ball,
14,restrictive,subject-8,hen,
14,restrictive,subject-8,dog,
14,restrictive,subject-8,bird,
46,restrictive,subject-8,gum,
46,restrictive,subject-8,stand,
46,restrictive,subject-8,violin,
46,restrictive,subject-8,bow,
25,non-restrictive,subject-8,rope,
25,non-restrictive,subject-8,canvas,
25,non-restrictive,subject-8,keyboard,
25,non-restrictive,subject-8,peach,
28,restrictive,subject-8,milk,
28,restrictive,subject-8,glove,
28,restrictive,subject-8,nut,
28,restrictive,subject-8,sock,
9,non-restrictive,subject-8,bag,
9,non-restrictive,subject-8,book,
9,non-restrictive,subject-8,door,
9,non-restrictive,subject-8,cup,
42,restrictive,subject-8,chalk,
42,restrictive,subject-8,ruler,
42,restrictive,subject-8,shirt,
42,restrictive,subject-8,apple,
2,restrictive,subject-8,houses,
2,restrictive,subject-8,dustbin,
2,restrictive,subject-8,man,
2,restrictive,subject-8,car,
35,non-restrictive,subject-8,brush,
35,non-restrictive,subject-8,mirror,
35,non-restrictive,subject-8,pot,
35,non-restrictive,subject-8,mascara,
47,non-restrictive,subject-8,dustpan,
47,non-restrictive,subject-8,roller,
47,non-restrictive,subject-8,footstool,
47,non-restrictive,subject-8,carpet,
31,non-restrictive,subject-8,lemon,
31,non-restrictive,subject-8,sponge,
31,non-restrictive,subject-8,seed,
31,non-restrictive,subject-8,bottle,
17,non-restrictive,subject-8,rope,
17,non-restrictive,subject-8,wood,
17,non-restrictive,subject-8,bucket,
17,non-restrictive,subject-8,stone,
7,non-restrictive,subject-8,tv-monitor,0.5
7,non-restrictive,subject-8,toy-bear,0.5
7,non-restrictive,subject-8,microscope,0.0
7,non-restrictive,subject-8,child,0.0
20,restrictive,subject-8,kitten,0.0
20,restrictive,subject-8,block,0.0
20,restrictive,subject-8,crayon,0.0
20,restrictive,subject-8,cup,1.0
27,non-restrictive,subject-8,switch,
27,non-restrictive,subject-8,frame,
27,non-restrictive,subject-8,picture,
27,non-restrictive,subject-8,lamp,
43,non-restrictive,subject-8,pan,
43,non-restrictive,subject-8,bolt,
43,non-restrictive,subject-8,handle,
43,non-restrictive,subject-8,safe,
19,non-restrictive,subject-8,spoon,
19,non-restrictive,subject-8,spatula,
19,non-restrictive,subject-8,bowl,
19,non-restrictive,subject-8,bread,
23,non-restrictive,subject-8,pencil,
23,non-restrictive,subject-8,needle,
23,non-restrictive,subject-8,card,
23,non-restrictive,subject-8,scarf,
38,restrictive,subject-8,broom,
38,restrictive,subject-8,cloth,
38,restrictive,subject-8,apron,
38,restrictive,subject-8,mop,
10,restrictive,subject-8,dog,0.0
10,restrictive,subject-8,wastebin,0.0
10,restrictive,subject-8,washing-machine,1.0
10,restrictive,subject-8,mirror,0.0
21,non-restrictive,subject-8,cushion,
21,non-restrictive,subject-8,flower,
21,non-restrictive,subject-8,magazine,
21,non-restrictive,subject-8,vase,
13,non-restrictive,subject-8,glasses,0.0
13,non-restrictive,subject-8,cigarettes,0.0
13,non-restrictive,subject-8,filofax,0.5
13,non-restrictive,subject-8,briefcase,0.5
32,restrictive,subject-8,beer,
32,restrictive,subject-8,mug,
32,restrictive,subject-8,biscuit,
32,restrictive,subject-8,kettle,
22,restrictive,subject-8,poster,
22,restrictive,subject-8,towel,
22,restrictive,subject-8,coat,
22,restrictive,subject-8,hook,
45,non-restrictive,subject-8,pot,
45,non-restrictive,subject-8,carrot,
45,non-restrictive,subject-8,laddle,
45,non-restrictive,subject-8,peeler,
8,restrictive,subject-8,piano,
8,restrictive,subject-8,table,
8,restrictive,subject-8,telephone,
8,restrictive,subject-8,television,
26,restrictive,subject-8,coin,
26,restrictive,subject-8,coaster,
26,restrictive,subject-8,candle,
26,restrictive,subject-8,package,
48,restrictive,subject-8,balloon,
48,restrictive,subject-8,pump,
48,restrictive,subject-8,flag,
48,restrictive,subject-8,pouch,
37,non-restrictive,subject-8,key,
37,non-restrictive,subject-8,banana,
37,non-restrictive,subject-8,mitten,
37,non-restrictive,subject-8,marker,
49,non-restrictive,subject-8,scissors,
49,non-restrictive,subject-8,stamp,
49,non-restrictive,subject-8,envelope,
49,non-restrictive,subject-8,rubberband,
15,non-restrictive,subject-8,wallet,0.0
15,non-restrictive,subject-8,magnifying-glass,0.0
15,non-restrictive,subject-8,folder,1.0
15,non-restrictive,subject-8,hat,0.0
39,non-restrictive,subject-8,shampoo,0.0
39,non-restrictive,subject-8,mat,1.0
39,non-restrictive,subject-8,buckle,0.0
39,non-restrictive,subject-8,shoelace,0.0
1,non-restrictive,subject-8,lipstick,
1,non-restrictive,subject-8,wine,
1,non-restrictive,subject-8,cheese,
1,non-restrictive,subject-8,chair,
41,non-restrictive,subject-8,shell,
41,non-restrictive,subject-8,orange,
41,non-restrictive,subject-8,stone,
41,non-restrictive,subject-8,cone,
0,restrictive,subject-8,cake,
0,restrictive,subject-8,toy-car,
0,restrictive,subject-8,toy-train,
0,restrictive,subject-8,ball,
5,non-restrictive,subject-8,moon,0.0
5,non-restrictive,subject-8,mountain,1.0
5,non-restrictive,subject-8,animal,0.0
5,non-restrictive,subject-8,cactus,0.0
6,restrictive,subject-8,weighing-scales,1.0
6,restrictive,subject-8,jug,0.0
6,restrictive,subject-8,mushrooms,0.0
6,restrictive,subject-8,knife,0.0
24,restrictive,subject-8,rabbit,0.0
24,restrictive,subject-8,plate,0.0
24,restrictive,subject-8,potato,0.0
24,restrictive,subject-8,glass,1.0
4,restrictive,subject-8,ball,
4,restrictive,subject-8,paper-plane,
4,restrictive,subject-8,acorns,
4,restrictive,subject-8,shuttle-cock,
48,non-restrictive,subject-9,balloon,
48,non-restrictive,subject-9,pump,
48,non-restrictive,subject-9,flag,
48,non-restrictive,subject-9,pouch,
28,non-restrictive,subject-9,milk,0.0
28,non-restrictive,subject-9,glove,0.0
28,non-restrictive,subject-9,nut,0.0
28,non-restrictive,subject-9,sock,1.0
8,non-restrictive,subject-9,piano,0.0
8,non-restrictive,subject-9,table,0.0
8,non-restrictive,subject-9,telephone,0.0
8,non-restrictive,subject-9,television,1.0
44,non-restrictive,subject-9,dough,
44,non-restrictive,subject-9,glass,
44,non-restrictive,subject-9,ladle,
44,non-restrictive,subject-9,hammer,
33,restrictive,subject-9,gift,1.0
33,restrictive,subject-9,suitcase,0.0
33,restrictive,subject-9,envelope,0.0
33,restrictive,subject-9,box,0.0
41,restrictive,subject-9,shell,0.5
41,restrictive,subject-9,orange,0.5
41,restrictive,subject-9,stone,0.0
41,restrictive,subject-9,cone,0.0
34,non-restrictive,subject-9,notebook,0.0
34,non-restrictive,subject-9,pillow,1.0
34,non-restrictive,subject-9,radio,0.0
34,non-restrictive,subject-9,puzzle,0.0
35,restrictive,subject-9,brush,
35,restrictive,subject-9,mirror,
35,restrictive,subject-9,pot,
35,restrictive,subject-9,mascara,
1,restrictive,subject-9,lipstick,0.0
1,restrictive,subject-9,wine,0.0
1,restrictive,subject-9,cheese,0.0
1,restrictive,subject-9,chair,1.0
42,non-restrictive,subject-9,chalk,0.0
42,non-restrictive,subject-9,ruler,0.5
42,non-restrictive,subject-9,shirt,0.5
42,non-restrictive,subject-9,apple,0.0
0,non-restrictive,subject-9,cake,0.0
0,non-restrictive,subject-9,toy-car,0.0
0,non-restrictive,subject-9,toy-train,0.0
0,non-restrictive,subject-9,ball,1.0
5,restrictive,subject-9,moon,0.0
5,restrictive,subject-9,mountain,1.0
5,restrictive,subject-9,animal,0.0
5,restrictive,subject-9,cactus,0.0
7,restrictive,subject-9,tv-monitor,0.0
7,restrictive,subject-9,toy-bear,0.0
7,restrictive,subject-9,microscope,0.0
7,restrictive,subject-9,child,1.0
25,restrictive,subject-9,rope,0.0
25,restrictive,subject-9,canvas,0.0
25,restrictive,subject-9,keyboard,1.0
25,restrictive,subject-9,peach,0.0
46,non-restrictive,subject-9,gum,0.0
46,non-restrictive,subject-9,stand,0.0
46,non-restrictive,subject-9,violin,0.0
46,non-restrictive,subject-9,bow,1.0
26,non-restrictive,subject-9,coin,0.0
26,non-restrictive,subject-9,coaster,0.0
26,non-restrictive,subject-9,candle,1.0
26,non-restrictive,subject-9,package,0.0
45,restrictive,subject-9,pot,0.5
45,restrictive,subject-9,carrot,0.5
45,restrictive,subject-9,laddle,0.0
45,restrictive,subject-9,peeler,0.0
49,restrictive,subject-9,scissors,0.0
49,restrictive,subject-9,stamp,1.0
49,restrictive,subject-9,envelope,0.0
49,restrictive,subject-9,rubberband,0.0
17,restrictive,subject-9,rope,
17,restrictive,subject-9,wood,
17,restrictive,subject-9,bucket,
17,restrictive,subject-9,stone,
14,non-restrictive,subject-9,ball,
14,non-restrictive,subject-9,hen,
14,non-restrictive,subject-9,dog,
14,non-restrictive,subject-9,bird,
15,restrictive,subject-9,wallet,
15,restrictive,subject-9,magnifying-glass,
15,restrictive,subject-9,folder,
15,restrictive,subject-9,hat,
30,non-restrictive,subject-9,watch,0.0
30,non-restrictive,subject-9,headphones,0.0
30,non-restrictive,subject-9,dice,1.0
30,non-restrictive,subject-9,cap,0.0
16,non-restrictive,subject-9,dress,0.0
16,non-restrictive,subject-9,lantern,1.0
16,non-restrictive,subject-9,backpack,0.0
16,non-restrictive,subject-9,ribbon,0.0
10,non-restrictive,subject-9,dog,0.0
10,non-restrictive,subject-9,wastebin,0.0
10,non-restrictive,subject-9,washing-machine,0.5
10,non-restrictive,subject-9,mirror,0.5
31,restrictive,subject-9,lemon,0.0
31,restrictive,subject-9,sponge,0.5
31,restrictive,subject-9,seed,0.5
31,restrictive,subject-9,bottle,0.0
24,non-restrictive,subject-9,rabbit,1.0
24,non-restrictive,subject-9,plate,0.0
24,non-restrictive,subject-9,potato,0.0
24,non-restrictive,subject-9,glass,0.0
19,restrictive,subject-9,spoon,1.0
19,restrictive,subject-9,spatula,0.0
19,restrictive,subject-9,bowl,0.0
19,restrictive,subject-9,bread,0.0
37,restrictive,subject-9,key,0.0
37,restrictive,subject-9,banana,0.5
37,restrictive,subject-9,mitten,0.5
37,restrictive,subject-9,marker,0.0
22,non-restrictive,subject-9,poster,0.0
22,non-restrictive,subject-9,towel,0.0
22,non-restrictive,subject-9,coat,1.0
22,non-restrictive,subject-9,hook,0.0
47,restrictive,subject-9,dustpan,0.0
47,restrictive,subject-9,roller,0.5
47,restrictive,subject-9,footstool,0.5
47,restrictive,subject-9,carpet,0.0
36,non-restrictive,subject-9,lego,
36,non-restrictive,subject-9,papers,
36,non-restrictive,subject-9,boxes,
36,non-restrictive,subject-9,clips,
23,restrictive,subject-9,pencil,0.0
23,restrictive,subject-9,needle,0.0
23,restrictive,subject-9,card,0.0
23,restrictive,subject-9,scarf,1.0
29,restrictive,subject-9,tissue,0.0
29,restrictive,subject-9,newspaper,1.0
29,restrictive,subject-9,comb,0.0
29,restrictive,subject-9,eraser,0.0
3,restrictive,subject-9,plant,
3,restrictive,subject-9,stool,
3,restrictive,subject-9,rocking-horse,
3,restrictive,subject-9,baby,
2,non-restrictive,subject-9,houses,
2,non-restrictive,subject-9,dustbin,
2,non-restrictive,subject-9,man,
2,non-restrictive,subject-9,car,
27,restrictive,subject-9,switch,0.0
27,restrictive,subject-9,frame,0.0
27,restrictive,subject-9,picture,1.0
27,restrictive,subject-9,lamp,0.0
9,restrictive,subject-9,bag,
9,restrictive,subject-9,book,
9,restrictive,subject-9,door,
9,restrictive,subject-9,cup,
6,non-restrictive,subject-9,weighing-scales,0.0
6,non-restrictive,subject-9,jug,0.3333
6,non-restrictive,subject-9,mushrooms,0.3333
6,non-restrictive,subject-9,knife,0.3333
20,non-restrictive,subject-9,kitten,1.0
20,non-restrictive,subject-9,block,0.0
20,non-restrictive,subject-9,crayon,0.0
20,non-restrictive,subject-9,cup,0.0
12,non-restrictive,subject-9,boat,1.0
12,non-restrictive,subject-9,birds,0.0
12,non-restrictive,subject-9,sun,0.0
12,non-restrictive,subject-9,car,0.0
4,non-restrictive,subject-9,ball,0.0
4,non-restrictive,subject-9,paper-plane,0.0
4,non-restrictive,subject-9,acorns,0.0
4,non-restrictive,subject-9,shuttle-cock,1.0
39,restrictive,subject-9,shampoo,0.0
39,restrictive,subject-9,mat,0.5
39,restrictive,subject-9,buckle,0.5
39,restrictive,subject-9,shoelace,0.0
38,non-restrictive,subject-9,broom,1.0
38,non-restrictive,subject-9,cloth,0.0
38,non-restrictive,subject-9,apron,0.0
38,non-restrictive,subject-9,mop,0.0
21,restrictive,subject-9,cushion,0.0
21,restrictive,subject-9,flower,0.0
21,restrictive,subject-9,magazine,0.0
21,restrictive,subject-9,vase,1.0
11,restrictive,subject-9,drum,
11,restrictive,subject-9,duck,
11,restrictive,subject-9,bricks,
11,restrictive,subject-9,bell,
13,restrictive,subject-9,glasses,0.0
13,restrictive,subject-9,cigarettes,0.0
13,restrictive,subject-9,filofax,1.0
13,restrictive,subject-9,briefcase,0.0
32,non-restrictive,subject-9,beer,0.0
32,non-restrictive,subject-9,mug,1.0
32,non-restrictive,subject-9,biscuit,0.0
32,non-restrictive,subject-9,kettle,0.0
43,restrictive,subject-9,pan,
43,restrictive,subject-9,bolt,
43,restrictive,subject-9,handle,
43,restrictive,subject-9,safe,
40,non-restrictive,subject-9,blouse,
40,non-restrictive,subject-9,pin,
40,non-restrictive,subject-9,toothbrish,
40,non-restrictive,subject-9,iron,
18,non-restrictive,subject-9,feather,0.0
18,non-restrictive,subject-9,leaf,0.0
18,non-restrictive,subject-9,football,1.0
18,non-restrictive,subject-9,stick,0.0
6,non-restrictive,subject-1,weighing-scales,
6,non-restrictive,subject-1,jug,
6,non-restrictive,subject-1,mushrooms,
6,non-restrictive,subject-1,knife,
15,restrictive,subject-1,wallet,
15,restrictive,subject-1,magnifying-glass,
15,restrictive,subject-1,folder,
15,restrictive,subject-1,hat,
39,restrictive,subject-1,shampoo,
39,restrictive,subject-1,mat,
39,restrictive,subject-1,buckle,
39,restrictive,subject-1,shoelace,
21,restrictive,subject-1,cushion,
21,restrictive,subject-1,flower,
21,restrictive,subject-1,magazine,
21,restrictive,subject-1,vase,
38,non-restrictive,subject-1,broom,
38,non-restrictive,subject-1,cloth,
38,non-restrictive,subject-1,apron,
38,non-restrictive,subject-1,mop,
4,non-restrictive,subject-1,ball,1.0
4,non-restrictive,subject-1,paper-plane,0.0
4,non-restrictive,subject-1,acorns,0.0
4,non-restrictive,subject-1,shuttle-cock,0.0
29,restrictive,subject-1,tissue,0.0
29,restrictive,subject-1,newspaper,1.0
29,restrictive,subject-1,comb,0.0
29,restrictive,subject-1,eraser,0.0
23,restrictive,subject-1,pencil,
23,restrictive,subject-1,needle,
23,restrictive,subject-1,card,
23,restrictive,subject-1,scarf,
19,restrictive,subject-1,spoon,0.0
19,restrictive,subject-1,spatula,0.0
19,restrictive,subject-1,bowl,0.0
19,restrictive,subject-1,bread,1.0
22,non-restrictive,subject-1,poster,
22,non-restrictive,subject-1,towel,
22,non-restrictive,subject-1,coat,
22,non-restrictive,subject-1,hook,
7,restrictive,subject-1,tv-monitor,
7,restrictive,subject-1,toy-bear,
7,restrictive,subject-1,microscope,
7,restrictive,subject-1,child,
43,restrictive,subject-1,pan,
43,restrictive,subject-1,bolt,
43,restrictive,subject-1,handle,
43,restrictive,subject-1,safe,
8,non-restrictive,subject-1,piano,1.0
8,non-restrictive,subject-1,table,0.0
8,non-restrictive,subject-1,telephone,0.0
8,non-restrictive,subject-1,television,0.0
30,non-restrictive,subject-1,watch,
30,non-restrictive,subject-1,headphones,
30,non-restrictive,subject-1,dice,
30,non-restrictive,subject-1,cap,
36,non-restrictive,subject-1,lego,
36,non-restrictive,subject-1,papers,
36,non-restrictive,subject-1,boxes,
36,non-restrictive,subject-1,clips,
20,non-restrictive,subject-1,kitten,1.0
20,non-restrictive,subject-1,block,0.0
20,non-restrictive,subject-1,crayon,0.0
20,non-restrictive,subject-1,cup,0.0
5,restrictive,subject-1,moon,0.0
5,restrictive,subject-1,mountain,1.0
5,restrictive,subject-1,animal,0.0
5,restrictive,subject-1,cactus,0.0
1,restrictive,subject-1,lipstick,0.5
1,restrictive,subject-1,wine,0.0
1,restrictive,subject-1,cheese,0.0
1,restrictive,subject-1,chair,0.5
32,non-restrictive,subject-1,beer,
32,non-restrictive,subject-1,mug,
32,non-restrictive,subject-1,biscuit,
32,non-restrictive,subject-1,kettle,
3,restrictive,subject-1,plant,0.0
3,restrictive,subject-1,stool,0.0
3,restrictive,subject-1,rocking-horse,0.0
3,restrictive,subject-1,baby,1.0
2,non-restrictive,subject-1,houses,
2,non-restrictive,subject-1,dustbin,
2,non-restrictive,subject-1,man,
2,non-restrictive,subject-1,car,
46,non-restrictive,subject-1,gum,
46,non-restrictive,subject-1,stand,
46,non-restrictive,subject-1,violin,
46,non-restrictive,subject-1,bow,
16,non-restrictive,subject-1,dress,0.0
16,non-restrictive,subject-1,lantern,0.0
16,non-restrictive,subject-1,backpack,0.0
16,non-restrictive,subject-1,ribbon,1.0
18,non-restrictive,subject-1,feather,0.0
18,non-restrictive,subject-1,leaf,0.0
18,non-restrictive,subject-1,football,1.0
18,non-restrictive,subject-1,stick,0.0
27,restrictive,subject-1,switch,0.0
27,restrictive,subject-1,frame,0.0
27,restrictive,subject-1,picture,0.0
27,restrictive,subject-1,lamp,1.0
13,restrictive,subject-1,glasses,
13,restrictive,subject-1,cigarettes,
13,restrictive,subject-1,filofax,
13,restrictive,subject-1,briefcase,
24,non-restrictive,subject-1,rabbit,1.0
24,non-restrictive,subject-1,plate,0.0
24,non-restrictive,subject-1,potato,0.0
24,non-restrictive,subject-1,glass,0.0
42,non-restrictive,subject-1,chalk,0.0
42,non-restrictive,subject-1,ruler,0.0
42,non-restrictive,subject-1,shirt,0.0
42,non-restrictive,subject-1,apple,1.0
12,non-restrictive,subject-1,boat,
12,non-restrictive,subject-1,birds,
12,non-restrictive,subject-1,sun,
12,non-restrictive,subject-1,car,
48,non-restrictive,subject-1,balloon,
48,non-restrictive,subject-1,pump,
48,non-restrictive,subject-1,flag,
48,non-restrictive,subject-1,pouch,
49,restrictive,subject-1,scissors,
49,restrictive,subject-1,stamp,
49,restrictive,subject-1,envelope,
49,restrictive,subject-1,rubberband,
10,non-restrictive,subject-1,dog,0.0
10,non-restrictive,subject-1,wastebin,0.0
10,non-restrictive,subject-1,washing-machine,0.0
10,non-restrictive,subject-1,mirror,1.0
9,restrictive,subject-1,bag,
9,restrictive,subject-1,book,
9,restrictive,subject-1,door,
9,restrictive,subject-1,cup,
37,restrictive,subject-1,key,
37,restrictive,subject-1,banana,
37,restrictive,subject-1,mitten,
37,restrictive,subject-1,marker,
31,restrictive,subject-1,lemon,0.0
31,restrictive,subject-1,sponge,0.0
31,restrictive,subject-1,seed,1.0
31,restrictive,subject-1,bottle,0.0
28,non-restrictive,subject-1,milk,0.0
28,non-restrictive,subject-1,glove,0.0
28,non-restrictive,subject-1,nut,0.0
28,non-restrictive,subject-1,sock,1.0
33,restrictive,subject-1,gift,1.0
33,restrictive,subject-1,suitcase,0.0
33,restrictive,subject-1,envelope,0.0
33,restrictive,subject-1,box,0.0
25,restrictive,subject-1,rope,0.0
25,restrictive,subject-1,canvas,0.0
25,restrictive,subject-1,keyboard,0.0
25,restrictive,subject-1,peach,1.0
17,restrictive,subject-1,rope,
17,restrictive,subject-1,wood,
17,restrictive,subject-1,bucket,
17,restrictive,subject-1,stone,
14,non-restrictive,subject-1,ball,1.0
14,non-restrictive,subject-1,hen,0.0
14,non-restrictive,subject-1,dog,0.0
14,non-restrictive,subject-1,bird,0.0
35,restrictive,subject-1,brush,
35,restrictive,subject-1,mirror,
35,restrictive,subject-1,pot,
35,restrictive,subject-1,mascara,
44,non-restrictive,subject-1,dough,1.0
44,non-restrictive,subject-1,glass,0.0
44,non-restrictive,subject-1,ladle,0.0
44,non-restrictive,subject-1,hammer,0.0
11,restrictive,subject-1,drum,
11,restrictive,subject-1,duck,
11,restrictive,subject-1,bricks,
11,restrictive,subject-1,bell,
34,non-restrictive,subject-1,notebook,0.0
34,non-restrictive,subject-1,pillow,0.0
34,non-restrictive,subject-1,radio,1.0
34,non-restrictive,subject-1,puzzle,0.0
47,restrictive,subject-1,dustpan,0.0
47,restrictive,subject-1,roller,1.0
47,restrictive,subject-1,footstool,0.0
47,restrictive,subject-1,carpet,0.0
45,restrictive,subject-1,pot,
45,restrictive,subject-1,carrot,
45,restrictive,subject-1,laddle,
45,restrictive,subject-1,peeler,
26,non-restrictive,subject-1,coin,
26,non-restrictive,subject-1,coaster,
26,non-restrictive,subject-1,candle,
26,non-restrictive,subject-1,package,
41,restrictive,subject-1,shell,
41,restrictive,subject-1,orange,
41,restrictive,subject-1,stone,
41,restrictive,subject-1,cone,
0,non-restrictive,subject-1,cake,
0,non-restrictive,subject-1,toy-car,
0,non-restrictive,subject-1,toy-train,
0,non-restrictive,subject-1,ball,
40,non-restrictive,subject-1,blouse,0.0
40,non-restrictive,subject-1,pin,0.0
40,non-restrictive,subject-1,toothbrish,0.0
40,non-restrictive,subject-1,iron,1.0
48,non-restrictive,subject-19,pouch,
48,non-restrictive,subject-19,balloon,
48,non-restrictive,subject-19,pump,
48,non-restrictive,subject-19,flag,
31,restrictive,subject-19,bottle,
31,restrictive,subject-19,lemon,
31,restrictive,subject-19,sponge,
31,restrictive,subject-19,seed,
23,restrictive,subject-19,scarf,
23,restrictive,subject-19,pencil,
23,restrictive,subject-19,needle,
23,restrictive,subject-19,card,
40,non-restrictive,subject-19,iron,
40,non-restrictive,subject-19,blouse,
40,non-restrictive,subject-19,pin,
40,non-restrictive,subject-19,toothbrish,
36,non-restrictive,subject-19,clips,
36,non-restrictive,subject-19,lego,
36,non-restrictive,subject-19,papers,
36,non-restrictive,subject-19,boxes,
35,restrictive,subject-19,mascara,
35,restrictive,subject-19,brush,
35,restrictive,subject-19,mirror,
35,restrictive,subject-19,pot,
33,restrictive,subject-19,box,
33,restrictive,subject-19,gift,
33,restrictive,subject-19,suitcase,
33,restrictive,subject-19,envelope,
37,restrictive,subject-19,marker,
37,restrictive,subject-19,key,
37,restrictive,subject-19,banana,
37,restrictive,subject-19,mitten,
44,non-restrictive,subject-19,hammer,0.0
44,non-restrictive,subject-19,dough,1.0
44,non-restrictive,subject-19,glass,0.0
44,non-restrictive,subject-19,ladle,0.0
5,restrictive,subject-19,cactus,0.0
5,restrictive,subject-19,moon,0.0
5,restrictive,subject-19,mountain,1.0
5,restrictive,subject-19,animal,0.0
27,restrictive,subject-19,lamp,
27,restrictive,subject-19,switch,
27,restrictive,subject-19,frame,
27,restrictive,subject-19,picture,
29,restrictive,subject-19,eraser,
29,restrictive,subject-19,tissue,
29,restrictive,subject-19,newspaper,
29,restrictive,subject-19,comb,
17,restrictive,subject-19,stone,
17,restrictive,subject-19,rope,
17,restrictive,subject-19,wood,
17,restrictive,subject-19,bucket,
6,non-restrictive,subject-19,knife,
6,non-restrictive,subject-19,weighing-scales,
6,non-restrictive,subject-19,jug,
6,non-restrictive,subject-19,mushrooms,
11,restrictive,subject-19,bell,
11,restrictive,subject-19,drum,
11,restrictive,subject-19,duck,
11,restrictive,subject-19,bricks,
20,non-restrictive,subject-19,cup,
20,non-restrictive,subject-19,kitten,
20,non-restrictive,subject-19,block,
20,non-restrictive,subject-19,crayon,
42,non-restrictive,subject-19,apple,
42,non-restrictive,subject-19,chalk,
42,non-restrictive,subject-19,ruler,
42,non-restrictive,subject-19,shirt,
46,non-restrictive,subject-19,bow,1.0
46,non-restrictive,subject-19,gum,0.0
46,non-restrictive,subject-19,stand,0.0
46,non-restrictive,subject-19,violin,0.0
16,non-restrictive,subject-19,ribbon,
16,non-restrictive,subject-19,dress,
16,non-restrictive,subject-19,lantern,
16,non-restrictive,subject-19,backpack,
19,restrictive,subject-19,bread,
19,restrictive,subject-19,spoon,
19,restrictive,subject-19,spatula,
19,restrictive,subject-19,bowl,
18,non-restrictive,subject-19,stick,
18,non-restrictive,subject-19,feather,
18,non-restrictive,subject-19,leaf,
18,non-restrictive,subject-19,football,
41,restrictive,subject-19,cone,
41,restrictive,subject-19,shell,
41,restrictive,subject-19,orange,
41,restrictive,subject-19,stone,
39,restrictive,subject-19,shoelace,
39,restrictive,subject-19,shampoo,
39,restrictive,subject-19,mat,
39,restrictive,subject-19,buckle,
4,non-restrictive,subject-19,shuttle-cock,
4,non-restrictive,subject-19,ball,
4,non-restrictive,subject-19,paper-plane,
4,non-restrictive,subject-19,acorns,
22,non-restrictive,subject-19,hook,
22,non-restrictive,subject-19,poster,
22,non-restrictive,subject-19,towel,
22,non-restrictive,subject-19,coat,
15,restrictive,subject-19,hat,
15,restrictive,subject-19,wallet,
15,restrictive,subject-19,magnifying-glass,
15,restrictive,subject-19,folder,
13,restrictive,subject-19,briefcase,0.0
13,restrictive,subject-19,glasses,0.0
13,restrictive,subject-19,cigarettes,1.0
13,restrictive,subject-19,filofax,0.0
12,non-restrictive,subject-19,car,
12,non-restrictive,subject-19,boat,
12,non-restrictive,subject-19,birds,
12,non-restrictive,subject-19,sun,
45,restrictive,subject-19,peeler,
45,restrictive,subject-19,pot,
45,restrictive,subject-19,carrot,
45,restrictive,subject-19,laddle,
26,non-restrictive,subject-19,package,
26,non-restrictive,subject-19,coin,
26,non-restrictive,subject-19,coaster,
26,non-restrictive,subject-19,candle,
25,restrictive,subject-19,peach,
25,restrictive,subject-19,rope,
25,restrictive,subject-19,canvas,
25,restrictive,subject-19,keyboard,
38,non-restrictive,subject-19,mop,0.0
38,non-restrictive,subject-19,broom,0.0
38,non-restrictive,subject-19,cloth,0.5
38,non-restrictive,subject-19,apron,0.5
3,restrictive,subject-19,baby,
3,restrictive,subject-19,plant,
3,restrictive,subject-19,stool,
3,restrictive,subject-19,rocking-horse,
2,non-restrictive,subject-19,car,
2,non-restrictive,subject-19,houses,
2,non-restrictive,subject-19,dustbin,
2,non-restrictive,subject-19,man,
34,non-restrictive,subject-19,puzzle,
34,non-restrictive,subject-19,notebook,
34,non-restrictive,subject-19,pillow,
34,non-restrictive,subject-19,radio,
47,restrictive,subject-19,carpet,
47,restrictive,subject-19,dustpan,
47,restrictive,subject-19,roller,
47,restrictive,subject-19,footstool,
10,non-restrictive,subject-19,mirror,
10,non-restrictive,subject-19,dog,
10,non-restrictive,subject-19,wastebin,
10,non-restrictive,subject-19,washing-machine,
1,restrictive,subject-19,chair,
1,restrictive,subject-19,lipstick,
1,restrictive,subject-19,wine,
1,restrictive,subject-19,cheese,
21,restrictive,subject-19,vase,
21,restrictive,subject-19,cushion,
21,restrictive,subject-19,flower,
21,restrictive,subject-19,magazine,
30,non-restrictive,subject-19,cap,
30,non-restrictive,subject-19,watch,
30,non-restrictive,subject-19,headphones,
30,non-restrictive,subject-19,dice,
28,non-restrictive,subject-19,sock,
28,non-restrictive,subject-19,milk,
28,non-restrictive,subject-19,glove,
28,non-restrictive,subject-19,nut,
32,non-restrictive,subject-19,kettle,
32,non-restrictive,subject-19,beer,
32,non-restrictive,subject-19,mug,
32,non-restrictive,subject-19,biscuit,
24,non-restrictive,subject-19,glass,
24,non-restrictive,subject-19,rabbit,
24,non-restrictive,subject-19,plate,
24,non-restrictive,subject-19,potato,
9,restrictive,subject-19,cup,
9,restrictive,subject-19,bag,
9,restrictive,subject-19,book,
9,restrictive,subject-19,door,
8,non-restrictive,subject-19,television,
8,non-restrictive,subject-19,piano,
8,non-restrictive,subject-19,table,
8,non-restrictive,subject-19,telephone,
49,restrictive,subject-19,rubberband,
49,restrictive,subject-19,scissors,
49,restrictive,subject-19,stamp,
49,restrictive,subject-19,envelope,
14,non-restrictive,subject-19,bird,
14,non-restrictive,subject-19,ball,
14,non-restrictive,subject-19,hen,
14,non-restrictive,subject-19,dog,
0,non-restrictive,subject-19,ball,
0,non-restrictive,subject-19,cake,
0,non-restrictive,subject-19,toy-car,
0,non-restrictive,subject-19,toy-train,
7,restrictive,subject-19,child,
7,restrictive,subject-19,tv-monitor,
7,restrictive,subject-19,toy-bear,
7,restrictive,subject-19,microscope,
43,restrictive,subject-19,safe,
43,restrictive,subject-19,pan,
43,restrictive,subject-19,bolt,
43,restrictive,subject-19,handle,
3,non-restrictive,subject-20,rocking-horse,
3,non-restrictive,subject-20,baby,
3,non-restrictive,subject-20,plant,
3,non-restrictive,subject-20,stool,
10,restrictive,subject-20,washing-machine,
10,restrictive,subject-20,mirror,
10,restrictive,subject-20,dog,
10,restrictive,subject-20,wastebin,
28,restrictive,subject-20,nut,
28,restrictive,subject-20,sock,
28,restrictive,subject-20,milk,
28,restrictive,subject-20,glove,
6,restrictive,subject-20,mushrooms,
6,restrictive,subject-20,knife,
6,restrictive,subject-20,weighing-scales,
6,restrictive,subject-20,jug,
21,non-restrictive,subject-20,magazine,
21,non-restrictive,subject-20,vase,
21,non-restrictive,subject-20,cushion,
21,non-restrictive,subject-20,flower,
12,restrictive,subject-20,sun,
12,restrictive,subject-20,car,
12,restrictive,subject-20,boat,
12,restrictive,subject-20,birds,
5,non-restrictive,subject-20,animal,
5,non-restrictive,subject-20,cactus,
5,non-restrictive,subject-20,moon,
5,non-restrictive,subject-20,mountain,
11,non-restrictive,subject-20,bricks,
11,non-restrictive,subject-20,bell,
11,non-restrictive,subject-20,drum,
11,non-restrictive,subject-20,duck,
42,restrictive,subject-20,shirt,
42,restrictive,subject-20,apple,
42,restrictive,subject-20,chalk,
42,restrictive,subject-20,ruler,
23,non-restrictive,subject-20,card,
23,non-restrictive,subject-20,scarf,
23,non-restrictive,subject-20,pencil,
23,non-restrictive,subject-20,needle,
49,non-restrictive,subject-20,envelope,
49,non-restrictive,subject-20,rubberband,
49,non-restrictive,subject-20,scissors,
49,non-restrictive,subject-20,stamp,
0,restrictive,subject-20,toy-train,
0,restrictive,subject-20,ball,
0,restrictive,subject-20,cake,
0,restrictive,subject-20,toy-car,
4,restrictive,subject-20,acorns,
4,restrictive,subject-20,shuttle-cock,
4,restrictive,subject-20,ball,
4,restrictive,subject-20,paper-plane,
36,restrictive,subject-20,boxes,
36,restrictive,subject-20,clips,
36,restrictive,subject-20,lego,
36,restrictive,subject-20,papers,
22,restrictive,subject-20,coat,
22,restrictive,subject-20,hook,
22,restrictive,subject-20,poster,
22,restrictive,subject-20,towel,
41,non-restrictive,subject-20,stone,
41,non-restrictive,subject-20,cone,
41,non-restrictive,subject-20,shell,
41,non-restrictive,subject-20,orange,
46,restrictive,subject-20,violin,
46,restrictive,subject-20,bow,
46,restrictive,subject-20,gum,
46,restrictive,subject-20,stand,
26,restrictive,subject-20,candle,
26,restrictive,subject-20,package,
26,restrictive,subject-20,coin,
26,restrictive,subject-20,coaster,
40,restrictive,subject-20,toothbrish,
40,restrictive,subject-20,iron,
40,restrictive,subject-20,blouse,
40,restrictive,subject-20,pin,
9,non-restrictive,subject-20,door,
9,non-restrictive,subject-20,cup,
9,non-restrictive,subject-20,bag,
9,non-restrictive,subject-20,book,
18,restrictive,subject-20,football,
18,restrictive,subject-20,stick,
18,restrictive,subject-20,feather,
18,restrictive,subject-20,leaf,
43,non-restrictive,subject-20,handle,
43,non-restrictive,subject-20,safe,
43,non-restrictive,subject-20,pan,
43,non-restrictive,subject-20,bolt,
31,non-restrictive,subject-20,seed,
31,non-restrictive,subject-20,bottle,
31,non-restrictive,subject-20,lemon,
31,non-restrictive,subject-20,sponge,
25,non-restrictive,subject-20,keyboard,
25,non-restrictive,subject-20,peach,
25,non-restrictive,subject-20,rope,
25,non-restrictive,subject-20,canvas,
1,non-restrictive,subject-20,cheese,
1,non-restrictive,subject-20,chair,
1,non-restrictive,subject-20,lipstick,
1,non-restrictive,subject-20,wine,
48,restrictive,subject-20,flag,
48,restrictive,subject-20,pouch,
48,restrictive,subject-20,balloon,
48,restrictive,subject-20,pump,
47,non-restrictive,subject-20,footstool,
47,non-restrictive,subject-20,carpet,
47,non-restrictive,subject-20,dustpan,
47,non-restrictive,subject-20,roller,
29,non-restrictive,subject-20,comb,
29,non-restrictive,subject-20,eraser,
29,non-restrictive,subject-20,tissue,
29,non-restrictive,subject-20,newspaper,
45,non-restrictive,subject-20,laddle,
45,non-restrictive,subject-20,peeler,
45,non-restrictive,subject-20,pot,
45,non-restrictive,subject-20,carrot,
30,restrictive,subject-20,dice,
30,restrictive,subject-20,cap,
30,restrictive,subject-20,watch,
30,restrictive,subject-20,headphones,
19,non-restrictive,subject-20,bowl,
19,non-restrictive,subject-20,bread,
19,non-restrictive,subject-20,spoon,
19,non-restrictive,subject-20,spatula,
33,non-restrictive,subject-20,envelope,
33,non-restrictive,subject-20,box,
33,non-restrictive,subject-20,gift,
33,non-restrictive,subject-20,suitcase,
8,restrictive,subject-20,telephone,
8,restrictive,subject-20,television,
8,restrictive,subject-20,piano,
8,restrictive,subject-20,table,
15,non-restrictive,subject-20,folder,1.0
15,non-restrictive,subject-20,hat,0.0
15,non-restrictive,subject-20,wallet,0.0
15,non-restrictive,subject-20,magnifying-glass,0.0
2,restrictive,subject-20,man,
2,restrictive,subject-20,car,
2,restrictive,subject-20,houses,
2,restrictive,subject-20,dustbin,
44,restrictive,subject-20,ladle,
44,restrictive,subject-20,hammer,
44,restrictive,subject-20,dough,
44,restrictive,subject-20,glass,
17,non-restrictive,subject-20,bucket,
17,non-restrictive,subject-20,stone,
17,non-restrictive,subject-20,rope,
17,non-restrictive,subject-20,wood,
27,non-restrictive,subject-20,picture,
27,non-restrictive,subject-20,lamp,
27,non-restrictive,subject-20,switch,
27,non-restrictive,subject-20,frame,
32,restrictive,subject-20,biscuit,
32,restrictive,subject-20,kettle,
32,restrictive,subject-20,beer,
32,restrictive,subject-20,mug,
37,non-restrictive,subject-20,mitten,
37,non-restrictive,subject-20,marker,
37,non-restrictive,subject-20,key,
37,non-restrictive,subject-20,banana,
24,restrictive,subject-20,potato,
24,restrictive,subject-20,glass,
24,restrictive,subject-20,rabbit,
24,restrictive,subject-20,plate,
20,restrictive,subject-20,crayon,
20,restrictive,subject-20,cup,
20,restrictive,subject-20,kitten,
20,restrictive,subject-20,block,
39,non-restrictive,subject-20,buckle,
39,non-restrictive,subject-20,shoelace,
39,non-restrictive,subject-20,shampoo,
39,non-restrictive,subject-20,mat,
7,non-restrictive,subject-20,microscope,
7,non-restrictive,subject-20,child,
7,non-restrictive,subject-20,tv-monitor,
7,non-restrictive,subject-20,toy-bear,
13,non-restrictive,subject-20,filofax,
13,non-restrictive,subject-20,briefcase,
13,non-restrictive,subject-20,glasses,
13,non-restrictive,subject-20,cigarettes,
14,restrictive,subject-20,dog,
14,restrictive,subject-20,bird,
14,restrictive,subject-20,ball,
14,restrictive,subject-20,hen,
38,restrictive,subject-20,apron,
38,restrictive,subject-20,mop,
38,restrictive,subject-20,broom,
38,restrictive,subject-20,cloth,
35,non-restrictive,subject-20,pot,
35,non-restrictive,subject-20,mascara,
35,non-restrictive,subject-20,brush,
35,non-restrictive,subject-20,mirror,
16,restrictive,subject-20,backpack,
16,restrictive,subject-20,ribbon,
16,restrictive,subject-20,dress,
16,restrictive,subject-20,lantern,
2,non-restrictive,subject-21,man,
2,non-restrictive,subject-21,car,
2,non-restrictive,subject-21,houses,
2,non-restrictive,subject-21,dustbin,
1,restrictive,subject-21,cheese,
1,restrictive,subject-21,chair,
1,restrictive,subject-21,lipstick,
1,restrictive,subject-21,wine,
46,non-restrictive,subject-21,violin,
46,non-restrictive,subject-21,bow,
46,non-restrictive,subject-21,gum,
46,non-restrictive,subject-21,stand,
36,non-restrictive,subject-21,boxes,
36,non-restrictive,subject-21,clips,
36,non-restrictive,subject-21,lego,
36,non-restrictive,subject-21,papers,
29,restrictive,subject-21,comb,
29,restrictive,subject-21,eraser,
29,restrictive,subject-21,tissue,
29,restrictive,subject-21,newspaper,
11,restrictive,subject-21,bricks,
11,restrictive,subject-21,bell,
11,restrictive,subject-21,drum,
11,restrictive,subject-21,duck,
16,non-restrictive,subject-21,backpack,
16,non-restrictive,subject-21,ribbon,
16,non-restrictive,subject-21,dress,
16,non-restrictive,subject-21,lantern,
30,non-restrictive,subject-21,dice,
30,non-restrictive,subject-21,cap,
30,non-restrictive,subject-21,watch,
30,non-restrictive,subject-21,headphones,
0,non-restrictive,subject-21,toy-train,
0,non-restrictive,subject-21,ball,
0,non-restrictive,subject-21,cake,
0,non-restrictive,subject-21,toy-car,
21,restrictive,subject-21,magazine,
21,restrictive,subject-21,vase,
21,restrictive,subject-21,cushion,
21,restrictive,subject-21,flower,
10,non-restrictive,subject-21,washing-machine,
10,non-restrictive,subject-21,mirror,
10,non-restrictive,subject-21,dog,
10,non-restrictive,subject-21,wastebin,
49,restrictive,subject-21,envelope,
49,restrictive,subject-21,rubberband,
49,restrictive,subject-21,scissors,
49,restrictive,subject-21,stamp,
4,non-restrictive,subject-21,acorns,
4,non-restrictive,subject-21,shuttle-cock,
4,non-restrictive,subject-21,ball,
4,non-restrictive,subject-21,paper-plane,
18,non-restrictive,subject-21,football,
18,non-restrictive,subject-21,stick,
18,non-restrictive,subject-21,feather,
18,non-restrictive,subject-21,leaf,
3,restrictive,subject-21,rocking-horse,
3,restrictive,subject-21,baby,
3,restrictive,subject-21,plant,
3,restrictive,subject-21,stool,
39,restrictive,subject-21,buckle,
39,restrictive,subject-21,shoelace,
39,restrictive,subject-21,shampoo,
39,restrictive,subject-21,mat,
6,non-restrictive,subject-21,mushrooms,
6,non-restrictive,subject-21,knife,
6,non-restrictive,subject-21,weighing-scales,
6,non-restrictive,subject-21,jug,
19,restrictive,subject-21,bowl,
19,restrictive,subject-21,bread,
19,restrictive,subject-21,spoon,
19,restrictive,subject-21,spatula,
41,restrictive,subject-21,stone,
41,restrictive,subject-21,cone,
41,restrictive,subject-21,shell,
41,restrictive,subject-21,orange,
40,non-restrictive,subject-21,toothbrish,
40,non-restrictive,subject-21,iron,
40,non-restrictive,subject-21,blouse,
40,non-restrictive,subject-21,pin,
13,restrictive,subject-21,filofax,
13,restrictive,subject-21,briefcase,
13,restrictive,subject-21,glasses,
13,restrictive,subject-21,cigarettes,
33,restrictive,subject-21,envelope,
33,restrictive,subject-21,box,
33,restrictive,subject-21,gift,
33,restrictive,subject-21,suitcase,
37,restrictive,subject-21,mitten,
37,restrictive,subject-21,marker,
37,restrictive,subject-21,key,
37,restrictive,subject-21,banana,
23,restrictive,subject-21,card,
23,restrictive,subject-21,scarf,
23,restrictive,subject-21,pencil,
23,restrictive,subject-21,needle,
28,non-restrictive,subject-21,nut,
28,non-restrictive,subject-21,sock,
28,non-restrictive,subject-21,milk,
28,non-restrictive,subject-21,glove,
43,restrictive,subject-21,handle,0.0
43,restrictive,subject-21,safe,0.0
43,restrictive,subject-21,pan,1.0
43,restrictive,subject-21,bolt,0.0
20,non-restrictive,subject-21,crayon,
20,non-restrictive,subject-21,cup,
20,non-restrictive,subject-21,kitten,
20,non-restrictive,subject-21,block,
27,restrictive,subject-21,picture,
27,restrictive,subject-21,lamp,
27,restrictive,subject-21,switch,
27,restrictive,subject-21,frame,
9,restrictive,subject-21,door,
9,restrictive,subject-21,cup,
9,restrictive,subject-21,bag,
9,restrictive,subject-21,book,
15,restrictive,subject-21,folder,
15,restrictive,subject-21,hat,
15,restrictive,subject-21,wallet,
15,restrictive,subject-21,magnifying-glass,
24,non-restrictive,subject-21,potato,
24,non-restrictive,subject-21,glass,
24,non-restrictive,subject-21,rabbit,
24,non-restrictive,subject-21,plate,
14,non-restrictive,subject-21,dog,
14,non-restrictive,subject-21,bird,
14,non-restrictive,subject-21,ball,
14,non-restrictive,subject-21,hen,
26,non-restrictive,subject-21,candle,
26,non-restrictive,subject-21,package,
26,non-restrictive,subject-21,coin,
26,non-restrictive,subject-21,coaster,
38,non-restrictive,subject-21,apron,
38,non-restrictive,subject-21,mop,
38,non-restrictive,subject-21,broom,
38,non-restrictive,subject-21,cloth,
42,non-restrictive,subject-21,shirt,
42,non-restrictive,subject-21,apple,
42,non-restrictive,subject-21,chalk,
42,non-restrictive,subject-21,ruler,
25,restrictive,subject-21,keyboard,
25,restrictive,subject-21,peach,
25,restrictive,subject-21,rope,
25,restrictive,subject-21,canvas,
22,non-restrictive,subject-21,coat,
22,non-restrictive,subject-21,hook,
22,non-restrictive,subject-21,poster,
22,non-restrictive,subject-21,towel,
31,restrictive,subject-21,seed,0.0
31,restrictive,subject-21,bottle,1.0
31,restrictive,subject-21,lemon,0.0
31,restrictive,subject-21,sponge,0.0
7,restrictive,subject-21,microscope,1.0
7,restrictive,subject-21,child,0.0
7,restrictive,subject-21,tv-monitor,0.0
7,restrictive,subject-21,toy-bear,0.0
17,restrictive,subject-21,bucket,
17,restrictive,subject-21,stone,
17,restrictive,subject-21,rope,
17,restrictive,subject-21,wood,
8,non-restrictive,subject-21,telephone,
8,non-restrictive,subject-21,television,
8,non-restrictive,subject-21,piano,
8,non-restrictive,subject-21,table,
45,restrictive,subject-21,laddle,
45,restrictive,subject-21,peeler,
45,restrictive,subject-21,pot,
45,restrictive,subject-21,carrot,
34,non-restrictive,subject-21,radio,
34,non-restrictive,subject-21,puzzle,
34,non-restrictive,subject-21,notebook,
34,non-restrictive,subject-21,pillow,
44,non-restrictive,subject-21,ladle,
44,non-restrictive,subject-21,hammer,
44,non-restrictive,subject-21,dough,
44,non-restrictive,subject-21,glass,
47,restrictive,subject-21,footstool,
47,restrictive,subject-21,carpet,
47,restrictive,subject-21,dustpan,
47,restrictive,subject-21,roller,
48,non-restrictive,subject-21,flag,0.3333
48,non-restrictive,subject-21,pouch,0.6667
48,non-restrictive,subject-21,balloon,0.0
48,non-restrictive,subject-21,pump,0.0
5,restrictive,subject-21,animal,0.0
5,restrictive,subject-21,cactus,0.0
5,restrictive,subject-21,moon,1.0
5,restrictive,subject-21,mountain,0.0
35,restrictive,subject-21,pot,
35,restrictive,subject-21,mascara,
35,restrictive,subject-21,brush,
35,restrictive,subject-21,mirror,
32,non-restrictive,subject-21,biscuit,
32,non-restrictive,subject-21,kettle,
32,non-restrictive,subject-21,beer,
32,non-restrictive,subject-21,mug,
12,non-restrictive,subject-21,sun,
12,non-restrictive,subject-21,car,
12,non-restrictive,subject-21,boat,
12,non-restrictive,subject-21,birds,
