bin_start_ms,aoi,prop_fixating,trial,condition,target_pos,subject_nr
0.0,pos1,0.0,0,non-restrictive,3,1
0.0,pos2,0.0,0,non-restrictive,3,1
0.0,pos3,0.0,0,non-restrictive,3,1
0.0,pos4,0.0,0,non-restrictive,3,1
0.0,subject,0.0,0,non-restrictive,3,1
50.0,pos1,0.0,0,non-restrictive,3,1
50.0,pos2,0.0,0,non-restrictive,3,1
50.0,pos3,0.0,0,non-restrictive,3,1
50.0,pos4,0.0,0,non-restrictive,3,1
50.0,subject,0.0,0,non-restrictive,3,1
100.0,pos1,0.0,0,non-restrictive,3,1
100.0,pos2,0.0,0,non-restrictive,3,1
100.0,pos3,0.0,0,non-restrictive,3,1
100.0,pos4,0.0,0,non-restrictive,3,1
100.0,subject,0.0,0,non-restrictive,3,1
150.0,pos1,0.0,0,non-restrictive,3,1
150.0,pos2,0.0,0,non-restrictive,3,1
150.0,pos3,0.0,0,non-restrictive,3,1
150.0,pos4,0.0,0,non-restrictive,3,1
150.0,subject,0.0,0,non-restrictive,3,1
200.0,pos1,0.0,0,non-restrictive,3,1
200.0,pos2,0.0,0,non-restrictive,3,1
200.0,pos3,0.0,0,non-restrictive,3,1
200.0,pos4,0.0,0,non-restrictive,3,1
200.0,subject,0.0,0,non-restrictive,3,1
250.0,pos1,0.0,0,non-restrictive,3,1
250.0,pos2,0.0,0,non-restrictive,3,1
250.0,pos3,0.0,0,non-restrictive,3,1
250.0,pos4,0.0,0,non-restrictive,3,1
250.0,subject,0.0,0,non-restrictive,3,1
0.0,pos1,0.0,1,restrictive,4,1
0.0,pos2,0.0,1,restrictive,4,1
0.0,pos3,0.0,1,restrictive,4,1
0.0,pos4,0.0,1,restrictive,4,1
0.0,subject,0.0,1,restrictive,4,1
50.0,pos1,0.0,1,restrictive,4,1
50.0,pos2,0.0,1,restrictive,4,1
50.0,pos3,0.0,1,restrictive,4,1
50.0,pos4,0.0,1,restrictive,4,1
50.0,subject,0.0,1,restrictive,4,1
100.0,pos1,0.0,1,restrictive,4,1
100.0,pos2,0.0,1,restrictive,4,1
100.0,pos3,0.0,1,restrictive,4,1
100.0,pos4,0.0,1,restrictive,4,1
100.0,subject,0.0,1,restrictive,4,1
150.0,pos1,0.0,1,restrictive,4,1
150.0,pos2,0.0,1,restrictive,4,1
150.0,pos3,0.0,1,restrictive,4,1
150.0,pos4,0.0,1,restrictive,4,1
150.0,subject,0.0,1,restrictive,4,1
200.0,pos1,0.0,1,restrictive,4,1
200.0,pos2,0.0,1,restrictive,4,1
200.0,pos3,0.0,1,restrictive,4,1
200.0,pos4,0.0,1,restrictive,4,1
200.0,subject,0.0,1,restrictive,4,1
250.0,pos1,0.0,1,restrictive,4,1
250.0,pos2,0.0,1,restrictive,4,1
250.0,pos3,0.0,1,restrictive,4,1
250.0,pos4,0.0,1,restrictive,4,1
250.0,subject,0.0,1,restrictive,4,1
0.0,pos1,0.0,2,restrictive,4,1
0.0,pos2,0.0,2,restrictive,4,1
0.0,pos3,0.0,2,restrictive,4,1
0.0,pos4,0.0,2,restrictive,4,1
0.0,subject,0.0,2,restrictive,4,1
50.0,pos1,0.0,2,restrictive,4,1
50.0,pos2,0.0,2,restrictive,4,1
50.0,pos3,0.0,2,restrictive,4,1
50.0,pos4,0.0,2,restrictive,4,1
50.0,subject,0.0,2,restrictive,4,1
100.0,pos1,0.0,2,restrictive,4,1
100.0,pos2,0.0,2,restrictive,4,1
100.0,pos3,0.0,2,restrictive,4,1
100.0,pos4,0.0,2,restrictive,4,1
100.0,subject,0.0,2,restrictive,4,1
150.0,pos1,0.0,2,restrictive,4,1
150.0,pos2,0.0,2,restrictive,4,1
150.0,pos3,0.0,2,restrictive,4,1
150.0,pos4,0.0,2,restrictive,4,1
150.0,subject,0.0,2,restrictive,4,1
200.0,pos1,0.0,2,restrictive,4,1
200.0,pos2,0.0,2,restrictive,4,1
200.0,pos3,0.0,2,restrictive,4,1
200.0,pos4,0.0,2,restrictive,4,1
200.0,subject,0.0,2,restrictive,4,1
250.0,pos1,0.0,2,restrictive,4,1
250.0,pos2,0.0,2,restrictive,4,1
250.0,pos3,0.0,2,restrictive,4,1
250.0,pos4,0.0,2,restrictive,4,1
250.0,subject,0.0,2,restrictive,4,1
0.0,pos1,0.0,3,restrictive,2,1
0.0,pos2,0.0,3,restrictive,2,1
0.0,pos3,0.0,3,restrictive,2,1
0.0,pos4,0.0,3,restrictive,2,1
0.0,subject,0.0,3,restrictive,2,1
50.0,pos1,0.0,3,restrictive,2,1
50.0,pos2,0.0,3,restrictive,2,1
50.0,pos3,0.0,3,restrictive,2,1
50.0,pos4,0.0,3,restrictive,2,1
50.0,subject,0.0,3,restrictive,2,1
100.0,pos1,0.0,3,restrictive,2,1
100.0,pos2,0.0,3,restrictive,2,1
100.0,pos3,0.0,3,restrictive,2,1
100.0,pos4,0.0,3,restrictive,2,1
100.0,subject,0.0,3,restrictive,2,1
150.0,pos1,0.0,3,restrictive,2,1
150.0,pos2,0.0,3,restrictive,2,1
150.0,pos3,0.0,3,restrictive,2,1
150.0,pos4,0.0,3,restrictive,2,1
150.0,subject,0.0,3,restrictive,2,1
200.0,pos1,0.0,3,restrictive,2,1
200.0,pos2,0.0,3,restrictive,2,1
200.0,pos3,0.0,3,restrictive,2,1
200.0,pos4,0.0,3,restrictive,2,1
200.0,subject,0.0,3,restrictive,2,1
250.0,pos1,0.0,3,restrictive,2,1
250.0,pos2,0.0,3,restrictive,2,1
250.0,pos3,0.0,3,restrictive,2,1
250.0,pos4,0.0,3,restrictive,2,1
250.0,subject,0.0,3,restrictive,2,1
0.0,pos1,0.0,4,non-restrictive,3,1
0.0,pos2,0.0,4,non-restrictive,3,1
0.0,pos3,0.0,4,non-restrictive,3,1
0.0,pos4,0.0,4,non-restrictive,3,1
0.0,subject,0.0,4,non-restrictive,3,1
50.0,pos1,0.0,4,non-restrictive,3,1
50.0,pos2,0.0,4,non-restrictive,3,1
50.0,pos3,0.0,4,non-restrictive,3,1
50.0,pos4,0.0,4,non-restrictive,3,1
50.0,subject,0.0,4,non-restrictive,3,1
100.0,pos1,0.0,4,non-restrictive,3,1
100.0,pos2,0.0,4,non-restrictive,3,1
100.0,pos3,0.0,4,non-restrictive,3,1
100.0,pos4,0.0,4,non-restrictive,3,1
100.0,subject,0.0,4,non-restrictive,3,1
150.0,pos1,0.0,4,non-restrictive,3,1
150.0,pos2,0.0,4,non-restrictive,3,1
150.0,pos3,0.0,4,non-restrictive,3,1
150.0,pos4,0.0,4,non-restrictive,3,1
150.0,subject,0.0,4,non-restrictive,3,1
200.0,pos1,0.0,4,non-restrictive,3,1
200.0,pos2,0.0,4,non-restrictive,3,1
200.0,pos3,0.0,4,non-restrictive,3,1
200.0,pos4,0.0,4,non-restrictive,3,1
200.0,subject,0.0,4,non-restrictive,3,1
250.0,pos1,0.0,4,non-restrictive,3,1
250.0,pos2,0.0,4,non-restrictive,3,1
250.0,pos3,0.0,4,non-restrictive,3,1
250.0,pos4,0.0,4,non-restrictive,3,1
250.0,subject,0.0,4,non-restrictive,3,1
300.0,pos1,0.0,4,non-restrictive,3,1
300.0,pos2,0.0,4,non-restrictive,3,1
300.0,pos3,0.0,4,non-restrictive,3,1
300.0,pos4,0.0,4,non-restrictive,3,1
300.0,subject,0.0,4,non-restrictive,3,1
350.0,pos1,0.0,4,non-restrictive,3,1
350.0,pos2,0.0,4,non-restrictive,3,1
350.0,pos3,0.0,4,non-restrictive,3,1
350.0,pos4,0.0,4,non-restrictive,3,1
350.0,subject,0.0,4,non-restrictive,3,1
0.0,pos1,0.0,5,non-restrictive,1,1
0.0,pos2,0.0,5,non-restrictive,1,1
0.0,pos3,0.0,5,non-restrictive,1,1
0.0,pos4,0.0,5,non-restrictive,1,1
0.0,subject,0.0,5,non-restrictive,1,1
50.0,pos1,0.0,5,non-restrictive,1,1
50.0,pos2,0.0,5,non-restrictive,1,1
50.0,pos3,0.0,5,non-restrictive,1,1
50.0,pos4,0.0,5,non-restrictive,1,1
50.0,subject,0.0,5,non-restrictive,1,1
100.0,pos1,0.0,5,non-restrictive,1,1
100.0,pos2,0.0,5,non-restrictive,1,1
100.0,pos3,0.0,5,non-restrictive,1,1
100.0,pos4,0.0,5,non-restrictive,1,1
100.0,subject,0.0,5,non-restrictive,1,1
150.0,pos1,0.0,5,non-restrictive,1,1
150.0,pos2,0.0,5,non-restrictive,1,1
150.0,pos3,0.0,5,non-restrictive,1,1
150.0,pos4,0.0,5,non-restrictive,1,1
150.0,subject,0.0,5,non-restrictive,1,1
200.0,pos1,0.0,5,non-restrictive,1,1
200.0,pos2,0.0,5,non-restrictive,1,1
200.0,pos3,0.0,5,non-restrictive,1,1
200.0,pos4,0.0,5,non-restrictive,1,1
200.0,subject,0.0,5,non-restrictive,1,1
250.0,pos1,0.0,5,non-restrictive,1,1
250.0,pos2,0.0,5,non-restrictive,1,1
250.0,pos3,0.0,5,non-restrictive,1,1
250.0,pos4,0.0,5,non-restrictive,1,1
250.0,subject,0.0,5,non-restrictive,1,1
0.0,pos1,0.0,6,restrictive,2,1
0.0,pos2,0.0,6,restrictive,2,1
0.0,pos3,0.0,6,restrictive,2,1
0.0,pos4,0.0,6,restrictive,2,1
0.0,subject,0.0,6,restrictive,2,1
50.0,pos1,0.0,6,restrictive,2,1
50.0,pos2,0.0,6,restrictive,2,1
50.0,pos3,0.0,6,restrictive,2,1
50.0,pos4,0.0,6,restrictive,2,1
50.0,subject,0.0,6,restrictive,2,1
100.0,pos1,0.0,6,restrictive,2,1
100.0,pos2,0.0,6,restrictive,2,1
100.0,pos3,0.0,6,restrictive,2,1
100.0,pos4,0.0,6,restrictive,2,1
100.0,subject,0.0,6,restrictive,2,1
150.0,pos1,0.0,6,restrictive,2,1
150.0,pos2,0.0,6,restrictive,2,1
150.0,pos3,0.0,6,restrictive,2,1
150.0,pos4,0.0,6,restrictive,2,1
150.0,subject,0.0,6,restrictive,2,1
200.0,pos1,0.0,6,restrictive,2,1
200.0,pos2,0.0,6,restrictive,2,1
200.0,pos3,0.0,6,restrictive,2,1
200.0,pos4,0.0,6,restrictive,2,1
200.0,subject,0.0,6,restrictive,2,1
250.0,pos1,0.0,6,restrictive,2,1
250.0,pos2,0.0,6,restrictive,2,1
250.0,pos3,0.0,6,restrictive,2,1
250.0,pos4,0.0,6,restrictive,2,1
250.0,subject,0.0,6,restrictive,2,1
0.0,pos1,0.0,7,restrictive,4,1
0.0,pos2,0.0,7,restrictive,4,1
0.0,pos3,0.0,7,restrictive,4,1
0.0,pos4,0.0,7,restrictive,4,1
0.0,subject,0.0,7,restrictive,4,1
50.0,pos1,0.0,7,restrictive,4,1
50.0,pos2,0.0,7,restrictive,4,1
50.0,pos3,0.0,7,restrictive,4,1
50.0,pos4,0.0,7,restrictive,4,1
50.0,subject,0.0,7,restrictive,4,1
100.0,pos1,0.0,7,restrictive,4,1
100.0,pos2,0.0,7,restrictive,4,1
100.0,pos3,0.0,7,restrictive,4,1
100.0,pos4,0.0,7,restrictive,4,1
100.0,subject,0.3964,7,restrictive,4,1
150.0,pos1,0.0,7,restrictive,4,1
150.0,pos2,0.0,7,restrictive,4,1
150.0,pos3,0.0,7,restrictive,4,1
150.0,pos4,0.0,7,restrictive,4,1
150.0,subject,1.0,7,restrictive,4,1
200.0,pos1,0.0,7,restrictive,4,1
200.0,pos2,0.0,7,restrictive,4,1
200.0,pos3,0.0,7,restrictive,4,1
200.0,pos4,0.0,7,restrictive,4,1
200.0,subject,1.0,7,restrictive,4,1
250.0,pos1,0.0,7,restrictive,4,1
250.0,pos2,0.0,7,restrictive,4,1
250.0,pos3,0.0,7,restrictive,4,1
250.0,pos4,0.0,7,restrictive,4,1
250.0,subject,0.844773,7,restrictive,4,1
0.0,pos1,0.0,8,restrictive,4,1
0.0,pos2,0.0,8,restrictive,4,1
0.0,pos3,0.0,8,restrictive,4,1
0.0,pos4,1.0,8,restrictive,4,1
0.0,subject,0.0,8,restrictive,4,1
50.0,pos1,0.0,8,restrictive,4,1
50.0,pos2,0.0,8,restrictive,4,1
50.0,pos3,0.0,8,restrictive,4,1
50.0,pos4,0.8584,8,restrictive,4,1
50.0,subject,0.0,8,restrictive,4,1
100.0,pos1,0.0,8,restrictive,4,1
100.0,pos2,0.0,8,restrictive,4,1
100.0,pos3,0.0,8,restrictive,4,1
100.0,pos4,1.0,8,restrictive,4,1
100.0,subject,0.0,8,restrictive,4,1
150.0,pos1,0.0,8,restrictive,4,1
150.0,pos2,0.0,8,restrictive,4,1
150.0,pos3,0.0,8,restrictive,4,1
150.0,pos4,1.0,8,restrictive,4,1
150.0,subject,0.0,8,restrictive,4,1
200.0,pos1,0.0,8,restrictive,4,1
200.0,pos2,0.0,8,restrictive,4,1
200.0,pos3,0.0,8,restrictive,4,1
200.0,pos4,1.0,8,restrictive,4,1
200.0,subject,0.0,8,restrictive,4,1
250.0,pos1,0.0,8,restrictive,4,1
250.0,pos2,0.0,8,restrictive,4,1
250.0,pos3,0.0,8,restrictive,4,1
250.0,pos4,1.0,8,restrictive,4,1
250.0,subject,0.0,8,restrictive,4,1
0.0,pos1,0.0,9,non-restrictive,3,1
0.0,pos2,0.0,9,non-restrictive,3,1
0.0,pos3,0.0,9,non-restrictive,3,1
0.0,pos4,0.0,9,non-restrictive,3,1
0.0,subject,1.0,9,non-restrictive,3,1
50.0,pos1,0.0,9,non-restrictive,3,1
50.0,pos2,0.0,9,non-restrictive,3,1
50.0,pos3,0.0,9,non-restrictive,3,1
50.0,pos4,0.0,9,non-restrictive,3,1
50.0,subject,1.0,9,non-restrictive,3,1
100.0,pos1,0.0,9,non-restrictive,3,1
100.0,pos2,0.0,9,non-restrictive,3,1
100.0,pos3,0.0,9,non-restrictive,3,1
100.0,pos4,0.0,9,non-restrictive,3,1
100.0,subject,1.0,9,non-restrictive,3,1
150.0,pos1,0.0,9,non-restrictive,3,1
150.0,pos2,0.0,9,non-restrictive,3,1
150.0,pos3,0.0,9,non-restrictive,3,1
150.0,pos4,0.0,9,non-restrictive,3,1
150.0,subject,1.0,9,non-restrictive,3,1
200.0,pos1,0.0,9,non-restrictive,3,1
200.0,pos2,0.0,9,non-restrictive,3,1
200.0,pos3,0.0,9,non-restrictive,3,1
200.0,pos4,0.0,9,non-restrictive,3,1
200.0,subject,1.0,9,non-restrictive,3,1
0.0,pos1,0.0,10,restrictive,4,1
0.0,pos2,0.0,10,restrictive,4,1
0.0,pos3,0.0,10,restrictive,4,1
0.0,pos4,0.0,10,restrictive,4,1
0.0,subject,1.0,10,restrictive,4,1
50.0,pos1,0.0,10,restrictive,4,1
50.0,pos2,0.0,10,restrictive,4,1
50.0,pos3,0.0,10,restrictive,4,1
50.0,pos4,0.0,10,restrictive,4,1
50.0,subject,1.0,10,restrictive,4,1
100.0,pos1,0.0,10,restrictive,4,1
100.0,pos2,0.0,10,restrictive,4,1
100.0,pos3,0.0,10,restrictive,4,1
100.0,pos4,0.0,10,restrictive,4,1
100.0,subject,1.0,10,restrictive,4,1
150.0,pos1,0.0,10,restrictive,4,1
150.0,pos2,0.0,10,restrictive,4,1
150.0,pos3,0.0,10,restrictive,4,1
150.0,pos4,0.0,10,restrictive,4,1
150.0,subject,1.0,10,restrictive,4,1
200.0,pos1,0.0,10,restrictive,4,1
200.0,pos2,0.0,10,restrictive,4,1
200.0,pos3,0.0,10,restrictive,4,1
200.0,pos4,0.0,10,restrictive,4,1
200.0,subject,1.0,10,restrictive,4,1
250.0,pos1,0.0,10,restrictive,4,1
250.0,pos2,0.0,10,restrictive,4,1
250.0,pos3,0.0,10,restrictive,4,1
250.0,pos4,0.0,10,restrictive,4,1
250.0,subject,1.0,10,restrictive,4,1
0.0,pos1,0.0,11,restrictive,4,1
0.0,pos2,0.0,11,restrictive,4,1
0.0,pos3,0.0,11,restrictive,4,1
0.0,pos4,0.0,11,restrictive,4,1
0.0,subject,0.0,11,restrictive,4,1
50.0,pos1,0.0,11,restrictive,4,1
50.0,pos2,0.0,11,restrictive,4,1
50.0,pos3,0.0,11,restrictive,4,1
50.0,pos4,0.0,11,restrictive,4,1
50.0,subject,0.0,11,restrictive,4,1
100.0,pos1,0.0,11,restrictive,4,1
100.0,pos2,0.0,11,restrictive,4,1
100.0,pos3,0.0,11,restrictive,4,1
100.0,pos4,0.0,11,restrictive,4,1
100.0,subject,0.0,11,restrictive,4,1
150.0,pos1,0.0,11,restrictive,4,1
150.0,pos2,0.0,11,restrictive,4,1
150.0,pos3,0.0,11,restrictive,4,1
150.0,pos4,0.0,11,restrictive,4,1
150.0,subject,0.0,11,restrictive,4,1
200.0,pos1,0.0,11,restrictive,4,1
200.0,pos2,0.0,11,restrictive,4,1
200.0,pos3,0.0,11,restrictive,4,1
200.0,pos4,0.0,11,restrictive,4,1
200.0,subject,0.0,11,restrictive,4,1
250.0,pos1,0.0,11,restrictive,4,1
250.0,pos2,0.0,11,restrictive,4,1
250.0,pos3,0.0,11,restrictive,4,1
250.0,pos4,0.0,11,restrictive,4,1
250.0,subject,0.1056,11,restrictive,4,1
300.0,pos1,0.0,11,restrictive,4,1
300.0,pos2,0.0,11,restrictive,4,1
300.0,pos3,0.0,11,restrictive,4,1
300.0,pos4,0.0,11,restrictive,4,1
300.0,subject,1.0,11,restrictive,4,1
0.0,pos1,0.0,12,non-restrictive,1,1
0.0,pos2,0.0,12,non-restrictive,1,1
0.0,pos3,0.0,12,non-restrictive,1,1
0.0,pos4,0.0,12,non-restrictive,1,1
0.0,subject,0.0,12,non-restrictive,1,1
50.0,pos1,0.0,12,non-restrictive,1,1
50.0,pos2,0.0,12,non-restrictive,1,1
50.0,pos3,0.0,12,non-restrictive,1,1
50.0,pos4,0.0,12,non-restrictive,1,1
50.0,subject,0.0,12,non-restrictive,1,1
100.0,pos1,0.0,12,non-restrictive,1,1
100.0,pos2,0.0,12,non-restrictive,1,1
100.0,pos3,0.0,12,non-restrictive,1,1
100.0,pos4,0.0,12,non-restrictive,1,1
100.0,subject,0.0,12,non-restrictive,1,1
150.0,pos1,0.0,12,non-restrictive,1,1
150.0,pos2,0.0,12,non-restrictive,1,1
150.0,pos3,0.0,12,non-restrictive,1,1
150.0,pos4,0.0,12,non-restrictive,1,1
150.0,subject,0.0,12,non-restrictive,1,1
200.0,pos1,0.0,12,non-restrictive,1,1
200.0,pos2,0.0,12,non-restrictive,1,1
200.0,pos3,0.0,12,non-restrictive,1,1
200.0,pos4,0.0,12,non-restrictive,1,1
200.0,subject,0.0,12,non-restrictive,1,1
250.0,pos1,0.0,12,non-restrictive,1,1
250.0,pos2,0.0,12,non-restrictive,1,1
250.0,pos3,0.0,12,non-restrictive,1,1
250.0,pos4,0.0,12,non-restrictive,1,1
250.0,subject,0.0,12,non-restrictive,1,1
0.0,pos1,0.0,13,non-restrictive,3,1
0.0,pos2,0.0,13,non-restrictive,3,1
0.0,pos3,0.0,13,non-restrictive,3,1
0.0,pos4,0.0,13,non-restrictive,3,1
0.0,subject,1.0,13,non-restrictive,3,1
50.0,pos1,0.0,13,non-restrictive,3,1
50.0,pos2,0.0,13,non-restrictive,3,1
50.0,pos3,0.0,13,non-restrictive,3,1
50.0,pos4,0.0,13,non-restrictive,3,1
50.0,subject,1.0,13,non-restrictive,3,1
100.0,pos1,0.0,13,non-restrictive,3,1
100.0,pos2,0.0,13,non-restrictive,3,1
100.0,pos3,0.0,13,non-restrictive,3,1
100.0,pos4,0.0,13,non-restrictive,3,1
100.0,subject,1.0,13,non-restrictive,3,1
150.0,pos1,0.0,13,non-restrictive,3,1
150.0,pos2,0.0,13,non-restrictive,3,1
150.0,pos3,0.0,13,non-restrictive,3,1
150.0,pos4,0.0,13,non-restrictive,3,1
150.0,subject,0.35,13,non-restrictive,3,1
200.0,pos1,0.0,13,non-restrictive,3,1
200.0,pos2,0.0,13,non-restrictive,3,1
200.0,pos3,0.0,13,non-restrictive,3,1
200.0,pos4,0.0,13,non-restrictive,3,1
200.0,subject,0.0,13,non-restrictive,3,1
250.0,pos1,0.0,13,non-restrictive,3,1
250.0,pos2,0.0,13,non-restrictive,3,1
250.0,pos3,0.0,13,non-restrictive,3,1
250.0,pos4,0.0,13,non-restrictive,3,1
250.0,subject,0.0,13,non-restrictive,3,1
0.0,pos1,0.0,14,non-restrictive,1,1
0.0,pos2,0.0,14,non-restrictive,1,1
0.0,pos3,0.0,14,non-restrictive,1,1
0.0,pos4,0.0,14,non-restrictive,1,1
0.0,subject,1.0,14,non-restrictive,1,1
50.0,pos1,0.0,14,non-restrictive,1,1
50.0,pos2,0.0,14,non-restrictive,1,1
50.0,pos3,0.0,14,non-restrictive,1,1
50.0,pos4,0.0,14,non-restrictive,1,1
50.0,subject,1.0,14,non-restrictive,1,1
100.0,pos1,0.0,14,non-restrictive,1,1
100.0,pos2,0.0,14,non-restrictive,1,1
100.0,pos3,0.0,14,non-restrictive,1,1
100.0,pos4,0.0,14,non-restrictive,1,1
100.0,subject,0.8632,14,non-restrictive,1,1
150.0,pos1,0.0,14,non-restrictive,1,1
150.0,pos2,0.0,14,non-restrictive,1,1
150.0,pos3,0.0,14,non-restrictive,1,1
150.0,pos4,0.0,14,non-restrictive,1,1
150.0,subject,1.0,14,non-restrictive,1,1
200.0,pos1,0.0,14,non-restrictive,1,1
200.0,pos2,0.0,14,non-restrictive,1,1
200.0,pos3,0.0,14,non-restrictive,1,1
200.0,pos4,0.0,14,non-restrictive,1,1
200.0,subject,1.0,14,non-restrictive,1,1
250.0,pos1,0.0,14,non-restrictive,1,1
250.0,pos2,0.0,14,non-restrictive,1,1
250.0,pos3,0.0,14,non-restrictive,1,1
250.0,pos4,0.0,14,non-restrictive,1,1
250.0,subject,1.0,14,non-restrictive,1,1
300.0,pos1,0.0,14,non-restrictive,1,1
300.0,pos2,0.0,14,non-restrictive,1,1
300.0,pos3,0.0,14,non-restrictive,1,1
300.0,pos4,0.0,14,non-restrictive,1,1
300.0,subject,1.0,14,non-restrictive,1,1
0.0,pos1,0.0,15,non-restrictive,1,1
0.0,pos2,0.0,15,non-restrictive,1,1
0.0,pos3,0.0,15,non-restrictive,1,1
0.0,pos4,0.0,15,non-restrictive,1,1
0.0,subject,0.0,15,non-restrictive,1,1
50.0,pos1,0.0,15,non-restrictive,1,1
50.0,pos2,0.0,15,non-restrictive,1,1
50.0,pos3,0.0,15,non-restrictive,1,1
50.0,pos4,0.0,15,non-restrictive,1,1
50.0,subject,0.0,15,non-restrictive,1,1
100.0,pos1,0.0,15,non-restrictive,1,1
100.0,pos2,0.0,15,non-restrictive,1,1
100.0,pos3,0.0,15,non-restrictive,1,1
100.0,pos4,0.0,15,non-restrictive,1,1
100.0,subject,0.0,15,non-restrictive,1,1
150.0,pos1,0.0,15,non-restrictive,1,1
150.0,pos2,0.0,15,non-restrictive,1,1
150.0,pos3,0.0,15,non-restrictive,1,1
150.0,pos4,0.0,15,non-restrictive,1,1
150.0,subject,0.0,15,non-restrictive,1,1
200.0,pos1,0.0,15,non-restrictive,1,1
200.0,pos2,0.0,15,non-restrictive,1,1
200.0,pos3,0.0,15,non-restrictive,1,1
200.0,pos4,0.0,15,non-restrictive,1,1
200.0,subject,0.0,15,non-restrictive,1,1
250.0,pos1,0.0,15,non-restrictive,1,1
250.0,pos2,0.0,15,non-restrictive,1,1
250.0,pos3,0.0,15,non-restrictive,1,1
250.0,pos4,0.0,15,non-restrictive,1,1
250.0,subject,0.0,15,non-restrictive,1,1
0.0,pos1,0.0,16,restrictive,2,1
0.0,pos2,0.0,16,restrictive,2,1
0.0,pos3,0.0,16,restrictive,2,1
0.0,pos4,0.0,16,restrictive,2,1
0.0,subject,0.0,16,restrictive,2,1
50.0,pos1,0.0,16,restrictive,2,1
50.0,pos2,0.0,16,restrictive,2,1
50.0,pos3,0.0,16,restrictive,2,1
50.0,pos4,0.0,16,restrictive,2,1
50.0,subject,0.0,16,restrictive,2,1
100.0,pos1,0.0,16,restrictive,2,1
100.0,pos2,0.0,16,restrictive,2,1
100.0,pos3,0.0,16,restrictive,2,1
100.0,pos4,0.0,16,restrictive,2,1
100.0,subject,0.0,16,restrictive,2,1
150.0,pos1,0.0,16,restrictive,2,1
150.0,pos2,0.0,16,restrictive,2,1
150.0,pos3,0.0,16,restrictive,2,1
150.0,pos4,0.0,16,restrictive,2,1
150.0,subject,0.0,16,restrictive,2,1
200.0,pos1,0.0,16,restrictive,2,1
200.0,pos2,0.0,16,restrictive,2,1
200.0,pos3,0.0,16,restrictive,2,1
200.0,pos4,0.0,16,restrictive,2,1
200.0,subject,0.0,16,restrictive,2,1
250.0,pos1,0.0,16,restrictive,2,1
250.0,pos2,0.0,16,restrictive,2,1
250.0,pos3,0.0,16,restrictive,2,1
250.0,pos4,0.0,16,restrictive,2,1
250.0,subject,0.0,16,restrictive,2,1
0.0,pos1,0.0,17,restrictive,2,1
0.0,pos2,0.0,17,restrictive,2,1
0.0,pos3,0.0,17,restrictive,2,1
0.0,pos4,0.0,17,restrictive,2,1
0.0,subject,0.0,17,restrictive,2,1
50.0,pos1,0.0,17,restrictive,2,1
50.0,pos2,0.0,17,restrictive,2,1
50.0,pos3,0.0,17,restrictive,2,1
50.0,pos4,0.0,17,restrictive,2,1
50.0,subject,0.0,17,restrictive,2,1
100.0,pos1,0.0,17,restrictive,2,1
100.0,pos2,0.0,17,restrictive,2,1
100.0,pos3,0.0,17,restrictive,2,1
100.0,pos4,0.0,17,restrictive,2,1
100.0,subject,0.0,17,restrictive,2,1
150.0,pos1,0.0,17,restrictive,2,1
150.0,pos2,0.0,17,restrictive,2,1
150.0,pos3,0.0,17,restrictive,2,1
150.0,pos4,0.0,17,restrictive,2,1
150.0,subject,0.0,17,restrictive,2,1
200.0,pos1,0.0,17,restrictive,2,1
200.0,pos2,0.0,17,restrictive,2,1
200.0,pos3,0.0,17,restrictive,2,1
200.0,pos4,0.0,17,restrictive,2,1
200.0,subject,0.0,17,restrictive,2,1
250.0,pos1,0.0,17,restrictive,2,1
250.0,pos2,0.0,17,restrictive,2,1
250.0,pos3,0.0,17,restrictive,2,1
250.0,pos4,0.0,17,restrictive,2,1
250.0,subject,0.0,17,restrictive,2,1
300.0,pos1,0.0,17,restrictive,2,1
300.0,pos2,0.0,17,restrictive,2,1
300.0,pos3,0.0,17,restrictive,2,1
300.0,pos4,0.0,17,restrictive,2,1
300.0,subject,0.0,17,restrictive,2,1
0.0,pos1,1.0,18,non-restrictive,1,1
0.0,pos2,0.0,18,non-restrictive,1,1
0.0,pos3,0.0,18,non-restrictive,1,1
0.0,pos4,0.0,18,non-restrictive,1,1
0.0,subject,0.0,18,non-restrictive,1,1
50.0,pos1,1.0,18,non-restrictive,1,1
50.0,pos2,0.0,18,non-restrictive,1,1
50.0,pos3,0.0,18,non-restrictive,1,1
50.0,pos4,0.0,18,non-restrictive,1,1
50.0,subject,0.0,18,non-restrictive,1,1
100.0,pos1,1.0,18,non-restrictive,1,1
100.0,pos2,0.0,18,non-restrictive,1,1
100.0,pos3,0.0,18,non-restrictive,1,1
100.0,pos4,0.0,18,non-restrictive,1,1
100.0,subject,0.0,18,non-restrictive,1,1
150.0,pos1,0.8634,18,non-restrictive,1,1
150.0,pos2,0.0,18,non-restrictive,1,1
150.0,pos3,0.0,18,non-restrictive,1,1
150.0,pos4,0.0,18,non-restrictive,1,1
150.0,subject,0.0,18,non-restrictive,1,1
200.0,pos1,1.0,18,non-restrictive,1,1
200.0,pos2,0.0,18,non-restrictive,1,1
200.0,pos3,0.0,18,non-restrictive,1,1
200.0,pos4,0.0,18,non-restrictive,1,1
200.0,subject,0.0,18,non-restrictive,1,1
250.0,pos1,1.0,18,non-restrictive,1,1
250.0,pos2,0.0,18,non-restrictive,1,1
250.0,pos3,0.0,18,non-restrictive,1,1
250.0,pos4,0.0,18,non-restrictive,1,1
250.0,subject,0.0,18,non-restrictive,1,1
300.0,pos1,1.0,18,non-restrictive,1,1
300.0,pos2,0.0,18,non-restrictive,1,1
300.0,pos3,0.0,18,non-restrictive,1,1
300.0,pos4,0.0,18,non-restrictive,1,1
300.0,subject,0.0,18,non-restrictive,1,1
0.0,pos1,0.0,19,restrictive,4,1
0.0,pos2,0.0,19,restrictive,4,1
0.0,pos3,0.0,19,restrictive,4,1
0.0,pos4,0.0,19,restrictive,4,1
0.0,subject,0.308,19,restrictive,4,1
50.0,pos1,0.0,19,restrictive,4,1
50.0,pos2,0.0,19,restrictive,4,1
50.0,pos3,0.0,19,restrictive,4,1
50.0,pos4,0.0,19,restrictive,4,1
50.0,subject,0.7544,19,restrictive,4,1
100.0,pos1,0.0,19,restrictive,4,1
100.0,pos2,0.0,19,restrictive,4,1
100.0,pos3,0.0,19,restrictive,4,1
100.0,pos4,0.0,19,restrictive,4,1
100.0,subject,1.0,19,restrictive,4,1
150.0,pos1,0.0,19,restrictive,4,1
150.0,pos2,0.0,19,restrictive,4,1
150.0,pos3,0.0,19,restrictive,4,1
150.0,pos4,0.0,19,restrictive,4,1
150.0,subject,1.0,19,restrictive,4,1
200.0,pos1,0.0,19,restrictive,4,1
200.0,pos2,0.0,19,restrictive,4,1
200.0,pos3,0.0,19,restrictive,4,1
200.0,pos4,0.0,19,restrictive,4,1
200.0,subject,1.0,19,restrictive,4,1
250.0,pos1,0.0,19,restrictive,4,1
250.0,pos2,0.0,19,restrictive,4,1
250.0,pos3,0.0,19,restrictive,4,1
250.0,pos4,0.0,19,restrictive,4,1
250.0,subject,1.0,19,restrictive,4,1
300.0,pos1,0.0,19,restrictive,4,1
300.0,pos2,0.0,19,restrictive,4,1
300.0,pos3,0.0,19,restrictive,4,1
300.0,pos4,0.398,19,restrictive,4,1
300.0,subject,0.06,19,restrictive,4,1
350.0,pos1,0.0,19,restrictive,4,1
350.0,pos2,0.0,19,restrictive,4,1
350.0,pos3,0.0,19,restrictive,4,1
350.0,pos4,1.0,19,restrictive,4,1
350.0,subject,0.0,19,restrictive,4,1
0.0,pos1,0.0,20,non-restrictive,3,1
0.0,pos2,0.0,20,non-restrictive,3,1
0.0,pos3,0.0,20,non-restrictive,3,1
0.0,pos4,0.0,20,non-restrictive,3,1
0.0,subject,0.0,20,non-restrictive,3,1
50.0,pos1,0.0,20,non-restrictive,3,1
50.0,pos2,0.0,20,non-restrictive,3,1
50.0,pos3,0.0,20,non-restrictive,3,1
50.0,pos4,0.0,20,non-restrictive,3,1
50.0,subject,0.0,20,non-restrictive,3,1
100.0,pos1,0.0,20,non-restrictive,3,1
100.0,pos2,0.0,20,non-restrictive,3,1
100.0,pos3,0.0,20,non-restrictive,3,1
100.0,pos4,0.0,20,non-restrictive,3,1
100.0,subject,0.0,20,non-restrictive,3,1
150.0,pos1,0.0,20,non-restrictive,3,1
150.0,pos2,0.0,20,non-restrictive,3,1
150.0,pos3,0.0,20,non-restrictive,3,1
150.0,pos4,0.0,20,non-restrictive,3,1
150.0,subject,0.0,20,non-restrictive,3,1
200.0,pos1,0.0,20,non-restrictive,3,1
200.0,pos2,0.0,20,non-restrictive,3,1
200.0,pos3,0.0,20,non-restrictive,3,1
200.0,pos4,0.0,20,non-restrictive,3,1
200.0,subject,0.0,20,non-restrictive,3,1
250.0,pos1,0.0,20,non-restrictive,3,1
250.0,pos2,0.0,20,non-restrictive,3,1
250.0,pos3,0.0,20,non-restrictive,3,1
250.0,pos4,0.0,20,non-restrictive,3,1
250.0,subject,0.0,20,non-restrictive,3,1
0.0,pos1,0.0,21,non-restrictive,3,1
0.0,pos2,0.0,21,non-restrictive,3,1
0.0,pos3,0.0,21,non-restrictive,3,1
0.0,pos4,0.0,21,non-restrictive,3,1
0.0,subject,0.8632,21,non-restrictive,3,1
50.0,pos1,0.0,21,non-restrictive,3,1
50.0,pos2,0.0,21,non-restrictive,3,1
50.0,pos3,0.0,21,non-restrictive,3,1
50.0,pos4,0.0,21,non-restrictive,3,1
50.0,subject,1.0,21,non-restrictive,3,1
100.0,pos1,0.0,21,non-restrictive,3,1
100.0,pos2,0.0,21,non-restrictive,3,1
100.0,pos3,0.0,21,non-restrictive,3,1
100.0,pos4,0.0,21,non-restrictive,3,1
100.0,subject,1.0,21,non-restrictive,3,1
150.0,pos1,0.0,21,non-restrictive,3,1
150.0,pos2,0.0,21,non-restrictive,3,1
150.0,pos3,0.0,21,non-restrictive,3,1
150.0,pos4,0.0,21,non-restrictive,3,1
150.0,subject,1.0,21,non-restrictive,3,1
200.0,pos1,0.0,21,non-restrictive,3,1
200.0,pos2,0.0,21,non-restrictive,3,1
200.0,pos3,0.0,21,non-restrictive,3,1
200.0,pos4,0.0,21,non-restrictive,3,1
200.0,subject,1.0,21,non-restrictive,3,1
250.0,pos1,0.0,21,non-restrictive,3,1
250.0,pos2,0.0,21,non-restrictive,3,1
250.0,pos3,0.0,21,non-restrictive,3,1
250.0,pos4,0.0,21,non-restrictive,3,1
250.0,subject,1.0,21,non-restrictive,3,1
0.0,pos1,0.0,22,non-restrictive,1,1
0.0,pos2,0.0,22,non-restrictive,1,1
0.0,pos3,0.0,22,non-restrictive,1,1
0.0,pos4,0.0,22,non-restrictive,1,1
0.0,subject,0.0,22,non-restrictive,1,1
50.0,pos1,0.0,22,non-restrictive,1,1
50.0,pos2,0.0,22,non-restrictive,1,1
50.0,pos3,0.0,22,non-restrictive,1,1
50.0,pos4,0.0,22,non-restrictive,1,1
50.0,subject,0.0,22,non-restrictive,1,1
100.0,pos1,0.0,22,non-restrictive,1,1
100.0,pos2,0.0,22,non-restrictive,1,1
100.0,pos3,0.0,22,non-restrictive,1,1
100.0,pos4,0.0,22,non-restrictive,1,1
100.0,subject,0.0,22,non-restrictive,1,1
150.0,pos1,0.0,22,non-restrictive,1,1
150.0,pos2,0.0,22,non-restrictive,1,1
150.0,pos3,0.0,22,non-restrictive,1,1
150.0,pos4,0.0,22,non-restrictive,1,1
150.0,subject,0.0,22,non-restrictive,1,1
200.0,pos1,0.0,22,non-restrictive,1,1
200.0,pos2,0.0,22,non-restrictive,1,1
200.0,pos3,0.0,22,non-restrictive,1,1
200.0,pos4,0.0,22,non-restrictive,1,1
200.0,subject,0.0,22,non-restrictive,1,1
250.0,pos1,0.0,22,non-restrictive,1,1
250.0,pos2,0.0,22,non-restrictive,1,1
250.0,pos3,0.0,22,non-restrictive,1,1
250.0,pos4,0.0,22,non-restrictive,1,1
250.0,subject,0.0,22,non-restrictive,1,1
0.0,pos1,0.0,23,non-restrictive,3,1
0.0,pos2,0.0,23,non-restrictive,3,1
0.0,pos3,0.0,23,non-restrictive,3,1
0.0,pos4,0.0,23,non-restrictive,3,1
0.0,subject,0.0,23,non-restrictive,3,1
50.0,pos1,0.0,23,non-restrictive,3,1
50.0,pos2,0.0,23,non-restrictive,3,1
50.0,pos3,0.0,23,non-restrictive,3,1
50.0,pos4,0.0,23,non-restrictive,3,1
50.0,subject,0.0,23,non-restrictive,3,1
100.0,pos1,0.0,23,non-restrictive,3,1
100.0,pos2,0.0,23,non-restrictive,3,1
100.0,pos3,0.0,23,non-restrictive,3,1
100.0,pos4,0.0,23,non-restrictive,3,1
100.0,subject,0.0,23,non-restrictive,3,1
150.0,pos1,0.0,23,non-restrictive,3,1
150.0,pos2,0.0,23,non-restrictive,3,1
150.0,pos3,0.0,23,non-restrictive,3,1
150.0,pos4,0.0,23,non-restrictive,3,1
150.0,subject,0.0,23,non-restrictive,3,1
200.0,pos1,0.0,23,non-restrictive,3,1
200.0,pos2,0.0,23,non-restrictive,3,1
200.0,pos3,0.0,23,non-restrictive,3,1
200.0,pos4,0.0,23,non-restrictive,3,1
200.0,subject,0.0,23,non-restrictive,3,1
250.0,pos1,0.0,23,non-restrictive,3,1
250.0,pos2,0.0,23,non-restrictive,3,1
250.0,pos3,0.0,23,non-restrictive,3,1
250.0,pos4,0.0,23,non-restrictive,3,1
250.0,subject,0.0,23,non-restrictive,3,1
0.0,pos1,0.0,24,restrictive,4,1
0.0,pos2,0.0,24,restrictive,4,1
0.0,pos3,0.0,24,restrictive,4,1
0.0,pos4,1.0,24,restrictive,4,1
0.0,subject,0.0,24,restrictive,4,1
50.0,pos1,0.0,24,restrictive,4,1
50.0,pos2,0.0,24,restrictive,4,1
50.0,pos3,0.0,24,restrictive,4,1
50.0,pos4,1.0,24,restrictive,4,1
50.0,subject,0.0,24,restrictive,4,1
100.0,pos1,0.0,24,restrictive,4,1
100.0,pos2,0.0,24,restrictive,4,1
100.0,pos3,0.0,24,restrictive,4,1
100.0,pos4,1.0,24,restrictive,4,1
100.0,subject,0.0,24,restrictive,4,1
150.0,pos1,0.0,24,restrictive,4,1
150.0,pos2,0.0,24,restrictive,4,1
150.0,pos3,0.0,24,restrictive,4,1
150.0,pos4,1.0,24,restrictive,4,1
150.0,subject,0.0,24,restrictive,4,1
200.0,pos1,0.0,24,restrictive,4,1
200.0,pos2,0.0,24,restrictive,4,1
200.0,pos3,0.0,24,restrictive,4,1
200.0,pos4,0.3812,24,restrictive,4,1
200.0,subject,0.0,24,restrictive,4,1
250.0,pos1,0.0,24,restrictive,4,1
250.0,pos2,0.0,24,restrictive,4,1
250.0,pos3,0.0,24,restrictive,4,1
250.0,pos4,0.0,24,restrictive,4,1
250.0,subject,0.0,24,restrictive,4,1
300.0,pos1,0.0,24,restrictive,4,1
300.0,pos2,0.0,24,restrictive,4,1
300.0,pos3,0.0,24,restrictive,4,1
300.0,pos4,0.0,24,restrictive,4,1
300.0,subject,0.0,24,restrictive,4,1
0.0,pos1,0.0,25,restrictive,2,1
0.0,pos2,0.0,25,restrictive,2,1
0.0,pos3,0.0,25,restrictive,2,1
0.0,pos4,0.0,25,restrictive,2,1
0.0,subject,0.0,25,restrictive,2,1
50.0,pos1,0.0,25,restrictive,2,1
50.0,pos2,0.0,25,restrictive,2,1
50.0,pos3,0.0,25,restrictive,2,1
50.0,pos4,0.0,25,restrictive,2,1
50.0,subject,0.0,25,restrictive,2,1
100.0,pos1,0.0,25,restrictive,2,1
100.0,pos2,0.0,25,restrictive,2,1
100.0,pos3,0.0,25,restrictive,2,1
100.0,pos4,0.0,25,restrictive,2,1
100.0,subject,0.0,25,restrictive,2,1
150.0,pos1,0.0,25,restrictive,2,1
150.0,pos2,0.0,25,restrictive,2,1
150.0,pos3,0.0,25,restrictive,2,1
150.0,pos4,0.0,25,restrictive,2,1
150.0,subject,0.0,25,restrictive,2,1
200.0,pos1,0.0,25,restrictive,2,1
200.0,pos2,0.0,25,restrictive,2,1
200.0,pos3,0.0,25,restrictive,2,1
200.0,pos4,0.0,25,restrictive,2,1
200.0,subject,0.0,25,restrictive,2,1
250.0,pos1,0.0,25,restrictive,2,1
250.0,pos2,0.0,25,restrictive,2,1
250.0,pos3,0.0,25,restrictive,2,1
250.0,pos4,0.0,25,restrictive,2,1
250.0,subject,0.0,25,restrictive,2,1
0.0,pos1,0.0,26,non-restrictive,1,1
0.0,pos2,0.0,26,non-restrictive,1,1
0.0,pos3,0.0,26,non-restrictive,1,1
0.0,pos4,0.0,26,non-restrictive,1,1
0.0,subject,0.0,26,non-restrictive,1,1
50.0,pos1,0.0,26,non-restrictive,1,1
50.0,pos2,0.0,26,non-restrictive,1,1
50.0,pos3,0.0,26,non-restrictive,1,1
50.0,pos4,0.0,26,non-restrictive,1,1
50.0,subject,0.0,26,non-restrictive,1,1
100.0,pos1,0.0,26,non-restrictive,1,1
100.0,pos2,0.0,26,non-restrictive,1,1
100.0,pos3,0.0,26,non-restrictive,1,1
100.0,pos4,0.0,26,non-restrictive,1,1
100.0,subject,0.0,26,non-restrictive,1,1
150.0,pos1,0.0,26,non-restrictive,1,1
150.0,pos2,0.0,26,non-restrictive,1,1
150.0,pos3,0.0,26,non-restrictive,1,1
150.0,pos4,0.0,26,non-restrictive,1,1
150.0,subject,0.0,26,non-restrictive,1,1
200.0,pos1,0.0,26,non-restrictive,1,1
200.0,pos2,0.0,26,non-restrictive,1,1
200.0,pos3,0.0,26,non-restrictive,1,1
200.0,pos4,0.0,26,non-restrictive,1,1
200.0,subject,0.0,26,non-restrictive,1,1
250.0,pos1,0.0,26,non-restrictive,1,1
250.0,pos2,0.0,26,non-restrictive,1,1
250.0,pos3,0.0,26,non-restrictive,1,1
250.0,pos4,0.0,26,non-restrictive,1,1
250.0,subject,0.0,26,non-restrictive,1,1
0.0,pos1,0.0,27,non-restrictive,3,1
0.0,pos2,0.0,27,non-restrictive,3,1
0.0,pos3,1.0,27,non-restrictive,3,1
0.0,pos4,0.0,27,non-restrictive,3,1
0.0,subject,0.0,27,non-restrictive,3,1
50.0,pos1,0.0,27,non-restrictive,3,1
50.0,pos2,0.0,27,non-restrictive,3,1
50.0,pos3,0.0548,27,non-restrictive,3,1
50.0,pos4,0.0,27,non-restrictive,3,1
50.0,subject,0.0,27,non-restrictive,3,1
100.0,pos1,0.0,27,non-restrictive,3,1
100.0,pos2,0.0,27,non-restrictive,3,1
100.0,pos3,0.0,27,non-restrictive,3,1
100.0,pos4,0.0,27,non-restrictive,3,1
100.0,subject,0.0,27,non-restrictive,3,1
150.0,pos1,0.0,27,non-restrictive,3,1
150.0,pos2,0.0,27,non-restrictive,3,1
150.0,pos3,0.0,27,non-restrictive,3,1
150.0,pos4,0.0,27,non-restrictive,3,1
150.0,subject,0.0,27,non-restrictive,3,1
200.0,pos1,0.0,27,non-restrictive,3,1
200.0,pos2,0.0,27,non-restrictive,3,1
200.0,pos3,0.0,27,non-restrictive,3,1
200.0,pos4,0.0,27,non-restrictive,3,1
200.0,subject,0.0,27,non-restrictive,3,1
250.0,pos1,0.0,27,non-restrictive,3,1
250.0,pos2,0.0,27,non-restrictive,3,1
250.0,pos3,0.0,27,non-restrictive,3,1
250.0,pos4,0.0,27,non-restrictive,3,1
250.0,subject,0.0,27,non-restrictive,3,1
300.0,pos1,0.0,27,non-restrictive,3,1
300.0,pos2,0.0,27,non-restrictive,3,1
300.0,pos3,0.0,27,non-restrictive,3,1
300.0,pos4,0.0,27,non-restrictive,3,1
300.0,subject,0.0,27,non-restrictive,3,1
350.0,pos1,0.0,27,non-restrictive,3,1
350.0,pos2,0.0,27,non-restrictive,3,1
350.0,pos3,0.0,27,non-restrictive,3,1
350.0,pos4,0.0,27,non-restrictive,3,1
350.0,subject,0.0,27,non-restrictive,3,1
0.0,pos1,0.0,28,non-restrictive,1,1
0.0,pos2,0.0,28,non-restrictive,1,1
0.0,pos3,0.0,28,non-restrictive,1,1
0.0,pos4,0.0,28,non-restrictive,1,1
0.0,subject,1.0,28,non-restrictive,1,1
50.0,pos1,0.0,28,non-restrictive,1,1
50.0,pos2,0.0,28,non-restrictive,1,1
50.0,pos3,0.0,28,non-restrictive,1,1
50.0,pos4,0.0,28,non-restrictive,1,1
50.0,subject,1.0,28,non-restrictive,1,1
100.0,pos1,0.0,28,non-restrictive,1,1
100.0,pos2,0.0,28,non-restrictive,1,1
100.0,pos3,0.0,28,non-restrictive,1,1
100.0,pos4,0.0,28,non-restrictive,1,1
100.0,subject,1.0,28,non-restrictive,1,1
150.0,pos1,0.0,28,non-restrictive,1,1
150.0,pos2,0.0,28,non-restrictive,1,1
150.0,pos3,0.0,28,non-restrictive,1,1
150.0,pos4,0.0,28,non-restrictive,1,1
150.0,subject,1.0,28,non-restrictive,1,1
200.0,pos1,0.0,28,non-restrictive,1,1
200.0,pos2,0.0,28,non-restrictive,1,1
200.0,pos3,0.0,28,non-restrictive,1,1
200.0,pos4,0.0,28,non-restrictive,1,1
200.0,subject,0.903,28,non-restrictive,1,1
250.0,pos1,0.0,28,non-restrictive,1,1
250.0,pos2,0.0,28,non-restrictive,1,1
250.0,pos3,0.0,28,non-restrictive,1,1
250.0,pos4,0.0,28,non-restrictive,1,1
250.0,subject,0.0,28,non-restrictive,1,1
0.0,pos1,0.0,29,non-restrictive,1,1
0.0,pos2,0.0,29,non-restrictive,1,1
0.0,pos3,0.0,29,non-restrictive,1,1
0.0,pos4,0.0,29,non-restrictive,1,1
0.0,subject,0.0,29,non-restrictive,1,1
50.0,pos1,0.0,29,non-restrictive,1,1
50.0,pos2,0.0,29,non-restrictive,1,1
50.0,pos3,0.0,29,non-restrictive,1,1
50.0,pos4,0.0,29,non-restrictive,1,1
50.0,subject,0.0,29,non-restrictive,1,1
100.0,pos1,0.0,29,non-restrictive,1,1
100.0,pos2,0.0,29,non-restrictive,1,1
100.0,pos3,0.0,29,non-restrictive,1,1
100.0,pos4,0.0,29,non-restrictive,1,1
100.0,subject,0.0,29,non-restrictive,1,1
150.0,pos1,0.0,29,non-restrictive,1,1
150.0,pos2,0.0,29,non-restrictive,1,1
150.0,pos3,0.0,29,non-restrictive,1,1
150.0,pos4,0.0,29,non-restrictive,1,1
150.0,subject,0.0,29,non-restrictive,1,1
200.0,pos1,0.0,29,non-restrictive,1,1
200.0,pos2,0.0,29,non-restrictive,1,1
200.0,pos3,0.0,29,non-restrictive,1,1
200.0,pos4,0.0,29,non-restrictive,1,1
200.0,subject,0.0,29,non-restrictive,1,1
250.0,pos1,0.0,29,non-restrictive,1,1
250.0,pos2,0.0,29,non-restrictive,1,1
250.0,pos3,0.0,29,non-restrictive,1,1
250.0,pos4,0.0,29,non-restrictive,1,1
250.0,subject,0.0,29,non-restrictive,1,1
300.0,pos1,0.0,29,non-restrictive,1,1
300.0,pos2,0.0,29,non-restrictive,1,1
300.0,pos3,0.0,29,non-restrictive,1,1
300.0,pos4,0.0,29,non-restrictive,1,1
300.0,subject,0.0,29,non-restrictive,1,1
0.0,pos1,0.0,30,restrictive,2,1
0.0,pos2,0.0,30,restrictive,2,1
0.0,pos3,0.0,30,restrictive,2,1
0.0,pos4,0.0,30,restrictive,2,1
0.0,subject,0.8634,30,restrictive,2,1
50.0,pos1,0.0,30,restrictive,2,1
50.0,pos2,0.0,30,restrictive,2,1
50.0,pos3,0.0,30,restrictive,2,1
50.0,pos4,0.0,30,restrictive,2,1
50.0,subject,1.0,30,restrictive,2,1
100.0,pos1,0.0,30,restrictive,2,1
100.0,pos2,0.0,30,restrictive,2,1
100.0,pos3,0.0,30,restrictive,2,1
100.0,pos4,0.0,30,restrictive,2,1
100.0,subject,1.0,30,restrictive,2,1
150.0,pos1,0.0,30,restrictive,2,1
150.0,pos2,0.0,30,restrictive,2,1
150.0,pos3,0.0,30,restrictive,2,1
150.0,pos4,0.0,30,restrictive,2,1
150.0,subject,1.0,30,restrictive,2,1
200.0,pos1,0.0,30,restrictive,2,1
200.0,pos2,0.0,30,restrictive,2,1
200.0,pos3,0.0,30,restrictive,2,1
200.0,pos4,0.0,30,restrictive,2,1
200.0,subject,1.0,30,restrictive,2,1
250.0,pos1,0.0,30,restrictive,2,1
250.0,pos2,0.0,30,restrictive,2,1
250.0,pos3,0.0,30,restrictive,2,1
250.0,pos4,0.0,30,restrictive,2,1
250.0,subject,0.0254,30,restrictive,2,1
300.0,pos1,0.0,30,restrictive,2,1
300.0,pos2,0.0,30,restrictive,2,1
300.0,pos3,0.0,30,restrictive,2,1
300.0,pos4,0.0,30,restrictive,2,1
300.0,subject,0.0,30,restrictive,2,1
0.0,pos1,0.0,31,non-restrictive,3,1
0.0,pos2,0.0,31,non-restrictive,3,1
0.0,pos3,0.0,31,non-restrictive,3,1
0.0,pos4,0.0,31,non-restrictive,3,1
0.0,subject,0.0,31,non-restrictive,3,1
50.0,pos1,0.0,31,non-restrictive,3,1
50.0,pos2,0.0,31,non-restrictive,3,1
50.0,pos3,0.0,31,non-restrictive,3,1
50.0,pos4,0.0,31,non-restrictive,3,1
50.0,subject,0.0,31,non-restrictive,3,1
100.0,pos1,0.0,31,non-restrictive,3,1
100.0,pos2,0.0,31,non-restrictive,3,1
100.0,pos3,0.0,31,non-restrictive,3,1
100.0,pos4,0.0,31,non-restrictive,3,1
100.0,subject,0.0,31,non-restrictive,3,1
150.0,pos1,0.0,31,non-restrictive,3,1
150.0,pos2,0.0,31,non-restrictive,3,1
150.0,pos3,0.0,31,non-restrictive,3,1
150.0,pos4,0.0,31,non-restrictive,3,1
150.0,subject,0.0,31,non-restrictive,3,1
200.0,pos1,0.0,31,non-restrictive,3,1
200.0,pos2,0.0,31,non-restrictive,3,1
200.0,pos3,0.0,31,non-restrictive,3,1
200.0,pos4,0.0,31,non-restrictive,3,1
200.0,subject,0.0,31,non-restrictive,3,1
250.0,pos1,0.0,31,non-restrictive,3,1
250.0,pos2,0.0,31,non-restrictive,3,1
250.0,pos3,0.0,31,non-restrictive,3,1
250.0,pos4,0.0,31,non-restrictive,3,1
250.0,subject,0.0,31,non-restrictive,3,1
300.0,pos1,0.0,31,non-restrictive,3,1
300.0,pos2,0.0,31,non-restrictive,3,1
300.0,pos3,0.0,31,non-restrictive,3,1
300.0,pos4,0.0,31,non-restrictive,3,1
300.0,subject,0.0,31,non-restrictive,3,1
350.0,pos1,0.0,31,non-restrictive,3,1
350.0,pos2,0.0,31,non-restrictive,3,1
350.0,pos3,0.0,31,non-restrictive,3,1
350.0,pos4,0.0,31,non-restrictive,3,1
350.0,subject,0.0,31,non-restrictive,3,1
400.0,pos1,0.0,31,non-restrictive,3,1
400.0,pos2,0.0,31,non-restrictive,3,1
400.0,pos3,0.0,31,non-restrictive,3,1
400.0,pos4,0.0,31,non-restrictive,3,1
400.0,subject,0.0,31,non-restrictive,3,1
450.0,pos1,0.0,31,non-restrictive,3,1
450.0,pos2,0.0,31,non-restrictive,3,1
450.0,pos3,0.0,31,non-restrictive,3,1
450.0,pos4,0.0,31,non-restrictive,3,1
450.0,subject,0.0,31,non-restrictive,3,1
500.0,pos1,0.0,31,non-restrictive,3,1
500.0,pos2,0.0,31,non-restrictive,3,1
500.0,pos3,0.0,31,non-restrictive,3,1
500.0,pos4,0.0,31,non-restrictive,3,1
500.0,subject,0.0,31,non-restrictive,3,1
550.0,pos1,0.0,31,non-restrictive,3,1
550.0,pos2,0.0,31,non-restrictive,3,1
550.0,pos3,0.0,31,non-restrictive,3,1
550.0,pos4,0.0,31,non-restrictive,3,1
550.0,subject,0.0,31,non-restrictive,3,1
600.0,pos1,0.0,31,non-restrictive,3,1
600.0,pos2,0.0,31,non-restrictive,3,1
600.0,pos3,0.0,31,non-restrictive,3,1
600.0,pos4,0.0,31,non-restrictive,3,1
600.0,subject,0.0,31,non-restrictive,3,1
650.0,pos1,0.0,31,non-restrictive,3,1
650.0,pos2,0.0,31,non-restrictive,3,1
650.0,pos3,0.0,31,non-restrictive,3,1
650.0,pos4,0.0,31,non-restrictive,3,1
650.0,subject,0.0,31,non-restrictive,3,1
700.0,pos1,0.0,31,non-restrictive,3,1
700.0,pos2,0.0,31,non-restrictive,3,1
700.0,pos3,0.0,31,non-restrictive,3,1
700.0,pos4,0.0,31,non-restrictive,3,1
700.0,subject,0.0,31,non-restrictive,3,1
750.0,pos1,0.0,31,non-restrictive,3,1
750.0,pos2,0.0,31,non-restrictive,3,1
750.0,pos3,0.0,31,non-restrictive,3,1
750.0,pos4,0.0,31,non-restrictive,3,1
750.0,subject,0.0,31,non-restrictive,3,1
800.0,pos1,0.0,31,non-restrictive,3,1
800.0,pos2,0.0,31,non-restrictive,3,1
800.0,pos3,0.0,31,non-restrictive,3,1
800.0,pos4,0.0,31,non-restrictive,3,1
800.0,subject,0.0,31,non-restrictive,3,1
850.0,pos1,0.0,31,non-restrictive,3,1
850.0,pos2,0.0,31,non-restrictive,3,1
850.0,pos3,0.0,31,non-restrictive,3,1
850.0,pos4,0.0,31,non-restrictive,3,1
850.0,subject,0.0,31,non-restrictive,3,1
900.0,pos1,0.0,31,non-restrictive,3,1
900.0,pos2,0.0,31,non-restrictive,3,1
900.0,pos3,0.0,31,non-restrictive,3,1
900.0,pos4,0.0,31,non-restrictive,3,1
900.0,subject,0.0,31,non-restrictive,3,1
0.0,pos1,0.0,32,restrictive,2,1
0.0,pos2,0.0,32,restrictive,2,1
0.0,pos3,0.0,32,restrictive,2,1
0.0,pos4,0.0,32,restrictive,2,1
0.0,subject,0.8918,32,restrictive,2,1
50.0,pos1,0.0,32,restrictive,2,1
50.0,pos2,0.0,32,restrictive,2,1
50.0,pos3,0.0,32,restrictive,2,1
50.0,pos4,0.0,32,restrictive,2,1
50.0,subject,1.0,32,restrictive,2,1
100.0,pos1,0.0,32,restrictive,2,1
100.0,pos2,0.0,32,restrictive,2,1
100.0,pos3,0.0,32,restrictive,2,1
100.0,pos4,0.0,32,restrictive,2,1
100.0,subject,1.0,32,restrictive,2,1
150.0,pos1,0.0,32,restrictive,2,1
150.0,pos2,0.0,32,restrictive,2,1
150.0,pos3,0.0,32,restrictive,2,1
150.0,pos4,0.0,32,restrictive,2,1
150.0,subject,1.0,32,restrictive,2,1
200.0,pos1,0.0,32,restrictive,2,1
200.0,pos2,0.0,32,restrictive,2,1
200.0,pos3,0.0,32,restrictive,2,1
200.0,pos4,0.0,32,restrictive,2,1
200.0,subject,1.0,32,restrictive,2,1
250.0,pos1,0.0,32,restrictive,2,1
250.0,pos2,0.0,32,restrictive,2,1
250.0,pos3,0.0,32,restrictive,2,1
250.0,pos4,0.0,32,restrictive,2,1
250.0,subject,1.0,32,restrictive,2,1
0.0,pos1,0.0,33,restrictive,2,1
0.0,pos2,0.0,33,restrictive,2,1
0.0,pos3,0.0,33,restrictive,2,1
0.0,pos4,0.0,33,restrictive,2,1
0.0,subject,0.0,33,restrictive,2,1
50.0,pos1,0.0,33,restrictive,2,1
50.0,pos2,0.0,33,restrictive,2,1
50.0,pos3,0.0,33,restrictive,2,1
50.0,pos4,0.0,33,restrictive,2,1
50.0,subject,0.0,33,restrictive,2,1
100.0,pos1,0.0,33,restrictive,2,1
100.0,pos2,0.0,33,restrictive,2,1
100.0,pos3,0.0,33,restrictive,2,1
100.0,pos4,0.0,33,restrictive,2,1
100.0,subject,0.0,33,restrictive,2,1
150.0,pos1,0.0,33,restrictive,2,1
150.0,pos2,0.0,33,restrictive,2,1
150.0,pos3,0.0,33,restrictive,2,1
150.0,pos4,0.0,33,restrictive,2,1
150.0,subject,0.0,33,restrictive,2,1
200.0,pos1,0.0,33,restrictive,2,1
200.0,pos2,0.0,33,restrictive,2,1
200.0,pos3,0.0,33,restrictive,2,1
200.0,pos4,0.0,33,restrictive,2,1
200.0,subject,0.0,33,restrictive,2,1
250.0,pos1,0.0,33,restrictive,2,1
250.0,pos2,0.0,33,restrictive,2,1
250.0,pos3,0.0,33,restrictive,2,1
250.0,pos4,0.0,33,restrictive,2,1
250.0,subject,0.0,33,restrictive,2,1
0.0,pos1,0.0,34,restrictive,4,1
0.0,pos2,0.0,34,restrictive,4,1
0.0,pos3,0.0,34,restrictive,4,1
0.0,pos4,0.0,34,restrictive,4,1
0.0,subject,0.0,34,restrictive,4,1
50.0,pos1,0.0,34,restrictive,4,1
50.0,pos2,0.0,34,restrictive,4,1
50.0,pos3,0.0,34,restrictive,4,1
50.0,pos4,0.0,34,restrictive,4,1
50.0,subject,0.0,34,restrictive,4,1
100.0,pos1,0.0,34,restrictive,4,1
100.0,pos2,0.0,34,restrictive,4,1
100.0,pos3,0.0,34,restrictive,4,1
100.0,pos4,0.0,34,restrictive,4,1
100.0,subject,0.0,34,restrictive,4,1
150.0,pos1,0.0,34,restrictive,4,1
150.0,pos2,0.0,34,restrictive,4,1
150.0,pos3,0.0,34,restrictive,4,1
150.0,pos4,0.0,34,restrictive,4,1
150.0,subject,0.0,34,restrictive,4,1
200.0,pos1,0.0,34,restrictive,4,1
200.0,pos2,0.0,34,restrictive,4,1
200.0,pos3,0.0,34,restrictive,4,1
200.0,pos4,0.0,34,restrictive,4,1
200.0,subject,0.0,34,restrictive,4,1
250.0,pos1,0.0,34,restrictive,4,1
250.0,pos2,0.0,34,restrictive,4,1
250.0,pos3,0.0,34,restrictive,4,1
250.0,pos4,0.0,34,restrictive,4,1
250.0,subject,0.0,34,restrictive,4,1
0.0,pos1,0.0,35,non-restrictive,1,1
0.0,pos2,0.0,35,non-restrictive,1,1
0.0,pos3,0.0,35,non-restrictive,1,1
0.0,pos4,0.0,35,non-restrictive,1,1
0.0,subject,0.0,35,non-restrictive,1,1
50.0,pos1,0.0,35,non-restrictive,1,1
50.0,pos2,0.0,35,non-restrictive,1,1
50.0,pos3,0.0,35,non-restrictive,1,1
50.0,pos4,0.0,35,non-restrictive,1,1
50.0,subject,0.0,35,non-restrictive,1,1
100.0,pos1,0.0,35,non-restrictive,1,1
100.0,pos2,0.0,35,non-restrictive,1,1
100.0,pos3,0.0,35,non-restrictive,1,1
100.0,pos4,0.0,35,non-restrictive,1,1
100.0,subject,0.0,35,non-restrictive,1,1
150.0,pos1,0.0,35,non-restrictive,1,1
150.0,pos2,0.0,35,non-restrictive,1,1
150.0,pos3,0.0,35,non-restrictive,1,1
150.0,pos4,0.0,35,non-restrictive,1,1
150.0,subject,0.0,35,non-restrictive,1,1
200.0,pos1,0.0,35,non-restrictive,1,1
200.0,pos2,0.0,35,non-restrictive,1,1
200.0,pos3,0.0,35,non-restrictive,1,1
200.0,pos4,0.0,35,non-restrictive,1,1
200.0,subject,0.0,35,non-restrictive,1,1
250.0,pos1,0.0,35,non-restrictive,1,1
250.0,pos2,0.0,35,non-restrictive,1,1
250.0,pos3,0.0,35,non-restrictive,1,1
250.0,pos4,0.0,35,non-restrictive,1,1
250.0,subject,0.0,35,non-restrictive,1,1
0.0,pos1,0.0,36,restrictive,2,1
0.0,pos2,0.0,36,restrictive,2,1
0.0,pos3,0.0,36,restrictive,2,1
0.0,pos4,0.0,36,restrictive,2,1
0.0,subject,1.0,36,restrictive,2,1
50.0,pos1,0.0,36,restrictive,2,1
50.0,pos2,0.0,36,restrictive,2,1
50.0,pos3,0.0,36,restrictive,2,1
50.0,pos4,0.0,36,restrictive,2,1
50.0,subject,1.0,36,restrictive,2,1
100.0,pos1,0.0,36,restrictive,2,1
100.0,pos2,0.0,36,restrictive,2,1
100.0,pos3,0.0,36,restrictive,2,1
100.0,pos4,0.0,36,restrictive,2,1
100.0,subject,1.0,36,restrictive,2,1
150.0,pos1,0.0,36,restrictive,2,1
150.0,pos2,0.0,36,restrictive,2,1
150.0,pos3,0.0,36,restrictive,2,1
150.0,pos4,0.0,36,restrictive,2,1
150.0,subject,0.6914,36,restrictive,2,1
200.0,pos1,0.0,36,restrictive,2,1
200.0,pos2,0.0,36,restrictive,2,1
200.0,pos3,0.0,36,restrictive,2,1
200.0,pos4,0.0,36,restrictive,2,1
200.0,subject,0.0,36,restrictive,2,1
250.0,pos1,0.0,36,restrictive,2,1
250.0,pos2,0.0,36,restrictive,2,1
250.0,pos3,0.0,36,restrictive,2,1
250.0,pos4,0.0,36,restrictive,2,1
250.0,subject,0.0,36,restrictive,2,1
300.0,pos1,0.0,36,restrictive,2,1
300.0,pos2,0.0,36,restrictive,2,1
300.0,pos3,0.0,36,restrictive,2,1
300.0,pos4,0.0,36,restrictive,2,1
300.0,subject,0.0,36,restrictive,2,1
350.0,pos1,0.0,36,restrictive,2,1
350.0,pos2,0.0,36,restrictive,2,1
350.0,pos3,0.0,36,restrictive,2,1
350.0,pos4,0.0,36,restrictive,2,1
350.0,subject,0.0,36,restrictive,2,1
0.0,pos1,0.0,37,restrictive,2,1
0.0,pos2,0.0,37,restrictive,2,1
0.0,pos3,0.0,37,restrictive,2,1
0.0,pos4,0.0,37,restrictive,2,1
0.0,subject,0.0,37,restrictive,2,1
50.0,pos1,0.0,37,restrictive,2,1
50.0,pos2,0.0,37,restrictive,2,1
50.0,pos3,0.0,37,restrictive,2,1
50.0,pos4,0.2854,37,restrictive,2,1
50.0,subject,0.0,37,restrictive,2,1
100.0,pos1,0.0,37,restrictive,2,1
100.0,pos2,0.0,37,restrictive,2,1
100.0,pos3,0.0,37,restrictive,2,1
100.0,pos4,1.0,37,restrictive,2,1
100.0,subject,0.0,37,restrictive,2,1
150.0,pos1,0.0,37,restrictive,2,1
150.0,pos2,0.0,37,restrictive,2,1
150.0,pos3,0.0,37,restrictive,2,1
150.0,pos4,1.0,37,restrictive,2,1
150.0,subject,0.0,37,restrictive,2,1
200.0,pos1,0.0,37,restrictive,2,1
200.0,pos2,0.0,37,restrictive,2,1
200.0,pos3,0.0,37,restrictive,2,1
200.0,pos4,1.0,37,restrictive,2,1
200.0,subject,0.0,37,restrictive,2,1
250.0,pos1,0.0,37,restrictive,2,1
250.0,pos2,0.0,37,restrictive,2,1
250.0,pos3,0.276522,37,restrictive,2,1
250.0,pos4,0.436957,37,restrictive,2,1
250.0,subject,0.0,37,restrictive,2,1
0.0,pos1,0.0,38,restrictive,2,1
0.0,pos2,0.0,38,restrictive,2,1
0.0,pos3,0.0,38,restrictive,2,1
0.0,pos4,0.0,38,restrictive,2,1
0.0,subject,0.0,38,restrictive,2,1
50.0,pos1,0.0,38,restrictive,2,1
50.0,pos2,0.0,38,restrictive,2,1
50.0,pos3,0.0,38,restrictive,2,1
50.0,pos4,0.0,38,restrictive,2,1
50.0,subject,0.0,38,restrictive,2,1
100.0,pos1,0.0,38,restrictive,2,1
100.0,pos2,0.0,38,restrictive,2,1
100.0,pos3,0.0,38,restrictive,2,1
100.0,pos4,0.0,38,restrictive,2,1
100.0,subject,0.0,38,restrictive,2,1
150.0,pos1,0.0,38,restrictive,2,1
150.0,pos2,0.0,38,restrictive,2,1
150.0,pos3,0.0,38,restrictive,2,1
150.0,pos4,0.0,38,restrictive,2,1
150.0,subject,0.0,38,restrictive,2,1
200.0,pos1,0.0,38,restrictive,2,1
200.0,pos2,0.0,38,restrictive,2,1
200.0,pos3,0.0,38,restrictive,2,1
200.0,pos4,0.0,38,restrictive,2,1
200.0,subject,0.0,38,restrictive,2,1
250.0,pos1,0.0,38,restrictive,2,1
250.0,pos2,0.0,38,restrictive,2,1
250.0,pos3,0.0,38,restrictive,2,1
250.0,pos4,0.0,38,restrictive,2,1
250.0,subject,0.3742,38,restrictive,2,1
300.0,pos1,0.0,38,restrictive,2,1
300.0,pos2,0.0,38,restrictive,2,1
300.0,pos3,0.0,38,restrictive,2,1
300.0,pos4,0.0,38,restrictive,2,1
300.0,subject,1.0,38,restrictive,2,1
0.0,pos1,0.0,39,non-restrictive,3,1
0.0,pos2,0.0,39,non-restrictive,3,1
0.0,pos3,0.0,39,non-restrictive,3,1
0.0,pos4,0.0,39,non-restrictive,3,1
0.0,subject,0.0,39,non-restrictive,3,1
50.0,pos1,0.0,39,non-restrictive,3,1
50.0,pos2,0.0,39,non-restrictive,3,1
50.0,pos3,0.0,39,non-restrictive,3,1
50.0,pos4,0.0,39,non-restrictive,3,1
50.0,subject,0.0,39,non-restrictive,3,1
100.0,pos1,0.0,39,non-restrictive,3,1
100.0,pos2,0.0,39,non-restrictive,3,1
100.0,pos3,0.0,39,non-restrictive,3,1
100.0,pos4,0.0,39,non-restrictive,3,1
100.0,subject,0.0,39,non-restrictive,3,1
150.0,pos1,0.0,39,non-restrictive,3,1
150.0,pos2,0.0,39,non-restrictive,3,1
150.0,pos3,0.0,39,non-restrictive,3,1
150.0,pos4,0.0,39,non-restrictive,3,1
150.0,subject,0.0,39,non-restrictive,3,1
200.0,pos1,0.0,39,non-restrictive,3,1
200.0,pos2,0.0,39,non-restrictive,3,1
200.0,pos3,0.0,39,non-restrictive,3,1
200.0,pos4,0.0,39,non-restrictive,3,1
200.0,subject,0.0,39,non-restrictive,3,1
250.0,pos1,0.0,39,non-restrictive,3,1
250.0,pos2,0.0,39,non-restrictive,3,1
250.0,pos3,0.0,39,non-restrictive,3,1
250.0,pos4,0.0,39,non-restrictive,3,1
250.0,subject,0.0,39,non-restrictive,3,1
0.0,pos1,0.0,40,restrictive,4,1
0.0,pos2,0.0,40,restrictive,4,1
0.0,pos3,0.0,40,restrictive,4,1
0.0,pos4,0.0,40,restrictive,4,1
0.0,subject,0.0,40,restrictive,4,1
50.0,pos1,0.0,40,restrictive,4,1
50.0,pos2,0.0,40,restrictive,4,1
50.0,pos3,0.0,40,restrictive,4,1
50.0,pos4,0.0,40,restrictive,4,1
50.0,subject,0.0,40,restrictive,4,1
100.0,pos1,0.0,40,restrictive,4,1
100.0,pos2,0.0,40,restrictive,4,1
100.0,pos3,0.0,40,restrictive,4,1
100.0,pos4,0.0,40,restrictive,4,1
100.0,subject,0.0,40,restrictive,4,1
150.0,pos1,0.0,40,restrictive,4,1
150.0,pos2,0.0,40,restrictive,4,1
150.0,pos3,0.0,40,restrictive,4,1
150.0,pos4,0.0,40,restrictive,4,1
150.0,subject,0.0,40,restrictive,4,1
200.0,pos1,0.0,40,restrictive,4,1
200.0,pos2,0.0,40,restrictive,4,1
200.0,pos3,0.0,40,restrictive,4,1
200.0,pos4,0.0,40,restrictive,4,1
200.0,subject,0.0,40,restrictive,4,1
250.0,pos1,0.0,40,restrictive,4,1
250.0,pos2,0.0,40,restrictive,4,1
250.0,pos3,0.0,40,restrictive,4,1
250.0,pos4,0.0,40,restrictive,4,1
250.0,subject,0.0,40,restrictive,4,1
0.0,pos1,0.0,41,non-restrictive,1,1
0.0,pos2,0.0,41,non-restrictive,1,1
0.0,pos3,0.0,41,non-restrictive,1,1
0.0,pos4,0.0,41,non-restrictive,1,1
0.0,subject,0.0,41,non-restrictive,1,1
50.0,pos1,0.0,41,non-restrictive,1,1
50.0,pos2,0.0,41,non-restrictive,1,1
50.0,pos3,0.0,41,non-restrictive,1,1
50.0,pos4,0.0,41,non-restrictive,1,1
50.0,subject,0.0,41,non-restrictive,1,1
100.0,pos1,0.0,41,non-restrictive,1,1
100.0,pos2,0.0,41,non-restrictive,1,1
100.0,pos3,0.0,41,non-restrictive,1,1
100.0,pos4,0.0,41,non-restrictive,1,1
100.0,subject,0.0,41,non-restrictive,1,1
150.0,pos1,0.0,41,non-restrictive,1,1
150.0,pos2,0.0,41,non-restrictive,1,1
150.0,pos3,0.0,41,non-restrictive,1,1
150.0,pos4,0.0,41,non-restrictive,1,1
150.0,subject,0.0,41,non-restrictive,1,1
200.0,pos1,0.0,41,non-restrictive,1,1
200.0,pos2,0.0,41,non-restrictive,1,1
200.0,pos3,0.0,41,non-restrictive,1,1
200.0,pos4,0.0,41,non-restrictive,1,1
200.0,subject,0.0,41,non-restrictive,1,1
250.0,pos1,0.0,41,non-restrictive,1,1
250.0,pos2,0.0,41,non-restrictive,1,1
250.0,pos3,0.0,41,non-restrictive,1,1
250.0,pos4,0.0,41,non-restrictive,1,1
250.0,subject,0.0,41,non-restrictive,1,1
0.0,pos1,0.0,42,restrictive,4,1
0.0,pos2,0.0,42,restrictive,4,1
0.0,pos3,0.0,42,restrictive,4,1
0.0,pos4,1.0,42,restrictive,4,1
0.0,subject,0.0,42,restrictive,4,1
50.0,pos1,0.0,42,restrictive,4,1
50.0,pos2,0.0,42,restrictive,4,1
50.0,pos3,0.0,42,restrictive,4,1
50.0,pos4,1.0,42,restrictive,4,1
50.0,subject,0.0,42,restrictive,4,1
100.0,pos1,0.0,42,restrictive,4,1
100.0,pos2,0.0,42,restrictive,4,1
100.0,pos3,0.0,42,restrictive,4,1
100.0,pos4,1.0,42,restrictive,4,1
100.0,subject,0.0,42,restrictive,4,1
150.0,pos1,0.0,42,restrictive,4,1
150.0,pos2,0.0,42,restrictive,4,1
150.0,pos3,0.0,42,restrictive,4,1
150.0,pos4,1.0,42,restrictive,4,1
150.0,subject,0.0,42,restrictive,4,1
200.0,pos1,0.0,42,restrictive,4,1
200.0,pos2,0.0,42,restrictive,4,1
200.0,pos3,0.0,42,restrictive,4,1
200.0,pos4,1.0,42,restrictive,4,1
200.0,subject,0.0,42,restrictive,4,1
250.0,pos1,0.0,42,restrictive,4,1
250.0,pos2,0.0,42,restrictive,4,1
250.0,pos3,0.0,42,restrictive,4,1
250.0,pos4,1.0,42,restrictive,4,1
250.0,subject,0.0,42,restrictive,4,1
0.0,pos1,0.0,43,non-restrictive,3,1
0.0,pos2,0.0,43,non-restrictive,3,1
0.0,pos3,0.0,43,non-restrictive,3,1
0.0,pos4,0.0,43,non-restrictive,3,1
0.0,subject,0.0,43,non-restrictive,3,1
50.0,pos1,0.0,43,non-restrictive,3,1
50.0,pos2,0.0,43,non-restrictive,3,1
50.0,pos3,0.0,43,non-restrictive,3,1
50.0,pos4,0.0,43,non-restrictive,3,1
50.0,subject,0.0,43,non-restrictive,3,1
100.0,pos1,0.0,43,non-restrictive,3,1
100.0,pos2,0.0,43,non-restrictive,3,1
100.0,pos3,0.0,43,non-restrictive,3,1
100.0,pos4,0.0,43,non-restrictive,3,1
100.0,subject,0.0,43,non-restrictive,3,1
150.0,pos1,0.0,43,non-restrictive,3,1
150.0,pos2,0.0,43,non-restrictive,3,1
150.0,pos3,0.0,43,non-restrictive,3,1
150.0,pos4,0.0,43,non-restrictive,3,1
150.0,subject,0.0,43,non-restrictive,3,1
200.0,pos1,0.0,43,non-restrictive,3,1
200.0,pos2,0.0,43,non-restrictive,3,1
200.0,pos3,0.0,43,non-restrictive,3,1
200.0,pos4,0.0,43,non-restrictive,3,1
200.0,subject,0.0,43,non-restrictive,3,1
250.0,pos1,0.0,43,non-restrictive,3,1
250.0,pos2,0.0,43,non-restrictive,3,1
250.0,pos3,0.0,43,non-restrictive,3,1
250.0,pos4,0.0,43,non-restrictive,3,1
250.0,subject,0.0,43,non-restrictive,3,1
0.0,pos1,0.0,44,restrictive,4,1
0.0,pos2,0.0,44,restrictive,4,1
0.0,pos3,0.0,44,restrictive,4,1
0.0,pos4,0.0,44,restrictive,4,1
0.0,subject,0.0,44,restrictive,4,1
50.0,pos1,0.0,44,restrictive,4,1
50.0,pos2,0.0,44,restrictive,4,1
50.0,pos3,0.0,44,restrictive,4,1
50.0,pos4,0.0,44,restrictive,4,1
50.0,subject,0.0,44,restrictive,4,1
100.0,pos1,0.0,44,restrictive,4,1
100.0,pos2,0.0,44,restrictive,4,1
100.0,pos3,0.0,44,restrictive,4,1
100.0,pos4,0.0,44,restrictive,4,1
100.0,subject,0.0,44,restrictive,4,1
150.0,pos1,0.0,44,restrictive,4,1
150.0,pos2,0.0,44,restrictive,4,1
150.0,pos3,0.0,44,restrictive,4,1
150.0,pos4,0.0,44,restrictive,4,1
150.0,subject,0.0,44,restrictive,4,1
200.0,pos1,0.0,44,restrictive,4,1
200.0,pos2,0.0,44,restrictive,4,1
200.0,pos3,0.0,44,restrictive,4,1
200.0,pos4,0.0,44,restrictive,4,1
200.0,subject,0.0,44,restrictive,4,1
250.0,pos1,0.0,44,restrictive,4,1
250.0,pos2,0.0,44,restrictive,4,1
250.0,pos3,0.0,44,restrictive,4,1
250.0,pos4,0.0,44,restrictive,4,1
250.0,subject,0.0,44,restrictive,4,1
0.0,pos1,0.9968,45,restrictive,2,1
0.0,pos2,0.0,45,restrictive,2,1
0.0,pos3,0.0,45,restrictive,2,1
0.0,pos4,0.0,45,restrictive,2,1
0.0,subject,0.0,45,restrictive,2,1
50.0,pos1,0.0,45,restrictive,2,1
50.0,pos2,0.0,45,restrictive,2,1
50.0,pos3,0.0,45,restrictive,2,1
50.0,pos4,0.0,45,restrictive,2,1
50.0,subject,0.0,45,restrictive,2,1
100.0,pos1,0.0,45,restrictive,2,1
100.0,pos2,0.0,45,restrictive,2,1
100.0,pos3,0.0,45,restrictive,2,1
100.0,pos4,0.0,45,restrictive,2,1
100.0,subject,0.0,45,restrictive,2,1
150.0,pos1,0.0,45,restrictive,2,1
150.0,pos2,0.0,45,restrictive,2,1
150.0,pos3,0.0,45,restrictive,2,1
150.0,pos4,0.0,45,restrictive,2,1
150.0,subject,0.0,45,restrictive,2,1
200.0,pos1,0.0,45,restrictive,2,1
200.0,pos2,0.0,45,restrictive,2,1
200.0,pos3,0.0,45,restrictive,2,1
200.0,pos4,0.0,45,restrictive,2,1
200.0,subject,0.0,45,restrictive,2,1
0.0,pos1,0.0,46,non-restrictive,3,1
0.0,pos2,0.0,46,non-restrictive,3,1
0.0,pos3,0.0,46,non-restrictive,3,1
0.0,pos4,0.0,46,non-restrictive,3,1
0.0,subject,0.0,46,non-restrictive,3,1
50.0,pos1,0.0,46,non-restrictive,3,1
50.0,pos2,0.0,46,non-restrictive,3,1
50.0,pos3,0.0,46,non-restrictive,3,1
50.0,pos4,0.0,46,non-restrictive,3,1
50.0,subject,0.0,46,non-restrictive,3,1
100.0,pos1,0.0,46,non-restrictive,3,1
100.0,pos2,0.0,46,non-restrictive,3,1
100.0,pos3,0.0,46,non-restrictive,3,1
100.0,pos4,0.0,46,non-restrictive,3,1
100.0,subject,0.0,46,non-restrictive,3,1
150.0,pos1,0.0,46,non-restrictive,3,1
150.0,pos2,0.0,46,non-restrictive,3,1
150.0,pos3,0.0,46,non-restrictive,3,1
150.0,pos4,0.0,46,non-restrictive,3,1
150.0,subject,0.0,46,non-restrictive,3,1
200.0,pos1,0.0,46,non-restrictive,3,1
200.0,pos2,0.0,46,non-restrictive,3,1
200.0,pos3,0.0,46,non-restrictive,3,1
200.0,pos4,0.0,46,non-restrictive,3,1
200.0,subject,0.0,46,non-restrictive,3,1
250.0,pos1,0.0,46,non-restrictive,3,1
250.0,pos2,0.0,46,non-restrictive,3,1
250.0,pos3,0.0,46,non-restrictive,3,1
250.0,pos4,0.0,46,non-restrictive,3,1
250.0,subject,0.0,46,non-restrictive,3,1
0.0,pos1,0.0,47,restrictive,2,1
0.0,pos2,0.0,47,restrictive,2,1
0.0,pos3,0.0,47,restrictive,2,1
0.0,pos4,0.0,47,restrictive,2,1
0.0,subject,0.0,47,restrictive,2,1
50.0,pos1,0.0,47,restrictive,2,1
50.0,pos2,0.0,47,restrictive,2,1
50.0,pos3,0.0,47,restrictive,2,1
50.0,pos4,0.0,47,restrictive,2,1
50.0,subject,0.0,47,restrictive,2,1
100.0,pos1,0.0,47,restrictive,2,1
100.0,pos2,0.0,47,restrictive,2,1
100.0,pos3,0.0,47,restrictive,2,1
100.0,pos4,0.0,47,restrictive,2,1
100.0,subject,0.0,47,restrictive,2,1
150.0,pos1,0.0,47,restrictive,2,1
150.0,pos2,0.0,47,restrictive,2,1
150.0,pos3,0.0,47,restrictive,2,1
150.0,pos4,0.0,47,restrictive,2,1
150.0,subject,0.0,47,restrictive,2,1
200.0,pos1,0.0,47,restrictive,2,1
200.0,pos2,0.0,47,restrictive,2,1
200.0,pos3,0.0,47,restrictive,2,1
200.0,pos4,0.0,47,restrictive,2,1
200.0,subject,0.0,47,restrictive,2,1
250.0,pos1,0.0,47,restrictive,2,1
250.0,pos2,0.0,47,restrictive,2,1
250.0,pos3,0.0,47,restrictive,2,1
250.0,pos4,0.0,47,restrictive,2,1
250.0,subject,0.0,47,restrictive,2,1
300.0,pos1,0.0,47,restrictive,2,1
300.0,pos2,0.0,47,restrictive,2,1
300.0,pos3,0.0,47,restrictive,2,1
300.0,pos4,0.0,47,restrictive,2,1
300.0,subject,0.0,47,restrictive,2,1
0.0,pos1,0.0,48,non-restrictive,1,1
0.0,pos2,0.0,48,non-restrictive,1,1
0.0,pos3,0.0,48,non-restrictive,1,1
0.0,pos4,1.0,48,non-restrictive,1,1
0.0,subject,0.0,48,non-restrictive,1,1
50.0,pos1,0.0,48,non-restrictive,1,1
50.0,pos2,0.0,48,non-restrictive,1,1
50.0,pos3,0.0,48,non-restrictive,1,1
50.0,pos4,1.0,48,non-restrictive,1,1
50.0,subject,0.0,48,non-restrictive,1,1
100.0,pos1,0.0,48,non-restrictive,1,1
100.0,pos2,0.0,48,non-restrictive,1,1
100.0,pos3,0.0,48,non-restrictive,1,1
100.0,pos4,1.0,48,non-restrictive,1,1
100.0,subject,0.0,48,non-restrictive,1,1
150.0,pos1,0.0,48,non-restrictive,1,1
150.0,pos2,0.0,48,non-restrictive,1,1
150.0,pos3,0.0,48,non-restrictive,1,1
150.0,pos4,1.0,48,non-restrictive,1,1
150.0,subject,0.0,48,non-restrictive,1,1
200.0,pos1,0.0,48,non-restrictive,1,1
200.0,pos2,0.0,48,non-restrictive,1,1
200.0,pos3,0.039032,48,non-restrictive,1,1
200.0,pos4,0.748065,48,non-restrictive,1,1
200.0,subject,0.0,48,non-restrictive,1,1
0.0,pos1,0.0,49,non-restrictive,1,1
0.0,pos2,0.0,49,non-restrictive,1,1
0.0,pos3,0.4038,49,non-restrictive,1,1
0.0,pos4,0.4594,49,non-restrictive,1,1
0.0,subject,0.0,49,non-restrictive,1,1
50.0,pos1,0.0,49,non-restrictive,1,1
50.0,pos2,0.0,49,non-restrictive,1,1
50.0,pos3,1.0,49,non-restrictive,1,1
50.0,pos4,0.0,49,non-restrictive,1,1
50.0,subject,0.0,49,non-restrictive,1,1
100.0,pos1,0.0,49,non-restrictive,1,1
100.0,pos2,0.0,49,non-restrictive,1,1
100.0,pos3,1.0,49,non-restrictive,1,1
100.0,pos4,0.0,49,non-restrictive,1,1
100.0,subject,0.0,49,non-restrictive,1,1
150.0,pos1,0.0,49,non-restrictive,1,1
150.0,pos2,0.0,49,non-restrictive,1,1
150.0,pos3,0.0084,49,non-restrictive,1,1
150.0,pos4,0.0,49,non-restrictive,1,1
150.0,subject,0.0,49,non-restrictive,1,1
200.0,pos1,0.0,49,non-restrictive,1,1
200.0,pos2,0.0,49,non-restrictive,1,1
200.0,pos3,0.0,49,non-restrictive,1,1
200.0,pos4,0.0,49,non-restrictive,1,1
200.0,subject,0.0,49,non-restrictive,1,1
250.0,pos1,0.0,49,non-restrictive,1,1
250.0,pos2,0.0,49,non-restrictive,1,1
250.0,pos3,0.0,49,non-restrictive,1,1
250.0,pos4,0.0,49,non-restrictive,1,1
250.0,subject,0.0,49,non-restrictive,1,1
0.0,pos1,0.0,0,non-restrictive,2,19
0.0,pos2,0.0,0,non-restrictive,2,19
0.0,pos3,0.0,0,non-restrictive,2,19
0.0,pos4,0.0,0,non-restrictive,2,19
0.0,subject,1.0,0,non-restrictive,2,19
50.0,pos1,0.0,0,non-restrictive,2,19
50.0,pos2,0.0,0,non-restrictive,2,19
50.0,pos3,0.0,0,non-restrictive,2,19
50.0,pos4,0.0,0,non-restrictive,2,19
50.0,subject,1.0,0,non-restrictive,2,19
100.0,pos1,0.0,0,non-restrictive,2,19
100.0,pos2,0.0,0,non-restrictive,2,19
100.0,pos3,0.0,0,non-restrictive,2,19
100.0,pos4,0.0,0,non-restrictive,2,19
100.0,subject,1.0,0,non-restrictive,2,19
150.0,pos1,0.0,0,non-restrictive,2,19
150.0,pos2,0.0,0,non-restrictive,2,19
150.0,pos3,0.0,0,non-restrictive,2,19
150.0,pos4,0.0,0,non-restrictive,2,19
150.0,subject,1.0,0,non-restrictive,2,19
200.0,pos1,0.0,0,non-restrictive,2,19
200.0,pos2,0.0,0,non-restrictive,2,19
200.0,pos3,0.0,0,non-restrictive,2,19
200.0,pos4,0.0,0,non-restrictive,2,19
200.0,subject,1.0,0,non-restrictive,2,19
250.0,pos1,0.0,0,non-restrictive,2,19
250.0,pos2,0.0,0,non-restrictive,2,19
250.0,pos3,0.0,0,non-restrictive,2,19
250.0,pos4,0.0,0,non-restrictive,2,19
250.0,subject,1.0,0,non-restrictive,2,19
300.0,pos1,0.0,0,non-restrictive,2,19
300.0,pos2,0.0,0,non-restrictive,2,19
300.0,pos3,0.0,0,non-restrictive,2,19
300.0,pos4,0.0,0,non-restrictive,2,19
300.0,subject,1.0,0,non-restrictive,2,19
0.0,pos1,0.0,1,restrictive,1,19
0.0,pos2,0.0,1,restrictive,1,19
0.0,pos3,0.0,1,restrictive,1,19
0.0,pos4,0.0,1,restrictive,1,19
0.0,subject,1.0,1,restrictive,1,19
50.0,pos1,0.0,1,restrictive,1,19
50.0,pos2,0.0,1,restrictive,1,19
50.0,pos3,0.0,1,restrictive,1,19
50.0,pos4,0.0,1,restrictive,1,19
50.0,subject,0.8644,1,restrictive,1,19
100.0,pos1,0.0,1,restrictive,1,19
100.0,pos2,0.0,1,restrictive,1,19
100.0,pos3,0.0,1,restrictive,1,19
100.0,pos4,0.0,1,restrictive,1,19
100.0,subject,1.0,1,restrictive,1,19
150.0,pos1,0.0,1,restrictive,1,19
150.0,pos2,0.0,1,restrictive,1,19
150.0,pos3,0.0,1,restrictive,1,19
150.0,pos4,0.0,1,restrictive,1,19
150.0,subject,1.0,1,restrictive,1,19
200.0,pos1,0.0,1,restrictive,1,19
200.0,pos2,0.0,1,restrictive,1,19
200.0,pos3,0.0,1,restrictive,1,19
200.0,pos4,0.0,1,restrictive,1,19
200.0,subject,1.0,1,restrictive,1,19
250.0,pos1,0.0,1,restrictive,1,19
250.0,pos2,0.0,1,restrictive,1,19
250.0,pos3,0.0,1,restrictive,1,19
250.0,pos4,0.0,1,restrictive,1,19
250.0,subject,1.0,1,restrictive,1,19
0.0,pos1,0.0,2,restrictive,1,19
0.0,pos2,0.0,2,restrictive,1,19
0.0,pos3,0.0,2,restrictive,1,19
0.0,pos4,0.0,2,restrictive,1,19
0.0,subject,0.0,2,restrictive,1,19
50.0,pos1,0.0,2,restrictive,1,19
50.0,pos2,0.0,2,restrictive,1,19
50.0,pos3,0.0,2,restrictive,1,19
50.0,pos4,0.0,2,restrictive,1,19
50.0,subject,0.8772,2,restrictive,1,19
100.0,pos1,0.0,2,restrictive,1,19
100.0,pos2,0.0,2,restrictive,1,19
100.0,pos3,0.0,2,restrictive,1,19
100.0,pos4,0.0,2,restrictive,1,19
100.0,subject,1.0,2,restrictive,1,19
150.0,pos1,0.0,2,restrictive,1,19
150.0,pos2,0.0,2,restrictive,1,19
150.0,pos3,0.0,2,restrictive,1,19
150.0,pos4,0.0,2,restrictive,1,19
150.0,subject,1.0,2,restrictive,1,19
200.0,pos1,0.0,2,restrictive,1,19
200.0,pos2,0.0,2,restrictive,1,19
200.0,pos3,0.0,2,restrictive,1,19
200.0,pos4,0.0,2,restrictive,1,19
200.0,subject,1.0,2,restrictive,1,19
250.0,pos1,0.0,2,restrictive,1,19
250.0,pos2,0.0,2,restrictive,1,19
250.0,pos3,0.0,2,restrictive,1,19
250.0,pos4,0.0,2,restrictive,1,19
250.0,subject,0.8475,2,restrictive,1,19
0.0,pos1,0.0,3,non-restrictive,2,19
0.0,pos2,0.0,3,non-restrictive,2,19
0.0,pos3,0.0,3,non-restrictive,2,19
0.0,pos4,0.0,3,non-restrictive,2,19
0.0,subject,1.0,3,non-restrictive,2,19
50.0,pos1,0.0,3,non-restrictive,2,19
50.0,pos2,0.0,3,non-restrictive,2,19
50.0,pos3,0.0,3,non-restrictive,2,19
50.0,pos4,0.0,3,non-restrictive,2,19
50.0,subject,1.0,3,non-restrictive,2,19
100.0,pos1,0.0,3,non-restrictive,2,19
100.0,pos2,0.0,3,non-restrictive,2,19
100.0,pos3,0.0,3,non-restrictive,2,19
100.0,pos4,0.0,3,non-restrictive,2,19
100.0,subject,0.8646,3,non-restrictive,2,19
150.0,pos1,0.0,3,non-restrictive,2,19
150.0,pos2,0.0,3,non-restrictive,2,19
150.0,pos3,0.0,3,non-restrictive,2,19
150.0,pos4,0.0,3,non-restrictive,2,19
150.0,subject,1.0,3,non-restrictive,2,19
200.0,pos1,0.0,3,non-restrictive,2,19
200.0,pos2,0.0,3,non-restrictive,2,19
200.0,pos3,0.0,3,non-restrictive,2,19
200.0,pos4,0.0,3,non-restrictive,2,19
200.0,subject,1.0,3,non-restrictive,2,19
250.0,pos1,0.0,3,non-restrictive,2,19
250.0,pos2,0.0,3,non-restrictive,2,19
250.0,pos3,0.0,3,non-restrictive,2,19
250.0,pos4,0.0,3,non-restrictive,2,19
250.0,subject,1.0,3,non-restrictive,2,19
0.0,pos1,0.0,4,non-restrictive,2,19
0.0,pos2,0.0,4,non-restrictive,2,19
0.0,pos3,0.0,4,non-restrictive,2,19
0.0,pos4,0.0,4,non-restrictive,2,19
0.0,subject,1.0,4,non-restrictive,2,19
50.0,pos1,0.0,4,non-restrictive,2,19
50.0,pos2,0.0,4,non-restrictive,2,19
50.0,pos3,0.0,4,non-restrictive,2,19
50.0,pos4,0.0,4,non-restrictive,2,19
50.0,subject,1.0,4,non-restrictive,2,19
100.0,pos1,0.0,4,non-restrictive,2,19
100.0,pos2,0.0,4,non-restrictive,2,19
100.0,pos3,0.0,4,non-restrictive,2,19
100.0,pos4,0.0,4,non-restrictive,2,19
100.0,subject,1.0,4,non-restrictive,2,19
150.0,pos1,0.0,4,non-restrictive,2,19
150.0,pos2,0.0,4,non-restrictive,2,19
150.0,pos3,0.0,4,non-restrictive,2,19
150.0,pos4,0.0,4,non-restrictive,2,19
150.0,subject,1.0,4,non-restrictive,2,19
200.0,pos1,0.0,4,non-restrictive,2,19
200.0,pos2,0.0,4,non-restrictive,2,19
200.0,pos3,0.0,4,non-restrictive,2,19
200.0,pos4,0.0,4,non-restrictive,2,19
200.0,subject,1.0,4,non-restrictive,2,19
250.0,pos1,0.0,4,non-restrictive,2,19
250.0,pos2,0.0,4,non-restrictive,2,19
250.0,pos3,0.0,4,non-restrictive,2,19
250.0,pos4,0.0,4,non-restrictive,2,19
250.0,subject,1.0,4,non-restrictive,2,19
300.0,pos1,0.0,4,non-restrictive,2,19
300.0,pos2,0.0,4,non-restrictive,2,19
300.0,pos3,0.0,4,non-restrictive,2,19
300.0,pos4,0.0,4,non-restrictive,2,19
300.0,subject,1.0,4,non-restrictive,2,19
0.0,pos1,0.0,5,restrictive,1,19
0.0,pos2,0.0,5,restrictive,1,19
0.0,pos3,0.0,5,restrictive,1,19
0.0,pos4,0.0,5,restrictive,1,19
0.0,subject,0.8682,5,restrictive,1,19
50.0,pos1,0.0,5,restrictive,1,19
50.0,pos2,0.0,5,restrictive,1,19
50.0,pos3,0.0,5,restrictive,1,19
50.0,pos4,0.0,5,restrictive,1,19
50.0,subject,1.0,5,restrictive,1,19
100.0,pos1,0.0,5,restrictive,1,19
100.0,pos2,0.0,5,restrictive,1,19
100.0,pos3,0.0,5,restrictive,1,19
100.0,pos4,0.0,5,restrictive,1,19
100.0,subject,1.0,5,restrictive,1,19
150.0,pos1,0.0,5,restrictive,1,19
150.0,pos2,0.0,5,restrictive,1,19
150.0,pos3,0.0,5,restrictive,1,19
150.0,pos4,0.0,5,restrictive,1,19
150.0,subject,0.8668,5,restrictive,1,19
200.0,pos1,0.0,5,restrictive,1,19
200.0,pos2,0.0,5,restrictive,1,19
200.0,pos3,0.0,5,restrictive,1,19
200.0,pos4,0.0,5,restrictive,1,19
200.0,subject,1.0,5,restrictive,1,19
250.0,pos1,0.0,5,restrictive,1,19
250.0,pos2,0.0,5,restrictive,1,19
250.0,pos3,0.0,5,restrictive,1,19
250.0,pos4,0.0,5,restrictive,1,19
250.0,subject,1.0,5,restrictive,1,19
0.0,pos1,0.0,6,restrictive,3,19
0.0,pos2,0.0,6,restrictive,3,19
0.0,pos3,0.0,6,restrictive,3,19
0.0,pos4,1.0,6,restrictive,3,19
0.0,subject,0.0,6,restrictive,3,19
50.0,pos1,0.0,6,restrictive,3,19
50.0,pos2,0.0,6,restrictive,3,19
50.0,pos3,0.0,6,restrictive,3,19
50.0,pos4,1.0,6,restrictive,3,19
50.0,subject,0.0,6,restrictive,3,19
100.0,pos1,0.0,6,restrictive,3,19
100.0,pos2,0.0,6,restrictive,3,19
100.0,pos3,0.0,6,restrictive,3,19
100.0,pos4,1.0,6,restrictive,3,19
100.0,subject,0.0,6,restrictive,3,19
150.0,pos1,0.0,6,restrictive,3,19
150.0,pos2,0.0,6,restrictive,3,19
150.0,pos3,0.0,6,restrictive,3,19
150.0,pos4,0.7,6,restrictive,3,19
150.0,subject,0.0,6,restrictive,3,19
200.0,pos1,0.0,6,restrictive,3,19
200.0,pos2,0.0,6,restrictive,3,19
200.0,pos3,0.0,6,restrictive,3,19
200.0,pos4,0.0,6,restrictive,3,19
200.0,subject,0.0,6,restrictive,3,19
250.0,pos1,0.0,6,restrictive,3,19
250.0,pos2,0.0,6,restrictive,3,19
250.0,pos3,0.0,6,restrictive,3,19
250.0,pos4,0.0,6,restrictive,3,19
250.0,subject,0.0,6,restrictive,3,19
300.0,pos1,0.0,6,restrictive,3,19
300.0,pos2,0.0,6,restrictive,3,19
300.0,pos3,0.0,6,restrictive,3,19
300.0,pos4,0.0,6,restrictive,3,19
300.0,subject,0.0,6,restrictive,3,19
350.0,pos1,0.0,6,restrictive,3,19
350.0,pos2,0.0,6,restrictive,3,19
350.0,pos3,0.0,6,restrictive,3,19
350.0,pos4,0.0,6,restrictive,3,19
350.0,subject,0.0,6,restrictive,3,19
0.0,pos1,0.0,7,restrictive,3,19
0.0,pos2,0.0,7,restrictive,3,19
0.0,pos3,0.0,7,restrictive,3,19
0.0,pos4,0.0,7,restrictive,3,19
0.0,subject,0.0,7,restrictive,3,19
50.0,pos1,0.0,7,restrictive,3,19
50.0,pos2,0.0,7,restrictive,3,19
50.0,pos3,0.0,7,restrictive,3,19
50.0,pos4,0.0,7,restrictive,3,19
50.0,subject,0.0,7,restrictive,3,19
100.0,pos1,0.0,7,restrictive,3,19
100.0,pos2,0.0,7,restrictive,3,19
100.0,pos3,0.0,7,restrictive,3,19
100.0,pos4,0.0,7,restrictive,3,19
100.0,subject,0.0,7,restrictive,3,19
150.0,pos1,0.0,7,restrictive,3,19
150.0,pos2,0.0,7,restrictive,3,19
150.0,pos3,0.0,7,restrictive,3,19
150.0,pos4,0.0,7,restrictive,3,19
150.0,subject,0.0,7,restrictive,3,19
200.0,pos1,0.0,7,restrictive,3,19
200.0,pos2,0.0,7,restrictive,3,19
200.0,pos3,0.0,7,restrictive,3,19
200.0,pos4,0.0,7,restrictive,3,19
200.0,subject,0.0,7,restrictive,3,19
250.0,pos1,0.0,7,restrictive,3,19
250.0,pos2,0.0,7,restrictive,3,19
250.0,pos3,0.0,7,restrictive,3,19
250.0,pos4,0.0,7,restrictive,3,19
250.0,subject,0.0,7,restrictive,3,19
0.0,pos1,0.0,8,non-restrictive,2,19
0.0,pos2,0.0,8,non-restrictive,2,19
0.0,pos3,0.0,8,non-restrictive,2,19
0.0,pos4,0.0,8,non-restrictive,2,19
0.0,subject,0.0,8,non-restrictive,2,19
50.0,pos1,0.0,8,non-restrictive,2,19
50.0,pos2,0.0,8,non-restrictive,2,19
50.0,pos3,0.0,8,non-restrictive,2,19
50.0,pos4,0.0,8,non-restrictive,2,19
50.0,subject,0.0,8,non-restrictive,2,19
100.0,pos1,0.0,8,non-restrictive,2,19
100.0,pos2,0.0,8,non-restrictive,2,19
100.0,pos3,0.0,8,non-restrictive,2,19
100.0,pos4,0.0,8,non-restrictive,2,19
100.0,subject,0.0,8,non-restrictive,2,19
150.0,pos1,0.0,8,non-restrictive,2,19
150.0,pos2,0.0,8,non-restrictive,2,19
150.0,pos3,0.0,8,non-restrictive,2,19
150.0,pos4,0.0,8,non-restrictive,2,19
150.0,subject,0.0,8,non-restrictive,2,19
200.0,pos1,0.0,8,non-restrictive,2,19
200.0,pos2,0.0,8,non-restrictive,2,19
200.0,pos3,0.0,8,non-restrictive,2,19
200.0,pos4,0.0,8,non-restrictive,2,19
200.0,subject,0.0,8,non-restrictive,2,19
250.0,pos1,0.0,8,non-restrictive,2,19
250.0,pos2,0.0,8,non-restrictive,2,19
250.0,pos3,0.0,8,non-restrictive,2,19
250.0,pos4,0.0,8,non-restrictive,2,19
250.0,subject,0.0,8,non-restrictive,2,19
0.0,pos1,0.0,9,restrictive,3,19
0.0,pos2,0.0,9,restrictive,3,19
0.0,pos3,0.0,9,restrictive,3,19
0.0,pos4,0.0,9,restrictive,3,19
0.0,subject,0.5116,9,restrictive,3,19
50.0,pos1,0.0,9,restrictive,3,19
50.0,pos2,0.0,9,restrictive,3,19
50.0,pos3,0.0,9,restrictive,3,19
50.0,pos4,0.0,9,restrictive,3,19
50.0,subject,0.0,9,restrictive,3,19
100.0,pos1,0.0,9,restrictive,3,19
100.0,pos2,0.0,9,restrictive,3,19
100.0,pos3,0.0,9,restrictive,3,19
100.0,pos4,0.0,9,restrictive,3,19
100.0,subject,0.0,9,restrictive,3,19
150.0,pos1,0.0,9,restrictive,3,19
150.0,pos2,0.0,9,restrictive,3,19
150.0,pos3,0.0,9,restrictive,3,19
150.0,pos4,0.0,9,restrictive,3,19
150.0,subject,0.0,9,restrictive,3,19
200.0,pos1,0.0,9,restrictive,3,19
200.0,pos2,0.0,9,restrictive,3,19
200.0,pos3,0.0,9,restrictive,3,19
200.0,pos4,0.0,9,restrictive,3,19
200.0,subject,0.0,9,restrictive,3,19
250.0,pos1,0.0,9,restrictive,3,19
250.0,pos2,0.0,9,restrictive,3,19
250.0,pos3,0.0,9,restrictive,3,19
250.0,pos4,0.0,9,restrictive,3,19
250.0,subject,0.0,9,restrictive,3,19
0.0,pos1,0.0,10,restrictive,1,19
0.0,pos2,0.0,10,restrictive,1,19
0.0,pos3,0.0,10,restrictive,1,19
0.0,pos4,0.0,10,restrictive,1,19
0.0,subject,0.0,10,restrictive,1,19
50.0,pos1,0.0,10,restrictive,1,19
50.0,pos2,0.0,10,restrictive,1,19
50.0,pos3,0.0,10,restrictive,1,19
50.0,pos4,0.0,10,restrictive,1,19
50.0,subject,0.0,10,restrictive,1,19
100.0,pos1,0.0,10,restrictive,1,19
100.0,pos2,0.0,10,restrictive,1,19
100.0,pos3,0.0,10,restrictive,1,19
100.0,pos4,0.0,10,restrictive,1,19
100.0,subject,0.0,10,restrictive,1,19
150.0,pos1,0.0,10,restrictive,1,19
150.0,pos2,0.0,10,restrictive,1,19
150.0,pos3,0.0,10,restrictive,1,19
150.0,pos4,0.0,10,restrictive,1,19
150.0,subject,0.0,10,restrictive,1,19
200.0,pos1,0.0,10,restrictive,1,19
200.0,pos2,0.0,10,restrictive,1,19
200.0,pos3,0.0,10,restrictive,1,19
200.0,pos4,0.0,10,restrictive,1,19
200.0,subject,0.0,10,restrictive,1,19
250.0,pos1,0.0,10,restrictive,1,19
250.0,pos2,0.0,10,restrictive,1,19
250.0,pos3,0.0,10,restrictive,1,19
250.0,pos4,0.0,10,restrictive,1,19
250.0,subject,0.0,10,restrictive,1,19
300.0,pos1,0.0,10,restrictive,1,19
300.0,pos2,0.0,10,restrictive,1,19
300.0,pos3,0.0,10,restrictive,1,19
300.0,pos4,0.0,10,restrictive,1,19
300.0,subject,0.0,10,restrictive,1,19
0.0,pos1,0.0,11,restrictive,3,19
0.0,pos2,0.0,11,restrictive,3,19
0.0,pos3,0.0,11,restrictive,3,19
0.0,pos4,0.0,11,restrictive,3,19
0.0,subject,0.0,11,restrictive,3,19
50.0,pos1,0.0,11,restrictive,3,19
50.0,pos2,0.0,11,restrictive,3,19
50.0,pos3,0.0,11,restrictive,3,19
50.0,pos4,0.0,11,restrictive,3,19
50.0,subject,0.0,11,restrictive,3,19
100.0,pos1,0.0,11,restrictive,3,19
100.0,pos2,0.0,11,restrictive,3,19
100.0,pos3,0.0,11,restrictive,3,19
100.0,pos4,0.0,11,restrictive,3,19
100.0,subject,0.0,11,restrictive,3,19
150.0,pos1,0.0,11,restrictive,3,19
150.0,pos2,0.0,11,restrictive,3,19
150.0,pos3,0.0,11,restrictive,3,19
150.0,pos4,0.0,11,restrictive,3,19
150.0,subject,0.4538,11,restrictive,3,19
200.0,pos1,0.0,11,restrictive,3,19
200.0,pos2,0.0,11,restrictive,3,19
200.0,pos3,0.0,11,restrictive,3,19
200.0,pos4,0.0,11,restrictive,3,19
200.0,subject,1.0,11,restrictive,3,19
250.0,pos1,0.0,11,restrictive,3,19
250.0,pos2,0.0,11,restrictive,3,19
250.0,pos3,0.0,11,restrictive,3,19
250.0,pos4,0.0,11,restrictive,3,19
250.0,subject,1.0,11,restrictive,3,19
0.0,pos1,0.0,12,restrictive,3,19
0.0,pos2,0.0,12,restrictive,3,19
0.0,pos3,0.0,12,restrictive,3,19
0.0,pos4,0.0,12,restrictive,3,19
0.0,subject,0.0,12,restrictive,3,19
50.0,pos1,0.0,12,restrictive,3,19
50.0,pos2,0.0,12,restrictive,3,19
50.0,pos3,0.0,12,restrictive,3,19
50.0,pos4,0.0,12,restrictive,3,19
50.0,subject,0.0,12,restrictive,3,19
100.0,pos1,0.0,12,restrictive,3,19
100.0,pos2,0.0,12,restrictive,3,19
100.0,pos3,0.0,12,restrictive,3,19
100.0,pos4,0.0,12,restrictive,3,19
100.0,subject,0.0,12,restrictive,3,19
150.0,pos1,0.0,12,restrictive,3,19
150.0,pos2,0.0,12,restrictive,3,19
150.0,pos3,0.0,12,restrictive,3,19
150.0,pos4,0.0,12,restrictive,3,19
150.0,subject,0.0,12,restrictive,3,19
200.0,pos1,0.0,12,restrictive,3,19
200.0,pos2,0.0,12,restrictive,3,19
200.0,pos3,0.0,12,restrictive,3,19
200.0,pos4,0.0,12,restrictive,3,19
200.0,subject,0.0,12,restrictive,3,19
250.0,pos1,0.0,12,restrictive,3,19
250.0,pos2,0.0,12,restrictive,3,19
250.0,pos3,0.0,12,restrictive,3,19
250.0,pos4,0.0,12,restrictive,3,19
250.0,subject,0.3754,12,restrictive,3,19
300.0,pos1,0.0,12,restrictive,3,19
300.0,pos2,0.0,12,restrictive,3,19
300.0,pos3,0.0,12,restrictive,3,19
300.0,pos4,0.0,12,restrictive,3,19
300.0,subject,1.0,12,restrictive,3,19
0.0,pos1,0.0,13,non-restrictive,4,19
0.0,pos2,0.0,13,non-restrictive,4,19
0.0,pos3,0.0,13,non-restrictive,4,19
0.0,pos4,0.0,13,non-restrictive,4,19
0.0,subject,0.0,13,non-restrictive,4,19
50.0,pos1,0.0,13,non-restrictive,4,19
50.0,pos2,0.0,13,non-restrictive,4,19
50.0,pos3,0.0,13,non-restrictive,4,19
50.0,pos4,0.0,13,non-restrictive,4,19
50.0,subject,0.0,13,non-restrictive,4,19
100.0,pos1,0.0,13,non-restrictive,4,19
100.0,pos2,0.0,13,non-restrictive,4,19
100.0,pos3,0.0,13,non-restrictive,4,19
100.0,pos4,0.0,13,non-restrictive,4,19
100.0,subject,0.0,13,non-restrictive,4,19
150.0,pos1,0.0,13,non-restrictive,4,19
150.0,pos2,0.0,13,non-restrictive,4,19
150.0,pos3,0.0,13,non-restrictive,4,19
150.0,pos4,0.0,13,non-restrictive,4,19
150.0,subject,0.0,13,non-restrictive,4,19
200.0,pos1,0.0,13,non-restrictive,4,19
200.0,pos2,0.0,13,non-restrictive,4,19
200.0,pos3,0.0,13,non-restrictive,4,19
200.0,pos4,0.0,13,non-restrictive,4,19
200.0,subject,0.0,13,non-restrictive,4,19
250.0,pos1,0.0,13,non-restrictive,4,19
250.0,pos2,0.0,13,non-restrictive,4,19
250.0,pos3,0.0,13,non-restrictive,4,19
250.0,pos4,0.0,13,non-restrictive,4,19
250.0,subject,0.0,13,non-restrictive,4,19
0.0,pos1,0.0,14,restrictive,1,19
0.0,pos2,0.0,14,restrictive,1,19
0.0,pos3,0.0,14,restrictive,1,19
0.0,pos4,0.0,14,restrictive,1,19
0.0,subject,1.0,14,restrictive,1,19
50.0,pos1,0.0,14,restrictive,1,19
50.0,pos2,0.0,14,restrictive,1,19
50.0,pos3,0.0,14,restrictive,1,19
50.0,pos4,0.0,14,restrictive,1,19
50.0,subject,1.0,14,restrictive,1,19
100.0,pos1,0.0,14,restrictive,1,19
100.0,pos2,0.0,14,restrictive,1,19
100.0,pos3,0.0,14,restrictive,1,19
100.0,pos4,0.0,14,restrictive,1,19
100.0,subject,1.0,14,restrictive,1,19
150.0,pos1,0.0,14,restrictive,1,19
150.0,pos2,0.0,14,restrictive,1,19
150.0,pos3,0.0,14,restrictive,1,19
150.0,pos4,0.0,14,restrictive,1,19
150.0,subject,1.0,14,restrictive,1,19
200.0,pos1,0.0,14,restrictive,1,19
200.0,pos2,0.0,14,restrictive,1,19
200.0,pos3,0.0,14,restrictive,1,19
200.0,pos4,0.0,14,restrictive,1,19
200.0,subject,1.0,14,restrictive,1,19
250.0,pos1,0.0,14,restrictive,1,19
250.0,pos2,0.0,14,restrictive,1,19
250.0,pos3,0.0,14,restrictive,1,19
250.0,pos4,0.0,14,restrictive,1,19
250.0,subject,1.0,14,restrictive,1,19
0.0,pos1,0.0,15,non-restrictive,2,19
0.0,pos2,0.0,15,non-restrictive,2,19
0.0,pos3,0.0,15,non-restrictive,2,19
0.0,pos4,0.0,15,non-restrictive,2,19
0.0,subject,1.0,15,non-restrictive,2,19
50.0,pos1,0.0,15,non-restrictive,2,19
50.0,pos2,0.0,15,non-restrictive,2,19
50.0,pos3,0.0,15,non-restrictive,2,19
50.0,pos4,0.0,15,non-restrictive,2,19
50.0,subject,1.0,15,non-restrictive,2,19
100.0,pos1,0.0,15,non-restrictive,2,19
100.0,pos2,0.0,15,non-restrictive,2,19
100.0,pos3,0.0,15,non-restrictive,2,19
100.0,pos4,0.0,15,non-restrictive,2,19
100.0,subject,1.0,15,non-restrictive,2,19
150.0,pos1,0.0,15,non-restrictive,2,19
150.0,pos2,0.0,15,non-restrictive,2,19
150.0,pos3,0.0,15,non-restrictive,2,19
150.0,pos4,0.0,15,non-restrictive,2,19
150.0,subject,1.0,15,non-restrictive,2,19
200.0,pos1,0.0,15,non-restrictive,2,19
200.0,pos2,0.0,15,non-restrictive,2,19
200.0,pos3,0.0,15,non-restrictive,2,19
200.0,pos4,0.0,15,non-restrictive,2,19
200.0,subject,1.0,15,non-restrictive,2,19
250.0,pos1,0.0,15,non-restrictive,2,19
250.0,pos2,0.0,15,non-restrictive,2,19
250.0,pos3,0.0,15,non-restrictive,2,19
250.0,pos4,0.0,15,non-restrictive,2,19
250.0,subject,1.0,15,non-restrictive,2,19
0.0,pos1,0.0,16,non-restrictive,4,19
0.0,pos2,0.0,16,non-restrictive,4,19
0.0,pos3,0.0,16,non-restrictive,4,19
0.0,pos4,0.0,16,non-restrictive,4,19
0.0,subject,1.0,16,non-restrictive,4,19
50.0,pos1,0.0,16,non-restrictive,4,19
50.0,pos2,0.0,16,non-restrictive,4,19
50.0,pos3,0.0,16,non-restrictive,4,19
50.0,pos4,0.0,16,non-restrictive,4,19
50.0,subject,1.0,16,non-restrictive,4,19
100.0,pos1,0.0,16,non-restrictive,4,19
100.0,pos2,0.0,16,non-restrictive,4,19
100.0,pos3,0.0,16,non-restrictive,4,19
100.0,pos4,0.0,16,non-restrictive,4,19
100.0,subject,1.0,16,non-restrictive,4,19
150.0,pos1,0.0,16,non-restrictive,4,19
150.0,pos2,0.0,16,non-restrictive,4,19
150.0,pos3,0.0,16,non-restrictive,4,19
150.0,pos4,0.0,16,non-restrictive,4,19
150.0,subject,0.7356,16,non-restrictive,4,19
200.0,pos1,0.0,16,non-restrictive,4,19
200.0,pos2,0.0,16,non-restrictive,4,19
200.0,pos3,0.0,16,non-restrictive,4,19
200.0,pos4,0.0,16,non-restrictive,4,19
200.0,subject,0.0,16,non-restrictive,4,19
250.0,pos1,0.0,16,non-restrictive,4,19
250.0,pos2,0.0,16,non-restrictive,4,19
250.0,pos3,0.0,16,non-restrictive,4,19
250.0,pos4,0.0,16,non-restrictive,4,19
250.0,subject,0.0,16,non-restrictive,4,19
300.0,pos1,0.0,16,non-restrictive,4,19
300.0,pos2,0.0,16,non-restrictive,4,19
300.0,pos3,0.0,16,non-restrictive,4,19
300.0,pos4,0.0,16,non-restrictive,4,19
300.0,subject,0.0,16,non-restrictive,4,19
350.0,pos1,0.0,16,non-restrictive,4,19
350.0,pos2,0.0,16,non-restrictive,4,19
350.0,pos3,0.0,16,non-restrictive,4,19
350.0,pos4,0.0,16,non-restrictive,4,19
350.0,subject,0.0,16,non-restrictive,4,19
0.0,pos1,0.0,17,non-restrictive,4,19
0.0,pos2,0.0,17,non-restrictive,4,19
0.0,pos3,0.0,17,non-restrictive,4,19
0.0,pos4,0.0,17,non-restrictive,4,19
0.0,subject,0.0,17,non-restrictive,4,19
50.0,pos1,0.0,17,non-restrictive,4,19
50.0,pos2,0.0,17,non-restrictive,4,19
50.0,pos3,0.0,17,non-restrictive,4,19
50.0,pos4,0.0,17,non-restrictive,4,19
50.0,subject,0.0,17,non-restrictive,4,19
100.0,pos1,0.0,17,non-restrictive,4,19
100.0,pos2,0.0,17,non-restrictive,4,19
100.0,pos3,0.0,17,non-restrictive,4,19
100.0,pos4,0.0,17,non-restrictive,4,19
100.0,subject,0.0,17,non-restrictive,4,19
150.0,pos1,0.0,17,non-restrictive,4,19
150.0,pos2,0.0,17,non-restrictive,4,19
150.0,pos3,0.0,17,non-restrictive,4,19
150.0,pos4,0.0,17,non-restrictive,4,19
150.0,subject,0.0,17,non-restrictive,4,19
200.0,pos1,0.0,17,non-restrictive,4,19
200.0,pos2,0.0,17,non-restrictive,4,19
200.0,pos3,0.0,17,non-restrictive,4,19
200.0,pos4,0.0,17,non-restrictive,4,19
200.0,subject,0.0,17,non-restrictive,4,19
250.0,pos1,0.0,17,non-restrictive,4,19
250.0,pos2,0.0,17,non-restrictive,4,19
250.0,pos3,0.0,17,non-restrictive,4,19
250.0,pos4,0.0,17,non-restrictive,4,19
250.0,subject,0.0,17,non-restrictive,4,19
0.0,pos1,0.0,18,non-restrictive,2,19
0.0,pos2,0.0,18,non-restrictive,2,19
0.0,pos3,0.0,18,non-restrictive,2,19
0.0,pos4,0.0,18,non-restrictive,2,19
0.0,subject,0.0,18,non-restrictive,2,19
50.0,pos1,0.0,18,non-restrictive,2,19
50.0,pos2,0.0,18,non-restrictive,2,19
50.0,pos3,0.0,18,non-restrictive,2,19
50.0,pos4,0.0,18,non-restrictive,2,19
50.0,subject,0.0,18,non-restrictive,2,19
100.0,pos1,0.0,18,non-restrictive,2,19
100.0,pos2,0.0,18,non-restrictive,2,19
100.0,pos3,0.0,18,non-restrictive,2,19
100.0,pos4,0.0,18,non-restrictive,2,19
100.0,subject,0.0,18,non-restrictive,2,19
150.0,pos1,0.0,18,non-restrictive,2,19
150.0,pos2,0.0,18,non-restrictive,2,19
150.0,pos3,0.0,18,non-restrictive,2,19
150.0,pos4,0.0,18,non-restrictive,2,19
150.0,subject,0.0,18,non-restrictive,2,19
200.0,pos1,0.0,18,non-restrictive,2,19
200.0,pos2,0.0,18,non-restrictive,2,19
200.0,pos3,0.0,18,non-restrictive,2,19
200.0,pos4,0.0,18,non-restrictive,2,19
200.0,subject,0.0,18,non-restrictive,2,19
250.0,pos1,0.0,18,non-restrictive,2,19
250.0,pos2,0.0,18,non-restrictive,2,19
250.0,pos3,0.0,18,non-restrictive,2,19
250.0,pos4,0.0,18,non-restrictive,2,19
250.0,subject,0.0,18,non-restrictive,2,19
0.0,pos1,0.0,19,restrictive,1,19
0.0,pos2,0.0,19,restrictive,1,19
0.0,pos3,0.0,19,restrictive,1,19
0.0,pos4,0.0,19,restrictive,1,19
0.0,subject,1.0,19,restrictive,1,19
50.0,pos1,0.0,19,restrictive,1,19
50.0,pos2,0.0,19,restrictive,1,19
50.0,pos3,0.0,19,restrictive,1,19
50.0,pos4,0.0,19,restrictive,1,19
50.0,subject,0.1062,19,restrictive,1,19
100.0,pos1,0.0,19,restrictive,1,19
100.0,pos2,0.0,19,restrictive,1,19
100.0,pos3,0.0,19,restrictive,1,19
100.0,pos4,0.0,19,restrictive,1,19
100.0,subject,0.0,19,restrictive,1,19
150.0,pos1,0.0,19,restrictive,1,19
150.0,pos2,0.0,19,restrictive,1,19
150.0,pos3,0.0,19,restrictive,1,19
150.0,pos4,0.0,19,restrictive,1,19
150.0,subject,0.0,19,restrictive,1,19
200.0,pos1,0.0,19,restrictive,1,19
200.0,pos2,0.0,19,restrictive,1,19
200.0,pos3,0.0,19,restrictive,1,19
200.0,pos4,0.0,19,restrictive,1,19
200.0,subject,0.0,19,restrictive,1,19
250.0,pos1,0.0,19,restrictive,1,19
250.0,pos2,0.0,19,restrictive,1,19
250.0,pos3,0.0,19,restrictive,1,19
250.0,pos4,0.0,19,restrictive,1,19
250.0,subject,0.0,19,restrictive,1,19
0.0,pos1,0.0,20,non-restrictive,4,19
0.0,pos2,0.0,20,non-restrictive,4,19
0.0,pos3,0.0,20,non-restrictive,4,19
0.0,pos4,0.0,20,non-restrictive,4,19
0.0,subject,1.0,20,non-restrictive,4,19
50.0,pos1,0.0,20,non-restrictive,4,19
50.0,pos2,0.0,20,non-restrictive,4,19
50.0,pos3,0.0,20,non-restrictive,4,19
50.0,pos4,0.0,20,non-restrictive,4,19
50.0,subject,1.0,20,non-restrictive,4,19
100.0,pos1,0.0,20,non-restrictive,4,19
100.0,pos2,0.0,20,non-restrictive,4,19
100.0,pos3,0.0,20,non-restrictive,4,19
100.0,pos4,0.0,20,non-restrictive,4,19
100.0,subject,1.0,20,non-restrictive,4,19
150.0,pos1,0.0,20,non-restrictive,4,19
150.0,pos2,0.0,20,non-restrictive,4,19
150.0,pos3,0.0,20,non-restrictive,4,19
150.0,pos4,0.0,20,non-restrictive,4,19
150.0,subject,1.0,20,non-restrictive,4,19
200.0,pos1,0.0,20,non-restrictive,4,19
200.0,pos2,0.0,20,non-restrictive,4,19
200.0,pos3,0.0,20,non-restrictive,4,19
200.0,pos4,0.0,20,non-restrictive,4,19
200.0,subject,1.0,20,non-restrictive,4,19
250.0,pos1,0.0,20,non-restrictive,4,19
250.0,pos2,0.0,20,non-restrictive,4,19
250.0,pos3,0.0,20,non-restrictive,4,19
250.0,pos4,0.0,20,non-restrictive,4,19
250.0,subject,0.708261,20,non-restrictive,4,19
0.0,pos1,0.0,21,restrictive,3,19
0.0,pos2,0.0,21,restrictive,3,19
0.0,pos3,0.0,21,restrictive,3,19
0.0,pos4,0.0,21,restrictive,3,19
0.0,subject,0.0,21,restrictive,3,19
50.0,pos1,0.0,21,restrictive,3,19
50.0,pos2,0.0,21,restrictive,3,19
50.0,pos3,0.0,21,restrictive,3,19
50.0,pos4,0.0,21,restrictive,3,19
50.0,subject,0.0,21,restrictive,3,19
100.0,pos1,0.0,21,restrictive,3,19
100.0,pos2,0.0,21,restrictive,3,19
100.0,pos3,0.0,21,restrictive,3,19
100.0,pos4,0.0,21,restrictive,3,19
100.0,subject,0.0,21,restrictive,3,19
150.0,pos1,0.0,21,restrictive,3,19
150.0,pos2,0.0,21,restrictive,3,19
150.0,pos3,0.0,21,restrictive,3,19
150.0,pos4,0.0,21,restrictive,3,19
150.0,subject,0.0,21,restrictive,3,19
200.0,pos1,0.0,21,restrictive,3,19
200.0,pos2,0.0,21,restrictive,3,19
200.0,pos3,0.0,21,restrictive,3,19
200.0,pos4,0.0,21,restrictive,3,19
200.0,subject,0.0,21,restrictive,3,19
250.0,pos1,0.0,21,restrictive,3,19
250.0,pos2,0.0,21,restrictive,3,19
250.0,pos3,0.0,21,restrictive,3,19
250.0,pos4,0.0,21,restrictive,3,19
250.0,subject,0.0,21,restrictive,3,19
300.0,pos1,0.0,21,restrictive,3,19
300.0,pos2,0.0,21,restrictive,3,19
300.0,pos3,0.0,21,restrictive,3,19
300.0,pos4,0.0,21,restrictive,3,19
300.0,subject,0.0,21,restrictive,3,19
0.0,pos1,0.0,22,restrictive,1,19
0.0,pos2,0.0,22,restrictive,1,19
0.0,pos3,0.0,22,restrictive,1,19
0.0,pos4,0.0,22,restrictive,1,19
0.0,subject,1.0,22,restrictive,1,19
50.0,pos1,0.0,22,restrictive,1,19
50.0,pos2,0.0,22,restrictive,1,19
50.0,pos3,0.0,22,restrictive,1,19
50.0,pos4,0.0,22,restrictive,1,19
50.0,subject,1.0,22,restrictive,1,19
100.0,pos1,0.0,22,restrictive,1,19
100.0,pos2,0.0,22,restrictive,1,19
100.0,pos3,0.0,22,restrictive,1,19
100.0,pos4,0.0,22,restrictive,1,19
100.0,subject,1.0,22,restrictive,1,19
150.0,pos1,0.0,22,restrictive,1,19
150.0,pos2,0.0,22,restrictive,1,19
150.0,pos3,0.0,22,restrictive,1,19
150.0,pos4,0.0,22,restrictive,1,19
150.0,subject,1.0,22,restrictive,1,19
200.0,pos1,0.0,22,restrictive,1,19
200.0,pos2,0.0,22,restrictive,1,19
200.0,pos3,0.0,22,restrictive,1,19
200.0,pos4,0.0,22,restrictive,1,19
200.0,subject,0.9876,22,restrictive,1,19
250.0,pos1,0.0,22,restrictive,1,19
250.0,pos2,0.0,22,restrictive,1,19
250.0,pos3,0.0,22,restrictive,1,19
250.0,pos4,0.0,22,restrictive,1,19
250.0,subject,0.0,22,restrictive,1,19
0.0,pos1,0.0,23,non-restrictive,2,19
0.0,pos2,0.0,23,non-restrictive,2,19
0.0,pos3,0.0,23,non-restrictive,2,19
0.0,pos4,0.0,23,non-restrictive,2,19
0.0,subject,1.0,23,non-restrictive,2,19
50.0,pos1,0.0,23,non-restrictive,2,19
50.0,pos2,0.0,23,non-restrictive,2,19
50.0,pos3,0.0,23,non-restrictive,2,19
50.0,pos4,0.0,23,non-restrictive,2,19
50.0,subject,1.0,23,non-restrictive,2,19
100.0,pos1,0.0,23,non-restrictive,2,19
100.0,pos2,0.0,23,non-restrictive,2,19
100.0,pos3,0.0,23,non-restrictive,2,19
100.0,pos4,0.0,23,non-restrictive,2,19
100.0,subject,1.0,23,non-restrictive,2,19
150.0,pos1,0.0,23,non-restrictive,2,19
150.0,pos2,0.0,23,non-restrictive,2,19
150.0,pos3,0.0,23,non-restrictive,2,19
150.0,pos4,0.0,23,non-restrictive,2,19
150.0,subject,1.0,23,non-restrictive,2,19
200.0,pos1,0.0,23,non-restrictive,2,19
200.0,pos2,0.0,23,non-restrictive,2,19
200.0,pos3,0.0,23,non-restrictive,2,19
200.0,pos4,0.0,23,non-restrictive,2,19
200.0,subject,1.0,23,non-restrictive,2,19
250.0,pos1,0.0,23,non-restrictive,2,19
250.0,pos2,0.0,23,non-restrictive,2,19
250.0,pos3,0.0,23,non-restrictive,2,19
250.0,pos4,0.0,23,non-restrictive,2,19
250.0,subject,1.0,23,non-restrictive,2,19
0.0,pos1,0.0,24,non-restrictive,4,19
0.0,pos2,0.0,24,non-restrictive,4,19
0.0,pos3,0.0,24,non-restrictive,4,19
0.0,pos4,0.0,24,non-restrictive,4,19
0.0,subject,0.0,24,non-restrictive,4,19
50.0,pos1,0.0,24,non-restrictive,4,19
50.0,pos2,0.0,24,non-restrictive,4,19
50.0,pos3,0.0,24,non-restrictive,4,19
50.0,pos4,0.0,24,non-restrictive,4,19
50.0,subject,0.0,24,non-restrictive,4,19
100.0,pos1,0.0,24,non-restrictive,4,19
100.0,pos2,0.0,24,non-restrictive,4,19
100.0,pos3,0.0,24,non-restrictive,4,19
100.0,pos4,0.0,24,non-restrictive,4,19
100.0,subject,0.0,24,non-restrictive,4,19
150.0,pos1,0.0,24,non-restrictive,4,19
150.0,pos2,0.0,24,non-restrictive,4,19
150.0,pos3,0.0,24,non-restrictive,4,19
150.0,pos4,0.0,24,non-restrictive,4,19
150.0,subject,0.0,24,non-restrictive,4,19
200.0,pos1,0.0,24,non-restrictive,4,19
200.0,pos2,0.0,24,non-restrictive,4,19
200.0,pos3,0.0,24,non-restrictive,4,19
200.0,pos4,0.0,24,non-restrictive,4,19
200.0,subject,0.0,24,non-restrictive,4,19
0.0,pos1,0.0,25,restrictive,1,19
0.0,pos2,0.0,25,restrictive,1,19
0.0,pos3,0.0,25,restrictive,1,19
0.0,pos4,0.0,25,restrictive,1,19
0.0,subject,0.0,25,restrictive,1,19
50.0,pos1,0.0,25,restrictive,1,19
50.0,pos2,0.0,25,restrictive,1,19
50.0,pos3,0.0,25,restrictive,1,19
50.0,pos4,0.0,25,restrictive,1,19
50.0,subject,0.0,25,restrictive,1,19
100.0,pos1,0.0,25,restrictive,1,19
100.0,pos2,0.0,25,restrictive,1,19
100.0,pos3,0.0,25,restrictive,1,19
100.0,pos4,0.0,25,restrictive,1,19
100.0,subject,0.0,25,restrictive,1,19
150.0,pos1,0.0,25,restrictive,1,19
150.0,pos2,0.0,25,restrictive,1,19
150.0,pos3,0.0,25,restrictive,1,19
150.0,pos4,0.0,25,restrictive,1,19
150.0,subject,0.0,25,restrictive,1,19
200.0,pos1,0.0,25,restrictive,1,19
200.0,pos2,0.0,25,restrictive,1,19
200.0,pos3,0.0,25,restrictive,1,19
200.0,pos4,0.0,25,restrictive,1,19
200.0,subject,0.0,25,restrictive,1,19
250.0,pos1,0.0,25,restrictive,1,19
250.0,pos2,0.0,25,restrictive,1,19
250.0,pos3,0.0,25,restrictive,1,19
250.0,pos4,0.0,25,restrictive,1,19
250.0,subject,0.0,25,restrictive,1,19
0.0,pos1,0.0,26,restrictive,3,19
0.0,pos2,0.0,26,restrictive,3,19
0.0,pos3,0.0,26,restrictive,3,19
0.0,pos4,0.0,26,restrictive,3,19
0.0,subject,1.0,26,restrictive,3,19
50.0,pos1,0.0,26,restrictive,3,19
50.0,pos2,0.0,26,restrictive,3,19
50.0,pos3,0.0,26,restrictive,3,19
50.0,pos4,0.0,26,restrictive,3,19
50.0,subject,1.0,26,restrictive,3,19
100.0,pos1,0.0,26,restrictive,3,19
100.0,pos2,0.0,26,restrictive,3,19
100.0,pos3,0.0,26,restrictive,3,19
100.0,pos4,0.0,26,restrictive,3,19
100.0,subject,1.0,26,restrictive,3,19
150.0,pos1,0.0,26,restrictive,3,19
150.0,pos2,0.0,26,restrictive,3,19
150.0,pos3,0.0,26,restrictive,3,19
150.0,pos4,0.0,26,restrictive,3,19
150.0,subject,0.1144,26,restrictive,3,19
200.0,pos1,0.0,26,restrictive,3,19
200.0,pos2,0.0,26,restrictive,3,19
200.0,pos3,0.0,26,restrictive,3,19
200.0,pos4,0.0,26,restrictive,3,19
200.0,subject,0.0,26,restrictive,3,19
250.0,pos1,0.0,26,restrictive,3,19
250.0,pos2,0.0,26,restrictive,3,19
250.0,pos3,0.0,26,restrictive,3,19
250.0,pos4,0.0,26,restrictive,3,19
250.0,subject,0.0,26,restrictive,3,19
0.0,pos1,0.0,27,non-restrictive,2,19
0.0,pos2,0.0,27,non-restrictive,2,19
0.0,pos3,0.0,27,non-restrictive,2,19
0.0,pos4,0.0,27,non-restrictive,2,19
0.0,subject,0.0,27,non-restrictive,2,19
50.0,pos1,0.0,27,non-restrictive,2,19
50.0,pos2,0.0,27,non-restrictive,2,19
50.0,pos3,0.0,27,non-restrictive,2,19
50.0,pos4,0.0,27,non-restrictive,2,19
50.0,subject,0.0,27,non-restrictive,2,19
100.0,pos1,0.0,27,non-restrictive,2,19
100.0,pos2,0.0,27,non-restrictive,2,19
100.0,pos3,0.0,27,non-restrictive,2,19
100.0,pos4,0.0,27,non-restrictive,2,19
100.0,subject,0.0,27,non-restrictive,2,19
150.0,pos1,0.0,27,non-restrictive,2,19
150.0,pos2,0.0,27,non-restrictive,2,19
150.0,pos3,0.0,27,non-restrictive,2,19
150.0,pos4,0.0,27,non-restrictive,2,19
150.0,subject,0.0,27,non-restrictive,2,19
200.0,pos1,0.0,27,non-restrictive,2,19
200.0,pos2,0.0,27,non-restrictive,2,19
200.0,pos3,0.0,27,non-restrictive,2,19
200.0,pos4,0.0,27,non-restrictive,2,19
200.0,subject,0.0,27,non-restrictive,2,19
250.0,pos1,0.0,27,non-restrictive,2,19
250.0,pos2,0.0,27,non-restrictive,2,19
250.0,pos3,0.0,27,non-restrictive,2,19
250.0,pos4,0.0,27,non-restrictive,2,19
250.0,subject,0.0,27,non-restrictive,2,19
0.0,pos1,0.0,28,restrictive,3,19
0.0,pos2,0.0,28,restrictive,3,19
0.0,pos3,0.0,28,restrictive,3,19
0.0,pos4,0.0,28,restrictive,3,19
0.0,subject,0.0,28,restrictive,3,19
50.0,pos1,0.0,28,restrictive,3,19
50.0,pos2,0.0,28,restrictive,3,19
50.0,pos3,0.0,28,restrictive,3,19
50.0,pos4,0.0,28,restrictive,3,19
50.0,subject,0.0,28,restrictive,3,19
100.0,pos1,0.0,28,restrictive,3,19
100.0,pos2,0.0,28,restrictive,3,19
100.0,pos3,0.0,28,restrictive,3,19
100.0,pos4,0.0,28,restrictive,3,19
100.0,subject,0.0,28,restrictive,3,19
150.0,pos1,0.0,28,restrictive,3,19
150.0,pos2,0.0,28,restrictive,3,19
150.0,pos3,0.0,28,restrictive,3,19
150.0,pos4,0.0,28,restrictive,3,19
150.0,subject,0.0,28,restrictive,3,19
200.0,pos1,0.0,28,restrictive,3,19
200.0,pos2,0.0,28,restrictive,3,19
200.0,pos3,0.0,28,restrictive,3,19
200.0,pos4,0.0,28,restrictive,3,19
200.0,subject,0.0,28,restrictive,3,19
0.0,pos1,0.0,29,non-restrictive,4,19
0.0,pos2,0.0,29,non-restrictive,4,19
0.0,pos3,0.0,29,non-restrictive,4,19
0.0,pos4,0.0,29,non-restrictive,4,19
0.0,subject,0.0,29,non-restrictive,4,19
50.0,pos1,0.0,29,non-restrictive,4,19
50.0,pos2,0.0,29,non-restrictive,4,19
50.0,pos3,0.0,29,non-restrictive,4,19
50.0,pos4,0.0,29,non-restrictive,4,19
50.0,subject,0.0,29,non-restrictive,4,19
100.0,pos1,0.0,29,non-restrictive,4,19
100.0,pos2,0.0,29,non-restrictive,4,19
100.0,pos3,0.0,29,non-restrictive,4,19
100.0,pos4,0.0,29,non-restrictive,4,19
100.0,subject,0.489,29,non-restrictive,4,19
150.0,pos1,0.0,29,non-restrictive,4,19
150.0,pos2,0.0,29,non-restrictive,4,19
150.0,pos3,0.0,29,non-restrictive,4,19
150.0,pos4,0.0,29,non-restrictive,4,19
150.0,subject,1.0,29,non-restrictive,4,19
200.0,pos1,0.0,29,non-restrictive,4,19
200.0,pos2,0.0,29,non-restrictive,4,19
200.0,pos3,0.0,29,non-restrictive,4,19
200.0,pos4,0.0,29,non-restrictive,4,19
200.0,subject,1.0,29,non-restrictive,4,19
250.0,pos1,0.0,29,non-restrictive,4,19
250.0,pos2,0.0,29,non-restrictive,4,19
250.0,pos3,0.0,29,non-restrictive,4,19
250.0,pos4,0.0,29,non-restrictive,4,19
250.0,subject,1.0,29,non-restrictive,4,19
0.0,pos1,0.0,30,restrictive,3,19
0.0,pos2,0.0,30,restrictive,3,19
0.0,pos3,0.0,30,restrictive,3,19
0.0,pos4,0.0,30,restrictive,3,19
0.0,subject,0.0,30,restrictive,3,19
50.0,pos1,0.0,30,restrictive,3,19
50.0,pos2,0.0,30,restrictive,3,19
50.0,pos3,0.0,30,restrictive,3,19
50.0,pos4,0.0,30,restrictive,3,19
50.0,subject,0.0,30,restrictive,3,19
100.0,pos1,0.0,30,restrictive,3,19
100.0,pos2,0.0,30,restrictive,3,19
100.0,pos3,0.0,30,restrictive,3,19
100.0,pos4,0.0,30,restrictive,3,19
100.0,subject,0.0,30,restrictive,3,19
150.0,pos1,0.0,30,restrictive,3,19
150.0,pos2,0.0,30,restrictive,3,19
150.0,pos3,0.0,30,restrictive,3,19
150.0,pos4,0.0,30,restrictive,3,19
150.0,subject,0.0,30,restrictive,3,19
200.0,pos1,0.0,30,restrictive,3,19
200.0,pos2,0.0,30,restrictive,3,19
200.0,pos3,0.0,30,restrictive,3,19
200.0,pos4,0.0,30,restrictive,3,19
200.0,subject,0.0,30,restrictive,3,19
250.0,pos1,0.0,30,restrictive,3,19
250.0,pos2,0.0,30,restrictive,3,19
250.0,pos3,0.0,30,restrictive,3,19
250.0,pos4,0.0,30,restrictive,3,19
250.0,subject,0.0,30,restrictive,3,19
0.0,pos1,0.0,31,non-restrictive,4,19
0.0,pos2,0.0,31,non-restrictive,4,19
0.0,pos3,0.0,31,non-restrictive,4,19
0.0,pos4,1.0,31,non-restrictive,4,19
0.0,subject,0.0,31,non-restrictive,4,19
50.0,pos1,0.0,31,non-restrictive,4,19
50.0,pos2,0.0,31,non-restrictive,4,19
50.0,pos3,0.0,31,non-restrictive,4,19
50.0,pos4,1.0,31,non-restrictive,4,19
50.0,subject,0.0,31,non-restrictive,4,19
100.0,pos1,0.0,31,non-restrictive,4,19
100.0,pos2,0.0,31,non-restrictive,4,19
100.0,pos3,0.0,31,non-restrictive,4,19
100.0,pos4,0.2806,31,non-restrictive,4,19
100.0,subject,0.0,31,non-restrictive,4,19
150.0,pos1,0.0,31,non-restrictive,4,19
150.0,pos2,0.0,31,non-restrictive,4,19
150.0,pos3,0.0,31,non-restrictive,4,19
150.0,pos4,0.0,31,non-restrictive,4,19
150.0,subject,0.0,31,non-restrictive,4,19
200.0,pos1,0.0,31,non-restrictive,4,19
200.0,pos2,0.0,31,non-restrictive,4,19
200.0,pos3,0.0,31,non-restrictive,4,19
200.0,pos4,0.0,31,non-restrictive,4,19
200.0,subject,0.0,31,non-restrictive,4,19
250.0,pos1,0.0,31,non-restrictive,4,19
250.0,pos2,0.0,31,non-restrictive,4,19
250.0,pos3,0.0,31,non-restrictive,4,19
250.0,pos4,0.0,31,non-restrictive,4,19
250.0,subject,0.0,31,non-restrictive,4,19
300.0,pos1,0.0,31,non-restrictive,4,19
300.0,pos2,0.0,31,non-restrictive,4,19
300.0,pos3,0.0,31,non-restrictive,4,19
300.0,pos4,0.0,31,non-restrictive,4,19
300.0,subject,0.0,31,non-restrictive,4,19
350.0,pos1,0.0,31,non-restrictive,4,19
350.0,pos2,0.0,31,non-restrictive,4,19
350.0,pos3,0.0,31,non-restrictive,4,19
350.0,pos4,0.0,31,non-restrictive,4,19
350.0,subject,0.0,31,non-restrictive,4,19
0.0,pos1,0.0,32,restrictive,1,19
0.0,pos2,0.0,32,restrictive,1,19
0.0,pos3,0.0,32,restrictive,1,19
0.0,pos4,0.0,32,restrictive,1,19
0.0,subject,0.0,32,restrictive,1,19
50.0,pos1,0.0,32,restrictive,1,19
50.0,pos2,0.0,32,restrictive,1,19
50.0,pos3,0.0,32,restrictive,1,19
50.0,pos4,0.0,32,restrictive,1,19
50.0,subject,0.0,32,restrictive,1,19
100.0,pos1,0.0,32,restrictive,1,19
100.0,pos2,0.0,32,restrictive,1,19
100.0,pos3,0.0,32,restrictive,1,19
100.0,pos4,0.0,32,restrictive,1,19
100.0,subject,0.4204,32,restrictive,1,19
150.0,pos1,0.0,32,restrictive,1,19
150.0,pos2,0.0,32,restrictive,1,19
150.0,pos3,0.0,32,restrictive,1,19
150.0,pos4,0.0,32,restrictive,1,19
150.0,subject,1.0,32,restrictive,1,19
200.0,pos1,0.0,32,restrictive,1,19
200.0,pos2,0.0,32,restrictive,1,19
200.0,pos3,0.0,32,restrictive,1,19
200.0,pos4,0.0,32,restrictive,1,19
200.0,subject,1.0,32,restrictive,1,19
250.0,pos1,0.0,32,restrictive,1,19
250.0,pos2,0.0,32,restrictive,1,19
250.0,pos3,0.0,32,restrictive,1,19
250.0,pos4,0.0,32,restrictive,1,19
250.0,subject,0.862,32,restrictive,1,19
300.0,pos1,0.0,32,restrictive,1,19
300.0,pos2,0.0,32,restrictive,1,19
300.0,pos3,0.0,32,restrictive,1,19
300.0,pos4,0.0,32,restrictive,1,19
300.0,subject,1.0,32,restrictive,1,19
350.0,pos1,0.0,32,restrictive,1,19
350.0,pos2,0.0,32,restrictive,1,19
350.0,pos3,0.0,32,restrictive,1,19
350.0,pos4,0.0,32,restrictive,1,19
350.0,subject,1.0,32,restrictive,1,19
0.0,pos1,0.0,33,non-restrictive,4,19
0.0,pos2,0.0,33,non-restrictive,4,19
0.0,pos3,0.0,33,non-restrictive,4,19
0.0,pos4,0.0,33,non-restrictive,4,19
0.0,subject,0.0,33,non-restrictive,4,19
50.0,pos1,0.0,33,non-restrictive,4,19
50.0,pos2,0.0,33,non-restrictive,4,19
50.0,pos3,0.0,33,non-restrictive,4,19
50.0,pos4,0.0,33,non-restrictive,4,19
50.0,subject,0.0,33,non-restrictive,4,19
100.0,pos1,0.0,33,non-restrictive,4,19
100.0,pos2,0.0,33,non-restrictive,4,19
100.0,pos3,0.0,33,non-restrictive,4,19
100.0,pos4,0.0,33,non-restrictive,4,19
100.0,subject,0.0,33,non-restrictive,4,19
150.0,pos1,0.0,33,non-restrictive,4,19
150.0,pos2,0.0,33,non-restrictive,4,19
150.0,pos3,0.0,33,non-restrictive,4,19
150.0,pos4,0.0,33,non-restrictive,4,19
150.0,subject,0.0,33,non-restrictive,4,19
200.0,pos1,0.0,33,non-restrictive,4,19
200.0,pos2,0.0,33,non-restrictive,4,19
200.0,pos3,0.0,33,non-restrictive,4,19
200.0,pos4,0.0,33,non-restrictive,4,19
200.0,subject,0.0,33,non-restrictive,4,19
250.0,pos1,0.0,33,non-restrictive,4,19
250.0,pos2,0.0,33,non-restrictive,4,19
250.0,pos3,0.0,33,non-restrictive,4,19
250.0,pos4,0.0,33,non-restrictive,4,19
250.0,subject,0.0,33,non-restrictive,4,19
0.0,pos1,0.0,34,non-restrictive,4,19
0.0,pos2,0.0,34,non-restrictive,4,19
0.0,pos3,0.0,34,non-restrictive,4,19
0.0,pos4,0.0,34,non-restrictive,4,19
0.0,subject,1.0,34,non-restrictive,4,19
50.0,pos1,0.0,34,non-restrictive,4,19
50.0,pos2,0.0,34,non-restrictive,4,19
50.0,pos3,0.0,34,non-restrictive,4,19
50.0,pos4,0.0,34,non-restrictive,4,19
50.0,subject,1.0,34,non-restrictive,4,19
100.0,pos1,0.0,34,non-restrictive,4,19
100.0,pos2,0.0,34,non-restrictive,4,19
100.0,pos3,0.0,34,non-restrictive,4,19
100.0,pos4,0.0,34,non-restrictive,4,19
100.0,subject,1.0,34,non-restrictive,4,19
150.0,pos1,0.0,34,non-restrictive,4,19
150.0,pos2,0.0,34,non-restrictive,4,19
150.0,pos3,0.0,34,non-restrictive,4,19
150.0,pos4,0.0,34,non-restrictive,4,19
150.0,subject,1.0,34,non-restrictive,4,19
200.0,pos1,0.0,34,non-restrictive,4,19
200.0,pos2,0.0,34,non-restrictive,4,19
200.0,pos3,0.0,34,non-restrictive,4,19
200.0,pos4,0.0,34,non-restrictive,4,19
200.0,subject,1.0,34,non-restrictive,4,19
250.0,pos1,0.0,34,non-restrictive,4,19
250.0,pos2,0.0,34,non-restrictive,4,19
250.0,pos3,0.0,34,non-restrictive,4,19
250.0,pos4,0.0,34,non-restrictive,4,19
250.0,subject,1.0,34,non-restrictive,4,19
0.0,pos1,0.0,35,restrictive,1,19
0.0,pos2,0.0,35,restrictive,1,19
0.0,pos3,0.0,35,restrictive,1,19
0.0,pos4,0.0,35,restrictive,1,19
0.0,subject,0.0,35,restrictive,1,19
50.0,pos1,0.0,35,restrictive,1,19
50.0,pos2,0.0,35,restrictive,1,19
50.0,pos3,0.0,35,restrictive,1,19
50.0,pos4,0.0,35,restrictive,1,19
50.0,subject,0.0,35,restrictive,1,19
100.0,pos1,0.0,35,restrictive,1,19
100.0,pos2,0.0,35,restrictive,1,19
100.0,pos3,0.0,35,restrictive,1,19
100.0,pos4,0.0,35,restrictive,1,19
100.0,subject,0.0,35,restrictive,1,19
150.0,pos1,0.0,35,restrictive,1,19
150.0,pos2,0.0,35,restrictive,1,19
150.0,pos3,0.0,35,restrictive,1,19
150.0,pos4,0.0,35,restrictive,1,19
150.0,subject,0.0,35,restrictive,1,19
200.0,pos1,0.0,35,restrictive,1,19
200.0,pos2,0.0,35,restrictive,1,19
200.0,pos3,0.0,35,restrictive,1,19
200.0,pos4,0.0,35,restrictive,1,19
200.0,subject,0.0,35,restrictive,1,19
250.0,pos1,0.0,35,restrictive,1,19
250.0,pos2,0.0,35,restrictive,1,19
250.0,pos3,0.0,35,restrictive,1,19
250.0,pos4,0.0,35,restrictive,1,19
250.0,subject,0.0,35,restrictive,1,19
0.0,pos1,0.0,36,non-restrictive,4,19
0.0,pos2,0.0,36,non-restrictive,4,19
0.0,pos3,0.0,36,non-restrictive,4,19
0.0,pos4,0.0,36,non-restrictive,4,19
0.0,subject,1.0,36,non-restrictive,4,19
50.0,pos1,0.0,36,non-restrictive,4,19
50.0,pos2,0.0,36,non-restrictive,4,19
50.0,pos3,0.0,36,non-restrictive,4,19
50.0,pos4,0.0,36,non-restrictive,4,19
50.0,subject,0.8658,36,non-restrictive,4,19
100.0,pos1,0.0,36,non-restrictive,4,19
100.0,pos2,0.0,36,non-restrictive,4,19
100.0,pos3,0.0,36,non-restrictive,4,19
100.0,pos4,0.0,36,non-restrictive,4,19
100.0,subject,1.0,36,non-restrictive,4,19
150.0,pos1,0.0,36,non-restrictive,4,19
150.0,pos2,0.0,36,non-restrictive,4,19
150.0,pos3,0.0,36,non-restrictive,4,19
150.0,pos4,0.0,36,non-restrictive,4,19
150.0,subject,1.0,36,non-restrictive,4,19
200.0,pos1,0.0,36,non-restrictive,4,19
200.0,pos2,0.0,36,non-restrictive,4,19
200.0,pos3,0.0,36,non-restrictive,4,19
200.0,pos4,0.0,36,non-restrictive,4,19
200.0,subject,1.0,36,non-restrictive,4,19
250.0,pos1,0.0,36,non-restrictive,4,19
250.0,pos2,0.0,36,non-restrictive,4,19
250.0,pos3,0.0,36,non-restrictive,4,19
250.0,pos4,0.0,36,non-restrictive,4,19
250.0,subject,0.8634,36,non-restrictive,4,19
300.0,pos1,0.0,36,non-restrictive,4,19
300.0,pos2,0.0,36,non-restrictive,4,19
300.0,pos3,0.0,36,non-restrictive,4,19
300.0,pos4,0.0,36,non-restrictive,4,19
300.0,subject,1.0,36,non-restrictive,4,19
350.0,pos1,0.0,36,non-restrictive,4,19
350.0,pos2,0.0,36,non-restrictive,4,19
350.0,pos3,0.0,36,non-restrictive,4,19
350.0,pos4,0.0,36,non-restrictive,4,19
350.0,subject,1.0,36,non-restrictive,4,19
400.0,pos1,0.0,36,non-restrictive,4,19
400.0,pos2,0.0,36,non-restrictive,4,19
400.0,pos3,0.0,36,non-restrictive,4,19
400.0,pos4,0.0,36,non-restrictive,4,19
400.0,subject,1.0,36,non-restrictive,4,19
450.0,pos1,0.0,36,non-restrictive,4,19
450.0,pos2,0.0,36,non-restrictive,4,19
450.0,pos3,0.0,36,non-restrictive,4,19
450.0,pos4,0.0,36,non-restrictive,4,19
450.0,subject,1.0,36,non-restrictive,4,19
500.0,pos1,0.0,36,non-restrictive,4,19
500.0,pos2,0.0,36,non-restrictive,4,19
500.0,pos3,0.0,36,non-restrictive,4,19
500.0,pos4,0.0,36,non-restrictive,4,19
500.0,subject,1.0,36,non-restrictive,4,19
550.0,pos1,0.0,36,non-restrictive,4,19
550.0,pos2,0.0,36,non-restrictive,4,19
550.0,pos3,0.0,36,non-restrictive,4,19
550.0,pos4,0.0,36,non-restrictive,4,19
550.0,subject,1.0,36,non-restrictive,4,19
600.0,pos1,0.0,36,non-restrictive,4,19
600.0,pos2,0.0,36,non-restrictive,4,19
600.0,pos3,0.0,36,non-restrictive,4,19
600.0,pos4,0.0,36,non-restrictive,4,19
600.0,subject,1.0,36,non-restrictive,4,19
650.0,pos1,0.0,36,non-restrictive,4,19
650.0,pos2,0.0,36,non-restrictive,4,19
650.0,pos3,0.0,36,non-restrictive,4,19
650.0,pos4,0.0,36,non-restrictive,4,19
650.0,subject,1.0,36,non-restrictive,4,19
700.0,pos1,0.0,36,non-restrictive,4,19
700.0,pos2,0.0,36,non-restrictive,4,19
700.0,pos3,0.0,36,non-restrictive,4,19
700.0,pos4,0.0,36,non-restrictive,4,19
700.0,subject,1.0,36,non-restrictive,4,19
750.0,pos1,0.0,36,non-restrictive,4,19
750.0,pos2,0.0,36,non-restrictive,4,19
750.0,pos3,0.0,36,non-restrictive,4,19
750.0,pos4,0.0,36,non-restrictive,4,19
750.0,subject,1.0,36,non-restrictive,4,19
800.0,pos1,0.0,36,non-restrictive,4,19
800.0,pos2,0.0,36,non-restrictive,4,19
800.0,pos3,0.0,36,non-restrictive,4,19
800.0,pos4,0.0,36,non-restrictive,4,19
800.0,subject,1.0,36,non-restrictive,4,19
850.0,pos1,0.0,36,non-restrictive,4,19
850.0,pos2,0.0,36,non-restrictive,4,19
850.0,pos3,0.0,36,non-restrictive,4,19
850.0,pos4,0.0,36,non-restrictive,4,19
850.0,subject,1.0,36,non-restrictive,4,19
900.0,pos1,0.0,36,non-restrictive,4,19
900.0,pos2,0.0,36,non-restrictive,4,19
900.0,pos3,0.0,36,non-restrictive,4,19
900.0,pos4,0.0,36,non-restrictive,4,19
900.0,subject,1.0,36,non-restrictive,4,19
0.0,pos1,0.0,37,restrictive,3,19
0.0,pos2,0.0,37,restrictive,3,19
0.0,pos3,0.0,37,restrictive,3,19
0.0,pos4,0.0,37,restrictive,3,19
0.0,subject,1.0,37,restrictive,3,19
50.0,pos1,0.0,37,restrictive,3,19
50.0,pos2,0.0,37,restrictive,3,19
50.0,pos3,0.0,37,restrictive,3,19
50.0,pos4,0.0,37,restrictive,3,19
50.0,subject,1.0,37,restrictive,3,19
100.0,pos1,0.0,37,restrictive,3,19
100.0,pos2,0.0,37,restrictive,3,19
100.0,pos3,0.0,37,restrictive,3,19
100.0,pos4,0.0,37,restrictive,3,19
100.0,subject,1.0,37,restrictive,3,19
150.0,pos1,0.0,37,restrictive,3,19
150.0,pos2,0.0,37,restrictive,3,19
150.0,pos3,0.0,37,restrictive,3,19
150.0,pos4,0.0,37,restrictive,3,19
150.0,subject,1.0,37,restrictive,3,19
200.0,pos1,0.0,37,restrictive,3,19
200.0,pos2,0.0,37,restrictive,3,19
200.0,pos3,0.0,37,restrictive,3,19
200.0,pos4,0.0,37,restrictive,3,19
200.0,subject,1.0,37,restrictive,3,19
250.0,pos1,0.0,37,restrictive,3,19
250.0,pos2,0.0,37,restrictive,3,19
250.0,pos3,0.0,37,restrictive,3,19
250.0,pos4,0.0,37,restrictive,3,19
250.0,subject,1.0,37,restrictive,3,19
300.0,pos1,0.0,37,restrictive,3,19
300.0,pos2,0.0,37,restrictive,3,19
300.0,pos3,0.0,37,restrictive,3,19
300.0,pos4,0.0,37,restrictive,3,19
300.0,subject,1.0,37,restrictive,3,19
0.0,pos1,0.0,38,restrictive,3,19
0.0,pos2,0.0,38,restrictive,3,19
0.0,pos3,0.0,38,restrictive,3,19
0.0,pos4,0.0,38,restrictive,3,19
0.0,subject,1.0,38,restrictive,3,19
50.0,pos1,0.0,38,restrictive,3,19
50.0,pos2,0.0,38,restrictive,3,19
50.0,pos3,0.0,38,restrictive,3,19
50.0,pos4,0.0,38,restrictive,3,19
50.0,subject,1.0,38,restrictive,3,19
100.0,pos1,0.0,38,restrictive,3,19
100.0,pos2,0.0,38,restrictive,3,19
100.0,pos3,0.0,38,restrictive,3,19
100.0,pos4,0.0,38,restrictive,3,19
100.0,subject,0.8622,38,restrictive,3,19
150.0,pos1,0.0,38,restrictive,3,19
150.0,pos2,0.0,38,restrictive,3,19
150.0,pos3,0.0,38,restrictive,3,19
150.0,pos4,0.0,38,restrictive,3,19
150.0,subject,1.0,38,restrictive,3,19
200.0,pos1,0.0,38,restrictive,3,19
200.0,pos2,0.0,38,restrictive,3,19
200.0,pos3,0.0,38,restrictive,3,19
200.0,pos4,0.0,38,restrictive,3,19
200.0,subject,1.0,38,restrictive,3,19
250.0,pos1,0.0,38,restrictive,3,19
250.0,pos2,0.0,38,restrictive,3,19
250.0,pos3,0.0,38,restrictive,3,19
250.0,pos4,0.0,38,restrictive,3,19
250.0,subject,1.0,38,restrictive,3,19
0.0,pos1,0.0,39,non-restrictive,4,19
0.0,pos2,0.0,39,non-restrictive,4,19
0.0,pos3,0.0,39,non-restrictive,4,19
0.0,pos4,0.0,39,non-restrictive,4,19
0.0,subject,0.9962,39,non-restrictive,4,19
50.0,pos1,0.0,39,non-restrictive,4,19
50.0,pos2,0.0,39,non-restrictive,4,19
50.0,pos3,0.0,39,non-restrictive,4,19
50.0,pos4,0.0,39,non-restrictive,4,19
50.0,subject,1.0,39,non-restrictive,4,19
100.0,pos1,0.0,39,non-restrictive,4,19
100.0,pos2,0.0,39,non-restrictive,4,19
100.0,pos3,0.0,39,non-restrictive,4,19
100.0,pos4,0.0,39,non-restrictive,4,19
100.0,subject,1.0,39,non-restrictive,4,19
150.0,pos1,0.0,39,non-restrictive,4,19
150.0,pos2,0.0,39,non-restrictive,4,19
150.0,pos3,0.0,39,non-restrictive,4,19
150.0,pos4,0.0,39,non-restrictive,4,19
150.0,subject,0.8644,39,non-restrictive,4,19
200.0,pos1,0.0,39,non-restrictive,4,19
200.0,pos2,0.0,39,non-restrictive,4,19
200.0,pos3,0.0,39,non-restrictive,4,19
200.0,pos4,0.0,39,non-restrictive,4,19
200.0,subject,1.0,39,non-restrictive,4,19
250.0,pos1,0.0,39,non-restrictive,4,19
250.0,pos2,0.0,39,non-restrictive,4,19
250.0,pos3,0.0,39,non-restrictive,4,19
250.0,pos4,0.0,39,non-restrictive,4,19
250.0,subject,1.0,39,non-restrictive,4,19
0.0,pos1,0.0,40,non-restrictive,2,19
0.0,pos2,0.0,40,non-restrictive,2,19
0.0,pos3,0.0,40,non-restrictive,2,19
0.0,pos4,0.0,40,non-restrictive,2,19
0.0,subject,0.0,40,non-restrictive,2,19
50.0,pos1,0.0,40,non-restrictive,2,19
50.0,pos2,0.0,40,non-restrictive,2,19
50.0,pos3,0.0,40,non-restrictive,2,19
50.0,pos4,0.0,40,non-restrictive,2,19
50.0,subject,0.0,40,non-restrictive,2,19
100.0,pos1,0.0,40,non-restrictive,2,19
100.0,pos2,0.0,40,non-restrictive,2,19
100.0,pos3,0.0,40,non-restrictive,2,19
100.0,pos4,0.0,40,non-restrictive,2,19
100.0,subject,0.0,40,non-restrictive,2,19
150.0,pos1,0.0,40,non-restrictive,2,19
150.0,pos2,0.0,40,non-restrictive,2,19
150.0,pos3,0.0,40,non-restrictive,2,19
150.0,pos4,0.0,40,non-restrictive,2,19
150.0,subject,0.0,40,non-restrictive,2,19
200.0,pos1,0.0,40,non-restrictive,2,19
200.0,pos2,0.0,40,non-restrictive,2,19
200.0,pos3,0.0,40,non-restrictive,2,19
200.0,pos4,0.0,40,non-restrictive,2,19
200.0,subject,0.0,40,non-restrictive,2,19
250.0,pos1,0.0,40,non-restrictive,2,19
250.0,pos2,0.0,40,non-restrictive,2,19
250.0,pos3,0.0,40,non-restrictive,2,19
250.0,pos4,0.0,40,non-restrictive,2,19
250.0,subject,0.0,40,non-restrictive,2,19
0.0,pos1,0.0,41,non-restrictive,2,19
0.0,pos2,0.0,41,non-restrictive,2,19
0.0,pos3,0.0,41,non-restrictive,2,19
0.0,pos4,0.0,41,non-restrictive,2,19
0.0,subject,0.8682,41,non-restrictive,2,19
50.0,pos1,0.0,41,non-restrictive,2,19
50.0,pos2,0.0,41,non-restrictive,2,19
50.0,pos3,0.0,41,non-restrictive,2,19
50.0,pos4,0.0,41,non-restrictive,2,19
50.0,subject,1.0,41,non-restrictive,2,19
100.0,pos1,0.0,41,non-restrictive,2,19
100.0,pos2,0.0,41,non-restrictive,2,19
100.0,pos3,0.0,41,non-restrictive,2,19
100.0,pos4,0.0,41,non-restrictive,2,19
100.0,subject,1.0,41,non-restrictive,2,19
150.0,pos1,0.0,41,non-restrictive,2,19
150.0,pos2,0.0,41,non-restrictive,2,19
150.0,pos3,0.0,41,non-restrictive,2,19
150.0,pos4,0.0,41,non-restrictive,2,19
150.0,subject,1.0,41,non-restrictive,2,19
200.0,pos1,0.0,41,non-restrictive,2,19
200.0,pos2,0.0,41,non-restrictive,2,19
200.0,pos3,0.0,41,non-restrictive,2,19
200.0,pos4,0.0,41,non-restrictive,2,19
200.0,subject,1.0,41,non-restrictive,2,19
250.0,pos1,0.0,41,non-restrictive,2,19
250.0,pos2,0.0,41,non-restrictive,2,19
250.0,pos3,0.0,41,non-restrictive,2,19
250.0,pos4,0.0,41,non-restrictive,2,19
250.0,subject,1.0,41,non-restrictive,2,19
300.0,pos1,0.0,41,non-restrictive,2,19
300.0,pos2,0.0,41,non-restrictive,2,19
300.0,pos3,0.0,41,non-restrictive,2,19
300.0,pos4,0.0,41,non-restrictive,2,19
300.0,subject,1.0,41,non-restrictive,2,19
0.0,pos1,0.0,42,non-restrictive,2,19
0.0,pos2,0.0,42,non-restrictive,2,19
0.0,pos3,0.0,42,non-restrictive,2,19
0.0,pos4,0.0,42,non-restrictive,2,19
0.0,subject,0.0,42,non-restrictive,2,19
50.0,pos1,0.0,42,non-restrictive,2,19
50.0,pos2,0.0,42,non-restrictive,2,19
50.0,pos3,0.0,42,non-restrictive,2,19
50.0,pos4,0.0,42,non-restrictive,2,19
50.0,subject,0.0,42,non-restrictive,2,19
100.0,pos1,0.0,42,non-restrictive,2,19
100.0,pos2,0.0,42,non-restrictive,2,19
100.0,pos3,0.0,42,non-restrictive,2,19
100.0,pos4,0.0,42,non-restrictive,2,19
100.0,subject,0.0,42,non-restrictive,2,19
150.0,pos1,0.0,42,non-restrictive,2,19
150.0,pos2,0.0,42,non-restrictive,2,19
150.0,pos3,0.0,42,non-restrictive,2,19
150.0,pos4,0.0,42,non-restrictive,2,19
150.0,subject,0.0,42,non-restrictive,2,19
200.0,pos1,0.0,42,non-restrictive,2,19
200.0,pos2,0.0,42,non-restrictive,2,19
200.0,pos3,0.0,42,non-restrictive,2,19
200.0,pos4,0.0,42,non-restrictive,2,19
200.0,subject,0.0,42,non-restrictive,2,19
250.0,pos1,0.0,42,non-restrictive,2,19
250.0,pos2,0.0,42,non-restrictive,2,19
250.0,pos3,0.0,42,non-restrictive,2,19
250.0,pos4,0.0,42,non-restrictive,2,19
250.0,subject,0.0,42,non-restrictive,2,19
0.0,pos1,0.0,43,restrictive,3,19
0.0,pos2,0.0,43,restrictive,3,19
0.0,pos3,0.0,43,restrictive,3,19
0.0,pos4,0.0,43,restrictive,3,19
0.0,subject,0.0,43,restrictive,3,19
50.0,pos1,0.0,43,restrictive,3,19
50.0,pos2,0.0,43,restrictive,3,19
50.0,pos3,0.0,43,restrictive,3,19
50.0,pos4,0.0,43,restrictive,3,19
50.0,subject,0.0,43,restrictive,3,19
100.0,pos1,0.0,43,restrictive,3,19
100.0,pos2,0.0,43,restrictive,3,19
100.0,pos3,0.0,43,restrictive,3,19
100.0,pos4,0.0,43,restrictive,3,19
100.0,subject,0.0,43,restrictive,3,19
150.0,pos1,0.0,43,restrictive,3,19
150.0,pos2,0.0,43,restrictive,3,19
150.0,pos3,0.0,43,restrictive,3,19
150.0,pos4,0.0,43,restrictive,3,19
150.0,subject,0.0,43,restrictive,3,19
200.0,pos1,0.0,43,restrictive,3,19
200.0,pos2,0.0,43,restrictive,3,19
200.0,pos3,0.0,43,restrictive,3,19
200.0,pos4,0.0,43,restrictive,3,19
200.0,subject,0.0,43,restrictive,3,19
250.0,pos1,0.0,43,restrictive,3,19
250.0,pos2,0.0,43,restrictive,3,19
250.0,pos3,0.0,43,restrictive,3,19
250.0,pos4,0.0,43,restrictive,3,19
250.0,subject,0.0,43,restrictive,3,19
0.0,pos1,0.0,44,non-restrictive,2,19
0.0,pos2,0.0,44,non-restrictive,2,19
0.0,pos3,0.0,44,non-restrictive,2,19
0.0,pos4,0.0,44,non-restrictive,2,19
0.0,subject,0.0,44,non-restrictive,2,19
50.0,pos1,0.0,44,non-restrictive,2,19
50.0,pos2,0.0,44,non-restrictive,2,19
50.0,pos3,0.0,44,non-restrictive,2,19
50.0,pos4,0.0,44,non-restrictive,2,19
50.0,subject,0.0,44,non-restrictive,2,19
100.0,pos1,0.0,44,non-restrictive,2,19
100.0,pos2,0.0,44,non-restrictive,2,19
100.0,pos3,0.0,44,non-restrictive,2,19
100.0,pos4,0.0,44,non-restrictive,2,19
100.0,subject,0.0,44,non-restrictive,2,19
150.0,pos1,0.0,44,non-restrictive,2,19
150.0,pos2,0.0,44,non-restrictive,2,19
150.0,pos3,0.0,44,non-restrictive,2,19
150.0,pos4,0.0,44,non-restrictive,2,19
150.0,subject,0.0,44,non-restrictive,2,19
200.0,pos1,0.0,44,non-restrictive,2,19
200.0,pos2,0.0,44,non-restrictive,2,19
200.0,pos3,0.0,44,non-restrictive,2,19
200.0,pos4,0.0,44,non-restrictive,2,19
200.0,subject,0.0,44,non-restrictive,2,19
250.0,pos1,0.0,44,non-restrictive,2,19
250.0,pos2,0.0,44,non-restrictive,2,19
250.0,pos3,0.0,44,non-restrictive,2,19
250.0,pos4,0.0,44,non-restrictive,2,19
250.0,subject,0.0,44,non-restrictive,2,19
0.0,pos1,0.0,45,restrictive,3,19
0.0,pos2,0.0,45,restrictive,3,19
0.0,pos3,0.0,45,restrictive,3,19
0.0,pos4,0.0,45,restrictive,3,19
0.0,subject,0.0,45,restrictive,3,19
50.0,pos1,0.0,45,restrictive,3,19
50.0,pos2,0.0,45,restrictive,3,19
50.0,pos3,0.0,45,restrictive,3,19
50.0,pos4,0.0,45,restrictive,3,19
50.0,subject,0.0,45,restrictive,3,19
100.0,pos1,0.0,45,restrictive,3,19
100.0,pos2,0.0,45,restrictive,3,19
100.0,pos3,0.0,45,restrictive,3,19
100.0,pos4,0.0,45,restrictive,3,19
100.0,subject,0.0,45,restrictive,3,19
150.0,pos1,0.0,45,restrictive,3,19
150.0,pos2,0.0,45,restrictive,3,19
150.0,pos3,0.0,45,restrictive,3,19
150.0,pos4,0.0,45,restrictive,3,19
150.0,subject,0.0,45,restrictive,3,19
200.0,pos1,0.0,45,restrictive,3,19
200.0,pos2,0.0,45,restrictive,3,19
200.0,pos3,0.0,45,restrictive,3,19
200.0,pos4,0.0,45,restrictive,3,19
200.0,subject,0.0,45,restrictive,3,19
250.0,pos1,0.0,45,restrictive,3,19
250.0,pos2,0.0,45,restrictive,3,19
250.0,pos3,0.0,45,restrictive,3,19
250.0,pos4,0.0,45,restrictive,3,19
250.0,subject,0.0,45,restrictive,3,19
300.0,pos1,0.0,45,restrictive,3,19
300.0,pos2,0.0,45,restrictive,3,19
300.0,pos3,0.0,45,restrictive,3,19
300.0,pos4,0.0,45,restrictive,3,19
300.0,subject,0.0,45,restrictive,3,19
0.0,pos1,0.0,46,non-restrictive,4,19
0.0,pos2,0.0,46,non-restrictive,4,19
0.0,pos3,0.0,46,non-restrictive,4,19
0.0,pos4,0.0,46,non-restrictive,4,19
0.0,subject,0.9134,46,non-restrictive,4,19
50.0,pos1,0.0,46,non-restrictive,4,19
50.0,pos2,0.0,46,non-restrictive,4,19
50.0,pos3,0.0,46,non-restrictive,4,19
50.0,pos4,0.0,46,non-restrictive,4,19
50.0,subject,1.0,46,non-restrictive,4,19
100.0,pos1,0.0,46,non-restrictive,4,19
100.0,pos2,0.0,46,non-restrictive,4,19
100.0,pos3,0.0,46,non-restrictive,4,19
100.0,pos4,0.0,46,non-restrictive,4,19
100.0,subject,1.0,46,non-restrictive,4,19
150.0,pos1,0.0,46,non-restrictive,4,19
150.0,pos2,0.0,46,non-restrictive,4,19
150.0,pos3,0.0,46,non-restrictive,4,19
150.0,pos4,0.0,46,non-restrictive,4,19
150.0,subject,1.0,46,non-restrictive,4,19
200.0,pos1,0.0,46,non-restrictive,4,19
200.0,pos2,0.0,46,non-restrictive,4,19
200.0,pos3,0.0,46,non-restrictive,4,19
200.0,pos4,0.0,46,non-restrictive,4,19
200.0,subject,1.0,46,non-restrictive,4,19
250.0,pos1,0.0,46,non-restrictive,4,19
250.0,pos2,0.0,46,non-restrictive,4,19
250.0,pos3,0.0,46,non-restrictive,4,19
250.0,pos4,0.0,46,non-restrictive,4,19
250.0,subject,1.0,46,non-restrictive,4,19
0.0,pos1,0.0,47,non-restrictive,2,19
0.0,pos2,0.0,47,non-restrictive,2,19
0.0,pos3,0.0,47,non-restrictive,2,19
0.0,pos4,0.0,47,non-restrictive,2,19
0.0,subject,0.0,47,non-restrictive,2,19
50.0,pos1,0.0,47,non-restrictive,2,19
50.0,pos2,0.0,47,non-restrictive,2,19
50.0,pos3,0.0,47,non-restrictive,2,19
50.0,pos4,0.0,47,non-restrictive,2,19
50.0,subject,0.8894,47,non-restrictive,2,19
100.0,pos1,0.0,47,non-restrictive,2,19
100.0,pos2,0.0,47,non-restrictive,2,19
100.0,pos3,0.0,47,non-restrictive,2,19
100.0,pos4,0.0,47,non-restrictive,2,19
100.0,subject,1.0,47,non-restrictive,2,19
150.0,pos1,0.0,47,non-restrictive,2,19
150.0,pos2,0.0,47,non-restrictive,2,19
150.0,pos3,0.0,47,non-restrictive,2,19
150.0,pos4,0.0,47,non-restrictive,2,19
150.0,subject,1.0,47,non-restrictive,2,19
200.0,pos1,0.0,47,non-restrictive,2,19
200.0,pos2,0.0,47,non-restrictive,2,19
200.0,pos3,0.0,47,non-restrictive,2,19
200.0,pos4,0.0,47,non-restrictive,2,19
200.0,subject,1.0,47,non-restrictive,2,19
0.0,pos1,0.0,48,restrictive,1,19
0.0,pos2,0.0,48,restrictive,1,19
0.0,pos3,0.0,48,restrictive,1,19
0.0,pos4,0.0,48,restrictive,1,19
0.0,subject,1.0,48,restrictive,1,19
50.0,pos1,0.0,48,restrictive,1,19
50.0,pos2,0.0,48,restrictive,1,19
50.0,pos3,0.0,48,restrictive,1,19
50.0,pos4,0.0,48,restrictive,1,19
50.0,subject,1.0,48,restrictive,1,19
100.0,pos1,0.0,48,restrictive,1,19
100.0,pos2,0.0,48,restrictive,1,19
100.0,pos3,0.0,48,restrictive,1,19
100.0,pos4,0.0,48,restrictive,1,19
100.0,subject,1.0,48,restrictive,1,19
150.0,pos1,0.0,48,restrictive,1,19
150.0,pos2,0.0,48,restrictive,1,19
150.0,pos3,0.0,48,restrictive,1,19
150.0,pos4,0.0,48,restrictive,1,19
150.0,subject,1.0,48,restrictive,1,19
200.0,pos1,0.0,48,restrictive,1,19
200.0,pos2,0.0,48,restrictive,1,19
200.0,pos3,0.0,48,restrictive,1,19
200.0,pos4,0.0,48,restrictive,1,19
200.0,subject,1.0,48,restrictive,1,19
250.0,pos1,0.0,48,restrictive,1,19
250.0,pos2,0.0,48,restrictive,1,19
250.0,pos3,0.0,48,restrictive,1,19
250.0,pos4,0.0,48,restrictive,1,19
250.0,subject,1.0,48,restrictive,1,19
0.0,pos1,0.0,49,restrictive,1,19
0.0,pos2,0.0,49,restrictive,1,19
0.0,pos3,0.0,49,restrictive,1,19
0.0,pos4,0.0,49,restrictive,1,19
0.0,subject,0.0,49,restrictive,1,19
50.0,pos1,0.0,49,restrictive,1,19
50.0,pos2,0.0,49,restrictive,1,19
50.0,pos3,0.0,49,restrictive,1,19
50.0,pos4,0.0,49,restrictive,1,19
50.0,subject,0.0,49,restrictive,1,19
100.0,pos1,0.0,49,restrictive,1,19
100.0,pos2,0.0,49,restrictive,1,19
100.0,pos3,0.0,49,restrictive,1,19
100.0,pos4,0.0,49,restrictive,1,19
100.0,subject,0.0,49,restrictive,1,19
150.0,pos1,0.0,49,restrictive,1,19
150.0,pos2,0.0,49,restrictive,1,19
150.0,pos3,0.0,49,restrictive,1,19
150.0,pos4,0.0,49,restrictive,1,19
150.0,subject,0.0,49,restrictive,1,19
200.0,pos1,0.0,49,restrictive,1,19
200.0,pos2,0.0,49,restrictive,1,19
200.0,pos3,0.0,49,restrictive,1,19
200.0,pos4,0.0,49,restrictive,1,19
200.0,subject,0.0,49,restrictive,1,19
250.0,pos1,0.0,49,restrictive,1,19
250.0,pos2,0.0,49,restrictive,1,19
250.0,pos3,0.0,49,restrictive,1,19
250.0,pos4,0.0,49,restrictive,1,19
250.0,subject,0.0,49,restrictive,1,19
300.0,pos1,0.0,49,restrictive,1,19
300.0,pos2,0.0,49,restrictive,1,19
300.0,pos3,0.0,49,restrictive,1,19
300.0,pos4,0.0,49,restrictive,1,19
300.0,subject,0.0,49,restrictive,1,19
0.0,pos1,0.0,0,non-restrictive,2,20
0.0,pos2,0.0,0,non-restrictive,2,20
0.0,pos3,0.0,0,non-restrictive,2,20
0.0,pos4,0.0,0,non-restrictive,2,20
0.0,subject,0.0,0,non-restrictive,2,20
50.0,pos1,0.0,0,non-restrictive,2,20
50.0,pos2,0.0,0,non-restrictive,2,20
50.0,pos3,0.0,0,non-restrictive,2,20
50.0,pos4,0.0,0,non-restrictive,2,20
50.0,subject,0.0,0,non-restrictive,2,20
100.0,pos1,0.0,0,non-restrictive,2,20
100.0,pos2,0.0,0,non-restrictive,2,20
100.0,pos3,0.0,0,non-restrictive,2,20
100.0,pos4,0.0,0,non-restrictive,2,20
100.0,subject,0.0,0,non-restrictive,2,20
150.0,pos1,0.0,0,non-restrictive,2,20
150.0,pos2,0.0,0,non-restrictive,2,20
150.0,pos3,0.0,0,non-restrictive,2,20
150.0,pos4,0.0,0,non-restrictive,2,20
150.0,subject,0.0,0,non-restrictive,2,20
200.0,pos1,0.0,0,non-restrictive,2,20
200.0,pos2,0.0,0,non-restrictive,2,20
200.0,pos3,0.0,0,non-restrictive,2,20
200.0,pos4,0.0,0,non-restrictive,2,20
200.0,subject,0.0,0,non-restrictive,2,20
250.0,pos1,0.0,0,non-restrictive,2,20
250.0,pos2,0.0,0,non-restrictive,2,20
250.0,pos3,0.0,0,non-restrictive,2,20
250.0,pos4,0.0,0,non-restrictive,2,20
250.0,subject,0.2914,0,non-restrictive,2,20
300.0,pos1,0.0,0,non-restrictive,2,20
300.0,pos2,0.0,0,non-restrictive,2,20
300.0,pos3,0.0,0,non-restrictive,2,20
300.0,pos4,0.0,0,non-restrictive,2,20
300.0,subject,1.0,0,non-restrictive,2,20
0.0,pos1,0.0,1,restrictive,1,20
0.0,pos2,0.0,1,restrictive,1,20
0.0,pos3,0.0,1,restrictive,1,20
0.0,pos4,0.0,1,restrictive,1,20
0.0,subject,0.536,1,restrictive,1,20
50.0,pos1,0.0,1,restrictive,1,20
50.0,pos2,0.0,1,restrictive,1,20
50.0,pos3,0.0,1,restrictive,1,20
50.0,pos4,0.0,1,restrictive,1,20
50.0,subject,1.0,1,restrictive,1,20
100.0,pos1,0.0,1,restrictive,1,20
100.0,pos2,0.0,1,restrictive,1,20
100.0,pos3,0.0,1,restrictive,1,20
100.0,pos4,0.0,1,restrictive,1,20
100.0,subject,1.0,1,restrictive,1,20
150.0,pos1,0.0,1,restrictive,1,20
150.0,pos2,0.0,1,restrictive,1,20
150.0,pos3,0.0,1,restrictive,1,20
150.0,pos4,0.0,1,restrictive,1,20
150.0,subject,1.0,1,restrictive,1,20
200.0,pos1,0.0,1,restrictive,1,20
200.0,pos2,0.0,1,restrictive,1,20
200.0,pos3,0.0,1,restrictive,1,20
200.0,pos4,0.0,1,restrictive,1,20
200.0,subject,0.873,1,restrictive,1,20
250.0,pos1,0.0,1,restrictive,1,20
250.0,pos2,0.0,1,restrictive,1,20
250.0,pos3,0.0,1,restrictive,1,20
250.0,pos4,0.0,1,restrictive,1,20
250.0,subject,1.0,1,restrictive,1,20
300.0,pos1,0.0,1,restrictive,1,20
300.0,pos2,0.0,1,restrictive,1,20
300.0,pos3,0.0,1,restrictive,1,20
300.0,pos4,0.0,1,restrictive,1,20
300.0,subject,1.0,1,restrictive,1,20
350.0,pos1,0.0,1,restrictive,1,20
350.0,pos2,0.0,1,restrictive,1,20
350.0,pos3,0.0,1,restrictive,1,20
350.0,pos4,0.0,1,restrictive,1,20
350.0,subject,1.0,1,restrictive,1,20
400.0,pos1,0.0,1,restrictive,1,20
400.0,pos2,0.0,1,restrictive,1,20
400.0,pos3,0.0,1,restrictive,1,20
400.0,pos4,0.0,1,restrictive,1,20
400.0,subject,0.3692,1,restrictive,1,20
450.0,pos1,0.0,1,restrictive,1,20
450.0,pos2,0.0,1,restrictive,1,20
450.0,pos3,0.0,1,restrictive,1,20
450.0,pos4,0.0,1,restrictive,1,20
450.0,subject,0.0,1,restrictive,1,20
500.0,pos1,0.0,1,restrictive,1,20
500.0,pos2,0.0,1,restrictive,1,20
500.0,pos3,0.0,1,restrictive,1,20
500.0,pos4,0.0,1,restrictive,1,20
500.0,subject,0.0,1,restrictive,1,20
550.0,pos1,0.0,1,restrictive,1,20
550.0,pos2,0.0,1,restrictive,1,20
550.0,pos3,0.0,1,restrictive,1,20
550.0,pos4,0.0,1,restrictive,1,20
550.0,subject,0.0,1,restrictive,1,20
600.0,pos1,0.0,1,restrictive,1,20
600.0,pos2,0.0,1,restrictive,1,20
600.0,pos3,0.0,1,restrictive,1,20
600.0,pos4,0.0,1,restrictive,1,20
600.0,subject,0.0,1,restrictive,1,20
650.0,pos1,0.0,1,restrictive,1,20
650.0,pos2,0.0,1,restrictive,1,20
650.0,pos3,0.0,1,restrictive,1,20
650.0,pos4,0.0,1,restrictive,1,20
650.0,subject,0.0,1,restrictive,1,20
700.0,pos1,0.0,1,restrictive,1,20
700.0,pos2,0.0,1,restrictive,1,20
700.0,pos3,0.0,1,restrictive,1,20
700.0,pos4,0.0,1,restrictive,1,20
700.0,subject,0.0,1,restrictive,1,20
750.0,pos1,0.0,1,restrictive,1,20
750.0,pos2,0.0,1,restrictive,1,20
750.0,pos3,0.0,1,restrictive,1,20
750.0,pos4,0.0,1,restrictive,1,20
750.0,subject,0.0,1,restrictive,1,20
800.0,pos1,0.0,1,restrictive,1,20
800.0,pos2,0.0,1,restrictive,1,20
800.0,pos3,0.0,1,restrictive,1,20
800.0,pos4,0.0,1,restrictive,1,20
800.0,subject,0.0,1,restrictive,1,20
850.0,pos1,0.0,1,restrictive,1,20
850.0,pos2,0.0,1,restrictive,1,20
850.0,pos3,0.0,1,restrictive,1,20
850.0,pos4,0.0,1,restrictive,1,20
850.0,subject,0.0,1,restrictive,1,20
900.0,pos1,0.0,1,restrictive,1,20
900.0,pos2,0.0,1,restrictive,1,20
900.0,pos3,0.0,1,restrictive,1,20
900.0,pos4,0.0,1,restrictive,1,20
900.0,subject,0.0,1,restrictive,1,20
0.0,pos1,0.0,2,restrictive,3,20
0.0,pos2,0.0,2,restrictive,3,20
0.0,pos3,0.0,2,restrictive,3,20
0.0,pos4,0.0,2,restrictive,3,20
0.0,subject,0.3228,2,restrictive,3,20
50.0,pos1,0.0,2,restrictive,3,20
50.0,pos2,0.0,2,restrictive,3,20
50.0,pos3,0.0,2,restrictive,3,20
50.0,pos4,0.0,2,restrictive,3,20
50.0,subject,0.0,2,restrictive,3,20
100.0,pos1,0.0,2,restrictive,3,20
100.0,pos2,0.0,2,restrictive,3,20
100.0,pos3,0.0,2,restrictive,3,20
100.0,pos4,0.0,2,restrictive,3,20
100.0,subject,0.0,2,restrictive,3,20
150.0,pos1,0.0,2,restrictive,3,20
150.0,pos2,0.0,2,restrictive,3,20
150.0,pos3,0.0,2,restrictive,3,20
150.0,pos4,0.0,2,restrictive,3,20
150.0,subject,0.0,2,restrictive,3,20
200.0,pos1,0.0,2,restrictive,3,20
200.0,pos2,0.0,2,restrictive,3,20
200.0,pos3,0.0,2,restrictive,3,20
200.0,pos4,0.0,2,restrictive,3,20
200.0,subject,0.9222,2,restrictive,3,20
250.0,pos1,0.0,2,restrictive,3,20
250.0,pos2,0.0,2,restrictive,3,20
250.0,pos3,0.0,2,restrictive,3,20
250.0,pos4,0.0,2,restrictive,3,20
250.0,subject,1.0,2,restrictive,3,20
0.0,pos1,0.0,3,restrictive,1,20
0.0,pos2,0.0,3,restrictive,1,20
0.0,pos3,0.0,3,restrictive,1,20
0.0,pos4,0.0,3,restrictive,1,20
0.0,subject,0.8974,3,restrictive,1,20
50.0,pos1,0.0,3,restrictive,1,20
50.0,pos2,0.0,3,restrictive,1,20
50.0,pos3,0.0,3,restrictive,1,20
50.0,pos4,0.0,3,restrictive,1,20
50.0,subject,0.0,3,restrictive,1,20
100.0,pos1,0.0,3,restrictive,1,20
100.0,pos2,0.0,3,restrictive,1,20
100.0,pos3,0.0,3,restrictive,1,20
100.0,pos4,0.0,3,restrictive,1,20
100.0,subject,0.0,3,restrictive,1,20
150.0,pos1,0.0,3,restrictive,1,20
150.0,pos2,0.0,3,restrictive,1,20
150.0,pos3,0.0,3,restrictive,1,20
150.0,pos4,0.0,3,restrictive,1,20
150.0,subject,0.0,3,restrictive,1,20
200.0,pos1,0.0,3,restrictive,1,20
200.0,pos2,0.0,3,restrictive,1,20
200.0,pos3,0.0,3,restrictive,1,20
200.0,pos4,0.0,3,restrictive,1,20
200.0,subject,0.753,3,restrictive,1,20
250.0,pos1,0.0,3,restrictive,1,20
250.0,pos2,0.0,3,restrictive,1,20
250.0,pos3,0.0,3,restrictive,1,20
250.0,pos4,0.0,3,restrictive,1,20
250.0,subject,1.0,3,restrictive,1,20
0.0,pos1,0.0,4,non-restrictive,4,20
0.0,pos2,0.0,4,non-restrictive,4,20
0.0,pos3,0.0,4,non-restrictive,4,20
0.0,pos4,0.0,4,non-restrictive,4,20
0.0,subject,0.6208,4,non-restrictive,4,20
50.0,pos1,0.0,4,non-restrictive,4,20
50.0,pos2,0.0,4,non-restrictive,4,20
50.0,pos3,0.0,4,non-restrictive,4,20
50.0,pos4,0.0,4,non-restrictive,4,20
50.0,subject,0.0,4,non-restrictive,4,20
100.0,pos1,0.0,4,non-restrictive,4,20
100.0,pos2,0.0,4,non-restrictive,4,20
100.0,pos3,0.0,4,non-restrictive,4,20
100.0,pos4,0.0,4,non-restrictive,4,20
100.0,subject,0.0,4,non-restrictive,4,20
150.0,pos1,0.0,4,non-restrictive,4,20
150.0,pos2,0.0,4,non-restrictive,4,20
150.0,pos3,0.0,4,non-restrictive,4,20
150.0,pos4,0.0,4,non-restrictive,4,20
150.0,subject,0.0,4,non-restrictive,4,20
200.0,pos1,0.0,4,non-restrictive,4,20
200.0,pos2,0.0,4,non-restrictive,4,20
200.0,pos3,0.0,4,non-restrictive,4,20
200.0,pos4,0.0,4,non-restrictive,4,20
200.0,subject,0.0,4,non-restrictive,4,20
250.0,pos1,0.0,4,non-restrictive,4,20
250.0,pos2,0.0,4,non-restrictive,4,20
250.0,pos3,0.0,4,non-restrictive,4,20
250.0,pos4,0.0,4,non-restrictive,4,20
250.0,subject,0.0,4,non-restrictive,4,20
0.0,pos1,0.0,5,restrictive,3,20
0.0,pos2,0.0,5,restrictive,3,20
0.0,pos3,0.0,5,restrictive,3,20
0.0,pos4,0.0,5,restrictive,3,20
0.0,subject,1.0,5,restrictive,3,20
50.0,pos1,0.0,5,restrictive,3,20
50.0,pos2,0.0,5,restrictive,3,20
50.0,pos3,0.0,5,restrictive,3,20
50.0,pos4,0.0,5,restrictive,3,20
50.0,subject,1.0,5,restrictive,3,20
100.0,pos1,0.0,5,restrictive,3,20
100.0,pos2,0.0,5,restrictive,3,20
100.0,pos3,0.0,5,restrictive,3,20
100.0,pos4,0.0,5,restrictive,3,20
100.0,subject,1.0,5,restrictive,3,20
150.0,pos1,0.0,5,restrictive,3,20
150.0,pos2,0.0,5,restrictive,3,20
150.0,pos3,0.0,5,restrictive,3,20
150.0,pos4,0.0,5,restrictive,3,20
150.0,subject,0.8682,5,restrictive,3,20
200.0,pos1,0.0,5,restrictive,3,20
200.0,pos2,0.0,5,restrictive,3,20
200.0,pos3,0.0,5,restrictive,3,20
200.0,pos4,0.0,5,restrictive,3,20
200.0,subject,1.0,5,restrictive,3,20
250.0,pos1,0.0,5,restrictive,3,20
250.0,pos2,0.0,5,restrictive,3,20
250.0,pos3,0.0,5,restrictive,3,20
250.0,pos4,0.0,5,restrictive,3,20
250.0,subject,1.0,5,restrictive,3,20
0.0,pos1,0.0,6,non-restrictive,4,20
0.0,pos2,0.0,6,non-restrictive,4,20
0.0,pos3,0.0,6,non-restrictive,4,20
0.0,pos4,0.0,6,non-restrictive,4,20
0.0,subject,0.0,6,non-restrictive,4,20
50.0,pos1,0.0,6,non-restrictive,4,20
50.0,pos2,0.0,6,non-restrictive,4,20
50.0,pos3,0.0,6,non-restrictive,4,20
50.0,pos4,0.0,6,non-restrictive,4,20
50.0,subject,0.0,6,non-restrictive,4,20
100.0,pos1,0.0,6,non-restrictive,4,20
100.0,pos2,0.0,6,non-restrictive,4,20
100.0,pos3,0.0,6,non-restrictive,4,20
100.0,pos4,0.0,6,non-restrictive,4,20
100.0,subject,0.0,6,non-restrictive,4,20
150.0,pos1,0.0,6,non-restrictive,4,20
150.0,pos2,0.0,6,non-restrictive,4,20
150.0,pos3,0.0,6,non-restrictive,4,20
150.0,pos4,0.0,6,non-restrictive,4,20
150.0,subject,0.0,6,non-restrictive,4,20
200.0,pos1,0.0,6,non-restrictive,4,20
200.0,pos2,0.0,6,non-restrictive,4,20
200.0,pos3,0.0,6,non-restrictive,4,20
200.0,pos4,0.0,6,non-restrictive,4,20
200.0,subject,0.0,6,non-restrictive,4,20
250.0,pos1,0.0,6,non-restrictive,4,20
250.0,pos2,0.0,6,non-restrictive,4,20
250.0,pos3,0.0,6,non-restrictive,4,20
250.0,pos4,0.0,6,non-restrictive,4,20
250.0,subject,0.0,6,non-restrictive,4,20
0.0,pos1,0.0,7,non-restrictive,2,20
0.0,pos2,0.0,7,non-restrictive,2,20
0.0,pos3,0.0,7,non-restrictive,2,20
0.0,pos4,0.0,7,non-restrictive,2,20
0.0,subject,0.0,7,non-restrictive,2,20
50.0,pos1,0.0,7,non-restrictive,2,20
50.0,pos2,0.0,7,non-restrictive,2,20
50.0,pos3,0.0,7,non-restrictive,2,20
50.0,pos4,0.0,7,non-restrictive,2,20
50.0,subject,0.0,7,non-restrictive,2,20
100.0,pos1,0.0,7,non-restrictive,2,20
100.0,pos2,0.0,7,non-restrictive,2,20
100.0,pos3,0.0,7,non-restrictive,2,20
100.0,pos4,0.0,7,non-restrictive,2,20
100.0,subject,0.0,7,non-restrictive,2,20
150.0,pos1,0.0,7,non-restrictive,2,20
150.0,pos2,0.0,7,non-restrictive,2,20
150.0,pos3,0.0,7,non-restrictive,2,20
150.0,pos4,0.0,7,non-restrictive,2,20
150.0,subject,0.0,7,non-restrictive,2,20
200.0,pos1,0.0,7,non-restrictive,2,20
200.0,pos2,0.0,7,non-restrictive,2,20
200.0,pos3,0.0,7,non-restrictive,2,20
200.0,pos4,0.0,7,non-restrictive,2,20
200.0,subject,0.0676,7,non-restrictive,2,20
250.0,pos1,0.0,7,non-restrictive,2,20
250.0,pos2,0.0,7,non-restrictive,2,20
250.0,pos3,0.0,7,non-restrictive,2,20
250.0,pos4,0.0,7,non-restrictive,2,20
250.0,subject,1.0,7,non-restrictive,2,20
0.0,pos1,0.0,8,restrictive,1,20
0.0,pos2,0.0,8,restrictive,1,20
0.0,pos3,0.0,8,restrictive,1,20
0.0,pos4,0.0,8,restrictive,1,20
0.0,subject,1.0,8,restrictive,1,20
50.0,pos1,0.0,8,restrictive,1,20
50.0,pos2,0.0,8,restrictive,1,20
50.0,pos3,0.0,8,restrictive,1,20
50.0,pos4,0.0,8,restrictive,1,20
50.0,subject,1.0,8,restrictive,1,20
100.0,pos1,0.0,8,restrictive,1,20
100.0,pos2,0.0,8,restrictive,1,20
100.0,pos3,0.0,8,restrictive,1,20
100.0,pos4,0.0,8,restrictive,1,20
100.0,subject,1.0,8,restrictive,1,20
150.0,pos1,0.0,8,restrictive,1,20
150.0,pos2,0.0,8,restrictive,1,20
150.0,pos3,0.0,8,restrictive,1,20
150.0,pos4,0.0,8,restrictive,1,20
150.0,subject,1.0,8,restrictive,1,20
200.0,pos1,0.0,8,restrictive,1,20
200.0,pos2,0.0,8,restrictive,1,20
200.0,pos3,0.0,8,restrictive,1,20
200.0,pos4,0.0,8,restrictive,1,20
200.0,subject,1.0,8,restrictive,1,20
250.0,pos1,0.0,8,restrictive,1,20
250.0,pos2,0.0,8,restrictive,1,20
250.0,pos3,0.0,8,restrictive,1,20
250.0,pos4,0.0,8,restrictive,1,20
250.0,subject,1.0,8,restrictive,1,20
300.0,pos1,0.0,8,restrictive,1,20
300.0,pos2,0.0,8,restrictive,1,20
300.0,pos3,0.0,8,restrictive,1,20
300.0,pos4,0.0,8,restrictive,1,20
300.0,subject,1.0,8,restrictive,1,20
350.0,pos1,0.0,8,restrictive,1,20
350.0,pos2,0.0,8,restrictive,1,20
350.0,pos3,0.0,8,restrictive,1,20
350.0,pos4,0.0,8,restrictive,1,20
350.0,subject,1.0,8,restrictive,1,20
0.0,pos1,0.0,9,non-restrictive,2,20
0.0,pos2,0.0,9,non-restrictive,2,20
0.0,pos3,0.0,9,non-restrictive,2,20
0.0,pos4,0.0,9,non-restrictive,2,20
0.0,subject,1.0,9,non-restrictive,2,20
50.0,pos1,0.0,9,non-restrictive,2,20
50.0,pos2,0.0,9,non-restrictive,2,20
50.0,pos3,0.0,9,non-restrictive,2,20
50.0,pos4,0.0,9,non-restrictive,2,20
50.0,subject,0.873,9,non-restrictive,2,20
100.0,pos1,0.0,9,non-restrictive,2,20
100.0,pos2,0.0,9,non-restrictive,2,20
100.0,pos3,0.0,9,non-restrictive,2,20
100.0,pos4,0.0,9,non-restrictive,2,20
100.0,subject,1.0,9,non-restrictive,2,20
150.0,pos1,0.0,9,non-restrictive,2,20
150.0,pos2,0.0,9,non-restrictive,2,20
150.0,pos3,0.0,9,non-restrictive,2,20
150.0,pos4,0.0,9,non-restrictive,2,20
150.0,subject,1.0,9,non-restrictive,2,20
200.0,pos1,0.0,9,non-restrictive,2,20
200.0,pos2,0.0,9,non-restrictive,2,20
200.0,pos3,0.0,9,non-restrictive,2,20
200.0,pos4,0.0,9,non-restrictive,2,20
200.0,subject,1.0,9,non-restrictive,2,20
250.0,pos1,0.0,9,non-restrictive,2,20
250.0,pos2,0.0,9,non-restrictive,2,20
250.0,pos3,0.0,9,non-restrictive,2,20
250.0,pos4,0.0,9,non-restrictive,2,20
250.0,subject,1.0,9,non-restrictive,2,20
0.0,pos1,0.0,10,non-restrictive,4,20
0.0,pos2,0.0,10,non-restrictive,4,20
0.0,pos3,0.0,10,non-restrictive,4,20
0.0,pos4,0.0,10,non-restrictive,4,20
0.0,subject,0.8134,10,non-restrictive,4,20
50.0,pos1,0.0,10,non-restrictive,4,20
50.0,pos2,0.0,10,non-restrictive,4,20
50.0,pos3,0.0,10,non-restrictive,4,20
50.0,pos4,0.0,10,non-restrictive,4,20
50.0,subject,1.0,10,non-restrictive,4,20
100.0,pos1,0.0,10,non-restrictive,4,20
100.0,pos2,0.0,10,non-restrictive,4,20
100.0,pos3,0.0,10,non-restrictive,4,20
100.0,pos4,0.0,10,non-restrictive,4,20
100.0,subject,1.0,10,non-restrictive,4,20
150.0,pos1,0.0,10,non-restrictive,4,20
150.0,pos2,0.0,10,non-restrictive,4,20
150.0,pos3,0.0,10,non-restrictive,4,20
150.0,pos4,0.0,10,non-restrictive,4,20
150.0,subject,1.0,10,non-restrictive,4,20
200.0,pos1,0.0,10,non-restrictive,4,20
200.0,pos2,0.0,10,non-restrictive,4,20
200.0,pos3,0.0,10,non-restrictive,4,20
200.0,pos4,0.0,10,non-restrictive,4,20
200.0,subject,1.0,10,non-restrictive,4,20
250.0,pos1,0.0,10,non-restrictive,4,20
250.0,pos2,0.0,10,non-restrictive,4,20
250.0,pos3,0.0,10,non-restrictive,4,20
250.0,pos4,0.0,10,non-restrictive,4,20
250.0,subject,1.0,10,non-restrictive,4,20
300.0,pos1,0.0,10,non-restrictive,4,20
300.0,pos2,0.0,10,non-restrictive,4,20
300.0,pos3,0.0,10,non-restrictive,4,20
300.0,pos4,0.0,10,non-restrictive,4,20
300.0,subject,0.8682,10,non-restrictive,4,20
350.0,pos1,0.0,10,non-restrictive,4,20
350.0,pos2,0.0,10,non-restrictive,4,20
350.0,pos3,0.0,10,non-restrictive,4,20
350.0,pos4,0.0,10,non-restrictive,4,20
350.0,subject,1.0,10,non-restrictive,4,20
400.0,pos1,0.0,10,non-restrictive,4,20
400.0,pos2,0.0,10,non-restrictive,4,20
400.0,pos3,0.0,10,non-restrictive,4,20
400.0,pos4,0.0,10,non-restrictive,4,20
400.0,subject,1.0,10,non-restrictive,4,20
450.0,pos1,0.0,10,non-restrictive,4,20
450.0,pos2,0.0,10,non-restrictive,4,20
450.0,pos3,0.0,10,non-restrictive,4,20
450.0,pos4,0.0,10,non-restrictive,4,20
450.0,subject,1.0,10,non-restrictive,4,20
500.0,pos1,0.0,10,non-restrictive,4,20
500.0,pos2,0.0,10,non-restrictive,4,20
500.0,pos3,0.0,10,non-restrictive,4,20
500.0,pos4,0.0,10,non-restrictive,4,20
500.0,subject,1.0,10,non-restrictive,4,20
0.0,pos1,0.0,11,restrictive,3,20
0.0,pos2,0.0,11,restrictive,3,20
0.0,pos3,0.0,11,restrictive,3,20
0.0,pos4,0.0,11,restrictive,3,20
0.0,subject,0.8682,11,restrictive,3,20
50.0,pos1,0.0,11,restrictive,3,20
50.0,pos2,0.0,11,restrictive,3,20
50.0,pos3,0.0,11,restrictive,3,20
50.0,pos4,0.0,11,restrictive,3,20
50.0,subject,1.0,11,restrictive,3,20
100.0,pos1,0.0,11,restrictive,3,20
100.0,pos2,0.0,11,restrictive,3,20
100.0,pos3,0.0,11,restrictive,3,20
100.0,pos4,0.0,11,restrictive,3,20
100.0,subject,1.0,11,restrictive,3,20
150.0,pos1,0.0,11,restrictive,3,20
150.0,pos2,0.0,11,restrictive,3,20
150.0,pos3,0.0,11,restrictive,3,20
150.0,pos4,0.0,11,restrictive,3,20
150.0,subject,1.0,11,restrictive,3,20
200.0,pos1,0.0,11,restrictive,3,20
200.0,pos2,0.0,11,restrictive,3,20
200.0,pos3,0.0,11,restrictive,3,20
200.0,pos4,0.0,11,restrictive,3,20
200.0,subject,1.0,11,restrictive,3,20
250.0,pos1,0.0,11,restrictive,3,20
250.0,pos2,0.0,11,restrictive,3,20
250.0,pos3,0.0,11,restrictive,3,20
250.0,pos4,0.0,11,restrictive,3,20
250.0,subject,1.0,11,restrictive,3,20
0.0,pos1,0.0,12,restrictive,3,20
0.0,pos2,0.0,12,restrictive,3,20
0.0,pos3,0.0,12,restrictive,3,20
0.0,pos4,0.0,12,restrictive,3,20
0.0,subject,1.0,12,restrictive,3,20
50.0,pos1,0.0,12,restrictive,3,20
50.0,pos2,0.0,12,restrictive,3,20
50.0,pos3,0.0,12,restrictive,3,20
50.0,pos4,0.0,12,restrictive,3,20
50.0,subject,1.0,12,restrictive,3,20
100.0,pos1,0.0,12,restrictive,3,20
100.0,pos2,0.0,12,restrictive,3,20
100.0,pos3,0.0,12,restrictive,3,20
100.0,pos4,0.0,12,restrictive,3,20
100.0,subject,1.0,12,restrictive,3,20
150.0,pos1,0.0,12,restrictive,3,20
150.0,pos2,0.0,12,restrictive,3,20
150.0,pos3,0.0,12,restrictive,3,20
150.0,pos4,0.0,12,restrictive,3,20
150.0,subject,1.0,12,restrictive,3,20
200.0,pos1,0.0,12,restrictive,3,20
200.0,pos2,0.0,12,restrictive,3,20
200.0,pos3,0.0,12,restrictive,3,20
200.0,pos4,0.0,12,restrictive,3,20
200.0,subject,1.0,12,restrictive,3,20
0.0,pos1,0.0,13,restrictive,3,20
0.0,pos2,0.0,13,restrictive,3,20
0.0,pos3,0.0,13,restrictive,3,20
0.0,pos4,0.0,13,restrictive,3,20
0.0,subject,1.0,13,restrictive,3,20
50.0,pos1,0.0,13,restrictive,3,20
50.0,pos2,0.0,13,restrictive,3,20
50.0,pos3,0.0,13,restrictive,3,20
50.0,pos4,0.0,13,restrictive,3,20
50.0,subject,1.0,13,restrictive,3,20
100.0,pos1,0.0,13,restrictive,3,20
100.0,pos2,0.0,13,restrictive,3,20
100.0,pos3,0.0,13,restrictive,3,20
100.0,pos4,0.0,13,restrictive,3,20
100.0,subject,1.0,13,restrictive,3,20
150.0,pos1,0.0,13,restrictive,3,20
150.0,pos2,0.0,13,restrictive,3,20
150.0,pos3,0.0,13,restrictive,3,20
150.0,pos4,0.0,13,restrictive,3,20
150.0,subject,1.0,13,restrictive,3,20
200.0,pos1,0.0,13,restrictive,3,20
200.0,pos2,0.0,13,restrictive,3,20
200.0,pos3,0.0,13,restrictive,3,20
200.0,pos4,0.0,13,restrictive,3,20
200.0,subject,1.0,13,restrictive,3,20
250.0,pos1,0.0,13,restrictive,3,20
250.0,pos2,0.0,13,restrictive,3,20
250.0,pos3,0.0,13,restrictive,3,20
250.0,pos4,0.0,13,restrictive,3,20
250.0,subject,1.0,13,restrictive,3,20
0.0,pos1,0.0,14,restrictive,1,20
0.0,pos2,0.0,14,restrictive,1,20
0.0,pos3,0.0,14,restrictive,1,20
0.0,pos4,0.0,14,restrictive,1,20
0.0,subject,0.0,14,restrictive,1,20
50.0,pos1,0.0,14,restrictive,1,20
50.0,pos2,0.0,14,restrictive,1,20
50.0,pos3,0.0,14,restrictive,1,20
50.0,pos4,0.0,14,restrictive,1,20
50.0,subject,0.7736,14,restrictive,1,20
100.0,pos1,0.0,14,restrictive,1,20
100.0,pos2,0.0,14,restrictive,1,20
100.0,pos3,0.0,14,restrictive,1,20
100.0,pos4,0.0,14,restrictive,1,20
100.0,subject,1.0,14,restrictive,1,20
150.0,pos1,0.0,14,restrictive,1,20
150.0,pos2,0.0,14,restrictive,1,20
150.0,pos3,0.0,14,restrictive,1,20
150.0,pos4,0.0,14,restrictive,1,20
150.0,subject,1.0,14,restrictive,1,20
200.0,pos1,0.0,14,restrictive,1,20
200.0,pos2,0.0,14,restrictive,1,20
200.0,pos3,0.0,14,restrictive,1,20
200.0,pos4,0.0,14,restrictive,1,20
200.0,subject,1.0,14,restrictive,1,20
250.0,pos1,0.0,14,restrictive,1,20
250.0,pos2,0.0,14,restrictive,1,20
250.0,pos3,0.0,14,restrictive,1,20
250.0,pos4,0.0,14,restrictive,1,20
250.0,subject,0.868,14,restrictive,1,20
300.0,pos1,0.0,14,restrictive,1,20
300.0,pos2,0.0,14,restrictive,1,20
300.0,pos3,0.0,14,restrictive,1,20
300.0,pos4,0.0,14,restrictive,1,20
300.0,subject,1.0,14,restrictive,1,20
0.0,pos1,0.0,15,non-restrictive,4,20
0.0,pos2,0.0,15,non-restrictive,4,20
0.0,pos3,0.0,15,non-restrictive,4,20
0.0,pos4,0.0,15,non-restrictive,4,20
0.0,subject,1.0,15,non-restrictive,4,20
50.0,pos1,0.0,15,non-restrictive,4,20
50.0,pos2,0.0,15,non-restrictive,4,20
50.0,pos3,0.0,15,non-restrictive,4,20
50.0,pos4,0.0,15,non-restrictive,4,20
50.0,subject,1.0,15,non-restrictive,4,20
100.0,pos1,0.0,15,non-restrictive,4,20
100.0,pos2,0.0,15,non-restrictive,4,20
100.0,pos3,0.0,15,non-restrictive,4,20
100.0,pos4,0.0,15,non-restrictive,4,20
100.0,subject,1.0,15,non-restrictive,4,20
150.0,pos1,0.0,15,non-restrictive,4,20
150.0,pos2,0.0,15,non-restrictive,4,20
150.0,pos3,0.0,15,non-restrictive,4,20
150.0,pos4,0.0,15,non-restrictive,4,20
150.0,subject,0.2678,15,non-restrictive,4,20
200.0,pos1,0.0,15,non-restrictive,4,20
200.0,pos2,0.0,15,non-restrictive,4,20
200.0,pos3,0.0,15,non-restrictive,4,20
200.0,pos4,0.0,15,non-restrictive,4,20
200.0,subject,0.0,15,non-restrictive,4,20
250.0,pos1,0.0,15,non-restrictive,4,20
250.0,pos2,0.0,15,non-restrictive,4,20
250.0,pos3,0.0,15,non-restrictive,4,20
250.0,pos4,0.0,15,non-restrictive,4,20
250.0,subject,0.0,15,non-restrictive,4,20
300.0,pos1,0.0,15,non-restrictive,4,20
300.0,pos2,0.0,15,non-restrictive,4,20
300.0,pos3,0.0,15,non-restrictive,4,20
300.0,pos4,0.0,15,non-restrictive,4,20
300.0,subject,0.0,15,non-restrictive,4,20
350.0,pos1,0.0,15,non-restrictive,4,20
350.0,pos2,0.0,15,non-restrictive,4,20
350.0,pos3,0.0,15,non-restrictive,4,20
350.0,pos4,0.0,15,non-restrictive,4,20
350.0,subject,0.0,15,non-restrictive,4,20
0.0,pos1,0.0,16,restrictive,1,20
0.0,pos2,0.0,16,restrictive,1,20
0.0,pos3,0.0,16,restrictive,1,20
0.0,pos4,0.0,16,restrictive,1,20
0.0,subject,0.868,16,restrictive,1,20
50.0,pos1,0.0,16,restrictive,1,20
50.0,pos2,0.0,16,restrictive,1,20
50.0,pos3,0.0,16,restrictive,1,20
50.0,pos4,0.0,16,restrictive,1,20
50.0,subject,1.0,16,restrictive,1,20
100.0,pos1,0.0,16,restrictive,1,20
100.0,pos2,0.0,16,restrictive,1,20
100.0,pos3,0.0,16,restrictive,1,20
100.0,pos4,0.0,16,restrictive,1,20
100.0,subject,1.0,16,restrictive,1,20
150.0,pos1,0.0,16,restrictive,1,20
150.0,pos2,0.0,16,restrictive,1,20
150.0,pos3,0.0,16,restrictive,1,20
150.0,pos4,0.0,16,restrictive,1,20
150.0,subject,1.0,16,restrictive,1,20
200.0,pos1,0.0,16,restrictive,1,20
200.0,pos2,0.0,16,restrictive,1,20
200.0,pos3,0.0,16,restrictive,1,20
200.0,pos4,0.0,16,restrictive,1,20
200.0,subject,1.0,16,restrictive,1,20
0.0,pos1,0.0,17,restrictive,1,20
0.0,pos2,0.0,17,restrictive,1,20
0.0,pos3,0.0,17,restrictive,1,20
0.0,pos4,0.0,17,restrictive,1,20
0.0,subject,1.0,17,restrictive,1,20
50.0,pos1,0.0,17,restrictive,1,20
50.0,pos2,0.0,17,restrictive,1,20
50.0,pos3,0.0,17,restrictive,1,20
50.0,pos4,0.0,17,restrictive,1,20
50.0,subject,1.0,17,restrictive,1,20
100.0,pos1,0.0,17,restrictive,1,20
100.0,pos2,0.0,17,restrictive,1,20
100.0,pos3,0.0,17,restrictive,1,20
100.0,pos4,0.0,17,restrictive,1,20
100.0,subject,1.0,17,restrictive,1,20
150.0,pos1,0.0,17,restrictive,1,20
150.0,pos2,0.0,17,restrictive,1,20
150.0,pos3,0.0,17,restrictive,1,20
150.0,pos4,0.0,17,restrictive,1,20
150.0,subject,0.5406,17,restrictive,1,20
200.0,pos1,0.0,17,restrictive,1,20
200.0,pos2,0.0,17,restrictive,1,20
200.0,pos3,0.0,17,restrictive,1,20
200.0,pos4,0.0,17,restrictive,1,20
200.0,subject,0.0,17,restrictive,1,20
250.0,pos1,0.0,17,restrictive,1,20
250.0,pos2,0.0,17,restrictive,1,20
250.0,pos3,0.0,17,restrictive,1,20
250.0,pos4,0.0,17,restrictive,1,20
250.0,subject,0.0,17,restrictive,1,20
300.0,pos1,0.0,17,restrictive,1,20
300.0,pos2,0.0,17,restrictive,1,20
300.0,pos3,0.0,17,restrictive,1,20
300.0,pos4,0.0,17,restrictive,1,20
300.0,subject,0.0,17,restrictive,1,20
350.0,pos1,0.0,17,restrictive,1,20
350.0,pos2,0.0,17,restrictive,1,20
350.0,pos3,0.0,17,restrictive,1,20
350.0,pos4,0.0,17,restrictive,1,20
350.0,subject,0.0,17,restrictive,1,20
400.0,pos1,0.0,17,restrictive,1,20
400.0,pos2,0.0,17,restrictive,1,20
400.0,pos3,0.0,17,restrictive,1,20
400.0,pos4,0.0,17,restrictive,1,20
400.0,subject,0.0,17,restrictive,1,20
450.0,pos1,0.0,17,restrictive,1,20
450.0,pos2,0.0,17,restrictive,1,20
450.0,pos3,0.0,17,restrictive,1,20
450.0,pos4,0.0,17,restrictive,1,20
450.0,subject,0.0,17,restrictive,1,20
500.0,pos1,0.0,17,restrictive,1,20
500.0,pos2,0.0,17,restrictive,1,20
500.0,pos3,0.0,17,restrictive,1,20
500.0,pos4,0.0,17,restrictive,1,20
500.0,subject,0.765,17,restrictive,1,20
550.0,pos1,0.0,17,restrictive,1,20
550.0,pos2,0.0,17,restrictive,1,20
550.0,pos3,0.0,17,restrictive,1,20
550.0,pos4,0.0,17,restrictive,1,20
550.0,subject,1.0,17,restrictive,1,20
0.0,pos1,0.0,18,restrictive,3,20
0.0,pos2,0.0,18,restrictive,3,20
0.0,pos3,0.0,18,restrictive,3,20
0.0,pos4,0.0,18,restrictive,3,20
0.0,subject,1.0,18,restrictive,3,20
50.0,pos1,0.0,18,restrictive,3,20
50.0,pos2,0.0,18,restrictive,3,20
50.0,pos3,0.0,18,restrictive,3,20
50.0,pos4,0.0,18,restrictive,3,20
50.0,subject,1.0,18,restrictive,3,20
100.0,pos1,0.0,18,restrictive,3,20
100.0,pos2,0.0,18,restrictive,3,20
100.0,pos3,0.0,18,restrictive,3,20
100.0,pos4,0.0,18,restrictive,3,20
100.0,subject,1.0,18,restrictive,3,20
150.0,pos1,0.0,18,restrictive,3,20
150.0,pos2,0.0,18,restrictive,3,20
150.0,pos3,0.0,18,restrictive,3,20
150.0,pos4,0.0,18,restrictive,3,20
150.0,subject,0.868,18,restrictive,3,20
200.0,pos1,0.0,18,restrictive,3,20
200.0,pos2,0.0,18,restrictive,3,20
200.0,pos3,0.0,18,restrictive,3,20
200.0,pos4,0.0,18,restrictive,3,20
200.0,subject,1.0,18,restrictive,3,20
0.0,pos1,0.0,19,non-restrictive,4,20
0.0,pos2,0.0,19,non-restrictive,4,20
0.0,pos3,0.0,19,non-restrictive,4,20
0.0,pos4,0.0,19,non-restrictive,4,20
0.0,subject,0.0,19,non-restrictive,4,20
50.0,pos1,0.0,19,non-restrictive,4,20
50.0,pos2,0.0,19,non-restrictive,4,20
50.0,pos3,0.0,19,non-restrictive,4,20
50.0,pos4,0.0,19,non-restrictive,4,20
50.0,subject,0.0,19,non-restrictive,4,20
100.0,pos1,0.0,19,non-restrictive,4,20
100.0,pos2,0.0,19,non-restrictive,4,20
100.0,pos3,0.0,19,non-restrictive,4,20
100.0,pos4,0.0,19,non-restrictive,4,20
100.0,subject,0.0,19,non-restrictive,4,20
150.0,pos1,0.0,19,non-restrictive,4,20
150.0,pos2,0.0,19,non-restrictive,4,20
150.0,pos3,0.0,19,non-restrictive,4,20
150.0,pos4,0.0,19,non-restrictive,4,20
150.0,subject,0.0542,19,non-restrictive,4,20
200.0,pos1,0.0,19,non-restrictive,4,20
200.0,pos2,0.0,19,non-restrictive,4,20
200.0,pos3,0.0,19,non-restrictive,4,20
200.0,pos4,0.0,19,non-restrictive,4,20
200.0,subject,1.0,19,non-restrictive,4,20
250.0,pos1,0.0,19,non-restrictive,4,20
250.0,pos2,0.0,19,non-restrictive,4,20
250.0,pos3,0.0,19,non-restrictive,4,20
250.0,pos4,0.0,19,non-restrictive,4,20
250.0,subject,1.0,19,non-restrictive,4,20
0.0,pos1,0.0,21,restrictive,1,20
0.0,pos2,0.0,21,restrictive,1,20
0.0,pos3,0.0,21,restrictive,1,20
0.0,pos4,0.0,21,restrictive,1,20
0.0,subject,0.0,21,restrictive,1,20
50.0,pos1,0.0,21,restrictive,1,20
50.0,pos2,0.0,21,restrictive,1,20
50.0,pos3,0.0,21,restrictive,1,20
50.0,pos4,0.0,21,restrictive,1,20
50.0,subject,0.0,21,restrictive,1,20
100.0,pos1,0.0,21,restrictive,1,20
100.0,pos2,0.0,21,restrictive,1,20
100.0,pos3,0.0,21,restrictive,1,20
100.0,pos4,0.0,21,restrictive,1,20
100.0,subject,0.0,21,restrictive,1,20
150.0,pos1,0.0,21,restrictive,1,20
150.0,pos2,0.0,21,restrictive,1,20
150.0,pos3,0.0,21,restrictive,1,20
150.0,pos4,0.0,21,restrictive,1,20
150.0,subject,0.0,21,restrictive,1,20
200.0,pos1,0.0,21,restrictive,1,20
200.0,pos2,0.0,21,restrictive,1,20
200.0,pos3,0.0,21,restrictive,1,20
200.0,pos4,0.0,21,restrictive,1,20
200.0,subject,0.0,21,restrictive,1,20
250.0,pos1,0.0,21,restrictive,1,20
250.0,pos2,0.0,21,restrictive,1,20
250.0,pos3,0.0,21,restrictive,1,20
250.0,pos4,0.0,21,restrictive,1,20
250.0,subject,0.0,21,restrictive,1,20
0.0,pos1,0.0,22,non-restrictive,2,20
0.0,pos2,0.0,22,non-restrictive,2,20
0.0,pos3,0.0,22,non-restrictive,2,20
0.0,pos4,0.0,22,non-restrictive,2,20
0.0,subject,1.0,22,non-restrictive,2,20
50.0,pos1,0.0,22,non-restrictive,2,20
50.0,pos2,0.0,22,non-restrictive,2,20
50.0,pos3,0.0,22,non-restrictive,2,20
50.0,pos4,0.0,22,non-restrictive,2,20
50.0,subject,0.8956,22,non-restrictive,2,20
100.0,pos1,0.0,22,non-restrictive,2,20
100.0,pos2,0.0,22,non-restrictive,2,20
100.0,pos3,0.0,22,non-restrictive,2,20
100.0,pos4,0.0,22,non-restrictive,2,20
100.0,subject,0.9678,22,non-restrictive,2,20
150.0,pos1,0.0,22,non-restrictive,2,20
150.0,pos2,0.0,22,non-restrictive,2,20
150.0,pos3,0.0,22,non-restrictive,2,20
150.0,pos4,0.0,22,non-restrictive,2,20
150.0,subject,0.1016,22,non-restrictive,2,20
200.0,pos1,0.0,22,non-restrictive,2,20
200.0,pos2,0.0,22,non-restrictive,2,20
200.0,pos3,0.0,22,non-restrictive,2,20
200.0,pos4,0.0,22,non-restrictive,2,20
200.0,subject,0.0,22,non-restrictive,2,20
250.0,pos1,0.0,22,non-restrictive,2,20
250.0,pos2,0.0,22,non-restrictive,2,20
250.0,pos3,0.0,22,non-restrictive,2,20
250.0,pos4,0.0,22,non-restrictive,2,20
250.0,subject,0.0,22,non-restrictive,2,20
0.0,pos1,0.0,23,non-restrictive,2,20
0.0,pos2,0.0,23,non-restrictive,2,20
0.0,pos3,0.0,23,non-restrictive,2,20
0.0,pos4,0.0,23,non-restrictive,2,20
0.0,subject,1.0,23,non-restrictive,2,20
50.0,pos1,0.0,23,non-restrictive,2,20
50.0,pos2,0.0,23,non-restrictive,2,20
50.0,pos3,0.0,23,non-restrictive,2,20
50.0,pos4,0.0,23,non-restrictive,2,20
50.0,subject,1.0,23,non-restrictive,2,20
100.0,pos1,0.0,23,non-restrictive,2,20
100.0,pos2,0.0,23,non-restrictive,2,20
100.0,pos3,0.0,23,non-restrictive,2,20
100.0,pos4,0.0,23,non-restrictive,2,20
100.0,subject,1.0,23,non-restrictive,2,20
150.0,pos1,0.0,23,non-restrictive,2,20
150.0,pos2,0.0,23,non-restrictive,2,20
150.0,pos3,0.0,23,non-restrictive,2,20
150.0,pos4,0.0,23,non-restrictive,2,20
150.0,subject,1.0,23,non-restrictive,2,20
200.0,pos1,0.0,23,non-restrictive,2,20
200.0,pos2,0.0,23,non-restrictive,2,20
200.0,pos3,0.0,23,non-restrictive,2,20
200.0,pos4,0.0,23,non-restrictive,2,20
200.0,subject,1.0,23,non-restrictive,2,20
250.0,pos1,0.0,23,non-restrictive,2,20
250.0,pos2,0.0,23,non-restrictive,2,20
250.0,pos3,0.0,23,non-restrictive,2,20
250.0,pos4,0.0,23,non-restrictive,2,20
250.0,subject,1.0,23,non-restrictive,2,20
0.0,pos1,0.0,24,non-restrictive,4,20
0.0,pos2,0.0,24,non-restrictive,4,20
0.0,pos3,0.0,24,non-restrictive,4,20
0.0,pos4,0.0,24,non-restrictive,4,20
0.0,subject,0.8066,24,non-restrictive,4,20
50.0,pos1,0.0,24,non-restrictive,4,20
50.0,pos2,0.0,24,non-restrictive,4,20
50.0,pos3,0.0,24,non-restrictive,4,20
50.0,pos4,0.0,24,non-restrictive,4,20
50.0,subject,0.0,24,non-restrictive,4,20
100.0,pos1,0.0,24,non-restrictive,4,20
100.0,pos2,0.0,24,non-restrictive,4,20
100.0,pos3,0.0,24,non-restrictive,4,20
100.0,pos4,0.0,24,non-restrictive,4,20
100.0,subject,0.0,24,non-restrictive,4,20
150.0,pos1,0.0,24,non-restrictive,4,20
150.0,pos2,0.0,24,non-restrictive,4,20
150.0,pos3,0.0,24,non-restrictive,4,20
150.0,pos4,0.0,24,non-restrictive,4,20
150.0,subject,0.0,24,non-restrictive,4,20
200.0,pos1,0.0,24,non-restrictive,4,20
200.0,pos2,0.0,24,non-restrictive,4,20
200.0,pos3,0.0,24,non-restrictive,4,20
200.0,pos4,0.0,24,non-restrictive,4,20
200.0,subject,0.0,24,non-restrictive,4,20
0.0,pos1,0.0,25,non-restrictive,4,20
0.0,pos2,0.0,25,non-restrictive,4,20
0.0,pos3,0.0,25,non-restrictive,4,20
0.0,pos4,0.0,25,non-restrictive,4,20
0.0,subject,1.0,25,non-restrictive,4,20
50.0,pos1,0.0,25,non-restrictive,4,20
50.0,pos2,0.0,25,non-restrictive,4,20
50.0,pos3,0.0,25,non-restrictive,4,20
50.0,pos4,0.0,25,non-restrictive,4,20
50.0,subject,1.0,25,non-restrictive,4,20
100.0,pos1,0.0,25,non-restrictive,4,20
100.0,pos2,0.0,25,non-restrictive,4,20
100.0,pos3,0.0,25,non-restrictive,4,20
100.0,pos4,0.0,25,non-restrictive,4,20
100.0,subject,1.0,25,non-restrictive,4,20
150.0,pos1,0.0,25,non-restrictive,4,20
150.0,pos2,0.0,25,non-restrictive,4,20
150.0,pos3,0.0,25,non-restrictive,4,20
150.0,pos4,0.0,25,non-restrictive,4,20
150.0,subject,0.8682,25,non-restrictive,4,20
200.0,pos1,0.0,25,non-restrictive,4,20
200.0,pos2,0.0,25,non-restrictive,4,20
200.0,pos3,0.0,25,non-restrictive,4,20
200.0,pos4,0.0,25,non-restrictive,4,20
200.0,subject,1.0,25,non-restrictive,4,20
250.0,pos1,0.0,25,non-restrictive,4,20
250.0,pos2,0.0,25,non-restrictive,4,20
250.0,pos3,0.0,25,non-restrictive,4,20
250.0,pos4,0.0,25,non-restrictive,4,20
250.0,subject,1.0,25,non-restrictive,4,20
0.0,pos1,0.0,26,restrictive,3,20
0.0,pos2,0.0,26,restrictive,3,20
0.0,pos3,0.0,26,restrictive,3,20
0.0,pos4,0.0,26,restrictive,3,20
0.0,subject,1.0,26,restrictive,3,20
50.0,pos1,0.0,26,restrictive,3,20
50.0,pos2,0.0,26,restrictive,3,20
50.0,pos3,0.0,26,restrictive,3,20
50.0,pos4,0.0,26,restrictive,3,20
50.0,subject,1.0,26,restrictive,3,20
100.0,pos1,0.0,26,restrictive,3,20
100.0,pos2,0.0,26,restrictive,3,20
100.0,pos3,0.0,26,restrictive,3,20
100.0,pos4,0.0,26,restrictive,3,20
100.0,subject,1.0,26,restrictive,3,20
150.0,pos1,0.0,26,restrictive,3,20
150.0,pos2,0.0,26,restrictive,3,20
150.0,pos3,0.0,26,restrictive,3,20
150.0,pos4,0.0,26,restrictive,3,20
150.0,subject,1.0,26,restrictive,3,20
200.0,pos1,0.0,26,restrictive,3,20
200.0,pos2,0.0,26,restrictive,3,20
200.0,pos3,0.0,26,restrictive,3,20
200.0,pos4,0.0,26,restrictive,3,20
200.0,subject,1.0,26,restrictive,3,20
0.0,pos1,0.0,27,non-restrictive,2,20
0.0,pos2,0.0,27,non-restrictive,2,20
0.0,pos3,0.0,27,non-restrictive,2,20
0.0,pos4,0.0,27,non-restrictive,2,20
0.0,subject,0.8632,27,non-restrictive,2,20
50.0,pos1,0.0,27,non-restrictive,2,20
50.0,pos2,0.0,27,non-restrictive,2,20
50.0,pos3,0.0,27,non-restrictive,2,20
50.0,pos4,0.0,27,non-restrictive,2,20
50.0,subject,1.0,27,non-restrictive,2,20
100.0,pos1,0.0,27,non-restrictive,2,20
100.0,pos2,0.0,27,non-restrictive,2,20
100.0,pos3,0.0,27,non-restrictive,2,20
100.0,pos4,0.0,27,non-restrictive,2,20
100.0,subject,0.8174,27,non-restrictive,2,20
150.0,pos1,0.0,27,non-restrictive,2,20
150.0,pos2,0.0,27,non-restrictive,2,20
150.0,pos3,0.0,27,non-restrictive,2,20
150.0,pos4,0.0,27,non-restrictive,2,20
150.0,subject,0.0,27,non-restrictive,2,20
200.0,pos1,0.0,27,non-restrictive,2,20
200.0,pos2,0.0,27,non-restrictive,2,20
200.0,pos3,0.0,27,non-restrictive,2,20
200.0,pos4,0.0,27,non-restrictive,2,20
200.0,subject,0.0,27,non-restrictive,2,20
0.0,pos1,0.0,28,non-restrictive,4,20
0.0,pos2,0.0,28,non-restrictive,4,20
0.0,pos3,0.0,28,non-restrictive,4,20
0.0,pos4,0.0,28,non-restrictive,4,20
0.0,subject,0.985,28,non-restrictive,4,20
50.0,pos1,0.0,28,non-restrictive,4,20
50.0,pos2,0.0,28,non-restrictive,4,20
50.0,pos3,0.0,28,non-restrictive,4,20
50.0,pos4,0.0,28,non-restrictive,4,20
50.0,subject,0.0,28,non-restrictive,4,20
100.0,pos1,0.0,28,non-restrictive,4,20
100.0,pos2,0.0,28,non-restrictive,4,20
100.0,pos3,0.0,28,non-restrictive,4,20
100.0,pos4,0.0,28,non-restrictive,4,20
100.0,subject,0.0,28,non-restrictive,4,20
150.0,pos1,0.0,28,non-restrictive,4,20
150.0,pos2,0.0,28,non-restrictive,4,20
150.0,pos3,0.0,28,non-restrictive,4,20
150.0,pos4,0.0,28,non-restrictive,4,20
150.0,subject,0.0,28,non-restrictive,4,20
200.0,pos1,0.0,28,non-restrictive,4,20
200.0,pos2,0.0,28,non-restrictive,4,20
200.0,pos3,0.0,28,non-restrictive,4,20
200.0,pos4,0.0,28,non-restrictive,4,20
200.0,subject,0.0,28,non-restrictive,4,20
250.0,pos1,0.0,28,non-restrictive,4,20
250.0,pos2,0.0,28,non-restrictive,4,20
250.0,pos3,0.0,28,non-restrictive,4,20
250.0,pos4,0.0,28,non-restrictive,4,20
250.0,subject,0.0,28,non-restrictive,4,20
0.0,pos1,0.0,29,non-restrictive,4,20
0.0,pos2,0.0,29,non-restrictive,4,20
0.0,pos3,0.0,29,non-restrictive,4,20
0.0,pos4,0.0,29,non-restrictive,4,20
0.0,subject,1.0,29,non-restrictive,4,20
50.0,pos1,0.0,29,non-restrictive,4,20
50.0,pos2,0.0,29,non-restrictive,4,20
50.0,pos3,0.0,29,non-restrictive,4,20
50.0,pos4,0.0,29,non-restrictive,4,20
50.0,subject,1.0,29,non-restrictive,4,20
100.0,pos1,0.0,29,non-restrictive,4,20
100.0,pos2,0.0,29,non-restrictive,4,20
100.0,pos3,0.0,29,non-restrictive,4,20
100.0,pos4,0.0,29,non-restrictive,4,20
100.0,subject,1.0,29,non-restrictive,4,20
150.0,pos1,0.0,29,non-restrictive,4,20
150.0,pos2,0.0,29,non-restrictive,4,20
150.0,pos3,0.0,29,non-restrictive,4,20
150.0,pos4,0.0,29,non-restrictive,4,20
150.0,subject,1.0,29,non-restrictive,4,20
200.0,pos1,0.0,29,non-restrictive,4,20
200.0,pos2,0.0,29,non-restrictive,4,20
200.0,pos3,0.0,29,non-restrictive,4,20
200.0,pos4,0.0,29,non-restrictive,4,20
200.0,subject,0.8584,29,non-restrictive,4,20
250.0,pos1,0.0,29,non-restrictive,4,20
250.0,pos2,0.0,29,non-restrictive,4,20
250.0,pos3,0.0,29,non-restrictive,4,20
250.0,pos4,0.0,29,non-restrictive,4,20
250.0,subject,1.0,29,non-restrictive,4,20
0.0,pos1,0.0,30,restrictive,1,20
0.0,pos2,0.0,30,restrictive,1,20
0.0,pos3,0.0,30,restrictive,1,20
0.0,pos4,0.0,30,restrictive,1,20
0.0,subject,1.0,30,restrictive,1,20
50.0,pos1,0.0,30,restrictive,1,20
50.0,pos2,0.0,30,restrictive,1,20
50.0,pos3,0.0,30,restrictive,1,20
50.0,pos4,0.0,30,restrictive,1,20
50.0,subject,1.0,30,restrictive,1,20
100.0,pos1,0.0,30,restrictive,1,20
100.0,pos2,0.0,30,restrictive,1,20
100.0,pos3,0.0,30,restrictive,1,20
100.0,pos4,0.0,30,restrictive,1,20
100.0,subject,1.0,30,restrictive,1,20
150.0,pos1,0.0,30,restrictive,1,20
150.0,pos2,0.0,30,restrictive,1,20
150.0,pos3,0.0,30,restrictive,1,20
150.0,pos4,0.0,30,restrictive,1,20
150.0,subject,1.0,30,restrictive,1,20
200.0,pos1,0.0,30,restrictive,1,20
200.0,pos2,0.0,30,restrictive,1,20
200.0,pos3,0.0,30,restrictive,1,20
200.0,pos4,0.0,30,restrictive,1,20
200.0,subject,1.0,30,restrictive,1,20
250.0,pos1,0.0,30,restrictive,1,20
250.0,pos2,0.0,30,restrictive,1,20
250.0,pos3,0.0,30,restrictive,1,20
250.0,pos4,0.0,30,restrictive,1,20
250.0,subject,1.0,30,restrictive,1,20
300.0,pos1,0.0,30,restrictive,1,20
300.0,pos2,0.0,30,restrictive,1,20
300.0,pos3,0.0,30,restrictive,1,20
300.0,pos4,0.0,30,restrictive,1,20
300.0,subject,1.0,30,restrictive,1,20
0.0,pos1,0.0,31,non-restrictive,2,20
0.0,pos2,0.0,31,non-restrictive,2,20
0.0,pos3,0.0,31,non-restrictive,2,20
0.0,pos4,0.0,31,non-restrictive,2,20
0.0,subject,0.899,31,non-restrictive,2,20
50.0,pos1,0.0,31,non-restrictive,2,20
50.0,pos2,0.0,31,non-restrictive,2,20
50.0,pos3,0.0,31,non-restrictive,2,20
50.0,pos4,0.0,31,non-restrictive,2,20
50.0,subject,0.9642,31,non-restrictive,2,20
100.0,pos1,0.0,31,non-restrictive,2,20
100.0,pos2,0.0,31,non-restrictive,2,20
100.0,pos3,0.0,31,non-restrictive,2,20
100.0,pos4,0.0,31,non-restrictive,2,20
100.0,subject,0.6422,31,non-restrictive,2,20
150.0,pos1,0.0,31,non-restrictive,2,20
150.0,pos2,0.0,31,non-restrictive,2,20
150.0,pos3,0.0,31,non-restrictive,2,20
150.0,pos4,0.0,31,non-restrictive,2,20
150.0,subject,0.0,31,non-restrictive,2,20
200.0,pos1,0.0,31,non-restrictive,2,20
200.0,pos2,0.0,31,non-restrictive,2,20
200.0,pos3,0.0,31,non-restrictive,2,20
200.0,pos4,0.0,31,non-restrictive,2,20
200.0,subject,0.0,31,non-restrictive,2,20
250.0,pos1,0.0,31,non-restrictive,2,20
250.0,pos2,0.0,31,non-restrictive,2,20
250.0,pos3,0.0,31,non-restrictive,2,20
250.0,pos4,0.0,31,non-restrictive,2,20
250.0,subject,0.0,31,non-restrictive,2,20
0.0,pos1,0.0,32,non-restrictive,4,20
0.0,pos2,0.0,32,non-restrictive,4,20
0.0,pos3,0.0,32,non-restrictive,4,20
0.0,pos4,0.0,32,non-restrictive,4,20
0.0,subject,0.0,32,non-restrictive,4,20
50.0,pos1,0.0,32,non-restrictive,4,20
50.0,pos2,0.0,32,non-restrictive,4,20
50.0,pos3,0.0,32,non-restrictive,4,20
50.0,pos4,0.0,32,non-restrictive,4,20
50.0,subject,0.0,32,non-restrictive,4,20
100.0,pos1,0.0,32,non-restrictive,4,20
100.0,pos2,0.0,32,non-restrictive,4,20
100.0,pos3,0.0,32,non-restrictive,4,20
100.0,pos4,0.0,32,non-restrictive,4,20
100.0,subject,0.0,32,non-restrictive,4,20
150.0,pos1,0.0,32,non-restrictive,4,20
150.0,pos2,0.0,32,non-restrictive,4,20
150.0,pos3,0.0,32,non-restrictive,4,20
150.0,pos4,0.0,32,non-restrictive,4,20
150.0,subject,0.435,32,non-restrictive,4,20
200.0,pos1,0.0,32,non-restrictive,4,20
200.0,pos2,0.0,32,non-restrictive,4,20
200.0,pos3,0.0,32,non-restrictive,4,20
200.0,pos4,0.0,32,non-restrictive,4,20
200.0,subject,1.0,32,non-restrictive,4,20
250.0,pos1,0.0,32,non-restrictive,4,20
250.0,pos2,0.0,32,non-restrictive,4,20
250.0,pos3,0.0,32,non-restrictive,4,20
250.0,pos4,0.0,32,non-restrictive,4,20
250.0,subject,1.0,32,non-restrictive,4,20
300.0,pos1,0.0,32,non-restrictive,4,20
300.0,pos2,0.0,32,non-restrictive,4,20
300.0,pos3,0.0,32,non-restrictive,4,20
300.0,pos4,0.0,32,non-restrictive,4,20
300.0,subject,1.0,32,non-restrictive,4,20
350.0,pos1,0.0,32,non-restrictive,4,20
350.0,pos2,0.0,32,non-restrictive,4,20
350.0,pos3,0.0,32,non-restrictive,4,20
350.0,pos4,0.0,32,non-restrictive,4,20
350.0,subject,1.0,32,non-restrictive,4,20
0.0,pos1,0.0,33,restrictive,3,20
0.0,pos2,0.0,33,restrictive,3,20
0.0,pos3,0.0,33,restrictive,3,20
0.0,pos4,0.0,33,restrictive,3,20
0.0,subject,1.0,33,restrictive,3,20
50.0,pos1,0.0,33,restrictive,3,20
50.0,pos2,0.0,33,restrictive,3,20
50.0,pos3,0.0,33,restrictive,3,20
50.0,pos4,0.0,33,restrictive,3,20
50.0,subject,0.8682,33,restrictive,3,20
100.0,pos1,0.0,33,restrictive,3,20
100.0,pos2,0.0,33,restrictive,3,20
100.0,pos3,0.0,33,restrictive,3,20
100.0,pos4,0.0,33,restrictive,3,20
100.0,subject,1.0,33,restrictive,3,20
150.0,pos1,0.0,33,restrictive,3,20
150.0,pos2,0.0,33,restrictive,3,20
150.0,pos3,0.0,33,restrictive,3,20
150.0,pos4,0.0,33,restrictive,3,20
150.0,subject,1.0,33,restrictive,3,20
200.0,pos1,0.0,33,restrictive,3,20
200.0,pos2,0.0,33,restrictive,3,20
200.0,pos3,0.0,33,restrictive,3,20
200.0,pos4,0.0,33,restrictive,3,20
200.0,subject,1.0,33,restrictive,3,20
250.0,pos1,0.0,33,restrictive,3,20
250.0,pos2,0.0,33,restrictive,3,20
250.0,pos3,0.0,33,restrictive,3,20
250.0,pos4,0.0,33,restrictive,3,20
250.0,subject,1.0,33,restrictive,3,20
0.0,pos1,1.0,34,non-restrictive,2,20
0.0,pos2,0.0,34,non-restrictive,2,20
0.0,pos3,0.0,34,non-restrictive,2,20
0.0,pos4,0.0,34,non-restrictive,2,20
0.0,subject,0.0,34,non-restrictive,2,20
50.0,pos1,1.0,34,non-restrictive,2,20
50.0,pos2,0.0,34,non-restrictive,2,20
50.0,pos3,0.0,34,non-restrictive,2,20
50.0,pos4,0.0,34,non-restrictive,2,20
50.0,subject,0.0,34,non-restrictive,2,20
100.0,pos1,0.7082,34,non-restrictive,2,20
100.0,pos2,0.0,34,non-restrictive,2,20
100.0,pos3,0.0,34,non-restrictive,2,20
100.0,pos4,0.0,34,non-restrictive,2,20
100.0,subject,0.0,34,non-restrictive,2,20
150.0,pos1,0.0,34,non-restrictive,2,20
150.0,pos2,0.0,34,non-restrictive,2,20
150.0,pos3,0.0,34,non-restrictive,2,20
150.0,pos4,0.0,34,non-restrictive,2,20
150.0,subject,0.0,34,non-restrictive,2,20
200.0,pos1,0.0,34,non-restrictive,2,20
200.0,pos2,0.0,34,non-restrictive,2,20
200.0,pos3,0.0,34,non-restrictive,2,20
200.0,pos4,0.0,34,non-restrictive,2,20
200.0,subject,0.0,34,non-restrictive,2,20
250.0,pos1,0.0,34,non-restrictive,2,20
250.0,pos2,0.0,34,non-restrictive,2,20
250.0,pos3,0.0,34,non-restrictive,2,20
250.0,pos4,0.0,34,non-restrictive,2,20
250.0,subject,0.0,34,non-restrictive,2,20
300.0,pos1,0.0,34,non-restrictive,2,20
300.0,pos2,0.0,34,non-restrictive,2,20
300.0,pos3,0.0,34,non-restrictive,2,20
300.0,pos4,0.0,34,non-restrictive,2,20
300.0,subject,0.356944,34,non-restrictive,2,20
0.0,pos1,0.0,35,restrictive,1,20
0.0,pos2,0.0,35,restrictive,1,20
0.0,pos3,0.0,35,restrictive,1,20
0.0,pos4,0.0,35,restrictive,1,20
0.0,subject,0.3424,35,restrictive,1,20
50.0,pos1,0.0,35,restrictive,1,20
50.0,pos2,0.0,35,restrictive,1,20
50.0,pos3,0.0,35,restrictive,1,20
50.0,pos4,0.0,35,restrictive,1,20
50.0,subject,1.0,35,restrictive,1,20
100.0,pos1,0.0,35,restrictive,1,20
100.0,pos2,0.0,35,restrictive,1,20
100.0,pos3,0.0,35,restrictive,1,20
100.0,pos4,0.0,35,restrictive,1,20
100.0,subject,1.0,35,restrictive,1,20
150.0,pos1,0.0,35,restrictive,1,20
150.0,pos2,0.0,35,restrictive,1,20
150.0,pos3,0.0,35,restrictive,1,20
150.0,pos4,0.0,35,restrictive,1,20
150.0,subject,1.0,35,restrictive,1,20
200.0,pos1,0.0,35,restrictive,1,20
200.0,pos2,0.0,35,restrictive,1,20
200.0,pos3,0.0,35,restrictive,1,20
200.0,pos4,0.0,35,restrictive,1,20
200.0,subject,1.0,35,restrictive,1,20
250.0,pos1,0.0,35,restrictive,1,20
250.0,pos2,0.0,35,restrictive,1,20
250.0,pos3,0.0,35,restrictive,1,20
250.0,pos4,0.0,35,restrictive,1,20
250.0,subject,1.0,35,restrictive,1,20
0.0,pos1,0.0,36,restrictive,3,20
0.0,pos2,0.0,36,restrictive,3,20
0.0,pos3,0.0,36,restrictive,3,20
0.0,pos4,0.0,36,restrictive,3,20
0.0,subject,1.0,36,restrictive,3,20
50.0,pos1,0.0,36,restrictive,3,20
50.0,pos2,0.0,36,restrictive,3,20
50.0,pos3,0.0,36,restrictive,3,20
50.0,pos4,0.0,36,restrictive,3,20
50.0,subject,1.0,36,restrictive,3,20
100.0,pos1,0.0,36,restrictive,3,20
100.0,pos2,0.0,36,restrictive,3,20
100.0,pos3,0.0,36,restrictive,3,20
100.0,pos4,0.0,36,restrictive,3,20
100.0,subject,1.0,36,restrictive,3,20
150.0,pos1,0.0,36,restrictive,3,20
150.0,pos2,0.0,36,restrictive,3,20
150.0,pos3,0.0,36,restrictive,3,20
150.0,pos4,0.0,36,restrictive,3,20
150.0,subject,1.0,36,restrictive,3,20
200.0,pos1,0.0,36,restrictive,3,20
200.0,pos2,0.0,36,restrictive,3,20
200.0,pos3,0.0,36,restrictive,3,20
200.0,pos4,0.0,36,restrictive,3,20
200.0,subject,1.0,36,restrictive,3,20
250.0,pos1,0.0,36,restrictive,3,20
250.0,pos2,0.0,36,restrictive,3,20
250.0,pos3,0.0,36,restrictive,3,20
250.0,pos4,0.0,36,restrictive,3,20
250.0,subject,1.0,36,restrictive,3,20
0.0,pos1,0.0,37,non-restrictive,4,20
0.0,pos2,0.0,37,non-restrictive,4,20
0.0,pos3,0.0,37,non-restrictive,4,20
0.0,pos4,0.0,37,non-restrictive,4,20
0.0,subject,0.0,37,non-restrictive,4,20
50.0,pos1,0.0,37,non-restrictive,4,20
50.0,pos2,0.0,37,non-restrictive,4,20
50.0,pos3,0.0,37,non-restrictive,4,20
50.0,pos4,0.0,37,non-restrictive,4,20
50.0,subject,0.0,37,non-restrictive,4,20
100.0,pos1,0.0,37,non-restrictive,4,20
100.0,pos2,0.636,37,non-restrictive,4,20
100.0,pos3,0.0,37,non-restrictive,4,20
100.0,pos4,0.0,37,non-restrictive,4,20
100.0,subject,0.0,37,non-restrictive,4,20
150.0,pos1,0.0,37,non-restrictive,4,20
150.0,pos2,1.0,37,non-restrictive,4,20
150.0,pos3,0.0,37,non-restrictive,4,20
150.0,pos4,0.0,37,non-restrictive,4,20
150.0,subject,0.0,37,non-restrictive,4,20
200.0,pos1,0.0,37,non-restrictive,4,20
200.0,pos2,0.781,37,non-restrictive,4,20
200.0,pos3,0.0,37,non-restrictive,4,20
200.0,pos4,0.0,37,non-restrictive,4,20
200.0,subject,0.0,37,non-restrictive,4,20
250.0,pos1,0.0,37,non-restrictive,4,20
250.0,pos2,0.0,37,non-restrictive,4,20
250.0,pos3,0.0,37,non-restrictive,4,20
250.0,pos4,0.0,37,non-restrictive,4,20
250.0,subject,0.0,37,non-restrictive,4,20
0.0,pos1,0.0,38,non-restrictive,2,20
0.0,pos2,0.0,38,non-restrictive,2,20
0.0,pos3,0.0,38,non-restrictive,2,20
0.0,pos4,0.0,38,non-restrictive,2,20
0.0,subject,1.0,38,non-restrictive,2,20
50.0,pos1,0.0,38,non-restrictive,2,20
50.0,pos2,0.0,38,non-restrictive,2,20
50.0,pos3,0.0,38,non-restrictive,2,20
50.0,pos4,0.0,38,non-restrictive,2,20
50.0,subject,1.0,38,non-restrictive,2,20
100.0,pos1,0.0,38,non-restrictive,2,20
100.0,pos2,0.0,38,non-restrictive,2,20
100.0,pos3,0.0,38,non-restrictive,2,20
100.0,pos4,0.0,38,non-restrictive,2,20
100.0,subject,0.462,38,non-restrictive,2,20
150.0,pos1,0.0,38,non-restrictive,2,20
150.0,pos2,0.0,38,non-restrictive,2,20
150.0,pos3,0.0,38,non-restrictive,2,20
150.0,pos4,0.0,38,non-restrictive,2,20
150.0,subject,0.0,38,non-restrictive,2,20
200.0,pos1,0.0,38,non-restrictive,2,20
200.0,pos2,0.0,38,non-restrictive,2,20
200.0,pos3,0.0,38,non-restrictive,2,20
200.0,pos4,0.0,38,non-restrictive,2,20
200.0,subject,0.0,38,non-restrictive,2,20
250.0,pos1,0.0,38,non-restrictive,2,20
250.0,pos2,0.0,38,non-restrictive,2,20
250.0,pos3,0.0,38,non-restrictive,2,20
250.0,pos4,0.0,38,non-restrictive,2,20
250.0,subject,0.0,38,non-restrictive,2,20
300.0,pos1,0.0,38,non-restrictive,2,20
300.0,pos2,0.0,38,non-restrictive,2,20
300.0,pos3,0.0,38,non-restrictive,2,20
300.0,pos4,0.0,38,non-restrictive,2,20
300.0,subject,0.0,38,non-restrictive,2,20
0.0,pos1,0.0,39,restrictive,3,20
0.0,pos2,0.0,39,restrictive,3,20
0.0,pos3,0.0,39,restrictive,3,20
0.0,pos4,0.0,39,restrictive,3,20
0.0,subject,0.0,39,restrictive,3,20
50.0,pos1,0.0,39,restrictive,3,20
50.0,pos2,0.0,39,restrictive,3,20
50.0,pos3,0.0,39,restrictive,3,20
50.0,pos4,0.0,39,restrictive,3,20
50.0,subject,0.0,39,restrictive,3,20
100.0,pos1,0.0,39,restrictive,3,20
100.0,pos2,0.0,39,restrictive,3,20
100.0,pos3,0.0,39,restrictive,3,20
100.0,pos4,0.0,39,restrictive,3,20
100.0,subject,0.0,39,restrictive,3,20
150.0,pos1,0.0,39,restrictive,3,20
150.0,pos2,0.0,39,restrictive,3,20
150.0,pos3,0.0,39,restrictive,3,20
150.0,pos4,0.0,39,restrictive,3,20
150.0,subject,0.2736,39,restrictive,3,20
200.0,pos1,0.0,39,restrictive,3,20
200.0,pos2,0.0,39,restrictive,3,20
200.0,pos3,0.0,39,restrictive,3,20
200.0,pos4,0.0,39,restrictive,3,20
200.0,subject,1.0,39,restrictive,3,20
250.0,pos1,0.0,39,restrictive,3,20
250.0,pos2,0.0,39,restrictive,3,20
250.0,pos3,0.0,39,restrictive,3,20
250.0,pos4,0.0,39,restrictive,3,20
250.0,subject,1.0,39,restrictive,3,20
0.0,pos1,0.0,40,non-restrictive,4,20
0.0,pos2,0.0,40,non-restrictive,4,20
0.0,pos3,0.0,40,non-restrictive,4,20
0.0,pos4,0.0,40,non-restrictive,4,20
0.0,subject,1.0,40,non-restrictive,4,20
50.0,pos1,0.0,40,non-restrictive,4,20
50.0,pos2,0.0,40,non-restrictive,4,20
50.0,pos3,0.0,40,non-restrictive,4,20
50.0,pos4,0.0,40,non-restrictive,4,20
50.0,subject,0.8682,40,non-restrictive,4,20
100.0,pos1,0.0,40,non-restrictive,4,20
100.0,pos2,0.0,40,non-restrictive,4,20
100.0,pos3,0.0,40,non-restrictive,4,20
100.0,pos4,0.0,40,non-restrictive,4,20
100.0,subject,1.0,40,non-restrictive,4,20
150.0,pos1,0.0,40,non-restrictive,4,20
150.0,pos2,0.0,40,non-restrictive,4,20
150.0,pos3,0.0,40,non-restrictive,4,20
150.0,pos4,0.0,40,non-restrictive,4,20
150.0,subject,1.0,40,non-restrictive,4,20
200.0,pos1,0.0,40,non-restrictive,4,20
200.0,pos2,0.0,40,non-restrictive,4,20
200.0,pos3,0.0,40,non-restrictive,4,20
200.0,pos4,0.0,40,non-restrictive,4,20
200.0,subject,1.0,40,non-restrictive,4,20
250.0,pos1,0.0,40,non-restrictive,4,20
250.0,pos2,0.0,40,non-restrictive,4,20
250.0,pos3,0.0,40,non-restrictive,4,20
250.0,pos4,0.0,40,non-restrictive,4,20
250.0,subject,1.0,40,non-restrictive,4,20
0.0,pos1,0.0,41,restrictive,3,20
0.0,pos2,0.0,41,restrictive,3,20
0.0,pos3,0.0,41,restrictive,3,20
0.0,pos4,0.0,41,restrictive,3,20
0.0,subject,1.0,41,restrictive,3,20
50.0,pos1,0.0,41,restrictive,3,20
50.0,pos2,0.0,41,restrictive,3,20
50.0,pos3,0.0,41,restrictive,3,20
50.0,pos4,0.0,41,restrictive,3,20
50.0,subject,0.8682,41,restrictive,3,20
100.0,pos1,0.0,41,restrictive,3,20
100.0,pos2,0.0,41,restrictive,3,20
100.0,pos3,0.0,41,restrictive,3,20
100.0,pos4,0.0,41,restrictive,3,20
100.0,subject,1.0,41,restrictive,3,20
150.0,pos1,0.0,41,restrictive,3,20
150.0,pos2,0.0,41,restrictive,3,20
150.0,pos3,0.0,41,restrictive,3,20
150.0,pos4,0.0,41,restrictive,3,20
150.0,subject,1.0,41,restrictive,3,20
200.0,pos1,0.0,41,restrictive,3,20
200.0,pos2,0.0,41,restrictive,3,20
200.0,pos3,0.0,41,restrictive,3,20
200.0,pos4,0.0,41,restrictive,3,20
200.0,subject,1.0,41,restrictive,3,20
250.0,pos1,0.0,41,restrictive,3,20
250.0,pos2,0.0,41,restrictive,3,20
250.0,pos3,0.0,41,restrictive,3,20
250.0,pos4,0.0,41,restrictive,3,20
250.0,subject,1.0,41,restrictive,3,20
300.0,pos1,0.0,41,restrictive,3,20
300.0,pos2,0.0,41,restrictive,3,20
300.0,pos3,0.0,41,restrictive,3,20
300.0,pos4,0.0,41,restrictive,3,20
300.0,subject,1.0,41,restrictive,3,20
0.0,pos1,0.0,42,restrictive,3,20
0.0,pos2,0.0,42,restrictive,3,20
0.0,pos3,0.0,42,restrictive,3,20
0.0,pos4,0.0,42,restrictive,3,20
0.0,subject,1.0,42,restrictive,3,20
50.0,pos1,0.0,42,restrictive,3,20
50.0,pos2,0.0,42,restrictive,3,20
50.0,pos3,0.0,42,restrictive,3,20
50.0,pos4,0.0,42,restrictive,3,20
50.0,subject,1.0,42,restrictive,3,20
100.0,pos1,0.0,42,restrictive,3,20
100.0,pos2,0.0,42,restrictive,3,20
100.0,pos3,0.0,42,restrictive,3,20
100.0,pos4,0.0,42,restrictive,3,20
100.0,subject,0.873,42,restrictive,3,20
150.0,pos1,0.0,42,restrictive,3,20
150.0,pos2,0.0,42,restrictive,3,20
150.0,pos3,0.0,42,restrictive,3,20
150.0,pos4,0.0,42,restrictive,3,20
150.0,subject,1.0,42,restrictive,3,20
200.0,pos1,0.0,42,restrictive,3,20
200.0,pos2,0.0,42,restrictive,3,20
200.0,pos3,0.0,42,restrictive,3,20
200.0,pos4,0.0,42,restrictive,3,20
200.0,subject,1.0,42,restrictive,3,20
250.0,pos1,0.0,42,restrictive,3,20
250.0,pos2,0.0,42,restrictive,3,20
250.0,pos3,0.0,42,restrictive,3,20
250.0,pos4,0.0,42,restrictive,3,20
250.0,subject,1.0,42,restrictive,3,20
300.0,pos1,0.0,42,restrictive,3,20
300.0,pos2,0.0,42,restrictive,3,20
300.0,pos3,0.0,42,restrictive,3,20
300.0,pos4,0.0,42,restrictive,3,20
300.0,subject,1.0,42,restrictive,3,20
0.0,pos1,0.0,43,non-restrictive,2,20
0.0,pos2,0.0,43,non-restrictive,2,20
0.0,pos3,0.0,43,non-restrictive,2,20
0.0,pos4,0.0,43,non-restrictive,2,20
0.0,subject,0.0,43,non-restrictive,2,20
50.0,pos1,0.0,43,non-restrictive,2,20
50.0,pos2,0.0,43,non-restrictive,2,20
50.0,pos3,0.0,43,non-restrictive,2,20
50.0,pos4,0.0,43,non-restrictive,2,20
50.0,subject,0.7244,43,non-restrictive,2,20
100.0,pos1,0.0,43,non-restrictive,2,20
100.0,pos2,0.0,43,non-restrictive,2,20
100.0,pos3,0.0,43,non-restrictive,2,20
100.0,pos4,0.0,43,non-restrictive,2,20
100.0,subject,1.0,43,non-restrictive,2,20
150.0,pos1,0.0,43,non-restrictive,2,20
150.0,pos2,0.0,43,non-restrictive,2,20
150.0,pos3,0.0,43,non-restrictive,2,20
150.0,pos4,0.0,43,non-restrictive,2,20
150.0,subject,1.0,43,non-restrictive,2,20
200.0,pos1,0.0,43,non-restrictive,2,20
200.0,pos2,0.0,43,non-restrictive,2,20
200.0,pos3,0.0,43,non-restrictive,2,20
200.0,pos4,0.0,43,non-restrictive,2,20
200.0,subject,0.8682,43,non-restrictive,2,20
250.0,pos1,0.0,43,non-restrictive,2,20
250.0,pos2,0.0,43,non-restrictive,2,20
250.0,pos3,0.0,43,non-restrictive,2,20
250.0,pos4,0.0,43,non-restrictive,2,20
250.0,subject,1.0,43,non-restrictive,2,20
0.0,pos1,0.0,44,non-restrictive,2,20
0.0,pos2,0.0,44,non-restrictive,2,20
0.0,pos3,0.0,44,non-restrictive,2,20
0.0,pos4,0.0,44,non-restrictive,2,20
0.0,subject,0.0,44,non-restrictive,2,20
50.0,pos1,0.0,44,non-restrictive,2,20
50.0,pos2,0.0,44,non-restrictive,2,20
50.0,pos3,0.0,44,non-restrictive,2,20
50.0,pos4,0.0,44,non-restrictive,2,20
50.0,subject,0.0,44,non-restrictive,2,20
100.0,pos1,0.0,44,non-restrictive,2,20
100.0,pos2,0.0,44,non-restrictive,2,20
100.0,pos3,0.0,44,non-restrictive,2,20
100.0,pos4,0.0,44,non-restrictive,2,20
100.0,subject,0.0,44,non-restrictive,2,20
150.0,pos1,0.3136,44,non-restrictive,2,20
150.0,pos2,0.0,44,non-restrictive,2,20
150.0,pos3,0.0,44,non-restrictive,2,20
150.0,pos4,0.0,44,non-restrictive,2,20
150.0,subject,0.0,44,non-restrictive,2,20
200.0,pos1,1.0,44,non-restrictive,2,20
200.0,pos2,0.0,44,non-restrictive,2,20
200.0,pos3,0.0,44,non-restrictive,2,20
200.0,pos4,0.0,44,non-restrictive,2,20
200.0,subject,0.0,44,non-restrictive,2,20
250.0,pos1,0.332727,44,non-restrictive,2,20
250.0,pos2,0.0,44,non-restrictive,2,20
250.0,pos3,0.0,44,non-restrictive,2,20
250.0,pos4,0.0,44,non-restrictive,2,20
250.0,subject,0.0,44,non-restrictive,2,20
0.0,pos1,0.0,45,non-restrictive,4,20
0.0,pos2,0.0,45,non-restrictive,4,20
0.0,pos3,0.0,45,non-restrictive,4,20
0.0,pos4,0.0,45,non-restrictive,4,20
0.0,subject,1.0,45,non-restrictive,4,20
50.0,pos1,0.0,45,non-restrictive,4,20
50.0,pos2,0.0,45,non-restrictive,4,20
50.0,pos3,0.0,45,non-restrictive,4,20
50.0,pos4,0.0,45,non-restrictive,4,20
50.0,subject,1.0,45,non-restrictive,4,20
100.0,pos1,0.0,45,non-restrictive,4,20
100.0,pos2,0.0,45,non-restrictive,4,20
100.0,pos3,0.0,45,non-restrictive,4,20
100.0,pos4,0.0,45,non-restrictive,4,20
100.0,subject,1.0,45,non-restrictive,4,20
150.0,pos1,0.0,45,non-restrictive,4,20
150.0,pos2,0.0,45,non-restrictive,4,20
150.0,pos3,0.0,45,non-restrictive,4,20
150.0,pos4,0.0,45,non-restrictive,4,20
150.0,subject,1.0,45,non-restrictive,4,20
200.0,pos1,0.0,45,non-restrictive,4,20
200.0,pos2,0.0,45,non-restrictive,4,20
200.0,pos3,0.0,45,non-restrictive,4,20
200.0,pos4,0.0,45,non-restrictive,4,20
200.0,subject,1.0,45,non-restrictive,4,20
250.0,pos1,0.0,45,non-restrictive,4,20
250.0,pos2,0.0,45,non-restrictive,4,20
250.0,pos3,0.0,45,non-restrictive,4,20
250.0,pos4,0.0,45,non-restrictive,4,20
250.0,subject,0.9766,45,non-restrictive,4,20
300.0,pos1,0.0,45,non-restrictive,4,20
300.0,pos2,0.0,45,non-restrictive,4,20
300.0,pos3,0.0,45,non-restrictive,4,20
300.0,pos4,0.0,45,non-restrictive,4,20
300.0,subject,0.0,45,non-restrictive,4,20
0.0,pos1,0.0,46,restrictive,1,20
0.0,pos2,0.0,46,restrictive,1,20
0.0,pos3,0.0,46,restrictive,1,20
0.0,pos4,0.0,46,restrictive,1,20
0.0,subject,0.0,46,restrictive,1,20
50.0,pos1,0.0,46,restrictive,1,20
50.0,pos2,0.0,46,restrictive,1,20
50.0,pos3,0.0,46,restrictive,1,20
50.0,pos4,0.0,46,restrictive,1,20
50.0,subject,0.0,46,restrictive,1,20
100.0,pos1,0.0,46,restrictive,1,20
100.0,pos2,0.0,46,restrictive,1,20
100.0,pos3,0.0,46,restrictive,1,20
100.0,pos4,0.0,46,restrictive,1,20
100.0,subject,0.0,46,restrictive,1,20
150.0,pos1,0.0,46,restrictive,1,20
150.0,pos2,0.0,46,restrictive,1,20
150.0,pos3,0.0,46,restrictive,1,20
150.0,pos4,0.0,46,restrictive,1,20
150.0,subject,0.0,46,restrictive,1,20
200.0,pos1,0.0,46,restrictive,1,20
200.0,pos2,0.0,46,restrictive,1,20
200.0,pos3,0.2576,46,restrictive,1,20
200.0,pos4,0.0,46,restrictive,1,20
200.0,subject,0.0,46,restrictive,1,20
250.0,pos1,0.0,46,restrictive,1,20
250.0,pos2,0.0,46,restrictive,1,20
250.0,pos3,1.0,46,restrictive,1,20
250.0,pos4,0.0,46,restrictive,1,20
250.0,subject,0.0,46,restrictive,1,20
0.0,pos1,0.0,47,restrictive,1,20
0.0,pos2,0.0,47,restrictive,1,20
0.0,pos3,0.0,47,restrictive,1,20
0.0,pos4,0.0,47,restrictive,1,20
0.0,subject,1.0,47,restrictive,1,20
50.0,pos1,0.0,47,restrictive,1,20
50.0,pos2,0.0,47,restrictive,1,20
50.0,pos3,0.0,47,restrictive,1,20
50.0,pos4,0.0,47,restrictive,1,20
50.0,subject,1.0,47,restrictive,1,20
100.0,pos1,0.0,47,restrictive,1,20
100.0,pos2,0.0,47,restrictive,1,20
100.0,pos3,0.0,47,restrictive,1,20
100.0,pos4,0.0,47,restrictive,1,20
100.0,subject,1.0,47,restrictive,1,20
150.0,pos1,0.0,47,restrictive,1,20
150.0,pos2,0.0,47,restrictive,1,20
150.0,pos3,0.0,47,restrictive,1,20
150.0,pos4,0.0,47,restrictive,1,20
150.0,subject,1.0,47,restrictive,1,20
200.0,pos1,0.0,47,restrictive,1,20
200.0,pos2,0.0,47,restrictive,1,20
200.0,pos3,0.0,47,restrictive,1,20
200.0,pos4,0.0,47,restrictive,1,20
200.0,subject,1.0,47,restrictive,1,20
250.0,pos1,0.0,47,restrictive,1,20
250.0,pos2,0.0,47,restrictive,1,20
250.0,pos3,0.0,47,restrictive,1,20
250.0,pos4,0.0,47,restrictive,1,20
250.0,subject,1.0,47,restrictive,1,20
300.0,pos1,0.0,47,restrictive,1,20
300.0,pos2,0.0,47,restrictive,1,20
300.0,pos3,0.0,47,restrictive,1,20
300.0,pos4,0.0,47,restrictive,1,20
300.0,subject,1.0,47,restrictive,1,20
0.0,pos1,0.0,48,non-restrictive,2,20
0.0,pos2,0.0,48,non-restrictive,2,20
0.0,pos3,0.0,48,non-restrictive,2,20
0.0,pos4,0.0,48,non-restrictive,2,20
0.0,subject,1.0,48,non-restrictive,2,20
50.0,pos1,0.0,48,non-restrictive,2,20
50.0,pos2,0.0,48,non-restrictive,2,20
50.0,pos3,0.0,48,non-restrictive,2,20
50.0,pos4,0.0,48,non-restrictive,2,20
50.0,subject,1.0,48,non-restrictive,2,20
100.0,pos1,0.0,48,non-restrictive,2,20
100.0,pos2,0.0,48,non-restrictive,2,20
100.0,pos3,0.0,48,non-restrictive,2,20
100.0,pos4,0.0,48,non-restrictive,2,20
100.0,subject,1.0,48,non-restrictive,2,20
150.0,pos1,0.0,48,non-restrictive,2,20
150.0,pos2,0.0,48,non-restrictive,2,20
150.0,pos3,0.0,48,non-restrictive,2,20
150.0,pos4,0.0,48,non-restrictive,2,20
150.0,subject,1.0,48,non-restrictive,2,20
200.0,pos1,0.0,48,non-restrictive,2,20
200.0,pos2,0.0,48,non-restrictive,2,20
200.0,pos3,0.0,48,non-restrictive,2,20
200.0,pos4,0.0,48,non-restrictive,2,20
200.0,subject,0.950645,48,non-restrictive,2,20
0.0,pos1,0.0,49,restrictive,3,20
0.0,pos2,0.0,49,restrictive,3,20
0.0,pos3,0.0,49,restrictive,3,20
0.0,pos4,0.0,49,restrictive,3,20
0.0,subject,0.0,49,restrictive,3,20
50.0,pos1,0.0,49,restrictive,3,20
50.0,pos2,0.0,49,restrictive,3,20
50.0,pos3,0.0,49,restrictive,3,20
50.0,pos4,0.0,49,restrictive,3,20
50.0,subject,0.1438,49,restrictive,3,20
100.0,pos1,0.0,49,restrictive,3,20
100.0,pos2,0.0,49,restrictive,3,20
100.0,pos3,0.0,49,restrictive,3,20
100.0,pos4,0.0,49,restrictive,3,20
100.0,subject,1.0,49,restrictive,3,20
150.0,pos1,0.0,49,restrictive,3,20
150.0,pos2,0.0,49,restrictive,3,20
150.0,pos3,0.0,49,restrictive,3,20
150.0,pos4,0.0,49,restrictive,3,20
150.0,subject,1.0,49,restrictive,3,20
200.0,pos1,0.0,49,restrictive,3,20
200.0,pos2,0.0,49,restrictive,3,20
200.0,pos3,0.0,49,restrictive,3,20
200.0,pos4,0.0,49,restrictive,3,20
200.0,subject,0.873,49,restrictive,3,20
250.0,pos1,0.0,49,restrictive,3,20
250.0,pos2,0.0,49,restrictive,3,20
250.0,pos3,0.0,49,restrictive,3,20
250.0,pos4,0.0,49,restrictive,3,20
250.0,subject,1.0,49,restrictive,3,20
0.0,pos1,0.0,0,non-restrictive,1,21
0.0,pos2,0.0,0,non-restrictive,1,21
0.0,pos3,0.0,0,non-restrictive,1,21
0.0,pos4,0.0,0,non-restrictive,1,21
0.0,subject,1.0,0,non-restrictive,1,21
50.0,pos1,0.0,0,non-restrictive,1,21
50.0,pos2,0.0,0,non-restrictive,1,21
50.0,pos3,0.0,0,non-restrictive,1,21
50.0,pos4,0.0,0,non-restrictive,1,21
50.0,subject,1.0,0,non-restrictive,1,21
100.0,pos1,0.0,0,non-restrictive,1,21
100.0,pos2,0.0,0,non-restrictive,1,21
100.0,pos3,0.0,0,non-restrictive,1,21
100.0,pos4,0.0,0,non-restrictive,1,21
100.0,subject,0.9754,0,non-restrictive,1,21
150.0,pos1,0.0,0,non-restrictive,1,21
150.0,pos2,0.0,0,non-restrictive,1,21
150.0,pos3,0.0,0,non-restrictive,1,21
150.0,pos4,0.0,0,non-restrictive,1,21
150.0,subject,0.8918,0,non-restrictive,1,21
200.0,pos1,0.0,0,non-restrictive,1,21
200.0,pos2,0.0,0,non-restrictive,1,21
200.0,pos3,0.0,0,non-restrictive,1,21
200.0,pos4,0.0,0,non-restrictive,1,21
200.0,subject,1.0,0,non-restrictive,1,21
250.0,pos1,0.0,0,non-restrictive,1,21
250.0,pos2,0.0,0,non-restrictive,1,21
250.0,pos3,0.0,0,non-restrictive,1,21
250.0,pos4,0.0,0,non-restrictive,1,21
250.0,subject,0.588182,0,non-restrictive,1,21
0.0,pos1,0.0,1,restrictive,4,21
0.0,pos2,0.0,1,restrictive,4,21
0.0,pos3,0.0,1,restrictive,4,21
0.0,pos4,0.0,1,restrictive,4,21
0.0,subject,0.0,1,restrictive,4,21
50.0,pos1,0.0,1,restrictive,4,21
50.0,pos2,0.0,1,restrictive,4,21
50.0,pos3,0.0,1,restrictive,4,21
50.0,pos4,0.0,1,restrictive,4,21
50.0,subject,0.0,1,restrictive,4,21
100.0,pos1,0.0,1,restrictive,4,21
100.0,pos2,0.0,1,restrictive,4,21
100.0,pos3,0.0,1,restrictive,4,21
100.0,pos4,0.0,1,restrictive,4,21
100.0,subject,0.0,1,restrictive,4,21
150.0,pos1,0.0,1,restrictive,4,21
150.0,pos2,0.0,1,restrictive,4,21
150.0,pos3,0.0,1,restrictive,4,21
150.0,pos4,0.0,1,restrictive,4,21
150.0,subject,0.0,1,restrictive,4,21
200.0,pos1,0.0,1,restrictive,4,21
200.0,pos2,0.0,1,restrictive,4,21
200.0,pos3,0.0,1,restrictive,4,21
200.0,pos4,0.0,1,restrictive,4,21
200.0,subject,0.0,1,restrictive,4,21
250.0,pos1,0.0,1,restrictive,4,21
250.0,pos2,0.0,1,restrictive,4,21
250.0,pos3,0.0,1,restrictive,4,21
250.0,pos4,0.0,1,restrictive,4,21
250.0,subject,0.0,1,restrictive,4,21
300.0,pos1,0.0,1,restrictive,4,21
300.0,pos2,0.0,1,restrictive,4,21
300.0,pos3,0.0,1,restrictive,4,21
300.0,pos4,0.0,1,restrictive,4,21
300.0,subject,0.0,1,restrictive,4,21
0.0,pos1,0.0,2,non-restrictive,1,21
0.0,pos2,0.0,2,non-restrictive,1,21
0.0,pos3,0.0,2,non-restrictive,1,21
0.0,pos4,0.0,2,non-restrictive,1,21
0.0,subject,1.0,2,non-restrictive,1,21
50.0,pos1,0.0,2,non-restrictive,1,21
50.0,pos2,0.0,2,non-restrictive,1,21
50.0,pos3,0.0,2,non-restrictive,1,21
50.0,pos4,0.0,2,non-restrictive,1,21
50.0,subject,1.0,2,non-restrictive,1,21
100.0,pos1,0.0,2,non-restrictive,1,21
100.0,pos2,0.0,2,non-restrictive,1,21
100.0,pos3,0.0,2,non-restrictive,1,21
100.0,pos4,0.0,2,non-restrictive,1,21
100.0,subject,1.0,2,non-restrictive,1,21
150.0,pos1,0.0,2,non-restrictive,1,21
150.0,pos2,0.0,2,non-restrictive,1,21
150.0,pos3,0.0,2,non-restrictive,1,21
150.0,pos4,0.0,2,non-restrictive,1,21
150.0,subject,1.0,2,non-restrictive,1,21
200.0,pos1,0.0,2,non-restrictive,1,21
200.0,pos2,0.0,2,non-restrictive,1,21
200.0,pos3,0.0,2,non-restrictive,1,21
200.0,pos4,0.0,2,non-restrictive,1,21
200.0,subject,1.0,2,non-restrictive,1,21
250.0,pos1,0.0,2,non-restrictive,1,21
250.0,pos2,0.0,2,non-restrictive,1,21
250.0,pos3,0.0,2,non-restrictive,1,21
250.0,pos4,0.0,2,non-restrictive,1,21
250.0,subject,1.0,2,non-restrictive,1,21
0.0,pos1,0.0,3,non-restrictive,3,21
0.0,pos2,0.0,3,non-restrictive,3,21
0.0,pos3,0.0,3,non-restrictive,3,21
0.0,pos4,0.0,3,non-restrictive,3,21
0.0,subject,1.0,3,non-restrictive,3,21
50.0,pos1,0.0,3,non-restrictive,3,21
50.0,pos2,0.0,3,non-restrictive,3,21
50.0,pos3,0.0,3,non-restrictive,3,21
50.0,pos4,0.0,3,non-restrictive,3,21
50.0,subject,1.0,3,non-restrictive,3,21
100.0,pos1,0.0,3,non-restrictive,3,21
100.0,pos2,0.0,3,non-restrictive,3,21
100.0,pos3,0.0,3,non-restrictive,3,21
100.0,pos4,0.0,3,non-restrictive,3,21
100.0,subject,1.0,3,non-restrictive,3,21
150.0,pos1,0.0,3,non-restrictive,3,21
150.0,pos2,0.0,3,non-restrictive,3,21
150.0,pos3,0.0,3,non-restrictive,3,21
150.0,pos4,0.0,3,non-restrictive,3,21
150.0,subject,1.0,3,non-restrictive,3,21
200.0,pos1,0.0,3,non-restrictive,3,21
200.0,pos2,0.0,3,non-restrictive,3,21
200.0,pos3,0.0,3,non-restrictive,3,21
200.0,pos4,0.0,3,non-restrictive,3,21
200.0,subject,0.8668,3,non-restrictive,3,21
250.0,pos1,0.0,3,non-restrictive,3,21
250.0,pos2,0.0,3,non-restrictive,3,21
250.0,pos3,0.0,3,non-restrictive,3,21
250.0,pos4,0.0,3,non-restrictive,3,21
250.0,subject,1.0,3,non-restrictive,3,21
300.0,pos1,0.0,3,non-restrictive,3,21
300.0,pos2,0.0,3,non-restrictive,3,21
300.0,pos3,0.0,3,non-restrictive,3,21
300.0,pos4,0.0,3,non-restrictive,3,21
300.0,subject,1.0,3,non-restrictive,3,21
0.0,pos1,0.0,4,restrictive,4,21
0.0,pos2,0.0,4,restrictive,4,21
0.0,pos3,0.0,4,restrictive,4,21
0.0,pos4,0.0,4,restrictive,4,21
0.0,subject,1.0,4,restrictive,4,21
50.0,pos1,0.0,4,restrictive,4,21
50.0,pos2,0.0,4,restrictive,4,21
50.0,pos3,0.0,4,restrictive,4,21
50.0,pos4,0.0,4,restrictive,4,21
50.0,subject,1.0,4,restrictive,4,21
100.0,pos1,0.0,4,restrictive,4,21
100.0,pos2,0.0,4,restrictive,4,21
100.0,pos3,0.0,4,restrictive,4,21
100.0,pos4,0.0,4,restrictive,4,21
100.0,subject,1.0,4,restrictive,4,21
150.0,pos1,0.0,4,restrictive,4,21
150.0,pos2,0.0,4,restrictive,4,21
150.0,pos3,0.0,4,restrictive,4,21
150.0,pos4,0.0,4,restrictive,4,21
150.0,subject,1.0,4,restrictive,4,21
200.0,pos1,0.0,4,restrictive,4,21
200.0,pos2,0.0,4,restrictive,4,21
200.0,pos3,0.0,4,restrictive,4,21
200.0,pos4,0.0,4,restrictive,4,21
200.0,subject,0.8852,4,restrictive,4,21
250.0,pos1,0.0,4,restrictive,4,21
250.0,pos2,0.0,4,restrictive,4,21
250.0,pos3,0.0,4,restrictive,4,21
250.0,pos4,0.0,4,restrictive,4,21
250.0,subject,0.957826,4,restrictive,4,21
0.0,pos1,0.0,5,restrictive,2,21
0.0,pos2,0.0,5,restrictive,2,21
0.0,pos3,0.0,5,restrictive,2,21
0.0,pos4,0.0,5,restrictive,2,21
0.0,subject,1.0,5,restrictive,2,21
50.0,pos1,0.0,5,restrictive,2,21
50.0,pos2,0.0,5,restrictive,2,21
50.0,pos3,0.0,5,restrictive,2,21
50.0,pos4,0.0,5,restrictive,2,21
50.0,subject,1.0,5,restrictive,2,21
100.0,pos1,0.0,5,restrictive,2,21
100.0,pos2,0.0,5,restrictive,2,21
100.0,pos3,0.0,5,restrictive,2,21
100.0,pos4,0.0,5,restrictive,2,21
100.0,subject,1.0,5,restrictive,2,21
150.0,pos1,0.0,5,restrictive,2,21
150.0,pos2,0.0,5,restrictive,2,21
150.0,pos3,0.0,5,restrictive,2,21
150.0,pos4,0.0,5,restrictive,2,21
150.0,subject,1.0,5,restrictive,2,21
200.0,pos1,0.0,5,restrictive,2,21
200.0,pos2,0.0,5,restrictive,2,21
200.0,pos3,0.0,5,restrictive,2,21
200.0,pos4,0.0,5,restrictive,2,21
200.0,subject,1.0,5,restrictive,2,21
250.0,pos1,0.0,5,restrictive,2,21
250.0,pos2,0.0,5,restrictive,2,21
250.0,pos3,0.0,5,restrictive,2,21
250.0,pos4,0.0,5,restrictive,2,21
250.0,subject,1.0,5,restrictive,2,21
0.0,pos1,0.0,6,non-restrictive,3,21
0.0,pos2,0.0,6,non-restrictive,3,21
0.0,pos3,0.0,6,non-restrictive,3,21
0.0,pos4,0.0,6,non-restrictive,3,21
0.0,subject,0.0,6,non-restrictive,3,21
50.0,pos1,0.0,6,non-restrictive,3,21
50.0,pos2,0.0,6,non-restrictive,3,21
50.0,pos3,0.0,6,non-restrictive,3,21
50.0,pos4,0.0,6,non-restrictive,3,21
50.0,subject,0.0,6,non-restrictive,3,21
100.0,pos1,0.0,6,non-restrictive,3,21
100.0,pos2,0.0,6,non-restrictive,3,21
100.0,pos3,0.0,6,non-restrictive,3,21
100.0,pos4,0.0,6,non-restrictive,3,21
100.0,subject,0.0,6,non-restrictive,3,21
150.0,pos1,0.0,6,non-restrictive,3,21
150.0,pos2,0.0,6,non-restrictive,3,21
150.0,pos3,0.0,6,non-restrictive,3,21
150.0,pos4,0.0,6,non-restrictive,3,21
150.0,subject,0.0,6,non-restrictive,3,21
200.0,pos1,0.0,6,non-restrictive,3,21
200.0,pos2,0.0,6,non-restrictive,3,21
200.0,pos3,0.0,6,non-restrictive,3,21
200.0,pos4,0.0,6,non-restrictive,3,21
200.0,subject,0.0,6,non-restrictive,3,21
250.0,pos1,0.0,6,non-restrictive,3,21
250.0,pos2,0.0,6,non-restrictive,3,21
250.0,pos3,0.0,6,non-restrictive,3,21
250.0,pos4,0.0,6,non-restrictive,3,21
250.0,subject,0.0,6,non-restrictive,3,21
0.0,pos1,0.0,7,non-restrictive,1,21
0.0,pos2,0.0,7,non-restrictive,1,21
0.0,pos3,0.0,7,non-restrictive,1,21
0.0,pos4,0.0,7,non-restrictive,1,21
0.0,subject,1.0,7,non-restrictive,1,21
50.0,pos1,0.0,7,non-restrictive,1,21
50.0,pos2,0.0,7,non-restrictive,1,21
50.0,pos3,0.0,7,non-restrictive,1,21
50.0,pos4,0.0,7,non-restrictive,1,21
50.0,subject,1.0,7,non-restrictive,1,21
100.0,pos1,0.0,7,non-restrictive,1,21
100.0,pos2,0.0,7,non-restrictive,1,21
100.0,pos3,0.0,7,non-restrictive,1,21
100.0,pos4,0.0,7,non-restrictive,1,21
100.0,subject,1.0,7,non-restrictive,1,21
150.0,pos1,0.0,7,non-restrictive,1,21
150.0,pos2,0.0,7,non-restrictive,1,21
150.0,pos3,0.0,7,non-restrictive,1,21
150.0,pos4,0.0,7,non-restrictive,1,21
150.0,subject,1.0,7,non-restrictive,1,21
200.0,pos1,0.0,7,non-restrictive,1,21
200.0,pos2,0.0,7,non-restrictive,1,21
200.0,pos3,0.0,7,non-restrictive,1,21
200.0,pos4,0.0,7,non-restrictive,1,21
200.0,subject,1.0,7,non-restrictive,1,21
250.0,pos1,0.0,7,non-restrictive,1,21
250.0,pos2,0.0,7,non-restrictive,1,21
250.0,pos3,0.0,7,non-restrictive,1,21
250.0,pos4,0.0,7,non-restrictive,1,21
250.0,subject,1.0,7,non-restrictive,1,21
0.0,pos1,0.0,8,non-restrictive,3,21
0.0,pos2,0.0,8,non-restrictive,3,21
0.0,pos3,0.0,8,non-restrictive,3,21
0.0,pos4,0.0,8,non-restrictive,3,21
0.0,subject,1.0,8,non-restrictive,3,21
50.0,pos1,0.0,8,non-restrictive,3,21
50.0,pos2,0.0,8,non-restrictive,3,21
50.0,pos3,0.0,8,non-restrictive,3,21
50.0,pos4,0.0,8,non-restrictive,3,21
50.0,subject,1.0,8,non-restrictive,3,21
100.0,pos1,0.0,8,non-restrictive,3,21
100.0,pos2,0.0,8,non-restrictive,3,21
100.0,pos3,0.0,8,non-restrictive,3,21
100.0,pos4,0.0,8,non-restrictive,3,21
100.0,subject,1.0,8,non-restrictive,3,21
150.0,pos1,0.0,8,non-restrictive,3,21
150.0,pos2,0.0,8,non-restrictive,3,21
150.0,pos3,0.0,8,non-restrictive,3,21
150.0,pos4,0.0,8,non-restrictive,3,21
150.0,subject,1.0,8,non-restrictive,3,21
200.0,pos1,0.0,8,non-restrictive,3,21
200.0,pos2,0.0,8,non-restrictive,3,21
200.0,pos3,0.0,8,non-restrictive,3,21
200.0,pos4,0.0,8,non-restrictive,3,21
200.0,subject,1.0,8,non-restrictive,3,21
0.0,pos1,0.0,9,restrictive,4,21
0.0,pos2,0.0,9,restrictive,4,21
0.0,pos3,0.0,9,restrictive,4,21
0.0,pos4,0.0,9,restrictive,4,21
0.0,subject,1.0,9,restrictive,4,21
50.0,pos1,0.0,9,restrictive,4,21
50.0,pos2,0.0,9,restrictive,4,21
50.0,pos3,0.0,9,restrictive,4,21
50.0,pos4,0.0,9,restrictive,4,21
50.0,subject,1.0,9,restrictive,4,21
100.0,pos1,0.0,9,restrictive,4,21
100.0,pos2,0.0,9,restrictive,4,21
100.0,pos3,0.0,9,restrictive,4,21
100.0,pos4,0.0,9,restrictive,4,21
100.0,subject,1.0,9,restrictive,4,21
150.0,pos1,0.0,9,restrictive,4,21
150.0,pos2,0.0,9,restrictive,4,21
150.0,pos3,0.0,9,restrictive,4,21
150.0,pos4,0.0,9,restrictive,4,21
150.0,subject,1.0,9,restrictive,4,21
200.0,pos1,0.0,9,restrictive,4,21
200.0,pos2,0.0,9,restrictive,4,21
200.0,pos3,0.0,9,restrictive,4,21
200.0,pos4,0.0,9,restrictive,4,21
200.0,subject,1.0,9,restrictive,4,21
250.0,pos1,0.0,9,restrictive,4,21
250.0,pos2,0.0,9,restrictive,4,21
250.0,pos3,0.0,9,restrictive,4,21
250.0,pos4,0.0,9,restrictive,4,21
250.0,subject,1.0,9,restrictive,4,21
0.0,pos1,0.0,10,non-restrictive,1,21
0.0,pos2,0.0,10,non-restrictive,1,21
0.0,pos3,0.0,10,non-restrictive,1,21
0.0,pos4,0.0,10,non-restrictive,1,21
0.0,subject,0.0,10,non-restrictive,1,21
50.0,pos1,0.0,10,non-restrictive,1,21
50.0,pos2,0.0,10,non-restrictive,1,21
50.0,pos3,0.0,10,non-restrictive,1,21
50.0,pos4,0.0,10,non-restrictive,1,21
50.0,subject,0.0,10,non-restrictive,1,21
100.0,pos1,0.0,10,non-restrictive,1,21
100.0,pos2,0.0,10,non-restrictive,1,21
100.0,pos3,0.0,10,non-restrictive,1,21
100.0,pos4,0.0,10,non-restrictive,1,21
100.0,subject,0.0,10,non-restrictive,1,21
150.0,pos1,0.0,10,non-restrictive,1,21
150.0,pos2,0.0,10,non-restrictive,1,21
150.0,pos3,0.0,10,non-restrictive,1,21
150.0,pos4,0.0,10,non-restrictive,1,21
150.0,subject,0.0,10,non-restrictive,1,21
200.0,pos1,0.0,10,non-restrictive,1,21
200.0,pos2,0.0,10,non-restrictive,1,21
200.0,pos3,0.0,10,non-restrictive,1,21
200.0,pos4,0.0,10,non-restrictive,1,21
200.0,subject,0.0,10,non-restrictive,1,21
250.0,pos1,0.0,10,non-restrictive,1,21
250.0,pos2,0.0,10,non-restrictive,1,21
250.0,pos3,0.0,10,non-restrictive,1,21
250.0,pos4,0.0,10,non-restrictive,1,21
250.0,subject,0.0,10,non-restrictive,1,21
300.0,pos1,0.0,10,non-restrictive,1,21
300.0,pos2,0.0,10,non-restrictive,1,21
300.0,pos3,0.0,10,non-restrictive,1,21
300.0,pos4,0.0,10,non-restrictive,1,21
300.0,subject,0.0,10,non-restrictive,1,21
350.0,pos1,0.0,10,non-restrictive,1,21
350.0,pos2,0.0,10,non-restrictive,1,21
350.0,pos3,0.0,10,non-restrictive,1,21
350.0,pos4,0.0,10,non-restrictive,1,21
350.0,subject,0.0,10,non-restrictive,1,21
400.0,pos1,0.0,10,non-restrictive,1,21
400.0,pos2,0.0,10,non-restrictive,1,21
400.0,pos3,0.0,10,non-restrictive,1,21
400.0,pos4,0.0,10,non-restrictive,1,21
400.0,subject,0.0,10,non-restrictive,1,21
450.0,pos1,0.0,10,non-restrictive,1,21
450.0,pos2,0.0,10,non-restrictive,1,21
450.0,pos3,0.0,10,non-restrictive,1,21
450.0,pos4,0.0,10,non-restrictive,1,21
450.0,subject,0.2454,10,non-restrictive,1,21
500.0,pos1,0.0,10,non-restrictive,1,21
500.0,pos2,0.0,10,non-restrictive,1,21
500.0,pos3,0.0,10,non-restrictive,1,21
500.0,pos4,0.0,10,non-restrictive,1,21
500.0,subject,1.0,10,non-restrictive,1,21
550.0,pos1,0.0,10,non-restrictive,1,21
550.0,pos2,0.0,10,non-restrictive,1,21
550.0,pos3,0.0,10,non-restrictive,1,21
550.0,pos4,0.0,10,non-restrictive,1,21
550.0,subject,1.0,10,non-restrictive,1,21
600.0,pos1,0.0,10,non-restrictive,1,21
600.0,pos2,0.0,10,non-restrictive,1,21
600.0,pos3,0.0,10,non-restrictive,1,21
600.0,pos4,0.0,10,non-restrictive,1,21
600.0,subject,1.0,10,non-restrictive,1,21
650.0,pos1,0.0,10,non-restrictive,1,21
650.0,pos2,0.0,10,non-restrictive,1,21
650.0,pos3,0.0,10,non-restrictive,1,21
650.0,pos4,0.0,10,non-restrictive,1,21
650.0,subject,1.0,10,non-restrictive,1,21
700.0,pos1,0.0,10,non-restrictive,1,21
700.0,pos2,0.1514,10,non-restrictive,1,21
700.0,pos3,0.0,10,non-restrictive,1,21
700.0,pos4,0.0,10,non-restrictive,1,21
700.0,subject,0.3134,10,non-restrictive,1,21
750.0,pos1,0.0,10,non-restrictive,1,21
750.0,pos2,1.0,10,non-restrictive,1,21
750.0,pos3,0.0,10,non-restrictive,1,21
750.0,pos4,0.0,10,non-restrictive,1,21
750.0,subject,0.0,10,non-restrictive,1,21
800.0,pos1,0.0,10,non-restrictive,1,21
800.0,pos2,1.0,10,non-restrictive,1,21
800.0,pos3,0.0,10,non-restrictive,1,21
800.0,pos4,0.0,10,non-restrictive,1,21
800.0,subject,0.0,10,non-restrictive,1,21
850.0,pos1,0.0,10,non-restrictive,1,21
850.0,pos2,1.0,10,non-restrictive,1,21
850.0,pos3,0.0,10,non-restrictive,1,21
850.0,pos4,0.0,10,non-restrictive,1,21
850.0,subject,0.0,10,non-restrictive,1,21
900.0,pos1,0.0,10,non-restrictive,1,21
900.0,pos2,1.0,10,non-restrictive,1,21
900.0,pos3,0.0,10,non-restrictive,1,21
900.0,pos4,0.0,10,non-restrictive,1,21
900.0,subject,0.0,10,non-restrictive,1,21
0.0,pos1,0.0,11,restrictive,4,21
0.0,pos2,0.0,11,restrictive,4,21
0.0,pos3,0.0,11,restrictive,4,21
0.0,pos4,0.0,11,restrictive,4,21
0.0,subject,1.0,11,restrictive,4,21
50.0,pos1,0.0,11,restrictive,4,21
50.0,pos2,0.0,11,restrictive,4,21
50.0,pos3,0.0,11,restrictive,4,21
50.0,pos4,0.0,11,restrictive,4,21
50.0,subject,1.0,11,restrictive,4,21
100.0,pos1,0.0,11,restrictive,4,21
100.0,pos2,0.0,11,restrictive,4,21
100.0,pos3,0.0,11,restrictive,4,21
100.0,pos4,0.0,11,restrictive,4,21
100.0,subject,1.0,11,restrictive,4,21
150.0,pos1,0.0,11,restrictive,4,21
150.0,pos2,0.0,11,restrictive,4,21
150.0,pos3,0.0,11,restrictive,4,21
150.0,pos4,0.0,11,restrictive,4,21
150.0,subject,0.8622,11,restrictive,4,21
200.0,pos1,0.0,11,restrictive,4,21
200.0,pos2,0.0,11,restrictive,4,21
200.0,pos3,0.0,11,restrictive,4,21
200.0,pos4,0.0,11,restrictive,4,21
200.0,subject,1.0,11,restrictive,4,21
250.0,pos1,0.0,11,restrictive,4,21
250.0,pos2,0.0,11,restrictive,4,21
250.0,pos3,0.0,11,restrictive,4,21
250.0,pos4,0.0,11,restrictive,4,21
250.0,subject,1.0,11,restrictive,4,21
300.0,pos1,0.0,11,restrictive,4,21
300.0,pos2,0.0,11,restrictive,4,21
300.0,pos3,0.0,11,restrictive,4,21
300.0,pos4,0.0,11,restrictive,4,21
300.0,subject,1.0,11,restrictive,4,21
0.0,pos1,0.0,12,non-restrictive,3,21
0.0,pos2,0.0,12,non-restrictive,3,21
0.0,pos3,0.0,12,non-restrictive,3,21
0.0,pos4,0.0,12,non-restrictive,3,21
0.0,subject,0.0,12,non-restrictive,3,21
50.0,pos1,0.0,12,non-restrictive,3,21
50.0,pos2,0.0,12,non-restrictive,3,21
50.0,pos3,0.0,12,non-restrictive,3,21
50.0,pos4,0.0,12,non-restrictive,3,21
50.0,subject,0.0,12,non-restrictive,3,21
100.0,pos1,0.0,12,non-restrictive,3,21
100.0,pos2,0.0,12,non-restrictive,3,21
100.0,pos3,0.0,12,non-restrictive,3,21
100.0,pos4,0.0,12,non-restrictive,3,21
100.0,subject,0.0,12,non-restrictive,3,21
150.0,pos1,0.0,12,non-restrictive,3,21
150.0,pos2,0.0,12,non-restrictive,3,21
150.0,pos3,0.0,12,non-restrictive,3,21
150.0,pos4,0.0,12,non-restrictive,3,21
150.0,subject,0.0,12,non-restrictive,3,21
200.0,pos1,0.0,12,non-restrictive,3,21
200.0,pos2,0.0,12,non-restrictive,3,21
200.0,pos3,0.0,12,non-restrictive,3,21
200.0,pos4,0.0,12,non-restrictive,3,21
200.0,subject,0.0,12,non-restrictive,3,21
250.0,pos1,0.0,12,non-restrictive,3,21
250.0,pos2,0.0,12,non-restrictive,3,21
250.0,pos3,0.0,12,non-restrictive,3,21
250.0,pos4,0.0,12,non-restrictive,3,21
250.0,subject,0.0,12,non-restrictive,3,21
0.0,pos1,0.0,13,non-restrictive,1,21
0.0,pos2,0.0,13,non-restrictive,1,21
0.0,pos3,0.0,13,non-restrictive,1,21
0.0,pos4,0.0,13,non-restrictive,1,21
0.0,subject,1.0,13,non-restrictive,1,21
50.0,pos1,0.0,13,non-restrictive,1,21
50.0,pos2,0.0,13,non-restrictive,1,21
50.0,pos3,0.0,13,non-restrictive,1,21
50.0,pos4,0.0,13,non-restrictive,1,21
50.0,subject,0.8638,13,non-restrictive,1,21
100.0,pos1,0.0,13,non-restrictive,1,21
100.0,pos2,0.0,13,non-restrictive,1,21
100.0,pos3,0.0,13,non-restrictive,1,21
100.0,pos4,0.0,13,non-restrictive,1,21
100.0,subject,1.0,13,non-restrictive,1,21
150.0,pos1,0.0,13,non-restrictive,1,21
150.0,pos2,0.0,13,non-restrictive,1,21
150.0,pos3,0.0,13,non-restrictive,1,21
150.0,pos4,0.0,13,non-restrictive,1,21
150.0,subject,1.0,13,non-restrictive,1,21
200.0,pos1,0.0,13,non-restrictive,1,21
200.0,pos2,0.0,13,non-restrictive,1,21
200.0,pos3,0.0,13,non-restrictive,1,21
200.0,pos4,0.0,13,non-restrictive,1,21
200.0,subject,0.8658,13,non-restrictive,1,21
250.0,pos1,0.0,13,non-restrictive,1,21
250.0,pos2,0.0,13,non-restrictive,1,21
250.0,pos3,0.0,13,non-restrictive,1,21
250.0,pos4,0.0,13,non-restrictive,1,21
250.0,subject,1.0,13,non-restrictive,1,21
0.0,pos1,0.0,14,restrictive,2,21
0.0,pos2,0.0,14,restrictive,2,21
0.0,pos3,0.0,14,restrictive,2,21
0.0,pos4,0.0,14,restrictive,2,21
0.0,subject,1.0,14,restrictive,2,21
50.0,pos1,0.0,14,restrictive,2,21
50.0,pos2,0.0,14,restrictive,2,21
50.0,pos3,0.0,14,restrictive,2,21
50.0,pos4,0.0,14,restrictive,2,21
50.0,subject,1.0,14,restrictive,2,21
100.0,pos1,0.0,14,restrictive,2,21
100.0,pos2,0.0,14,restrictive,2,21
100.0,pos3,0.0,14,restrictive,2,21
100.0,pos4,0.0,14,restrictive,2,21
100.0,subject,1.0,14,restrictive,2,21
150.0,pos1,0.0,14,restrictive,2,21
150.0,pos2,0.0,14,restrictive,2,21
150.0,pos3,0.0,14,restrictive,2,21
150.0,pos4,0.0,14,restrictive,2,21
150.0,subject,1.0,14,restrictive,2,21
200.0,pos1,0.0,14,restrictive,2,21
200.0,pos2,0.0,14,restrictive,2,21
200.0,pos3,0.0,14,restrictive,2,21
200.0,pos4,0.0,14,restrictive,2,21
200.0,subject,1.0,14,restrictive,2,21
250.0,pos1,0.0,14,restrictive,2,21
250.0,pos2,0.0,14,restrictive,2,21
250.0,pos3,0.0,14,restrictive,2,21
250.0,pos4,0.0,14,restrictive,2,21
250.0,subject,1.0,14,restrictive,2,21
300.0,pos1,0.0,14,restrictive,2,21
300.0,pos2,0.0,14,restrictive,2,21
300.0,pos3,0.0,14,restrictive,2,21
300.0,pos4,0.0,14,restrictive,2,21
300.0,subject,1.0,14,restrictive,2,21
350.0,pos1,0.0,14,restrictive,2,21
350.0,pos2,0.0,14,restrictive,2,21
350.0,pos3,0.0,14,restrictive,2,21
350.0,pos4,0.0,14,restrictive,2,21
350.0,subject,1.0,14,restrictive,2,21
0.0,pos1,0.0,15,restrictive,2,21
0.0,pos2,0.0,15,restrictive,2,21
0.0,pos3,0.0,15,restrictive,2,21
0.0,pos4,0.0,15,restrictive,2,21
0.0,subject,0.0,15,restrictive,2,21
50.0,pos1,0.0,15,restrictive,2,21
50.0,pos2,0.0,15,restrictive,2,21
50.0,pos3,0.0,15,restrictive,2,21
50.0,pos4,0.0,15,restrictive,2,21
50.0,subject,0.0,15,restrictive,2,21
100.0,pos1,0.0,15,restrictive,2,21
100.0,pos2,0.0,15,restrictive,2,21
100.0,pos3,0.0,15,restrictive,2,21
100.0,pos4,0.0,15,restrictive,2,21
100.0,subject,0.0,15,restrictive,2,21
150.0,pos1,0.0,15,restrictive,2,21
150.0,pos2,0.0,15,restrictive,2,21
150.0,pos3,0.0,15,restrictive,2,21
150.0,pos4,0.0,15,restrictive,2,21
150.0,subject,0.0,15,restrictive,2,21
200.0,pos1,0.0,15,restrictive,2,21
200.0,pos2,0.0,15,restrictive,2,21
200.0,pos3,0.0,15,restrictive,2,21
200.0,pos4,0.0,15,restrictive,2,21
200.0,subject,0.0,15,restrictive,2,21
250.0,pos1,0.0,15,restrictive,2,21
250.0,pos2,0.0,15,restrictive,2,21
250.0,pos3,0.0,15,restrictive,2,21
250.0,pos4,0.0,15,restrictive,2,21
250.0,subject,0.0,15,restrictive,2,21
0.0,pos1,0.0,16,non-restrictive,1,21
0.0,pos2,0.0,16,non-restrictive,1,21
0.0,pos3,0.0,16,non-restrictive,1,21
0.0,pos4,0.0,16,non-restrictive,1,21
0.0,subject,0.0,16,non-restrictive,1,21
50.0,pos1,0.0,16,non-restrictive,1,21
50.0,pos2,0.0,16,non-restrictive,1,21
50.0,pos3,0.0,16,non-restrictive,1,21
50.0,pos4,0.0,16,non-restrictive,1,21
50.0,subject,0.0,16,non-restrictive,1,21
100.0,pos1,0.0,16,non-restrictive,1,21
100.0,pos2,0.0,16,non-restrictive,1,21
100.0,pos3,0.0,16,non-restrictive,1,21
100.0,pos4,0.0,16,non-restrictive,1,21
100.0,subject,0.0,16,non-restrictive,1,21
150.0,pos1,0.0,16,non-restrictive,1,21
150.0,pos2,0.0,16,non-restrictive,1,21
150.0,pos3,0.0,16,non-restrictive,1,21
150.0,pos4,0.0,16,non-restrictive,1,21
150.0,subject,0.0,16,non-restrictive,1,21
200.0,pos1,0.0,16,non-restrictive,1,21
200.0,pos2,0.0,16,non-restrictive,1,21
200.0,pos3,0.0,16,non-restrictive,1,21
200.0,pos4,0.0,16,non-restrictive,1,21
200.0,subject,0.0,16,non-restrictive,1,21
250.0,pos1,0.0,16,non-restrictive,1,21
250.0,pos2,0.0,16,non-restrictive,1,21
250.0,pos3,0.0,16,non-restrictive,1,21
250.0,pos4,0.0,16,non-restrictive,1,21
250.0,subject,0.0,16,non-restrictive,1,21
0.0,pos1,0.0,17,restrictive,2,21
0.0,pos2,0.0,17,restrictive,2,21
0.0,pos3,0.0,17,restrictive,2,21
0.0,pos4,0.0,17,restrictive,2,21
0.0,subject,1.0,17,restrictive,2,21
50.0,pos1,0.0,17,restrictive,2,21
50.0,pos2,0.0,17,restrictive,2,21
50.0,pos3,0.0,17,restrictive,2,21
50.0,pos4,0.0,17,restrictive,2,21
50.0,subject,1.0,17,restrictive,2,21
100.0,pos1,0.0,17,restrictive,2,21
100.0,pos2,0.0,17,restrictive,2,21
100.0,pos3,0.0,17,restrictive,2,21
100.0,pos4,0.0,17,restrictive,2,21
100.0,subject,1.0,17,restrictive,2,21
150.0,pos1,0.0,17,restrictive,2,21
150.0,pos2,0.0,17,restrictive,2,21
150.0,pos3,0.0,17,restrictive,2,21
150.0,pos4,0.0,17,restrictive,2,21
150.0,subject,1.0,17,restrictive,2,21
200.0,pos1,0.0,17,restrictive,2,21
200.0,pos2,0.0,17,restrictive,2,21
200.0,pos3,0.0,17,restrictive,2,21
200.0,pos4,0.0,17,restrictive,2,21
200.0,subject,1.0,17,restrictive,2,21
250.0,pos1,0.0,17,restrictive,2,21
250.0,pos2,0.0,17,restrictive,2,21
250.0,pos3,0.0,17,restrictive,2,21
250.0,pos4,0.0,17,restrictive,2,21
250.0,subject,1.0,17,restrictive,2,21
0.0,pos1,0.0,18,restrictive,4,21
0.0,pos2,0.0,18,restrictive,4,21
0.0,pos3,0.0,18,restrictive,4,21
0.0,pos4,0.0,18,restrictive,4,21
0.0,subject,1.0,18,restrictive,4,21
50.0,pos1,0.0,18,restrictive,4,21
50.0,pos2,0.0,18,restrictive,4,21
50.0,pos3,0.0,18,restrictive,4,21
50.0,pos4,0.0,18,restrictive,4,21
50.0,subject,1.0,18,restrictive,4,21
100.0,pos1,0.0,18,restrictive,4,21
100.0,pos2,0.0,18,restrictive,4,21
100.0,pos3,0.0,18,restrictive,4,21
100.0,pos4,0.0,18,restrictive,4,21
100.0,subject,1.0,18,restrictive,4,21
150.0,pos1,0.0,18,restrictive,4,21
150.0,pos2,0.0,18,restrictive,4,21
150.0,pos3,0.0,18,restrictive,4,21
150.0,pos4,0.0,18,restrictive,4,21
150.0,subject,1.0,18,restrictive,4,21
200.0,pos1,0.0,18,restrictive,4,21
200.0,pos2,0.0,18,restrictive,4,21
200.0,pos3,0.0,18,restrictive,4,21
200.0,pos4,0.0,18,restrictive,4,21
200.0,subject,1.0,18,restrictive,4,21
250.0,pos1,0.0,18,restrictive,4,21
250.0,pos2,0.0,18,restrictive,4,21
250.0,pos3,0.0,18,restrictive,4,21
250.0,pos4,0.0,18,restrictive,4,21
250.0,subject,1.0,18,restrictive,4,21
300.0,pos1,0.0,18,restrictive,4,21
300.0,pos2,0.0,18,restrictive,4,21
300.0,pos3,0.0,18,restrictive,4,21
300.0,pos4,0.0,18,restrictive,4,21
300.0,subject,1.0,18,restrictive,4,21
0.0,pos1,0.0,19,non-restrictive,3,21
0.0,pos2,0.0,19,non-restrictive,3,21
0.0,pos3,0.0,19,non-restrictive,3,21
0.0,pos4,0.0,19,non-restrictive,3,21
0.0,subject,1.0,19,non-restrictive,3,21
50.0,pos1,0.0,19,non-restrictive,3,21
50.0,pos2,0.0,19,non-restrictive,3,21
50.0,pos3,0.0,19,non-restrictive,3,21
50.0,pos4,0.0,19,non-restrictive,3,21
50.0,subject,0.7962,19,non-restrictive,3,21
100.0,pos1,0.0,19,non-restrictive,3,21
100.0,pos2,0.0,19,non-restrictive,3,21
100.0,pos3,0.0,19,non-restrictive,3,21
100.0,pos4,0.0,19,non-restrictive,3,21
100.0,subject,0.0,19,non-restrictive,3,21
150.0,pos1,0.0,19,non-restrictive,3,21
150.0,pos2,0.0,19,non-restrictive,3,21
150.0,pos3,0.0,19,non-restrictive,3,21
150.0,pos4,0.0,19,non-restrictive,3,21
150.0,subject,0.0,19,non-restrictive,3,21
200.0,pos1,0.0,19,non-restrictive,3,21
200.0,pos2,0.0,19,non-restrictive,3,21
200.0,pos3,0.0,19,non-restrictive,3,21
200.0,pos4,0.0,19,non-restrictive,3,21
200.0,subject,0.0,19,non-restrictive,3,21
250.0,pos1,0.0,19,non-restrictive,3,21
250.0,pos2,0.0,19,non-restrictive,3,21
250.0,pos3,0.0,19,non-restrictive,3,21
250.0,pos4,0.0,19,non-restrictive,3,21
250.0,subject,0.695217,19,non-restrictive,3,21
0.0,pos1,0.0,20,restrictive,4,21
0.0,pos2,0.0,20,restrictive,4,21
0.0,pos3,0.0,20,restrictive,4,21
0.0,pos4,0.0,20,restrictive,4,21
0.0,subject,1.0,20,restrictive,4,21
50.0,pos1,0.0,20,restrictive,4,21
50.0,pos2,0.0,20,restrictive,4,21
50.0,pos3,0.0,20,restrictive,4,21
50.0,pos4,0.0,20,restrictive,4,21
50.0,subject,1.0,20,restrictive,4,21
100.0,pos1,0.0,20,restrictive,4,21
100.0,pos2,0.0,20,restrictive,4,21
100.0,pos3,0.0,20,restrictive,4,21
100.0,pos4,0.0,20,restrictive,4,21
100.0,subject,1.0,20,restrictive,4,21
150.0,pos1,0.0,20,restrictive,4,21
150.0,pos2,0.0,20,restrictive,4,21
150.0,pos3,0.0,20,restrictive,4,21
150.0,pos4,0.0,20,restrictive,4,21
150.0,subject,1.0,20,restrictive,4,21
200.0,pos1,0.0,20,restrictive,4,21
200.0,pos2,0.0,20,restrictive,4,21
200.0,pos3,0.0,20,restrictive,4,21
200.0,pos4,0.0,20,restrictive,4,21
200.0,subject,1.0,20,restrictive,4,21
250.0,pos1,0.0,20,restrictive,4,21
250.0,pos2,0.0,20,restrictive,4,21
250.0,pos3,0.0,20,restrictive,4,21
250.0,pos4,0.0,20,restrictive,4,21
250.0,subject,1.0,20,restrictive,4,21
0.0,pos1,0.0,21,restrictive,4,21
0.0,pos2,0.0,21,restrictive,4,21
0.0,pos3,0.0,21,restrictive,4,21
0.0,pos4,0.0,21,restrictive,4,21
0.0,subject,1.0,21,restrictive,4,21
50.0,pos1,0.0,21,restrictive,4,21
50.0,pos2,0.0,21,restrictive,4,21
50.0,pos3,0.0,21,restrictive,4,21
50.0,pos4,0.0,21,restrictive,4,21
50.0,subject,0.864,21,restrictive,4,21
100.0,pos1,0.0,21,restrictive,4,21
100.0,pos2,0.0,21,restrictive,4,21
100.0,pos3,0.0,21,restrictive,4,21
100.0,pos4,0.0,21,restrictive,4,21
100.0,subject,1.0,21,restrictive,4,21
150.0,pos1,0.0,21,restrictive,4,21
150.0,pos2,0.0,21,restrictive,4,21
150.0,pos3,0.0,21,restrictive,4,21
150.0,pos4,0.0,21,restrictive,4,21
150.0,subject,1.0,21,restrictive,4,21
200.0,pos1,0.0,21,restrictive,4,21
200.0,pos2,0.0,21,restrictive,4,21
200.0,pos3,0.0,21,restrictive,4,21
200.0,pos4,0.0,21,restrictive,4,21
200.0,subject,0.906,21,restrictive,4,21
250.0,pos1,0.0,21,restrictive,4,21
250.0,pos2,0.0,21,restrictive,4,21
250.0,pos3,0.0,21,restrictive,4,21
250.0,pos4,0.0,21,restrictive,4,21
250.0,subject,0.0,21,restrictive,4,21
300.0,pos1,0.0,21,restrictive,4,21
300.0,pos2,0.0,21,restrictive,4,21
300.0,pos3,0.0,21,restrictive,4,21
300.0,pos4,0.0,21,restrictive,4,21
300.0,subject,0.3534,21,restrictive,4,21
350.0,pos1,0.0,21,restrictive,4,21
350.0,pos2,0.0,21,restrictive,4,21
350.0,pos3,0.0,21,restrictive,4,21
350.0,pos4,0.0,21,restrictive,4,21
350.0,subject,1.0,21,restrictive,4,21
0.0,pos1,0.0,22,restrictive,4,21
0.0,pos2,0.0,22,restrictive,4,21
0.0,pos3,0.0,22,restrictive,4,21
0.0,pos4,0.0,22,restrictive,4,21
0.0,subject,1.0,22,restrictive,4,21
50.0,pos1,0.0,22,restrictive,4,21
50.0,pos2,0.0,22,restrictive,4,21
50.0,pos3,0.0,22,restrictive,4,21
50.0,pos4,0.0,22,restrictive,4,21
50.0,subject,1.0,22,restrictive,4,21
100.0,pos1,0.0,22,restrictive,4,21
100.0,pos2,0.0,22,restrictive,4,21
100.0,pos3,0.0,22,restrictive,4,21
100.0,pos4,0.0,22,restrictive,4,21
100.0,subject,0.402,22,restrictive,4,21
150.0,pos1,0.0,22,restrictive,4,21
150.0,pos2,0.0,22,restrictive,4,21
150.0,pos3,0.0,22,restrictive,4,21
150.0,pos4,0.0,22,restrictive,4,21
150.0,subject,0.0,22,restrictive,4,21
200.0,pos1,0.0,22,restrictive,4,21
200.0,pos2,0.0,22,restrictive,4,21
200.0,pos3,0.0,22,restrictive,4,21
200.0,pos4,0.0,22,restrictive,4,21
200.0,subject,0.0,22,restrictive,4,21
250.0,pos1,0.0,22,restrictive,4,21
250.0,pos2,0.0,22,restrictive,4,21
250.0,pos3,0.0,22,restrictive,4,21
250.0,pos4,0.0,22,restrictive,4,21
250.0,subject,0.0,22,restrictive,4,21
0.0,pos1,0.0,23,restrictive,2,21
0.0,pos2,0.0,23,restrictive,2,21
0.0,pos3,0.0,23,restrictive,2,21
0.0,pos4,0.0,23,restrictive,2,21
0.0,subject,1.0,23,restrictive,2,21
50.0,pos1,0.0,23,restrictive,2,21
50.0,pos2,0.0,23,restrictive,2,21
50.0,pos3,0.0,23,restrictive,2,21
50.0,pos4,0.0,23,restrictive,2,21
50.0,subject,1.0,23,restrictive,2,21
100.0,pos1,0.0,23,restrictive,2,21
100.0,pos2,0.0,23,restrictive,2,21
100.0,pos3,0.0,23,restrictive,2,21
100.0,pos4,0.0,23,restrictive,2,21
100.0,subject,1.0,23,restrictive,2,21
150.0,pos1,0.0,23,restrictive,2,21
150.0,pos2,0.0,23,restrictive,2,21
150.0,pos3,0.0,23,restrictive,2,21
150.0,pos4,0.0,23,restrictive,2,21
150.0,subject,1.0,23,restrictive,2,21
200.0,pos1,0.0,23,restrictive,2,21
200.0,pos2,0.0,23,restrictive,2,21
200.0,pos3,0.0,23,restrictive,2,21
200.0,pos4,0.0,23,restrictive,2,21
200.0,subject,0.465,23,restrictive,2,21
250.0,pos1,0.0,23,restrictive,2,21
250.0,pos2,0.0,23,restrictive,2,21
250.0,pos3,0.0,23,restrictive,2,21
250.0,pos4,0.0,23,restrictive,2,21
250.0,subject,0.0,23,restrictive,2,21
0.0,pos1,0.0,24,non-restrictive,3,21
0.0,pos2,0.0,24,non-restrictive,3,21
0.0,pos3,0.0,24,non-restrictive,3,21
0.0,pos4,0.0,24,non-restrictive,3,21
0.0,subject,1.0,24,non-restrictive,3,21
50.0,pos1,0.0,24,non-restrictive,3,21
50.0,pos2,0.0,24,non-restrictive,3,21
50.0,pos3,0.0,24,non-restrictive,3,21
50.0,pos4,0.0,24,non-restrictive,3,21
50.0,subject,1.0,24,non-restrictive,3,21
100.0,pos1,0.0,24,non-restrictive,3,21
100.0,pos2,0.0,24,non-restrictive,3,21
100.0,pos3,0.0,24,non-restrictive,3,21
100.0,pos4,0.0,24,non-restrictive,3,21
100.0,subject,1.0,24,non-restrictive,3,21
150.0,pos1,0.0,24,non-restrictive,3,21
150.0,pos2,0.0,24,non-restrictive,3,21
150.0,pos3,0.0,24,non-restrictive,3,21
150.0,pos4,0.0,24,non-restrictive,3,21
150.0,subject,0.6294,24,non-restrictive,3,21
200.0,pos1,0.0,24,non-restrictive,3,21
200.0,pos2,0.0,24,non-restrictive,3,21
200.0,pos3,0.0,24,non-restrictive,3,21
200.0,pos4,0.0,24,non-restrictive,3,21
200.0,subject,0.0,24,non-restrictive,3,21
250.0,pos1,0.0,24,non-restrictive,3,21
250.0,pos2,0.0,24,non-restrictive,3,21
250.0,pos3,0.0,24,non-restrictive,3,21
250.0,pos4,0.0,24,non-restrictive,3,21
250.0,subject,0.0,24,non-restrictive,3,21
0.0,pos1,0.0,25,restrictive,2,21
0.0,pos2,0.0,25,restrictive,2,21
0.0,pos3,0.0,25,restrictive,2,21
0.0,pos4,0.0,25,restrictive,2,21
0.0,subject,0.0,25,restrictive,2,21
50.0,pos1,0.0,25,restrictive,2,21
50.0,pos2,0.0,25,restrictive,2,21
50.0,pos3,0.0,25,restrictive,2,21
50.0,pos4,0.0,25,restrictive,2,21
50.0,subject,0.0,25,restrictive,2,21
100.0,pos1,0.0,25,restrictive,2,21
100.0,pos2,0.0,25,restrictive,2,21
100.0,pos3,0.0,25,restrictive,2,21
100.0,pos4,0.0,25,restrictive,2,21
100.0,subject,0.0,25,restrictive,2,21
150.0,pos1,0.0,25,restrictive,2,21
150.0,pos2,0.0,25,restrictive,2,21
150.0,pos3,0.0,25,restrictive,2,21
150.0,pos4,0.0,25,restrictive,2,21
150.0,subject,0.0,25,restrictive,2,21
200.0,pos1,0.0,25,restrictive,2,21
200.0,pos2,0.0,25,restrictive,2,21
200.0,pos3,0.0,25,restrictive,2,21
200.0,pos4,0.0,25,restrictive,2,21
200.0,subject,0.0,25,restrictive,2,21
250.0,pos1,0.0,25,restrictive,2,21
250.0,pos2,0.0,25,restrictive,2,21
250.0,pos3,0.0,25,restrictive,2,21
250.0,pos4,0.0,25,restrictive,2,21
250.0,subject,0.0,25,restrictive,2,21
300.0,pos1,0.0,25,restrictive,2,21
300.0,pos2,0.0,25,restrictive,2,21
300.0,pos3,0.0,25,restrictive,2,21
300.0,pos4,0.0,25,restrictive,2,21
300.0,subject,0.0,25,restrictive,2,21
0.0,pos1,0.0,26,non-restrictive,3,21
0.0,pos2,0.0,26,non-restrictive,3,21
0.0,pos3,0.0,26,non-restrictive,3,21
0.0,pos4,0.0,26,non-restrictive,3,21
0.0,subject,0.0,26,non-restrictive,3,21
50.0,pos1,0.0,26,non-restrictive,3,21
50.0,pos2,0.0,26,non-restrictive,3,21
50.0,pos3,0.0,26,non-restrictive,3,21
50.0,pos4,0.0,26,non-restrictive,3,21
50.0,subject,0.0,26,non-restrictive,3,21
100.0,pos1,0.0,26,non-restrictive,3,21
100.0,pos2,0.0,26,non-restrictive,3,21
100.0,pos3,0.0,26,non-restrictive,3,21
100.0,pos4,0.0,26,non-restrictive,3,21
100.0,subject,0.0,26,non-restrictive,3,21
150.0,pos1,0.0,26,non-restrictive,3,21
150.0,pos2,0.0,26,non-restrictive,3,21
150.0,pos3,0.0,26,non-restrictive,3,21
150.0,pos4,0.0,26,non-restrictive,3,21
150.0,subject,0.4728,26,non-restrictive,3,21
200.0,pos1,0.0,26,non-restrictive,3,21
200.0,pos2,0.0,26,non-restrictive,3,21
200.0,pos3,0.0,26,non-restrictive,3,21
200.0,pos4,0.0,26,non-restrictive,3,21
200.0,subject,1.0,26,non-restrictive,3,21
250.0,pos1,0.0,26,non-restrictive,3,21
250.0,pos2,0.0,26,non-restrictive,3,21
250.0,pos3,0.0,26,non-restrictive,3,21
250.0,pos4,0.0,26,non-restrictive,3,21
250.0,subject,1.0,26,non-restrictive,3,21
0.0,pos1,0.0,27,restrictive,2,21
0.0,pos2,0.0,27,restrictive,2,21
0.0,pos3,0.0,27,restrictive,2,21
0.0,pos4,0.0,27,restrictive,2,21
0.0,subject,0.0,27,restrictive,2,21
50.0,pos1,0.0,27,restrictive,2,21
50.0,pos2,0.0,27,restrictive,2,21
50.0,pos3,0.0,27,restrictive,2,21
50.0,pos4,0.0,27,restrictive,2,21
50.0,subject,0.0,27,restrictive,2,21
100.0,pos1,0.0,27,restrictive,2,21
100.0,pos2,0.0,27,restrictive,2,21
100.0,pos3,0.0,27,restrictive,2,21
100.0,pos4,0.0,27,restrictive,2,21
100.0,subject,0.9016,27,restrictive,2,21
150.0,pos1,0.0,27,restrictive,2,21
150.0,pos2,0.0,27,restrictive,2,21
150.0,pos3,0.0,27,restrictive,2,21
150.0,pos4,0.0,27,restrictive,2,21
150.0,subject,1.0,27,restrictive,2,21
200.0,pos1,0.0,27,restrictive,2,21
200.0,pos2,0.0,27,restrictive,2,21
200.0,pos3,0.0,27,restrictive,2,21
200.0,pos4,0.0,27,restrictive,2,21
200.0,subject,0.9116,27,restrictive,2,21
250.0,pos1,0.0,27,restrictive,2,21
250.0,pos2,0.0,27,restrictive,2,21
250.0,pos3,0.0,27,restrictive,2,21
250.0,pos4,0.0,27,restrictive,2,21
250.0,subject,0.9554,27,restrictive,2,21
300.0,pos1,0.0,27,restrictive,2,21
300.0,pos2,0.0,27,restrictive,2,21
300.0,pos3,0.0,27,restrictive,2,21
300.0,pos4,0.0,27,restrictive,2,21
300.0,subject,1.0,27,restrictive,2,21
0.0,pos1,0.0,28,restrictive,4,21
0.0,pos2,0.0,28,restrictive,4,21
0.0,pos3,0.0,28,restrictive,4,21
0.0,pos4,0.0,28,restrictive,4,21
0.0,subject,0.0,28,restrictive,4,21
50.0,pos1,0.0,28,restrictive,4,21
50.0,pos2,0.0,28,restrictive,4,21
50.0,pos3,0.0,28,restrictive,4,21
50.0,pos4,0.0,28,restrictive,4,21
50.0,subject,0.0,28,restrictive,4,21
100.0,pos1,0.0,28,restrictive,4,21
100.0,pos2,0.0,28,restrictive,4,21
100.0,pos3,0.0,28,restrictive,4,21
100.0,pos4,0.0,28,restrictive,4,21
100.0,subject,0.0,28,restrictive,4,21
150.0,pos1,0.0,28,restrictive,4,21
150.0,pos2,0.0,28,restrictive,4,21
150.0,pos3,0.0,28,restrictive,4,21
150.0,pos4,0.0,28,restrictive,4,21
150.0,subject,0.0,28,restrictive,4,21
200.0,pos1,0.0,28,restrictive,4,21
200.0,pos2,0.0,28,restrictive,4,21
200.0,pos3,0.0,28,restrictive,4,21
200.0,pos4,0.0,28,restrictive,4,21
200.0,subject,0.0,28,restrictive,4,21
250.0,pos1,0.0,28,restrictive,4,21
250.0,pos2,0.0,28,restrictive,4,21
250.0,pos3,0.0,28,restrictive,4,21
250.0,pos4,0.0,28,restrictive,4,21
250.0,subject,0.849565,28,restrictive,4,21
0.0,pos1,0.0,29,restrictive,2,21
0.0,pos2,0.0,29,restrictive,2,21
0.0,pos3,0.0,29,restrictive,2,21
0.0,pos4,0.0,29,restrictive,2,21
0.0,subject,0.8628,29,restrictive,2,21
50.0,pos1,0.0,29,restrictive,2,21
50.0,pos2,0.0,29,restrictive,2,21
50.0,pos3,0.0,29,restrictive,2,21
50.0,pos4,0.0,29,restrictive,2,21
50.0,subject,1.0,29,restrictive,2,21
100.0,pos1,0.0,29,restrictive,2,21
100.0,pos2,0.0,29,restrictive,2,21
100.0,pos3,0.0,29,restrictive,2,21
100.0,pos4,0.0,29,restrictive,2,21
100.0,subject,1.0,29,restrictive,2,21
150.0,pos1,0.0,29,restrictive,2,21
150.0,pos2,0.0,29,restrictive,2,21
150.0,pos3,0.0,29,restrictive,2,21
150.0,pos4,0.0,29,restrictive,2,21
150.0,subject,1.0,29,restrictive,2,21
200.0,pos1,0.0,29,restrictive,2,21
200.0,pos2,0.0,29,restrictive,2,21
200.0,pos3,0.0,29,restrictive,2,21
200.0,pos4,0.0,29,restrictive,2,21
200.0,subject,1.0,29,restrictive,2,21
250.0,pos1,0.0,29,restrictive,2,21
250.0,pos2,0.0,29,restrictive,2,21
250.0,pos3,0.0,29,restrictive,2,21
250.0,pos4,0.0,29,restrictive,2,21
250.0,subject,1.0,29,restrictive,2,21
0.0,pos1,0.0,30,non-restrictive,3,21
0.0,pos2,0.0,30,non-restrictive,3,21
0.0,pos3,0.0,30,non-restrictive,3,21
0.0,pos4,0.0,30,non-restrictive,3,21
0.0,subject,1.0,30,non-restrictive,3,21
50.0,pos1,0.0,30,non-restrictive,3,21
50.0,pos2,0.0,30,non-restrictive,3,21
50.0,pos3,0.0,30,non-restrictive,3,21
50.0,pos4,0.0,30,non-restrictive,3,21
50.0,subject,1.0,30,non-restrictive,3,21
100.0,pos1,0.0,30,non-restrictive,3,21
100.0,pos2,0.0,30,non-restrictive,3,21
100.0,pos3,0.0,30,non-restrictive,3,21
100.0,pos4,0.0,30,non-restrictive,3,21
100.0,subject,1.0,30,non-restrictive,3,21
150.0,pos1,0.0,30,non-restrictive,3,21
150.0,pos2,0.0,30,non-restrictive,3,21
150.0,pos3,0.0,30,non-restrictive,3,21
150.0,pos4,0.0,30,non-restrictive,3,21
150.0,subject,1.0,30,non-restrictive,3,21
200.0,pos1,0.0,30,non-restrictive,3,21
200.0,pos2,0.0,30,non-restrictive,3,21
200.0,pos3,0.0,30,non-restrictive,3,21
200.0,pos4,0.0,30,non-restrictive,3,21
200.0,subject,1.0,30,non-restrictive,3,21
250.0,pos1,0.0,30,non-restrictive,3,21
250.0,pos2,0.0,30,non-restrictive,3,21
250.0,pos3,0.0,30,non-restrictive,3,21
250.0,pos4,0.0,30,non-restrictive,3,21
250.0,subject,1.0,30,non-restrictive,3,21
0.0,pos1,0.0,31,non-restrictive,1,21
0.0,pos2,0.0,31,non-restrictive,1,21
0.0,pos3,0.0,31,non-restrictive,1,21
0.0,pos4,0.0,31,non-restrictive,1,21
0.0,subject,0.0,31,non-restrictive,1,21
50.0,pos1,0.0,31,non-restrictive,1,21
50.0,pos2,0.0,31,non-restrictive,1,21
50.0,pos3,0.0,31,non-restrictive,1,21
50.0,pos4,0.0,31,non-restrictive,1,21
50.0,subject,0.0,31,non-restrictive,1,21
100.0,pos1,0.0,31,non-restrictive,1,21
100.0,pos2,0.0,31,non-restrictive,1,21
100.0,pos3,0.0,31,non-restrictive,1,21
100.0,pos4,0.0,31,non-restrictive,1,21
100.0,subject,0.0,31,non-restrictive,1,21
150.0,pos1,0.0,31,non-restrictive,1,21
150.0,pos2,0.0,31,non-restrictive,1,21
150.0,pos3,0.0,31,non-restrictive,1,21
150.0,pos4,0.0,31,non-restrictive,1,21
150.0,subject,0.0,31,non-restrictive,1,21
200.0,pos1,0.0,31,non-restrictive,1,21
200.0,pos2,0.0,31,non-restrictive,1,21
200.0,pos3,0.0,31,non-restrictive,1,21
200.0,pos4,0.0,31,non-restrictive,1,21
200.0,subject,0.0,31,non-restrictive,1,21
250.0,pos1,0.0,31,non-restrictive,1,21
250.0,pos2,0.0,31,non-restrictive,1,21
250.0,pos3,0.0,31,non-restrictive,1,21
250.0,pos4,0.0,31,non-restrictive,1,21
250.0,subject,0.0,31,non-restrictive,1,21
0.0,pos1,0.0,32,non-restrictive,1,21
0.0,pos2,0.0,32,non-restrictive,1,21
0.0,pos3,0.0,32,non-restrictive,1,21
0.0,pos4,0.0,32,non-restrictive,1,21
0.0,subject,0.867,32,non-restrictive,1,21
50.0,pos1,0.0,32,non-restrictive,1,21
50.0,pos2,0.0,32,non-restrictive,1,21
50.0,pos3,0.0,32,non-restrictive,1,21
50.0,pos4,0.0,32,non-restrictive,1,21
50.0,subject,1.0,32,non-restrictive,1,21
100.0,pos1,0.0,32,non-restrictive,1,21
100.0,pos2,0.0,32,non-restrictive,1,21
100.0,pos3,0.0,32,non-restrictive,1,21
100.0,pos4,0.0,32,non-restrictive,1,21
100.0,subject,1.0,32,non-restrictive,1,21
150.0,pos1,0.0,32,non-restrictive,1,21
150.0,pos2,0.0,32,non-restrictive,1,21
150.0,pos3,0.0,32,non-restrictive,1,21
150.0,pos4,0.0,32,non-restrictive,1,21
150.0,subject,1.0,32,non-restrictive,1,21
200.0,pos1,0.0,32,non-restrictive,1,21
200.0,pos2,0.0,32,non-restrictive,1,21
200.0,pos3,0.0,32,non-restrictive,1,21
200.0,pos4,0.0,32,non-restrictive,1,21
200.0,subject,1.0,32,non-restrictive,1,21
250.0,pos1,0.0,32,non-restrictive,1,21
250.0,pos2,0.0,32,non-restrictive,1,21
250.0,pos3,0.0,32,non-restrictive,1,21
250.0,pos4,0.0,32,non-restrictive,1,21
250.0,subject,1.0,32,non-restrictive,1,21
0.0,pos1,0.0,33,non-restrictive,1,21
0.0,pos2,0.0,33,non-restrictive,1,21
0.0,pos3,0.0,33,non-restrictive,1,21
0.0,pos4,0.0,33,non-restrictive,1,21
0.0,subject,1.0,33,non-restrictive,1,21
50.0,pos1,0.0,33,non-restrictive,1,21
50.0,pos2,0.0,33,non-restrictive,1,21
50.0,pos3,0.0,33,non-restrictive,1,21
50.0,pos4,0.0,33,non-restrictive,1,21
50.0,subject,1.0,33,non-restrictive,1,21
100.0,pos1,0.0,33,non-restrictive,1,21
100.0,pos2,0.0,33,non-restrictive,1,21
100.0,pos3,0.0,33,non-restrictive,1,21
100.0,pos4,0.0,33,non-restrictive,1,21
100.0,subject,0.861,33,non-restrictive,1,21
150.0,pos1,0.0,33,non-restrictive,1,21
150.0,pos2,0.0,33,non-restrictive,1,21
150.0,pos3,0.0,33,non-restrictive,1,21
150.0,pos4,0.0,33,non-restrictive,1,21
150.0,subject,1.0,33,non-restrictive,1,21
200.0,pos1,0.0,33,non-restrictive,1,21
200.0,pos2,0.0,33,non-restrictive,1,21
200.0,pos3,0.0,33,non-restrictive,1,21
200.0,pos4,0.0,33,non-restrictive,1,21
200.0,subject,1.0,33,non-restrictive,1,21
250.0,pos1,0.0,33,non-restrictive,1,21
250.0,pos2,0.0,33,non-restrictive,1,21
250.0,pos3,0.0,33,non-restrictive,1,21
250.0,pos4,0.0,33,non-restrictive,1,21
250.0,subject,0.8656,33,non-restrictive,1,21
300.0,pos1,0.0,33,non-restrictive,1,21
300.0,pos2,0.0,33,non-restrictive,1,21
300.0,pos3,0.0,33,non-restrictive,1,21
300.0,pos4,0.0,33,non-restrictive,1,21
300.0,subject,1.0,33,non-restrictive,1,21
350.0,pos1,0.0,33,non-restrictive,1,21
350.0,pos2,0.0,33,non-restrictive,1,21
350.0,pos3,0.0,33,non-restrictive,1,21
350.0,pos4,0.0,33,non-restrictive,1,21
350.0,subject,1.0,33,non-restrictive,1,21
0.0,pos1,0.0,34,non-restrictive,1,21
0.0,pos2,0.0,34,non-restrictive,1,21
0.0,pos3,0.0,34,non-restrictive,1,21
0.0,pos4,0.0,34,non-restrictive,1,21
0.0,subject,1.0,34,non-restrictive,1,21
50.0,pos1,0.0,34,non-restrictive,1,21
50.0,pos2,0.0,34,non-restrictive,1,21
50.0,pos3,0.0,34,non-restrictive,1,21
50.0,pos4,0.0,34,non-restrictive,1,21
50.0,subject,0.8594,34,non-restrictive,1,21
100.0,pos1,0.0,34,non-restrictive,1,21
100.0,pos2,0.0,34,non-restrictive,1,21
100.0,pos3,0.0,34,non-restrictive,1,21
100.0,pos4,0.0,34,non-restrictive,1,21
100.0,subject,0.0,34,non-restrictive,1,21
150.0,pos1,0.0,34,non-restrictive,1,21
150.0,pos2,0.0,34,non-restrictive,1,21
150.0,pos3,0.0,34,non-restrictive,1,21
150.0,pos4,0.0,34,non-restrictive,1,21
150.0,subject,0.0,34,non-restrictive,1,21
200.0,pos1,0.0,34,non-restrictive,1,21
200.0,pos2,0.0,34,non-restrictive,1,21
200.0,pos3,0.0,34,non-restrictive,1,21
200.0,pos4,0.0,34,non-restrictive,1,21
200.0,subject,0.0,34,non-restrictive,1,21
250.0,pos1,0.0,34,non-restrictive,1,21
250.0,pos2,0.0,34,non-restrictive,1,21
250.0,pos3,0.0,34,non-restrictive,1,21
250.0,pos4,0.0,34,non-restrictive,1,21
250.0,subject,0.0,34,non-restrictive,1,21
300.0,pos1,0.0,34,non-restrictive,1,21
300.0,pos2,0.0,34,non-restrictive,1,21
300.0,pos3,0.0,34,non-restrictive,1,21
300.0,pos4,0.0,34,non-restrictive,1,21
300.0,subject,0.0,34,non-restrictive,1,21
350.0,pos1,0.0,34,non-restrictive,1,21
350.0,pos2,0.0,34,non-restrictive,1,21
350.0,pos3,0.0,34,non-restrictive,1,21
350.0,pos4,0.0,34,non-restrictive,1,21
350.0,subject,0.0,34,non-restrictive,1,21
0.0,pos1,0.0,35,restrictive,4,21
0.0,pos2,0.0,35,restrictive,4,21
0.0,pos3,0.0,35,restrictive,4,21
0.0,pos4,0.0,35,restrictive,4,21
0.0,subject,0.8646,35,restrictive,4,21
50.0,pos1,0.0,35,restrictive,4,21
50.0,pos2,0.0,35,restrictive,4,21
50.0,pos3,0.0,35,restrictive,4,21
50.0,pos4,0.0,35,restrictive,4,21
50.0,subject,1.0,35,restrictive,4,21
100.0,pos1,0.0,35,restrictive,4,21
100.0,pos2,0.0,35,restrictive,4,21
100.0,pos3,0.0,35,restrictive,4,21
100.0,pos4,0.0,35,restrictive,4,21
100.0,subject,1.0,35,restrictive,4,21
150.0,pos1,0.0,35,restrictive,4,21
150.0,pos2,0.0,35,restrictive,4,21
150.0,pos3,0.0,35,restrictive,4,21
150.0,pos4,0.0,35,restrictive,4,21
150.0,subject,1.0,35,restrictive,4,21
200.0,pos1,0.0,35,restrictive,4,21
200.0,pos2,0.0,35,restrictive,4,21
200.0,pos3,0.0,35,restrictive,4,21
200.0,pos4,0.0,35,restrictive,4,21
200.0,subject,1.0,35,restrictive,4,21
250.0,pos1,0.0,35,restrictive,4,21
250.0,pos2,0.0,35,restrictive,4,21
250.0,pos3,0.0,35,restrictive,4,21
250.0,pos4,0.0,35,restrictive,4,21
250.0,subject,1.0,35,restrictive,4,21
0.0,pos1,0.0,36,non-restrictive,1,21
0.0,pos2,0.0,36,non-restrictive,1,21
0.0,pos3,0.0,36,non-restrictive,1,21
0.0,pos4,0.0,36,non-restrictive,1,21
0.0,subject,1.0,36,non-restrictive,1,21
50.0,pos1,0.0,36,non-restrictive,1,21
50.0,pos2,0.0,36,non-restrictive,1,21
50.0,pos3,0.0,36,non-restrictive,1,21
50.0,pos4,0.0,36,non-restrictive,1,21
50.0,subject,1.0,36,non-restrictive,1,21
100.0,pos1,0.0,36,non-restrictive,1,21
100.0,pos2,0.0,36,non-restrictive,1,21
100.0,pos3,0.0,36,non-restrictive,1,21
100.0,pos4,0.0,36,non-restrictive,1,21
100.0,subject,0.757,36,non-restrictive,1,21
150.0,pos1,0.0,36,non-restrictive,1,21
150.0,pos2,0.0,36,non-restrictive,1,21
150.0,pos3,0.0,36,non-restrictive,1,21
150.0,pos4,0.0,36,non-restrictive,1,21
150.0,subject,0.0,36,non-restrictive,1,21
200.0,pos1,0.0,36,non-restrictive,1,21
200.0,pos2,0.0,36,non-restrictive,1,21
200.0,pos3,0.0,36,non-restrictive,1,21
200.0,pos4,0.0,36,non-restrictive,1,21
200.0,subject,0.0,36,non-restrictive,1,21
0.0,pos1,0.0,37,restrictive,2,21
0.0,pos2,0.0,37,restrictive,2,21
0.0,pos3,0.0,37,restrictive,2,21
0.0,pos4,0.0,37,restrictive,2,21
0.0,subject,1.0,37,restrictive,2,21
50.0,pos1,0.0,37,restrictive,2,21
50.0,pos2,0.0,37,restrictive,2,21
50.0,pos3,0.0,37,restrictive,2,21
50.0,pos4,0.0,37,restrictive,2,21
50.0,subject,0.4148,37,restrictive,2,21
100.0,pos1,0.0,37,restrictive,2,21
100.0,pos2,0.0,37,restrictive,2,21
100.0,pos3,0.0,37,restrictive,2,21
100.0,pos4,0.0,37,restrictive,2,21
100.0,subject,0.0,37,restrictive,2,21
150.0,pos1,0.0,37,restrictive,2,21
150.0,pos2,0.0,37,restrictive,2,21
150.0,pos3,0.0,37,restrictive,2,21
150.0,pos4,0.0,37,restrictive,2,21
150.0,subject,0.0,37,restrictive,2,21
200.0,pos1,0.0,37,restrictive,2,21
200.0,pos2,0.0,37,restrictive,2,21
200.0,pos3,0.0,37,restrictive,2,21
200.0,pos4,0.0,37,restrictive,2,21
200.0,subject,0.0,37,restrictive,2,21
250.0,pos1,0.0,37,restrictive,2,21
250.0,pos2,0.0,37,restrictive,2,21
250.0,pos3,0.0,37,restrictive,2,21
250.0,pos4,0.0,37,restrictive,2,21
250.0,subject,0.0,37,restrictive,2,21
0.0,pos1,0.0,38,restrictive,2,21
0.0,pos2,0.0,38,restrictive,2,21
0.0,pos3,0.0,38,restrictive,2,21
0.0,pos4,0.0,38,restrictive,2,21
0.0,subject,0.0,38,restrictive,2,21
50.0,pos1,0.0,38,restrictive,2,21
50.0,pos2,0.0,38,restrictive,2,21
50.0,pos3,0.0,38,restrictive,2,21
50.0,pos4,0.0,38,restrictive,2,21
50.0,subject,0.0,38,restrictive,2,21
100.0,pos1,0.0,38,restrictive,2,21
100.0,pos2,0.0,38,restrictive,2,21
100.0,pos3,0.0,38,restrictive,2,21
100.0,pos4,0.0,38,restrictive,2,21
100.0,subject,0.0,38,restrictive,2,21
150.0,pos1,0.0,38,restrictive,2,21
150.0,pos2,0.0,38,restrictive,2,21
150.0,pos3,0.0,38,restrictive,2,21
150.0,pos4,0.0,38,restrictive,2,21
150.0,subject,0.0,38,restrictive,2,21
200.0,pos1,0.0,38,restrictive,2,21
200.0,pos2,0.0,38,restrictive,2,21
200.0,pos3,0.0,38,restrictive,2,21
200.0,pos4,0.0,38,restrictive,2,21
200.0,subject,0.0,38,restrictive,2,21
250.0,pos1,0.0,38,restrictive,2,21
250.0,pos2,0.0,38,restrictive,2,21
250.0,pos3,0.0,38,restrictive,2,21
250.0,pos4,0.0,38,restrictive,2,21
250.0,subject,0.0,38,restrictive,2,21
0.0,pos1,0.0,39,restrictive,4,21
0.0,pos2,0.0,39,restrictive,4,21
0.0,pos3,0.0,39,restrictive,4,21
0.0,pos4,0.0,39,restrictive,4,21
0.0,subject,0.0,39,restrictive,4,21
50.0,pos1,0.0,39,restrictive,4,21
50.0,pos2,0.0,39,restrictive,4,21
50.0,pos3,0.0,39,restrictive,4,21
50.0,pos4,0.0,39,restrictive,4,21
50.0,subject,0.0,39,restrictive,4,21
100.0,pos1,0.0,39,restrictive,4,21
100.0,pos2,0.0,39,restrictive,4,21
100.0,pos3,0.0,39,restrictive,4,21
100.0,pos4,0.0,39,restrictive,4,21
100.0,subject,0.0,39,restrictive,4,21
150.0,pos1,0.0,39,restrictive,4,21
150.0,pos2,0.0,39,restrictive,4,21
150.0,pos3,0.0,39,restrictive,4,21
150.0,pos4,0.0,39,restrictive,4,21
150.0,subject,0.0,39,restrictive,4,21
200.0,pos1,0.0,39,restrictive,4,21
200.0,pos2,0.0,39,restrictive,4,21
200.0,pos3,0.0,39,restrictive,4,21
200.0,pos4,0.0,39,restrictive,4,21
200.0,subject,0.0,39,restrictive,4,21
250.0,pos1,0.0,39,restrictive,4,21
250.0,pos2,0.0,39,restrictive,4,21
250.0,pos3,0.0,39,restrictive,4,21
250.0,pos4,0.0,39,restrictive,4,21
250.0,subject,0.0,39,restrictive,4,21
300.0,pos1,0.0,39,restrictive,4,21
300.0,pos2,0.0,39,restrictive,4,21
300.0,pos3,0.0,39,restrictive,4,21
300.0,pos4,0.0,39,restrictive,4,21
300.0,subject,0.0,39,restrictive,4,21
0.0,pos1,0.0,40,non-restrictive,3,21
0.0,pos2,0.0,40,non-restrictive,3,21
0.0,pos3,0.0,40,non-restrictive,3,21
0.0,pos4,0.0,40,non-restrictive,3,21
0.0,subject,1.0,40,non-restrictive,3,21
50.0,pos1,0.0,40,non-restrictive,3,21
50.0,pos2,0.0,40,non-restrictive,3,21
50.0,pos3,0.0,40,non-restrictive,3,21
50.0,pos4,0.0,40,non-restrictive,3,21
50.0,subject,1.0,40,non-restrictive,3,21
100.0,pos1,0.0,40,non-restrictive,3,21
100.0,pos2,0.0,40,non-restrictive,3,21
100.0,pos3,0.0,40,non-restrictive,3,21
100.0,pos4,0.0,40,non-restrictive,3,21
100.0,subject,0.8646,40,non-restrictive,3,21
150.0,pos1,0.0,40,non-restrictive,3,21
150.0,pos2,0.0,40,non-restrictive,3,21
150.0,pos3,0.0,40,non-restrictive,3,21
150.0,pos4,0.0,40,non-restrictive,3,21
150.0,subject,1.0,40,non-restrictive,3,21
200.0,pos1,0.0,40,non-restrictive,3,21
200.0,pos2,0.0,40,non-restrictive,3,21
200.0,pos3,0.0,40,non-restrictive,3,21
200.0,pos4,0.0,40,non-restrictive,3,21
200.0,subject,1.0,40,non-restrictive,3,21
250.0,pos1,0.0,40,non-restrictive,3,21
250.0,pos2,0.0,40,non-restrictive,3,21
250.0,pos3,0.0,40,non-restrictive,3,21
250.0,pos4,0.0,40,non-restrictive,3,21
250.0,subject,1.0,40,non-restrictive,3,21
0.0,pos1,0.0,41,restrictive,4,21
0.0,pos2,0.0,41,restrictive,4,21
0.0,pos3,0.0,41,restrictive,4,21
0.0,pos4,0.0,41,restrictive,4,21
0.0,subject,1.0,41,restrictive,4,21
50.0,pos1,0.0,41,restrictive,4,21
50.0,pos2,0.0,41,restrictive,4,21
50.0,pos3,0.0,41,restrictive,4,21
50.0,pos4,0.0,41,restrictive,4,21
50.0,subject,1.0,41,restrictive,4,21
100.0,pos1,0.0,41,restrictive,4,21
100.0,pos2,0.0,41,restrictive,4,21
100.0,pos3,0.0,41,restrictive,4,21
100.0,pos4,0.0,41,restrictive,4,21
100.0,subject,1.0,41,restrictive,4,21
150.0,pos1,0.0,41,restrictive,4,21
150.0,pos2,0.0,41,restrictive,4,21
150.0,pos3,0.0,41,restrictive,4,21
150.0,pos4,0.0,41,restrictive,4,21
150.0,subject,1.0,41,restrictive,4,21
200.0,pos1,0.0,41,restrictive,4,21
200.0,pos2,0.0,41,restrictive,4,21
200.0,pos3,0.0,41,restrictive,4,21
200.0,pos4,0.0,41,restrictive,4,21
200.0,subject,1.0,41,restrictive,4,21
0.0,pos1,0.0,42,non-restrictive,1,21
0.0,pos2,0.0,42,non-restrictive,1,21
0.0,pos3,0.0,42,non-restrictive,1,21
0.0,pos4,0.0,42,non-restrictive,1,21
0.0,subject,1.0,42,non-restrictive,1,21
50.0,pos1,0.0,42,non-restrictive,1,21
50.0,pos2,0.0,42,non-restrictive,1,21
50.0,pos3,0.0,42,non-restrictive,1,21
50.0,pos4,0.0,42,non-restrictive,1,21
50.0,subject,1.0,42,non-restrictive,1,21
100.0,pos1,0.0,42,non-restrictive,1,21
100.0,pos2,0.0,42,non-restrictive,1,21
100.0,pos3,0.0,42,non-restrictive,1,21
100.0,pos4,0.0,42,non-restrictive,1,21
100.0,subject,1.0,42,non-restrictive,1,21
150.0,pos1,0.0,42,non-restrictive,1,21
150.0,pos2,0.0,42,non-restrictive,1,21
150.0,pos3,0.0,42,non-restrictive,1,21
150.0,pos4,0.0,42,non-restrictive,1,21
150.0,subject,1.0,42,non-restrictive,1,21
200.0,pos1,0.0,42,non-restrictive,1,21
200.0,pos2,0.0,42,non-restrictive,1,21
200.0,pos3,0.0,42,non-restrictive,1,21
200.0,pos4,0.0,42,non-restrictive,1,21
200.0,subject,1.0,42,non-restrictive,1,21
250.0,pos1,0.0,42,non-restrictive,1,21
250.0,pos2,0.0,42,non-restrictive,1,21
250.0,pos3,0.0,42,non-restrictive,1,21
250.0,pos4,0.0,42,non-restrictive,1,21
250.0,subject,1.0,42,non-restrictive,1,21
0.0,pos1,0.0,43,non-restrictive,3,21
0.0,pos2,0.0,43,non-restrictive,3,21
0.0,pos3,0.0,43,non-restrictive,3,21
0.0,pos4,0.0,43,non-restrictive,3,21
0.0,subject,0.0,43,non-restrictive,3,21
50.0,pos1,0.0,43,non-restrictive,3,21
50.0,pos2,0.0,43,non-restrictive,3,21
50.0,pos3,0.0,43,non-restrictive,3,21
50.0,pos4,0.0,43,non-restrictive,3,21
50.0,subject,0.0,43,non-restrictive,3,21
100.0,pos1,0.0,43,non-restrictive,3,21
100.0,pos2,0.0,43,non-restrictive,3,21
100.0,pos3,0.0,43,non-restrictive,3,21
100.0,pos4,0.0,43,non-restrictive,3,21
100.0,subject,0.0,43,non-restrictive,3,21
150.0,pos1,0.0,43,non-restrictive,3,21
150.0,pos2,0.0,43,non-restrictive,3,21
150.0,pos3,0.0,43,non-restrictive,3,21
150.0,pos4,0.0,43,non-restrictive,3,21
150.0,subject,0.0,43,non-restrictive,3,21
200.0,pos1,0.0,43,non-restrictive,3,21
200.0,pos2,0.0,43,non-restrictive,3,21
200.0,pos3,0.0,43,non-restrictive,3,21
200.0,pos4,0.0,43,non-restrictive,3,21
200.0,subject,0.0,43,non-restrictive,3,21
250.0,pos1,0.0,43,non-restrictive,3,21
250.0,pos2,0.0,43,non-restrictive,3,21
250.0,pos3,0.0,43,non-restrictive,3,21
250.0,pos4,0.0,43,non-restrictive,3,21
250.0,subject,0.0,43,non-restrictive,3,21
0.0,pos1,0.0,44,restrictive,2,21
0.0,pos2,0.0,44,restrictive,2,21
0.0,pos3,0.0,44,restrictive,2,21
0.0,pos4,0.0,44,restrictive,2,21
0.0,subject,1.0,44,restrictive,2,21
50.0,pos1,0.0,44,restrictive,2,21
50.0,pos2,0.0,44,restrictive,2,21
50.0,pos3,0.0,44,restrictive,2,21
50.0,pos4,0.0,44,restrictive,2,21
50.0,subject,1.0,44,restrictive,2,21
100.0,pos1,0.0,44,restrictive,2,21
100.0,pos2,0.0,44,restrictive,2,21
100.0,pos3,0.0,44,restrictive,2,21
100.0,pos4,0.0,44,restrictive,2,21
100.0,subject,1.0,44,restrictive,2,21
150.0,pos1,0.0,44,restrictive,2,21
150.0,pos2,0.0,44,restrictive,2,21
150.0,pos3,0.0,44,restrictive,2,21
150.0,pos4,0.0,44,restrictive,2,21
150.0,subject,0.5528,44,restrictive,2,21
200.0,pos1,0.0,44,restrictive,2,21
200.0,pos2,0.0,44,restrictive,2,21
200.0,pos3,0.0,44,restrictive,2,21
200.0,pos4,0.0,44,restrictive,2,21
200.0,subject,0.0,44,restrictive,2,21
250.0,pos1,0.0,44,restrictive,2,21
250.0,pos2,0.0,44,restrictive,2,21
250.0,pos3,0.0,44,restrictive,2,21
250.0,pos4,0.0,44,restrictive,2,21
250.0,subject,0.0,44,restrictive,2,21
0.0,pos1,0.0,45,non-restrictive,3,21
0.0,pos2,0.0,45,non-restrictive,3,21
0.0,pos3,0.0,45,non-restrictive,3,21
0.0,pos4,0.0,45,non-restrictive,3,21
0.0,subject,0.0,45,non-restrictive,3,21
50.0,pos1,0.0,45,non-restrictive,3,21
50.0,pos2,0.0,45,non-restrictive,3,21
50.0,pos3,0.0,45,non-restrictive,3,21
50.0,pos4,0.0,45,non-restrictive,3,21
50.0,subject,0.0,45,non-restrictive,3,21
100.0,pos1,0.0,45,non-restrictive,3,21
100.0,pos2,0.0,45,non-restrictive,3,21
100.0,pos3,0.0,45,non-restrictive,3,21
100.0,pos4,0.0,45,non-restrictive,3,21
100.0,subject,0.0,45,non-restrictive,3,21
150.0,pos1,0.0,45,non-restrictive,3,21
150.0,pos2,0.0,45,non-restrictive,3,21
150.0,pos3,0.0,45,non-restrictive,3,21
150.0,pos4,0.0,45,non-restrictive,3,21
150.0,subject,0.0,45,non-restrictive,3,21
200.0,pos1,0.0,45,non-restrictive,3,21
200.0,pos2,0.0,45,non-restrictive,3,21
200.0,pos3,0.0,45,non-restrictive,3,21
200.0,pos4,0.0,45,non-restrictive,3,21
200.0,subject,0.0,45,non-restrictive,3,21
250.0,pos1,0.0,45,non-restrictive,3,21
250.0,pos2,0.0,45,non-restrictive,3,21
250.0,pos3,0.0,45,non-restrictive,3,21
250.0,pos4,0.0,45,non-restrictive,3,21
250.0,subject,0.0,45,non-restrictive,3,21
300.0,pos1,0.0,45,non-restrictive,3,21
300.0,pos2,0.0,45,non-restrictive,3,21
300.0,pos3,0.0,45,non-restrictive,3,21
300.0,pos4,0.0,45,non-restrictive,3,21
300.0,subject,0.0,45,non-restrictive,3,21
0.0,pos1,0.0,46,restrictive,4,21
0.0,pos2,0.0,46,restrictive,4,21
0.0,pos3,0.0,46,restrictive,4,21
0.0,pos4,0.0,46,restrictive,4,21
0.0,subject,0.0,46,restrictive,4,21
50.0,pos1,0.0,46,restrictive,4,21
50.0,pos2,0.0,46,restrictive,4,21
50.0,pos3,0.0,46,restrictive,4,21
50.0,pos4,0.0,46,restrictive,4,21
50.0,subject,0.0,46,restrictive,4,21
100.0,pos1,0.0,46,restrictive,4,21
100.0,pos2,0.0,46,restrictive,4,21
100.0,pos3,0.0,46,restrictive,4,21
100.0,pos4,0.0,46,restrictive,4,21
100.0,subject,0.0,46,restrictive,4,21
150.0,pos1,0.0,46,restrictive,4,21
150.0,pos2,0.0,46,restrictive,4,21
150.0,pos3,0.1314,46,restrictive,4,21
150.0,pos4,0.0,46,restrictive,4,21
150.0,subject,0.0,46,restrictive,4,21
200.0,pos1,0.0,46,restrictive,4,21
200.0,pos2,0.0,46,restrictive,4,21
200.0,pos3,1.0,46,restrictive,4,21
200.0,pos4,0.0,46,restrictive,4,21
200.0,subject,0.0,46,restrictive,4,21
250.0,pos1,0.0,46,restrictive,4,21
250.0,pos2,0.0,46,restrictive,4,21
250.0,pos3,1.0,46,restrictive,4,21
250.0,pos4,0.0,46,restrictive,4,21
250.0,subject,0.0,46,restrictive,4,21
0.0,pos1,0.0,47,restrictive,2,21
0.0,pos2,0.0,47,restrictive,2,21
0.0,pos3,0.0,47,restrictive,2,21
0.0,pos4,0.0,47,restrictive,2,21
0.0,subject,1.0,47,restrictive,2,21
50.0,pos1,0.0,47,restrictive,2,21
50.0,pos2,0.0,47,restrictive,2,21
50.0,pos3,0.0,47,restrictive,2,21
50.0,pos4,0.0,47,restrictive,2,21
50.0,subject,1.0,47,restrictive,2,21
100.0,pos1,0.0,47,restrictive,2,21
100.0,pos2,0.0,47,restrictive,2,21
100.0,pos3,0.0,47,restrictive,2,21
100.0,pos4,0.0,47,restrictive,2,21
100.0,subject,1.0,47,restrictive,2,21
150.0,pos1,0.0,47,restrictive,2,21
150.0,pos2,0.0,47,restrictive,2,21
150.0,pos3,0.0,47,restrictive,2,21
150.0,pos4,0.0,47,restrictive,2,21
150.0,subject,0.8658,47,restrictive,2,21
200.0,pos1,0.0,47,restrictive,2,21
200.0,pos2,0.0,47,restrictive,2,21
200.0,pos3,0.0,47,restrictive,2,21
200.0,pos4,0.0,47,restrictive,2,21
200.0,subject,1.0,47,restrictive,2,21
250.0,pos1,0.0,47,restrictive,2,21
250.0,pos2,0.0,47,restrictive,2,21
250.0,pos3,0.0,47,restrictive,2,21
250.0,pos4,0.0,47,restrictive,2,21
250.0,subject,1.0,47,restrictive,2,21
0.0,pos1,0.0,48,non-restrictive,3,21
0.0,pos2,0.0,48,non-restrictive,3,21
0.0,pos3,0.0,48,non-restrictive,3,21
0.0,pos4,0.0,48,non-restrictive,3,21
0.0,subject,0.0,48,non-restrictive,3,21
50.0,pos1,0.0,48,non-restrictive,3,21
50.0,pos2,0.0,48,non-restrictive,3,21
50.0,pos3,0.0,48,non-restrictive,3,21
50.0,pos4,0.0,48,non-restrictive,3,21
50.0,subject,0.0,48,non-restrictive,3,21
100.0,pos1,0.0,48,non-restrictive,3,21
100.0,pos2,0.0,48,non-restrictive,3,21
100.0,pos3,0.0,48,non-restrictive,3,21
100.0,pos4,0.0,48,non-restrictive,3,21
100.0,subject,0.0,48,non-restrictive,3,21
150.0,pos1,0.0,48,non-restrictive,3,21
150.0,pos2,0.0,48,non-restrictive,3,21
150.0,pos3,0.0,48,non-restrictive,3,21
150.0,pos4,0.0,48,non-restrictive,3,21
150.0,subject,0.0,48,non-restrictive,3,21
200.0,pos1,0.0,48,non-restrictive,3,21
200.0,pos2,0.0,48,non-restrictive,3,21
200.0,pos3,0.0,48,non-restrictive,3,21
200.0,pos4,0.0,48,non-restrictive,3,21
200.0,subject,0.0,48,non-restrictive,3,21
250.0,pos1,0.0,48,non-restrictive,3,21
250.0,pos2,0.0,48,non-restrictive,3,21
250.0,pos3,0.0,48,non-restrictive,3,21
250.0,pos4,0.0,48,non-restrictive,3,21
250.0,subject,0.0,48,non-restrictive,3,21
300.0,pos1,0.0,48,non-restrictive,3,21
300.0,pos2,0.0,48,non-restrictive,3,21
300.0,pos3,0.0,48,non-restrictive,3,21
300.0,pos4,0.0,48,non-restrictive,3,21
300.0,subject,0.0,48,non-restrictive,3,21
0.0,pos1,0.0,49,non-restrictive,3,21
0.0,pos2,0.0,49,non-restrictive,3,21
0.0,pos3,0.0,49,non-restrictive,3,21
0.0,pos4,0.0,49,non-restrictive,3,21
0.0,subject,1.0,49,non-restrictive,3,21
50.0,pos1,0.0,49,non-restrictive,3,21
50.0,pos2,0.0,49,non-restrictive,3,21
50.0,pos3,0.0,49,non-restrictive,3,21
50.0,pos4,0.0,49,non-restrictive,3,21
50.0,subject,0.5558,49,non-restrictive,3,21
100.0,pos1,0.0,49,non-restrictive,3,21
100.0,pos2,0.0,49,non-restrictive,3,21
100.0,pos3,0.0,49,non-restrictive,3,21
100.0,pos4,0.0,49,non-restrictive,3,21
100.0,subject,0.0,49,non-restrictive,3,21
150.0,pos1,0.0,49,non-restrictive,3,21
150.0,pos2,0.0,49,non-restrictive,3,21
150.0,pos3,0.0,49,non-restrictive,3,21
150.0,pos4,0.0,49,non-restrictive,3,21
150.0,subject,0.0,49,non-restrictive,3,21
200.0,pos1,0.0,49,non-restrictive,3,21
200.0,pos2,0.0,49,non-restrictive,3,21
200.0,pos3,0.0,49,non-restrictive,3,21
200.0,pos4,0.0,49,non-restrictive,3,21
200.0,subject,0.0,49,non-restrictive,3,21
250.0,pos1,0.0,49,non-restrictive,3,21
250.0,pos2,0.0,49,non-restrictive,3,21
250.0,pos3,0.0,49,non-restrictive,3,21
250.0,pos4,0.0,49,non-restrictive,3,21
250.0,subject,0.0,49,non-restrictive,3,21
0.0,pos1,0.0,0,non-restrictive,4,7
0.0,pos2,0.0,0,non-restrictive,4,7
0.0,pos3,0.0,0,non-restrictive,4,7
0.0,pos4,0.0,0,non-restrictive,4,7
0.0,subject,0.863,0,non-restrictive,4,7
50.0,pos1,0.0,0,non-restrictive,4,7
50.0,pos2,0.0,0,non-restrictive,4,7
50.0,pos3,0.0,0,non-restrictive,4,7
50.0,pos4,0.0,0,non-restrictive,4,7
50.0,subject,1.0,0,non-restrictive,4,7
100.0,pos1,0.0,0,non-restrictive,4,7
100.0,pos2,0.0,0,non-restrictive,4,7
100.0,pos3,0.0,0,non-restrictive,4,7
100.0,pos4,0.0,0,non-restrictive,4,7
100.0,subject,1.0,0,non-restrictive,4,7
150.0,pos1,0.0,0,non-restrictive,4,7
150.0,pos2,0.0,0,non-restrictive,4,7
150.0,pos3,0.0,0,non-restrictive,4,7
150.0,pos4,0.0,0,non-restrictive,4,7
150.0,subject,1.0,0,non-restrictive,4,7
200.0,pos1,0.0,0,non-restrictive,4,7
200.0,pos2,0.0,0,non-restrictive,4,7
200.0,pos3,0.0,0,non-restrictive,4,7
200.0,pos4,0.0,0,non-restrictive,4,7
200.0,subject,0.9588,0,non-restrictive,4,7
250.0,pos1,0.0,0,non-restrictive,4,7
250.0,pos2,0.894091,0,non-restrictive,4,7
250.0,pos3,0.0,0,non-restrictive,4,7
250.0,pos4,0.0,0,non-restrictive,4,7
250.0,subject,0.0,0,non-restrictive,4,7
0.0,pos1,0.0,1,restrictive,1,7
0.0,pos2,0.0,1,restrictive,1,7
0.0,pos3,0.0,1,restrictive,1,7
0.0,pos4,0.0,1,restrictive,1,7
0.0,subject,0.0,1,restrictive,1,7
50.0,pos1,0.0,1,restrictive,1,7
50.0,pos2,0.0,1,restrictive,1,7
50.0,pos3,0.0,1,restrictive,1,7
50.0,pos4,0.0,1,restrictive,1,7
50.0,subject,0.0,1,restrictive,1,7
100.0,pos1,0.0,1,restrictive,1,7
100.0,pos2,0.0,1,restrictive,1,7
100.0,pos3,0.0,1,restrictive,1,7
100.0,pos4,0.0,1,restrictive,1,7
100.0,subject,0.0,1,restrictive,1,7
150.0,pos1,0.0,1,restrictive,1,7
150.0,pos2,0.0,1,restrictive,1,7
150.0,pos3,0.0,1,restrictive,1,7
150.0,pos4,0.0,1,restrictive,1,7
150.0,subject,0.0,1,restrictive,1,7
200.0,pos1,0.0,1,restrictive,1,7
200.0,pos2,0.0,1,restrictive,1,7
200.0,pos3,0.0,1,restrictive,1,7
200.0,pos4,0.0,1,restrictive,1,7
200.0,subject,0.0,1,restrictive,1,7
250.0,pos1,0.0,1,restrictive,1,7
250.0,pos2,0.0,1,restrictive,1,7
250.0,pos3,0.0,1,restrictive,1,7
250.0,pos4,0.0,1,restrictive,1,7
250.0,subject,0.0,1,restrictive,1,7
300.0,pos1,0.0,1,restrictive,1,7
300.0,pos2,0.0,1,restrictive,1,7
300.0,pos3,0.0,1,restrictive,1,7
300.0,pos4,0.0,1,restrictive,1,7
300.0,subject,0.0,1,restrictive,1,7
0.0,pos1,0.0,2,non-restrictive,4,7
0.0,pos2,0.0,2,non-restrictive,4,7
0.0,pos3,0.0,2,non-restrictive,4,7
0.0,pos4,0.0,2,non-restrictive,4,7
0.0,subject,1.0,2,non-restrictive,4,7
50.0,pos1,0.0,2,non-restrictive,4,7
50.0,pos2,0.0,2,non-restrictive,4,7
50.0,pos3,0.0,2,non-restrictive,4,7
50.0,pos4,0.0,2,non-restrictive,4,7
50.0,subject,1.0,2,non-restrictive,4,7
100.0,pos1,0.0,2,non-restrictive,4,7
100.0,pos2,0.0,2,non-restrictive,4,7
100.0,pos3,0.0,2,non-restrictive,4,7
100.0,pos4,0.0,2,non-restrictive,4,7
100.0,subject,1.0,2,non-restrictive,4,7
150.0,pos1,0.0,2,non-restrictive,4,7
150.0,pos2,0.0,2,non-restrictive,4,7
150.0,pos3,0.0,2,non-restrictive,4,7
150.0,pos4,0.0,2,non-restrictive,4,7
150.0,subject,1.0,2,non-restrictive,4,7
200.0,pos1,0.0,2,non-restrictive,4,7
200.0,pos2,0.0,2,non-restrictive,4,7
200.0,pos3,0.0,2,non-restrictive,4,7
200.0,pos4,0.0,2,non-restrictive,4,7
200.0,subject,1.0,2,non-restrictive,4,7
250.0,pos1,0.0,2,non-restrictive,4,7
250.0,pos2,0.0,2,non-restrictive,4,7
250.0,pos3,0.0,2,non-restrictive,4,7
250.0,pos4,0.0,2,non-restrictive,4,7
250.0,subject,1.0,2,non-restrictive,4,7
0.0,pos1,0.0,3,restrictive,3,7
0.0,pos2,0.0,3,restrictive,3,7
0.0,pos3,0.0,3,restrictive,3,7
0.0,pos4,0.0,3,restrictive,3,7
0.0,subject,1.0,3,restrictive,3,7
50.0,pos1,0.0,3,restrictive,3,7
50.0,pos2,0.0,3,restrictive,3,7
50.0,pos3,0.0,3,restrictive,3,7
50.0,pos4,0.0,3,restrictive,3,7
50.0,subject,1.0,3,restrictive,3,7
100.0,pos1,0.0,3,restrictive,3,7
100.0,pos2,0.0,3,restrictive,3,7
100.0,pos3,0.0,3,restrictive,3,7
100.0,pos4,0.0,3,restrictive,3,7
100.0,subject,1.0,3,restrictive,3,7
150.0,pos1,0.0,3,restrictive,3,7
150.0,pos2,0.0,3,restrictive,3,7
150.0,pos3,0.0,3,restrictive,3,7
150.0,pos4,0.0,3,restrictive,3,7
150.0,subject,0.8828,3,restrictive,3,7
200.0,pos1,0.0,3,restrictive,3,7
200.0,pos2,0.0,3,restrictive,3,7
200.0,pos3,0.0,3,restrictive,3,7
200.0,pos4,0.0,3,restrictive,3,7
200.0,subject,0.983,3,restrictive,3,7
250.0,pos1,0.0,3,restrictive,3,7
250.0,pos2,0.0,3,restrictive,3,7
250.0,pos3,0.0,3,restrictive,3,7
250.0,pos4,0.0,3,restrictive,3,7
250.0,subject,1.0,3,restrictive,3,7
300.0,pos1,0.0,3,restrictive,3,7
300.0,pos2,0.0,3,restrictive,3,7
300.0,pos3,0.0,3,restrictive,3,7
300.0,pos4,0.0,3,restrictive,3,7
300.0,subject,1.0,3,restrictive,3,7
0.0,pos1,0.0,4,non-restrictive,2,7
0.0,pos2,0.0,4,non-restrictive,2,7
0.0,pos3,0.0,4,non-restrictive,2,7
0.0,pos4,0.0,4,non-restrictive,2,7
0.0,subject,0.0,4,non-restrictive,2,7
50.0,pos1,0.0,4,non-restrictive,2,7
50.0,pos2,0.0,4,non-restrictive,2,7
50.0,pos3,0.0,4,non-restrictive,2,7
50.0,pos4,0.0,4,non-restrictive,2,7
50.0,subject,0.0,4,non-restrictive,2,7
100.0,pos1,0.0,4,non-restrictive,2,7
100.0,pos2,0.0,4,non-restrictive,2,7
100.0,pos3,0.0,4,non-restrictive,2,7
100.0,pos4,0.0,4,non-restrictive,2,7
100.0,subject,0.0,4,non-restrictive,2,7
150.0,pos1,0.0,4,non-restrictive,2,7
150.0,pos2,0.0,4,non-restrictive,2,7
150.0,pos3,0.0,4,non-restrictive,2,7
150.0,pos4,0.0,4,non-restrictive,2,7
150.0,subject,0.0,4,non-restrictive,2,7
200.0,pos1,0.0,4,non-restrictive,2,7
200.0,pos2,0.0,4,non-restrictive,2,7
200.0,pos3,0.0,4,non-restrictive,2,7
200.0,pos4,0.0,4,non-restrictive,2,7
200.0,subject,0.0,4,non-restrictive,2,7
250.0,pos1,0.0,4,non-restrictive,2,7
250.0,pos2,0.0,4,non-restrictive,2,7
250.0,pos3,0.0,4,non-restrictive,2,7
250.0,pos4,0.0,4,non-restrictive,2,7
250.0,subject,0.0,4,non-restrictive,2,7
0.0,pos1,0.0,5,restrictive,3,7
0.0,pos2,0.0,5,restrictive,3,7
0.0,pos3,0.0,5,restrictive,3,7
0.0,pos4,0.0,5,restrictive,3,7
0.0,subject,0.0,5,restrictive,3,7
50.0,pos1,0.0,5,restrictive,3,7
50.0,pos2,0.0,5,restrictive,3,7
50.0,pos3,0.0,5,restrictive,3,7
50.0,pos4,0.0,5,restrictive,3,7
50.0,subject,0.0,5,restrictive,3,7
100.0,pos1,0.0,5,restrictive,3,7
100.0,pos2,0.0,5,restrictive,3,7
100.0,pos3,0.0,5,restrictive,3,7
100.0,pos4,0.0,5,restrictive,3,7
100.0,subject,0.0,5,restrictive,3,7
150.0,pos1,0.0,5,restrictive,3,7
150.0,pos2,0.0,5,restrictive,3,7
150.0,pos3,0.0,5,restrictive,3,7
150.0,pos4,0.0,5,restrictive,3,7
150.0,subject,0.0,5,restrictive,3,7
200.0,pos1,0.0,5,restrictive,3,7
200.0,pos2,0.0,5,restrictive,3,7
200.0,pos3,0.0,5,restrictive,3,7
200.0,pos4,0.0,5,restrictive,3,7
200.0,subject,0.0,5,restrictive,3,7
250.0,pos1,0.0,5,restrictive,3,7
250.0,pos2,0.0,5,restrictive,3,7
250.0,pos3,0.0,5,restrictive,3,7
250.0,pos4,0.0,5,restrictive,3,7
250.0,subject,0.0,5,restrictive,3,7
0.0,pos1,0.0,6,restrictive,1,7
0.0,pos2,0.0,6,restrictive,1,7
0.0,pos3,0.0,6,restrictive,1,7
0.0,pos4,0.0,6,restrictive,1,7
0.0,subject,0.0,6,restrictive,1,7
50.0,pos1,0.0,6,restrictive,1,7
50.0,pos2,0.0,6,restrictive,1,7
50.0,pos3,0.0,6,restrictive,1,7
50.0,pos4,0.0,6,restrictive,1,7
50.0,subject,0.0,6,restrictive,1,7
100.0,pos1,0.0,6,restrictive,1,7
100.0,pos2,0.0,6,restrictive,1,7
100.0,pos3,0.0,6,restrictive,1,7
100.0,pos4,0.0,6,restrictive,1,7
100.0,subject,0.0,6,restrictive,1,7
150.0,pos1,0.0,6,restrictive,1,7
150.0,pos2,0.0,6,restrictive,1,7
150.0,pos3,0.0,6,restrictive,1,7
150.0,pos4,0.0,6,restrictive,1,7
150.0,subject,0.0,6,restrictive,1,7
200.0,pos1,0.0,6,restrictive,1,7
200.0,pos2,0.0,6,restrictive,1,7
200.0,pos3,0.0,6,restrictive,1,7
200.0,pos4,0.0,6,restrictive,1,7
200.0,subject,0.0,6,restrictive,1,7
250.0,pos1,0.0,6,restrictive,1,7
250.0,pos2,0.0,6,restrictive,1,7
250.0,pos3,0.0,6,restrictive,1,7
250.0,pos4,0.0,6,restrictive,1,7
250.0,subject,0.0,6,restrictive,1,7
0.0,pos1,0.0,7,non-restrictive,2,7
0.0,pos2,0.0,7,non-restrictive,2,7
0.0,pos3,0.0,7,non-restrictive,2,7
0.0,pos4,0.0,7,non-restrictive,2,7
0.0,subject,1.0,7,non-restrictive,2,7
50.0,pos1,0.0,7,non-restrictive,2,7
50.0,pos2,0.0,7,non-restrictive,2,7
50.0,pos3,0.0,7,non-restrictive,2,7
50.0,pos4,0.0,7,non-restrictive,2,7
50.0,subject,1.0,7,non-restrictive,2,7
100.0,pos1,0.0,7,non-restrictive,2,7
100.0,pos2,0.0,7,non-restrictive,2,7
100.0,pos3,0.0,7,non-restrictive,2,7
100.0,pos4,0.0,7,non-restrictive,2,7
100.0,subject,0.8658,7,non-restrictive,2,7
150.0,pos1,0.0,7,non-restrictive,2,7
150.0,pos2,0.0,7,non-restrictive,2,7
150.0,pos3,0.0,7,non-restrictive,2,7
150.0,pos4,0.0,7,non-restrictive,2,7
150.0,subject,1.0,7,non-restrictive,2,7
200.0,pos1,0.0,7,non-restrictive,2,7
200.0,pos2,0.0,7,non-restrictive,2,7
200.0,pos3,0.0,7,non-restrictive,2,7
200.0,pos4,0.0,7,non-restrictive,2,7
200.0,subject,1.0,7,non-restrictive,2,7
250.0,pos1,0.0,7,non-restrictive,2,7
250.0,pos2,0.0,7,non-restrictive,2,7
250.0,pos3,0.0,7,non-restrictive,2,7
250.0,pos4,0.0,7,non-restrictive,2,7
250.0,subject,0.708261,7,non-restrictive,2,7
0.0,pos1,0.0,8,restrictive,1,7
0.0,pos2,0.0,8,restrictive,1,7
0.0,pos3,0.0,8,restrictive,1,7
0.0,pos4,0.0,8,restrictive,1,7
0.0,subject,1.0,8,restrictive,1,7
50.0,pos1,0.0,8,restrictive,1,7
50.0,pos2,0.0,8,restrictive,1,7
50.0,pos3,0.0,8,restrictive,1,7
50.0,pos4,0.0,8,restrictive,1,7
50.0,subject,1.0,8,restrictive,1,7
100.0,pos1,0.0,8,restrictive,1,7
100.0,pos2,0.0,8,restrictive,1,7
100.0,pos3,0.0,8,restrictive,1,7
100.0,pos4,0.0,8,restrictive,1,7
100.0,subject,1.0,8,restrictive,1,7
150.0,pos1,0.0,8,restrictive,1,7
150.0,pos2,0.0,8,restrictive,1,7
150.0,pos3,0.0,8,restrictive,1,7
150.0,pos4,0.0,8,restrictive,1,7
150.0,subject,1.0,8,restrictive,1,7
200.0,pos1,0.0,8,restrictive,1,7
200.0,pos2,0.0,8,restrictive,1,7
200.0,pos3,0.0,8,restrictive,1,7
200.0,pos4,0.0,8,restrictive,1,7
200.0,subject,0.8658,8,restrictive,1,7
250.0,pos1,0.0,8,restrictive,1,7
250.0,pos2,0.0,8,restrictive,1,7
250.0,pos3,0.0,8,restrictive,1,7
250.0,pos4,0.0,8,restrictive,1,7
250.0,subject,1.0,8,restrictive,1,7
0.0,pos1,0.0,9,non-restrictive,4,7
0.0,pos2,0.0,9,non-restrictive,4,7
0.0,pos3,0.0,9,non-restrictive,4,7
0.0,pos4,0.0,9,non-restrictive,4,7
0.0,subject,0.8656,9,non-restrictive,4,7
50.0,pos1,0.0,9,non-restrictive,4,7
50.0,pos2,0.0,9,non-restrictive,4,7
50.0,pos3,0.0,9,non-restrictive,4,7
50.0,pos4,0.0,9,non-restrictive,4,7
50.0,subject,1.0,9,non-restrictive,4,7
100.0,pos1,0.0,9,non-restrictive,4,7
100.0,pos2,0.0,9,non-restrictive,4,7
100.0,pos3,0.0,9,non-restrictive,4,7
100.0,pos4,0.0,9,non-restrictive,4,7
100.0,subject,1.0,9,non-restrictive,4,7
150.0,pos1,0.0,9,non-restrictive,4,7
150.0,pos2,0.0,9,non-restrictive,4,7
150.0,pos3,0.0,9,non-restrictive,4,7
150.0,pos4,0.0,9,non-restrictive,4,7
150.0,subject,1.0,9,non-restrictive,4,7
200.0,pos1,0.0,9,non-restrictive,4,7
200.0,pos2,0.0,9,non-restrictive,4,7
200.0,pos3,0.0,9,non-restrictive,4,7
200.0,pos4,0.0,9,non-restrictive,4,7
200.0,subject,1.0,9,non-restrictive,4,7
250.0,pos1,0.0,9,non-restrictive,4,7
250.0,pos2,0.0,9,non-restrictive,4,7
250.0,pos3,0.0,9,non-restrictive,4,7
250.0,pos4,0.0,9,non-restrictive,4,7
250.0,subject,1.0,9,non-restrictive,4,7
0.0,pos1,0.0,10,non-restrictive,2,7
0.0,pos2,0.0,10,non-restrictive,2,7
0.0,pos3,0.0,10,non-restrictive,2,7
0.0,pos4,0.0,10,non-restrictive,2,7
0.0,subject,0.8632,10,non-restrictive,2,7
50.0,pos1,0.0,10,non-restrictive,2,7
50.0,pos2,0.0,10,non-restrictive,2,7
50.0,pos3,0.0,10,non-restrictive,2,7
50.0,pos4,0.0,10,non-restrictive,2,7
50.0,subject,1.0,10,non-restrictive,2,7
100.0,pos1,0.0,10,non-restrictive,2,7
100.0,pos2,0.0,10,non-restrictive,2,7
100.0,pos3,0.0,10,non-restrictive,2,7
100.0,pos4,0.0,10,non-restrictive,2,7
100.0,subject,1.0,10,non-restrictive,2,7
150.0,pos1,0.0,10,non-restrictive,2,7
150.0,pos2,0.0,10,non-restrictive,2,7
150.0,pos3,0.0,10,non-restrictive,2,7
150.0,pos4,0.0,10,non-restrictive,2,7
150.0,subject,1.0,10,non-restrictive,2,7
200.0,pos1,0.0,10,non-restrictive,2,7
200.0,pos2,0.0,10,non-restrictive,2,7
200.0,pos3,0.0,10,non-restrictive,2,7
200.0,pos4,0.0,10,non-restrictive,2,7
200.0,subject,1.0,10,non-restrictive,2,7
0.0,pos1,0.0,11,restrictive,3,7
0.0,pos2,0.0,11,restrictive,3,7
0.0,pos3,0.0,11,restrictive,3,7
0.0,pos4,0.0,11,restrictive,3,7
0.0,subject,0.0,11,restrictive,3,7
50.0,pos1,0.0,11,restrictive,3,7
50.0,pos2,0.0,11,restrictive,3,7
50.0,pos3,0.0,11,restrictive,3,7
50.0,pos4,0.0,11,restrictive,3,7
50.0,subject,0.0,11,restrictive,3,7
100.0,pos1,0.0,11,restrictive,3,7
100.0,pos2,0.0,11,restrictive,3,7
100.0,pos3,0.0,11,restrictive,3,7
100.0,pos4,0.0,11,restrictive,3,7
100.0,subject,0.0,11,restrictive,3,7
150.0,pos1,0.0,11,restrictive,3,7
150.0,pos2,0.0,11,restrictive,3,7
150.0,pos3,0.0,11,restrictive,3,7
150.0,pos4,0.0,11,restrictive,3,7
150.0,subject,0.0,11,restrictive,3,7
200.0,pos1,0.0,11,restrictive,3,7
200.0,pos2,0.0,11,restrictive,3,7
200.0,pos3,0.0,11,restrictive,3,7
200.0,pos4,0.0,11,restrictive,3,7
200.0,subject,0.0,11,restrictive,3,7
250.0,pos1,0.0,11,restrictive,3,7
250.0,pos2,0.0,11,restrictive,3,7
250.0,pos3,0.0,11,restrictive,3,7
250.0,pos4,0.0,11,restrictive,3,7
250.0,subject,0.0,11,restrictive,3,7
0.0,pos1,0.0,12,restrictive,3,7
0.0,pos2,0.0,12,restrictive,3,7
0.0,pos3,0.0,12,restrictive,3,7
0.0,pos4,0.0,12,restrictive,3,7
0.0,subject,0.0,12,restrictive,3,7
50.0,pos1,0.0,12,restrictive,3,7
50.0,pos2,0.0,12,restrictive,3,7
50.0,pos3,0.0,12,restrictive,3,7
50.0,pos4,0.0,12,restrictive,3,7
50.0,subject,0.0,12,restrictive,3,7
100.0,pos1,0.0,12,restrictive,3,7
100.0,pos2,0.0,12,restrictive,3,7
100.0,pos3,0.0,12,restrictive,3,7
100.0,pos4,0.0,12,restrictive,3,7
100.0,subject,0.0,12,restrictive,3,7
150.0,pos1,0.0,12,restrictive,3,7
150.0,pos2,0.0,12,restrictive,3,7
150.0,pos3,0.0,12,restrictive,3,7
150.0,pos4,0.0,12,restrictive,3,7
150.0,subject,0.0,12,restrictive,3,7
200.0,pos1,0.0,12,restrictive,3,7
200.0,pos2,0.0,12,restrictive,3,7
200.0,pos3,0.0,12,restrictive,3,7
200.0,pos4,0.0,12,restrictive,3,7
200.0,subject,0.0,12,restrictive,3,7
250.0,pos1,0.0,12,restrictive,3,7
250.0,pos2,0.0,12,restrictive,3,7
250.0,pos3,0.0,12,restrictive,3,7
250.0,pos4,0.0,12,restrictive,3,7
250.0,subject,0.1962,12,restrictive,3,7
300.0,pos1,0.0,12,restrictive,3,7
300.0,pos2,0.0,12,restrictive,3,7
300.0,pos3,0.0,12,restrictive,3,7
300.0,pos4,0.0,12,restrictive,3,7
300.0,subject,1.0,12,restrictive,3,7
350.0,pos1,0.0,12,restrictive,3,7
350.0,pos2,0.0,12,restrictive,3,7
350.0,pos3,0.0,12,restrictive,3,7
350.0,pos4,0.0,12,restrictive,3,7
350.0,subject,1.0,12,restrictive,3,7
0.0,pos1,0.0,13,restrictive,1,7
0.0,pos2,0.0,13,restrictive,1,7
0.0,pos3,0.0,13,restrictive,1,7
0.0,pos4,0.0,13,restrictive,1,7
0.0,subject,0.0,13,restrictive,1,7
50.0,pos1,0.0,13,restrictive,1,7
50.0,pos2,0.0,13,restrictive,1,7
50.0,pos3,0.0,13,restrictive,1,7
50.0,pos4,0.0,13,restrictive,1,7
50.0,subject,0.0,13,restrictive,1,7
100.0,pos1,0.0,13,restrictive,1,7
100.0,pos2,0.0,13,restrictive,1,7
100.0,pos3,0.0,13,restrictive,1,7
100.0,pos4,0.0,13,restrictive,1,7
100.0,subject,0.0,13,restrictive,1,7
150.0,pos1,0.0,13,restrictive,1,7
150.0,pos2,0.0,13,restrictive,1,7
150.0,pos3,0.0,13,restrictive,1,7
150.0,pos4,0.0,13,restrictive,1,7
150.0,subject,0.0,13,restrictive,1,7
200.0,pos1,0.0,13,restrictive,1,7
200.0,pos2,0.0,13,restrictive,1,7
200.0,pos3,0.0,13,restrictive,1,7
200.0,pos4,0.0,13,restrictive,1,7
200.0,subject,0.0,13,restrictive,1,7
250.0,pos1,0.0,13,restrictive,1,7
250.0,pos2,0.0,13,restrictive,1,7
250.0,pos3,0.0,13,restrictive,1,7
250.0,pos4,0.0,13,restrictive,1,7
250.0,subject,0.0,13,restrictive,1,7
0.0,pos1,0.0,14,non-restrictive,2,7
0.0,pos2,0.0,14,non-restrictive,2,7
0.0,pos3,0.0,14,non-restrictive,2,7
0.0,pos4,0.0,14,non-restrictive,2,7
0.0,subject,1.0,14,non-restrictive,2,7
50.0,pos1,0.0,14,non-restrictive,2,7
50.0,pos2,0.0,14,non-restrictive,2,7
50.0,pos3,0.0,14,non-restrictive,2,7
50.0,pos4,0.0,14,non-restrictive,2,7
50.0,subject,1.0,14,non-restrictive,2,7
100.0,pos1,0.0,14,non-restrictive,2,7
100.0,pos2,0.0,14,non-restrictive,2,7
100.0,pos3,0.0,14,non-restrictive,2,7
100.0,pos4,0.0,14,non-restrictive,2,7
100.0,subject,1.0,14,non-restrictive,2,7
150.0,pos1,0.0,14,non-restrictive,2,7
150.0,pos2,0.0,14,non-restrictive,2,7
150.0,pos3,0.0,14,non-restrictive,2,7
150.0,pos4,0.0,14,non-restrictive,2,7
150.0,subject,1.0,14,non-restrictive,2,7
200.0,pos1,0.0,14,non-restrictive,2,7
200.0,pos2,0.0,14,non-restrictive,2,7
200.0,pos3,0.0,14,non-restrictive,2,7
200.0,pos4,0.0,14,non-restrictive,2,7
200.0,subject,1.0,14,non-restrictive,2,7
250.0,pos1,0.0,14,non-restrictive,2,7
250.0,pos2,0.0,14,non-restrictive,2,7
250.0,pos3,0.0,14,non-restrictive,2,7
250.0,pos4,0.0,14,non-restrictive,2,7
250.0,subject,0.847273,14,non-restrictive,2,7
0.0,pos1,0.0,15,non-restrictive,4,7
0.0,pos2,0.0,15,non-restrictive,4,7
0.0,pos3,0.0,15,non-restrictive,4,7
0.0,pos4,0.0,15,non-restrictive,4,7
0.0,subject,1.0,15,non-restrictive,4,7
50.0,pos1,0.0,15,non-restrictive,4,7
50.0,pos2,0.0,15,non-restrictive,4,7
50.0,pos3,0.0,15,non-restrictive,4,7
50.0,pos4,0.0,15,non-restrictive,4,7
50.0,subject,1.0,15,non-restrictive,4,7
100.0,pos1,0.0,15,non-restrictive,4,7
100.0,pos2,0.0,15,non-restrictive,4,7
100.0,pos3,0.0,15,non-restrictive,4,7
100.0,pos4,0.0,15,non-restrictive,4,7
100.0,subject,1.0,15,non-restrictive,4,7
150.0,pos1,0.0,15,non-restrictive,4,7
150.0,pos2,0.0,15,non-restrictive,4,7
150.0,pos3,0.0,15,non-restrictive,4,7
150.0,pos4,0.0,15,non-restrictive,4,7
150.0,subject,1.0,15,non-restrictive,4,7
200.0,pos1,0.0,15,non-restrictive,4,7
200.0,pos2,0.0,15,non-restrictive,4,7
200.0,pos3,0.0,15,non-restrictive,4,7
200.0,pos4,0.0,15,non-restrictive,4,7
200.0,subject,1.0,15,non-restrictive,4,7
250.0,pos1,0.0,15,non-restrictive,4,7
250.0,pos2,0.0,15,non-restrictive,4,7
250.0,pos3,0.0,15,non-restrictive,4,7
250.0,pos4,0.0,15,non-restrictive,4,7
250.0,subject,0.956522,15,non-restrictive,4,7
0.0,pos1,0.0,16,restrictive,1,7
0.0,pos2,0.0,16,restrictive,1,7
0.0,pos3,0.0,16,restrictive,1,7
0.0,pos4,0.0,16,restrictive,1,7
0.0,subject,0.0,16,restrictive,1,7
50.0,pos1,0.0,16,restrictive,1,7
50.0,pos2,0.0,16,restrictive,1,7
50.0,pos3,0.0,16,restrictive,1,7
50.0,pos4,0.0,16,restrictive,1,7
50.0,subject,0.0,16,restrictive,1,7
100.0,pos1,0.0,16,restrictive,1,7
100.0,pos2,0.0,16,restrictive,1,7
100.0,pos3,0.0,16,restrictive,1,7
100.0,pos4,0.0,16,restrictive,1,7
100.0,subject,0.0,16,restrictive,1,7
150.0,pos1,0.0,16,restrictive,1,7
150.0,pos2,0.0,16,restrictive,1,7
150.0,pos3,0.0,16,restrictive,1,7
150.0,pos4,0.0,16,restrictive,1,7
150.0,subject,0.6108,16,restrictive,1,7
200.0,pos1,0.0,16,restrictive,1,7
200.0,pos2,0.0,16,restrictive,1,7
200.0,pos3,0.0,16,restrictive,1,7
200.0,pos4,0.0,16,restrictive,1,7
200.0,subject,1.0,16,restrictive,1,7
250.0,pos1,0.0,16,restrictive,1,7
250.0,pos2,0.0,16,restrictive,1,7
250.0,pos3,0.0,16,restrictive,1,7
250.0,pos4,0.0,16,restrictive,1,7
250.0,subject,0.8682,16,restrictive,1,7
300.0,pos1,0.0,16,restrictive,1,7
300.0,pos2,0.0,16,restrictive,1,7
300.0,pos3,0.0,16,restrictive,1,7
300.0,pos4,0.0,16,restrictive,1,7
300.0,subject,1.0,16,restrictive,1,7
0.0,pos1,0.0,17,restrictive,1,7
0.0,pos2,0.0,17,restrictive,1,7
0.0,pos3,0.0,17,restrictive,1,7
0.0,pos4,0.0,17,restrictive,1,7
0.0,subject,1.0,17,restrictive,1,7
50.0,pos1,0.0,17,restrictive,1,7
50.0,pos2,0.0,17,restrictive,1,7
50.0,pos3,0.0,17,restrictive,1,7
50.0,pos4,0.0,17,restrictive,1,7
50.0,subject,1.0,17,restrictive,1,7
100.0,pos1,0.0,17,restrictive,1,7
100.0,pos2,0.0,17,restrictive,1,7
100.0,pos3,0.0,17,restrictive,1,7
100.0,pos4,0.0,17,restrictive,1,7
100.0,subject,1.0,17,restrictive,1,7
150.0,pos1,0.0,17,restrictive,1,7
150.0,pos2,0.0,17,restrictive,1,7
150.0,pos3,0.0,17,restrictive,1,7
150.0,pos4,0.0,17,restrictive,1,7
150.0,subject,1.0,17,restrictive,1,7
200.0,pos1,0.0,17,restrictive,1,7
200.0,pos2,0.0,17,restrictive,1,7
200.0,pos3,0.0,17,restrictive,1,7
200.0,pos4,0.0,17,restrictive,1,7
200.0,subject,1.0,17,restrictive,1,7
250.0,pos1,0.0,17,restrictive,1,7
250.0,pos2,0.0,17,restrictive,1,7
250.0,pos3,0.0,17,restrictive,1,7
250.0,pos4,0.0,17,restrictive,1,7
250.0,subject,1.0,17,restrictive,1,7
300.0,pos1,0.0,17,restrictive,1,7
300.0,pos2,0.0,17,restrictive,1,7
300.0,pos3,0.0,17,restrictive,1,7
300.0,pos4,0.0,17,restrictive,1,7
300.0,subject,1.0,17,restrictive,1,7
0.0,pos1,0.0,18,non-restrictive,2,7
0.0,pos2,0.0,18,non-restrictive,2,7
0.0,pos3,0.0,18,non-restrictive,2,7
0.0,pos4,0.0,18,non-restrictive,2,7
0.0,subject,1.0,18,non-restrictive,2,7
50.0,pos1,0.0,18,non-restrictive,2,7
50.0,pos2,0.0,18,non-restrictive,2,7
50.0,pos3,0.0,18,non-restrictive,2,7
50.0,pos4,0.0,18,non-restrictive,2,7
50.0,subject,1.0,18,non-restrictive,2,7
100.0,pos1,0.0,18,non-restrictive,2,7
100.0,pos2,0.0,18,non-restrictive,2,7
100.0,pos3,0.0,18,non-restrictive,2,7
100.0,pos4,0.0,18,non-restrictive,2,7
100.0,subject,1.0,18,non-restrictive,2,7
150.0,pos1,0.0,18,non-restrictive,2,7
150.0,pos2,0.0,18,non-restrictive,2,7
150.0,pos3,0.0,18,non-restrictive,2,7
150.0,pos4,0.0,18,non-restrictive,2,7
150.0,subject,1.0,18,non-restrictive,2,7
200.0,pos1,0.0,18,non-restrictive,2,7
200.0,pos2,0.0,18,non-restrictive,2,7
200.0,pos3,0.0,18,non-restrictive,2,7
200.0,pos4,0.0,18,non-restrictive,2,7
200.0,subject,1.0,18,non-restrictive,2,7
250.0,pos1,0.0,18,non-restrictive,2,7
250.0,pos2,0.0,18,non-restrictive,2,7
250.0,pos3,0.0,18,non-restrictive,2,7
250.0,pos4,0.0,18,non-restrictive,2,7
250.0,subject,1.0,18,non-restrictive,2,7
300.0,pos1,0.0,18,non-restrictive,2,7
300.0,pos2,0.0,18,non-restrictive,2,7
300.0,pos3,0.0,18,non-restrictive,2,7
300.0,pos4,0.0,18,non-restrictive,2,7
300.0,subject,0.6848,18,non-restrictive,2,7
350.0,pos1,0.0,18,non-restrictive,2,7
350.0,pos2,0.0,18,non-restrictive,2,7
350.0,pos3,0.0,18,non-restrictive,2,7
350.0,pos4,0.0,18,non-restrictive,2,7
350.0,subject,0.0,18,non-restrictive,2,7
0.0,pos1,0.0,19,restrictive,3,7
0.0,pos2,0.0,19,restrictive,3,7
0.0,pos3,0.0,19,restrictive,3,7
0.0,pos4,0.0,19,restrictive,3,7
0.0,subject,0.0,19,restrictive,3,7
50.0,pos1,0.0,19,restrictive,3,7
50.0,pos2,0.0,19,restrictive,3,7
50.0,pos3,0.0,19,restrictive,3,7
50.0,pos4,0.0,19,restrictive,3,7
50.0,subject,0.0,19,restrictive,3,7
100.0,pos1,0.0,19,restrictive,3,7
100.0,pos2,0.0,19,restrictive,3,7
100.0,pos3,0.0,19,restrictive,3,7
100.0,pos4,0.0,19,restrictive,3,7
100.0,subject,0.0,19,restrictive,3,7
150.0,pos1,0.0,19,restrictive,3,7
150.0,pos2,0.0,19,restrictive,3,7
150.0,pos3,0.0,19,restrictive,3,7
150.0,pos4,0.0,19,restrictive,3,7
150.0,subject,0.0,19,restrictive,3,7
200.0,pos1,0.0,19,restrictive,3,7
200.0,pos2,0.0,19,restrictive,3,7
200.0,pos3,0.0,19,restrictive,3,7
200.0,pos4,0.0,19,restrictive,3,7
200.0,subject,0.0,19,restrictive,3,7
250.0,pos1,0.0,19,restrictive,3,7
250.0,pos2,0.0,19,restrictive,3,7
250.0,pos3,0.0,19,restrictive,3,7
250.0,pos4,0.0,19,restrictive,3,7
250.0,subject,0.0,19,restrictive,3,7
0.0,pos1,0.0,20,restrictive,1,7
0.0,pos2,0.0,20,restrictive,1,7
0.0,pos3,0.0,20,restrictive,1,7
0.0,pos4,0.0,20,restrictive,1,7
0.0,subject,1.0,20,restrictive,1,7
50.0,pos1,0.0,20,restrictive,1,7
50.0,pos2,0.0,20,restrictive,1,7
50.0,pos3,0.0,20,restrictive,1,7
50.0,pos4,0.0,20,restrictive,1,7
50.0,subject,1.0,20,restrictive,1,7
100.0,pos1,0.0,20,restrictive,1,7
100.0,pos2,0.0,20,restrictive,1,7
100.0,pos3,0.0,20,restrictive,1,7
100.0,pos4,0.0,20,restrictive,1,7
100.0,subject,1.0,20,restrictive,1,7
150.0,pos1,0.0,20,restrictive,1,7
150.0,pos2,0.0,20,restrictive,1,7
150.0,pos3,0.0,20,restrictive,1,7
150.0,pos4,0.0,20,restrictive,1,7
150.0,subject,1.0,20,restrictive,1,7
200.0,pos1,0.0,20,restrictive,1,7
200.0,pos2,0.0,20,restrictive,1,7
200.0,pos3,0.0,20,restrictive,1,7
200.0,pos4,0.0,20,restrictive,1,7
200.0,subject,1.0,20,restrictive,1,7
250.0,pos1,0.0,20,restrictive,1,7
250.0,pos2,0.0,20,restrictive,1,7
250.0,pos3,0.0,20,restrictive,1,7
250.0,pos4,0.0,20,restrictive,1,7
250.0,subject,1.0,20,restrictive,1,7
0.0,pos1,0.0,21,non-restrictive,4,7
0.0,pos2,0.0,21,non-restrictive,4,7
0.0,pos3,0.0,21,non-restrictive,4,7
0.0,pos4,0.0,21,non-restrictive,4,7
0.0,subject,1.0,21,non-restrictive,4,7
50.0,pos1,0.0,21,non-restrictive,4,7
50.0,pos2,0.0,21,non-restrictive,4,7
50.0,pos3,0.0,21,non-restrictive,4,7
50.0,pos4,0.0,21,non-restrictive,4,7
50.0,subject,0.8682,21,non-restrictive,4,7
100.0,pos1,0.0,21,non-restrictive,4,7
100.0,pos2,0.0,21,non-restrictive,4,7
100.0,pos3,0.0,21,non-restrictive,4,7
100.0,pos4,0.0,21,non-restrictive,4,7
100.0,subject,1.0,21,non-restrictive,4,7
150.0,pos1,0.0,21,non-restrictive,4,7
150.0,pos2,0.0,21,non-restrictive,4,7
150.0,pos3,0.0,21,non-restrictive,4,7
150.0,pos4,0.0,21,non-restrictive,4,7
150.0,subject,1.0,21,non-restrictive,4,7
200.0,pos1,0.0,21,non-restrictive,4,7
200.0,pos2,0.0,21,non-restrictive,4,7
200.0,pos3,0.0,21,non-restrictive,4,7
200.0,pos4,0.0,21,non-restrictive,4,7
200.0,subject,0.9784,21,non-restrictive,4,7
250.0,pos1,0.0,21,non-restrictive,4,7
250.0,pos2,0.0,21,non-restrictive,4,7
250.0,pos3,0.0,21,non-restrictive,4,7
250.0,pos4,0.0,21,non-restrictive,4,7
250.0,subject,0.869318,21,non-restrictive,4,7
0.0,pos1,0.0,22,restrictive,3,7
0.0,pos2,0.0,22,restrictive,3,7
0.0,pos3,0.0,22,restrictive,3,7
0.0,pos4,0.0,22,restrictive,3,7
0.0,subject,1.0,22,restrictive,3,7
50.0,pos1,0.0,22,restrictive,3,7
50.0,pos2,0.0,22,restrictive,3,7
50.0,pos3,0.0,22,restrictive,3,7
50.0,pos4,0.0,22,restrictive,3,7
50.0,subject,1.0,22,restrictive,3,7
100.0,pos1,0.0,22,restrictive,3,7
100.0,pos2,0.0,22,restrictive,3,7
100.0,pos3,0.0,22,restrictive,3,7
100.0,pos4,0.0,22,restrictive,3,7
100.0,subject,1.0,22,restrictive,3,7
150.0,pos1,0.0,22,restrictive,3,7
150.0,pos2,0.0,22,restrictive,3,7
150.0,pos3,0.0,22,restrictive,3,7
150.0,pos4,0.0,22,restrictive,3,7
150.0,subject,1.0,22,restrictive,3,7
200.0,pos1,0.0,22,restrictive,3,7
200.0,pos2,0.0,22,restrictive,3,7
200.0,pos3,0.0,22,restrictive,3,7
200.0,pos4,0.0,22,restrictive,3,7
200.0,subject,1.0,22,restrictive,3,7
250.0,pos1,0.0,22,restrictive,3,7
250.0,pos2,0.0,22,restrictive,3,7
250.0,pos3,0.0,22,restrictive,3,7
250.0,pos4,0.0,22,restrictive,3,7
250.0,subject,1.0,22,restrictive,3,7
0.0,pos1,0.0,23,non-restrictive,4,7
0.0,pos2,0.0,23,non-restrictive,4,7
0.0,pos3,0.0,23,non-restrictive,4,7
0.0,pos4,0.0,23,non-restrictive,4,7
0.0,subject,1.0,23,non-restrictive,4,7
50.0,pos1,0.0,23,non-restrictive,4,7
50.0,pos2,0.0,23,non-restrictive,4,7
50.0,pos3,0.0,23,non-restrictive,4,7
50.0,pos4,0.0,23,non-restrictive,4,7
50.0,subject,1.0,23,non-restrictive,4,7
100.0,pos1,0.0,23,non-restrictive,4,7
100.0,pos2,0.0,23,non-restrictive,4,7
100.0,pos3,0.0,23,non-restrictive,4,7
100.0,pos4,0.0,23,non-restrictive,4,7
100.0,subject,1.0,23,non-restrictive,4,7
150.0,pos1,0.0,23,non-restrictive,4,7
150.0,pos2,0.0,23,non-restrictive,4,7
150.0,pos3,0.0,23,non-restrictive,4,7
150.0,pos4,0.0,23,non-restrictive,4,7
150.0,subject,1.0,23,non-restrictive,4,7
200.0,pos1,0.0,23,non-restrictive,4,7
200.0,pos2,0.0,23,non-restrictive,4,7
200.0,pos3,0.0,23,non-restrictive,4,7
200.0,pos4,0.0,23,non-restrictive,4,7
200.0,subject,1.0,23,non-restrictive,4,7
250.0,pos1,0.0,23,non-restrictive,4,7
250.0,pos2,0.0,23,non-restrictive,4,7
250.0,pos3,0.0,23,non-restrictive,4,7
250.0,pos4,0.0,23,non-restrictive,4,7
250.0,subject,1.0,23,non-restrictive,4,7
0.0,pos1,0.0,24,restrictive,1,7
0.0,pos2,0.0,24,restrictive,1,7
0.0,pos3,0.0,24,restrictive,1,7
0.0,pos4,0.0,24,restrictive,1,7
0.0,subject,1.0,24,restrictive,1,7
50.0,pos1,0.0,24,restrictive,1,7
50.0,pos2,0.0,24,restrictive,1,7
50.0,pos3,0.0,24,restrictive,1,7
50.0,pos4,0.0,24,restrictive,1,7
50.0,subject,1.0,24,restrictive,1,7
100.0,pos1,0.0,24,restrictive,1,7
100.0,pos2,0.0,24,restrictive,1,7
100.0,pos3,0.0,24,restrictive,1,7
100.0,pos4,0.0,24,restrictive,1,7
100.0,subject,1.0,24,restrictive,1,7
150.0,pos1,0.0,24,restrictive,1,7
150.0,pos2,0.0,24,restrictive,1,7
150.0,pos3,0.0,24,restrictive,1,7
150.0,pos4,0.0,24,restrictive,1,7
150.0,subject,0.8634,24,restrictive,1,7
200.0,pos1,0.0,24,restrictive,1,7
200.0,pos2,0.0,24,restrictive,1,7
200.0,pos3,0.0,24,restrictive,1,7
200.0,pos4,0.0,24,restrictive,1,7
200.0,subject,1.0,24,restrictive,1,7
0.0,pos1,0.0,25,restrictive,3,7
0.0,pos2,0.0,25,restrictive,3,7
0.0,pos3,0.0,25,restrictive,3,7
0.0,pos4,0.0,25,restrictive,3,7
0.0,subject,0.0,25,restrictive,3,7
50.0,pos1,0.0,25,restrictive,3,7
50.0,pos2,0.0,25,restrictive,3,7
50.0,pos3,0.0,25,restrictive,3,7
50.0,pos4,0.0,25,restrictive,3,7
50.0,subject,0.0,25,restrictive,3,7
100.0,pos1,0.0,25,restrictive,3,7
100.0,pos2,0.0,25,restrictive,3,7
100.0,pos3,0.0,25,restrictive,3,7
100.0,pos4,0.0,25,restrictive,3,7
100.0,subject,0.0,25,restrictive,3,7
150.0,pos1,0.0,25,restrictive,3,7
150.0,pos2,0.0,25,restrictive,3,7
150.0,pos3,0.0,25,restrictive,3,7
150.0,pos4,0.0,25,restrictive,3,7
150.0,subject,0.0,25,restrictive,3,7
200.0,pos1,0.0,25,restrictive,3,7
200.0,pos2,0.0,25,restrictive,3,7
200.0,pos3,0.0,25,restrictive,3,7
200.0,pos4,0.0,25,restrictive,3,7
200.0,subject,0.0,25,restrictive,3,7
250.0,pos1,0.0,25,restrictive,3,7
250.0,pos2,0.0,25,restrictive,3,7
250.0,pos3,0.0,25,restrictive,3,7
250.0,pos4,0.0,25,restrictive,3,7
250.0,subject,0.0,25,restrictive,3,7
0.0,pos1,0.0,26,non-restrictive,2,7
0.0,pos2,0.0,26,non-restrictive,2,7
0.0,pos3,0.0,26,non-restrictive,2,7
0.0,pos4,0.0,26,non-restrictive,2,7
0.0,subject,0.9812,26,non-restrictive,2,7
50.0,pos1,0.0,26,non-restrictive,2,7
50.0,pos2,0.0,26,non-restrictive,2,7
50.0,pos3,0.0,26,non-restrictive,2,7
50.0,pos4,0.0,26,non-restrictive,2,7
50.0,subject,1.0,26,non-restrictive,2,7
100.0,pos1,0.0,26,non-restrictive,2,7
100.0,pos2,0.0,26,non-restrictive,2,7
100.0,pos3,0.0,26,non-restrictive,2,7
100.0,pos4,0.0,26,non-restrictive,2,7
100.0,subject,1.0,26,non-restrictive,2,7
150.0,pos1,0.0,26,non-restrictive,2,7
150.0,pos2,0.0,26,non-restrictive,2,7
150.0,pos3,0.0,26,non-restrictive,2,7
150.0,pos4,0.0,26,non-restrictive,2,7
150.0,subject,1.0,26,non-restrictive,2,7
200.0,pos1,0.0,26,non-restrictive,2,7
200.0,pos2,0.0,26,non-restrictive,2,7
200.0,pos3,0.0,26,non-restrictive,2,7
200.0,pos4,0.0,26,non-restrictive,2,7
200.0,subject,1.0,26,non-restrictive,2,7
250.0,pos1,0.0,26,non-restrictive,2,7
250.0,pos2,0.0,26,non-restrictive,2,7
250.0,pos3,0.0,26,non-restrictive,2,7
250.0,pos4,0.0,26,non-restrictive,2,7
250.0,subject,0.847273,26,non-restrictive,2,7
0.0,pos1,0.0,27,restrictive,1,7
0.0,pos2,0.0,27,restrictive,1,7
0.0,pos3,0.0,27,restrictive,1,7
0.0,pos4,0.0,27,restrictive,1,7
0.0,subject,1.0,27,restrictive,1,7
50.0,pos1,0.0,27,restrictive,1,7
50.0,pos2,0.0,27,restrictive,1,7
50.0,pos3,0.0,27,restrictive,1,7
50.0,pos4,0.0,27,restrictive,1,7
50.0,subject,0.897,27,restrictive,1,7
100.0,pos1,0.0,27,restrictive,1,7
100.0,pos2,0.0,27,restrictive,1,7
100.0,pos3,0.0,27,restrictive,1,7
100.0,pos4,0.0,27,restrictive,1,7
100.0,subject,0.9616,27,restrictive,1,7
150.0,pos1,0.0,27,restrictive,1,7
150.0,pos2,0.0,27,restrictive,1,7
150.0,pos3,0.0,27,restrictive,1,7
150.0,pos4,0.0,27,restrictive,1,7
150.0,subject,1.0,27,restrictive,1,7
200.0,pos1,0.0,27,restrictive,1,7
200.0,pos2,0.0,27,restrictive,1,7
200.0,pos3,0.0,27,restrictive,1,7
200.0,pos4,0.0,27,restrictive,1,7
200.0,subject,1.0,27,restrictive,1,7
250.0,pos1,0.0,27,restrictive,1,7
250.0,pos2,0.0,27,restrictive,1,7
250.0,pos3,0.0,27,restrictive,1,7
250.0,pos4,0.0,27,restrictive,1,7
250.0,subject,1.0,27,restrictive,1,7
0.0,pos1,0.0,28,non-restrictive,2,7
0.0,pos2,0.0,28,non-restrictive,2,7
0.0,pos3,0.0,28,non-restrictive,2,7
0.0,pos4,0.0,28,non-restrictive,2,7
0.0,subject,0.5896,28,non-restrictive,2,7
50.0,pos1,0.0,28,non-restrictive,2,7
50.0,pos2,0.0,28,non-restrictive,2,7
50.0,pos3,0.0,28,non-restrictive,2,7
50.0,pos4,0.0,28,non-restrictive,2,7
50.0,subject,1.0,28,non-restrictive,2,7
100.0,pos1,0.0,28,non-restrictive,2,7
100.0,pos2,0.0,28,non-restrictive,2,7
100.0,pos3,0.0,28,non-restrictive,2,7
100.0,pos4,0.0,28,non-restrictive,2,7
100.0,subject,1.0,28,non-restrictive,2,7
150.0,pos1,0.0,28,non-restrictive,2,7
150.0,pos2,0.0,28,non-restrictive,2,7
150.0,pos3,0.0,28,non-restrictive,2,7
150.0,pos4,0.0,28,non-restrictive,2,7
150.0,subject,1.0,28,non-restrictive,2,7
200.0,pos1,0.0,28,non-restrictive,2,7
200.0,pos2,0.0,28,non-restrictive,2,7
200.0,pos3,0.0,28,non-restrictive,2,7
200.0,pos4,0.0,28,non-restrictive,2,7
200.0,subject,0.8294,28,non-restrictive,2,7
250.0,pos1,0.0,28,non-restrictive,2,7
250.0,pos2,0.0,28,non-restrictive,2,7
250.0,pos3,0.0,28,non-restrictive,2,7
250.0,pos4,0.0,28,non-restrictive,2,7
250.0,subject,0.0,28,non-restrictive,2,7
300.0,pos1,0.0,28,non-restrictive,2,7
300.0,pos2,0.0,28,non-restrictive,2,7
300.0,pos3,0.0,28,non-restrictive,2,7
300.0,pos4,0.0,28,non-restrictive,2,7
300.0,subject,0.0,28,non-restrictive,2,7
350.0,pos1,0.0,28,non-restrictive,2,7
350.0,pos2,0.0,28,non-restrictive,2,7
350.0,pos3,0.0,28,non-restrictive,2,7
350.0,pos4,0.0,28,non-restrictive,2,7
350.0,subject,0.0,28,non-restrictive,2,7
0.0,pos1,0.0,29,non-restrictive,4,7
0.0,pos2,0.0,29,non-restrictive,4,7
0.0,pos3,0.0,29,non-restrictive,4,7
0.0,pos4,0.0,29,non-restrictive,4,7
0.0,subject,0.8656,29,non-restrictive,4,7
50.0,pos1,0.0,29,non-restrictive,4,7
50.0,pos2,0.0,29,non-restrictive,4,7
50.0,pos3,0.0,29,non-restrictive,4,7
50.0,pos4,0.0,29,non-restrictive,4,7
50.0,subject,1.0,29,non-restrictive,4,7
100.0,pos1,0.0,29,non-restrictive,4,7
100.0,pos2,0.0,29,non-restrictive,4,7
100.0,pos3,0.0,29,non-restrictive,4,7
100.0,pos4,0.0,29,non-restrictive,4,7
100.0,subject,0.8318,29,non-restrictive,4,7
150.0,pos1,0.0,29,non-restrictive,4,7
150.0,pos2,0.0,29,non-restrictive,4,7
150.0,pos3,0.0,29,non-restrictive,4,7
150.0,pos4,0.0,29,non-restrictive,4,7
150.0,subject,0.0,29,non-restrictive,4,7
200.0,pos1,0.0,29,non-restrictive,4,7
200.0,pos2,0.0,29,non-restrictive,4,7
200.0,pos3,0.0,29,non-restrictive,4,7
200.0,pos4,0.0,29,non-restrictive,4,7
200.0,subject,0.0,29,non-restrictive,4,7
250.0,pos1,0.0,29,non-restrictive,4,7
250.0,pos2,0.0,29,non-restrictive,4,7
250.0,pos3,0.0,29,non-restrictive,4,7
250.0,pos4,0.0,29,non-restrictive,4,7
250.0,subject,0.0,29,non-restrictive,4,7
300.0,pos1,0.0,29,non-restrictive,4,7
300.0,pos2,0.0,29,non-restrictive,4,7
300.0,pos3,0.0,29,non-restrictive,4,7
300.0,pos4,0.0,29,non-restrictive,4,7
300.0,subject,0.0,29,non-restrictive,4,7
0.0,pos1,0.0,30,restrictive,1,7
0.0,pos2,0.0,30,restrictive,1,7
0.0,pos3,0.0,30,restrictive,1,7
0.0,pos4,0.0,30,restrictive,1,7
0.0,subject,0.0,30,restrictive,1,7
50.0,pos1,0.0,30,restrictive,1,7
50.0,pos2,0.0,30,restrictive,1,7
50.0,pos3,0.0,30,restrictive,1,7
50.0,pos4,0.0,30,restrictive,1,7
50.0,subject,0.0,30,restrictive,1,7
100.0,pos1,0.0,30,restrictive,1,7
100.0,pos2,0.0,30,restrictive,1,7
100.0,pos3,0.0,30,restrictive,1,7
100.0,pos4,0.0,30,restrictive,1,7
100.0,subject,0.0,30,restrictive,1,7
150.0,pos1,0.0,30,restrictive,1,7
150.0,pos2,0.0,30,restrictive,1,7
150.0,pos3,0.0,30,restrictive,1,7
150.0,pos4,0.0,30,restrictive,1,7
150.0,subject,0.0,30,restrictive,1,7
200.0,pos1,0.0,30,restrictive,1,7
200.0,pos2,0.0,30,restrictive,1,7
200.0,pos3,0.0,30,restrictive,1,7
200.0,pos4,0.0,30,restrictive,1,7
200.0,subject,0.0,30,restrictive,1,7
250.0,pos1,0.0,30,restrictive,1,7
250.0,pos2,0.0,30,restrictive,1,7
250.0,pos3,0.0,30,restrictive,1,7
250.0,pos4,0.0,30,restrictive,1,7
250.0,subject,0.0,30,restrictive,1,7
0.0,pos1,0.0,31,non-restrictive,2,7
0.0,pos2,0.0,31,non-restrictive,2,7
0.0,pos3,0.0,31,non-restrictive,2,7
0.0,pos4,0.0,31,non-restrictive,2,7
0.0,subject,1.0,31,non-restrictive,2,7
50.0,pos1,0.0,31,non-restrictive,2,7
50.0,pos2,0.0,31,non-restrictive,2,7
50.0,pos3,0.0,31,non-restrictive,2,7
50.0,pos4,0.0,31,non-restrictive,2,7
50.0,subject,1.0,31,non-restrictive,2,7
100.0,pos1,0.0,31,non-restrictive,2,7
100.0,pos2,0.0,31,non-restrictive,2,7
100.0,pos3,0.0,31,non-restrictive,2,7
100.0,pos4,0.0,31,non-restrictive,2,7
100.0,subject,0.8658,31,non-restrictive,2,7
150.0,pos1,0.0,31,non-restrictive,2,7
150.0,pos2,0.0,31,non-restrictive,2,7
150.0,pos3,0.0,31,non-restrictive,2,7
150.0,pos4,0.0,31,non-restrictive,2,7
150.0,subject,1.0,31,non-restrictive,2,7
200.0,pos1,0.0,31,non-restrictive,2,7
200.0,pos2,0.0,31,non-restrictive,2,7
200.0,pos3,0.0,31,non-restrictive,2,7
200.0,pos4,0.0,31,non-restrictive,2,7
200.0,subject,1.0,31,non-restrictive,2,7
250.0,pos1,0.0,31,non-restrictive,2,7
250.0,pos2,0.0,31,non-restrictive,2,7
250.0,pos3,0.0,31,non-restrictive,2,7
250.0,pos4,0.0,31,non-restrictive,2,7
250.0,subject,1.0,31,non-restrictive,2,7
0.0,pos1,0.0,32,restrictive,3,7
0.0,pos2,0.0,32,restrictive,3,7
0.0,pos3,0.0,32,restrictive,3,7
0.0,pos4,0.0,32,restrictive,3,7
0.0,subject,1.0,32,restrictive,3,7
50.0,pos1,0.0,32,restrictive,3,7
50.0,pos2,0.0,32,restrictive,3,7
50.0,pos3,0.0,32,restrictive,3,7
50.0,pos4,0.0,32,restrictive,3,7
50.0,subject,0.8656,32,restrictive,3,7
100.0,pos1,0.0,32,restrictive,3,7
100.0,pos2,0.0,32,restrictive,3,7
100.0,pos3,0.0,32,restrictive,3,7
100.0,pos4,0.0,32,restrictive,3,7
100.0,subject,1.0,32,restrictive,3,7
150.0,pos1,0.0,32,restrictive,3,7
150.0,pos2,0.0,32,restrictive,3,7
150.0,pos3,0.0,32,restrictive,3,7
150.0,pos4,0.0,32,restrictive,3,7
150.0,subject,1.0,32,restrictive,3,7
200.0,pos1,0.0,32,restrictive,3,7
200.0,pos2,0.0,32,restrictive,3,7
200.0,pos3,0.0,32,restrictive,3,7
200.0,pos4,0.0,32,restrictive,3,7
200.0,subject,1.0,32,restrictive,3,7
250.0,pos1,0.0,32,restrictive,3,7
250.0,pos2,0.0,32,restrictive,3,7
250.0,pos3,0.0,32,restrictive,3,7
250.0,pos4,0.0,32,restrictive,3,7
250.0,subject,1.0,32,restrictive,3,7
300.0,pos1,0.0,32,restrictive,3,7
300.0,pos2,0.0,32,restrictive,3,7
300.0,pos3,0.0,32,restrictive,3,7
300.0,pos4,0.0,32,restrictive,3,7
300.0,subject,0.838,32,restrictive,3,7
0.0,pos1,0.0,33,restrictive,3,7
0.0,pos2,0.0,33,restrictive,3,7
0.0,pos3,0.0,33,restrictive,3,7
0.0,pos4,0.0,33,restrictive,3,7
0.0,subject,1.0,33,restrictive,3,7
50.0,pos1,0.0,33,restrictive,3,7
50.0,pos2,0.0,33,restrictive,3,7
50.0,pos3,0.0,33,restrictive,3,7
50.0,pos4,0.0,33,restrictive,3,7
50.0,subject,1.0,33,restrictive,3,7
100.0,pos1,0.0,33,restrictive,3,7
100.0,pos2,0.0,33,restrictive,3,7
100.0,pos3,0.0,33,restrictive,3,7
100.0,pos4,0.0,33,restrictive,3,7
100.0,subject,1.0,33,restrictive,3,7
150.0,pos1,0.0,33,restrictive,3,7
150.0,pos2,0.0,33,restrictive,3,7
150.0,pos3,0.0,33,restrictive,3,7
150.0,pos4,0.0,33,restrictive,3,7
150.0,subject,1.0,33,restrictive,3,7
200.0,pos1,0.0,33,restrictive,3,7
200.0,pos2,0.0,33,restrictive,3,7
200.0,pos3,0.0,33,restrictive,3,7
200.0,pos4,0.0,33,restrictive,3,7
200.0,subject,1.0,33,restrictive,3,7
250.0,pos1,0.0,33,restrictive,3,7
250.0,pos2,0.0,33,restrictive,3,7
250.0,pos3,0.0,33,restrictive,3,7
250.0,pos4,0.0,33,restrictive,3,7
250.0,subject,1.0,33,restrictive,3,7
0.0,pos1,0.0,34,non-restrictive,2,7
0.0,pos2,0.0,34,non-restrictive,2,7
0.0,pos3,0.0,34,non-restrictive,2,7
0.0,pos4,0.0,34,non-restrictive,2,7
0.0,subject,1.0,34,non-restrictive,2,7
50.0,pos1,0.0,34,non-restrictive,2,7
50.0,pos2,0.0,34,non-restrictive,2,7
50.0,pos3,0.0,34,non-restrictive,2,7
50.0,pos4,0.0,34,non-restrictive,2,7
50.0,subject,0.8656,34,non-restrictive,2,7
100.0,pos1,0.0,34,non-restrictive,2,7
100.0,pos2,0.0,34,non-restrictive,2,7
100.0,pos3,0.0,34,non-restrictive,2,7
100.0,pos4,0.0,34,non-restrictive,2,7
100.0,subject,1.0,34,non-restrictive,2,7
150.0,pos1,0.0,34,non-restrictive,2,7
150.0,pos2,0.0,34,non-restrictive,2,7
150.0,pos3,0.0,34,non-restrictive,2,7
150.0,pos4,0.0,34,non-restrictive,2,7
150.0,subject,1.0,34,non-restrictive,2,7
200.0,pos1,0.0,34,non-restrictive,2,7
200.0,pos2,0.0,34,non-restrictive,2,7
200.0,pos3,0.0,34,non-restrictive,2,7
200.0,pos4,0.0,34,non-restrictive,2,7
200.0,subject,1.0,34,non-restrictive,2,7
250.0,pos1,0.0,34,non-restrictive,2,7
250.0,pos2,0.0,34,non-restrictive,2,7
250.0,pos3,0.0,34,non-restrictive,2,7
250.0,pos4,0.0,34,non-restrictive,2,7
250.0,subject,1.0,34,non-restrictive,2,7
0.0,pos1,0.0,35,non-restrictive,4,7
0.0,pos2,0.0,35,non-restrictive,4,7
0.0,pos3,0.0,35,non-restrictive,4,7
0.0,pos4,0.0,35,non-restrictive,4,7
0.0,subject,0.0,35,non-restrictive,4,7
50.0,pos1,0.0,35,non-restrictive,4,7
50.0,pos2,0.0,35,non-restrictive,4,7
50.0,pos3,0.0,35,non-restrictive,4,7
50.0,pos4,0.0,35,non-restrictive,4,7
50.0,subject,0.0,35,non-restrictive,4,7
100.0,pos1,0.0,35,non-restrictive,4,7
100.0,pos2,0.0,35,non-restrictive,4,7
100.0,pos3,0.0,35,non-restrictive,4,7
100.0,pos4,0.0,35,non-restrictive,4,7
100.0,subject,0.0,35,non-restrictive,4,7
150.0,pos1,0.0,35,non-restrictive,4,7
150.0,pos2,0.0,35,non-restrictive,4,7
150.0,pos3,0.0,35,non-restrictive,4,7
150.0,pos4,0.0,35,non-restrictive,4,7
150.0,subject,0.0,35,non-restrictive,4,7
200.0,pos1,0.0,35,non-restrictive,4,7
200.0,pos2,0.0,35,non-restrictive,4,7
200.0,pos3,0.0,35,non-restrictive,4,7
200.0,pos4,0.0,35,non-restrictive,4,7
200.0,subject,0.0,35,non-restrictive,4,7
250.0,pos1,0.0,35,non-restrictive,4,7
250.0,pos2,0.0,35,non-restrictive,4,7
250.0,pos3,0.0,35,non-restrictive,4,7
250.0,pos4,0.0,35,non-restrictive,4,7
250.0,subject,0.0,35,non-restrictive,4,7
300.0,pos1,0.0,35,non-restrictive,4,7
300.0,pos2,0.0,35,non-restrictive,4,7
300.0,pos3,0.0,35,non-restrictive,4,7
300.0,pos4,0.0,35,non-restrictive,4,7
300.0,subject,0.0,35,non-restrictive,4,7
0.0,pos1,0.0,36,non-restrictive,2,7
0.0,pos2,0.0,36,non-restrictive,2,7
0.0,pos3,0.0,36,non-restrictive,2,7
0.0,pos4,0.0,36,non-restrictive,2,7
0.0,subject,1.0,36,non-restrictive,2,7
50.0,pos1,0.0,36,non-restrictive,2,7
50.0,pos2,0.0,36,non-restrictive,2,7
50.0,pos3,0.0,36,non-restrictive,2,7
50.0,pos4,0.0,36,non-restrictive,2,7
50.0,subject,1.0,36,non-restrictive,2,7
100.0,pos1,0.0,36,non-restrictive,2,7
100.0,pos2,0.0,36,non-restrictive,2,7
100.0,pos3,0.0,36,non-restrictive,2,7
100.0,pos4,0.0,36,non-restrictive,2,7
100.0,subject,1.0,36,non-restrictive,2,7
150.0,pos1,0.0,36,non-restrictive,2,7
150.0,pos2,0.0,36,non-restrictive,2,7
150.0,pos3,0.0,36,non-restrictive,2,7
150.0,pos4,0.0,36,non-restrictive,2,7
150.0,subject,0.3524,36,non-restrictive,2,7
200.0,pos1,0.0,36,non-restrictive,2,7
200.0,pos2,0.0,36,non-restrictive,2,7
200.0,pos3,0.0,36,non-restrictive,2,7
200.0,pos4,0.0,36,non-restrictive,2,7
200.0,subject,0.0,36,non-restrictive,2,7
250.0,pos1,0.0,36,non-restrictive,2,7
250.0,pos2,0.0,36,non-restrictive,2,7
250.0,pos3,0.0,36,non-restrictive,2,7
250.0,pos4,0.0,36,non-restrictive,2,7
250.0,subject,0.0,36,non-restrictive,2,7
0.0,pos1,0.0,37,restrictive,3,7
0.0,pos2,0.0,37,restrictive,3,7
0.0,pos3,0.0,37,restrictive,3,7
0.0,pos4,0.0,37,restrictive,3,7
0.0,subject,1.0,37,restrictive,3,7
50.0,pos1,0.0,37,restrictive,3,7
50.0,pos2,0.0,37,restrictive,3,7
50.0,pos3,0.0,37,restrictive,3,7
50.0,pos4,0.0,37,restrictive,3,7
50.0,subject,1.0,37,restrictive,3,7
100.0,pos1,0.0,37,restrictive,3,7
100.0,pos2,0.0,37,restrictive,3,7
100.0,pos3,0.0,37,restrictive,3,7
100.0,pos4,0.0,37,restrictive,3,7
100.0,subject,1.0,37,restrictive,3,7
150.0,pos1,0.0,37,restrictive,3,7
150.0,pos2,0.0,37,restrictive,3,7
150.0,pos3,0.0,37,restrictive,3,7
150.0,pos4,0.0,37,restrictive,3,7
150.0,subject,1.0,37,restrictive,3,7
200.0,pos1,0.0,37,restrictive,3,7
200.0,pos2,0.0,37,restrictive,3,7
200.0,pos3,0.0,37,restrictive,3,7
200.0,pos4,0.0,37,restrictive,3,7
200.0,subject,1.0,37,restrictive,3,7
250.0,pos1,0.0,37,restrictive,3,7
250.0,pos2,0.0,37,restrictive,3,7
250.0,pos3,0.0,37,restrictive,3,7
250.0,pos4,0.0,37,restrictive,3,7
250.0,subject,1.0,37,restrictive,3,7
0.0,pos1,0.0,38,restrictive,1,7
0.0,pos2,0.0,38,restrictive,1,7
0.0,pos3,0.0,38,restrictive,1,7
0.0,pos4,0.0,38,restrictive,1,7
0.0,subject,1.0,38,restrictive,1,7
50.0,pos1,0.0,38,restrictive,1,7
50.0,pos2,0.0,38,restrictive,1,7
50.0,pos3,0.0,38,restrictive,1,7
50.0,pos4,0.0,38,restrictive,1,7
50.0,subject,0.9856,38,restrictive,1,7
100.0,pos1,0.0,38,restrictive,1,7
100.0,pos2,0.0,38,restrictive,1,7
100.0,pos3,0.0,38,restrictive,1,7
100.0,pos4,0.0,38,restrictive,1,7
100.0,subject,0.8778,38,restrictive,1,7
150.0,pos1,0.0,38,restrictive,1,7
150.0,pos2,0.0,38,restrictive,1,7
150.0,pos3,0.0,38,restrictive,1,7
150.0,pos4,0.0,38,restrictive,1,7
150.0,subject,1.0,38,restrictive,1,7
200.0,pos1,0.0,38,restrictive,1,7
200.0,pos2,0.0,38,restrictive,1,7
200.0,pos3,0.0,38,restrictive,1,7
200.0,pos4,0.0,38,restrictive,1,7
200.0,subject,1.0,38,restrictive,1,7
250.0,pos1,0.0,38,restrictive,1,7
250.0,pos2,0.0,38,restrictive,1,7
250.0,pos3,0.0,38,restrictive,1,7
250.0,pos4,0.0,38,restrictive,1,7
250.0,subject,0.733913,38,restrictive,1,7
0.0,pos1,0.0,39,non-restrictive,2,7
0.0,pos2,0.0,39,non-restrictive,2,7
0.0,pos3,0.0,39,non-restrictive,2,7
0.0,pos4,0.0,39,non-restrictive,2,7
0.0,subject,0.0,39,non-restrictive,2,7
50.0,pos1,0.0,39,non-restrictive,2,7
50.0,pos2,0.0,39,non-restrictive,2,7
50.0,pos3,0.0,39,non-restrictive,2,7
50.0,pos4,0.0,39,non-restrictive,2,7
50.0,subject,0.0,39,non-restrictive,2,7
100.0,pos1,0.0,39,non-restrictive,2,7
100.0,pos2,0.4718,39,non-restrictive,2,7
100.0,pos3,0.0,39,non-restrictive,2,7
100.0,pos4,0.0,39,non-restrictive,2,7
100.0,subject,0.0,39,non-restrictive,2,7
150.0,pos1,0.0,39,non-restrictive,2,7
150.0,pos2,1.0,39,non-restrictive,2,7
150.0,pos3,0.0,39,non-restrictive,2,7
150.0,pos4,0.0,39,non-restrictive,2,7
150.0,subject,0.0,39,non-restrictive,2,7
200.0,pos1,0.0,39,non-restrictive,2,7
200.0,pos2,1.0,39,non-restrictive,2,7
200.0,pos3,0.0,39,non-restrictive,2,7
200.0,pos4,0.0,39,non-restrictive,2,7
200.0,subject,0.0,39,non-restrictive,2,7
250.0,pos1,0.0,39,non-restrictive,2,7
250.0,pos2,1.0,39,non-restrictive,2,7
250.0,pos3,0.0,39,non-restrictive,2,7
250.0,pos4,0.0,39,non-restrictive,2,7
250.0,subject,0.0,39,non-restrictive,2,7
0.0,pos1,0.0,40,non-restrictive,4,7
0.0,pos2,0.0,40,non-restrictive,4,7
0.0,pos3,0.0,40,non-restrictive,4,7
0.0,pos4,0.0,40,non-restrictive,4,7
0.0,subject,0.0,40,non-restrictive,4,7
50.0,pos1,0.0,40,non-restrictive,4,7
50.0,pos2,0.0,40,non-restrictive,4,7
50.0,pos3,0.0,40,non-restrictive,4,7
50.0,pos4,0.0,40,non-restrictive,4,7
50.0,subject,0.0,40,non-restrictive,4,7
100.0,pos1,0.0,40,non-restrictive,4,7
100.0,pos2,0.0,40,non-restrictive,4,7
100.0,pos3,0.0,40,non-restrictive,4,7
100.0,pos4,0.0,40,non-restrictive,4,7
100.0,subject,0.983,40,non-restrictive,4,7
150.0,pos1,0.0,40,non-restrictive,4,7
150.0,pos2,0.0,40,non-restrictive,4,7
150.0,pos3,0.0,40,non-restrictive,4,7
150.0,pos4,0.0,40,non-restrictive,4,7
150.0,subject,1.0,40,non-restrictive,4,7
200.0,pos1,0.0,40,non-restrictive,4,7
200.0,pos2,0.0,40,non-restrictive,4,7
200.0,pos3,0.0,40,non-restrictive,4,7
200.0,pos4,0.0,40,non-restrictive,4,7
200.0,subject,0.8684,40,non-restrictive,4,7
250.0,pos1,0.0,40,non-restrictive,4,7
250.0,pos2,0.0,40,non-restrictive,4,7
250.0,pos3,0.0,40,non-restrictive,4,7
250.0,pos4,0.0,40,non-restrictive,4,7
250.0,subject,1.0,40,non-restrictive,4,7
300.0,pos1,0.0,40,non-restrictive,4,7
300.0,pos2,0.0,40,non-restrictive,4,7
300.0,pos3,0.0,40,non-restrictive,4,7
300.0,pos4,0.0,40,non-restrictive,4,7
300.0,subject,1.0,40,non-restrictive,4,7
0.0,pos1,0.0,41,non-restrictive,2,7
0.0,pos2,0.0,41,non-restrictive,2,7
0.0,pos3,0.0,41,non-restrictive,2,7
0.0,pos4,0.0,41,non-restrictive,2,7
0.0,subject,0.0,41,non-restrictive,2,7
50.0,pos1,0.0,41,non-restrictive,2,7
50.0,pos2,0.0,41,non-restrictive,2,7
50.0,pos3,0.0,41,non-restrictive,2,7
50.0,pos4,0.0,41,non-restrictive,2,7
50.0,subject,0.0,41,non-restrictive,2,7
100.0,pos1,0.0,41,non-restrictive,2,7
100.0,pos2,0.0,41,non-restrictive,2,7
100.0,pos3,0.0,41,non-restrictive,2,7
100.0,pos4,0.0,41,non-restrictive,2,7
100.0,subject,0.0,41,non-restrictive,2,7
150.0,pos1,0.0,41,non-restrictive,2,7
150.0,pos2,0.0,41,non-restrictive,2,7
150.0,pos3,0.0,41,non-restrictive,2,7
150.0,pos4,0.0,41,non-restrictive,2,7
150.0,subject,0.0,41,non-restrictive,2,7
200.0,pos1,0.0,41,non-restrictive,2,7
200.0,pos2,0.0,41,non-restrictive,2,7
200.0,pos3,0.0,41,non-restrictive,2,7
200.0,pos4,0.0,41,non-restrictive,2,7
200.0,subject,0.0,41,non-restrictive,2,7
250.0,pos1,0.0,41,non-restrictive,2,7
250.0,pos2,0.0,41,non-restrictive,2,7
250.0,pos3,0.0,41,non-restrictive,2,7
250.0,pos4,0.0,41,non-restrictive,2,7
250.0,subject,0.0,41,non-restrictive,2,7
300.0,pos1,0.0,41,non-restrictive,2,7
300.0,pos2,0.0,41,non-restrictive,2,7
300.0,pos3,0.0,41,non-restrictive,2,7
300.0,pos4,0.0,41,non-restrictive,2,7
300.0,subject,0.0,41,non-restrictive,2,7
350.0,pos1,0.0,41,non-restrictive,2,7
350.0,pos2,0.0,41,non-restrictive,2,7
350.0,pos3,0.0,41,non-restrictive,2,7
350.0,pos4,0.0,41,non-restrictive,2,7
350.0,subject,0.0,41,non-restrictive,2,7
400.0,pos1,0.0,41,non-restrictive,2,7
400.0,pos2,0.0,41,non-restrictive,2,7
400.0,pos3,0.0,41,non-restrictive,2,7
400.0,pos4,0.0,41,non-restrictive,2,7
400.0,subject,0.0,41,non-restrictive,2,7
450.0,pos1,0.0,41,non-restrictive,2,7
450.0,pos2,0.0,41,non-restrictive,2,7
450.0,pos3,0.0,41,non-restrictive,2,7
450.0,pos4,0.0,41,non-restrictive,2,7
450.0,subject,0.0,41,non-restrictive,2,7
500.0,pos1,0.0,41,non-restrictive,2,7
500.0,pos2,0.0,41,non-restrictive,2,7
500.0,pos3,0.0,41,non-restrictive,2,7
500.0,pos4,0.0,41,non-restrictive,2,7
500.0,subject,0.0,41,non-restrictive,2,7
550.0,pos1,0.0,41,non-restrictive,2,7
550.0,pos2,0.0,41,non-restrictive,2,7
550.0,pos3,0.0,41,non-restrictive,2,7
550.0,pos4,0.0,41,non-restrictive,2,7
550.0,subject,0.0,41,non-restrictive,2,7
600.0,pos1,0.0,41,non-restrictive,2,7
600.0,pos2,0.0,41,non-restrictive,2,7
600.0,pos3,0.0,41,non-restrictive,2,7
600.0,pos4,0.0,41,non-restrictive,2,7
600.0,subject,0.0,41,non-restrictive,2,7
650.0,pos1,0.0,41,non-restrictive,2,7
650.0,pos2,0.0,41,non-restrictive,2,7
650.0,pos3,0.0,41,non-restrictive,2,7
650.0,pos4,0.0,41,non-restrictive,2,7
650.0,subject,0.0,41,non-restrictive,2,7
700.0,pos1,0.0,41,non-restrictive,2,7
700.0,pos2,0.0,41,non-restrictive,2,7
700.0,pos3,0.0,41,non-restrictive,2,7
700.0,pos4,0.0,41,non-restrictive,2,7
700.0,subject,0.0,41,non-restrictive,2,7
750.0,pos1,0.0,41,non-restrictive,2,7
750.0,pos2,0.0,41,non-restrictive,2,7
750.0,pos3,0.0,41,non-restrictive,2,7
750.0,pos4,0.0,41,non-restrictive,2,7
750.0,subject,0.0,41,non-restrictive,2,7
800.0,pos1,0.0,41,non-restrictive,2,7
800.0,pos2,0.0,41,non-restrictive,2,7
800.0,pos3,0.0,41,non-restrictive,2,7
800.0,pos4,0.0,41,non-restrictive,2,7
800.0,subject,0.0,41,non-restrictive,2,7
850.0,pos1,0.0,41,non-restrictive,2,7
850.0,pos2,0.0,41,non-restrictive,2,7
850.0,pos3,0.0,41,non-restrictive,2,7
850.0,pos4,0.0,41,non-restrictive,2,7
850.0,subject,0.0,41,non-restrictive,2,7
900.0,pos1,0.0,41,non-restrictive,2,7
900.0,pos2,0.0,41,non-restrictive,2,7
900.0,pos3,0.0,41,non-restrictive,2,7
900.0,pos4,0.0,41,non-restrictive,2,7
900.0,subject,0.0,41,non-restrictive,2,7
0.0,pos1,0.0,42,non-restrictive,4,7
0.0,pos2,0.0,42,non-restrictive,4,7
0.0,pos3,0.0,42,non-restrictive,4,7
0.0,pos4,0.0,42,non-restrictive,4,7
0.0,subject,0.0,42,non-restrictive,4,7
50.0,pos1,0.0,42,non-restrictive,4,7
50.0,pos2,0.0,42,non-restrictive,4,7
50.0,pos3,0.0,42,non-restrictive,4,7
50.0,pos4,0.0,42,non-restrictive,4,7
50.0,subject,0.0,42,non-restrictive,4,7
100.0,pos1,0.0,42,non-restrictive,4,7
100.0,pos2,0.0,42,non-restrictive,4,7
100.0,pos3,0.0,42,non-restrictive,4,7
100.0,pos4,0.0,42,non-restrictive,4,7
100.0,subject,0.0,42,non-restrictive,4,7
150.0,pos1,0.0,42,non-restrictive,4,7
150.0,pos2,0.0,42,non-restrictive,4,7
150.0,pos3,0.0,42,non-restrictive,4,7
150.0,pos4,0.0,42,non-restrictive,4,7
150.0,subject,0.0,42,non-restrictive,4,7
200.0,pos1,0.0,42,non-restrictive,4,7
200.0,pos2,0.0,42,non-restrictive,4,7
200.0,pos3,0.0,42,non-restrictive,4,7
200.0,pos4,0.0,42,non-restrictive,4,7
200.0,subject,0.0,42,non-restrictive,4,7
250.0,pos1,0.0,42,non-restrictive,4,7
250.0,pos2,0.0,42,non-restrictive,4,7
250.0,pos3,0.0,42,non-restrictive,4,7
250.0,pos4,0.0,42,non-restrictive,4,7
250.0,subject,0.0,42,non-restrictive,4,7
0.0,pos1,0.0,43,restrictive,3,7
0.0,pos2,0.0,43,restrictive,3,7
0.0,pos3,0.0,43,restrictive,3,7
0.0,pos4,0.0,43,restrictive,3,7
0.0,subject,0.0,43,restrictive,3,7
50.0,pos1,0.0,43,restrictive,3,7
50.0,pos2,0.0,43,restrictive,3,7
50.0,pos3,0.0,43,restrictive,3,7
50.0,pos4,0.0,43,restrictive,3,7
50.0,subject,0.0,43,restrictive,3,7
100.0,pos1,0.0,43,restrictive,3,7
100.0,pos2,0.0,43,restrictive,3,7
100.0,pos3,0.0,43,restrictive,3,7
100.0,pos4,0.0,43,restrictive,3,7
100.0,subject,0.0,43,restrictive,3,7
150.0,pos1,0.0,43,restrictive,3,7
150.0,pos2,0.0,43,restrictive,3,7
150.0,pos3,0.0,43,restrictive,3,7
150.0,pos4,0.0,43,restrictive,3,7
150.0,subject,0.0,43,restrictive,3,7
200.0,pos1,0.0,43,restrictive,3,7
200.0,pos2,0.0,43,restrictive,3,7
200.0,pos3,0.0,43,restrictive,3,7
200.0,pos4,0.0,43,restrictive,3,7
200.0,subject,0.0,43,restrictive,3,7
250.0,pos1,0.0,43,restrictive,3,7
250.0,pos2,0.0,43,restrictive,3,7
250.0,pos3,0.0,43,restrictive,3,7
250.0,pos4,0.0,43,restrictive,3,7
250.0,subject,0.0,43,restrictive,3,7
0.0,pos1,0.9652,44,non-restrictive,4,7
0.0,pos2,0.0,44,non-restrictive,4,7
0.0,pos3,0.0,44,non-restrictive,4,7
0.0,pos4,0.0,44,non-restrictive,4,7
0.0,subject,0.0,44,non-restrictive,4,7
50.0,pos1,0.0,44,non-restrictive,4,7
50.0,pos2,0.0,44,non-restrictive,4,7
50.0,pos3,0.0,44,non-restrictive,4,7
50.0,pos4,0.0,44,non-restrictive,4,7
50.0,subject,0.4952,44,non-restrictive,4,7
100.0,pos1,0.0,44,non-restrictive,4,7
100.0,pos2,0.0,44,non-restrictive,4,7
100.0,pos3,0.0,44,non-restrictive,4,7
100.0,pos4,0.0,44,non-restrictive,4,7
100.0,subject,1.0,44,non-restrictive,4,7
150.0,pos1,0.0,44,non-restrictive,4,7
150.0,pos2,0.0,44,non-restrictive,4,7
150.0,pos3,0.0,44,non-restrictive,4,7
150.0,pos4,0.0,44,non-restrictive,4,7
150.0,subject,1.0,44,non-restrictive,4,7
200.0,pos1,0.0,44,non-restrictive,4,7
200.0,pos2,0.0,44,non-restrictive,4,7
200.0,pos3,0.0,44,non-restrictive,4,7
200.0,pos4,0.0,44,non-restrictive,4,7
200.0,subject,1.0,44,non-restrictive,4,7
0.0,pos1,0.0,45,non-restrictive,4,7
0.0,pos2,0.0,45,non-restrictive,4,7
0.0,pos3,0.0,45,non-restrictive,4,7
0.0,pos4,0.0,45,non-restrictive,4,7
0.0,subject,0.9778,45,non-restrictive,4,7
50.0,pos1,0.0,45,non-restrictive,4,7
50.0,pos2,0.0,45,non-restrictive,4,7
50.0,pos3,0.0,45,non-restrictive,4,7
50.0,pos4,0.0,45,non-restrictive,4,7
50.0,subject,1.0,45,non-restrictive,4,7
100.0,pos1,0.0,45,non-restrictive,4,7
100.0,pos2,0.0,45,non-restrictive,4,7
100.0,pos3,0.0,45,non-restrictive,4,7
100.0,pos4,0.0,45,non-restrictive,4,7
100.0,subject,1.0,45,non-restrictive,4,7
150.0,pos1,0.0,45,non-restrictive,4,7
150.0,pos2,0.0,45,non-restrictive,4,7
150.0,pos3,0.0,45,non-restrictive,4,7
150.0,pos4,0.0,45,non-restrictive,4,7
150.0,subject,1.0,45,non-restrictive,4,7
200.0,pos1,0.0,45,non-restrictive,4,7
200.0,pos2,0.0,45,non-restrictive,4,7
200.0,pos3,0.0,45,non-restrictive,4,7
200.0,pos4,0.0,45,non-restrictive,4,7
200.0,subject,1.0,45,non-restrictive,4,7
250.0,pos1,0.0,45,non-restrictive,4,7
250.0,pos2,0.0,45,non-restrictive,4,7
250.0,pos3,0.0,45,non-restrictive,4,7
250.0,pos4,0.0,45,non-restrictive,4,7
250.0,subject,1.0,45,non-restrictive,4,7
0.0,pos1,0.0,46,restrictive,1,7
0.0,pos2,0.0,46,restrictive,1,7
0.0,pos3,0.0,46,restrictive,1,7
0.0,pos4,0.0,46,restrictive,1,7
0.0,subject,0.0,46,restrictive,1,7
50.0,pos1,0.0,46,restrictive,1,7
50.0,pos2,0.0,46,restrictive,1,7
50.0,pos3,0.0,46,restrictive,1,7
50.0,pos4,0.0,46,restrictive,1,7
50.0,subject,0.8452,46,restrictive,1,7
100.0,pos1,0.0,46,restrictive,1,7
100.0,pos2,0.0,46,restrictive,1,7
100.0,pos3,0.0,46,restrictive,1,7
100.0,pos4,0.0,46,restrictive,1,7
100.0,subject,1.0,46,restrictive,1,7
150.0,pos1,0.0,46,restrictive,1,7
150.0,pos2,0.0,46,restrictive,1,7
150.0,pos3,0.0,46,restrictive,1,7
150.0,pos4,0.0,46,restrictive,1,7
150.0,subject,0.8282,46,restrictive,1,7
200.0,pos1,0.0,46,restrictive,1,7
200.0,pos2,0.0,46,restrictive,1,7
200.0,pos3,0.0,46,restrictive,1,7
200.0,pos4,0.0,46,restrictive,1,7
200.0,subject,0.0,46,restrictive,1,7
250.0,pos1,0.0,46,restrictive,1,7
250.0,pos2,0.0,46,restrictive,1,7
250.0,pos3,0.0,46,restrictive,1,7
250.0,pos4,0.0,46,restrictive,1,7
250.0,subject,0.1576,46,restrictive,1,7
300.0,pos1,0.0,46,restrictive,1,7
300.0,pos2,0.0,46,restrictive,1,7
300.0,pos3,0.0,46,restrictive,1,7
300.0,pos4,0.0,46,restrictive,1,7
300.0,subject,1.0,46,restrictive,1,7
350.0,pos1,0.0,46,restrictive,1,7
350.0,pos2,0.0,46,restrictive,1,7
350.0,pos3,0.0,46,restrictive,1,7
350.0,pos4,0.0,46,restrictive,1,7
350.0,subject,1.0,46,restrictive,1,7
0.0,pos1,0.0,47,non-restrictive,4,7
0.0,pos2,0.0,47,non-restrictive,4,7
0.0,pos3,0.0,47,non-restrictive,4,7
0.0,pos4,0.0,47,non-restrictive,4,7
0.0,subject,0.0,47,non-restrictive,4,7
50.0,pos1,0.0,47,non-restrictive,4,7
50.0,pos2,0.0,47,non-restrictive,4,7
50.0,pos3,0.0,47,non-restrictive,4,7
50.0,pos4,0.0,47,non-restrictive,4,7
50.0,subject,0.0,47,non-restrictive,4,7
100.0,pos1,0.0,47,non-restrictive,4,7
100.0,pos2,0.0,47,non-restrictive,4,7
100.0,pos3,0.0,47,non-restrictive,4,7
100.0,pos4,0.0,47,non-restrictive,4,7
100.0,subject,0.0,47,non-restrictive,4,7
150.0,pos1,0.0,47,non-restrictive,4,7
150.0,pos2,0.0,47,non-restrictive,4,7
150.0,pos3,0.0,47,non-restrictive,4,7
150.0,pos4,0.0,47,non-restrictive,4,7
150.0,subject,0.0,47,non-restrictive,4,7
200.0,pos1,0.0,47,non-restrictive,4,7
200.0,pos2,0.0,47,non-restrictive,4,7
200.0,pos3,0.0,47,non-restrictive,4,7
200.0,pos4,0.0,47,non-restrictive,4,7
200.0,subject,0.0,47,non-restrictive,4,7
250.0,pos1,0.0,47,non-restrictive,4,7
250.0,pos2,0.0,47,non-restrictive,4,7
250.0,pos3,0.0,47,non-restrictive,4,7
250.0,pos4,0.0,47,non-restrictive,4,7
250.0,subject,0.0,47,non-restrictive,4,7
0.0,pos1,0.0,48,restrictive,1,7
0.0,pos2,0.0,48,restrictive,1,7
0.0,pos3,0.0,48,restrictive,1,7
0.0,pos4,0.0,48,restrictive,1,7
0.0,subject,0.0,48,restrictive,1,7
50.0,pos1,0.0,48,restrictive,1,7
50.0,pos2,0.0,48,restrictive,1,7
50.0,pos3,0.0,48,restrictive,1,7
50.0,pos4,0.0,48,restrictive,1,7
50.0,subject,0.0,48,restrictive,1,7
100.0,pos1,0.0,48,restrictive,1,7
100.0,pos2,0.0,48,restrictive,1,7
100.0,pos3,0.0,48,restrictive,1,7
100.0,pos4,0.0,48,restrictive,1,7
100.0,subject,0.0,48,restrictive,1,7
150.0,pos1,0.0,48,restrictive,1,7
150.0,pos2,0.0,48,restrictive,1,7
150.0,pos3,0.0,48,restrictive,1,7
150.0,pos4,0.0,48,restrictive,1,7
150.0,subject,0.0,48,restrictive,1,7
200.0,pos1,0.3772,48,restrictive,1,7
200.0,pos2,0.0,48,restrictive,1,7
200.0,pos3,0.0,48,restrictive,1,7
200.0,pos4,0.0,48,restrictive,1,7
200.0,subject,0.0,48,restrictive,1,7
250.0,pos1,1.0,48,restrictive,1,7
250.0,pos2,0.0,48,restrictive,1,7
250.0,pos3,0.0,48,restrictive,1,7
250.0,pos4,0.0,48,restrictive,1,7
250.0,subject,0.0,48,restrictive,1,7
300.0,pos1,1.0,48,restrictive,1,7
300.0,pos2,0.0,48,restrictive,1,7
300.0,pos3,0.0,48,restrictive,1,7
300.0,pos4,0.0,48,restrictive,1,7
300.0,subject,0.0,48,restrictive,1,7
0.0,pos1,0.0,49,restrictive,3,7
0.0,pos2,0.0,49,restrictive,3,7
0.0,pos3,0.0,49,restrictive,3,7
0.0,pos4,0.0,49,restrictive,3,7
0.0,subject,0.0,49,restrictive,3,7
50.0,pos1,0.0,49,restrictive,3,7
50.0,pos2,0.0,49,restrictive,3,7
50.0,pos3,0.0,49,restrictive,3,7
50.0,pos4,0.0,49,restrictive,3,7
50.0,subject,0.0,49,restrictive,3,7
100.0,pos1,0.0,49,restrictive,3,7
100.0,pos2,0.0,49,restrictive,3,7
100.0,pos3,0.0,49,restrictive,3,7
100.0,pos4,0.0,49,restrictive,3,7
100.0,subject,0.0,49,restrictive,3,7
150.0,pos1,0.0,49,restrictive,3,7
150.0,pos2,0.0,49,restrictive,3,7
150.0,pos3,0.0,49,restrictive,3,7
150.0,pos4,0.0,49,restrictive,3,7
150.0,subject,0.0,49,restrictive,3,7
200.0,pos1,0.0,49,restrictive,3,7
200.0,pos2,0.0,49,restrictive,3,7
200.0,pos3,0.0,49,restrictive,3,7
200.0,pos4,0.0,49,restrictive,3,7
200.0,subject,0.0,49,restrictive,3,7
250.0,pos1,0.0,49,restrictive,3,7
250.0,pos2,0.0,49,restrictive,3,7
250.0,pos3,0.0,49,restrictive,3,7
250.0,pos4,0.0,49,restrictive,3,7
250.0,subject,0.0,49,restrictive,3,7
0.0,pos1,0.0,0,non-restrictive,4,8
0.0,pos2,0.0,0,non-restrictive,4,8
0.0,pos3,0.0,0,non-restrictive,4,8
0.0,pos4,0.0,0,non-restrictive,4,8
0.0,subject,1.0,0,non-restrictive,4,8
50.0,pos1,0.0,0,non-restrictive,4,8
50.0,pos2,0.0,0,non-restrictive,4,8
50.0,pos3,0.0,0,non-restrictive,4,8
50.0,pos4,0.0,0,non-restrictive,4,8
50.0,subject,1.0,0,non-restrictive,4,8
100.0,pos1,0.0,0,non-restrictive,4,8
100.0,pos2,0.0,0,non-restrictive,4,8
100.0,pos3,0.0,0,non-restrictive,4,8
100.0,pos4,0.0,0,non-restrictive,4,8
100.0,subject,0.928,0,non-restrictive,4,8
150.0,pos1,0.0,0,non-restrictive,4,8
150.0,pos2,0.0,0,non-restrictive,4,8
150.0,pos3,0.0,0,non-restrictive,4,8
150.0,pos4,0.0,0,non-restrictive,4,8
150.0,subject,0.0,0,non-restrictive,4,8
200.0,pos1,0.0,0,non-restrictive,4,8
200.0,pos2,0.0,0,non-restrictive,4,8
200.0,pos3,0.0,0,non-restrictive,4,8
200.0,pos4,0.0,0,non-restrictive,4,8
200.0,subject,0.0,0,non-restrictive,4,8
250.0,pos1,0.0,0,non-restrictive,4,8
250.0,pos2,0.0,0,non-restrictive,4,8
250.0,pos3,0.0,0,non-restrictive,4,8
250.0,pos4,0.0,0,non-restrictive,4,8
250.0,subject,0.460909,0,non-restrictive,4,8
0.0,pos1,0.0,1,non-restrictive,4,8
0.0,pos2,0.0,1,non-restrictive,4,8
0.0,pos3,0.0,1,non-restrictive,4,8
0.0,pos4,0.0,1,non-restrictive,4,8
0.0,subject,0.0,1,non-restrictive,4,8
50.0,pos1,0.0,1,non-restrictive,4,8
50.0,pos2,0.0,1,non-restrictive,4,8
50.0,pos3,0.0,1,non-restrictive,4,8
50.0,pos4,0.0,1,non-restrictive,4,8
50.0,subject,0.0,1,non-restrictive,4,8
100.0,pos1,0.0,1,non-restrictive,4,8
100.0,pos2,0.0,1,non-restrictive,4,8
100.0,pos3,0.0,1,non-restrictive,4,8
100.0,pos4,0.0,1,non-restrictive,4,8
100.0,subject,0.0,1,non-restrictive,4,8
150.0,pos1,0.0,1,non-restrictive,4,8
150.0,pos2,0.0,1,non-restrictive,4,8
150.0,pos3,0.0,1,non-restrictive,4,8
150.0,pos4,0.0,1,non-restrictive,4,8
150.0,subject,0.0,1,non-restrictive,4,8
200.0,pos1,0.0,1,non-restrictive,4,8
200.0,pos2,0.0,1,non-restrictive,4,8
200.0,pos3,0.0,1,non-restrictive,4,8
200.0,pos4,0.0,1,non-restrictive,4,8
200.0,subject,0.0,1,non-restrictive,4,8
250.0,pos1,0.0,1,non-restrictive,4,8
250.0,pos2,0.0,1,non-restrictive,4,8
250.0,pos3,0.0,1,non-restrictive,4,8
250.0,pos4,0.0,1,non-restrictive,4,8
250.0,subject,0.0,1,non-restrictive,4,8
300.0,pos1,0.0,1,non-restrictive,4,8
300.0,pos2,0.0,1,non-restrictive,4,8
300.0,pos3,0.0,1,non-restrictive,4,8
300.0,pos4,0.0,1,non-restrictive,4,8
300.0,subject,0.0,1,non-restrictive,4,8
0.0,pos1,0.0,2,restrictive,1,8
0.0,pos2,0.0,2,restrictive,1,8
0.0,pos3,0.0,2,restrictive,1,8
0.0,pos4,0.0,2,restrictive,1,8
0.0,subject,1.0,2,restrictive,1,8
50.0,pos1,0.0,2,restrictive,1,8
50.0,pos2,0.0,2,restrictive,1,8
50.0,pos3,0.0,2,restrictive,1,8
50.0,pos4,0.0,2,restrictive,1,8
50.0,subject,1.0,2,restrictive,1,8
100.0,pos1,0.0,2,restrictive,1,8
100.0,pos2,0.0,2,restrictive,1,8
100.0,pos3,0.0,2,restrictive,1,8
100.0,pos4,0.0,2,restrictive,1,8
100.0,subject,1.0,2,restrictive,1,8
150.0,pos1,0.0,2,restrictive,1,8
150.0,pos2,0.0,2,restrictive,1,8
150.0,pos3,0.0,2,restrictive,1,8
150.0,pos4,0.0,2,restrictive,1,8
150.0,subject,1.0,2,restrictive,1,8
200.0,pos1,0.0,2,restrictive,1,8
200.0,pos2,0.0,2,restrictive,1,8
200.0,pos3,0.0,2,restrictive,1,8
200.0,pos4,0.0,2,restrictive,1,8
200.0,subject,1.0,2,restrictive,1,8
250.0,pos1,0.0,2,restrictive,1,8
250.0,pos2,0.0,2,restrictive,1,8
250.0,pos3,0.0,2,restrictive,1,8
250.0,pos4,0.0,2,restrictive,1,8
250.0,subject,1.0,2,restrictive,1,8
0.0,pos1,0.0,3,restrictive,1,8
0.0,pos2,0.0,3,restrictive,1,8
0.0,pos3,0.0,3,restrictive,1,8
0.0,pos4,0.0,3,restrictive,1,8
0.0,subject,1.0,3,restrictive,1,8
50.0,pos1,0.0,3,restrictive,1,8
50.0,pos2,0.0,3,restrictive,1,8
50.0,pos3,0.0,3,restrictive,1,8
50.0,pos4,0.0,3,restrictive,1,8
50.0,subject,1.0,3,restrictive,1,8
100.0,pos1,0.0,3,restrictive,1,8
100.0,pos2,0.0,3,restrictive,1,8
100.0,pos3,0.0,3,restrictive,1,8
100.0,pos4,0.0,3,restrictive,1,8
100.0,subject,0.2872,3,restrictive,1,8
150.0,pos1,0.0,3,restrictive,1,8
150.0,pos2,0.0,3,restrictive,1,8
150.0,pos3,0.0,3,restrictive,1,8
150.0,pos4,0.0,3,restrictive,1,8
150.0,subject,0.0,3,restrictive,1,8
200.0,pos1,0.0,3,restrictive,1,8
200.0,pos2,0.0,3,restrictive,1,8
200.0,pos3,0.0,3,restrictive,1,8
200.0,pos4,0.0,3,restrictive,1,8
200.0,subject,0.0,3,restrictive,1,8
250.0,pos1,0.0,3,restrictive,1,8
250.0,pos2,0.0,3,restrictive,1,8
250.0,pos3,0.0,3,restrictive,1,8
250.0,pos4,0.0,3,restrictive,1,8
250.0,subject,0.0,3,restrictive,1,8
0.0,pos1,0.0,4,restrictive,1,8
0.0,pos2,0.0,4,restrictive,1,8
0.0,pos3,0.0,4,restrictive,1,8
0.0,pos4,0.0,4,restrictive,1,8
0.0,subject,1.0,4,restrictive,1,8
50.0,pos1,0.0,4,restrictive,1,8
50.0,pos2,0.0,4,restrictive,1,8
50.0,pos3,0.0,4,restrictive,1,8
50.0,pos4,0.0,4,restrictive,1,8
50.0,subject,1.0,4,restrictive,1,8
100.0,pos1,0.0,4,restrictive,1,8
100.0,pos2,0.0,4,restrictive,1,8
100.0,pos3,0.0,4,restrictive,1,8
100.0,pos4,0.0,4,restrictive,1,8
100.0,subject,1.0,4,restrictive,1,8
150.0,pos1,0.0,4,restrictive,1,8
150.0,pos2,0.0,4,restrictive,1,8
150.0,pos3,0.0,4,restrictive,1,8
150.0,pos4,0.0,4,restrictive,1,8
150.0,subject,0.7558,4,restrictive,1,8
200.0,pos1,0.0,4,restrictive,1,8
200.0,pos2,0.0,4,restrictive,1,8
200.0,pos3,0.0,4,restrictive,1,8
200.0,pos4,0.0,4,restrictive,1,8
200.0,subject,0.0,4,restrictive,1,8
250.0,pos1,0.0,4,restrictive,1,8
250.0,pos2,0.0,4,restrictive,1,8
250.0,pos3,0.0,4,restrictive,1,8
250.0,pos4,0.0,4,restrictive,1,8
250.0,subject,0.0,4,restrictive,1,8
0.0,pos1,0.0,5,restrictive,1,8
0.0,pos2,0.0,5,restrictive,1,8
0.0,pos3,0.0,5,restrictive,1,8
0.0,pos4,0.0,5,restrictive,1,8
0.0,subject,1.0,5,restrictive,1,8
50.0,pos1,0.0,5,restrictive,1,8
50.0,pos2,0.0,5,restrictive,1,8
50.0,pos3,0.0,5,restrictive,1,8
50.0,pos4,0.0,5,restrictive,1,8
50.0,subject,1.0,5,restrictive,1,8
100.0,pos1,0.0,5,restrictive,1,8
100.0,pos2,0.0,5,restrictive,1,8
100.0,pos3,0.0,5,restrictive,1,8
100.0,pos4,0.0,5,restrictive,1,8
100.0,subject,1.0,5,restrictive,1,8
150.0,pos1,0.0,5,restrictive,1,8
150.0,pos2,0.0,5,restrictive,1,8
150.0,pos3,0.0,5,restrictive,1,8
150.0,pos4,0.0,5,restrictive,1,8
150.0,subject,1.0,5,restrictive,1,8
200.0,pos1,0.0,5,restrictive,1,8
200.0,pos2,0.0,5,restrictive,1,8
200.0,pos3,0.0,5,restrictive,1,8
200.0,pos4,0.0,5,restrictive,1,8
200.0,subject,1.0,5,restrictive,1,8
250.0,pos1,0.0,5,restrictive,1,8
250.0,pos2,0.0,5,restrictive,1,8
250.0,pos3,0.0,5,restrictive,1,8
250.0,pos4,0.0,5,restrictive,1,8
250.0,subject,1.0,5,restrictive,1,8
0.0,pos1,0.0,6,restrictive,3,8
0.0,pos2,0.0,6,restrictive,3,8
0.0,pos3,0.0,6,restrictive,3,8
0.0,pos4,0.0,6,restrictive,3,8
0.0,subject,0.0,6,restrictive,3,8
50.0,pos1,0.0,6,restrictive,3,8
50.0,pos2,0.0,6,restrictive,3,8
50.0,pos3,0.0,6,restrictive,3,8
50.0,pos4,0.0,6,restrictive,3,8
50.0,subject,0.0,6,restrictive,3,8
100.0,pos1,0.0,6,restrictive,3,8
100.0,pos2,0.0,6,restrictive,3,8
100.0,pos3,0.0,6,restrictive,3,8
100.0,pos4,0.0,6,restrictive,3,8
100.0,subject,0.708,6,restrictive,3,8
150.0,pos1,0.0,6,restrictive,3,8
150.0,pos2,0.0,6,restrictive,3,8
150.0,pos3,0.0,6,restrictive,3,8
150.0,pos4,0.0,6,restrictive,3,8
150.0,subject,1.0,6,restrictive,3,8
200.0,pos1,0.0,6,restrictive,3,8
200.0,pos2,0.0,6,restrictive,3,8
200.0,pos3,0.0,6,restrictive,3,8
200.0,pos4,0.0,6,restrictive,3,8
200.0,subject,1.0,6,restrictive,3,8
250.0,pos1,0.0,6,restrictive,3,8
250.0,pos2,0.0,6,restrictive,3,8
250.0,pos3,0.0,6,restrictive,3,8
250.0,pos4,0.0,6,restrictive,3,8
250.0,subject,1.0,6,restrictive,3,8
0.0,pos1,0.0,7,non-restrictive,2,8
0.0,pos2,0.0,7,non-restrictive,2,8
0.0,pos3,0.0,7,non-restrictive,2,8
0.0,pos4,0.0,7,non-restrictive,2,8
0.0,subject,0.018,7,non-restrictive,2,8
50.0,pos1,0.0,7,non-restrictive,2,8
50.0,pos2,0.0,7,non-restrictive,2,8
50.0,pos3,0.0,7,non-restrictive,2,8
50.0,pos4,0.0,7,non-restrictive,2,8
50.0,subject,1.0,7,non-restrictive,2,8
100.0,pos1,0.0,7,non-restrictive,2,8
100.0,pos2,0.0,7,non-restrictive,2,8
100.0,pos3,0.0,7,non-restrictive,2,8
100.0,pos4,0.0,7,non-restrictive,2,8
100.0,subject,1.0,7,non-restrictive,2,8
150.0,pos1,0.0,7,non-restrictive,2,8
150.0,pos2,0.0,7,non-restrictive,2,8
150.0,pos3,0.0,7,non-restrictive,2,8
150.0,pos4,0.0,7,non-restrictive,2,8
150.0,subject,1.0,7,non-restrictive,2,8
200.0,pos1,0.0,7,non-restrictive,2,8
200.0,pos2,0.0,7,non-restrictive,2,8
200.0,pos3,0.0,7,non-restrictive,2,8
200.0,pos4,0.0,7,non-restrictive,2,8
200.0,subject,1.0,7,non-restrictive,2,8
250.0,pos1,0.0,7,non-restrictive,2,8
250.0,pos2,0.0,7,non-restrictive,2,8
250.0,pos3,0.0,7,non-restrictive,2,8
250.0,pos4,0.0,7,non-restrictive,2,8
250.0,subject,1.0,7,non-restrictive,2,8
0.0,pos1,0.0,8,non-restrictive,2,8
0.0,pos2,0.0,8,non-restrictive,2,8
0.0,pos3,0.0,8,non-restrictive,2,8
0.0,pos4,0.0,8,non-restrictive,2,8
0.0,subject,0.8772,8,non-restrictive,2,8
50.0,pos1,0.0,8,non-restrictive,2,8
50.0,pos2,0.0,8,non-restrictive,2,8
50.0,pos3,0.0,8,non-restrictive,2,8
50.0,pos4,0.0,8,non-restrictive,2,8
50.0,subject,0.9886,8,non-restrictive,2,8
100.0,pos1,0.0,8,non-restrictive,2,8
100.0,pos2,0.0,8,non-restrictive,2,8
100.0,pos3,0.0,8,non-restrictive,2,8
100.0,pos4,0.0,8,non-restrictive,2,8
100.0,subject,1.0,8,non-restrictive,2,8
150.0,pos1,0.0,8,non-restrictive,2,8
150.0,pos2,0.0,8,non-restrictive,2,8
150.0,pos3,0.0,8,non-restrictive,2,8
150.0,pos4,0.0,8,non-restrictive,2,8
150.0,subject,1.0,8,non-restrictive,2,8
200.0,pos1,0.0,8,non-restrictive,2,8
200.0,pos2,0.0,8,non-restrictive,2,8
200.0,pos3,0.0,8,non-restrictive,2,8
200.0,pos4,0.0,8,non-restrictive,2,8
200.0,subject,1.0,8,non-restrictive,2,8
250.0,pos1,0.0,8,non-restrictive,2,8
250.0,pos2,0.0,8,non-restrictive,2,8
250.0,pos3,0.0,8,non-restrictive,2,8
250.0,pos4,0.0,8,non-restrictive,2,8
250.0,subject,1.0,8,non-restrictive,2,8
300.0,pos1,0.0,8,non-restrictive,2,8
300.0,pos2,0.0,8,non-restrictive,2,8
300.0,pos3,0.0,8,non-restrictive,2,8
300.0,pos4,0.0,8,non-restrictive,2,8
300.0,subject,0.8658,8,non-restrictive,2,8
350.0,pos1,0.0,8,non-restrictive,2,8
350.0,pos2,0.0,8,non-restrictive,2,8
350.0,pos3,0.0,8,non-restrictive,2,8
350.0,pos4,0.0,8,non-restrictive,2,8
350.0,subject,1.0,8,non-restrictive,2,8
0.0,pos1,0.0,9,restrictive,1,8
0.0,pos2,0.0,9,restrictive,1,8
0.0,pos3,0.0,9,restrictive,1,8
0.0,pos4,0.0,9,restrictive,1,8
0.0,subject,1.0,9,restrictive,1,8
50.0,pos1,0.0,9,restrictive,1,8
50.0,pos2,0.0,9,restrictive,1,8
50.0,pos3,0.0,9,restrictive,1,8
50.0,pos4,0.0,9,restrictive,1,8
50.0,subject,1.0,9,restrictive,1,8
100.0,pos1,0.0,9,restrictive,1,8
100.0,pos2,0.0,9,restrictive,1,8
100.0,pos3,0.0,9,restrictive,1,8
100.0,pos4,0.0,9,restrictive,1,8
100.0,subject,1.0,9,restrictive,1,8
150.0,pos1,0.0,9,restrictive,1,8
150.0,pos2,0.0,9,restrictive,1,8
150.0,pos3,0.0,9,restrictive,1,8
150.0,pos4,0.0,9,restrictive,1,8
150.0,subject,1.0,9,restrictive,1,8
200.0,pos1,0.0,9,restrictive,1,8
200.0,pos2,0.0,9,restrictive,1,8
200.0,pos3,0.0,9,restrictive,1,8
200.0,pos4,0.0,9,restrictive,1,8
200.0,subject,1.0,9,restrictive,1,8
0.0,pos1,0.0,10,restrictive,3,8
0.0,pos2,0.0,10,restrictive,3,8
0.0,pos3,0.0,10,restrictive,3,8
0.0,pos4,0.0,10,restrictive,3,8
0.0,subject,1.0,10,restrictive,3,8
50.0,pos1,0.0,10,restrictive,3,8
50.0,pos2,0.0,10,restrictive,3,8
50.0,pos3,0.0,10,restrictive,3,8
50.0,pos4,0.0,10,restrictive,3,8
50.0,subject,1.0,10,restrictive,3,8
100.0,pos1,0.0,10,restrictive,3,8
100.0,pos2,0.0,10,restrictive,3,8
100.0,pos3,0.0,10,restrictive,3,8
100.0,pos4,0.0,10,restrictive,3,8
100.0,subject,1.0,10,restrictive,3,8
150.0,pos1,0.0,10,restrictive,3,8
150.0,pos2,0.0,10,restrictive,3,8
150.0,pos3,0.0,10,restrictive,3,8
150.0,pos4,0.0,10,restrictive,3,8
150.0,subject,0.8638,10,restrictive,3,8
200.0,pos1,0.0,10,restrictive,3,8
200.0,pos2,0.0,10,restrictive,3,8
200.0,pos3,0.0,10,restrictive,3,8
200.0,pos4,0.0,10,restrictive,3,8
200.0,subject,1.0,10,restrictive,3,8
250.0,pos1,0.0,10,restrictive,3,8
250.0,pos2,0.0,10,restrictive,3,8
250.0,pos3,0.0,10,restrictive,3,8
250.0,pos4,0.0,10,restrictive,3,8
250.0,subject,1.0,10,restrictive,3,8
300.0,pos1,0.0,10,restrictive,3,8
300.0,pos2,0.0,10,restrictive,3,8
300.0,pos3,0.0,10,restrictive,3,8
300.0,pos4,0.0,10,restrictive,3,8
300.0,subject,1.0,10,restrictive,3,8
0.0,pos1,0.0,11,restrictive,3,8
0.0,pos2,0.0,11,restrictive,3,8
0.0,pos3,0.0,11,restrictive,3,8
0.0,pos4,0.0,11,restrictive,3,8
0.0,subject,1.0,11,restrictive,3,8
50.0,pos1,0.0,11,restrictive,3,8
50.0,pos2,0.0,11,restrictive,3,8
50.0,pos3,0.0,11,restrictive,3,8
50.0,pos4,0.0,11,restrictive,3,8
50.0,subject,1.0,11,restrictive,3,8
100.0,pos1,0.0,11,restrictive,3,8
100.0,pos2,0.0,11,restrictive,3,8
100.0,pos3,0.0,11,restrictive,3,8
100.0,pos4,0.0,11,restrictive,3,8
100.0,subject,1.0,11,restrictive,3,8
150.0,pos1,0.0,11,restrictive,3,8
150.0,pos2,0.0,11,restrictive,3,8
150.0,pos3,0.0,11,restrictive,3,8
150.0,pos4,0.0,11,restrictive,3,8
150.0,subject,1.0,11,restrictive,3,8
200.0,pos1,0.0,11,restrictive,3,8
200.0,pos2,0.0,11,restrictive,3,8
200.0,pos3,0.0,11,restrictive,3,8
200.0,pos4,0.0,11,restrictive,3,8
200.0,subject,1.0,11,restrictive,3,8
250.0,pos1,0.0,11,restrictive,3,8
250.0,pos2,0.0,11,restrictive,3,8
250.0,pos3,0.0,11,restrictive,3,8
250.0,pos4,0.0,11,restrictive,3,8
250.0,subject,1.0,11,restrictive,3,8
0.0,pos1,0.0,12,restrictive,3,8
0.0,pos2,0.0,12,restrictive,3,8
0.0,pos3,0.0,12,restrictive,3,8
0.0,pos4,0.0,12,restrictive,3,8
0.0,subject,1.0,12,restrictive,3,8
50.0,pos1,0.0,12,restrictive,3,8
50.0,pos2,0.0,12,restrictive,3,8
50.0,pos3,0.0,12,restrictive,3,8
50.0,pos4,0.0,12,restrictive,3,8
50.0,subject,1.0,12,restrictive,3,8
100.0,pos1,0.0,12,restrictive,3,8
100.0,pos2,0.0,12,restrictive,3,8
100.0,pos3,0.0,12,restrictive,3,8
100.0,pos4,0.0,12,restrictive,3,8
100.0,subject,1.0,12,restrictive,3,8
150.0,pos1,0.0,12,restrictive,3,8
150.0,pos2,0.0,12,restrictive,3,8
150.0,pos3,0.0,12,restrictive,3,8
150.0,pos4,0.0,12,restrictive,3,8
150.0,subject,1.0,12,restrictive,3,8
200.0,pos1,0.0,12,restrictive,3,8
200.0,pos2,0.0,12,restrictive,3,8
200.0,pos3,0.0,12,restrictive,3,8
200.0,pos4,0.0,12,restrictive,3,8
200.0,subject,1.0,12,restrictive,3,8
0.0,pos1,0.0,13,non-restrictive,2,8
0.0,pos2,0.0,13,non-restrictive,2,8
0.0,pos3,0.0,13,non-restrictive,2,8
0.0,pos4,0.0,13,non-restrictive,2,8
0.0,subject,0.0,13,non-restrictive,2,8
50.0,pos1,0.0,13,non-restrictive,2,8
50.0,pos2,0.0,13,non-restrictive,2,8
50.0,pos3,0.0,13,non-restrictive,2,8
50.0,pos4,0.0,13,non-restrictive,2,8
50.0,subject,0.6526,13,non-restrictive,2,8
100.0,pos1,0.0,13,non-restrictive,2,8
100.0,pos2,0.0,13,non-restrictive,2,8
100.0,pos3,0.0,13,non-restrictive,2,8
100.0,pos4,0.0,13,non-restrictive,2,8
100.0,subject,1.0,13,non-restrictive,2,8
150.0,pos1,0.0,13,non-restrictive,2,8
150.0,pos2,0.0,13,non-restrictive,2,8
150.0,pos3,0.0,13,non-restrictive,2,8
150.0,pos4,0.0,13,non-restrictive,2,8
150.0,subject,1.0,13,non-restrictive,2,8
200.0,pos1,0.0,13,non-restrictive,2,8
200.0,pos2,0.0,13,non-restrictive,2,8
200.0,pos3,0.0,13,non-restrictive,2,8
200.0,pos4,0.0,13,non-restrictive,2,8
200.0,subject,1.0,13,non-restrictive,2,8
0.0,pos1,0.0,14,restrictive,1,8
0.0,pos2,0.0,14,restrictive,1,8
0.0,pos3,0.0,14,restrictive,1,8
0.0,pos4,0.0,14,restrictive,1,8
0.0,subject,1.0,14,restrictive,1,8
50.0,pos1,0.0,14,restrictive,1,8
50.0,pos2,0.0,14,restrictive,1,8
50.0,pos3,0.0,14,restrictive,1,8
50.0,pos4,0.0,14,restrictive,1,8
50.0,subject,1.0,14,restrictive,1,8
100.0,pos1,0.0,14,restrictive,1,8
100.0,pos2,0.0,14,restrictive,1,8
100.0,pos3,0.0,14,restrictive,1,8
100.0,pos4,0.0,14,restrictive,1,8
100.0,subject,1.0,14,restrictive,1,8
150.0,pos1,0.0,14,restrictive,1,8
150.0,pos2,0.0,14,restrictive,1,8
150.0,pos3,0.0,14,restrictive,1,8
150.0,pos4,0.0,14,restrictive,1,8
150.0,subject,1.0,14,restrictive,1,8
200.0,pos1,0.0,14,restrictive,1,8
200.0,pos2,0.0,14,restrictive,1,8
200.0,pos3,0.0,14,restrictive,1,8
200.0,pos4,0.0,14,restrictive,1,8
200.0,subject,1.0,14,restrictive,1,8
250.0,pos1,0.0,14,restrictive,1,8
250.0,pos2,0.0,14,restrictive,1,8
250.0,pos3,0.0,14,restrictive,1,8
250.0,pos4,0.0,14,restrictive,1,8
250.0,subject,0.616957,14,restrictive,1,8
0.0,pos1,0.0,15,non-restrictive,2,8
0.0,pos2,0.0,15,non-restrictive,2,8
0.0,pos3,0.0,15,non-restrictive,2,8
0.0,pos4,0.0,15,non-restrictive,2,8
0.0,subject,1.0,15,non-restrictive,2,8
50.0,pos1,0.0,15,non-restrictive,2,8
50.0,pos2,0.0,15,non-restrictive,2,8
50.0,pos3,0.0,15,non-restrictive,2,8
50.0,pos4,0.0,15,non-restrictive,2,8
50.0,subject,1.0,15,non-restrictive,2,8
100.0,pos1,0.0,15,non-restrictive,2,8
100.0,pos2,0.0,15,non-restrictive,2,8
100.0,pos3,0.0,15,non-restrictive,2,8
100.0,pos4,0.0,15,non-restrictive,2,8
100.0,subject,1.0,15,non-restrictive,2,8
150.0,pos1,0.0,15,non-restrictive,2,8
150.0,pos2,0.0,15,non-restrictive,2,8
150.0,pos3,0.0,15,non-restrictive,2,8
150.0,pos4,0.0,15,non-restrictive,2,8
150.0,subject,0.8682,15,non-restrictive,2,8
200.0,pos1,0.0,15,non-restrictive,2,8
200.0,pos2,0.0,15,non-restrictive,2,8
200.0,pos3,0.0,15,non-restrictive,2,8
200.0,pos4,0.0,15,non-restrictive,2,8
200.0,subject,1.0,15,non-restrictive,2,8
250.0,pos1,0.0,15,non-restrictive,2,8
250.0,pos2,0.0,15,non-restrictive,2,8
250.0,pos3,0.0,15,non-restrictive,2,8
250.0,pos4,0.0,15,non-restrictive,2,8
250.0,subject,1.0,15,non-restrictive,2,8
0.0,pos1,0.0,16,restrictive,3,8
0.0,pos2,0.0,16,restrictive,3,8
0.0,pos3,0.0,16,restrictive,3,8
0.0,pos4,0.0,16,restrictive,3,8
0.0,subject,1.0,16,restrictive,3,8
50.0,pos1,0.0,16,restrictive,3,8
50.0,pos2,0.0,16,restrictive,3,8
50.0,pos3,0.0,16,restrictive,3,8
50.0,pos4,0.0,16,restrictive,3,8
50.0,subject,1.0,16,restrictive,3,8
100.0,pos1,0.0,16,restrictive,3,8
100.0,pos2,0.0,16,restrictive,3,8
100.0,pos3,0.0,16,restrictive,3,8
100.0,pos4,0.0,16,restrictive,3,8
100.0,subject,1.0,16,restrictive,3,8
150.0,pos1,0.0,16,restrictive,3,8
150.0,pos2,0.0,16,restrictive,3,8
150.0,pos3,0.0,16,restrictive,3,8
150.0,pos4,0.0,16,restrictive,3,8
150.0,subject,1.0,16,restrictive,3,8
200.0,pos1,0.0,16,restrictive,3,8
200.0,pos2,0.0,16,restrictive,3,8
200.0,pos3,0.0,16,restrictive,3,8
200.0,pos4,0.0,16,restrictive,3,8
200.0,subject,1.0,16,restrictive,3,8
250.0,pos1,0.0,16,restrictive,3,8
250.0,pos2,0.0,16,restrictive,3,8
250.0,pos3,0.0,16,restrictive,3,8
250.0,pos4,0.0,16,restrictive,3,8
250.0,subject,1.0,16,restrictive,3,8
300.0,pos1,0.0,16,restrictive,3,8
300.0,pos2,0.0,16,restrictive,3,8
300.0,pos3,0.0,16,restrictive,3,8
300.0,pos4,0.0,16,restrictive,3,8
300.0,subject,1.0,16,restrictive,3,8
350.0,pos1,0.0,16,restrictive,3,8
350.0,pos2,0.0,16,restrictive,3,8
350.0,pos3,0.0,16,restrictive,3,8
350.0,pos4,0.0,16,restrictive,3,8
350.0,subject,1.0,16,restrictive,3,8
0.0,pos1,0.0,17,restrictive,3,8
0.0,pos2,0.0,17,restrictive,3,8
0.0,pos3,0.0,17,restrictive,3,8
0.0,pos4,0.0,17,restrictive,3,8
0.0,subject,0.0,17,restrictive,3,8
50.0,pos1,0.0,17,restrictive,3,8
50.0,pos2,0.0,17,restrictive,3,8
50.0,pos3,0.0,17,restrictive,3,8
50.0,pos4,0.0,17,restrictive,3,8
50.0,subject,0.0,17,restrictive,3,8
100.0,pos1,0.0,17,restrictive,3,8
100.0,pos2,0.0,17,restrictive,3,8
100.0,pos3,0.0,17,restrictive,3,8
100.0,pos4,0.0,17,restrictive,3,8
100.0,subject,0.0,17,restrictive,3,8
150.0,pos1,0.0,17,restrictive,3,8
150.0,pos2,0.0,17,restrictive,3,8
150.0,pos3,0.0,17,restrictive,3,8
150.0,pos4,0.0,17,restrictive,3,8
150.0,subject,0.0,17,restrictive,3,8
200.0,pos1,0.0,17,restrictive,3,8
200.0,pos2,0.0,17,restrictive,3,8
200.0,pos3,0.0,17,restrictive,3,8
200.0,pos4,0.0,17,restrictive,3,8
200.0,subject,0.0,17,restrictive,3,8
250.0,pos1,0.0,17,restrictive,3,8
250.0,pos2,0.0,17,restrictive,3,8
250.0,pos3,0.0,17,restrictive,3,8
250.0,pos4,0.0,17,restrictive,3,8
250.0,subject,0.0,17,restrictive,3,8
0.0,pos1,0.0,18,non-restrictive,4,8
0.0,pos2,0.0,18,non-restrictive,4,8
0.0,pos3,0.0,18,non-restrictive,4,8
0.0,pos4,0.0,18,non-restrictive,4,8
0.0,subject,1.0,18,non-restrictive,4,8
50.0,pos1,0.0,18,non-restrictive,4,8
50.0,pos2,0.0,18,non-restrictive,4,8
50.0,pos3,0.0,18,non-restrictive,4,8
50.0,pos4,0.0,18,non-restrictive,4,8
50.0,subject,1.0,18,non-restrictive,4,8
100.0,pos1,0.0,18,non-restrictive,4,8
100.0,pos2,0.0,18,non-restrictive,4,8
100.0,pos3,0.0,18,non-restrictive,4,8
100.0,pos4,0.0,18,non-restrictive,4,8
100.0,subject,1.0,18,non-restrictive,4,8
150.0,pos1,0.0,18,non-restrictive,4,8
150.0,pos2,0.0,18,non-restrictive,4,8
150.0,pos3,0.0,18,non-restrictive,4,8
150.0,pos4,0.0,18,non-restrictive,4,8
150.0,subject,1.0,18,non-restrictive,4,8
200.0,pos1,0.0,18,non-restrictive,4,8
200.0,pos2,0.0,18,non-restrictive,4,8
200.0,pos3,0.0,18,non-restrictive,4,8
200.0,pos4,0.0,18,non-restrictive,4,8
200.0,subject,1.0,18,non-restrictive,4,8
0.0,pos1,0.0,19,non-restrictive,4,8
0.0,pos2,0.0,19,non-restrictive,4,8
0.0,pos3,0.0,19,non-restrictive,4,8
0.0,pos4,0.0,19,non-restrictive,4,8
0.0,subject,0.0,19,non-restrictive,4,8
50.0,pos1,0.0,19,non-restrictive,4,8
50.0,pos2,0.0,19,non-restrictive,4,8
50.0,pos3,0.0,19,non-restrictive,4,8
50.0,pos4,0.0,19,non-restrictive,4,8
50.0,subject,0.0,19,non-restrictive,4,8
100.0,pos1,0.0,19,non-restrictive,4,8
100.0,pos2,0.0,19,non-restrictive,4,8
100.0,pos3,0.0,19,non-restrictive,4,8
100.0,pos4,0.0,19,non-restrictive,4,8
100.0,subject,0.0,19,non-restrictive,4,8
150.0,pos1,0.0,19,non-restrictive,4,8
150.0,pos2,0.0,19,non-restrictive,4,8
150.0,pos3,0.0,19,non-restrictive,4,8
150.0,pos4,0.0,19,non-restrictive,4,8
150.0,subject,0.0,19,non-restrictive,4,8
200.0,pos1,0.0,19,non-restrictive,4,8
200.0,pos2,0.0,19,non-restrictive,4,8
200.0,pos3,0.0,19,non-restrictive,4,8
200.0,pos4,0.0,19,non-restrictive,4,8
200.0,subject,0.0,19,non-restrictive,4,8
0.0,pos1,0.0,20,non-restrictive,4,8
0.0,pos2,0.0,20,non-restrictive,4,8
0.0,pos3,0.0,20,non-restrictive,4,8
0.0,pos4,0.0,20,non-restrictive,4,8
0.0,subject,1.0,20,non-restrictive,4,8
50.0,pos1,0.0,20,non-restrictive,4,8
50.0,pos2,0.0,20,non-restrictive,4,8
50.0,pos3,0.0,20,non-restrictive,4,8
50.0,pos4,0.0,20,non-restrictive,4,8
50.0,subject,1.0,20,non-restrictive,4,8
100.0,pos1,0.0,20,non-restrictive,4,8
100.0,pos2,0.0,20,non-restrictive,4,8
100.0,pos3,0.0,20,non-restrictive,4,8
100.0,pos4,0.0,20,non-restrictive,4,8
100.0,subject,1.0,20,non-restrictive,4,8
150.0,pos1,0.0,20,non-restrictive,4,8
150.0,pos2,0.0,20,non-restrictive,4,8
150.0,pos3,0.0,20,non-restrictive,4,8
150.0,pos4,0.0,20,non-restrictive,4,8
150.0,subject,1.0,20,non-restrictive,4,8
200.0,pos1,0.0,20,non-restrictive,4,8
200.0,pos2,0.0,20,non-restrictive,4,8
200.0,pos3,0.0,20,non-restrictive,4,8
200.0,pos4,0.0,20,non-restrictive,4,8
200.0,subject,0.8644,20,non-restrictive,4,8
250.0,pos1,0.0,20,non-restrictive,4,8
250.0,pos2,0.0,20,non-restrictive,4,8
250.0,pos3,0.0,20,non-restrictive,4,8
250.0,pos4,0.0,20,non-restrictive,4,8
250.0,subject,1.0,20,non-restrictive,4,8
0.0,pos1,0.0,21,non-restrictive,2,8
0.0,pos2,0.0,21,non-restrictive,2,8
0.0,pos3,0.0,21,non-restrictive,2,8
0.0,pos4,0.0,21,non-restrictive,2,8
0.0,subject,0.0,21,non-restrictive,2,8
50.0,pos1,0.0,21,non-restrictive,2,8
50.0,pos2,0.0,21,non-restrictive,2,8
50.0,pos3,0.0,21,non-restrictive,2,8
50.0,pos4,0.0,21,non-restrictive,2,8
50.0,subject,0.0,21,non-restrictive,2,8
100.0,pos1,0.0,21,non-restrictive,2,8
100.0,pos2,0.0,21,non-restrictive,2,8
100.0,pos3,0.0,21,non-restrictive,2,8
100.0,pos4,0.0,21,non-restrictive,2,8
100.0,subject,0.0,21,non-restrictive,2,8
150.0,pos1,0.0,21,non-restrictive,2,8
150.0,pos2,0.0,21,non-restrictive,2,8
150.0,pos3,0.0,21,non-restrictive,2,8
150.0,pos4,0.0,21,non-restrictive,2,8
150.0,subject,0.0,21,non-restrictive,2,8
200.0,pos1,0.0,21,non-restrictive,2,8
200.0,pos2,0.0,21,non-restrictive,2,8
200.0,pos3,0.0,21,non-restrictive,2,8
200.0,pos4,0.0,21,non-restrictive,2,8
200.0,subject,0.0,21,non-restrictive,2,8
250.0,pos1,0.0,21,non-restrictive,2,8
250.0,pos2,0.0,21,non-restrictive,2,8
250.0,pos3,0.0,21,non-restrictive,2,8
250.0,pos4,0.0,21,non-restrictive,2,8
250.0,subject,0.0,21,non-restrictive,2,8
0.0,pos1,0.0,22,non-restrictive,4,8
0.0,pos2,0.0,22,non-restrictive,4,8
0.0,pos3,0.0,22,non-restrictive,4,8
0.0,pos4,0.0,22,non-restrictive,4,8
0.0,subject,0.0,22,non-restrictive,4,8
50.0,pos1,0.0,22,non-restrictive,4,8
50.0,pos2,0.0,22,non-restrictive,4,8
50.0,pos3,0.0,22,non-restrictive,4,8
50.0,pos4,0.0,22,non-restrictive,4,8
50.0,subject,0.0,22,non-restrictive,4,8
100.0,pos1,0.0,22,non-restrictive,4,8
100.0,pos2,0.0,22,non-restrictive,4,8
100.0,pos3,0.0,22,non-restrictive,4,8
100.0,pos4,0.0,22,non-restrictive,4,8
100.0,subject,0.0,22,non-restrictive,4,8
150.0,pos1,0.0,22,non-restrictive,4,8
150.0,pos2,0.0,22,non-restrictive,4,8
150.0,pos3,0.0,22,non-restrictive,4,8
150.0,pos4,0.0,22,non-restrictive,4,8
150.0,subject,0.0,22,non-restrictive,4,8
200.0,pos1,0.0,22,non-restrictive,4,8
200.0,pos2,0.0,22,non-restrictive,4,8
200.0,pos3,0.0,22,non-restrictive,4,8
200.0,pos4,0.0,22,non-restrictive,4,8
200.0,subject,0.0,22,non-restrictive,4,8
250.0,pos1,0.0,22,non-restrictive,4,8
250.0,pos2,0.0,22,non-restrictive,4,8
250.0,pos3,0.0,22,non-restrictive,4,8
250.0,pos4,0.0,22,non-restrictive,4,8
250.0,subject,0.0,22,non-restrictive,4,8
0.0,pos1,0.0,23,restrictive,1,8
0.0,pos2,0.0,23,restrictive,1,8
0.0,pos3,0.0,23,restrictive,1,8
0.0,pos4,0.0,23,restrictive,1,8
0.0,subject,0.0,23,restrictive,1,8
50.0,pos1,0.0,23,restrictive,1,8
50.0,pos2,0.0,23,restrictive,1,8
50.0,pos3,0.0,23,restrictive,1,8
50.0,pos4,0.0,23,restrictive,1,8
50.0,subject,0.0,23,restrictive,1,8
100.0,pos1,0.0,23,restrictive,1,8
100.0,pos2,0.0,23,restrictive,1,8
100.0,pos3,0.0,23,restrictive,1,8
100.0,pos4,0.0,23,restrictive,1,8
100.0,subject,0.0,23,restrictive,1,8
150.0,pos1,0.0,23,restrictive,1,8
150.0,pos2,0.0,23,restrictive,1,8
150.0,pos3,0.0,23,restrictive,1,8
150.0,pos4,0.0,23,restrictive,1,8
150.0,subject,0.0,23,restrictive,1,8
200.0,pos1,0.0,23,restrictive,1,8
200.0,pos2,0.0,23,restrictive,1,8
200.0,pos3,0.0,23,restrictive,1,8
200.0,pos4,0.0,23,restrictive,1,8
200.0,subject,0.0,23,restrictive,1,8
250.0,pos1,0.0,23,restrictive,1,8
250.0,pos2,0.0,23,restrictive,1,8
250.0,pos3,0.0,23,restrictive,1,8
250.0,pos4,0.0,23,restrictive,1,8
250.0,subject,0.3552,23,restrictive,1,8
300.0,pos1,0.0,23,restrictive,1,8
300.0,pos2,0.0,23,restrictive,1,8
300.0,pos3,0.0,23,restrictive,1,8
300.0,pos4,0.0,23,restrictive,1,8
300.0,subject,1.0,23,restrictive,1,8
0.0,pos1,0.0,24,non-restrictive,4,8
0.0,pos2,0.0,24,non-restrictive,4,8
0.0,pos3,0.0,24,non-restrictive,4,8
0.0,pos4,0.0,24,non-restrictive,4,8
0.0,subject,1.0,24,non-restrictive,4,8
50.0,pos1,0.0,24,non-restrictive,4,8
50.0,pos2,0.0,24,non-restrictive,4,8
50.0,pos3,0.0,24,non-restrictive,4,8
50.0,pos4,0.0,24,non-restrictive,4,8
50.0,subject,1.0,24,non-restrictive,4,8
100.0,pos1,0.0,24,non-restrictive,4,8
100.0,pos2,0.0,24,non-restrictive,4,8
100.0,pos3,0.0,24,non-restrictive,4,8
100.0,pos4,0.0,24,non-restrictive,4,8
100.0,subject,1.0,24,non-restrictive,4,8
150.0,pos1,0.0,24,non-restrictive,4,8
150.0,pos2,0.0,24,non-restrictive,4,8
150.0,pos3,0.0,24,non-restrictive,4,8
150.0,pos4,0.0,24,non-restrictive,4,8
150.0,subject,1.0,24,non-restrictive,4,8
200.0,pos1,0.0,24,non-restrictive,4,8
200.0,pos2,0.0,24,non-restrictive,4,8
200.0,pos3,0.0,24,non-restrictive,4,8
200.0,pos4,0.0,24,non-restrictive,4,8
200.0,subject,1.0,24,non-restrictive,4,8
250.0,pos1,0.0,24,non-restrictive,4,8
250.0,pos2,0.0,24,non-restrictive,4,8
250.0,pos3,0.0,24,non-restrictive,4,8
250.0,pos4,0.0,24,non-restrictive,4,8
250.0,subject,1.0,24,non-restrictive,4,8
300.0,pos1,0.0,24,non-restrictive,4,8
300.0,pos2,0.0,24,non-restrictive,4,8
300.0,pos3,0.0,24,non-restrictive,4,8
300.0,pos4,0.0,24,non-restrictive,4,8
300.0,subject,1.0,24,non-restrictive,4,8
0.0,pos1,0.0,25,non-restrictive,4,8
0.0,pos2,0.0,25,non-restrictive,4,8
0.0,pos3,0.0,25,non-restrictive,4,8
0.0,pos4,0.0,25,non-restrictive,4,8
0.0,subject,1.0,25,non-restrictive,4,8
50.0,pos1,0.0,25,non-restrictive,4,8
50.0,pos2,0.0,25,non-restrictive,4,8
50.0,pos3,0.0,25,non-restrictive,4,8
50.0,pos4,0.0,25,non-restrictive,4,8
50.0,subject,1.0,25,non-restrictive,4,8
100.0,pos1,0.0,25,non-restrictive,4,8
100.0,pos2,0.0,25,non-restrictive,4,8
100.0,pos3,0.0,25,non-restrictive,4,8
100.0,pos4,0.0,25,non-restrictive,4,8
100.0,subject,1.0,25,non-restrictive,4,8
150.0,pos1,0.0,25,non-restrictive,4,8
150.0,pos2,0.0,25,non-restrictive,4,8
150.0,pos3,0.0,25,non-restrictive,4,8
150.0,pos4,0.0,25,non-restrictive,4,8
150.0,subject,1.0,25,non-restrictive,4,8
200.0,pos1,0.0,25,non-restrictive,4,8
200.0,pos2,0.0,25,non-restrictive,4,8
200.0,pos3,0.0,25,non-restrictive,4,8
200.0,pos4,0.0,25,non-restrictive,4,8
200.0,subject,1.0,25,non-restrictive,4,8
250.0,pos1,0.0,25,non-restrictive,4,8
250.0,pos2,0.0,25,non-restrictive,4,8
250.0,pos3,0.0,25,non-restrictive,4,8
250.0,pos4,0.0,25,non-restrictive,4,8
250.0,subject,1.0,25,non-restrictive,4,8
0.0,pos1,0.0,26,non-restrictive,4,8
0.0,pos2,0.0,26,non-restrictive,4,8
0.0,pos3,0.0,26,non-restrictive,4,8
0.0,pos4,0.0,26,non-restrictive,4,8
0.0,subject,1.0,26,non-restrictive,4,8
50.0,pos1,0.0,26,non-restrictive,4,8
50.0,pos2,0.0,26,non-restrictive,4,8
50.0,pos3,0.0,26,non-restrictive,4,8
50.0,pos4,0.0,26,non-restrictive,4,8
50.0,subject,1.0,26,non-restrictive,4,8
100.0,pos1,0.0,26,non-restrictive,4,8
100.0,pos2,0.0,26,non-restrictive,4,8
100.0,pos3,0.0,26,non-restrictive,4,8
100.0,pos4,0.0,26,non-restrictive,4,8
100.0,subject,1.0,26,non-restrictive,4,8
150.0,pos1,0.0,26,non-restrictive,4,8
150.0,pos2,0.0,26,non-restrictive,4,8
150.0,pos3,0.0,26,non-restrictive,4,8
150.0,pos4,0.0,26,non-restrictive,4,8
150.0,subject,1.0,26,non-restrictive,4,8
200.0,pos1,0.0,26,non-restrictive,4,8
200.0,pos2,0.0,26,non-restrictive,4,8
200.0,pos3,0.0,26,non-restrictive,4,8
200.0,pos4,0.0,26,non-restrictive,4,8
200.0,subject,1.0,26,non-restrictive,4,8
250.0,pos1,0.0,26,non-restrictive,4,8
250.0,pos2,0.0,26,non-restrictive,4,8
250.0,pos3,0.0,26,non-restrictive,4,8
250.0,pos4,0.0,26,non-restrictive,4,8
250.0,subject,1.0,26,non-restrictive,4,8
0.0,pos1,0.0,27,non-restrictive,4,8
0.0,pos2,0.0,27,non-restrictive,4,8
0.0,pos3,0.0,27,non-restrictive,4,8
0.0,pos4,0.0,27,non-restrictive,4,8
0.0,subject,1.0,27,non-restrictive,4,8
50.0,pos1,0.0,27,non-restrictive,4,8
50.0,pos2,0.0,27,non-restrictive,4,8
50.0,pos3,0.0,27,non-restrictive,4,8
50.0,pos4,0.0,27,non-restrictive,4,8
50.0,subject,0.8646,27,non-restrictive,4,8
100.0,pos1,0.0,27,non-restrictive,4,8
100.0,pos2,0.0,27,non-restrictive,4,8
100.0,pos3,0.0,27,non-restrictive,4,8
100.0,pos4,0.0,27,non-restrictive,4,8
100.0,subject,1.0,27,non-restrictive,4,8
150.0,pos1,0.0,27,non-restrictive,4,8
150.0,pos2,0.0,27,non-restrictive,4,8
150.0,pos3,0.0,27,non-restrictive,4,8
150.0,pos4,0.0,27,non-restrictive,4,8
150.0,subject,1.0,27,non-restrictive,4,8
200.0,pos1,0.0,27,non-restrictive,4,8
200.0,pos2,0.0,27,non-restrictive,4,8
200.0,pos3,0.0,27,non-restrictive,4,8
200.0,pos4,0.0,27,non-restrictive,4,8
200.0,subject,1.0,27,non-restrictive,4,8
250.0,pos1,0.0,27,non-restrictive,4,8
250.0,pos2,0.0,27,non-restrictive,4,8
250.0,pos3,0.0,27,non-restrictive,4,8
250.0,pos4,0.0,27,non-restrictive,4,8
250.0,subject,1.0,27,non-restrictive,4,8
0.0,pos1,0.0,28,restrictive,3,8
0.0,pos2,0.0,28,restrictive,3,8
0.0,pos3,0.0,28,restrictive,3,8
0.0,pos4,0.0,28,restrictive,3,8
0.0,subject,1.0,28,restrictive,3,8
50.0,pos1,0.0,28,restrictive,3,8
50.0,pos2,0.0,28,restrictive,3,8
50.0,pos3,0.0,28,restrictive,3,8
50.0,pos4,0.0,28,restrictive,3,8
50.0,subject,1.0,28,restrictive,3,8
100.0,pos1,0.0,28,restrictive,3,8
100.0,pos2,0.0,28,restrictive,3,8
100.0,pos3,0.0,28,restrictive,3,8
100.0,pos4,0.0,28,restrictive,3,8
100.0,subject,1.0,28,restrictive,3,8
150.0,pos1,0.0,28,restrictive,3,8
150.0,pos2,0.0,28,restrictive,3,8
150.0,pos3,0.0,28,restrictive,3,8
150.0,pos4,0.0,28,restrictive,3,8
150.0,subject,1.0,28,restrictive,3,8
200.0,pos1,0.0,28,restrictive,3,8
200.0,pos2,0.0,28,restrictive,3,8
200.0,pos3,0.0,28,restrictive,3,8
200.0,pos4,0.0,28,restrictive,3,8
200.0,subject,1.0,28,restrictive,3,8
250.0,pos1,0.0,28,restrictive,3,8
250.0,pos2,0.0,28,restrictive,3,8
250.0,pos3,0.0,28,restrictive,3,8
250.0,pos4,0.0,28,restrictive,3,8
250.0,subject,1.0,28,restrictive,3,8
300.0,pos1,0.0,28,restrictive,3,8
300.0,pos2,0.0,28,restrictive,3,8
300.0,pos3,0.0,28,restrictive,3,8
300.0,pos4,0.0,28,restrictive,3,8
300.0,subject,1.0,28,restrictive,3,8
0.0,pos1,0.0,29,restrictive,3,8
0.0,pos2,0.0,29,restrictive,3,8
0.0,pos3,0.0,29,restrictive,3,8
0.0,pos4,0.0,29,restrictive,3,8
0.0,subject,1.0,29,restrictive,3,8
50.0,pos1,0.0,29,restrictive,3,8
50.0,pos2,0.0,29,restrictive,3,8
50.0,pos3,0.0,29,restrictive,3,8
50.0,pos4,0.0,29,restrictive,3,8
50.0,subject,1.0,29,restrictive,3,8
100.0,pos1,0.0,29,restrictive,3,8
100.0,pos2,0.0,29,restrictive,3,8
100.0,pos3,0.0,29,restrictive,3,8
100.0,pos4,0.0,29,restrictive,3,8
100.0,subject,1.0,29,restrictive,3,8
150.0,pos1,0.0,29,restrictive,3,8
150.0,pos2,0.0,29,restrictive,3,8
150.0,pos3,0.0,29,restrictive,3,8
150.0,pos4,0.0,29,restrictive,3,8
150.0,subject,1.0,29,restrictive,3,8
200.0,pos1,0.0,29,restrictive,3,8
200.0,pos2,0.0,29,restrictive,3,8
200.0,pos3,0.0,29,restrictive,3,8
200.0,pos4,0.0,29,restrictive,3,8
200.0,subject,1.0,29,restrictive,3,8
250.0,pos1,0.0,29,restrictive,3,8
250.0,pos2,0.0,29,restrictive,3,8
250.0,pos3,0.0,29,restrictive,3,8
250.0,pos4,0.0,29,restrictive,3,8
250.0,subject,1.0,29,restrictive,3,8
300.0,pos1,0.0,29,restrictive,3,8
300.0,pos2,0.0,29,restrictive,3,8
300.0,pos3,0.0,29,restrictive,3,8
300.0,pos4,0.0,29,restrictive,3,8
300.0,subject,1.0,29,restrictive,3,8
350.0,pos1,0.0,29,restrictive,3,8
350.0,pos2,0.0,29,restrictive,3,8
350.0,pos3,0.0,29,restrictive,3,8
350.0,pos4,0.0,29,restrictive,3,8
350.0,subject,1.0,29,restrictive,3,8
400.0,pos1,0.0,29,restrictive,3,8
400.0,pos2,0.0,29,restrictive,3,8
400.0,pos3,0.0,29,restrictive,3,8
400.0,pos4,0.0,29,restrictive,3,8
400.0,subject,1.0,29,restrictive,3,8
450.0,pos1,0.0,29,restrictive,3,8
450.0,pos2,0.0,29,restrictive,3,8
450.0,pos3,0.0,29,restrictive,3,8
450.0,pos4,0.0,29,restrictive,3,8
450.0,subject,1.0,29,restrictive,3,8
500.0,pos1,0.0,29,restrictive,3,8
500.0,pos2,0.0,29,restrictive,3,8
500.0,pos3,0.0,29,restrictive,3,8
500.0,pos4,0.0,29,restrictive,3,8
500.0,subject,1.0,29,restrictive,3,8
550.0,pos1,0.0,29,restrictive,3,8
550.0,pos2,0.0,29,restrictive,3,8
550.0,pos3,0.0,29,restrictive,3,8
550.0,pos4,0.0,29,restrictive,3,8
550.0,subject,0.4502,29,restrictive,3,8
600.0,pos1,0.0,29,restrictive,3,8
600.0,pos2,0.0,29,restrictive,3,8
600.0,pos3,0.0,29,restrictive,3,8
600.0,pos4,0.0,29,restrictive,3,8
600.0,subject,0.0,29,restrictive,3,8
650.0,pos1,0.0,29,restrictive,3,8
650.0,pos2,0.0,29,restrictive,3,8
650.0,pos3,0.0,29,restrictive,3,8
650.0,pos4,0.0,29,restrictive,3,8
650.0,subject,0.0,29,restrictive,3,8
700.0,pos1,0.0,29,restrictive,3,8
700.0,pos2,0.0,29,restrictive,3,8
700.0,pos3,0.0,29,restrictive,3,8
700.0,pos4,0.0,29,restrictive,3,8
700.0,subject,0.0,29,restrictive,3,8
750.0,pos1,0.0,29,restrictive,3,8
750.0,pos2,0.0,29,restrictive,3,8
750.0,pos3,0.0,29,restrictive,3,8
750.0,pos4,0.0,29,restrictive,3,8
750.0,subject,0.0,29,restrictive,3,8
800.0,pos1,0.0,29,restrictive,3,8
800.0,pos2,0.0,29,restrictive,3,8
800.0,pos3,0.0,29,restrictive,3,8
800.0,pos4,0.0,29,restrictive,3,8
800.0,subject,0.0,29,restrictive,3,8
850.0,pos1,0.0,29,restrictive,3,8
850.0,pos2,0.0,29,restrictive,3,8
850.0,pos3,0.0,29,restrictive,3,8
850.0,pos4,0.0,29,restrictive,3,8
850.0,subject,0.0,29,restrictive,3,8
900.0,pos1,0.0,29,restrictive,3,8
900.0,pos2,0.0,29,restrictive,3,8
900.0,pos3,0.0,29,restrictive,3,8
900.0,pos4,0.0,29,restrictive,3,8
900.0,subject,0.0,29,restrictive,3,8
0.0,pos1,0.0,30,non-restrictive,2,8
0.0,pos2,0.0,30,non-restrictive,2,8
0.0,pos3,0.0,30,non-restrictive,2,8
0.0,pos4,0.0,30,non-restrictive,2,8
0.0,subject,1.0,30,non-restrictive,2,8
50.0,pos1,0.0,30,non-restrictive,2,8
50.0,pos2,0.0,30,non-restrictive,2,8
50.0,pos3,0.0,30,non-restrictive,2,8
50.0,pos4,0.0,30,non-restrictive,2,8
50.0,subject,0.8694,30,non-restrictive,2,8
100.0,pos1,0.0,30,non-restrictive,2,8
100.0,pos2,0.0,30,non-restrictive,2,8
100.0,pos3,0.0,30,non-restrictive,2,8
100.0,pos4,0.0,30,non-restrictive,2,8
100.0,subject,1.0,30,non-restrictive,2,8
150.0,pos1,0.0,30,non-restrictive,2,8
150.0,pos2,0.0,30,non-restrictive,2,8
150.0,pos3,0.0,30,non-restrictive,2,8
150.0,pos4,0.0,30,non-restrictive,2,8
150.0,subject,1.0,30,non-restrictive,2,8
200.0,pos1,0.0,30,non-restrictive,2,8
200.0,pos2,0.0,30,non-restrictive,2,8
200.0,pos3,0.0,30,non-restrictive,2,8
200.0,pos4,0.0,30,non-restrictive,2,8
200.0,subject,1.0,30,non-restrictive,2,8
250.0,pos1,0.0,30,non-restrictive,2,8
250.0,pos2,0.0,30,non-restrictive,2,8
250.0,pos3,0.0,30,non-restrictive,2,8
250.0,pos4,0.0,30,non-restrictive,2,8
250.0,subject,1.0,30,non-restrictive,2,8
0.0,pos1,0.0,31,non-restrictive,2,8
0.0,pos2,0.0,31,non-restrictive,2,8
0.0,pos3,0.0,31,non-restrictive,2,8
0.0,pos4,0.0,31,non-restrictive,2,8
0.0,subject,0.0,31,non-restrictive,2,8
50.0,pos1,0.0,31,non-restrictive,2,8
50.0,pos2,0.0,31,non-restrictive,2,8
50.0,pos3,0.0,31,non-restrictive,2,8
50.0,pos4,0.0,31,non-restrictive,2,8
50.0,subject,0.0,31,non-restrictive,2,8
100.0,pos1,0.0,31,non-restrictive,2,8
100.0,pos2,0.0,31,non-restrictive,2,8
100.0,pos3,0.0,31,non-restrictive,2,8
100.0,pos4,0.0,31,non-restrictive,2,8
100.0,subject,0.0,31,non-restrictive,2,8
150.0,pos1,0.0,31,non-restrictive,2,8
150.0,pos2,0.0,31,non-restrictive,2,8
150.0,pos3,0.0,31,non-restrictive,2,8
150.0,pos4,0.0,31,non-restrictive,2,8
150.0,subject,0.0,31,non-restrictive,2,8
200.0,pos1,0.0,31,non-restrictive,2,8
200.0,pos2,0.0,31,non-restrictive,2,8
200.0,pos3,0.8984,31,non-restrictive,2,8
200.0,pos4,0.0,31,non-restrictive,2,8
200.0,subject,0.0,31,non-restrictive,2,8
250.0,pos1,0.0,31,non-restrictive,2,8
250.0,pos2,0.0,31,non-restrictive,2,8
250.0,pos3,1.0,31,non-restrictive,2,8
250.0,pos4,0.0,31,non-restrictive,2,8
250.0,subject,0.0,31,non-restrictive,2,8
300.0,pos1,0.0,31,non-restrictive,2,8
300.0,pos2,0.0,31,non-restrictive,2,8
300.0,pos3,1.0,31,non-restrictive,2,8
300.0,pos4,0.0,31,non-restrictive,2,8
300.0,subject,0.0,31,non-restrictive,2,8
0.0,pos1,0.0,32,restrictive,1,8
0.0,pos2,0.0,32,restrictive,1,8
0.0,pos3,0.0,32,restrictive,1,8
0.0,pos4,0.0,32,restrictive,1,8
0.0,subject,0.0,32,restrictive,1,8
50.0,pos1,0.0,32,restrictive,1,8
50.0,pos2,0.0,32,restrictive,1,8
50.0,pos3,0.0,32,restrictive,1,8
50.0,pos4,0.0,32,restrictive,1,8
50.0,subject,0.0,32,restrictive,1,8
100.0,pos1,0.0,32,restrictive,1,8
100.0,pos2,0.0,32,restrictive,1,8
100.0,pos3,0.0,32,restrictive,1,8
100.0,pos4,0.0,32,restrictive,1,8
100.0,subject,0.0,32,restrictive,1,8
150.0,pos1,0.0,32,restrictive,1,8
150.0,pos2,0.0,32,restrictive,1,8
150.0,pos3,0.0,32,restrictive,1,8
150.0,pos4,0.0,32,restrictive,1,8
150.0,subject,0.0,32,restrictive,1,8
200.0,pos1,0.0,32,restrictive,1,8
200.0,pos2,0.0,32,restrictive,1,8
200.0,pos3,0.0,32,restrictive,1,8
200.0,pos4,0.0,32,restrictive,1,8
200.0,subject,0.0,32,restrictive,1,8
250.0,pos1,0.0,32,restrictive,1,8
250.0,pos2,0.0,32,restrictive,1,8
250.0,pos3,0.0,32,restrictive,1,8
250.0,pos4,0.0,32,restrictive,1,8
250.0,subject,0.0,32,restrictive,1,8
0.0,pos1,0.0,34,restrictive,3,8
0.0,pos2,0.0,34,restrictive,3,8
0.0,pos3,0.0,34,restrictive,3,8
0.0,pos4,0.0,34,restrictive,3,8
0.0,subject,0.0,34,restrictive,3,8
50.0,pos1,0.0,34,restrictive,3,8
50.0,pos2,0.0,34,restrictive,3,8
50.0,pos3,0.0,34,restrictive,3,8
50.0,pos4,0.0,34,restrictive,3,8
50.0,subject,0.0,34,restrictive,3,8
100.0,pos1,0.0,34,restrictive,3,8
100.0,pos2,0.0,34,restrictive,3,8
100.0,pos3,0.0,34,restrictive,3,8
100.0,pos4,0.0,34,restrictive,3,8
100.0,subject,0.0,34,restrictive,3,8
150.0,pos1,0.0,34,restrictive,3,8
150.0,pos2,0.0,34,restrictive,3,8
150.0,pos3,0.0,34,restrictive,3,8
150.0,pos4,0.0,34,restrictive,3,8
150.0,subject,0.0,34,restrictive,3,8
200.0,pos1,0.0,34,restrictive,3,8
200.0,pos2,0.0,34,restrictive,3,8
200.0,pos3,0.0,34,restrictive,3,8
200.0,pos4,0.0,34,restrictive,3,8
200.0,subject,0.0,34,restrictive,3,8
250.0,pos1,0.0,34,restrictive,3,8
250.0,pos2,0.888,34,restrictive,3,8
250.0,pos3,0.0,34,restrictive,3,8
250.0,pos4,0.0,34,restrictive,3,8
250.0,subject,0.0,34,restrictive,3,8
300.0,pos1,0.0,34,restrictive,3,8
300.0,pos2,1.0,34,restrictive,3,8
300.0,pos3,0.0,34,restrictive,3,8
300.0,pos4,0.0,34,restrictive,3,8
300.0,subject,0.0,34,restrictive,3,8
0.0,pos1,0.0,35,non-restrictive,2,8
0.0,pos2,0.0,35,non-restrictive,2,8
0.0,pos3,0.0,35,non-restrictive,2,8
0.0,pos4,0.0,35,non-restrictive,2,8
0.0,subject,1.0,35,non-restrictive,2,8
50.0,pos1,0.0,35,non-restrictive,2,8
50.0,pos2,0.0,35,non-restrictive,2,8
50.0,pos3,0.0,35,non-restrictive,2,8
50.0,pos4,0.0,35,non-restrictive,2,8
50.0,subject,1.0,35,non-restrictive,2,8
100.0,pos1,0.0,35,non-restrictive,2,8
100.0,pos2,0.0,35,non-restrictive,2,8
100.0,pos3,0.0,35,non-restrictive,2,8
100.0,pos4,0.0,35,non-restrictive,2,8
100.0,subject,1.0,35,non-restrictive,2,8
150.0,pos1,0.0,35,non-restrictive,2,8
150.0,pos2,0.0,35,non-restrictive,2,8
150.0,pos3,0.0,35,non-restrictive,2,8
150.0,pos4,0.0,35,non-restrictive,2,8
150.0,subject,1.0,35,non-restrictive,2,8
200.0,pos1,0.0,35,non-restrictive,2,8
200.0,pos2,0.0,35,non-restrictive,2,8
200.0,pos3,0.0,35,non-restrictive,2,8
200.0,pos4,0.0,35,non-restrictive,2,8
200.0,subject,0.4804,35,non-restrictive,2,8
250.0,pos1,0.0,35,non-restrictive,2,8
250.0,pos2,0.0,35,non-restrictive,2,8
250.0,pos3,0.0,35,non-restrictive,2,8
250.0,pos4,0.0,35,non-restrictive,2,8
250.0,subject,0.0,35,non-restrictive,2,8
0.0,pos1,0.0,36,restrictive,1,8
0.0,pos2,0.0,36,restrictive,1,8
0.0,pos3,0.0,36,restrictive,1,8
0.0,pos4,0.0,36,restrictive,1,8
0.0,subject,0.0,36,restrictive,1,8
50.0,pos1,0.0,36,restrictive,1,8
50.0,pos2,0.0,36,restrictive,1,8
50.0,pos3,0.0,36,restrictive,1,8
50.0,pos4,0.0,36,restrictive,1,8
50.0,subject,0.0,36,restrictive,1,8
100.0,pos1,0.0,36,restrictive,1,8
100.0,pos2,0.0,36,restrictive,1,8
100.0,pos3,0.0,36,restrictive,1,8
100.0,pos4,0.0,36,restrictive,1,8
100.0,subject,0.0,36,restrictive,1,8
150.0,pos1,0.0,36,restrictive,1,8
150.0,pos2,0.0,36,restrictive,1,8
150.0,pos3,0.0,36,restrictive,1,8
150.0,pos4,0.0,36,restrictive,1,8
150.0,subject,0.0,36,restrictive,1,8
200.0,pos1,0.0,36,restrictive,1,8
200.0,pos2,0.0,36,restrictive,1,8
200.0,pos3,0.0,36,restrictive,1,8
200.0,pos4,0.0,36,restrictive,1,8
200.0,subject,0.0,36,restrictive,1,8
250.0,pos1,0.0,36,restrictive,1,8
250.0,pos2,0.0,36,restrictive,1,8
250.0,pos3,0.0,36,restrictive,1,8
250.0,pos4,0.0,36,restrictive,1,8
250.0,subject,0.0,36,restrictive,1,8
0.0,pos1,0.0,37,restrictive,3,8
0.0,pos2,0.0,37,restrictive,3,8
0.0,pos3,0.0,37,restrictive,3,8
0.0,pos4,0.0,37,restrictive,3,8
0.0,subject,0.0,37,restrictive,3,8
50.0,pos1,0.0,37,restrictive,3,8
50.0,pos2,0.0,37,restrictive,3,8
50.0,pos3,0.0,37,restrictive,3,8
50.0,pos4,0.0,37,restrictive,3,8
50.0,subject,0.0,37,restrictive,3,8
100.0,pos1,0.0,37,restrictive,3,8
100.0,pos2,0.1308,37,restrictive,3,8
100.0,pos3,0.0,37,restrictive,3,8
100.0,pos4,0.0,37,restrictive,3,8
100.0,subject,0.0,37,restrictive,3,8
150.0,pos1,0.0,37,restrictive,3,8
150.0,pos2,1.0,37,restrictive,3,8
150.0,pos3,0.0,37,restrictive,3,8
150.0,pos4,0.0,37,restrictive,3,8
150.0,subject,0.0,37,restrictive,3,8
200.0,pos1,0.0,37,restrictive,3,8
200.0,pos2,1.0,37,restrictive,3,8
200.0,pos3,0.0,37,restrictive,3,8
200.0,pos4,0.0,37,restrictive,3,8
200.0,subject,0.0,37,restrictive,3,8
250.0,pos1,0.0,37,restrictive,3,8
250.0,pos2,0.6902,37,restrictive,3,8
250.0,pos3,0.0,37,restrictive,3,8
250.0,pos4,0.0,37,restrictive,3,8
250.0,subject,0.0,37,restrictive,3,8
300.0,pos1,0.0,37,restrictive,3,8
300.0,pos2,0.0,37,restrictive,3,8
300.0,pos3,0.0,37,restrictive,3,8
300.0,pos4,0.0,37,restrictive,3,8
300.0,subject,0.0,37,restrictive,3,8
350.0,pos1,0.0,37,restrictive,3,8
350.0,pos2,0.0,37,restrictive,3,8
350.0,pos3,0.0,37,restrictive,3,8
350.0,pos4,0.0,37,restrictive,3,8
350.0,subject,0.0,37,restrictive,3,8
400.0,pos1,0.0,37,restrictive,3,8
400.0,pos2,0.0,37,restrictive,3,8
400.0,pos3,0.0,37,restrictive,3,8
400.0,pos4,0.0,37,restrictive,3,8
400.0,subject,0.0,37,restrictive,3,8
450.0,pos1,0.0,37,restrictive,3,8
450.0,pos2,0.0,37,restrictive,3,8
450.0,pos3,0.0,37,restrictive,3,8
450.0,pos4,0.0,37,restrictive,3,8
450.0,subject,0.0,37,restrictive,3,8
500.0,pos1,0.0,37,restrictive,3,8
500.0,pos2,0.0,37,restrictive,3,8
500.0,pos3,0.0,37,restrictive,3,8
500.0,pos4,0.0,37,restrictive,3,8
500.0,subject,0.0,37,restrictive,3,8
550.0,pos1,0.0,37,restrictive,3,8
550.0,pos2,0.0,37,restrictive,3,8
550.0,pos3,0.0,37,restrictive,3,8
550.0,pos4,0.0,37,restrictive,3,8
550.0,subject,0.0,37,restrictive,3,8
0.0,pos1,0.0,38,restrictive,1,8
0.0,pos2,0.0,38,restrictive,1,8
0.0,pos3,0.0,38,restrictive,1,8
0.0,pos4,0.0,38,restrictive,1,8
0.0,subject,1.0,38,restrictive,1,8
50.0,pos1,0.0,38,restrictive,1,8
50.0,pos2,0.0,38,restrictive,1,8
50.0,pos3,0.0,38,restrictive,1,8
50.0,pos4,0.0,38,restrictive,1,8
50.0,subject,1.0,38,restrictive,1,8
100.0,pos1,0.0,38,restrictive,1,8
100.0,pos2,0.0,38,restrictive,1,8
100.0,pos3,0.0,38,restrictive,1,8
100.0,pos4,0.0,38,restrictive,1,8
100.0,subject,0.0084,38,restrictive,1,8
150.0,pos1,0.0,38,restrictive,1,8
150.0,pos2,0.0,38,restrictive,1,8
150.0,pos3,0.0,38,restrictive,1,8
150.0,pos4,0.0,38,restrictive,1,8
150.0,subject,0.0,38,restrictive,1,8
200.0,pos1,0.0,38,restrictive,1,8
200.0,pos2,0.0,38,restrictive,1,8
200.0,pos3,0.0,38,restrictive,1,8
200.0,pos4,0.0,38,restrictive,1,8
200.0,subject,0.0,38,restrictive,1,8
0.0,pos1,0.0,39,non-restrictive,2,8
0.0,pos2,0.0,39,non-restrictive,2,8
0.0,pos3,0.0,39,non-restrictive,2,8
0.0,pos4,0.0,39,non-restrictive,2,8
0.0,subject,1.0,39,non-restrictive,2,8
50.0,pos1,0.0,39,non-restrictive,2,8
50.0,pos2,0.0,39,non-restrictive,2,8
50.0,pos3,0.0,39,non-restrictive,2,8
50.0,pos4,0.0,39,non-restrictive,2,8
50.0,subject,1.0,39,non-restrictive,2,8
100.0,pos1,0.0,39,non-restrictive,2,8
100.0,pos2,0.0,39,non-restrictive,2,8
100.0,pos3,0.0,39,non-restrictive,2,8
100.0,pos4,0.0,39,non-restrictive,2,8
100.0,subject,1.0,39,non-restrictive,2,8
150.0,pos1,0.0,39,non-restrictive,2,8
150.0,pos2,0.0,39,non-restrictive,2,8
150.0,pos3,0.0,39,non-restrictive,2,8
150.0,pos4,0.0,39,non-restrictive,2,8
150.0,subject,1.0,39,non-restrictive,2,8
200.0,pos1,0.0,39,non-restrictive,2,8
200.0,pos2,0.0,39,non-restrictive,2,8
200.0,pos3,0.0,39,non-restrictive,2,8
200.0,pos4,0.0,39,non-restrictive,2,8
200.0,subject,1.0,39,non-restrictive,2,8
250.0,pos1,0.0,39,non-restrictive,2,8
250.0,pos2,0.0,39,non-restrictive,2,8
250.0,pos3,0.0,39,non-restrictive,2,8
250.0,pos4,0.0,39,non-restrictive,2,8
250.0,subject,1.0,39,non-restrictive,2,8
0.0,pos1,0.0,40,non-restrictive,2,8
0.0,pos2,0.0,40,non-restrictive,2,8
0.0,pos3,0.0,40,non-restrictive,2,8
0.0,pos4,0.0,40,non-restrictive,2,8
0.0,subject,0.0,40,non-restrictive,2,8
50.0,pos1,0.0,40,non-restrictive,2,8
50.0,pos2,0.0,40,non-restrictive,2,8
50.0,pos3,0.0,40,non-restrictive,2,8
50.0,pos4,0.0,40,non-restrictive,2,8
50.0,subject,0.0,40,non-restrictive,2,8
100.0,pos1,0.0,40,non-restrictive,2,8
100.0,pos2,0.0,40,non-restrictive,2,8
100.0,pos3,0.0,40,non-restrictive,2,8
100.0,pos4,0.0,40,non-restrictive,2,8
100.0,subject,0.0,40,non-restrictive,2,8
150.0,pos1,0.0,40,non-restrictive,2,8
150.0,pos2,0.0,40,non-restrictive,2,8
150.0,pos3,0.0,40,non-restrictive,2,8
150.0,pos4,0.0,40,non-restrictive,2,8
150.0,subject,0.0,40,non-restrictive,2,8
200.0,pos1,0.0,40,non-restrictive,2,8
200.0,pos2,0.0,40,non-restrictive,2,8
200.0,pos3,0.0,40,non-restrictive,2,8
200.0,pos4,0.0,40,non-restrictive,2,8
200.0,subject,0.0,40,non-restrictive,2,8
250.0,pos1,0.0,40,non-restrictive,2,8
250.0,pos2,0.0,40,non-restrictive,2,8
250.0,pos3,0.0,40,non-restrictive,2,8
250.0,pos4,0.0,40,non-restrictive,2,8
250.0,subject,0.0,40,non-restrictive,2,8
300.0,pos1,0.0,40,non-restrictive,2,8
300.0,pos2,0.0,40,non-restrictive,2,8
300.0,pos3,0.0,40,non-restrictive,2,8
300.0,pos4,0.0,40,non-restrictive,2,8
300.0,subject,0.0,40,non-restrictive,2,8
350.0,pos1,0.0,40,non-restrictive,2,8
350.0,pos2,0.0,40,non-restrictive,2,8
350.0,pos3,0.0,40,non-restrictive,2,8
350.0,pos4,0.0,40,non-restrictive,2,8
350.0,subject,0.0,40,non-restrictive,2,8
400.0,pos1,0.0,40,non-restrictive,2,8
400.0,pos2,0.0,40,non-restrictive,2,8
400.0,pos3,0.0,40,non-restrictive,2,8
400.0,pos4,0.0,40,non-restrictive,2,8
400.0,subject,0.0,40,non-restrictive,2,8
450.0,pos1,0.0,40,non-restrictive,2,8
450.0,pos2,0.0,40,non-restrictive,2,8
450.0,pos3,0.0,40,non-restrictive,2,8
450.0,pos4,0.0,40,non-restrictive,2,8
450.0,subject,0.0,40,non-restrictive,2,8
500.0,pos1,0.0,40,non-restrictive,2,8
500.0,pos2,0.0,40,non-restrictive,2,8
500.0,pos3,0.0,40,non-restrictive,2,8
500.0,pos4,0.0,40,non-restrictive,2,8
500.0,subject,0.0,40,non-restrictive,2,8
0.0,pos1,0.0,41,non-restrictive,4,8
0.0,pos2,0.0,41,non-restrictive,4,8
0.0,pos3,0.0,41,non-restrictive,4,8
0.0,pos4,0.0,41,non-restrictive,4,8
0.0,subject,1.0,41,non-restrictive,4,8
50.0,pos1,0.0,41,non-restrictive,4,8
50.0,pos2,0.0,41,non-restrictive,4,8
50.0,pos3,0.0,41,non-restrictive,4,8
50.0,pos4,0.0,41,non-restrictive,4,8
50.0,subject,1.0,41,non-restrictive,4,8
100.0,pos1,0.0,41,non-restrictive,4,8
100.0,pos2,0.0,41,non-restrictive,4,8
100.0,pos3,0.0,41,non-restrictive,4,8
100.0,pos4,0.0,41,non-restrictive,4,8
100.0,subject,1.0,41,non-restrictive,4,8
150.0,pos1,0.0,41,non-restrictive,4,8
150.0,pos2,0.0,41,non-restrictive,4,8
150.0,pos3,0.0,41,non-restrictive,4,8
150.0,pos4,0.0,41,non-restrictive,4,8
150.0,subject,1.0,41,non-restrictive,4,8
200.0,pos1,0.0,41,non-restrictive,4,8
200.0,pos2,0.0,41,non-restrictive,4,8
200.0,pos3,0.0,41,non-restrictive,4,8
200.0,pos4,0.0,41,non-restrictive,4,8
200.0,subject,0.7222,41,non-restrictive,4,8
250.0,pos1,0.0,41,non-restrictive,4,8
250.0,pos2,0.0,41,non-restrictive,4,8
250.0,pos3,0.0,41,non-restrictive,4,8
250.0,pos4,0.0,41,non-restrictive,4,8
250.0,subject,0.0,41,non-restrictive,4,8
300.0,pos1,0.0,41,non-restrictive,4,8
300.0,pos2,0.0,41,non-restrictive,4,8
300.0,pos3,0.0,41,non-restrictive,4,8
300.0,pos4,0.0,41,non-restrictive,4,8
300.0,subject,0.0,41,non-restrictive,4,8
0.0,pos1,0.0,42,non-restrictive,4,8
0.0,pos2,0.0,42,non-restrictive,4,8
0.0,pos3,0.0,42,non-restrictive,4,8
0.0,pos4,0.0,42,non-restrictive,4,8
0.0,subject,0.0,42,non-restrictive,4,8
50.0,pos1,0.0,42,non-restrictive,4,8
50.0,pos2,0.0,42,non-restrictive,4,8
50.0,pos3,0.0,42,non-restrictive,4,8
50.0,pos4,0.0,42,non-restrictive,4,8
50.0,subject,0.0,42,non-restrictive,4,8
100.0,pos1,0.0,42,non-restrictive,4,8
100.0,pos2,0.0,42,non-restrictive,4,8
100.0,pos3,0.0,42,non-restrictive,4,8
100.0,pos4,0.0,42,non-restrictive,4,8
100.0,subject,0.0,42,non-restrictive,4,8
150.0,pos1,0.0,42,non-restrictive,4,8
150.0,pos2,0.0,42,non-restrictive,4,8
150.0,pos3,0.0,42,non-restrictive,4,8
150.0,pos4,0.0,42,non-restrictive,4,8
150.0,subject,0.0,42,non-restrictive,4,8
200.0,pos1,0.0,42,non-restrictive,4,8
200.0,pos2,0.0,42,non-restrictive,4,8
200.0,pos3,0.0,42,non-restrictive,4,8
200.0,pos4,0.0,42,non-restrictive,4,8
200.0,subject,0.0,42,non-restrictive,4,8
250.0,pos1,0.0,42,non-restrictive,4,8
250.0,pos2,0.0,42,non-restrictive,4,8
250.0,pos3,0.0,42,non-restrictive,4,8
250.0,pos4,0.0,42,non-restrictive,4,8
250.0,subject,0.0,42,non-restrictive,4,8
0.0,pos1,0.0,43,non-restrictive,2,8
0.0,pos2,0.0,43,non-restrictive,2,8
0.0,pos3,0.0,43,non-restrictive,2,8
0.0,pos4,0.0,43,non-restrictive,2,8
0.0,subject,0.0,43,non-restrictive,2,8
50.0,pos1,0.0,43,non-restrictive,2,8
50.0,pos2,0.0,43,non-restrictive,2,8
50.0,pos3,0.0,43,non-restrictive,2,8
50.0,pos4,0.0,43,non-restrictive,2,8
50.0,subject,0.0,43,non-restrictive,2,8
100.0,pos1,0.0,43,non-restrictive,2,8
100.0,pos2,0.0,43,non-restrictive,2,8
100.0,pos3,0.0,43,non-restrictive,2,8
100.0,pos4,0.0,43,non-restrictive,2,8
100.0,subject,0.7852,43,non-restrictive,2,8
150.0,pos1,0.0,43,non-restrictive,2,8
150.0,pos2,0.0,43,non-restrictive,2,8
150.0,pos3,0.0,43,non-restrictive,2,8
150.0,pos4,0.0,43,non-restrictive,2,8
150.0,subject,1.0,43,non-restrictive,2,8
200.0,pos1,0.0,43,non-restrictive,2,8
200.0,pos2,0.0,43,non-restrictive,2,8
200.0,pos3,0.0,43,non-restrictive,2,8
200.0,pos4,0.0,43,non-restrictive,2,8
200.0,subject,1.0,43,non-restrictive,2,8
250.0,pos1,0.0,43,non-restrictive,2,8
250.0,pos2,0.0,43,non-restrictive,2,8
250.0,pos3,0.0,43,non-restrictive,2,8
250.0,pos4,0.0,43,non-restrictive,2,8
250.0,subject,1.0,43,non-restrictive,2,8
0.0,pos1,0.0,44,non-restrictive,2,8
0.0,pos2,0.0,44,non-restrictive,2,8
0.0,pos3,0.0,44,non-restrictive,2,8
0.0,pos4,0.0,44,non-restrictive,2,8
0.0,subject,1.0,44,non-restrictive,2,8
50.0,pos1,0.0,44,non-restrictive,2,8
50.0,pos2,0.0,44,non-restrictive,2,8
50.0,pos3,0.0,44,non-restrictive,2,8
50.0,pos4,0.0,44,non-restrictive,2,8
50.0,subject,1.0,44,non-restrictive,2,8
100.0,pos1,0.0,44,non-restrictive,2,8
100.0,pos2,0.0,44,non-restrictive,2,8
100.0,pos3,0.0,44,non-restrictive,2,8
100.0,pos4,0.0,44,non-restrictive,2,8
100.0,subject,1.0,44,non-restrictive,2,8
150.0,pos1,0.0,44,non-restrictive,2,8
150.0,pos2,0.0,44,non-restrictive,2,8
150.0,pos3,0.0,44,non-restrictive,2,8
150.0,pos4,0.0,44,non-restrictive,2,8
150.0,subject,1.0,44,non-restrictive,2,8
200.0,pos1,0.0,44,non-restrictive,2,8
200.0,pos2,0.0,44,non-restrictive,2,8
200.0,pos3,0.0,44,non-restrictive,2,8
200.0,pos4,0.0,44,non-restrictive,2,8
200.0,subject,1.0,44,non-restrictive,2,8
250.0,pos1,0.0,44,non-restrictive,2,8
250.0,pos2,0.0,44,non-restrictive,2,8
250.0,pos3,0.0,44,non-restrictive,2,8
250.0,pos4,0.0,44,non-restrictive,2,8
250.0,subject,1.0,44,non-restrictive,2,8
300.0,pos1,0.0,44,non-restrictive,2,8
300.0,pos2,0.0,44,non-restrictive,2,8
300.0,pos3,0.0,44,non-restrictive,2,8
300.0,pos4,0.0,44,non-restrictive,2,8
300.0,subject,1.0,44,non-restrictive,2,8
350.0,pos1,0.0,44,non-restrictive,2,8
350.0,pos2,0.0,44,non-restrictive,2,8
350.0,pos3,0.0,44,non-restrictive,2,8
350.0,pos4,0.0,44,non-restrictive,2,8
350.0,subject,1.0,44,non-restrictive,2,8
0.0,pos1,0.0,45,restrictive,1,8
0.0,pos2,0.0,45,restrictive,1,8
0.0,pos3,0.0,45,restrictive,1,8
0.0,pos4,0.0,45,restrictive,1,8
0.0,subject,1.0,45,restrictive,1,8
50.0,pos1,0.0,45,restrictive,1,8
50.0,pos2,0.0,45,restrictive,1,8
50.0,pos3,0.0,45,restrictive,1,8
50.0,pos4,0.0,45,restrictive,1,8
50.0,subject,1.0,45,restrictive,1,8
100.0,pos1,0.0,45,restrictive,1,8
100.0,pos2,0.0,45,restrictive,1,8
100.0,pos3,0.0,45,restrictive,1,8
100.0,pos4,0.0,45,restrictive,1,8
100.0,subject,1.0,45,restrictive,1,8
150.0,pos1,0.0,45,restrictive,1,8
150.0,pos2,0.0,45,restrictive,1,8
150.0,pos3,0.0,45,restrictive,1,8
150.0,pos4,0.0,45,restrictive,1,8
150.0,subject,1.0,45,restrictive,1,8
200.0,pos1,0.0,45,restrictive,1,8
200.0,pos2,0.0,45,restrictive,1,8
200.0,pos3,0.0,45,restrictive,1,8
200.0,pos4,0.0,45,restrictive,1,8
200.0,subject,1.0,45,restrictive,1,8
250.0,pos1,0.0,45,restrictive,1,8
250.0,pos2,0.0,45,restrictive,1,8
250.0,pos3,0.0,45,restrictive,1,8
250.0,pos4,0.0,45,restrictive,1,8
250.0,subject,1.0,45,restrictive,1,8
0.0,pos1,0.0,46,non-restrictive,2,8
0.0,pos2,0.0,46,non-restrictive,2,8
0.0,pos3,0.0,46,non-restrictive,2,8
0.0,pos4,0.0,46,non-restrictive,2,8
0.0,subject,0.1632,46,non-restrictive,2,8
50.0,pos1,0.0,46,non-restrictive,2,8
50.0,pos2,0.0,46,non-restrictive,2,8
50.0,pos3,0.0,46,non-restrictive,2,8
50.0,pos4,0.0,46,non-restrictive,2,8
50.0,subject,1.0,46,non-restrictive,2,8
100.0,pos1,0.0,46,non-restrictive,2,8
100.0,pos2,0.0,46,non-restrictive,2,8
100.0,pos3,0.0,46,non-restrictive,2,8
100.0,pos4,0.0,46,non-restrictive,2,8
100.0,subject,1.0,46,non-restrictive,2,8
150.0,pos1,0.0,46,non-restrictive,2,8
150.0,pos2,0.0,46,non-restrictive,2,8
150.0,pos3,0.0,46,non-restrictive,2,8
150.0,pos4,0.0,46,non-restrictive,2,8
150.0,subject,1.0,46,non-restrictive,2,8
200.0,pos1,0.0,46,non-restrictive,2,8
200.0,pos2,0.0,46,non-restrictive,2,8
200.0,pos3,0.0,46,non-restrictive,2,8
200.0,pos4,0.0,46,non-restrictive,2,8
200.0,subject,1.0,46,non-restrictive,2,8
250.0,pos1,0.0,46,non-restrictive,2,8
250.0,pos2,0.0,46,non-restrictive,2,8
250.0,pos3,0.0,46,non-restrictive,2,8
250.0,pos4,0.0,46,non-restrictive,2,8
250.0,subject,1.0,46,non-restrictive,2,8
0.0,pos1,0.0,47,restrictive,3,8
0.0,pos2,0.0,47,restrictive,3,8
0.0,pos3,0.0,47,restrictive,3,8
0.0,pos4,0.0,47,restrictive,3,8
0.0,subject,0.0,47,restrictive,3,8
50.0,pos1,0.0,47,restrictive,3,8
50.0,pos2,0.0,47,restrictive,3,8
50.0,pos3,0.0,47,restrictive,3,8
50.0,pos4,0.0,47,restrictive,3,8
50.0,subject,0.0,47,restrictive,3,8
100.0,pos1,0.0,47,restrictive,3,8
100.0,pos2,0.0,47,restrictive,3,8
100.0,pos3,0.0,47,restrictive,3,8
100.0,pos4,0.0,47,restrictive,3,8
100.0,subject,0.0,47,restrictive,3,8
150.0,pos1,0.0,47,restrictive,3,8
150.0,pos2,0.0,47,restrictive,3,8
150.0,pos3,0.0,47,restrictive,3,8
150.0,pos4,0.0,47,restrictive,3,8
150.0,subject,0.0,47,restrictive,3,8
200.0,pos1,0.0,47,restrictive,3,8
200.0,pos2,0.0,47,restrictive,3,8
200.0,pos3,0.0,47,restrictive,3,8
200.0,pos4,0.0,47,restrictive,3,8
200.0,subject,0.0,47,restrictive,3,8
250.0,pos1,0.0,47,restrictive,3,8
250.0,pos2,0.0,47,restrictive,3,8
250.0,pos3,0.0,47,restrictive,3,8
250.0,pos4,0.0,47,restrictive,3,8
250.0,subject,0.0,47,restrictive,3,8
0.0,pos1,0.0,48,restrictive,1,8
0.0,pos2,0.0,48,restrictive,1,8
0.0,pos3,0.0,48,restrictive,1,8
0.0,pos4,0.0,48,restrictive,1,8
0.0,subject,0.0,48,restrictive,1,8
50.0,pos1,0.0,48,restrictive,1,8
50.0,pos2,0.0,48,restrictive,1,8
50.0,pos3,0.0,48,restrictive,1,8
50.0,pos4,0.0,48,restrictive,1,8
50.0,subject,0.0,48,restrictive,1,8
100.0,pos1,0.0,48,restrictive,1,8
100.0,pos2,0.0,48,restrictive,1,8
100.0,pos3,0.0,48,restrictive,1,8
100.0,pos4,0.0,48,restrictive,1,8
100.0,subject,0.0,48,restrictive,1,8
150.0,pos1,0.0,48,restrictive,1,8
150.0,pos2,0.0,48,restrictive,1,8
150.0,pos3,0.0,48,restrictive,1,8
150.0,pos4,0.0,48,restrictive,1,8
150.0,subject,0.0,48,restrictive,1,8
200.0,pos1,0.0,48,restrictive,1,8
200.0,pos2,0.0,48,restrictive,1,8
200.0,pos3,0.0,48,restrictive,1,8
200.0,pos4,0.0,48,restrictive,1,8
200.0,subject,0.0,48,restrictive,1,8
250.0,pos1,0.0,48,restrictive,1,8
250.0,pos2,0.0,48,restrictive,1,8
250.0,pos3,0.0,48,restrictive,1,8
250.0,pos4,0.0,48,restrictive,1,8
250.0,subject,0.0,48,restrictive,1,8
300.0,pos1,0.0,48,restrictive,1,8
300.0,pos2,0.0,48,restrictive,1,8
300.0,pos3,0.0,48,restrictive,1,8
300.0,pos4,0.0,48,restrictive,1,8
300.0,subject,0.0,48,restrictive,1,8
0.0,pos1,0.0,49,restrictive,1,8
0.0,pos2,0.0,49,restrictive,1,8
0.0,pos3,0.0,49,restrictive,1,8
0.0,pos4,0.0,49,restrictive,1,8
0.0,subject,0.0,49,restrictive,1,8
50.0,pos1,0.0,49,restrictive,1,8
50.0,pos2,0.0,49,restrictive,1,8
50.0,pos3,0.0,49,restrictive,1,8
50.0,pos4,0.0,49,restrictive,1,8
50.0,subject,0.0,49,restrictive,1,8
100.0,pos1,0.0,49,restrictive,1,8
100.0,pos2,0.0,49,restrictive,1,8
100.0,pos3,0.0,49,restrictive,1,8
100.0,pos4,0.0,49,restrictive,1,8
100.0,subject,0.3982,49,restrictive,1,8
150.0,pos1,0.0,49,restrictive,1,8
150.0,pos2,0.0,49,restrictive,1,8
150.0,pos3,0.0,49,restrictive,1,8
150.0,pos4,0.0,49,restrictive,1,8
150.0,subject,1.0,49,restrictive,1,8
200.0,pos1,0.0,49,restrictive,1,8
200.0,pos2,0.0,49,restrictive,1,8
200.0,pos3,0.0,49,restrictive,1,8
200.0,pos4,0.0,49,restrictive,1,8
200.0,subject,1.0,49,restrictive,1,8
