subject_id,trial,sentence_id,condition,sentence,target_position,n_saccades_detected,n_saccades_after_verb_onset,first_saccade_latency_s,first_saccade_duration_s,first_saccade_peak_vel_deg_s,first_saccade_landing_aoi,first_saccade_is_target,first_saccade_is_object,saccade_prop_pos1,saccade_prop_pos2,saccade_prop_pos3,saccade_prop_pos4,saccade_prop_target,n_saccades_landed_critical_window,target_object,first_saccade_chosen_object
subject-1,0,6,non-restrictive,The housewife will  wash the mushrooms,3,14,1,0.1538,0.0339,223.3,subject,False,False,,,,,,1,mushrooms,subject
subject-1,1,15,restrictive,The businessman will wear the hat,4,9,0,,,,,,,,,,,,0,hat,
subject-1,2,39,restrictive,The boy will tie the shoelace,4,14,0,,,,,,,,,,,,0,shoelace,
subject-1,3,21,restrictive,The woman will water the flower,2,10,1,0.0782,0.0334,331.0,subject,False,False,,,,,,1,flower,subject
subject-1,4,38,non-restrictive,The woman will carry the apron,3,11,3,0.1034,0.0134,220.7,elsewhere,False,False,,,,,,3,apron,elsewhere
subject-1,5,4,non-restrictive,The boy will throw the ball,1,8,1,0.1514,0.0464,287.9,pos1,True,True,1.0,0.0,0.0,0.0,1.0,1,ball,ball
subject-1,6,29,restrictive,The grandmother will read the newspaper,2,15,1,0.4275,0.0469,374.1,pos2,True,True,0.0,1.0,0.0,0.0,1.0,1,newspaper,newspaper
subject-1,7,23,restrictive,The girl will knit the scarf,4,11,1,0.2723,0.0469,374.5,subject,False,False,,,,,,1,scarf,subject
subject-1,8,19,restrictive,The chef will slice the bread,4,11,1,0.1109,0.0535,486.4,pos4,True,True,0.0,0.0,0.0,1.0,1.0,1,bread,bread
subject-1,9,22,non-restrictive,The girl will hang the coat,3,14,2,0.0555,0.0269,189.8,elsewhere,False,False,,,,,,2,coat,elsewhere
subject-1,10,7,restrictive,The doctor will inject the child,4,11,1,0.0508,0.0332,299.1,subject,False,False,,,,,,1,child,subject
subject-1,11,43,restrictive,The man will lock the safe,4,12,0,,,,,,,,,,,,0,safe,
subject-1,12,8,non-restrictive,The woman will dust the piano,1,11,2,0.1495,0.0537,404.8,pos1,True,True,1.0,0.0,0.0,0.0,1.0,2,piano,piano
subject-1,13,30,non-restrictive,The girl will grab the dice,3,9,1,0.6661,0.0132,162.3,subject,False,False,,,,,,0,dice,subject
subject-1,14,36,non-restrictive,The kid will stack the lego,1,11,0,,,,,,,,,,,,0,lego,
subject-1,15,20,non-restrictive,The baby will grab the kitten,1,13,1,0.6155,0.0469,365.3,pos1,True,True,1.0,0.0,0.0,0.0,1.0,1,kitten,kitten
subject-1,16,5,restrictive,The hiker will climb the mountain,2,13,1,0.0738,0.0671,413.8,pos2,True,True,0.0,1.0,0.0,0.0,1.0,1,mountain,mountain
subject-1,17,1,restrictive,The woman will drink the wine,2,9,1,0.1763,0.0737,326.7,pos1,False,True,0.5,0.0,0.0,0.5,0.0,2,wine,lipstick
subject-1,18,32,non-restrictive,The woman will carry the beer,1,12,2,0.2249,0.0268,317.9,elsewhere,False,False,,,,,,2,beer,elsewhere
subject-1,19,3,restrictive,The woman will bathe the baby,4,11,1,0.5426,0.0474,380.4,pos4,True,True,0.0,0.0,0.0,1.0,1.0,1,baby,baby
subject-1,20,2,non-restrictive,The policeman will search the man,3,8,0,,,,,,,,,,,,0,man,
subject-1,21,46,non-restrictive,The musician will move the violin,3,13,0,,,,,,,,,,,,0,violin,
subject-1,22,16,non-restrictive,The woman will  carry the dress,1,15,2,0.117,0.0535,296.2,pos4,False,True,0.0,0.0,0.0,1.0,0.0,2,dress,ribbon
subject-1,23,18,non-restrictive,The boy will touch the football,3,11,1,0.2069,0.0535,446.3,pos3,True,True,0.0,0.0,1.0,0.0,1.0,2,football,football
subject-1,24,27,restrictive,The boy will dim the lamp,4,8,1,0.1266,0.0403,304.7,pos4,True,True,0.0,0.0,0.0,1.0,1.0,1,lamp,lamp
subject-1,25,13,restrictive,The man will smoke the cigarettes,2,14,1,0.4329,0.0464,358.9,elsewhere,False,False,,,,,,1,cigarettes,elsewhere
subject-1,26,24,non-restrictive,The girl will lift the rabbit,1,13,1,0.2349,0.0535,410.5,pos1,True,True,1.0,0.0,0.0,0.0,1.0,1,rabbit,rabbit
subject-1,27,42,non-restrictive,The woman will wash the shirt,3,11,3,0.0816,0.0198,428.2,elsewhere,False,False,0.0,0.0,0.0,1.0,0.0,3,shirt,elsewhere
subject-1,28,12,non-restrictive,The man will watch the boat,1,11,1,0.5543,0.0669,286.9,pos3,False,True,,,,,,0,boat,sun
subject-1,29,48,non-restrictive,The child will carry the balloon,1,9,0,,,,,,,,,,,,0,balloon,
subject-1,30,49,restrictive,The man will lick the stamp,2,12,1,0.0655,0.0535,306.7,subject,False,False,,,,,,1,stamp,subject
subject-1,31,10,non-restrictive,The man will wipe the washing machine,3,13,2,0.8604,0.0537,344.5,elsewhere,False,False,0.0,0.0,0.0,1.0,0.0,2,washing-machine,elsewhere
subject-1,32,9,restrictive,The woman will read the book,2,10,0,,,,,,,,,,,,0,book,
subject-1,33,37,restrictive,The boy will peel the banana,2,15,0,,,,,,,,,,,,0,banana,
subject-1,34,31,restrictive,The woman will open the bottle,4,15,1,0.4449,0.0139,321.5,pos3,False,True,0.0,0.0,1.0,0.0,0.0,2,bottle,seed
subject-1,35,28,non-restrictive,The cat will push the milk,1,14,1,0.315,0.04,347.2,pos4,False,True,0.0,0.0,0.0,1.0,0.0,1,milk,sock
subject-1,36,33,restrictive,The boy will unzip the suitcase,2,11,2,0.284,0.0337,320.7,subject,False,False,1.0,0.0,0.0,0.0,0.0,2,suitcase,subject
subject-1,37,25,restrictive,The man will paint the canvas,2,17,1,0.3338,0.0464,227.8,pos4,False,True,0.0,0.0,0.0,1.0,0.0,1,canvas,peach
subject-1,38,17,restrictive,The man will chop the wood,2,13,0,,,,,,,,,,,,0,wood,
subject-1,39,14,non-restrictive,The boy will feed the dog,3,14,2,0.0755,0.0469,426.2,pos1,False,True,1.0,0.0,0.0,0.0,0.0,2,dog,ball
subject-1,40,35,restrictive,The girl will apply the mascara,4,17,2,0.0919,0.0269,418.4,elsewhere,False,False,,,,,,2,mascara,elsewhere
subject-1,41,44,non-restrictive,The baker will inspect the dough,1,10,1,0.1651,0.0537,409.5,pos1,True,True,1.0,0.0,0.0,0.0,1.0,1,dough,dough
subject-1,42,11,restrictive,The baby will ring the bell,4,13,0,,,,,,,,,,,,0,bell,
subject-1,43,34,non-restrictive,The boy will move the radio,3,13,1,0.2381,0.0403,530.6,pos3,True,True,0.0,0.0,1.0,0.0,1.0,1,radio,radio
subject-1,44,47,restrictive,The girl will vacuum the carpet,4,7,1,0.1812,0.0737,358.1,pos2,False,True,0.0,1.0,0.0,0.0,0.0,1,carpet,roller
subject-1,45,45,restrictive,The chef will grate the carrot,2,14,0,,,,,,,,,,,,0,carrot,
subject-1,46,26,non-restrictive,The woman will blow grab the candle,3,12,1,0.336,0.0205,269.6,elsewhere,False,False,,,,,,1,candle,elsewhere
subject-1,47,41,restrictive,The boy will squeeze the orange,2,9,0,,,,,,,,,,,,0,orange,
subject-1,48,0,non-restrictive,The boy will move the cake,1,14,1,0.006,0.0203,198.7,elsewhere,False,False,,,,,,1,cake,elsewhere
subject-1,49,40,non-restrictive,The girl will hold the blouse,1,11,2,0.0682,0.0403,538.5,pos4,False,True,0.0,0.0,0.0,1.0,0.0,2,blouse,iron
subject-2,0,21,non-restrictive,The woman will move the flower,3,11,0,,,,,,,,,,,,0,flower,
subject-2,1,36,restrictive,The kid will build the lego,2,8,0,,,,,,,,,,,,0,lego,
subject-2,2,5,non-restrictive,The hiker will photograph the mountain,3,11,0,,,,,,,,,,,,0,mountain,
subject-2,3,3,non-restrictive,The woman will touch the baby,1,5,0,,,,,,,,,,,,0,baby,
subject-2,4,41,non-restrictive,The boy will move the orange,3,9,0,,,,,,,,,,,,0,orange,
subject-2,5,46,restrictive,The musician will tune the violin,4,11,0,,,,,,,,,,,,0,violin,
subject-2,6,22,restrictive,The girl will zip the coat,4,6,0,,,,,,,,,,,,0,coat,
subject-2,7,37,non-restrictive,The boy will move the banana,3,12,0,,,,,,,,,,,,0,banana,
subject-2,9,44,restrictive,The baker will knead the dough,2,7,0,,,,,,,,,,,,0,dough,
subject-2,10,9,non-restrictive,The woman will open the book,3,9,0,,,,,,,,,,,,0,book,
subject-2,11,17,non-restrictive,The man will  move the wood,3,14,1,0.0969,0.0201,334.3,elsewhere,False,False,,,,,,1,wood,elsewhere
subject-2,12,40,restrictive,The girl will button the blouse,2,12,1,0.1217,0.0201,107.4,elsewhere,False,False,,,,,,1,blouse,elsewhere
subject-2,13,31,non-restrictive,The woman will examine the bottle,1,8,1,0.6289,0.0138,230.8,elsewhere,False,False,,,,,,1,bottle,elsewhere
subject-2,14,48,restrictive,The child will inflate the balloon,2,8,0,,,,,,,,,,,,0,balloon,
subject-2,15,47,non-restrictive,The girl will move the carpet,1,11,1,0.3469,0.0469,149.3,subject,False,False,,,,,,1,carpet,subject
subject-2,16,23,non-restrictive,The girl will hold the scarf,1,6,0,,,,,,,,,,,,0,scarf,
subject-2,17,11,non-restrictive,The baby will kick the bell,1,10,0,,,,,,,,,,,,0,bell,
subject-2,18,29,non-restrictive,The grandmother will eadturn the newspaper,3,7,0,,,,,,,,,,,,0,newspaper,
subject-2,19,16,restrictive,The woman will wear the dress,2,9,0,,,,,,,,,,,,0,dress,
subject-2,20,13,non-restrictive,The man will  collect the cigarettes,3,9,0,,,,,,,,,,,,0,cigarettes,
subject-2,21,4,restrictive,The boy will bounce the ball,2,8,0,,,,,,,,,,,,0,ball,
subject-2,22,45,non-restrictive,The chef will carry the carrot,3,9,0,,,,,,,,,,,,0,carrot,
subject-2,23,42,restrictive,The woman will sew the shirt,4,10,4,0.0348,0.0201,1496.7,elsewhere,False,False,,,,,,4,shirt,elsewhere
subject-2,24,30,restrictive,The girl will roll the dice,4,6,0,,,,,,,,,,,,0,dice,
subject-2,25,38,restrictive,The woman will tie the apron,4,10,0,,,,,,,,,,,,0,apron,
subject-2,26,49,non-restrictive,The man will pick up the stamp,3,12,1,0.3272,0.0131,67.5,elsewhere,False,False,,,,,,1,stamp,elsewhere
subject-2,27,15,non-restrictive,The businessman will  forget the hat,1,10,0,,,,,,,,,,,,0,hat,
subject-2,28,19,non-restrictive,The chef will clean the bread,1,11,0,,,,,,,,,,,,0,bread,
subject-2,29,10,restrictive,The man will repair the washing machine,4,7,1,1.0931,0.0403,358.3,elsewhere,False,False,,,,,,1,washing-machine,elsewhere
subject-2,30,26,restrictive,The woman will blow out the candle,4,6,1,0.4432,0.0136,258.8,subject,False,False,,,,,,1,candle,subject
subject-2,31,0,restrictive,The boy will eat the cake,2,9,0,,,,,,,,,,,,0,cake,
subject-2,32,2,restrictive,The policeman will arrest the man,4,6,0,,,,,,,,,,,,0,man,
subject-2,33,12,restrictive,The man will sail the boat,2,10,0,,,,,,,,,,,,0,boat,
subject-2,34,28,restrictive,The cat will drink the milk,2,6,0,,,,,,,,,,,,0,milk,
subject-2,35,7,non-restrictive,The doctor will check the child,1,9,0,,,,,,,,,,,,0,child,
subject-2,36,35,non-restrictive,The girl will squeeze the mascara,1,9,0,,,,,,,,,,,,0,mascara,
subject-2,37,24,restrictive,The girl will groom the rabbit,2,10,0,,,,,,,,,,,,0,rabbit,
subject-2,38,25,non-restrictive,The man will move the canvas,3,8,0,,,,,,,,,,,,0,canvas,
subject-2,39,33,non-restrictive,The boy will open the suitcase,3,9,0,,,,,,,,,,,,0,suitcase,
subject-2,40,1,non-restrictive,The woman will try the wine,3,11,0,,,,,,,,,,,,0,wine,
subject-2,41,43,non-restrictive,The man will wipe the safe,1,14,0,,,,,,,,,,,,0,safe,
subject-2,42,32,restrictive,The woman will brew the beer,2,6,0,,,,,,,,,,,,0,beer,
subject-2,43,14,restrictive,The boy will walk the dog,4,8,0,,,,,,,,,,,,0,dog,
subject-2,44,39,non-restrictive,The boy will move the shoelace,1,9,0,,,,,,,,,,,,0,shoelace,
subject-2,45,20,restrictive,The baby will hug the kitten,2,10,1,0.075,0.0134,283.0,subject,False,False,,,,,,1,kitten,subject
subject-2,46,18,restrictive,The boy will kick the football,4,11,0,,,,,,,,,,,,0,football,
subject-2,47,8,restrictive,The woman will play the piano,2,10,0,,,,,,,,,,,,0,piano,
subject-2,48,27,non-restrictive,The boy will touch the lamp,1,13,0,,,,,,,,,,,,0,lamp,
subject-2,49,6,restrictive,The housewife will fry the mushrooms,4,8,0,,,,,,,,,,,,0,mushrooms,
subject-3,0,6,non-restrictive,The housewife will  wash the mushrooms,4,8,0,,,,,,,,,,,,0,mushrooms,
subject-3,1,36,non-restrictive,The kid will stack the lego,2,6,0,,,,,,,,,,,,0,lego,
subject-3,2,10,non-restrictive,The man will wipe the washing machine,4,7,1,0.0566,0.0134,297.0,subject,False,False,,,,,,1,washing-machine,subject
subject-3,3,35,restrictive,The girl will apply the mascara,1,6,0,,,,,,,,,,,,0,mascara,
subject-3,4,41,restrictive,The boy will squeeze the orange,3,7,0,,,,,,,,,,,,0,orange,
subject-3,5,30,non-restrictive,The girl will grab the dice,4,13,0,,,,,,,,,,,,0,dice,
subject-3,6,44,non-restrictive,The baker will inspect the dough,2,6,0,,,,,,,,,,,,0,dough,
subject-3,7,21,restrictive,The woman will water the flower,3,10,1,0.5202,0.0535,899.8,pos3,True,True,0.0,0.0,1.0,0.0,1.0,1,flower,flower
subject-3,8,8,non-restrictive,The woman will dust the piano,2,6,0,,,,,,,,,,,,0,piano,
subject-3,9,17,restrictive,The man will chop the wood,3,5,0,,,,,,,,,,,,0,wood,
subject-3,10,9,restrictive,The woman will read the book,3,7,0,,,,,,,,,,,,0,book,
subject-3,11,15,restrictive,The businessman will wear the hat,1,6,0,,,,,,,,,,,,0,hat,
subject-3,12,20,non-restrictive,The baby will grab the kitten,2,6,0,,,,,,,,,,,,0,kitten,
subject-3,13,0,non-restrictive,The boy will move the cake,2,8,0,,,,,,,,,,,,0,cake,
subject-3,14,40,non-restrictive,The girl will hold the blouse,2,7,0,,,,,,,,,,,,0,blouse,
subject-3,15,34,non-restrictive,The boy will move the radio,4,6,0,,,,,,,,,,,,0,radio,
subject-3,16,24,non-restrictive,The girl will lift the rabbit,2,5,0,,,,,,,,,,,,0,rabbit,
subject-3,17,14,non-restrictive,The boy will feed the dog,4,9,1,0.243,0.0133,108.9,elsewhere,False,False,,,,,,1,dog,elsewhere
subject-3,18,43,restrictive,The man will lock the safe,1,8,0,,,,,,,,,,,,0,safe,
subject-3,19,26,non-restrictive,The woman will blow grab the candle,4,6,0,,,,,,,,,,,,0,candle,
subject-3,20,11,restrictive,The baby will ring the bell,1,5,0,,,,,,,,,,,,0,bell,
subject-3,21,4,non-restrictive,The boy will throw the ball,2,6,0,,,,,,,,,,,,0,ball,
subject-3,22,33,restrictive,The boy will unzip the suitcase,3,3,1,0.646,0.0405,288.8,elsewhere,False,False,,,,,,1,suitcase,elsewhere
subject-3,23,48,non-restrictive,The child will carry the balloon,2,8,0,,,,,,,,,,,,0,balloon,
subject-3,24,47,restrictive,The girl will vacuum the carpet,1,10,0,,,,,,,,,,,,0,carpet,
subject-3,25,2,non-restrictive,The policeman will search the man,4,8,0,,,,,,,,,,,,0,man,
subject-3,26,45,restrictive,The chef will grate the carrot,3,9,0,,,,,,,,,,,,0,carrot,
subject-3,27,31,restrictive,The woman will open the bottle,1,7,0,,,,,,,,,,,,0,bottle,
subject-3,28,12,non-restrictive,The man will watch the boat,2,7,0,,,,,,,,,,,,0,boat,
subject-3,29,19,restrictive,The chef will slice the bread,1,9,0,,,,,,,,,,,,0,bread,
subject-3,30,49,restrictive,The man will lick the stamp,3,6,0,,,,,,,,,,,,0,stamp,
subject-3,31,42,non-restrictive,The woman will wash the shirt,4,7,0,,,,,,,,,,,,0,shirt,
subject-3,32,25,restrictive,The man will paint the canvas,3,3,0,,,,,,,,,,,,0,canvas,
subject-3,33,32,non-restrictive,The woman will carry the beer,2,4,0,,,,,,,,,,,,0,beer,
subject-3,34,7,restrictive,The doctor will inject the child,1,7,0,,,,,,,,,,,,0,child,
subject-3,35,23,restrictive,The girl will knit the scarf,1,5,0,,,,,,,,,,,,0,scarf,
subject-3,36,46,non-restrictive,The musician will move the violin,4,7,0,,,,,,,,,,,,0,violin,
subject-3,37,29,restrictive,The grandmother will read the newspaper,3,6,2,0.0255,0.0402,143.7,elsewhere,False,False,,,,,,2,newspaper,elsewhere
subject-3,38,38,non-restrictive,The woman will carry the apron,4,3,0,,,,,,,,,,,,0,apron,
subject-3,39,3,restrictive,The woman will bathe the baby,1,2,0,,,,,,,,,,,,0,baby,
subject-3,40,28,non-restrictive,The cat will push the milk,2,5,0,,,,,,,,,,,,0,milk,
subject-3,41,1,restrictive,The woman will drink the wine,3,4,0,,,,,,,,,,,,0,wine,
subject-3,42,16,non-restrictive,The woman will  carry the dress,2,5,0,,,,,,,,,,,,0,dress,
subject-3,43,5,restrictive,The hiker will climb the mountain,3,7,0,,,,,,,,,,,,0,mountain,
subject-3,44,13,restrictive,The man will smoke the cigarettes,3,5,0,,,,,,,,,,,,0,cigarettes,
subject-3,45,27,restrictive,The boy will dim the lamp,1,4,0,,,,,,,,,,,,0,lamp,
subject-3,46,18,non-restrictive,The boy will touch the football,4,5,0,,,,,,,,,,,,0,football,
subject-3,47,37,restrictive,The boy will peel the banana,3,4,1,0.1072,0.0537,305.2,subject,False,False,,,,,,1,banana,subject
subject-3,48,39,restrictive,The boy will tie the shoelace,1,5,0,,,,,,,,,,,,0,shoelace,
subject-3,49,22,non-restrictive,The girl will hang the coat,4,8,0,,,,,,,,,,,,0,coat,
subject-4,0,21,non-restrictive,The woman will move the flower,4,10,0,,,,,,,,,,,,0,flower,
subject-4,1,0,restrictive,The boy will eat the cake,3,12,1,0.2326,0.0202,410.9,pos3,True,True,0.0,0.0,0.5,0.5,0.5,2,cake,cake
subject-4,2,9,non-restrictive,The woman will open the book,4,10,3,0.0682,0.0267,307.7,subject,False,False,0.5,0.0,0.5,0.0,0.0,3,book,subject
subject-4,3,33,non-restrictive,The boy will open the suitcase,4,12,0,,,,,,,,,,,,0,suitcase,
subject-4,4,25,non-restrictive,The man will move the canvas,4,13,0,,,,,,,,,,,,0,canvas,
subject-4,5,4,restrictive,The boy will bounce the ball,3,11,2,0.3081,0.0469,487.1,subject,False,False,0.0,0.0,1.0,0.0,1.0,2,ball,subject
subject-4,6,5,non-restrictive,The hiker will photograph the mountain,4,9,0,,,,,,,,,,,,0,mountain,
subject-4,7,39,non-restrictive,The boy will move the shoelace,2,12,0,,,,,,,,,,,,0,shoelace,
subject-4,8,43,non-restrictive,The man will wipe the safe,2,14,0,,,,,,,,,,,,0,safe,
subject-4,9,26,restrictive,The woman will blow out the candle,1,9,0,,,,,,,,,,,,0,candle,
subject-4,11,23,non-restrictive,The girl will hold the scarf,2,9,0,,,,,,,,,,,,0,scarf,
subject-4,12,20,restrictive,The baby will hug the kitten,3,9,0,,,,,,,,,,,,0,kitten,
subject-4,13,37,non-restrictive,The boy will move the banana,4,13,0,,,,,,,,,,,,0,banana,
subject-4,14,19,non-restrictive,The chef will clean the bread,2,10,0,,,,,,,,,,,,0,bread,
subject-4,15,7,non-restrictive,The doctor will check the child,2,10,0,,,,,,,,,,,,0,child,
subject-4,16,28,restrictive,The cat will drink the milk,3,7,0,,,,,,,,,,,,0,milk,
subject-4,17,35,non-restrictive,The girl will squeeze the mascara,2,10,1,0.538,0.0136,325.3,elsewhere,False,False,,,,,,1,mascara,elsewhere
subject-4,18,27,non-restrictive,The boy will touch the lamp,2,11,0,,,,,,,,,,,,0,lamp,
subject-4,19,46,restrictive,The musician will tune the violin,1,13,0,,,,,,,,,,,,0,violin,
subject-4,20,32,restrictive,The woman will brew the beer,3,9,1,0.0894,0.0536,406.3,pos4,False,True,0.0,0.0,0.0,1.0,0.0,1,beer,mug
subject-4,21,36,restrictive,The kid will build the lego,3,8,1,0.1536,0.0333,593.4,elsewhere,False,False,,,,,,1,lego,elsewhere
subject-4,22,22,restrictive,The girl will zip the coat,1,9,0,,,,,,,,,,,,0,coat,
subject-4,23,10,restrictive,The man will repair the washing machine,1,11,2,0.9792,0.0268,351.7,elsewhere,False,False,0.0,1.0,0.0,0.0,0.0,2,washing-machine,elsewhere
subject-4,24,40,restrictive,The girl will button the blouse,3,13,1,0.2159,0.0335,417.6,elsewhere,False,False,,,,,,1,blouse,elsewhere
subject-4,25,48,restrictive,The child will inflate the balloon,3,6,1,0.7313,0.0136,400.2,subject,False,False,,,,,,0,balloon,subject
subject-4,26,15,non-restrictive,The businessman will  forget the hat,2,9,0,,,,,,,,,,,,0,hat,
subject-4,27,44,restrictive,The baker will knead the dough,3,12,0,,,,,,,,,,,,0,dough,
subject-4,28,8,restrictive,The woman will play the piano,3,10,1,0.0436,0.0267,275.7,subject,False,False,,,,,,1,piano,subject
subject-4,29,24,restrictive,The girl will groom the rabbit,3,8,0,,,,,,,,,,,,0,rabbit,
subject-4,30,31,non-restrictive,The woman will examine the bottle,2,11,2,0.2807,0.0201,382.4,subject,False,False,,,,,,2,bottle,subject
subject-4,31,3,non-restrictive,The woman will touch the baby,2,8,0,,,,,,,,,,,,0,baby,
subject-4,32,29,non-restrictive,The grandmother will eadturn the newspaper,4,9,1,0.4225,0.0468,570.0,pos3,False,True,0.0,0.0,1.0,0.0,0.0,1,newspaper,tissue
subject-4,33,1,non-restrictive,The woman will try the wine,4,10,0,,,,,,,,,,,,0,wine,
subject-4,34,38,restrictive,The woman will tie the apron,1,12,0,,,,,,,,,,,,0,apron,
subject-4,35,17,non-restrictive,The man will  move the wood,4,11,0,,,,,,,,,,,,0,wood,
subject-4,36,11,non-restrictive,The baby will kick the bell,2,10,0,,,,,,,,,,,,0,bell,
subject-4,37,16,restrictive,The woman will wear the dress,3,14,1,0.3905,0.0537,502.8,pos3,True,True,0.0,0.0,1.0,0.0,1.0,1,dress,dress
subject-4,38,45,non-restrictive,The chef will carry the carrot,4,10,0,,,,,,,,,,,,0,carrot,
subject-4,39,14,restrictive,The boy will walk the dog,1,12,1,0.3358,0.0537,437.7,elsewhere,False,False,,,,,,1,dog,elsewhere
subject-4,40,6,restrictive,The housewife will fry the mushrooms,1,18,2,0.0253,0.0333,337.3,subject,False,False,0.0,0.0,1.0,0.0,0.0,2,mushrooms,subject
subject-4,41,30,restrictive,The girl will roll the dice,1,14,0,,,,,,,,,,,,0,dice,
subject-4,42,49,non-restrictive,The man will pick up the stamp,4,10,0,,,,,,,,,,,,0,stamp,
subject-4,43,18,restrictive,The boy will kick the football,1,9,0,,,,,,,,,,,,0,football,
subject-4,44,12,restrictive,The man will sail the boat,3,9,0,,,,,,,,,,,,0,boat,
subject-4,45,42,restrictive,The woman will sew the shirt,1,11,1,0.5102,0.0334,274.7,elsewhere,False,False,,,,,,0,shirt,elsewhere
subject-4,46,2,restrictive,The policeman will arrest the man,1,11,2,0.4883,0.0933,346.7,elsewhere,False,False,,,,,,2,man,elsewhere
subject-4,47,41,non-restrictive,The boy will move the orange,4,12,0,,,,,,,,,,,,0,orange,
subject-4,48,47,non-restrictive,The girl will move the carpet,2,10,0,,,,,,,,,,,,0,carpet,
subject-4,49,13,non-restrictive,The man will  collect the cigarettes,4,12,0,,,,,,,,,,,,0,cigarettes,
subject-5,0,21,restrictive,The woman will water the flower,4,21,2,0.152,0.0334,268.4,pos2,False,True,0.0,0.5,0.5,0.0,0.0,2,flower,vase
subject-5,1,14,non-restrictive,The boy will feed the dog,1,18,1,0.0821,0.0402,210.5,pos3,False,True,0.0,0.0,1.0,0.0,0.0,1,dog,ball
subject-5,2,17,restrictive,The man will chop the wood,4,14,1,0.3261,0.0471,289.6,pos2,False,True,0.0,1.0,0.0,0.0,0.0,1,wood,stone
subject-5,3,42,non-restrictive,The woman will wash the shirt,1,14,3,0.1688,0.0532,334.4,elsewhere,False,False,0.5,0.0,0.5,0.0,0.5,3,shirt,elsewhere
subject-5,4,7,restrictive,The doctor will inject the child,2,18,3,0.0503,0.0336,166.6,subject,False,False,1.0,0.0,0.0,0.0,0.0,3,child,subject
subject-5,5,23,restrictive,The girl will knit the scarf,2,9,0,,,,,,,,,,,,0,scarf,
subject-5,6,48,non-restrictive,The child will carry the balloon,3,13,2,0.3771,0.0606,309.2,pos4,False,True,0.0,0.0,0.5,0.5,0.5,2,balloon,pump
subject-5,7,20,non-restrictive,The baby will grab the kitten,3,11,1,0.6693,0.0603,359.8,pos4,False,True,,,,,,0,kitten,block
subject-5,8,5,restrictive,The hiker will climb the mountain,4,9,1,0.4897,0.0132,234.9,elsewhere,False,False,,,,,,1,mountain,elsewhere
subject-5,9,46,non-restrictive,The musician will move the violin,1,12,0,,,,,,,,,,,,0,violin,
subject-5,10,29,restrictive,The grandmother will read the newspaper,4,11,0,,,,,,,,,,,,0,newspaper,
subject-5,11,34,non-restrictive,The boy will move the radio,1,7,0,,,,,,,,,,,,0,radio,
subject-5,12,40,non-restrictive,The girl will hold the blouse,3,11,0,,,,,,,,,,,,0,blouse,
subject-5,13,39,restrictive,The boy will tie the shoelace,2,13,0,,,,,,,,,,,,0,shoelace,
subject-5,14,4,non-restrictive,The boy will throw the ball,3,12,0,,,,,,,,,,,,0,ball,
subject-5,15,3,restrictive,The woman will bathe the baby,2,14,0,,,,,,,,,,,,0,baby,
subject-5,16,36,non-restrictive,The kid will stack the lego,3,12,2,0.4117,0.047,268.2,pos1,False,True,1.0,0.0,0.0,0.0,0.0,1,lego,boxes
subject-5,17,44,non-restrictive,The baker will inspect the dough,3,10,0,,,,,,,,,,,,0,dough,
subject-5,18,31,restrictive,The woman will open the bottle,2,12,1,0.4992,0.0269,208.0,elsewhere,False,False,,,,,,1,bottle,elsewhere
subject-5,19,6,non-restrictive,The housewife will  wash the mushrooms,1,13,0,,,,,,,,,,,,0,mushrooms,
subject-5,20,32,non-restrictive,The woman will carry the beer,3,15,0,,,,,,,,,,,,0,beer,
subject-5,21,18,non-restrictive,The boy will touch the football,1,8,0,,,,,,,,,,,,0,football,
subject-5,22,1,restrictive,The woman will drink the wine,4,11,1,0.3569,0.0538,374.9,pos3,False,True,0.0,0.0,1.0,0.0,0.0,1,wine,lipstick
subject-5,23,26,non-restrictive,The woman will blow grab the candle,1,9,0,,,,,,,,,,,,0,candle,
subject-5,24,45,restrictive,The chef will grate the carrot,4,11,0,,,,,,,,,,,,0,carrot,
subject-5,25,47,restrictive,The girl will vacuum the carpet,2,16,0,,,,,,,,,,,,0,carpet,
subject-5,26,10,non-restrictive,The man will wipe the washing machine,1,15,1,0.9473,0.0336,246.2,pos3,False,True,0.0,0.0,1.0,0.0,0.0,1,washing-machine,dog
subject-5,27,9,restrictive,The woman will read the book,4,16,1,0.2015,0.0334,273.4,pos2,False,True,0.0,1.0,0.0,0.0,0.0,1,book,cup
subject-5,28,19,restrictive,The chef will slice the bread,2,7,0,,,,,,,,,,,,0,bread,
subject-5,29,8,non-restrictive,The woman will dust the piano,3,13,1,0.3238,0.074,222.9,pos1,False,True,1.0,0.0,0.0,0.0,0.0,1,piano,telephone
subject-5,30,37,restrictive,The boy will peel the banana,4,11,0,,,,,,,,,,,,0,banana,
subject-5,31,41,restrictive,The boy will squeeze the orange,4,13,0,,,,,,,,,,,,0,orange,
subject-5,32,43,restrictive,The man will lock the safe,2,10,0,,,,,,,,,,,,0,safe,
subject-5,33,13,restrictive,The man will smoke the cigarettes,4,8,0,,,,,,,,,,,,0,cigarettes,
subject-5,34,15,restrictive,The businessman will wear the hat,2,12,0,,,,,,,,,,,,0,hat,
subject-5,35,38,non-restrictive,The woman will carry the apron,1,10,0,,,,,,,,,,,,0,apron,
subject-5,36,33,restrictive,The boy will unzip the suitcase,4,12,0,,,,,,,,,,,,0,suitcase,
subject-5,37,49,restrictive,The man will lick the stamp,4,9,0,,,,,,,,,,,,0,stamp,
subject-5,38,0,non-restrictive,The boy will move the cake,3,9,0,,,,,,,,,,,,0,cake,
subject-5,39,12,non-restrictive,The man will watch the boat,3,9,0,,,,,,,,,,,,0,boat,
subject-5,40,28,non-restrictive,The cat will push the milk,3,14,1,0.3417,0.0465,372.3,elsewhere,False,False,,,,,,1,milk,elsewhere
subject-5,41,25,restrictive,The man will paint the canvas,4,12,0,,,,,,,,,,,,0,canvas,
subject-5,42,35,restrictive,The girl will apply the mascara,2,9,0,,,,,,,,,,,,0,mascara,
subject-5,43,2,non-restrictive,The policeman will search the man,1,7,0,,,,,,,,,,,,0,man,
subject-5,44,30,non-restrictive,The girl will grab the dice,1,15,0,,,,,,,,,,,,0,dice,
subject-5,45,27,restrictive,The boy will dim the lamp,2,12,0,,,,,,,,,,,,0,lamp,
subject-5,46,24,non-restrictive,The girl will lift the rabbit,3,12,0,,,,,,,,,,,,0,rabbit,
subject-5,47,11,restrictive,The baby will ring the bell,2,7,0,,,,,,,,,,,,0,bell,
subject-5,48,22,non-restrictive,The girl will hang the coat,1,14,0,,,,,,,,,,,,0,coat,
subject-5,49,16,non-restrictive,The woman will  carry the dress,3,13,2,0.1236,0.0466,207.9,elsewhere,False,False,0.0,1.0,0.0,0.0,0.0,2,dress,elsewhere
subject-6,0,40,restrictive,The girl will button the blouse,4,14,0,,,,,,,,,,,,0,blouse,
subject-6,1,30,restrictive,The girl will roll the dice,2,9,1,0.5431,0.0334,452.7,pos1,False,True,,,,,,0,dice,headphones
subject-6,2,9,non-restrictive,The woman will open the book,1,10,0,,,,,,,,,,,,0,book,
subject-6,3,29,non-restrictive,The grandmother will eadturn the newspaper,1,10,1,0.3419,0.0538,574.8,elsewhere,False,False,,,,,,1,newspaper,elsewhere
subject-6,4,10,restrictive,The man will repair the washing machine,2,11,2,1.0057,0.0335,539.2,elsewhere,False,False,0.0,1.0,0.0,0.0,1.0,2,washing-machine,elsewhere
subject-6,5,37,non-restrictive,The boy will move the banana,1,3,0,,,,,,,,,,,,0,banana,
subject-6,6,6,restrictive,The housewife will fry the mushrooms,2,11,0,,,,,,,,,,,,0,mushrooms,
subject-6,7,22,restrictive,The girl will zip the coat,2,8,0,,,,,,,,,,,,0,coat,
subject-6,8,49,non-restrictive,The man will pick up the stamp,1,7,0,,,,,,,,,,,,0,stamp,
subject-6,9,11,non-restrictive,The baby will kick the bell,3,10,1,0.423,0.0136,749.5,subject,False,False,,,,,,1,bell,subject
subject-6,10,33,non-restrictive,The boy will open the suitcase,1,5,0,,,,,,,,,,,,0,suitcase,
subject-6,11,3,non-restrictive,The woman will touch the baby,3,8,0,,,,,,,,,,,,0,baby,
subject-6,12,41,non-restrictive,The boy will move the orange,1,7,0,,,,,,,,,,,,0,orange,
subject-6,14,44,restrictive,The baker will knead the dough,4,7,0,,,,,,,,,,,,0,dough,
subject-6,15,35,non-restrictive,The girl will squeeze the mascara,3,15,6,0.3839,0.0136,328.1,subject,False,False,,,,,,6,mascara,subject
subject-6,16,20,restrictive,The baby will hug the kitten,4,11,5,0.0411,0.0135,294.4,subject,False,False,,,,,,5,kitten,subject
subject-6,17,1,non-restrictive,The woman will try the wine,1,6,0,,,,,,,,,,,,0,wine,
subject-6,18,47,non-restrictive,The girl will move the carpet,3,6,0,,,,,,,,,,,,0,carpet,
subject-6,19,46,restrictive,The musician will tune the violin,2,8,0,,,,,,,,,,,,0,violin,
subject-6,20,25,non-restrictive,The man will move the canvas,1,10,0,,,,,,,,,,,,0,canvas,
subject-6,21,48,restrictive,The child will inflate the balloon,4,8,0,,,,,,,,,,,,0,balloon,
subject-6,22,15,non-restrictive,The businessman will  forget the hat,3,10,1,0.1461,0.0335,357.0,subject,False,False,,,,,,1,hat,subject
subject-6,23,28,restrictive,The cat will drink the milk,4,9,0,,,,,,,,,,,,0,milk,
subject-6,24,42,restrictive,The woman will sew the shirt,2,10,0,,,,,,,,,,,,0,shirt,
subject-6,25,4,restrictive,The boy will bounce the ball,4,7,0,,,,,,,,,,,,0,ball,
subject-6,26,8,restrictive,The woman will play the piano,4,5,0,,,,,,,,,,,,0,piano,
subject-6,27,13,non-restrictive,The man will  collect the cigarettes,1,2,0,,,,,,,,,,,,0,cigarettes,
subject-6,28,12,restrictive,The man will sail the boat,4,6,0,,,,,,,,,,,,0,boat,
subject-6,29,0,restrictive,The boy will eat the cake,4,5,0,,,,,,,,,,,,0,cake,
subject-6,30,45,non-restrictive,The chef will carry the carrot,1,9,0,,,,,,,,,,,,0,carrot,
subject-6,31,19,non-restrictive,The chef will clean the bread,3,7,1,0.1598,0.0469,417.0,elsewhere,False,False,,,,,,1,bread,elsewhere
subject-6,32,43,non-restrictive,The man will wipe the safe,3,5,0,,,,,,,,,,,,0,safe,
subject-6,33,17,non-restrictive,The man will  move the wood,1,7,0,,,,,,,,,,,,0,wood,
subject-6,34,26,restrictive,The woman will blow out the candle,2,9,0,,,,,,,,,,,,0,candle,
subject-6,35,5,non-restrictive,The hiker will photograph the mountain,1,7,0,,,,,,,,,,,,0,mountain,
subject-6,36,24,restrictive,The girl will groom the rabbit,4,5,0,,,,,,,,,,,,0,rabbit,
subject-6,37,36,restrictive,The kid will build the lego,4,9,0,,,,,,,,,,,,0,lego,
subject-6,38,16,restrictive,The woman will wear the dress,4,4,0,,,,,,,,,,,,0,dress,
subject-6,39,18,restrictive,The boy will kick the football,2,4,0,,,,,,,,,,,,0,football,
subject-6,40,14,restrictive,The boy will walk the dog,2,6,0,,,,,,,,,,,,0,dog,
subject-6,41,21,non-restrictive,The woman will move the flower,1,4,0,,,,,,,,,,,,0,flower,
subject-6,42,31,non-restrictive,The woman will examine the bottle,3,4,0,,,,,,,,,,,,0,bottle,
subject-6,43,39,non-restrictive,The boy will move the shoelace,3,6,0,,,,,,,,,,,,0,shoelace,
subject-6,44,23,non-restrictive,The girl will hold the scarf,3,6,0,,,,,,,,,,,,0,scarf,
subject-6,45,32,restrictive,The woman will brew the beer,4,8,0,,,,,,,,,,,,0,beer,
subject-6,46,2,restrictive,The policeman will arrest the man,2,12,0,,,,,,,,,,,,0,man,
subject-6,47,27,non-restrictive,The boy will touch the lamp,3,8,0,,,,,,,,,,,,0,lamp,
subject-6,48,38,restrictive,The woman will tie the apron,2,8,0,,,,,,,,,,,,0,apron,
subject-6,49,7,non-restrictive,The doctor will check the child,3,9,0,,,,,,,,,,,,0,child,
subject-13,0,11,restrictive,The baby will ring the bell,2,7,0,,,,,,,,,,,,1,bell,
subject-13,1,2,non-restrictive,The policeman will search the man,1,4,0,,,,,,,,,,,,0,man,
subject-13,2,33,restrictive,The boy will unzip the suitcase,4,3,0,,,,,,,,,,,,0,suitcase,
subject-13,3,30,non-restrictive,The girl will grab the dice,1,3,0,,,,,,,,,,,,0,dice,
subject-13,4,15,restrictive,The businessman will wear the hat,2,9,0,,,,,,,,,,,,0,hat,
subject-13,5,38,non-restrictive,The woman will carry the apron,1,8,2,0.0499,0.0738,268.3,pos1,True,True,1.0,0.0,0.0,0.0,1.0,2,apron,apron
subject-13,6,39,restrictive,The boy will tie the shoelace,2,10,0,,,,,,,,,,,,0,shoelace,
subject-13,7,23,restrictive,The girl will knit the scarf,2,9,0,,,,,,,,,,,,0,scarf,
subject-13,8,41,restrictive,The boy will squeeze the orange,4,8,1,0.2586,0.0134,147.6,pos3,False,True,0.0,0.0,1.0,0.0,0.0,1,orange,shell
subject-13,9,8,non-restrictive,The woman will dust the piano,3,8,0,,,,,,,,,,,,0,piano,
subject-13,10,13,restrictive,The man will smoke the cigarettes,4,8,1,0.513,0.0269,206.5,pos4,True,True,0.0,0.0,0.0,1.0,1.0,1,cigarettes,cigarettes
subject-13,11,35,restrictive,The girl will apply the mascara,2,4,0,,,,,,,,,,,,0,mascara,
subject-13,12,42,non-restrictive,The woman will wash the shirt,1,11,2,0.1758,0.0198,291.9,pos2,False,True,0.3333,0.3333,0.3333,0.0,0.3333,3,shirt,apple
subject-13,13,24,non-restrictive,The girl will lift the rabbit,3,2,0,,,,,,,,,,,,0,rabbit,
subject-13,14,9,restrictive,The woman will read the book,4,9,2,0.1608,0.0137,138.6,pos3,False,True,0.0,0.0,1.0,0.0,0.0,2,book,bag
subject-13,15,0,non-restrictive,The boy will move the cake,3,7,0,,,,,,,,,,,,0,cake,
subject-13,16,43,restrictive,The man will lock the safe,2,14,2,0.0116,0.0402,257.5,pos3,False,True,0.0,0.0,0.5,0.5,0.0,2,safe,pan
subject-13,17,6,non-restrictive,The housewife will  wash the mushrooms,1,9,0,,,,,,,,,,,,0,mushrooms,
subject-13,18,37,restrictive,The boy will peel the banana,4,12,1,0.5017,0.0335,286.1,elsewhere,False,False,,,,,,1,banana,elsewhere
subject-13,19,17,restrictive,The man will chop the wood,4,7,0,,,,,,,,,,,,0,wood,
subject-13,20,31,restrictive,The woman will open the bottle,2,10,2,0.1237,0.0402,223.2,pos3,False,True,0.0,0.0,1.0,0.0,0.0,2,bottle,lemon
subject-13,21,46,non-restrictive,The musician will move the violin,1,16,1,0.273,0.0536,241.0,pos1,True,True,1.0,0.0,0.0,0.0,1.0,1,violin,violin
subject-13,22,16,non-restrictive,The woman will  carry the dress,3,13,0,,,,,,,,,,,,0,dress,
subject-13,23,12,non-restrictive,The man will watch the boat,3,8,1,0.2522,0.034,244.9,pos3,True,True,0.0,0.0,1.0,0.0,1.0,1,boat,boat
subject-13,24,7,restrictive,The doctor will inject the child,2,7,2,0.2043,0.0734,364.4,pos4,False,True,0.0,0.5,0.0,0.5,0.5,2,child,toy-bear
subject-13,25,47,restrictive,The girl will vacuum the carpet,2,15,2,0.409,0.0134,217.8,elsewhere,False,False,0.0,0.0,0.0,1.0,0.0,2,carpet,elsewhere
subject-13,26,44,non-restrictive,The baker will inspect the dough,3,5,0,,,,,,,,,,,,0,dough,
subject-13,27,28,non-restrictive,The cat will push the milk,3,4,0,,,,,,,,,,,,0,milk,
subject-13,28,14,non-restrictive,The boy will feed the dog,1,10,1,0.2165,0.0267,6410.1,elsewhere,False,False,,,,,,1,dog,elsewhere
subject-13,29,22,non-restrictive,The girl will hang the coat,1,14,1,0.0689,0.0132,157.8,pos2,False,True,0.0,1.0,0.0,0.0,0.0,1,coat,hook
subject-13,30,18,non-restrictive,The boy will touch the football,1,16,2,0.2273,0.0267,236.6,pos2,False,True,0.5,0.5,0.0,0.0,0.5,2,football,stick
subject-13,31,10,non-restrictive,The man will wipe the washing machine,1,13,3,0.2372,0.0469,279.6,pos4,False,True,0.0,0.0,0.5,0.5,0.0,3,washing-machine,wastebin
subject-13,32,19,restrictive,The chef will slice the bread,2,11,1,0.4662,0.0402,208.7,elsewhere,False,False,,,,,,1,bread,elsewhere
subject-13,33,25,restrictive,The man will paint the canvas,4,10,1,0.1331,0.0866,238.9,elsewhere,False,False,,,,,,1,canvas,elsewhere
subject-13,34,1,restrictive,The woman will drink the wine,4,15,1,0.0154,0.0336,277.8,pos3,False,True,0.0,0.0,1.0,0.0,0.0,1,wine,lipstick
subject-13,35,45,restrictive,The chef will grate the carrot,4,14,2,0.0303,0.04,256.2,elsewhere,False,False,0.0,0.0,1.0,0.0,0.0,2,carrot,elsewhere
subject-13,36,26,non-restrictive,The woman will blow grab the candle,1,15,0,,,,,,,,,,,,0,candle,
subject-13,37,29,restrictive,The grandmother will read the newspaper,4,10,0,,,,,,,,,,,,0,newspaper,
subject-13,38,4,non-restrictive,The boy will throw the ball,3,16,1,0.4059,0.0335,258.9,pos2,False,True,0.0,1.0,0.0,0.0,0.0,1,ball,shuttle-cock
subject-13,39,32,non-restrictive,The woman will carry the beer,3,16,2,0.0778,0.0335,332.9,pos2,False,True,0.0,0.5,0.0,0.5,0.0,2,beer,kettle
subject-13,40,40,non-restrictive,The girl will hold the blouse,3,12,1,0.1687,0.0402,225.0,pos3,True,True,0.0,0.0,1.0,0.0,1.0,1,blouse,blouse
subject-13,41,48,non-restrictive,The child will carry the balloon,3,13,0,,,,,,,,,,,,0,balloon,
subject-13,42,3,restrictive,The woman will bathe the baby,2,11,1,0.0811,0.0468,227.2,pos2,True,True,0.0,1.0,0.0,0.0,1.0,1,baby,baby
subject-13,43,36,non-restrictive,The kid will stack the lego,3,11,1,0.3852,0.0533,208.1,elsewhere,False,False,,,,,,1,lego,elsewhere
subject-13,44,34,non-restrictive,The boy will move the radio,1,20,4,0.0435,0.0268,350.4,subject,False,False,0.0,1.0,0.0,0.0,0.0,4,radio,subject
subject-13,45,49,restrictive,The man will lick the stamp,4,10,2,0.1255,0.0537,253.0,pos4,True,True,0.0,0.0,0.0,1.0,1.0,2,stamp,stamp
subject-13,46,5,restrictive,The hiker will climb the mountain,4,8,0,,,,,,,,,,,,0,mountain,
subject-13,47,27,restrictive,The boy will dim the lamp,2,2,0,,,,,,,,,,,,0,lamp,
subject-13,48,20,non-restrictive,The baby will grab the kitten,3,9,0,,,,,,,,,,,,0,kitten,
subject-13,49,21,restrictive,The woman will water the flower,4,9,1,0.2521,0.0402,313.9,pos2,False,True,0.0,1.0,0.0,0.0,0.0,1,flower,vase
subject-14,0,33,non-restrictive,The boy will open the suitcase,1,11,0,,,,,,,,,,,,0,suitcase,
subject-14,1,45,non-restrictive,The chef will carry the carrot,1,17,2,0.2794,0.0335,222.3,elsewhere,False,False,0.0,0.0,0.0,1.0,0.0,2,carrot,elsewhere
subject-14,2,2,restrictive,The policeman will arrest the man,2,11,1,0.3143,0.0469,217.7,elsewhere,False,False,,,,,,2,man,elsewhere
subject-14,3,36,restrictive,The kid will build the lego,4,16,1,0.4682,0.0469,229.1,elsewhere,False,False,,,,,,1,lego,elsewhere
subject-14,4,13,non-restrictive,The man will  collect the cigarettes,1,7,0,,,,,,,,,,,,0,cigarettes,
subject-14,5,46,restrictive,The musician will tune the violin,2,12,1,0.0898,0.0471,390.9,pos3,False,True,0.0,0.0,1.0,0.0,0.0,1,violin,bow
subject-14,6,28,restrictive,The cat will drink the milk,4,9,1,0.3379,0.0134,299.0,elsewhere,False,False,,,,,,2,milk,elsewhere
subject-14,7,10,restrictive,The man will repair the washing machine,2,15,3,0.7046,0.0335,314.5,pos2,True,True,0.3333,0.3333,0.0,0.3333,0.3333,3,washing-machine,washing-machine
subject-14,8,32,restrictive,The woman will brew the beer,4,11,0,,,,,,,,,,,,0,beer,
subject-14,9,31,non-restrictive,The woman will examine the bottle,3,15,1,0.7031,0.0536,337.8,elsewhere,False,False,,,,,,1,bottle,elsewhere
subject-14,10,25,non-restrictive,The man will move the canvas,1,14,0,,,,,,,,,,,,0,canvas,
subject-14,11,47,non-restrictive,The girl will move the carpet,3,12,2,0.0921,0.0467,182.7,pos2,False,True,0.0,0.5,0.5,0.0,0.5,2,carpet,footstool
subject-14,12,3,non-restrictive,The woman will touch the baby,3,10,1,0.5992,0.0735,336.5,pos1,False,True,,,,,,0,baby,stool
subject-14,13,48,restrictive,The child will inflate the balloon,4,17,1,0.5037,0.0405,363.2,subject,False,False,1.0,0.0,0.0,0.0,0.0,2,balloon,subject
subject-14,14,6,restrictive,The housewife will fry the mushrooms,2,14,1,0.1323,0.0536,315.0,pos1,False,True,1.0,0.0,0.0,0.0,0.0,1,mushrooms,jug
subject-14,15,4,restrictive,The boy will bounce the ball,4,14,0,,,,,,,,,,,,0,ball,
subject-14,16,21,non-restrictive,The woman will move the flower,1,11,0,,,,,,,,,,,,0,flower,
subject-14,17,0,restrictive,The boy will eat the cake,4,9,0,,,,,,,,,,,,0,cake,
subject-14,18,39,non-restrictive,The boy will move the shoelace,3,9,0,,,,,,,,,,,,0,shoelace,
subject-14,19,37,non-restrictive,The boy will move the banana,1,9,0,,,,,,,,,,,,0,banana,
subject-14,20,16,restrictive,The woman will wear the dress,4,13,1,0.3773,0.067,275.8,elsewhere,False,False,,,,,,1,dress,elsewhere
subject-14,21,8,restrictive,The woman will play the piano,4,12,1,0.5653,0.0472,267.2,pos1,False,True,,,,,,0,piano,table
subject-14,22,18,restrictive,The boy will kick the football,2,10,0,,,,,,,,,,,,0,football,
subject-14,23,7,non-restrictive,The doctor will check the child,3,9,0,,,,,,,,,,,,0,child,
subject-14,24,24,restrictive,The girl will groom the rabbit,4,11,1,0.3237,0.0537,282.0,pos4,True,True,0.0,0.0,0.0,1.0,1.0,1,rabbit,rabbit
subject-14,25,12,restrictive,The man will sail the boat,4,11,0,,,,,,,,,,,,0,boat,
subject-14,26,19,non-restrictive,The chef will clean the bread,3,10,0,,,,,,,,,,,,0,bread,
subject-14,27,11,non-restrictive,The baby will kick the bell,3,4,0,,,,,,,,,,,,0,bell,
subject-14,28,20,restrictive,The baby will hug the kitten,4,8,1,0.3824,0.0602,294.8,pos3,False,True,0.0,0.0,1.0,0.0,0.0,1,kitten,cup
subject-14,29,30,restrictive,The girl will roll the dice,2,9,0,,,,,,,,,,,,0,dice,
subject-14,30,14,restrictive,The boy will walk the dog,2,6,0,,,,,,,,,,,,0,dog,
subject-14,32,22,restrictive,The girl will zip the coat,2,5,0,,,,,,,,,,,,0,coat,
subject-14,33,5,non-restrictive,The hiker will photograph the mountain,1,9,0,,,,,,,,,,,,0,mountain,
subject-14,34,35,non-restrictive,The girl will squeeze the mascara,3,18,1,0.6651,0.0268,177.3,pos4,False,True,0.0,0.0,0.0,1.0,0.0,1,mascara,brush
subject-14,35,29,non-restrictive,The grandmother will eadturn the newspaper,1,11,1,0.4022,0.0472,363.9,pos4,False,True,0.0,0.0,0.0,1.0,0.0,1,newspaper,tissue
subject-14,36,17,non-restrictive,The man will  move the wood,1,9,0,,,,,,,,,,,,0,wood,
subject-14,37,27,non-restrictive,The boy will touch the lamp,3,11,0,,,,,,,,,,,,0,lamp,
subject-14,38,40,restrictive,The girl will button the blouse,4,10,0,,,,,,,,,,,,0,blouse,
subject-14,39,44,restrictive,The baker will knead the dough,4,9,0,,,,,,,,,,,,0,dough,
subject-14,40,49,non-restrictive,The man will pick up the stamp,1,5,0,,,,,,,,,,,,0,stamp,
subject-14,41,23,non-restrictive,The girl will hold the scarf,3,9,1,0.4645,0.0466,223.5,pos1,False,True,1.0,0.0,0.0,0.0,0.0,1,scarf,needle
subject-14,42,9,non-restrictive,The woman will open the book,1,5,1,0.062,0.0469,329.4,subject,False,False,,,,,,1,book,subject
subject-14,43,1,non-restrictive,The woman will try the wine,1,10,0,,,,,,,,,,,,0,wine,
subject-14,44,38,restrictive,The woman will tie the apron,2,15,2,0.4058,0.0467,296.8,elsewhere,False,False,,,,,,1,apron,elsewhere
subject-14,45,26,restrictive,The woman will blow out the candle,2,12,3,0.1354,0.0134,134.0,pos3,False,True,0.0,0.3333,0.3333,0.3333,0.3333,3,candle,package
subject-14,46,43,non-restrictive,The man will wipe the safe,3,14,0,,,,,,,,,,,,0,safe,
subject-14,47,41,non-restrictive,The boy will move the orange,1,11,1,0.1136,0.0471,295.0,subject,False,False,,,,,,1,orange,subject
subject-14,48,42,restrictive,The woman will sew the shirt,2,10,2,0.0417,0.0402,303.4,pos3,False,True,0.0,0.0,1.0,0.0,0.0,2,shirt,apple
subject-14,49,15,non-restrictive,The businessman will  forget the hat,3,11,2,0.1996,0.0403,397.8,pos2,False,True,0.0,1.0,0.0,0.0,0.0,2,hat,folder
subject-15,0,0,non-restrictive,The boy will move the cake,4,11,1,0.3138,0.0402,316.1,subject,False,False,,,,,,1,cake,subject
subject-15,1,29,restrictive,The grandmother will read the newspaper,1,8,0,,,,,,,,,,,,0,newspaper,
subject-15,2,36,non-restrictive,The kid will stack the lego,4,10,0,,,,,,,,,,,,0,lego,
subject-15,3,43,restrictive,The man will lock the safe,3,7,0,,,,,,,,,,,,0,safe,
subject-15,4,11,restrictive,The baby will ring the bell,3,7,0,,,,,,,,,,,,0,bell,
subject-15,5,34,non-restrictive,The boy will move the radio,2,7,0,,,,,,,,,,,,0,radio,
subject-15,6,42,non-restrictive,The woman will wash the shirt,2,7,0,,,,,,,,,,,,0,shirt,
subject-15,7,44,non-restrictive,The baker will inspect the dough,4,11,0,,,,,,,,,,,,0,dough,
subject-15,8,14,non-restrictive,The boy will feed the dog,2,7,0,,,,,,,,,,,,0,dog,
subject-15,9,48,non-restrictive,The child will carry the balloon,4,8,0,,,,,,,,,,,,0,balloon,
subject-15,10,45,restrictive,The chef will grate the carrot,1,7,0,,,,,,,,,,,,0,carrot,
subject-15,11,47,restrictive,The girl will vacuum the carpet,3,13,0,,,,,,,,,,,,0,carpet,
subject-15,12,39,restrictive,The boy will tie the shoelace,3,7,0,,,,,,,,,,,,0,shoelace,
subject-15,13,7,restrictive,The doctor will inject the child,3,7,0,,,,,,,,,,,,0,child,
subject-15,14,38,non-restrictive,The woman will carry the apron,2,7,0,,,,,,,,,,,,0,apron,
subject-15,15,25,restrictive,The man will paint the canvas,1,8,0,,,,,,,,,,,,0,canvas,
subject-15,16,12,non-restrictive,The man will watch the boat,4,9,0,,,,,,,,,,,,0,boat,
subject-15,17,6,non-restrictive,The housewife will  wash the mushrooms,2,4,0,,,,,,,,,,,,0,mushrooms,
subject-15,18,41,restrictive,The boy will squeeze the orange,1,12,0,,,,,,,,,,,,0,orange,
subject-15,19,10,non-restrictive,The man will wipe the washing machine,2,8,1,0.9406,0.0335,429.8,elsewhere,False,False,,,,,,1,washing-machine,elsewhere
subject-15,20,37,restrictive,The boy will peel the banana,1,7,0,,,,,,,,,,,,0,banana,
subject-15,21,5,restrictive,The hiker will climb the mountain,1,8,0,,,,,,,,,,,,0,mountain,
subject-15,22,9,restrictive,The woman will read the book,1,8,1,0.2214,0.0201,302.5,pos2,False,True,0.0,1.0,0.0,0.0,0.0,1,book,door
subject-15,23,13,restrictive,The man will smoke the cigarettes,1,10,0,,,,,,,,,,,,0,cigarettes,
subject-15,24,1,restrictive,The woman will drink the wine,1,8,0,,,,,,,,,,,,0,wine,
subject-15,25,26,non-restrictive,The woman will blow grab the candle,2,9,0,,,,,,,,,,,,0,candle,
subject-15,26,33,restrictive,The boy will unzip the suitcase,1,10,0,,,,,,,,,,,,0,suitcase,
subject-15,27,28,non-restrictive,The cat will push the milk,4,6,0,,,,,,,,,,,,0,milk,
subject-15,28,35,restrictive,The girl will apply the mascara,3,3,0,,,,,,,,,,,,0,mascara,
subject-15,29,27,restrictive,The boy will dim the lamp,3,12,0,,,,,,,,,,,,0,lamp,
subject-15,30,46,non-restrictive,The musician will move the violin,2,8,0,,,,,,,,,,,,0,violin,
subject-15,31,40,non-restrictive,The girl will hold the blouse,4,11,0,,,,,,,,,,,,0,blouse,
subject-15,32,32,non-restrictive,The woman will carry the beer,4,5,0,,,,,,,,,,,,0,beer,
subject-15,33,8,non-restrictive,The woman will dust the piano,4,7,0,,,,,,,,,,,,0,piano,
subject-15,34,4,non-restrictive,The boy will throw the ball,4,7,0,,,,,,,,,,,,0,ball,
subject-15,35,16,non-restrictive,The woman will  carry the dress,4,7,0,,,,,,,,,,,,0,dress,
subject-15,36,17,restrictive,The man will chop the wood,1,8,0,,,,,,,,,,,,0,wood,
subject-15,37,31,restrictive,The woman will open the bottle,3,6,0,,,,,,,,,,,,0,bottle,
subject-15,38,19,restrictive,The chef will slice the bread,3,8,0,,,,,,,,,,,,0,bread,
subject-15,39,24,non-restrictive,The girl will lift the rabbit,4,8,1,0.1008,0.0536,267.5,pos1,False,True,1.0,0.0,0.0,0.0,0.0,1,rabbit,plate
subject-15,40,30,non-restrictive,The girl will grab the dice,2,5,0,,,,,,,,,,,,0,dice,
subject-15,41,2,non-restrictive,The policeman will search the man,2,7,0,,,,,,,,,,,,0,man,
subject-15,42,23,restrictive,The girl will knit the scarf,3,9,0,,,,,,,,,,,,0,scarf,
subject-15,43,49,restrictive,The man will lick the stamp,1,7,0,,,,,,,,,,,,0,stamp,
subject-15,44,22,non-restrictive,The girl will hang the coat,2,7,0,,,,,,,,,,,,0,coat,
subject-15,45,3,restrictive,The woman will bathe the baby,3,8,0,,,,,,,,,,,,0,baby,
subject-15,46,21,restrictive,The woman will water the flower,1,11,0,,,,,,,,,,,,0,flower,
subject-15,47,15,restrictive,The businessman will wear the hat,3,8,0,,,,,,,,,,,,0,hat,
subject-15,48,20,non-restrictive,The baby will grab the kitten,4,8,0,,,,,,,,,,,,0,kitten,
subject-15,49,18,non-restrictive,The boy will touch the football,2,6,0,,,,,,,,,,,,0,football,
subject-16,0,14,restrictive,The boy will walk the dog,3,13,0,,,,,,,,,,,,0,dog,
subject-16,1,27,non-restrictive,The boy will touch the lamp,4,13,1,0.3232,0.0403,454.7,pos3,False,True,0.0,0.0,1.0,0.0,0.0,1,lamp,picture
subject-16,2,20,restrictive,The baby will hug the kitten,1,5,0,,,,,,,,,,,,0,kitten,
subject-16,3,44,restrictive,The baker will knead the dough,1,11,1,0.4721,0.0538,283.5,pos1,True,True,,,,,,0,dough,dough
subject-16,4,7,non-restrictive,The doctor will check the child,4,8,0,,,,,,,,,,,,0,child,
subject-16,5,5,non-restrictive,The hiker will photograph the mountain,2,12,2,0.4024,0.0135,169.0,pos2,True,True,0.0,0.5,0.5,0.0,0.5,2,mountain,mountain
subject-16,6,6,restrictive,The housewife will fry the mushrooms,3,14,0,,,,,,,,,,,,0,mushrooms,
subject-16,7,36,restrictive,The kid will build the lego,1,17,0,,,,,,,,,,,,0,lego,
subject-16,8,49,non-restrictive,The man will pick up the stamp,2,13,1,0.6618,0.0536,369.0,pos2,True,True,0.0,1.0,0.0,0.0,1.0,1,stamp,stamp
subject-16,9,11,non-restrictive,The baby will kick the bell,4,11,0,,,,,,,,,,,,0,bell,
subject-16,10,37,non-restrictive,The boy will move the banana,2,13,0,,,,,,,,,,,,0,banana,
subject-16,11,33,non-restrictive,The boy will open the suitcase,2,14,0,,,,,,,,,,,,0,suitcase,
subject-16,12,18,restrictive,The boy will kick the football,3,11,1,0.0853,0.0133,156.8,elsewhere,False,False,,,,,,1,football,elsewhere
subject-16,13,46,restrictive,The musician will tune the violin,3,8,0,,,,,,,,,,,,0,violin,
subject-16,14,31,non-restrictive,The woman will examine the bottle,4,10,0,,,,,,,,,,,,0,bottle,
subject-16,15,29,non-restrictive,The grandmother will eadturn the newspaper,2,6,0,,,,,,,,,,,,0,newspaper,
subject-16,16,24,restrictive,The girl will groom the rabbit,1,8,0,,,,,,,,,,,,0,rabbit,
subject-16,17,35,non-restrictive,The girl will squeeze the mascara,4,8,0,,,,,,,,,,,,0,mascara,
subject-16,18,8,restrictive,The woman will play the piano,1,8,0,,,,,,,,,,,,0,piano,
subject-16,19,2,restrictive,The policeman will arrest the man,3,11,0,,,,,,,,,,,,0,man,
subject-16,20,43,non-restrictive,The man will wipe the safe,4,8,0,,,,,,,,,,,,0,safe,
subject-16,21,21,non-restrictive,The woman will move the flower,2,10,0,,,,,,,,,,,,0,flower,
subject-16,22,17,non-restrictive,The man will  move the wood,2,10,0,,,,,,,,,,,,0,wood,
subject-16,23,19,non-restrictive,The chef will clean the bread,4,11,0,,,,,,,,,,,,0,bread,
subject-16,24,0,restrictive,The boy will eat the cake,1,7,0,,,,,,,,,,,,0,cake,
subject-16,25,40,restrictive,The girl will button the blouse,1,7,0,,,,,,,,,,,,0,blouse,
subject-16,26,9,non-restrictive,The woman will open the book,2,7,0,,,,,,,,,,,,0,book,
subject-16,27,15,non-restrictive,The businessman will  forget the hat,4,8,0,,,,,,,,,,,,0,hat,
subject-16,28,32,restrictive,The woman will brew the beer,1,8,0,,,,,,,,,,,,0,beer,
subject-16,29,48,restrictive,The child will inflate the balloon,1,11,0,,,,,,,,,,,,0,balloon,
subject-16,30,28,restrictive,The cat will drink the milk,1,11,1,0.5656,0.054,324.8,pos1,True,True,,,,,,0,milk,milk
subject-16,31,23,non-restrictive,The girl will hold the scarf,4,6,0,,,,,,,,,,,,0,scarf,
subject-16,32,16,restrictive,The woman will wear the dress,1,8,0,,,,,,,,,,,,0,dress,
subject-16,33,13,non-restrictive,The man will  collect the cigarettes,2,9,0,,,,,,,,,,,,0,cigarettes,
subject-16,34,1,non-restrictive,The woman will try the wine,2,10,0,,,,,,,,,,,,0,wine,
subject-16,35,45,non-restrictive,The chef will carry the carrot,2,8,1,0.5677,0.0535,439.8,pos2,True,True,0.0,1.0,0.0,0.0,1.0,1,carrot,carrot
subject-16,37,12,restrictive,The man will sail the boat,1,5,0,,,,,,,,,,,,0,boat,
subject-16,38,25,non-restrictive,The man will move the canvas,2,11,0,,,,,,,,,,,,0,canvas,
subject-16,39,3,non-restrictive,The woman will touch the baby,4,9,0,,,,,,,,,,,,0,baby,
subject-16,40,38,restrictive,The woman will tie the apron,3,11,0,,,,,,,,,,,,0,apron,
subject-16,41,26,restrictive,The woman will blow out the candle,3,10,0,,,,,,,,,,,,0,candle,
subject-16,42,30,restrictive,The girl will roll the dice,3,10,0,,,,,,,,,,,,0,dice,
subject-16,43,4,restrictive,The boy will bounce the ball,1,9,1,0.6229,0.0537,306.0,pos4,False,True,,,,,,0,ball,shuttle-cock
subject-16,44,42,restrictive,The woman will sew the shirt,3,9,0,,,,,,,,,,,,0,shirt,
subject-16,45,10,restrictive,The man will repair the washing machine,3,10,0,,,,,,,,,,,,0,washing-machine,
subject-16,46,39,non-restrictive,The boy will move the shoelace,4,9,0,,,,,,,,,,,,0,shoelace,
subject-16,47,41,non-restrictive,The boy will move the orange,2,7,0,,,,,,,,,,,,0,orange,
subject-16,48,47,non-restrictive,The girl will move the carpet,4,10,0,,,,,,,,,,,,0,carpet,
subject-16,49,22,restrictive,The girl will zip the coat,3,7,0,,,,,,,,,,,,0,coat,
subject-17,0,36,non-restrictive,The kid will stack the lego,1,16,1,0.6263,0.0133,96.5,subject,False,False,,,,,,1,lego,subject
subject-17,1,3,restrictive,The woman will bathe the baby,4,20,3,0.1074,0.0135,200.0,subject,False,False,0.0,0.0,0.0,1.0,1.0,3,baby,subject
subject-17,2,11,restrictive,The baby will ring the bell,4,20,1,0.3068,0.013,150.1,subject,False,False,,,,,,2,bell,subject
subject-17,3,48,non-restrictive,The child will carry the balloon,1,16,0,,,,,,,,,,,,0,balloon,
subject-17,4,9,restrictive,The woman will read the book,2,19,1,0.0805,0.0539,263.3,subject,False,False,,,,,,1,book,subject
subject-17,5,41,restrictive,The boy will squeeze the orange,2,15,0,,,,,,,,,,,,0,orange,
subject-17,6,34,non-restrictive,The boy will move the radio,3,19,2,0.0301,0.0198,138.0,elsewhere,False,False,,,,,,2,radio,elsewhere
subject-17,7,31,restrictive,The woman will open the bottle,4,11,0,,,,,,,,,,,,0,bottle,
subject-17,8,30,non-restrictive,The girl will grab the dice,3,14,0,,,,,,,,,,,,0,dice,
subject-17,9,44,non-restrictive,The baker will inspect the dough,1,10,1,0.0108,0.0405,300.5,subject,False,False,,,,,,1,dough,subject
subject-17,10,37,restrictive,The boy will peel the banana,2,14,2,0.2412,0.0603,299.0,pos4,False,True,0.0,0.0,0.5,0.5,0.0,2,banana,marker
subject-17,11,15,restrictive,The businessman will wear the hat,4,3,0,,,,,,,,,,,,0,hat,
subject-17,12,24,non-restrictive,The girl will lift the rabbit,1,12,0,,,,,,,,,,,,0,rabbit,
subject-17,13,27,restrictive,The boy will dim the lamp,4,11,1,0.0058,0.0404,252.3,subject,False,False,,,,,,1,lamp,subject
subject-17,14,20,non-restrictive,The baby will grab the kitten,1,14,1,0.0056,0.054,262.4,subject,False,False,,,,,,1,kitten,subject
subject-17,15,40,non-restrictive,The girl will hold the blouse,1,15,1,0.2896,0.0403,251.7,elsewhere,False,False,,,,,,2,blouse,elsewhere
subject-17,16,14,non-restrictive,The boy will feed the dog,3,13,0,,,,,,,,,,,,0,dog,
subject-17,17,33,restrictive,The boy will unzip the suitcase,2,15,3,0.2644,0.0133,133.2,elsewhere,False,False,0.0,0.0,0.0,1.0,0.0,3,suitcase,elsewhere
subject-17,18,10,non-restrictive,The man will wipe the washing machine,3,11,1,1.1486,0.0602,322.3,elsewhere,False,False,,,,,,0,washing-machine,elsewhere
subject-17,19,49,restrictive,The man will lick the stamp,2,10,0,,,,,,,,,,,,0,stamp,
subject-17,20,38,non-restrictive,The woman will carry the apron,3,15,2,0.0097,0.0268,260.9,subject,False,False,,,,,,2,apron,subject
subject-17,21,19,restrictive,The chef will slice the bread,4,12,0,,,,,,,,,,,,0,bread,
subject-17,22,29,restrictive,The grandmother will read the newspaper,2,10,3,0.0188,0.0335,235.8,elsewhere,False,False,0.0,0.0,0.0,1.0,0.0,3,newspaper,elsewhere
subject-17,23,32,non-restrictive,The woman will carry the beer,1,15,2,0.1647,0.047,227.3,pos3,False,True,0.0,0.0,0.5,0.5,0.0,2,beer,biscuit
subject-17,24,5,restrictive,The hiker will climb the mountain,2,16,1,0.1744,0.0537,335.3,pos2,True,True,0.0,1.0,0.0,0.0,1.0,1,mountain,mountain
subject-17,25,8,non-restrictive,The woman will dust the piano,1,14,0,,,,,,,,,,,,0,piano,
subject-17,26,4,non-restrictive,The boy will throw the ball,1,6,1,0.1246,0.0537,264.9,elsewhere,False,False,,,,,,1,ball,elsewhere
subject-17,27,45,restrictive,The chef will grate the carrot,2,14,2,0.2372,0.0538,249.1,elsewhere,False,False,,,,,,2,carrot,elsewhere
subject-17,28,42,non-restrictive,The woman will wash the shirt,3,10,1,0.3364,0.02,174.1,elsewhere,False,False,,,,,,1,shirt,elsewhere
subject-17,29,46,non-restrictive,The musician will move the violin,3,20,0,,,,,,,,,,,,0,violin,
subject-17,30,25,restrictive,The man will paint the canvas,2,19,2,0.0124,0.0332,208.9,subject,False,False,,,,,,2,canvas,subject
subject-17,31,17,restrictive,The man will chop the wood,2,11,2,0.0787,0.02,237.9,pos2,True,True,0.0,0.5,0.5,0.0,0.5,2,wood,wood
subject-17,32,35,restrictive,The girl will apply the mascara,4,15,4,0.092,0.0267,183.3,subject,False,False,1.0,0.0,0.0,0.0,0.0,4,mascara,subject
subject-17,33,6,non-restrictive,The housewife will  wash the mushrooms,3,8,1,0.4825,0.0134,141.5,subject,False,False,,,,,,1,mushrooms,subject
subject-17,34,47,restrictive,The girl will vacuum the carpet,4,14,1,0.3355,0.0469,326.1,subject,False,False,,,,,,1,carpet,subject
subject-17,35,12,non-restrictive,The man will watch the boat,1,14,0,,,,,,,,,,,,0,boat,
subject-17,36,28,non-restrictive,The cat will push the milk,1,16,1,0.5493,0.0399,284.1,elsewhere,False,False,,,,,,0,milk,elsewhere
subject-17,37,23,restrictive,The girl will knit the scarf,4,13,0,,,,,,,,,,,,0,scarf,
subject-17,38,21,restrictive,The woman will water the flower,2,12,3,0.125,0.0535,322.8,subject,False,False,0.0,0.0,1.0,0.0,0.0,3,flower,subject
subject-17,39,22,non-restrictive,The girl will hang the coat,3,11,0,,,,,,,,,,,,0,coat,
subject-17,40,1,restrictive,The woman will drink the wine,2,15,0,,,,,,,,,,,,0,wine,
subject-17,41,13,restrictive,The man will smoke the cigarettes,2,15,2,0.1781,0.0336,242.8,pos2,True,True,0.0,1.0,0.0,0.0,1.0,2,cigarettes,cigarettes
subject-17,42,2,non-restrictive,The policeman will search the man,3,9,0,,,,,,,,,,,,0,man,
subject-17,43,7,restrictive,The doctor will inject the child,4,19,0,,,,,,,,,,,,0,child,
subject-17,44,39,restrictive,The boy will tie the shoelace,4,10,0,,,,,,,,,,,,0,shoelace,
subject-17,45,0,non-restrictive,The boy will move the cake,1,16,1,0.4342,0.0405,358.2,pos2,False,True,0.0,1.0,0.0,0.0,0.0,1,cake,toy-car
subject-17,46,26,non-restrictive,The woman will blow grab the candle,3,19,3,0.162,0.0268,227.9,elsewhere,False,False,,,,,,3,candle,elsewhere
subject-17,47,43,restrictive,The man will lock the safe,4,13,3,0.0583,0.0402,244.4,pos2,False,True,0.0,1.0,0.0,0.0,0.0,3,safe,bolt
subject-17,48,18,non-restrictive,The boy will touch the football,3,13,1,0.3136,0.054,257.1,elsewhere,False,False,,,,,,1,football,elsewhere
subject-17,49,16,non-restrictive,The woman will  carry the dress,1,12,3,0.1704,0.047,260.4,pos4,False,True,0.0,0.0,0.0,1.0,0.0,2,dress,ribbon
subject-18,0,14,restrictive,The boy will walk the dog,4,7,0,,,,,,,,,,,,0,dog,
subject-18,1,22,restrictive,The girl will zip the coat,4,5,0,,,,,,,,,,,,0,coat,
subject-18,2,4,restrictive,The boy will bounce the ball,2,7,0,,,,,,,,,,,,0,ball,
subject-18,3,39,non-restrictive,The boy will move the shoelace,1,8,0,,,,,,,,,,,,0,shoelace,
subject-18,4,19,non-restrictive,The chef will clean the bread,1,9,0,,,,,,,,,,,,0,bread,
subject-18,5,12,restrictive,The man will sail the boat,2,8,0,,,,,,,,,,,,0,boat,
subject-18,6,32,restrictive,The woman will brew the beer,2,9,0,,,,,,,,,,,,0,beer,
subject-18,7,28,restrictive,The cat will drink the milk,2,8,1,0.3581,0.0603,248.5,elsewhere,False,False,,,,,,1,milk,elsewhere
subject-18,8,45,non-restrictive,The chef will carry the carrot,3,8,0,,,,,,,,,,,,0,carrot,
subject-18,9,15,non-restrictive,The businessman will  forget the hat,1,10,1,0.1129,0.0269,331.4,subject,False,False,,,,,,1,hat,subject
subject-18,10,41,non-restrictive,The boy will move the orange,3,7,0,,,,,,,,,,,,0,orange,
subject-18,11,25,non-restrictive,The man will move the canvas,3,11,0,,,,,,,,,,,,0,canvas,
subject-18,12,44,restrictive,The baker will knead the dough,2,7,0,,,,,,,,,,,,0,dough,
subject-18,13,49,non-restrictive,The man will pick up the stamp,3,10,1,0.6422,0.0266,131.2,pos3,True,True,0.0,0.0,1.0,0.0,1.0,1,stamp,stamp
subject-18,14,1,non-restrictive,The woman will try the wine,3,10,0,,,,,,,,,,,,0,wine,
subject-18,15,46,restrictive,The musician will tune the violin,4,10,0,,,,,,,,,,,,0,violin,
subject-18,16,21,non-restrictive,The woman will move the flower,3,7,0,,,,,,,,,,,,0,flower,
subject-18,17,10,restrictive,The man will repair the washing machine,4,8,2,0.5303,0.0134,97.5,subject,False,False,,,,,,1,washing-machine,subject
subject-18,18,8,restrictive,The woman will play the piano,2,5,0,,,,,,,,,,,,0,piano,
subject-18,19,26,restrictive,The woman will blow out the candle,4,7,0,,,,,,,,,,,,0,candle,
subject-18,20,27,non-restrictive,The boy will touch the lamp,1,6,0,,,,,,,,,,,,0,lamp,
subject-18,21,5,non-restrictive,The hiker will photograph the mountain,3,6,0,,,,,,,,,,,,0,mountain,
subject-18,22,17,non-restrictive,The man will  move the wood,3,8,0,,,,,,,,,,,,0,wood,
subject-18,23,0,restrictive,The boy will eat the cake,2,6,0,,,,,,,,,,,,0,cake,
subject-18,24,42,restrictive,The woman will sew the shirt,4,10,0,,,,,,,,,,,,0,shirt,
subject-18,25,29,non-restrictive,The grandmother will eadturn the newspaper,3,12,1,0.3219,0.0471,301.8,elsewhere,False,False,,,,,,1,newspaper,elsewhere
subject-18,26,40,restrictive,The girl will button the blouse,2,7,0,,,,,,,,,,,,0,blouse,
subject-18,27,18,restrictive,The boy will kick the football,4,8,0,,,,,,,,,,,,0,football,
subject-18,28,36,restrictive,The kid will build the lego,2,8,0,,,,,,,,,,,,0,lego,
subject-18,29,11,non-restrictive,The baby will kick the bell,1,7,0,,,,,,,,,,,,0,bell,
subject-18,30,33,non-restrictive,The boy will open the suitcase,3,6,0,,,,,,,,,,,,0,suitcase,
subject-18,31,30,restrictive,The girl will roll the dice,4,10,0,,,,,,,,,,,,0,dice,
subject-18,32,47,non-restrictive,The girl will move the carpet,1,10,0,,,,,,,,,,,,0,carpet,
subject-18,33,37,non-restrictive,The boy will move the banana,3,9,0,,,,,,,,,,,,0,banana,
subject-18,34,3,non-restrictive,The woman will touch the baby,1,6,0,,,,,,,,,,,,0,baby,
subject-18,35,6,restrictive,The housewife will fry the mushrooms,4,8,0,,,,,,,,,,,,0,mushrooms,
subject-18,36,38,restrictive,The woman will tie the apron,4,8,1,0.339,0.0134,142.1,subject,False,False,,,,,,1,apron,subject
subject-18,37,43,non-restrictive,The man will wipe the safe,1,10,0,,,,,,,,,,,,0,safe,
subject-18,38,9,non-restrictive,The woman will open the book,3,8,0,,,,,,,,,,,,0,book,
subject-18,40,2,restrictive,The policeman will arrest the man,4,6,0,,,,,,,,,,,,0,man,
subject-18,41,13,non-restrictive,The man will  collect the cigarettes,3,7,1,0.6611,0.0138,134.9,subject,False,False,,,,,,1,cigarettes,subject
subject-18,42,7,non-restrictive,The doctor will check the child,1,6,0,,,,,,,,,,,,0,child,
subject-18,43,16,restrictive,The woman will wear the dress,2,7,0,,,,,,,,,,,,0,dress,
subject-18,44,48,restrictive,The child will inflate the balloon,2,9,0,,,,,,,,,,,,0,balloon,
subject-18,45,23,non-restrictive,The girl will hold the scarf,1,6,1,0.0897,0.0398,260.5,subject,False,False,,,,,,1,scarf,subject
subject-18,46,24,restrictive,The girl will groom the rabbit,2,9,0,,,,,,,,,,,,0,rabbit,
subject-18,47,35,non-restrictive,The girl will squeeze the mascara,1,9,1,0.0022,0.0134,165.9,subject,False,False,,,,,,1,mascara,subject
subject-18,48,31,non-restrictive,The woman will examine the bottle,1,9,0,,,,,,,,,,,,0,bottle,
subject-18,49,20,restrictive,The baby will hug the kitten,2,6,0,,,,,,,,,,,,0,kitten,
subject-19,0,48,non-restrictive,The child will carry the balloon,2,6,0,,,,,,,,,,,,0,balloon,
subject-19,1,31,restrictive,The woman will open the bottle,1,7,0,,,,,,,,,,,,0,bottle,
subject-19,2,23,restrictive,The girl will knit the scarf,1,5,0,,,,,,,,,,,,0,scarf,
subject-19,3,40,non-restrictive,The girl will hold the blouse,2,10,0,,,,,,,,,,,,0,blouse,
subject-19,4,36,non-restrictive,The kid will stack the lego,2,8,2,0.0302,0.0332,353.6,subject,False,False,,,,,,2,lego,subject
subject-19,5,35,restrictive,The girl will apply the mascara,1,10,1,0.6681,0.0133,365.7,subject,False,False,,,,,,1,mascara,subject
subject-19,6,33,restrictive,The boy will unzip the suitcase,3,8,1,0.6058,0.0335,267.2,elsewhere,False,False,,,,,,1,suitcase,elsewhere
subject-19,7,37,restrictive,The boy will peel the banana,3,5,0,,,,,,,,,,,,0,banana,
subject-19,8,44,non-restrictive,The baker will inspect the dough,2,4,1,0.3527,0.0805,264.7,pos2,True,True,0.0,1.0,0.0,0.0,1.0,1,dough,dough
subject-19,9,5,restrictive,The hiker will climb the mountain,3,11,1,0.3416,0.054,500.0,pos3,True,True,0.0,0.0,1.0,0.0,1.0,1,mountain,mountain
subject-19,10,27,restrictive,The boy will dim the lamp,1,5,0,,,,,,,,,,,,0,lamp,
subject-19,11,29,restrictive,The grandmother will read the newspaper,3,5,0,,,,,,,,,,,,0,newspaper,
subject-19,12,17,restrictive,The man will chop the wood,3,5,0,,,,,,,,,,,,0,wood,
subject-19,13,6,non-restrictive,The housewife will  wash the mushrooms,4,6,0,,,,,,,,,,,,0,mushrooms,
subject-19,14,11,restrictive,The baby will ring the bell,1,4,0,,,,,,,,,,,,0,bell,
subject-19,15,20,non-restrictive,The baby will grab the kitten,2,9,0,,,,,,,,,,,,0,kitten,
subject-19,16,42,non-restrictive,The woman will wash the shirt,4,6,1,0.2023,0.0737,373.9,subject,False,False,,,,,,1,shirt,subject
subject-19,17,46,non-restrictive,The musician will move the violin,4,6,1,0.3401,0.0535,401.9,pos1,False,True,1.0,0.0,0.0,0.0,0.0,1,violin,bow
subject-19,18,16,non-restrictive,The woman will  carry the dress,2,6,0,,,,,,,,,,,,0,dress,
subject-19,19,19,restrictive,The chef will slice the bread,1,5,0,,,,,,,,,,,,0,bread,
subject-19,20,18,non-restrictive,The boy will touch the football,4,5,0,,,,,,,,,,,,0,football,
subject-19,21,41,restrictive,The boy will squeeze the orange,3,4,1,0.6403,0.0336,271.5,subject,False,False,,,,,,1,orange,subject
subject-19,22,39,restrictive,The boy will tie the shoelace,1,9,0,,,,,,,,,,,,0,shoelace,
subject-19,23,4,non-restrictive,The boy will throw the ball,2,5,0,,,,,,,,,,,,0,ball,
subject-19,24,22,non-restrictive,The girl will hang the coat,4,3,0,,,,,,,,,,,,0,coat,
subject-19,25,15,restrictive,The businessman will wear the hat,1,8,0,,,,,,,,,,,,0,hat,
subject-19,26,13,restrictive,The man will smoke the cigarettes,3,6,1,0.4994,0.0673,529.2,pos3,True,True,0.0,0.0,1.0,0.0,1.0,1,cigarettes,cigarettes
subject-19,27,12,non-restrictive,The man will watch the boat,2,9,1,0.4674,0.0535,418.6,subject,False,False,,,,,,1,boat,subject
subject-19,28,45,restrictive,The chef will grate the carrot,3,8,1,0.0431,0.0534,454.2,subject,False,False,,,,,,1,carrot,subject
subject-19,29,26,non-restrictive,The woman will blow grab the candle,4,7,1,0.4433,0.0536,406.9,subject,False,False,,,,,,1,candle,subject
subject-19,30,25,restrictive,The man will paint the canvas,3,5,0,,,,,,,,,,,,0,canvas,
subject-19,31,38,non-restrictive,The woman will carry the apron,4,8,2,0.03,0.0535,345.1,pos4,True,True,0.0,0.0,0.5,0.5,0.5,2,apron,apron
subject-19,32,3,restrictive,The woman will bathe the baby,1,4,0,,,,,,,,,,,,0,baby,
subject-19,33,2,non-restrictive,The policeman will search the man,4,6,0,,,,,,,,,,,,0,man,
subject-19,34,34,non-restrictive,The boy will move the radio,4,8,0,,,,,,,,,,,,0,radio,
subject-19,35,47,restrictive,The girl will vacuum the carpet,1,7,1,0.081,0.0336,362.1,subject,False,False,,,,,,1,carpet,subject
subject-19,36,10,non-restrictive,The man will wipe the washing machine,4,5,0,,,,,,,,,,,,1,washing-machine,
subject-19,37,1,restrictive,The woman will drink the wine,3,8,1,0.2437,0.0535,446.5,subject,False,False,,,,,,1,wine,subject
subject-19,38,21,restrictive,The woman will water the flower,3,6,0,,,,,,,,,,,,0,flower,
subject-19,39,30,non-restrictive,The girl will grab the dice,4,5,1,0.2239,0.0471,480.7,subject,False,False,,,,,,1,dice,subject
subject-19,40,28,non-restrictive,The cat will push the milk,2,4,0,,,,,,,,,,,,0,milk,
subject-19,41,32,non-restrictive,The woman will carry the beer,2,7,1,0.0707,0.0137,368.7,elsewhere,False,False,,,,,,1,beer,elsewhere
subject-19,42,24,non-restrictive,The girl will lift the rabbit,2,4,0,,,,,,,,,,,,0,rabbit,
subject-19,43,9,restrictive,The woman will read the book,3,4,0,,,,,,,,,,,,0,book,
subject-19,44,8,non-restrictive,The woman will dust the piano,2,5,0,,,,,,,,,,,,0,piano,
subject-19,45,49,restrictive,The man will lick the stamp,3,6,0,,,,,,,,,,,,0,stamp,
subject-19,46,14,non-restrictive,The boy will feed the dog,4,6,1,0.0151,0.0532,356.6,subject,False,False,,,,,,1,dog,subject
subject-19,47,0,non-restrictive,The boy will move the cake,2,6,1,0.0262,0.0535,364.4,subject,False,False,,,,,,1,cake,subject
subject-19,48,7,restrictive,The doctor will inject the child,1,4,0,,,,,,,,,,,,0,child,
subject-19,49,43,restrictive,The man will lock the safe,1,6,0,,,,,,,,,,,,1,safe,
subject-20,0,3,non-restrictive,The woman will touch the baby,2,8,0,,,,,,,,,,,,0,baby,
subject-20,1,10,restrictive,The man will repair the washing machine,1,4,1,1.1331,0.02,344.5,elsewhere,False,False,,,,,,1,washing-machine,elsewhere
subject-20,2,28,restrictive,The cat will drink the milk,3,11,0,,,,,,,,,,,,0,milk,
subject-20,3,6,restrictive,The housewife will fry the mushrooms,1,6,0,,,,,,,,,,,,0,mushrooms,
subject-20,4,21,non-restrictive,The woman will move the flower,4,7,0,,,,,,,,,,,,0,flower,
subject-20,5,12,restrictive,The man will sail the boat,3,8,0,,,,,,,,,,,,0,boat,
subject-20,6,5,non-restrictive,The hiker will photograph the mountain,4,9,1,0.7911,0.0334,357.1,elsewhere,False,False,,,,,,1,mountain,elsewhere
subject-20,7,11,non-restrictive,The baby will kick the bell,2,7,0,,,,,,,,,,,,0,bell,
subject-20,8,42,restrictive,The woman will sew the shirt,1,6,0,,,,,,,,,,,,0,shirt,
subject-20,9,23,non-restrictive,The girl will hold the scarf,2,6,0,,,,,,,,,,,,0,scarf,
subject-20,10,49,non-restrictive,The man will pick up the stamp,4,6,0,,,,,,,,,,,,0,stamp,
subject-20,11,0,restrictive,The boy will eat the cake,3,5,0,,,,,,,,,,,,0,cake,
subject-20,12,4,restrictive,The boy will bounce the ball,3,7,0,,,,,,,,,,,,0,ball,
subject-20,13,36,restrictive,The kid will build the lego,3,5,0,,,,,,,,,,,,0,lego,
subject-20,14,22,restrictive,The girl will zip the coat,1,9,0,,,,,,,,,,,,0,coat,
subject-20,15,41,non-restrictive,The boy will move the orange,4,3,1,0.0475,0.0132,97.4,subject,False,False,,,,,,1,orange,subject
subject-20,16,46,restrictive,The musician will tune the violin,1,4,0,,,,,,,,,,,,0,violin,
subject-20,17,26,restrictive,The woman will blow out the candle,1,8,0,,,,,,,,,,,,0,candle,
subject-20,18,40,restrictive,The girl will button the blouse,3,6,0,,,,,,,,,,,,0,blouse,
subject-20,19,9,non-restrictive,The woman will open the book,4,6,0,,,,,,,,,,,,0,book,
subject-20,21,18,restrictive,The boy will kick the football,1,5,0,,,,,,,,,,,,0,football,
subject-20,22,43,non-restrictive,The man will wipe the safe,2,7,0,,,,,,,,,,,,0,safe,
subject-20,23,31,non-restrictive,The woman will examine the bottle,2,7,0,,,,,,,,,,,,0,bottle,
subject-20,24,25,non-restrictive,The man will move the canvas,4,9,0,,,,,,,,,,,,0,canvas,
subject-20,25,1,non-restrictive,The woman will try the wine,4,5,0,,,,,,,,,,,,0,wine,
subject-20,26,48,restrictive,The child will inflate the balloon,3,9,0,,,,,,,,,,,,0,balloon,
subject-20,27,47,non-restrictive,The girl will move the carpet,2,2,0,,,,,,,,,,,,0,carpet,
subject-20,28,29,non-restrictive,The grandmother will eadturn the newspaper,4,3,0,,,,,,,,,,,,0,newspaper,
subject-20,29,45,non-restrictive,The chef will carry the carrot,4,4,0,,,,,,,,,,,,0,carrot,
subject-20,30,30,restrictive,The girl will roll the dice,1,8,0,,,,,,,,,,,,0,dice,
subject-20,31,19,non-restrictive,The chef will clean the bread,2,7,0,,,,,,,,,,,,0,bread,
subject-20,32,33,non-restrictive,The boy will open the suitcase,4,6,0,,,,,,,,,,,,0,suitcase,
subject-20,33,8,restrictive,The woman will play the piano,3,2,0,,,,,,,,,,,,0,piano,
subject-20,34,15,non-restrictive,The businessman will  forget the hat,2,8,1,0.0056,0.0332,517.5,pos1,False,True,1.0,0.0,0.0,0.0,0.0,1,hat,folder
subject-20,35,2,restrictive,The policeman will arrest the man,1,7,1,0.2002,0.0203,234.4,subject,False,False,,,,,,1,man,subject
subject-20,36,44,restrictive,The baker will knead the dough,3,4,0,,,,,,,,,,,,0,dough,
subject-20,37,17,non-restrictive,The man will  move the wood,4,8,1,0.4786,0.0334,258.8,subject,False,False,,,,,,1,wood,subject
subject-20,38,27,non-restrictive,The boy will touch the lamp,2,5,0,,,,,,,,,,,,0,lamp,
subject-20,39,32,restrictive,The woman will brew the beer,3,7,0,,,,,,,,,,,,0,beer,
subject-20,40,37,non-restrictive,The boy will move the banana,4,7,0,,,,,,,,,,,,0,banana,
subject-20,41,24,restrictive,The girl will groom the rabbit,3,3,0,,,,,,,,,,,,0,rabbit,
subject-20,42,20,restrictive,The baby will hug the kitten,3,3,0,,,,,,,,,,,,0,kitten,
subject-20,43,39,non-restrictive,The boy will move the shoelace,2,3,0,,,,,,,,,,,,0,shoelace,
subject-20,44,7,non-restrictive,The doctor will check the child,2,3,0,,,,,,,,,,,,0,child,
subject-20,45,13,non-restrictive,The man will  collect the cigarettes,4,7,0,,,,,,,,,,,,0,cigarettes,
subject-20,46,14,restrictive,The boy will walk the dog,1,6,0,,,,,,,,,,,,0,dog,
subject-20,47,38,restrictive,The woman will tie the apron,1,5,0,,,,,,,,,,,,0,apron,
subject-20,48,35,non-restrictive,The girl will squeeze the mascara,2,2,0,,,,,,,,,,,,0,mascara,
subject-20,49,16,restrictive,The woman will wear the dress,3,6,0,,,,,,,,,,,,0,dress,
subject-21,0,2,non-restrictive,The policeman will search the man,1,17,1,0.1538,0.0134,249.3,subject,False,False,,,,,,1,man,subject
subject-21,1,1,restrictive,The woman will drink the wine,4,12,0,,,,,,,,,,,,0,wine,
subject-21,2,46,non-restrictive,The musician will move the violin,1,10,0,,,,,,,,,,,,0,violin,
subject-21,3,36,non-restrictive,The kid will stack the lego,3,12,0,,,,,,,,,,,,0,lego,
subject-21,4,29,restrictive,The grandmother will read the newspaper,4,8,0,,,,,,,,,,,,0,newspaper,
subject-21,5,11,restrictive,The baby will ring the bell,2,12,0,,,,,,,,,,,,0,bell,
subject-21,6,16,non-restrictive,The woman will  carry the dress,3,13,0,,,,,,,,,,,,0,dress,
subject-21,7,30,non-restrictive,The girl will grab the dice,1,15,0,,,,,,,,,,,,0,dice,
subject-21,8,0,non-restrictive,The boy will move the cake,3,17,0,,,,,,,,,,,,1,cake,
subject-21,9,21,restrictive,The woman will water the flower,4,15,2,0.1449,0.0136,383.5,elsewhere,False,False,,,,,,2,flower,elsewhere
subject-21,10,10,non-restrictive,The man will wipe the washing machine,1,14,1,0.9677,0.0131,534.1,subject,False,False,,,,,,1,washing-machine,subject
subject-21,11,49,restrictive,The man will lick the stamp,4,14,0,,,,,,,,,,,,0,stamp,
subject-21,12,4,non-restrictive,The boy will throw the ball,3,15,0,,,,,,,,,,,,0,ball,
subject-21,13,18,non-restrictive,The boy will touch the football,1,17,1,0.1464,0.0335,486.2,subject,False,False,,,,,,1,football,subject
subject-21,14,3,restrictive,The woman will bathe the baby,2,9,0,,,,,,,,,,,,0,baby,
subject-21,15,39,restrictive,The boy will tie the shoelace,2,13,0,,,,,,,,,,,,0,shoelace,
subject-21,16,6,non-restrictive,The housewife will  wash the mushrooms,1,11,0,,,,,,,,,,,,0,mushrooms,
subject-21,17,19,restrictive,The chef will slice the bread,2,14,0,,,,,,,,,,,,0,bread,
subject-21,18,41,restrictive,The boy will squeeze the orange,4,12,0,,,,,,,,,,,,0,orange,
subject-21,19,40,non-restrictive,The girl will hold the blouse,3,13,0,,,,,,,,,,,,0,blouse,
subject-21,20,13,restrictive,The man will smoke the cigarettes,4,15,0,,,,,,,,,,,,0,cigarettes,
subject-21,21,33,restrictive,The boy will unzip the suitcase,4,14,0,,,,,,,,,,,,0,suitcase,
subject-21,22,37,restrictive,The boy will peel the banana,4,13,0,,,,,,,,,,,,0,banana,
subject-21,23,23,restrictive,The girl will knit the scarf,2,12,1,0.4057,0.0337,342.7,subject,False,False,,,,,,1,scarf,subject
subject-21,24,28,non-restrictive,The cat will push the milk,3,16,3,0.0668,0.0199,1970.8,elsewhere,False,False,,,,,,3,milk,elsewhere
subject-21,25,43,restrictive,The man will lock the safe,2,15,1,0.052,0.0402,621.0,pos3,False,True,0.0,0.0,1.0,0.0,0.0,1,safe,pan
subject-21,26,20,non-restrictive,The baby will grab the kitten,3,13,1,0.5218,0.0468,341.5,subject,False,False,,,,,,1,kitten,subject
subject-21,27,27,restrictive,The boy will dim the lamp,2,11,0,,,,,,,,,,,,0,lamp,
subject-21,28,9,restrictive,The woman will read the book,4,12,0,,,,,,,,,,,,0,book,
subject-21,29,15,restrictive,The businessman will wear the hat,2,14,0,,,,,,,,,,,,0,hat,
subject-21,30,24,non-restrictive,The girl will lift the rabbit,3,12,0,,,,,,,,,,,,0,rabbit,
subject-21,31,14,non-restrictive,The boy will feed the dog,1,12,0,,,,,,,,,,,,0,dog,
subject-21,32,26,non-restrictive,The woman will blow grab the candle,1,9,0,,,,,,,,,,,,0,candle,
subject-21,33,38,non-restrictive,The woman will carry the apron,1,13,0,,,,,,,,,,,,1,apron,
subject-21,34,42,non-restrictive,The woman will wash the shirt,1,10,2,0.2089,0.0535,460.2,subject,False,False,,,,,,1,shirt,subject
subject-21,35,25,restrictive,The man will paint the canvas,4,21,0,,,,,,,,,,,,0,canvas,
subject-21,36,22,non-restrictive,The girl will hang the coat,1,14,1,0.4979,0.0334,645.1,pos2,False,True,,,,,,0,coat,hook
subject-21,37,31,restrictive,The woman will open the bottle,2,16,2,0.3449,0.0401,645.4,subject,False,False,0.0,1.0,0.0,0.0,1.0,2,bottle,subject
subject-21,38,7,restrictive,The doctor will inject the child,2,14,1,0.325,0.04,582.2,pos1,False,True,1.0,0.0,0.0,0.0,0.0,1,child,microscope
subject-21,39,17,restrictive,The man will chop the wood,4,12,1,0.5404,0.0538,529.5,elsewhere,False,False,,,,,,0,wood,elsewhere
subject-21,40,8,non-restrictive,The woman will dust the piano,3,13,0,,,,,,,,,,,,0,piano,
subject-21,41,45,restrictive,The chef will grate the carrot,4,13,0,,,,,,,,,,,,0,carrot,
subject-21,42,34,non-restrictive,The boy will move the radio,1,12,1,0.003,0.02,211.8,subject,False,False,,,,,,1,radio,subject
subject-21,43,44,non-restrictive,The baker will inspect the dough,3,12,1,0.6946,0.0535,449.6,elsewhere,False,False,,,,,,1,dough,elsewhere
subject-21,44,47,restrictive,The girl will vacuum the carpet,2,15,1,0.7036,0.0333,384.8,subject,False,False,,,,,,1,carpet,subject
subject-21,45,48,non-restrictive,The child will carry the balloon,3,21,3,0.0226,0.0266,139.7,pos2,False,True,0.3333,0.6667,0.0,0.0,0.0,3,balloon,pouch
subject-21,46,5,restrictive,The hiker will climb the mountain,4,14,2,0.2616,0.0532,600.3,pos3,False,True,0.0,0.0,1.0,0.0,0.0,2,mountain,moon
subject-21,47,35,restrictive,The girl will apply the mascara,2,14,0,,,,,,,,,,,,0,mascara,
subject-21,48,32,non-restrictive,The woman will carry the beer,3,13,1,0.0911,0.0469,538.5,subject,False,False,,,,,,1,beer,subject
subject-21,49,12,non-restrictive,The man will watch the boat,3,15,0,,,,,,,,,,,,0,boat,
subject-22,0,45,non-restrictive,The chef will carry the carrot,1,13,0,,,,,,,,,,,,0,carrot,
subject-22,1,7,non-restrictive,The doctor will check the child,3,10,3,0.1287,0.0605,340.4,pos2,False,True,0.0,1.0,0.0,0.0,0.0,3,child,microscope
subject-22,2,29,non-restrictive,The grandmother will eadturn the newspaper,1,9,0,,,,,,,,,,,,0,newspaper,
subject-22,3,38,restrictive,The woman will tie the apron,2,13,0,,,,,,,,,,,,0,apron,
subject-22,4,6,restrictive,The housewife will fry the mushrooms,2,7,0,,,,,,,,,,,,0,mushrooms,
subject-22,5,49,non-restrictive,The man will pick up the stamp,1,16,0,,,,,,,,,,,,0,stamp,
subject-22,6,5,non-restrictive,The hiker will photograph the mountain,1,11,0,,,,,,,,,,,,0,mountain,
subject-22,7,31,non-restrictive,The woman will examine the bottle,3,12,0,,,,,,,,,,,,0,bottle,
subject-22,8,20,restrictive,The baby will hug the kitten,4,9,0,,,,,,,,,,,,0,kitten,
subject-22,9,25,non-restrictive,The man will move the canvas,1,17,1,0.0236,0.0469,244.1,subject,False,False,,,,,,1,canvas,subject
subject-22,10,47,non-restrictive,The girl will move the carpet,3,11,0,,,,,,,,,,,,0,carpet,
subject-22,11,44,restrictive,The baker will knead the dough,4,7,0,,,,,,,,,,,,0,dough,
subject-22,12,0,restrictive,The boy will eat the cake,4,9,0,,,,,,,,,,,,0,cake,
subject-22,13,37,non-restrictive,The boy will move the banana,1,10,0,,,,,,,,,,,,0,banana,
subject-22,14,26,restrictive,The woman will blow out the candle,2,13,0,,,,,,,,,,,,0,candle,
subject-22,15,21,non-restrictive,The woman will move the flower,1,11,0,,,,,,,,,,,,0,flower,
subject-22,16,18,restrictive,The boy will kick the football,2,9,0,,,,,,,,,,,,0,football,
subject-22,17,39,non-restrictive,The boy will move the shoelace,3,12,1,0.0667,0.0336,260.3,subject,False,False,,,,,,1,shoelace,subject
subject-22,19,1,non-restrictive,The woman will try the wine,1,11,0,,,,,,,,,,,,0,wine,
subject-22,20,36,restrictive,The kid will build the lego,4,16,0,,,,,,,,,,,,0,lego,
subject-22,21,22,restrictive,The girl will zip the coat,2,14,0,,,,,,,,,,,,0,coat,
subject-22,22,15,non-restrictive,The businessman will  forget the hat,3,11,0,,,,,,,,,,,,0,hat,
subject-22,23,16,restrictive,The woman will wear the dress,4,15,0,,,,,,,,,,,,0,dress,
subject-22,24,17,non-restrictive,The man will  move the wood,1,15,0,,,,,,,,,,,,0,wood,
subject-22,25,14,restrictive,The boy will walk the dog,2,3,0,,,,,,,,,,,,0,dog,
subject-22,26,23,non-restrictive,The girl will hold the scarf,3,10,1,0.2637,0.0134,183.8,subject,False,False,,,,,,1,scarf,subject
subject-22,27,33,non-restrictive,The boy will open the suitcase,1,11,0,,,,,,,,,,,,0,suitcase,
subject-22,28,30,restrictive,The girl will roll the dice,2,5,0,,,,,,,,,,,,0,dice,
subject-22,29,24,restrictive,The girl will groom the rabbit,4,11,0,,,,,,,,,,,,0,rabbit,
subject-22,30,10,restrictive,The man will repair the washing machine,2,11,0,,,,,,,,,,,,0,washing-machine,
subject-22,31,19,non-restrictive,The chef will clean the bread,3,7,0,,,,,,,,,,,,0,bread,
subject-22,32,12,restrictive,The man will sail the boat,4,6,0,,,,,,,,,,,,0,boat,
subject-22,33,40,restrictive,The girl will button the blouse,4,9,0,,,,,,,,,,,,0,blouse,
subject-22,34,3,non-restrictive,The woman will touch the baby,3,13,0,,,,,,,,,,,,0,baby,
subject-22,35,46,restrictive,The musician will tune the violin,2,11,1,0.2776,0.0132,204.6,subject,False,False,,,,,,1,violin,subject
subject-22,36,8,restrictive,The woman will play the piano,4,13,0,,,,,,,,,,,,0,piano,
subject-22,37,27,non-restrictive,The boy will touch the lamp,3,8,0,,,,,,,,,,,,0,lamp,
subject-22,38,9,non-restrictive,The woman will open the book,1,11,0,,,,,,,,,,,,0,book,
subject-22,39,42,restrictive,The woman will sew the shirt,2,7,0,,,,,,,,,,,,0,shirt,
subject-22,40,2,restrictive,The policeman will arrest the man,2,9,0,,,,,,,,,,,,0,man,
subject-22,41,13,non-restrictive,The man will  collect the cigarettes,1,9,1,0.5274,0.0537,253.8,pos1,True,True,1.0,0.0,0.0,0.0,1.0,1,cigarettes,cigarettes
subject-22,42,48,restrictive,The child will inflate the balloon,4,7,0,,,,,,,,,,,,0,balloon,
subject-22,43,11,non-restrictive,The baby will kick the bell,3,15,0,,,,,,,,,,,,0,bell,
subject-22,44,41,non-restrictive,The boy will move the orange,1,10,0,,,,,,,,,,,,0,orange,
subject-22,45,43,non-restrictive,The man will wipe the safe,3,15,0,,,,,,,,,,,,0,safe,
subject-22,46,4,restrictive,The boy will bounce the ball,4,9,0,,,,,,,,,,,,0,ball,
subject-22,47,35,non-restrictive,The girl will squeeze the mascara,3,12,1,0.5645,0.0337,317.3,elsewhere,False,False,,,,,,1,mascara,elsewhere
subject-22,48,28,restrictive,The cat will drink the milk,4,11,0,,,,,,,,,,,,0,milk,
subject-22,49,32,restrictive,The woman will brew the beer,4,6,0,,,,,,,,,,,,0,beer,
subject-23,0,24,non-restrictive,The girl will lift the rabbit,4,8,1,0.5504,0.0198,206.6,elsewhere,False,False,,,,,,1,rabbit,elsewhere
subject-23,1,3,restrictive,The woman will bathe the baby,3,7,1,0.275,0.0201,533.6,subject,False,False,,,,,,1,baby,subject
subject-23,2,6,non-restrictive,The housewife will  wash the mushrooms,2,17,1,0.0466,0.0338,412.8,subject,False,False,,,,,,1,mushrooms,subject
subject-23,3,44,non-restrictive,The baker will inspect the dough,4,12,6,0.0245,0.0537,421.1,elsewhere,False,False,0.0,0.0,0.0,1.0,1.0,6,dough,elsewhere
subject-23,4,9,restrictive,The woman will read the book,1,8,0,,,,,,,,,,,,0,book,
subject-23,5,11,restrictive,The baby will ring the bell,3,16,1,0.1592,0.0134,204.8,elsewhere,False,False,,,,,,1,bell,elsewhere
subject-23,6,18,non-restrictive,The boy will touch the football,2,8,0,,,,,,,,,,,,0,football,
subject-23,7,42,non-restrictive,The woman will wash the shirt,2,12,1,0.4034,0.0134,489.5,elsewhere,False,False,,,,,,1,shirt,elsewhere
subject-23,8,23,restrictive,The girl will knit the scarf,3,12,1,0.2855,0.0201,377.5,elsewhere,False,False,,,,,,1,scarf,elsewhere
subject-23,9,46,non-restrictive,The musician will move the violin,2,16,1,0.2326,0.0132,279.7,elsewhere,False,False,,,,,,1,violin,elsewhere
subject-23,10,26,non-restrictive,The woman will blow grab the candle,2,16,1,0.2894,0.0669,569.9,elsewhere,False,False,,,,,,1,candle,elsewhere
subject-23,11,7,restrictive,The doctor will inject the child,3,15,1,0.305,0.0333,657.2,subject,False,False,,,,,,1,child,subject
subject-23,12,41,restrictive,The boy will squeeze the orange,1,17,2,0.0173,0.0673,435.0,elsewhere,False,False,,,,,,2,orange,elsewhere
subject-23,13,47,restrictive,The girl will vacuum the carpet,3,13,0,,,,,,,,,,,,1,carpet,
subject-23,14,10,non-restrictive,The man will wipe the washing machine,2,13,1,1.0615,0.0334,317.3,elsewhere,False,False,,,,,,2,washing-machine,elsewhere
subject-23,15,34,non-restrictive,The boy will move the radio,2,8,1,0.4857,0.0469,367.2,subject,False,False,,,,,,1,radio,subject
subject-23,16,29,restrictive,The grandmother will read the newspaper,1,7,0,,,,,,,,,,,,0,newspaper,
subject-23,17,49,restrictive,The man will lick the stamp,1,6,1,0.3667,0.0537,730.8,elsewhere,False,False,,,,,,1,stamp,elsewhere
subject-23,18,33,restrictive,The boy will unzip the suitcase,1,14,2,0.2041,0.0531,1012.4,pos2,False,True,0.0,1.0,0.0,0.0,0.0,2,suitcase,envelope
subject-23,19,21,restrictive,The woman will water the flower,1,10,0,,,,,,,,,,,,0,flower,
subject-23,20,22,non-restrictive,The girl will hang the coat,2,17,1,0.4843,0.0134,238.9,elsewhere,False,False,,,,,,1,coat,elsewhere
subject-23,21,1,restrictive,The woman will drink the wine,1,17,1,0.4709,0.0134,320.1,elsewhere,False,False,,,,,,1,wine,elsewhere
subject-23,22,16,non-restrictive,The woman will  carry the dress,4,10,0,,,,,,,,,,,,0,dress,
subject-23,23,45,restrictive,The chef will grate the carrot,1,17,0,,,,,,,,,,,,0,carrot,
subject-23,24,25,restrictive,The man will paint the canvas,1,16,0,,,,,,,,,,,,0,canvas,
subject-23,25,32,non-restrictive,The woman will carry the beer,4,11,1,0.3189,0.0135,308.1,elsewhere,False,False,,,,,,2,beer,elsewhere
subject-23,26,20,non-restrictive,The baby will grab the kitten,4,13,0,,,,,,,,,,,,0,kitten,
subject-23,27,4,non-restrictive,The boy will throw the ball,4,10,1,0.4731,0.027,297.9,elsewhere,False,False,,,,,,1,ball,elsewhere
subject-23,28,13,restrictive,The man will smoke the cigarettes,1,15,0,,,,,,,,,,,,0,cigarettes,
subject-23,29,5,restrictive,The hiker will climb the mountain,1,17,2,0.2615,0.0201,451.8,elsewhere,False,False,,,,,,2,mountain,elsewhere
subject-23,30,15,restrictive,The businessman will wear the hat,3,16,2,0.435,0.0133,281.6,pos4,False,True,0.0,0.0,0.0,1.0,0.0,2,hat,wallet
subject-23,31,48,non-restrictive,The child will carry the balloon,4,15,2,0.1564,0.027,373.1,pos2,False,True,0.0,1.0,0.0,0.0,0.0,2,balloon,flag
subject-23,32,28,non-restrictive,The cat will push the milk,4,13,1,0.047,0.0133,286.2,elsewhere,False,False,,,,,,1,milk,elsewhere
subject-23,33,37,restrictive,The boy will peel the banana,1,16,1,0.4284,0.0132,583.5,subject,False,False,,,,,,1,banana,subject
subject-23,34,8,non-restrictive,The woman will dust the piano,4,17,0,,,,,,,,,,,,1,piano,
subject-23,35,39,restrictive,The boy will tie the shoelace,3,10,0,,,,,,,,,,,,0,shoelace,
subject-23,36,19,restrictive,The chef will slice the bread,3,14,1,0.3387,0.0402,777.4,elsewhere,False,False,,,,,,1,bread,elsewhere
subject-23,37,17,restrictive,The man will chop the wood,1,16,1,0.3062,0.0336,476.5,elsewhere,False,False,,,,,,1,wood,elsewhere
subject-23,38,27,restrictive,The boy will dim the lamp,3,11,0,,,,,,,,,,,,0,lamp,
subject-23,39,12,non-restrictive,The man will watch the boat,4,10,1,0.2125,0.02,415.2,subject,False,False,,,,,,1,boat,subject
subject-23,40,38,non-restrictive,The woman will carry the apron,2,19,2,0.4184,0.0469,257.3,pos4,False,True,0.0,0.0,0.0,1.0,0.0,2,apron,broom
subject-23,41,30,non-restrictive,The girl will grab the dice,2,10,1,0.5454,0.0403,400.5,subject,False,False,,,,,,1,dice,subject
subject-23,42,31,restrictive,The woman will open the bottle,3,9,2,0.2179,0.0267,335.3,subject,False,False,,,,,,1,bottle,subject
subject-23,43,35,restrictive,The girl will apply the mascara,3,15,4,0.1521,0.0804,437.0,subject,False,False,,,,,,4,mascara,subject
subject-23,44,36,non-restrictive,The kid will stack the lego,4,14,2,0.4451,0.0335,859.3,subject,False,False,,,,,,2,lego,subject
subject-23,45,2,non-restrictive,The policeman will search the man,2,14,0,,,,,,,,,,,,0,man,
subject-23,46,14,non-restrictive,The boy will feed the dog,2,13,1,0.2496,0.0335,287.7,pos3,False,True,0.0,0.0,1.0,0.0,0.0,1,dog,bird
subject-23,47,40,non-restrictive,The girl will hold the blouse,4,14,1,0.3026,0.0336,405.4,elsewhere,False,False,,,,,,1,blouse,elsewhere
subject-23,48,43,restrictive,The man will lock the safe,3,9,2,0.1121,0.0536,304.5,subject,False,False,,,,,,2,safe,subject
subject-23,49,0,non-restrictive,The boy will move the cake,4,17,2,0.2402,0.0469,332.6,elsewhere,False,False,,,,,,2,cake,elsewhere
subject-24,0,22,restrictive,The girl will zip the coat,3,11,0,,,,,,,,,,,,0,coat,
subject-24,1,31,non-restrictive,The woman will examine the bottle,4,9,0,,,,,,,,,,,,0,bottle,
subject-24,2,7,non-restrictive,The doctor will check the child,4,10,0,,,,,,,,,,,,0,child,
subject-24,3,30,restrictive,The girl will roll the dice,3,11,2,0.1542,0.0606,110.4,subject,False,False,,,,,,2,dice,subject
subject-24,4,3,non-restrictive,The woman will touch the baby,4,17,0,,,,,,,,,,,,0,baby,
subject-24,5,19,non-restrictive,The chef will clean the bread,4,11,0,,,,,,,,,,,,0,bread,
subject-24,6,5,non-restrictive,The hiker will photograph the mountain,2,9,0,,,,,,,,,,,,0,mountain,
subject-24,7,44,restrictive,The baker will knead the dough,1,7,0,,,,,,,,,,,,0,dough,
subject-24,8,48,restrictive,The child will inflate the balloon,1,13,0,,,,,,,,,,,,0,balloon,
subject-24,9,9,non-restrictive,The woman will open the book,2,8,0,,,,,,,,,,,,0,book,
subject-24,10,25,non-restrictive,The man will move the canvas,2,11,0,,,,,,,,,,,,0,canvas,
subject-24,11,16,restrictive,The woman will wear the dress,1,17,2,0.1562,0.02,150.4,pos3,False,True,0.0,0.0,0.5,0.5,0.0,3,dress,backpack
subject-24,12,21,non-restrictive,The woman will move the flower,2,12,1,0.377,0.0406,486.5,pos3,False,True,0.0,0.0,1.0,0.0,0.0,1,flower,magazine
subject-24,13,39,non-restrictive,The boy will move the shoelace,4,8,1,0.4153,0.0536,365.3,elsewhere,False,False,,,,,,1,shoelace,elsewhere
subject-24,14,37,non-restrictive,The boy will move the banana,2,11,1,0.5014,0.0397,243.1,pos4,False,True,,,,,,0,banana,marker
subject-24,15,32,restrictive,The woman will brew the beer,1,10,1,0.0288,0.0336,305.4,elsewhere,False,False,,,,,,1,beer,elsewhere
subject-24,16,20,restrictive,The baby will hug the kitten,1,9,0,,,,,,,,,,,,0,kitten,
subject-24,17,1,non-restrictive,The woman will try the wine,2,13,2,0.009,0.0133,182.4,pos2,True,True,0.5,0.5,0.0,0.0,0.5,2,wine,wine
subject-24,18,18,restrictive,The boy will kick the football,3,12,1,0.4408,0.0401,303.7,pos2,False,True,0.0,1.0,0.0,0.0,0.0,1,football,leaf
subject-24,19,6,restrictive,The housewife will fry the mushrooms,3,13,1,0.4472,0.0331,260.7,pos3,True,True,0.0,0.0,1.0,0.0,1.0,1,mushrooms,mushrooms
subject-24,20,47,non-restrictive,The girl will move the carpet,4,14,1,0.4004,0.0333,185.4,pos2,False,True,0.0,1.0,0.0,0.0,0.0,2,carpet,roller
subject-24,21,14,restrictive,The boy will walk the dog,3,9,2,0.3826,0.0136,216.7,pos2,False,True,0.0,1.0,0.0,0.0,0.0,1,dog,hen
subject-24,22,42,restrictive,The woman will sew the shirt,3,11,3,0.0681,0.0469,220.8,pos3,True,True,0.0,0.0,1.0,0.0,1.0,3,shirt,shirt
subject-24,23,46,restrictive,The musician will tune the violin,3,13,2,0.0698,0.0136,214.0,pos3,True,True,0.0,0.0,1.0,0.0,1.0,2,violin,violin
subject-24,24,35,non-restrictive,The girl will squeeze the mascara,4,11,1,0.2096,0.0404,194.7,pos3,False,True,0.0,0.0,1.0,0.0,0.0,1,mascara,pot
subject-24,25,4,restrictive,The boy will bounce the ball,1,10,1,0.5895,0.0335,282.7,elsewhere,False,False,,,,,,1,ball,elsewhere
subject-24,26,41,non-restrictive,The boy will move the orange,2,7,1,0.0268,0.0334,204.3,pos3,False,True,0.0,0.0,1.0,0.0,0.0,1,orange,stone
subject-24,27,36,restrictive,The kid will build the lego,1,18,1,0.1003,0.0335,214.4,pos1,True,True,1.0,0.0,0.0,0.0,1.0,1,lego,lego
subject-24,28,43,non-restrictive,The man will wipe the safe,4,10,2,0.099,0.0336,264.3,pos2,False,True,0.0,1.0,0.0,0.0,0.0,2,safe,bolt
subject-24,29,49,non-restrictive,The man will pick up the stamp,2,15,2,0.2471,0.0404,219.5,pos3,False,True,0.0,0.0,1.0,0.0,0.0,1,stamp,envelope
subject-24,30,13,non-restrictive,The man will  collect the cigarettes,2,14,2,0.5408,0.0267,178.1,elsewhere,False,False,,,,,,1,cigarettes,elsewhere
subject-24,31,11,non-restrictive,The baby will kick the bell,4,19,1,0.2223,0.0336,181.2,elsewhere,False,False,0.0,0.0,1.0,0.0,0.0,2,bell,elsewhere
subject-24,32,15,non-restrictive,The businessman will  forget the hat,4,14,3,0.0188,0.0135,221.1,elsewhere,False,False,1.0,0.0,0.0,0.0,0.0,3,hat,elsewhere
subject-24,33,33,non-restrictive,The boy will open the suitcase,2,20,2,0.0963,0.0136,216.3,pos4,False,True,0.0,0.0,0.5,0.5,0.0,2,suitcase,box
subject-24,34,38,restrictive,The woman will tie the apron,3,10,2,0.3791,0.0338,252.2,pos2,False,True,0.0,0.5,0.5,0.0,0.5,2,apron,cloth
subject-24,35,10,restrictive,The man will repair the washing machine,3,9,1,0.1487,0.0335,275.0,pos3,True,True,0.0,0.0,1.0,0.0,1.0,1,washing-machine,washing-machine
subject-24,36,2,restrictive,The policeman will arrest the man,3,15,1,0.0054,0.0198,113.2,pos3,True,True,0.0,0.0,1.0,0.0,1.0,1,man,man
subject-24,37,24,restrictive,The girl will groom the rabbit,1,10,0,,,,,,,,,,,,0,rabbit,
subject-24,38,17,non-restrictive,The man will  move the wood,2,12,3,0.1573,0.0199,140.2,pos3,False,True,0.0,0.3333,0.6667,0.0,0.3333,3,wood,bucket
subject-24,39,8,restrictive,The woman will play the piano,1,8,2,0.1038,0.0202,219.4,pos2,False,True,0.5,0.5,0.0,0.0,0.5,2,piano,table
subject-24,40,26,restrictive,The woman will blow out the candle,3,11,2,0.3159,0.0333,321.6,pos2,False,True,0.0,0.5,0.5,0.0,0.5,2,candle,coaster
subject-24,41,27,non-restrictive,The boy will touch the lamp,4,13,3,0.0153,0.0135,164.7,pos3,False,True,0.0,0.0,0.6667,0.3333,0.3333,3,lamp,picture
subject-24,42,12,restrictive,The man will sail the boat,1,5,0,,,,,,,,,,,,0,boat,
subject-24,43,0,restrictive,The boy will eat the cake,1,11,0,,,,,,,,,,,,0,cake,
subject-24,44,28,restrictive,The cat will drink the milk,1,11,1,0.1549,0.0469,247.6,pos1,True,True,1.0,0.0,0.0,0.0,1.0,2,milk,milk
subject-24,45,29,non-restrictive,The grandmother will eadturn the newspaper,2,11,0,,,,,,,,,,,,0,newspaper,
subject-24,47,40,restrictive,The girl will button the blouse,1,13,0,,,,,,,,,,,,0,blouse,
subject-24,48,23,non-restrictive,The girl will hold the scarf,4,16,1,0.3098,0.0139,284.7,pos4,True,True,0.0,0.0,0.0,1.0,1.0,1,scarf,scarf
subject-24,49,45,non-restrictive,The chef will carry the carrot,2,15,2,0.1121,0.0134,161.8,pos3,False,True,0.0,0.0,1.0,0.0,0.0,3,carrot,laddle
subject-10,0,37,non-restrictive,The boy will move the banana,3,13,0,,,,,,,,,,,,0,banana,
subject-10,2,45,non-restrictive,The chef will carry the carrot,3,13,1,0.4671,0.0399,637.2,pos3,True,True,0.0,0.0,1.0,0.0,1.0,1,carrot,carrot
subject-10,3,47,non-restrictive,The girl will move the carpet,1,8,0,,,,,,,,,,,,0,carpet,
subject-10,4,12,restrictive,The man will sail the boat,2,6,1,0.4583,0.0467,267.2,elsewhere,False,False,,,,,,1,boat,elsewhere
subject-10,5,5,non-restrictive,The hiker will photograph the mountain,3,7,0,,,,,,,,,,,,0,mountain,
subject-10,6,39,non-restrictive,The boy will move the shoelace,1,7,1,0.2544,0.0335,244.8,elsewhere,False,False,,,,,,2,shoelace,elsewhere
subject-10,7,20,restrictive,The baby will hug the kitten,2,3,0,,,,,,,,,,,,0,kitten,
subject-10,8,24,restrictive,The girl will groom the rabbit,2,3,0,,,,,,,,,,,,0,rabbit,
subject-10,9,1,non-restrictive,The woman will try the wine,3,6,0,,,,,,,,,,,,0,wine,
subject-10,10,43,non-restrictive,The man will wipe the safe,1,7,0,,,,,,,,,,,,0,safe,
subject-10,11,26,restrictive,The woman will blow out the candle,4,3,0,,,,,,,,,,,,0,candle,
subject-10,12,8,restrictive,The woman will play the piano,2,6,0,,,,,,,,,,,,0,piano,
subject-10,13,32,restrictive,The woman will brew the beer,2,8,1,0.3906,0.0201,191.0,elsewhere,False,False,,,,,,1,beer,elsewhere
subject-10,14,16,restrictive,The woman will wear the dress,2,9,0,,,,,,,,,,,,0,dress,
subject-10,15,48,restrictive,The child will inflate the balloon,2,8,1,0.7317,0.0198,200.8,subject,False,False,,,,,,0,balloon,subject
subject-10,16,9,non-restrictive,The woman will open the book,3,0,0,,,,,,,,,,,,0,book,
subject-10,17,44,restrictive,The baker will knead the dough,2,6,0,,,,,,,,,,,,0,dough,
subject-10,18,18,restrictive,The boy will kick the football,4,10,0,,,,,,,,,,,,0,football,
subject-10,19,46,restrictive,The musician will tune the violin,4,8,0,,,,,,,,,,,,0,violin,
subject-10,20,22,restrictive,The girl will zip the coat,4,7,1,0.4358,0.0267,196.0,subject,False,False,,,,,,1,coat,subject
subject-10,21,10,restrictive,The man will repair the washing machine,4,8,2,1.066,0.0406,346.1,elsewhere,False,False,0.0,0.0,0.0,1.0,1.0,2,washing-machine,elsewhere
subject-10,22,49,non-restrictive,The man will pick up the stamp,3,7,0,,,,,,,,,,,,0,stamp,
subject-10,23,40,restrictive,The girl will button the blouse,2,4,0,,,,,,,,,,,,0,blouse,
subject-10,24,31,non-restrictive,The woman will examine the bottle,1,6,0,,,,,,,,,,,,0,bottle,
subject-10,25,23,non-restrictive,The girl will hold the scarf,1,2,0,,,,,,,,,,,,0,scarf,
subject-10,26,41,non-restrictive,The boy will move the orange,3,2,0,,,,,,,,,,,,0,orange,
subject-10,27,36,restrictive,The kid will build the lego,2,1,0,,,,,,,,,,,,0,lego,
subject-10,28,27,non-restrictive,The boy will touch the lamp,1,9,0,,,,,,,,,,,,0,lamp,
subject-10,29,6,restrictive,The housewife will fry the mushrooms,4,5,0,,,,,,,,,,,,0,mushrooms,
subject-10,30,4,restrictive,The boy will bounce the ball,2,8,0,,,,,,,,,,,,0,ball,
subject-10,31,19,non-restrictive,The chef will clean the bread,1,11,0,,,,,,,,,,,,0,bread,
subject-10,32,0,restrictive,The boy will eat the cake,2,4,0,,,,,,,,,,,,0,cake,
subject-10,33,38,restrictive,The woman will tie the apron,4,4,0,,,,,,,,,,,,0,apron,
subject-10,34,14,restrictive,The boy will walk the dog,4,2,0,,,,,,,,,,,,0,dog,
subject-10,35,29,non-restrictive,The grandmother will eadturn the newspaper,3,1,0,,,,,,,,,,,,0,newspaper,
subject-10,36,42,restrictive,The woman will sew the shirt,4,8,0,,,,,,,,,,,,0,shirt,
subject-10,37,28,restrictive,The cat will drink the milk,2,8,0,,,,,,,,,,,,0,milk,
subject-10,38,3,non-restrictive,The woman will touch the baby,1,8,1,0.4987,0.0135,137.0,elsewhere,False,False,,,,,,1,baby,elsewhere
subject-10,39,25,non-restrictive,The man will move the canvas,3,7,0,,,,,,,,,,,,0,canvas,
subject-10,40,17,non-restrictive,The man will  move the wood,3,3,0,,,,,,,,,,,,0,wood,
subject-10,41,13,non-restrictive,The man will  collect the cigarettes,3,8,0,,,,,,,,,,,,0,cigarettes,
subject-10,42,7,non-restrictive,The doctor will check the child,1,6,0,,,,,,,,,,,,0,child,
subject-10,43,33,non-restrictive,The boy will open the suitcase,3,2,0,,,,,,,,,,,,0,suitcase,
subject-10,44,21,non-restrictive,The woman will move the flower,3,7,1,0.2234,0.02,204.7,subject,False,False,,,,,,1,flower,subject
subject-10,45,15,non-restrictive,The businessman will  forget the hat,1,4,0,,,,,,,,,,,,0,hat,
subject-10,46,11,non-restrictive,The baby will kick the bell,1,2,0,,,,,,,,,,,,0,bell,
subject-10,47,2,restrictive,The policeman will arrest the man,4,3,0,,,,,,,,,,,,0,man,
subject-10,48,30,restrictive,The girl will roll the dice,4,2,0,,,,,,,,,,,,0,dice,
subject-10,49,35,non-restrictive,The girl will squeeze the mascara,1,7,1,0.6183,0.0336,169.4,elsewhere,False,False,,,,,,1,mascara,elsewhere
subject-11,0,10,non-restrictive,The man will wipe the washing machine,4,12,2,0.9748,0.0402,305.2,pos3,False,True,0.0,0.0,0.5,0.5,0.5,2,washing-machine,wastebin
subject-11,1,32,non-restrictive,The woman will carry the beer,2,16,2,0.2582,0.0536,350.7,pos1,False,True,0.5,0.5,0.0,0.0,0.5,2,beer,kettle
subject-11,2,14,non-restrictive,The boy will feed the dog,4,5,0,,,,,,,,,,,,0,dog,
subject-11,3,43,restrictive,The man will lock the safe,1,11,2,0.3599,0.0333,307.7,elsewhere,False,False,0.0,0.0,1.0,0.0,0.0,2,safe,elsewhere
subject-11,4,19,restrictive,The chef will slice the bread,1,8,0,,,,,,,,,,,,1,bread,
subject-11,5,30,non-restrictive,The girl will grab the dice,4,4,0,,,,,,,,,,,,0,dice,
subject-11,6,1,restrictive,The woman will drink the wine,3,6,0,,,,,,,,,,,,0,wine,
subject-11,7,22,non-restrictive,The girl will hang the coat,4,12,0,,,,,,,,,,,,0,coat,
subject-11,8,5,restrictive,The hiker will climb the mountain,3,11,1,0.4358,0.0469,428.5,elsewhere,False,False,,,,,,1,mountain,elsewhere
subject-11,9,29,restrictive,The grandmother will read the newspaper,3,10,1,0.3605,0.0468,236.3,pos1,False,True,1.0,0.0,0.0,0.0,0.0,1,newspaper,eraser
subject-11,10,37,restrictive,The boy will peel the banana,3,7,0,,,,,,,,,,,,0,banana,
subject-11,11,23,restrictive,The girl will knit the scarf,1,11,1,0.1848,0.0539,235.6,subject,False,False,,,,,,1,scarf,subject
subject-11,12,41,restrictive,The boy will squeeze the orange,3,6,1,0.781,0.0406,243.6,elsewhere,False,False,,,,,,0,orange,elsewhere
subject-11,13,2,non-restrictive,The policeman will search the man,4,13,1,0.0129,0.0269,297.1,elsewhere,False,False,,,,,,1,man,elsewhere
subject-11,14,40,non-restrictive,The girl will hold the blouse,2,14,2,0.095,0.0402,253.0,subject,False,False,,,,,,2,blouse,subject
subject-11,15,16,non-restrictive,The woman will  carry the dress,2,8,1,0.2979,0.0401,441.2,pos3,False,True,0.0,0.0,1.0,0.0,0.0,1,dress,lantern
subject-11,16,9,restrictive,The woman will read the book,3,10,2,0.0136,0.0536,322.4,pos2,False,True,0.0,0.5,0.5,0.0,0.5,2,book,bag
subject-11,17,3,restrictive,The woman will bathe the baby,1,6,0,,,,,,,,,,,,0,baby,
subject-11,18,6,non-restrictive,The housewife will  wash the mushrooms,4,11,1,0.536,0.0334,359.9,subject,False,False,,,,,,1,mushrooms,subject
subject-11,19,21,restrictive,The woman will water the flower,3,11,1,0.4934,0.0469,377.4,elsewhere,False,False,,,,,,1,flower,elsewhere
subject-11,20,27,restrictive,The boy will dim the lamp,1,8,2,0.0662,0.0268,290.2,elsewhere,False,False,0.0,1.0,0.0,0.0,0.0,2,lamp,elsewhere
subject-11,21,26,non-restrictive,The woman will blow grab the candle,4,12,1,0.2552,0.0274,291.0,subject,False,False,,,,,,1,candle,subject
subject-11,22,44,non-restrictive,The baker will inspect the dough,2,5,0,,,,,,,,,,,,0,dough,
subject-11,23,24,non-restrictive,The girl will lift the rabbit,2,6,2,0.007,0.0403,376.9,pos4,False,True,0.0,0.0,0.0,1.0,0.0,1,rabbit,potato
subject-11,24,20,non-restrictive,The baby will grab the kitten,2,11,0,,,,,,,,,,,,1,kitten,
subject-11,25,17,restrictive,The man will chop the wood,3,11,0,,,,,,,,,,,,0,wood,
subject-11,26,8,non-restrictive,The woman will dust the piano,2,9,1,0.2769,0.0266,229.7,pos2,True,True,0.0,1.0,0.0,0.0,1.0,2,piano,piano
subject-11,27,42,non-restrictive,The woman will wash the shirt,4,11,0,,,,,,,,,,,,0,shirt,
subject-11,28,18,non-restrictive,The boy will touch the football,4,13,0,,,,,,,,,,,,0,football,
subject-11,29,4,non-restrictive,The boy will throw the ball,2,6,0,,,,,,,,,,,,0,ball,
subject-11,30,7,restrictive,The doctor will inject the child,1,10,0,,,,,,,,,,,,0,child,
subject-11,31,46,non-restrictive,The musician will move the violin,4,9,0,,,,,,,,,,,,0,violin,
subject-11,32,48,non-restrictive,The child will carry the balloon,2,4,1,0.0896,0.0469,222.5,elsewhere,False,False,,,,,,1,balloon,elsewhere
subject-11,33,36,non-restrictive,The kid will stack the lego,2,8,0,,,,,,,,,,,,0,lego,
subject-11,34,31,restrictive,The woman will open the bottle,1,8,0,,,,,,,,,,,,0,bottle,
subject-11,35,15,restrictive,The businessman will wear the hat,1,9,0,,,,,,,,,,,,0,hat,
subject-11,36,0,non-restrictive,The boy will move the cake,2,11,0,,,,,,,,,,,,0,cake,
subject-11,37,11,restrictive,The baby will ring the bell,1,9,0,,,,,,,,,,,,0,bell,
subject-11,38,35,restrictive,The girl will apply the mascara,1,9,0,,,,,,,,,,,,0,mascara,
subject-11,39,33,restrictive,The boy will unzip the suitcase,3,10,1,0.7532,0.0469,296.2,elsewhere,False,False,,,,,,1,suitcase,elsewhere
subject-11,40,39,restrictive,The boy will tie the shoelace,1,9,0,,,,,,,,,,,,0,shoelace,
subject-11,41,38,non-restrictive,The woman will carry the apron,4,6,0,,,,,,,,,,,,0,apron,
subject-11,42,34,non-restrictive,The boy will move the radio,4,4,0,,,,,,,0.0,0.0,0.0,1.0,1.0,1,radio,
subject-11,43,12,non-restrictive,The man will watch the boat,2,8,1,0.5139,0.0202,230.5,subject,False,False,,,,,,1,boat,subject
subject-11,44,45,restrictive,The chef will grate the carrot,3,6,0,,,,,,,,,,,,0,carrot,
subject-11,45,49,restrictive,The man will lick the stamp,3,12,1,0.2993,0.0272,168.5,elsewhere,False,False,,,,,,1,stamp,elsewhere
subject-11,46,25,restrictive,The man will paint the canvas,3,7,0,,,,,,,,,,,,0,canvas,
subject-11,47,47,restrictive,The girl will vacuum the carpet,1,15,2,0.4022,0.02,273.6,subject,False,False,,,,,,3,carpet,subject
subject-11,48,13,restrictive,The man will smoke the cigarettes,3,14,0,,,,,,,,,,,,0,cigarettes,
subject-11,49,28,non-restrictive,The cat will push the milk,2,9,0,,,,,,,,,,,,0,milk,
subject-12,0,3,non-restrictive,The woman will touch the baby,2,10,0,,,,,,,,,,,,0,baby,
subject-12,1,31,non-restrictive,The woman will examine the bottle,2,5,2,0.3812,0.0201,102.5,elsewhere,False,False,,,,,,2,bottle,elsewhere
subject-12,2,22,restrictive,The girl will zip the coat,1,8,0,,,,,,,,,,,,0,coat,
subject-12,3,23,non-restrictive,The girl will hold the scarf,2,9,0,,,,,,,,,,,,0,scarf,
subject-12,4,27,non-restrictive,The boy will touch the lamp,2,9,0,,,,,,,,,,,,0,lamp,
subject-12,5,28,restrictive,The cat will drink the milk,3,7,0,,,,,,,,,,,,0,milk,
subject-12,6,46,restrictive,The musician will tune the violin,1,11,1,0.311,0.0136,135.0,elsewhere,False,False,,,,,,1,violin,elsewhere
subject-12,7,7,non-restrictive,The doctor will check the child,2,12,0,,,,,,,,,,,,0,child,
subject-12,8,44,restrictive,The baker will knead the dough,3,14,1,0.0837,0.0203,176.3,subject,False,False,,,,,,1,dough,subject
subject-12,9,18,restrictive,The boy will kick the football,1,7,0,,,,,,,,,,,,0,football,
subject-12,10,24,restrictive,The girl will groom the rabbit,3,6,0,,,,,,,,,,,,0,rabbit,
subject-12,11,36,restrictive,The kid will build the lego,3,6,0,,,,,,,,,,,,0,lego,
subject-12,12,40,restrictive,The girl will button the blouse,3,5,0,,,,,,,,,,,,0,blouse,
subject-12,13,21,non-restrictive,The woman will move the flower,4,8,1,0.0289,0.0135,178.5,subject,False,False,,,,,,1,flower,subject
subject-12,14,37,non-restrictive,The boy will move the banana,4,8,1,0.3877,0.0201,124.8,subject,False,False,,,,,,2,banana,subject
subject-12,15,25,non-restrictive,The man will move the canvas,4,15,2,0.2777,0.0134,170.9,subject,False,False,,,,,,2,canvas,subject
subject-12,16,47,non-restrictive,The girl will move the carpet,2,13,1,0.4337,0.0403,162.7,subject,False,False,,,,,,1,carpet,subject
subject-12,17,39,non-restrictive,The boy will move the shoelace,2,9,0,,,,,,,,,,,,0,shoelace,
subject-12,18,12,restrictive,The man will sail the boat,3,5,0,,,,,,,,,,,,0,boat,
subject-12,19,4,restrictive,The boy will bounce the ball,3,11,2,0.3281,0.0335,182.7,elsewhere,False,False,,,,,,3,ball,elsewhere
subject-12,20,30,restrictive,The girl will roll the dice,1,10,1,0.0604,0.0131,307.4,subject,False,False,,,,,,1,dice,subject
subject-12,21,19,non-restrictive,The chef will clean the bread,2,13,1,0.0326,0.0133,118.7,subject,False,False,,,,,,1,bread,subject
subject-12,22,32,restrictive,The woman will brew the beer,3,13,2,0.0156,0.0134,193.2,subject,False,False,,,,,,2,beer,subject
subject-12,23,6,restrictive,The housewife will fry the mushrooms,1,11,2,0.0855,0.0268,178.3,subject,False,False,,,,,,2,mushrooms,subject
subject-12,24,35,non-restrictive,The girl will squeeze the mascara,2,12,0,,,,,,,,,,,,0,mascara,
subject-12,25,15,non-restrictive,The businessman will  forget the hat,2,12,0,,,,,,,,,,,,0,hat,
subject-12,26,33,non-restrictive,The boy will open the suitcase,4,10,0,,,,,,,,,,,,0,suitcase,
subject-12,27,49,non-restrictive,The man will pick up the stamp,4,8,0,,,,,,,,,,,,0,stamp,
subject-12,28,11,non-restrictive,The baby will kick the bell,2,13,2,0.1546,0.0339,149.8,elsewhere,False,False,,,,,,2,bell,elsewhere
subject-12,29,2,restrictive,The policeman will arrest the man,1,10,4,0.0396,0.02,111.7,subject,False,False,0.0,1.0,0.0,0.0,0.0,3,man,subject
subject-12,30,10,restrictive,The man will repair the washing machine,1,10,2,0.5572,0.0402,293.6,elsewhere,False,False,1.0,0.0,0.0,0.0,1.0,2,washing-machine,elsewhere
subject-12,31,0,restrictive,The boy will eat the cake,3,8,0,,,,,,,,,,,,0,cake,
subject-12,32,13,non-restrictive,The man will  collect the cigarettes,4,8,0,,,,,,,,,,,,0,cigarettes,
subject-12,33,42,restrictive,The woman will sew the shirt,1,7,1,0.4766,0.0337,161.5,subject,False,False,,,,,,1,shirt,subject
subject-12,34,26,restrictive,The woman will blow out the candle,1,8,0,,,,,,,,,,,,0,candle,
subject-12,35,14,restrictive,The boy will walk the dog,1,7,1,0.3227,0.0333,201.5,pos3,False,True,0.0,0.0,1.0,0.0,0.0,1,dog,ball
subject-12,36,1,non-restrictive,The woman will try the wine,4,6,0,,,,,,,,,,,,0,wine,
subject-12,37,48,restrictive,The child will inflate the balloon,3,5,1,0.6384,0.0201,110.5,subject,False,False,,,,,,1,balloon,subject
subject-12,38,29,non-restrictive,The grandmother will eadturn the newspaper,4,5,0,,,,,,,,,,,,0,newspaper,
subject-12,39,9,non-restrictive,The woman will open the book,4,8,3,0.0083,0.0535,301.7,elsewhere,False,False,0.0,0.0,1.0,0.0,0.0,3,book,elsewhere
subject-12,40,45,non-restrictive,The chef will carry the carrot,4,11,0,,,,,,,,,,,,0,carrot,
subject-12,41,17,non-restrictive,The man will  move the wood,4,9,0,,,,,,,,,,,,0,wood,
subject-12,43,38,restrictive,The woman will tie the apron,1,4,1,0.3254,0.0269,205.0,subject,False,False,,,,,,1,apron,subject
subject-12,44,16,restrictive,The woman will wear the dress,3,4,0,,,,,,,,,,,,0,dress,
subject-12,45,20,restrictive,The baby will hug the kitten,3,8,0,,,,,,,,,,,,1,kitten,
subject-12,46,43,non-restrictive,The man will wipe the safe,2,9,1,0.5074,0.0399,293.5,elsewhere,False,False,,,,,,0,safe,elsewhere
subject-12,47,5,non-restrictive,The hiker will photograph the mountain,4,9,1,0.1748,0.0134,146.4,subject,False,False,,,,,,1,mountain,subject
subject-12,48,41,non-restrictive,The boy will move the orange,4,7,0,,,,,,,,,,,,0,orange,
subject-12,49,8,restrictive,The woman will play the piano,3,8,0,,,,,,,,,,,,0,piano,
subject-7,0,16,non-restrictive,The woman will  carry the dress,4,14,0,,,,,,,,,,,,0,dress,
subject-7,1,17,restrictive,The man will chop the wood,1,10,0,,,,,,,,,,,,0,wood,
subject-7,2,44,non-restrictive,The baker will inspect the dough,4,9,0,,,,,,,,,,,,0,dough,
subject-7,3,43,restrictive,The man will lock the safe,3,9,0,,,,,,,,,,,,0,safe,
subject-7,4,46,non-restrictive,The musician will move the violin,2,11,1,0.4207,0.0201,351.5,elsewhere,False,False,,,,,,1,violin,elsewhere
subject-7,5,19,restrictive,The chef will slice the bread,3,10,0,,,,,,,,,,,,1,bread,
subject-7,6,13,restrictive,The man will smoke the cigarettes,1,8,0,,,,,,,,,,,,0,cigarettes,
subject-7,7,18,non-restrictive,The boy will touch the football,2,10,0,,,,,,,,,,,,0,football,
subject-7,8,29,restrictive,The grandmother will read the newspaper,1,2,0,,,,,,,,,,,,0,newspaper,
subject-7,9,40,non-restrictive,The girl will hold the blouse,4,2,0,,,,,,,,,,,,0,blouse,
subject-7,10,22,non-restrictive,The girl will hang the coat,2,9,0,,,,,,,,,,,,0,coat,
subject-7,11,47,restrictive,The girl will vacuum the carpet,3,8,1,0.717,0.0536,339.5,pos1,False,True,1.0,0.0,0.0,0.0,0.0,1,carpet,roller
subject-7,12,3,restrictive,The woman will bathe the baby,3,8,2,0.2617,0.0133,270.5,pos1,False,True,1.0,0.0,0.0,0.0,0.0,2,baby,stool
subject-7,13,9,restrictive,The woman will read the book,1,10,0,,,,,,,,,,,,0,book,
subject-7,14,34,non-restrictive,The boy will move the radio,2,8,0,,,,,,,,,,,,0,radio,
subject-7,15,12,non-restrictive,The man will watch the boat,4,5,0,,,,,,,,,,,,0,boat,
subject-7,16,1,restrictive,The woman will drink the wine,1,9,1,0.3504,0.0267,454.4,subject,False,False,,,,,,1,wine,subject
subject-7,17,41,restrictive,The boy will squeeze the orange,1,6,1,0.1513,0.0133,132.5,subject,False,False,,,,,,1,orange,subject
subject-7,18,42,non-restrictive,The woman will wash the shirt,2,7,0,,,,,,,,,,,,0,shirt,
subject-7,19,35,restrictive,The girl will apply the mascara,3,9,0,,,,,,,,,,,,0,mascara,
subject-7,20,37,restrictive,The boy will peel the banana,1,9,2,0.0001,0.0335,150.2,elsewhere,False,False,,,,,,2,banana,elsewhere
subject-7,21,24,non-restrictive,The girl will lift the rabbit,4,5,0,,,,,,,,,,,,0,rabbit,
subject-7,22,11,restrictive,The baby will ring the bell,3,8,0,,,,,,,,,,,,0,bell,
subject-7,23,28,non-restrictive,The cat will push the milk,4,8,0,,,,,,,,,,,,0,milk,
subject-7,24,45,restrictive,The chef will grate the carrot,1,7,0,,,,,,,,,,,,0,carrot,
subject-7,25,31,restrictive,The woman will open the bottle,3,11,1,0.0637,0.0267,183.8,pos1,False,True,1.0,0.0,0.0,0.0,0.0,1,bottle,sponge
subject-7,26,2,non-restrictive,The policeman will search the man,2,9,0,,,,,,,,,,,,0,man,
subject-7,27,21,restrictive,The woman will water the flower,1,7,0,,,,,,,,,,,,0,flower,
subject-7,28,38,non-restrictive,The woman will carry the apron,2,12,0,,,,,,,,,,,,0,apron,
subject-7,29,48,non-restrictive,The child will carry the balloon,4,9,0,,,,,,,,,,,,0,balloon,
subject-7,30,5,restrictive,The hiker will climb the mountain,1,5,1,0.3151,0.0402,341.5,pos1,True,True,1.0,0.0,0.0,0.0,1.0,1,mountain,mountain
subject-7,31,14,non-restrictive,The boy will feed the dog,2,8,0,,,,,,,,,,,,0,dog,
subject-7,32,27,restrictive,The boy will dim the lamp,3,8,0,,,,,,,,,,,,0,lamp,
subject-7,33,39,restrictive,The boy will tie the shoelace,3,10,0,,,,,,,,,,,,0,shoelace,
subject-7,34,26,non-restrictive,The woman will blow grab the candle,2,7,0,,,,,,,,,,,,0,candle,
subject-7,35,32,non-restrictive,The woman will carry the beer,4,9,1,0.513,0.0199,165.2,subject,False,False,,,,,,1,beer,subject
subject-7,36,30,non-restrictive,The girl will grab the dice,2,9,0,,,,,,,,,,,,0,dice,
subject-7,37,7,restrictive,The doctor will inject the child,3,9,0,,,,,,,,,,,,0,child,
subject-7,38,25,restrictive,The man will paint the canvas,1,4,0,,,,,,,,,,,,0,canvas,
subject-7,39,6,non-restrictive,The housewife will  wash the mushrooms,2,7,1,0.4154,0.0335,215.1,elsewhere,False,False,,,,,,1,mushrooms,elsewhere
subject-7,40,36,non-restrictive,The kid will stack the lego,4,12,1,0.4315,0.0137,232.2,subject,False,False,,,,,,1,lego,subject
subject-7,41,10,non-restrictive,The man will wipe the washing machine,2,9,4,0.0634,0.0196,346.6,elsewhere,False,False,0.0,1.0,0.0,0.0,1.0,4,washing-machine,elsewhere
subject-7,42,20,non-restrictive,The baby will grab the kitten,4,11,2,0.294,0.0337,408.5,pos3,False,True,0.0,0.0,1.0,0.0,0.0,2,kitten,cup
subject-7,43,15,restrictive,The businessman will wear the hat,3,3,0,,,,,,,,,,,,0,hat,
subject-7,44,0,non-restrictive,The boy will move the cake,4,8,3,0.1059,0.0139,182.9,subject,False,False,1.0,0.0,0.0,0.0,0.0,3,cake,subject
subject-7,45,8,non-restrictive,The woman will dust the piano,4,5,0,,,,,,,,,,,,0,piano,
subject-7,46,33,restrictive,The boy will unzip the suitcase,1,5,1,0.4519,0.0469,341.4,subject,False,False,,,,,,1,suitcase,subject
subject-7,47,4,non-restrictive,The boy will throw the ball,4,12,0,,,,,,,,,,,,0,ball,
subject-7,48,49,restrictive,The man will lick the stamp,1,7,0,,,,,,,,,,,,0,stamp,
subject-7,49,23,restrictive,The girl will knit the scarf,3,12,1,0.3455,0.0132,459.2,elsewhere,False,False,,,,,,1,scarf,elsewhere
subject-8,0,11,non-restrictive,The baby will kick the bell,4,6,0,,,,,,,,,,,,0,bell,
subject-8,1,3,non-restrictive,The woman will touch the baby,4,12,1,0.2108,0.0201,163.3,pos2,False,True,0.0,1.0,0.0,0.0,0.0,1,baby,stool
subject-8,2,12,restrictive,The man will sail the boat,1,11,1,0.1975,0.0134,147.4,elsewhere,False,False,,,,,,1,boat,elsewhere
subject-8,3,36,restrictive,The kid will build the lego,1,7,1,0.0937,0.0199,162.1,subject,False,False,,,,,,1,lego,subject
subject-8,4,44,restrictive,The baker will knead the dough,1,5,0,,,,,,,,,,,,0,dough,
subject-8,5,16,restrictive,The woman will wear the dress,1,11,0,,,,,,,,,,,,0,dress,
subject-8,6,18,restrictive,The boy will kick the football,3,8,1,0.3263,0.0336,265.7,subject,False,False,,,,,,1,football,subject
subject-8,7,29,non-restrictive,The grandmother will eadturn the newspaper,2,10,0,,,,,,,,,,,,0,newspaper,
subject-8,8,33,non-restrictive,The boy will open the suitcase,2,10,0,,,,,,,,,,,,0,suitcase,
subject-8,9,40,restrictive,The girl will button the blouse,1,7,0,,,,,,,,,,,,0,blouse,
subject-8,10,30,restrictive,The girl will roll the dice,3,8,0,,,,,,,,,,,,0,dice,
subject-8,11,14,restrictive,The boy will walk the dog,3,10,0,,,,,,,,,,,,0,dog,
subject-8,12,46,restrictive,The musician will tune the violin,3,4,0,,,,,,,,,,,,0,violin,
subject-8,13,25,non-restrictive,The man will move the canvas,2,10,0,,,,,,,,,,,,1,canvas,
subject-8,14,28,restrictive,The cat will drink the milk,1,7,1,0.5591,0.0468,275.9,pos1,True,True,,,,,,0,milk,milk
subject-8,15,9,non-restrictive,The woman will open the book,2,5,0,,,,,,,,,,,,0,book,
subject-8,16,42,restrictive,The woman will sew the shirt,3,10,0,,,,,,,,,,,,0,shirt,
subject-8,17,2,restrictive,The policeman will arrest the man,3,10,1,0.4213,0.0669,313.1,elsewhere,False,False,,,,,,1,man,elsewhere
subject-8,18,35,non-restrictive,The girl will squeeze the mascara,4,9,1,0.1357,0.0141,162.2,subject,False,False,,,,,,1,mascara,subject
subject-8,19,47,non-restrictive,The girl will move the carpet,4,7,1,0.2734,0.0263,161.4,elsewhere,False,False,,,,,,1,carpet,elsewhere
subject-8,20,31,non-restrictive,The woman will examine the bottle,4,9,0,,,,,,,,,,,,0,bottle,
subject-8,21,17,non-restrictive,The man will  move the wood,2,8,0,,,,,,,,,,,,0,wood,
subject-8,22,7,non-restrictive,The doctor will check the child,4,16,2,0.0685,0.0335,302.1,pos2,False,True,0.5,0.5,0.0,0.0,0.0,2,child,toy-bear
subject-8,23,20,restrictive,The baby will hug the kitten,1,10,0,,,,,,,0.0,0.0,0.0,1.0,0.0,1,kitten,
subject-8,24,27,non-restrictive,The boy will touch the lamp,4,11,1,0.1356,0.0134,104.7,subject,False,False,,,,,,1,lamp,subject
subject-8,25,43,non-restrictive,The man will wipe the safe,4,7,0,,,,,,,,,,,,0,safe,
subject-8,26,19,non-restrictive,The chef will clean the bread,4,6,0,,,,,,,,,,,,0,bread,
subject-8,27,23,non-restrictive,The girl will hold the scarf,4,8,0,,,,,,,,,,,,1,scarf,
subject-8,28,38,restrictive,The woman will tie the apron,3,13,0,,,,,,,,,,,,0,apron,
subject-8,29,10,restrictive,The man will repair the washing machine,3,9,2,0.9724,0.0397,264.9,elsewhere,False,False,0.0,0.0,1.0,0.0,1.0,2,washing-machine,elsewhere
subject-8,30,21,non-restrictive,The woman will move the flower,2,10,0,,,,,,,,,,,,0,flower,
subject-8,31,13,non-restrictive,The man will  collect the cigarettes,2,11,2,0.226,0.0535,376.7,pos3,False,True,0.0,0.0,0.5,0.5,0.0,2,cigarettes,filofax
subject-8,32,32,restrictive,The woman will brew the beer,1,4,0,,,,,,,,,,,,0,beer,
subject-8,34,22,restrictive,The girl will zip the coat,3,12,0,,,,,,,,,,,,0,coat,
subject-8,35,45,non-restrictive,The chef will carry the carrot,2,5,1,0.0116,0.033,317.8,subject,False,False,,,,,,1,carrot,subject
subject-8,36,8,restrictive,The woman will play the piano,1,9,0,,,,,,,,,,,,0,piano,
subject-8,37,26,restrictive,The woman will blow out the candle,3,8,2,0.3765,0.0203,189.3,elsewhere,False,False,,,,,,2,candle,elsewhere
subject-8,38,48,restrictive,The child will inflate the balloon,1,10,2,0.129,0.0269,389.8,subject,False,False,,,,,,2,balloon,subject
subject-8,39,37,non-restrictive,The boy will move the banana,2,6,0,,,,,,,,,,,,0,banana,
subject-8,40,49,non-restrictive,The man will pick up the stamp,2,11,0,,,,,,,,,,,,0,stamp,
subject-8,41,15,non-restrictive,The businessman will  forget the hat,4,10,2,0.1122,0.0273,413.6,subject,False,False,0.0,0.0,1.0,0.0,0.0,2,hat,subject
subject-8,42,39,non-restrictive,The boy will move the shoelace,4,11,1,0.1135,0.0201,403.8,pos2,False,True,0.0,1.0,0.0,0.0,0.0,1,shoelace,mat
subject-8,43,1,non-restrictive,The woman will try the wine,2,7,0,,,,,,,,,,,,0,wine,
subject-8,44,41,non-restrictive,The boy will move the orange,2,10,0,,,,,,,,,,,,0,orange,
subject-8,45,0,restrictive,The boy will eat the cake,1,7,0,,,,,,,,,,,,0,cake,
subject-8,46,5,non-restrictive,The hiker will photograph the mountain,2,11,2,0.5298,0.0335,367.2,pos2,True,True,0.0,1.0,0.0,0.0,1.0,2,mountain,mountain
subject-8,47,6,restrictive,The housewife will fry the mushrooms,3,6,1,0.1989,0.0606,302.2,pos1,False,True,1.0,0.0,0.0,0.0,0.0,1,mushrooms,weighing-scales
subject-8,48,24,restrictive,The girl will groom the rabbit,1,10,1,0.3237,0.0536,274.0,pos4,False,True,0.0,0.0,0.0,1.0,0.0,1,rabbit,glass
subject-8,49,4,restrictive,The boy will bounce the ball,1,10,0,,,,,,,,,,,,0,ball,
subject-9,0,48,non-restrictive,The child will carry the balloon,1,17,0,,,,,,,,,,,,0,balloon,
subject-9,1,28,non-restrictive,The cat will push the milk,1,13,1,0.4691,0.0532,284.3,pos4,False,True,0.0,0.0,0.0,1.0,0.0,1,milk,sock
subject-9,2,8,non-restrictive,The woman will dust the piano,1,17,1,0.243,0.0806,304.8,pos4,False,True,0.0,0.0,0.0,1.0,0.0,1,piano,television
subject-9,3,44,non-restrictive,The baker will inspect the dough,1,10,0,,,,,,,,,,,,0,dough,
subject-9,4,33,restrictive,The boy will unzip the suitcase,2,12,1,0.2982,0.0732,272.1,pos1,False,True,1.0,0.0,0.0,0.0,0.0,1,suitcase,gift
subject-9,5,41,restrictive,The boy will squeeze the orange,2,12,2,0.1717,0.0132,369.7,pos1,False,True,0.5,0.5,0.0,0.0,0.5,2,orange,shell
subject-9,6,34,non-restrictive,The boy will move the radio,3,9,2,0.1102,0.0664,376.2,pos2,False,True,0.0,1.0,0.0,0.0,0.0,2,radio,pillow
subject-9,7,35,restrictive,The girl will apply the mascara,4,14,0,,,,,,,,,,,,0,mascara,
subject-9,8,1,restrictive,The woman will drink the wine,2,11,1,0.3236,0.0474,311.6,pos4,False,True,0.0,0.0,0.0,1.0,0.0,1,wine,chair
subject-9,9,42,non-restrictive,The woman will wash the shirt,3,15,3,0.0819,0.0396,233.5,pos3,True,True,0.0,0.5,0.5,0.0,0.5,3,shirt,shirt
subject-9,10,0,non-restrictive,The boy will move the cake,1,13,1,0.4276,0.0469,356.6,pos4,False,True,0.0,0.0,0.0,1.0,0.0,2,cake,ball
subject-9,11,5,restrictive,The hiker will climb the mountain,2,13,2,0.3485,0.0405,349.0,elsewhere,False,False,0.0,1.0,0.0,0.0,1.0,2,mountain,elsewhere
subject-9,12,7,restrictive,The doctor will inject the child,4,10,1,0.1048,0.0532,358.0,pos4,True,True,0.0,0.0,0.0,1.0,1.0,1,child,child
subject-9,13,25,restrictive,The man will paint the canvas,2,11,1,0.4212,0.0537,379.9,pos3,False,True,0.0,0.0,1.0,0.0,0.0,2,canvas,keyboard
subject-9,14,46,non-restrictive,The musician will move the violin,3,14,1,0.0989,0.0132,138.6,pos4,False,True,0.0,0.0,0.0,1.0,0.0,1,violin,bow
subject-9,15,26,non-restrictive,The woman will blow grab the candle,3,11,1,0.5374,0.04,227.5,pos3,True,True,0.0,0.0,1.0,0.0,1.0,1,candle,candle
subject-9,16,45,restrictive,The chef will grate the carrot,2,13,2,0.1302,0.04,290.2,pos2,True,True,0.5,0.5,0.0,0.0,0.5,2,carrot,carrot
subject-9,17,49,restrictive,The man will lick the stamp,2,14,2,0.159,0.0332,272.5,pos2,True,True,0.0,1.0,0.0,0.0,1.0,2,stamp,stamp
subject-9,18,17,restrictive,The man will chop the wood,2,13,1,0.3065,0.0537,272.5,elsewhere,False,False,,,,,,1,wood,elsewhere
subject-9,19,14,non-restrictive,The boy will feed the dog,3,14,1,0.2699,0.0337,219.8,elsewhere,False,False,,,,,,1,dog,elsewhere
subject-9,20,15,restrictive,The businessman will wear the hat,4,8,0,,,,,,,,,,,,1,hat,
subject-9,21,30,non-restrictive,The girl will grab the dice,3,14,2,0.3919,0.0532,342.9,elsewhere,False,False,0.0,0.0,1.0,0.0,1.0,2,dice,elsewhere
subject-9,22,16,non-restrictive,The woman will  carry the dress,1,12,2,0.3177,0.0537,356.5,subject,False,False,0.0,1.0,0.0,0.0,0.0,2,dress,subject
subject-9,23,10,non-restrictive,The man will wipe the washing machine,3,10,2,0.6659,0.0674,300.6,pos4,False,True,0.0,0.0,0.5,0.5,0.5,2,washing-machine,mirror
subject-9,24,31,restrictive,The woman will open the bottle,4,13,2,0.1644,0.0605,275.2,pos3,False,True,0.0,0.5,0.5,0.0,0.0,2,bottle,seed
subject-9,25,24,non-restrictive,The girl will lift the rabbit,1,10,1,0.0071,0.0737,259.5,pos1,True,True,1.0,0.0,0.0,0.0,1.0,1,rabbit,rabbit
subject-9,26,19,restrictive,The chef will slice the bread,4,11,1,0.3592,0.0601,304.9,pos1,False,True,1.0,0.0,0.0,0.0,0.0,1,bread,spoon
subject-9,27,37,restrictive,The boy will peel the banana,2,11,2,0.121,0.0469,240.9,pos3,False,True,0.0,0.5,0.5,0.0,0.5,2,banana,mitten
subject-9,28,22,non-restrictive,The girl will hang the coat,3,9,1,0.3768,0.0542,324.4,pos3,True,True,0.0,0.0,1.0,0.0,1.0,1,coat,coat
subject-9,29,47,restrictive,The girl will vacuum the carpet,4,14,2,0.4022,0.04,208.6,pos3,False,True,0.0,0.5,0.5,0.0,0.0,2,carpet,footstool
subject-9,30,36,non-restrictive,The kid will stack the lego,1,11,0,,,,,,,,,,,,0,lego,
subject-9,31,23,restrictive,The girl will knit the scarf,4,15,1,0.1649,0.0737,321.7,pos4,True,True,0.0,0.0,0.0,1.0,1.0,1,scarf,scarf
subject-9,32,29,restrictive,The grandmother will read the newspaper,2,14,2,0.0193,0.0269,201.9,pos2,True,True,0.0,1.0,0.0,0.0,1.0,1,newspaper,newspaper
subject-9,33,3,restrictive,The woman will bathe the baby,4,12,0,,,,,,,,,,,,0,baby,
subject-9,34,2,non-restrictive,The policeman will search the man,3,10,0,,,,,,,,,,,,0,man,
subject-9,35,27,restrictive,The boy will dim the lamp,4,13,2,0.119,0.0537,350.2,elsewhere,False,False,0.0,0.0,1.0,0.0,0.0,2,lamp,elsewhere
subject-9,36,9,restrictive,The woman will read the book,2,10,0,,,,,,,,,,,,0,book,
subject-9,37,6,non-restrictive,The housewife will  wash the mushrooms,3,16,3,0.0471,0.0332,265.7,pos2,False,True,0.0,0.3333,0.3333,0.3333,0.3333,3,mushrooms,jug
subject-9,38,20,non-restrictive,The baby will grab the kitten,1,11,1,0.4212,0.0469,194.7,pos1,True,True,1.0,0.0,0.0,0.0,1.0,1,kitten,kitten
subject-9,39,12,non-restrictive,The man will watch the boat,1,14,2,0.306,0.02,348.2,pos1,True,True,1.0,0.0,0.0,0.0,1.0,1,boat,boat
subject-9,40,4,non-restrictive,The boy will throw the ball,1,10,1,0.3792,0.0605,265.8,pos4,False,True,0.0,0.0,0.0,1.0,0.0,1,ball,shuttle-cock
subject-9,41,39,restrictive,The boy will tie the shoelace,4,8,2,0.0887,0.0474,286.0,pos2,False,True,0.0,0.5,0.5,0.0,0.0,2,shoelace,mat
subject-9,42,38,non-restrictive,The woman will carry the apron,3,17,2,0.0838,0.0532,347.6,pos1,False,True,1.0,0.0,0.0,0.0,0.0,2,apron,broom
subject-9,43,21,restrictive,The woman will water the flower,2,9,1,0.3055,0.0606,232.3,pos4,False,True,0.0,0.0,0.0,1.0,0.0,1,flower,vase
subject-9,44,11,restrictive,The baby will ring the bell,4,7,0,,,,,,,,,,,,0,bell,
subject-9,45,13,restrictive,The man will smoke the cigarettes,2,14,1,0.1712,0.0474,282.8,pos3,False,True,0.0,0.0,1.0,0.0,0.0,1,cigarettes,filofax
subject-9,46,32,non-restrictive,The woman will carry the beer,1,10,1,0.2513,0.0742,286.5,pos2,False,True,0.0,1.0,0.0,0.0,0.0,1,beer,mug
subject-9,47,43,restrictive,The man will lock the safe,4,9,0,,,,,,,,,,,,0,safe,
subject-9,48,40,non-restrictive,The girl will hold the blouse,1,12,0,,,,,,,,,,,,0,blouse,
subject-9,49,18,non-restrictive,The boy will touch the football,3,11,2,0.2132,0.04,213.7,pos3,True,True,0.0,0.0,1.0,0.0,1.0,1,football,football
subject-1,0,6,non-restrictive,The housewife will  wash the mushrooms,3,14,1,0.1538,0.0339,223.3,subject,False,False,,,,,,1,mushrooms,subject
subject-1,1,15,restrictive,The businessman will wear the hat,4,9,0,,,,,,,,,,,,0,hat,
subject-1,2,39,restrictive,The boy will tie the shoelace,4,14,0,,,,,,,,,,,,0,shoelace,
subject-1,3,21,restrictive,The woman will water the flower,2,10,1,0.0782,0.0334,331.0,subject,False,False,,,,,,1,flower,subject
subject-1,4,38,non-restrictive,The woman will carry the apron,3,11,3,0.1034,0.0134,220.7,elsewhere,False,False,,,,,,3,apron,elsewhere
subject-1,5,4,non-restrictive,The boy will throw the ball,1,8,1,0.1514,0.0464,287.9,pos1,True,True,1.0,0.0,0.0,0.0,1.0,1,ball,ball
subject-1,6,29,restrictive,The grandmother will read the newspaper,2,15,1,0.4275,0.0469,374.1,pos2,True,True,0.0,1.0,0.0,0.0,1.0,1,newspaper,newspaper
subject-1,7,23,restrictive,The girl will knit the scarf,4,11,1,0.2723,0.0469,374.5,subject,False,False,,,,,,1,scarf,subject
subject-1,8,19,restrictive,The chef will slice the bread,4,11,1,0.1109,0.0535,486.4,pos4,True,True,0.0,0.0,0.0,1.0,1.0,1,bread,bread
subject-1,9,22,non-restrictive,The girl will hang the coat,3,14,2,0.0555,0.0269,189.8,elsewhere,False,False,,,,,,2,coat,elsewhere
subject-1,10,7,restrictive,The doctor will inject the child,4,11,1,0.0508,0.0332,299.1,subject,False,False,,,,,,1,child,subject
subject-1,11,43,restrictive,The man will lock the safe,4,12,0,,,,,,,,,,,,0,safe,
subject-1,12,8,non-restrictive,The woman will dust the piano,1,11,2,0.1495,0.0537,404.8,pos1,True,True,1.0,0.0,0.0,0.0,1.0,2,piano,piano
subject-1,13,30,non-restrictive,The girl will grab the dice,3,9,1,0.6661,0.0132,162.3,subject,False,False,,,,,,0,dice,subject
subject-1,14,36,non-restrictive,The kid will stack the lego,1,11,0,,,,,,,,,,,,0,lego,
subject-1,15,20,non-restrictive,The baby will grab the kitten,1,13,1,0.6155,0.0469,365.3,pos1,True,True,1.0,0.0,0.0,0.0,1.0,1,kitten,kitten
subject-1,16,5,restrictive,The hiker will climb the mountain,2,13,1,0.0738,0.0671,413.8,pos2,True,True,0.0,1.0,0.0,0.0,1.0,1,mountain,mountain
subject-1,17,1,restrictive,The woman will drink the wine,2,9,1,0.1763,0.0737,326.7,pos1,False,True,0.5,0.0,0.0,0.5,0.0,2,wine,lipstick
subject-1,18,32,non-restrictive,The woman will carry the beer,1,12,2,0.2249,0.0268,317.9,elsewhere,False,False,,,,,,2,beer,elsewhere
subject-1,19,3,restrictive,The woman will bathe the baby,4,11,1,0.5426,0.0474,380.4,pos4,True,True,0.0,0.0,0.0,1.0,1.0,1,baby,baby
subject-1,20,2,non-restrictive,The policeman will search the man,3,8,0,,,,,,,,,,,,0,man,
subject-1,21,46,non-restrictive,The musician will move the violin,3,13,0,,,,,,,,,,,,0,violin,
subject-1,22,16,non-restrictive,The woman will  carry the dress,1,15,2,0.117,0.0535,296.2,pos4,False,True,0.0,0.0,0.0,1.0,0.0,2,dress,ribbon
subject-1,23,18,non-restrictive,The boy will touch the football,3,11,1,0.2069,0.0535,446.3,pos3,True,True,0.0,0.0,1.0,0.0,1.0,2,football,football
subject-1,24,27,restrictive,The boy will dim the lamp,4,8,1,0.1266,0.0403,304.7,pos4,True,True,0.0,0.0,0.0,1.0,1.0,1,lamp,lamp
subject-1,25,13,restrictive,The man will smoke the cigarettes,2,14,1,0.4329,0.0464,358.9,elsewhere,False,False,,,,,,1,cigarettes,elsewhere
subject-1,26,24,non-restrictive,The girl will lift the rabbit,1,13,1,0.2349,0.0535,410.5,pos1,True,True,1.0,0.0,0.0,0.0,1.0,1,rabbit,rabbit
subject-1,27,42,non-restrictive,The woman will wash the shirt,3,11,3,0.0816,0.0198,428.2,elsewhere,False,False,0.0,0.0,0.0,1.0,0.0,3,shirt,elsewhere
subject-1,28,12,non-restrictive,The man will watch the boat,1,11,1,0.5543,0.0669,286.9,pos3,False,True,,,,,,0,boat,sun
subject-1,29,48,non-restrictive,The child will carry the balloon,1,9,0,,,,,,,,,,,,0,balloon,
subject-1,30,49,restrictive,The man will lick the stamp,2,12,1,0.0655,0.0535,306.7,subject,False,False,,,,,,1,stamp,subject
subject-1,31,10,non-restrictive,The man will wipe the washing machine,3,13,2,0.8604,0.0537,344.5,elsewhere,False,False,0.0,0.0,0.0,1.0,0.0,2,washing-machine,elsewhere
subject-1,32,9,restrictive,The woman will read the book,2,10,0,,,,,,,,,,,,0,book,
subject-1,33,37,restrictive,The boy will peel the banana,2,15,0,,,,,,,,,,,,0,banana,
subject-1,34,31,restrictive,The woman will open the bottle,4,15,1,0.4449,0.0139,321.5,pos3,False,True,0.0,0.0,1.0,0.0,0.0,2,bottle,seed
subject-1,35,28,non-restrictive,The cat will push the milk,1,14,1,0.315,0.04,347.2,pos4,False,True,0.0,0.0,0.0,1.0,0.0,1,milk,sock
subject-1,36,33,restrictive,The boy will unzip the suitcase,2,11,2,0.284,0.0337,320.7,subject,False,False,1.0,0.0,0.0,0.0,0.0,2,suitcase,subject
subject-1,37,25,restrictive,The man will paint the canvas,2,17,1,0.3338,0.0464,227.8,pos4,False,True,0.0,0.0,0.0,1.0,0.0,1,canvas,peach
subject-1,38,17,restrictive,The man will chop the wood,2,13,0,,,,,,,,,,,,0,wood,
subject-1,39,14,non-restrictive,The boy will feed the dog,3,14,2,0.0755,0.0469,426.2,pos1,False,True,1.0,0.0,0.0,0.0,0.0,2,dog,ball
subject-1,40,35,restrictive,The girl will apply the mascara,4,17,2,0.0919,0.0269,418.4,elsewhere,False,False,,,,,,2,mascara,elsewhere
subject-1,41,44,non-restrictive,The baker will inspect the dough,1,10,1,0.1651,0.0537,409.5,pos1,True,True,1.0,0.0,0.0,0.0,1.0,1,dough,dough
subject-1,42,11,restrictive,The baby will ring the bell,4,13,0,,,,,,,,,,,,0,bell,
subject-1,43,34,non-restrictive,The boy will move the radio,3,13,1,0.2381,0.0403,530.6,pos3,True,True,0.0,0.0,1.0,0.0,1.0,1,radio,radio
subject-1,44,47,restrictive,The girl will vacuum the carpet,4,7,1,0.1812,0.0737,358.1,pos2,False,True,0.0,1.0,0.0,0.0,0.0,1,carpet,roller
subject-1,45,45,restrictive,The chef will grate the carrot,2,14,0,,,,,,,,,,,,0,carrot,
subject-1,46,26,non-restrictive,The woman will blow grab the candle,3,12,1,0.336,0.0205,269.6,elsewhere,False,False,,,,,,1,candle,elsewhere
subject-1,47,41,restrictive,The boy will squeeze the orange,2,9,0,,,,,,,,,,,,0,orange,
subject-1,48,0,non-restrictive,The boy will move the cake,1,14,1,0.006,0.0203,198.7,elsewhere,False,False,,,,,,1,cake,elsewhere
subject-1,49,40,non-restrictive,The girl will hold the blouse,1,11,2,0.0682,0.0403,538.5,pos4,False,True,0.0,0.0,0.0,1.0,0.0,2,blouse,iron
subject-19,0,48,non-restrictive,The child will carry the balloon,2,6,0,,,,,,,,,,,,0,balloon,
subject-19,1,31,restrictive,The woman will open the bottle,1,7,0,,,,,,,,,,,,0,bottle,
subject-19,2,23,restrictive,The girl will knit the scarf,1,5,0,,,,,,,,,,,,0,scarf,
subject-19,3,40,non-restrictive,The girl will hold the blouse,2,10,0,,,,,,,,,,,,0,blouse,
subject-19,4,36,non-restrictive,The kid will stack the lego,2,8,2,0.0302,0.0332,353.6,subject,False,False,,,,,,2,lego,subject
subject-19,5,35,restrictive,The girl will apply the mascara,1,10,1,0.6681,0.0133,365.7,subject,False,False,,,,,,1,mascara,subject
subject-19,6,33,restrictive,The boy will unzip the suitcase,3,8,1,0.6058,0.0335,267.2,elsewhere,False,False,,,,,,1,suitcase,elsewhere
subject-19,7,37,restrictive,The boy will peel the banana,3,5,0,,,,,,,,,,,,0,banana,
subject-19,8,44,non-restrictive,The baker will inspect the dough,2,4,1,0.3527,0.0805,264.7,pos2,True,True,0.0,1.0,0.0,0.0,1.0,1,dough,dough
subject-19,9,5,restrictive,The hiker will climb the mountain,3,11,1,0.3416,0.054,500.0,pos3,True,True,0.0,0.0,1.0,0.0,1.0,1,mountain,mountain
subject-19,10,27,restrictive,The boy will dim the lamp,1,5,0,,,,,,,,,,,,0,lamp,
subject-19,11,29,restrictive,The grandmother will read the newspaper,3,5,0,,,,,,,,,,,,0,newspaper,
subject-19,12,17,restrictive,The man will chop the wood,3,5,0,,,,,,,,,,,,0,wood,
subject-19,13,6,non-restrictive,The housewife will  wash the mushrooms,4,6,0,,,,,,,,,,,,0,mushrooms,
subject-19,14,11,restrictive,The baby will ring the bell,1,4,0,,,,,,,,,,,,0,bell,
subject-19,15,20,non-restrictive,The baby will grab the kitten,2,9,0,,,,,,,,,,,,0,kitten,
subject-19,16,42,non-restrictive,The woman will wash the shirt,4,6,1,0.2023,0.0737,373.9,subject,False,False,,,,,,1,shirt,subject
subject-19,17,46,non-restrictive,The musician will move the violin,4,6,1,0.3401,0.0535,401.9,pos1,False,True,1.0,0.0,0.0,0.0,0.0,1,violin,bow
subject-19,18,16,non-restrictive,The woman will  carry the dress,2,6,0,,,,,,,,,,,,0,dress,
subject-19,19,19,restrictive,The chef will slice the bread,1,5,0,,,,,,,,,,,,0,bread,
subject-19,20,18,non-restrictive,The boy will touch the football,4,5,0,,,,,,,,,,,,0,football,
subject-19,21,41,restrictive,The boy will squeeze the orange,3,4,1,0.6403,0.0336,271.5,subject,False,False,,,,,,1,orange,subject
subject-19,22,39,restrictive,The boy will tie the shoelace,1,9,0,,,,,,,,,,,,0,shoelace,
subject-19,23,4,non-restrictive,The boy will throw the ball,2,5,0,,,,,,,,,,,,0,ball,
subject-19,24,22,non-restrictive,The girl will hang the coat,4,3,0,,,,,,,,,,,,0,coat,
subject-19,25,15,restrictive,The businessman will wear the hat,1,8,0,,,,,,,,,,,,0,hat,
subject-19,26,13,restrictive,The man will smoke the cigarettes,3,6,1,0.4994,0.0673,529.2,pos3,True,True,0.0,0.0,1.0,0.0,1.0,1,cigarettes,cigarettes
subject-19,27,12,non-restrictive,The man will watch the boat,2,9,1,0.4674,0.0535,418.6,subject,False,False,,,,,,1,boat,subject
subject-19,28,45,restrictive,The chef will grate the carrot,3,8,1,0.0431,0.0534,454.2,subject,False,False,,,,,,1,carrot,subject
subject-19,29,26,non-restrictive,The woman will blow grab the candle,4,7,1,0.4433,0.0536,406.9,subject,False,False,,,,,,1,candle,subject
subject-19,30,25,restrictive,The man will paint the canvas,3,5,0,,,,,,,,,,,,0,canvas,
subject-19,31,38,non-restrictive,The woman will carry the apron,4,8,2,0.03,0.0535,345.1,pos4,True,True,0.0,0.0,0.5,0.5,0.5,2,apron,apron
subject-19,32,3,restrictive,The woman will bathe the baby,1,4,0,,,,,,,,,,,,0,baby,
subject-19,33,2,non-restrictive,The policeman will search the man,4,6,0,,,,,,,,,,,,0,man,
subject-19,34,34,non-restrictive,The boy will move the radio,4,8,0,,,,,,,,,,,,0,radio,
subject-19,35,47,restrictive,The girl will vacuum the carpet,1,7,1,0.081,0.0336,362.1,subject,False,False,,,,,,1,carpet,subject
subject-19,36,10,non-restrictive,The man will wipe the washing machine,4,5,0,,,,,,,,,,,,1,washing-machine,
subject-19,37,1,restrictive,The woman will drink the wine,3,8,1,0.2437,0.0535,446.5,subject,False,False,,,,,,1,wine,subject
subject-19,38,21,restrictive,The woman will water the flower,3,6,0,,,,,,,,,,,,0,flower,
subject-19,39,30,non-restrictive,The girl will grab the dice,4,5,1,0.2239,0.0471,480.7,subject,False,False,,,,,,1,dice,subject
subject-19,40,28,non-restrictive,The cat will push the milk,2,4,0,,,,,,,,,,,,0,milk,
subject-19,41,32,non-restrictive,The woman will carry the beer,2,7,1,0.0707,0.0137,368.7,elsewhere,False,False,,,,,,1,beer,elsewhere
subject-19,42,24,non-restrictive,The girl will lift the rabbit,2,4,0,,,,,,,,,,,,0,rabbit,
subject-19,43,9,restrictive,The woman will read the book,3,4,0,,,,,,,,,,,,0,book,
subject-19,44,8,non-restrictive,The woman will dust the piano,2,5,0,,,,,,,,,,,,0,piano,
subject-19,45,49,restrictive,The man will lick the stamp,3,6,0,,,,,,,,,,,,0,stamp,
subject-19,46,14,non-restrictive,The boy will feed the dog,4,6,1,0.0151,0.0532,356.6,subject,False,False,,,,,,1,dog,subject
subject-19,47,0,non-restrictive,The boy will move the cake,2,6,1,0.0262,0.0535,364.4,subject,False,False,,,,,,1,cake,subject
subject-19,48,7,restrictive,The doctor will inject the child,1,4,0,,,,,,,,,,,,0,child,
subject-19,49,43,restrictive,The man will lock the safe,1,6,0,,,,,,,,,,,,1,safe,
subject-20,0,3,non-restrictive,The woman will touch the baby,2,8,0,,,,,,,,,,,,0,baby,
subject-20,1,10,restrictive,The man will repair the washing machine,1,4,1,1.1331,0.02,344.5,elsewhere,False,False,,,,,,1,washing-machine,elsewhere
subject-20,2,28,restrictive,The cat will drink the milk,3,11,0,,,,,,,,,,,,0,milk,
subject-20,3,6,restrictive,The housewife will fry the mushrooms,1,6,0,,,,,,,,,,,,0,mushrooms,
subject-20,4,21,non-restrictive,The woman will move the flower,4,7,0,,,,,,,,,,,,0,flower,
subject-20,5,12,restrictive,The man will sail the boat,3,8,0,,,,,,,,,,,,0,boat,
subject-20,6,5,non-restrictive,The hiker will photograph the mountain,4,9,1,0.7911,0.0334,357.1,elsewhere,False,False,,,,,,1,mountain,elsewhere
subject-20,7,11,non-restrictive,The baby will kick the bell,2,7,0,,,,,,,,,,,,0,bell,
subject-20,8,42,restrictive,The woman will sew the shirt,1,6,0,,,,,,,,,,,,0,shirt,
subject-20,9,23,non-restrictive,The girl will hold the scarf,2,6,0,,,,,,,,,,,,0,scarf,
subject-20,10,49,non-restrictive,The man will pick up the stamp,4,6,0,,,,,,,,,,,,0,stamp,
subject-20,11,0,restrictive,The boy will eat the cake,3,5,0,,,,,,,,,,,,0,cake,
subject-20,12,4,restrictive,The boy will bounce the ball,3,7,0,,,,,,,,,,,,0,ball,
subject-20,13,36,restrictive,The kid will build the lego,3,5,0,,,,,,,,,,,,0,lego,
subject-20,14,22,restrictive,The girl will zip the coat,1,9,0,,,,,,,,,,,,0,coat,
subject-20,15,41,non-restrictive,The boy will move the orange,4,3,1,0.0475,0.0132,97.4,subject,False,False,,,,,,1,orange,subject
subject-20,16,46,restrictive,The musician will tune the violin,1,4,0,,,,,,,,,,,,0,violin,
subject-20,17,26,restrictive,The woman will blow out the candle,1,8,0,,,,,,,,,,,,0,candle,
subject-20,18,40,restrictive,The girl will button the blouse,3,6,0,,,,,,,,,,,,0,blouse,
subject-20,19,9,non-restrictive,The woman will open the book,4,6,0,,,,,,,,,,,,0,book,
subject-20,21,18,restrictive,The boy will kick the football,1,5,0,,,,,,,,,,,,0,football,
subject-20,22,43,non-restrictive,The man will wipe the safe,2,7,0,,,,,,,,,,,,0,safe,
subject-20,23,31,non-restrictive,The woman will examine the bottle,2,7,0,,,,,,,,,,,,0,bottle,
subject-20,24,25,non-restrictive,The man will move the canvas,4,9,0,,,,,,,,,,,,0,canvas,
subject-20,25,1,non-restrictive,The woman will try the wine,4,5,0,,,,,,,,,,,,0,wine,
subject-20,26,48,restrictive,The child will inflate the balloon,3,9,0,,,,,,,,,,,,0,balloon,
subject-20,27,47,non-restrictive,The girl will move the carpet,2,2,0,,,,,,,,,,,,0,carpet,
subject-20,28,29,non-restrictive,The grandmother will eadturn the newspaper,4,3,0,,,,,,,,,,,,0,newspaper,
subject-20,29,45,non-restrictive,The chef will carry the carrot,4,4,0,,,,,,,,,,,,0,carrot,
subject-20,30,30,restrictive,The girl will roll the dice,1,8,0,,,,,,,,,,,,0,dice,
subject-20,31,19,non-restrictive,The chef will clean the bread,2,7,0,,,,,,,,,,,,0,bread,
subject-20,32,33,non-restrictive,The boy will open the suitcase,4,6,0,,,,,,,,,,,,0,suitcase,
subject-20,33,8,restrictive,The woman will play the piano,3,2,0,,,,,,,,,,,,0,piano,
subject-20,34,15,non-restrictive,The businessman will  forget the hat,2,8,1,0.0056,0.0332,517.5,pos1,False,True,1.0,0.0,0.0,0.0,0.0,1,hat,folder
subject-20,35,2,restrictive,The policeman will arrest the man,1,7,1,0.2002,0.0203,234.4,subject,False,False,,,,,,1,man,subject
subject-20,36,44,restrictive,The baker will knead the dough,3,4,0,,,,,,,,,,,,0,dough,
subject-20,37,17,non-restrictive,The man will  move the wood,4,8,1,0.4786,0.0334,258.8,subject,False,False,,,,,,1,wood,subject
subject-20,38,27,non-restrictive,The boy will touch the lamp,2,5,0,,,,,,,,,,,,0,lamp,
subject-20,39,32,restrictive,The woman will brew the beer,3,7,0,,,,,,,,,,,,0,beer,
subject-20,40,37,non-restrictive,The boy will move the banana,4,7,0,,,,,,,,,,,,0,banana,
subject-20,41,24,restrictive,The girl will groom the rabbit,3,3,0,,,,,,,,,,,,0,rabbit,
subject-20,42,20,restrictive,The baby will hug the kitten,3,3,0,,,,,,,,,,,,0,kitten,
subject-20,43,39,non-restrictive,The boy will move the shoelace,2,3,0,,,,,,,,,,,,0,shoelace,
subject-20,44,7,non-restrictive,The doctor will check the child,2,3,0,,,,,,,,,,,,0,child,
subject-20,45,13,non-restrictive,The man will  collect the cigarettes,4,7,0,,,,,,,,,,,,0,cigarettes,
subject-20,46,14,restrictive,The boy will walk the dog,1,6,0,,,,,,,,,,,,0,dog,
subject-20,47,38,restrictive,The woman will tie the apron,1,5,0,,,,,,,,,,,,0,apron,
subject-20,48,35,non-restrictive,The girl will squeeze the mascara,2,2,0,,,,,,,,,,,,0,mascara,
subject-20,49,16,restrictive,The woman will wear the dress,3,6,0,,,,,,,,,,,,0,dress,
subject-21,0,2,non-restrictive,The policeman will search the man,1,17,1,0.1538,0.0134,249.3,subject,False,False,,,,,,1,man,subject
subject-21,1,1,restrictive,The woman will drink the wine,4,12,0,,,,,,,,,,,,0,wine,
subject-21,2,46,non-restrictive,The musician will move the violin,1,10,0,,,,,,,,,,,,0,violin,
subject-21,3,36,non-restrictive,The kid will stack the lego,3,12,0,,,,,,,,,,,,0,lego,
subject-21,4,29,restrictive,The grandmother will read the newspaper,4,8,0,,,,,,,,,,,,0,newspaper,
subject-21,5,11,restrictive,The baby will ring the bell,2,12,0,,,,,,,,,,,,0,bell,
subject-21,6,16,non-restrictive,The woman will  carry the dress,3,13,0,,,,,,,,,,,,0,dress,
subject-21,7,30,non-restrictive,The girl will grab the dice,1,15,0,,,,,,,,,,,,0,dice,
subject-21,8,0,non-restrictive,The boy will move the cake,3,17,0,,,,,,,,,,,,1,cake,
subject-21,9,21,restrictive,The woman will water the flower,4,15,2,0.1449,0.0136,383.5,elsewhere,False,False,,,,,,2,flower,elsewhere
subject-21,10,10,non-restrictive,The man will wipe the washing machine,1,14,1,0.9677,0.0131,534.1,subject,False,False,,,,,,1,washing-machine,subject
subject-21,11,49,restrictive,The man will lick the stamp,4,14,0,,,,,,,,,,,,0,stamp,
subject-21,12,4,non-restrictive,The boy will throw the ball,3,15,0,,,,,,,,,,,,0,ball,
subject-21,13,18,non-restrictive,The boy will touch the football,1,17,1,0.1464,0.0335,486.2,subject,False,False,,,,,,1,football,subject
subject-21,14,3,restrictive,The woman will bathe the baby,2,9,0,,,,,,,,,,,,0,baby,
subject-21,15,39,restrictive,The boy will tie the shoelace,2,13,0,,,,,,,,,,,,0,shoelace,
subject-21,16,6,non-restrictive,The housewife will  wash the mushrooms,1,11,0,,,,,,,,,,,,0,mushrooms,
subject-21,17,19,restrictive,The chef will slice the bread,2,14,0,,,,,,,,,,,,0,bread,
subject-21,18,41,restrictive,The boy will squeeze the orange,4,12,0,,,,,,,,,,,,0,orange,
subject-21,19,40,non-restrictive,The girl will hold the blouse,3,13,0,,,,,,,,,,,,0,blouse,
subject-21,20,13,restrictive,The man will smoke the cigarettes,4,15,0,,,,,,,,,,,,0,cigarettes,
subject-21,21,33,restrictive,The boy will unzip the suitcase,4,14,0,,,,,,,,,,,,0,suitcase,
subject-21,22,37,restrictive,The boy will peel the banana,4,13,0,,,,,,,,,,,,0,banana,
subject-21,23,23,restrictive,The girl will knit the scarf,2,12,1,0.4057,0.0337,342.7,subject,False,False,,,,,,1,scarf,subject
subject-21,24,28,non-restrictive,The cat will push the milk,3,16,3,0.0668,0.0199,1970.8,elsewhere,False,False,,,,,,3,milk,elsewhere
subject-21,25,43,restrictive,The man will lock the safe,2,15,1,0.052,0.0402,621.0,pos3,False,True,0.0,0.0,1.0,0.0,0.0,1,safe,pan
subject-21,26,20,non-restrictive,The baby will grab the kitten,3,13,1,0.5218,0.0468,341.5,subject,False,False,,,,,,1,kitten,subject
subject-21,27,27,restrictive,The boy will dim the lamp,2,11,0,,,,,,,,,,,,0,lamp,
subject-21,28,9,restrictive,The woman will read the book,4,12,0,,,,,,,,,,,,0,book,
subject-21,29,15,restrictive,The businessman will wear the hat,2,14,0,,,,,,,,,,,,0,hat,
subject-21,30,24,non-restrictive,The girl will lift the rabbit,3,12,0,,,,,,,,,,,,0,rabbit,
subject-21,31,14,non-restrictive,The boy will feed the dog,1,12,0,,,,,,,,,,,,0,dog,
subject-21,32,26,non-restrictive,The woman will blow grab the candle,1,9,0,,,,,,,,,,,,0,candle,
subject-21,33,38,non-restrictive,The woman will carry the apron,1,13,0,,,,,,,,,,,,1,apron,
subject-21,34,42,non-restrictive,The woman will wash the shirt,1,10,2,0.2089,0.0535,460.2,subject,False,False,,,,,,1,shirt,subject
subject-21,35,25,restrictive,The man will paint the canvas,4,21,0,,,,,,,,,,,,0,canvas,
subject-21,36,22,non-restrictive,The girl will hang the coat,1,14,1,0.4979,0.0334,645.1,pos2,False,True,,,,,,0,coat,hook
subject-21,37,31,restrictive,The woman will open the bottle,2,16,2,0.3449,0.0401,645.4,subject,False,False,0.0,1.0,0.0,0.0,1.0,2,bottle,subject
subject-21,38,7,restrictive,The doctor will inject the child,2,14,1,0.325,0.04,582.2,pos1,False,True,1.0,0.0,0.0,0.0,0.0,1,child,microscope
subject-21,39,17,restrictive,The man will chop the wood,4,12,1,0.5404,0.0538,529.5,elsewhere,False,False,,,,,,0,wood,elsewhere
subject-21,40,8,non-restrictive,The woman will dust the piano,3,13,0,,,,,,,,,,,,0,piano,
subject-21,41,45,restrictive,The chef will grate the carrot,4,13,0,,,,,,,,,,,,0,carrot,
subject-21,42,34,non-restrictive,The boy will move the radio,1,12,1,0.003,0.02,211.8,subject,False,False,,,,,,1,radio,subject
subject-21,43,44,non-restrictive,The baker will inspect the dough,3,12,1,0.6946,0.0535,449.6,elsewhere,False,False,,,,,,1,dough,elsewhere
subject-21,44,47,restrictive,The girl will vacuum the carpet,2,15,1,0.7036,0.0333,384.8,subject,False,False,,,,,,1,carpet,subject
subject-21,45,48,non-restrictive,The child will carry the balloon,3,21,3,0.0226,0.0266,139.7,pos2,False,True,0.3333,0.6667,0.0,0.0,0.0,3,balloon,pouch
subject-21,46,5,restrictive,The hiker will climb the mountain,4,14,2,0.2616,0.0532,600.3,pos3,False,True,0.0,0.0,1.0,0.0,0.0,2,mountain,moon
subject-21,47,35,restrictive,The girl will apply the mascara,2,14,0,,,,,,,,,,,,0,mascara,
subject-21,48,32,non-restrictive,The woman will carry the beer,3,13,1,0.0911,0.0469,538.5,subject,False,False,,,,,,1,beer,subject
subject-21,49,12,non-restrictive,The man will watch the boat,3,15,0,,,,,,,,,,,,0,boat,
