item,condition,subject_id,object,human_prob
7,non-restrictive,subject-1,weighing scales,
7,non-restrictive,subject-1,jug,
7,non-restrictive,subject-1,mushrooms,
7,non-restrictive,subject-1,knife,
16,restrictive,subject-1,wallet,
16,restrictive,subject-1,magnifying glass,
16,restrictive,subject-1,folder,
16,restrictive,subject-1,hat,
40,restrictive,subject-1,shampoo,
40,restrictive,subject-1,mat,
40,restrictive,subject-1,buckle,
40,restrictive,subject-1,shoelace,
22,restrictive,subject-1,cushion,
22,restrictive,subject-1,flower,
22,restrictive,subject-1,magazine,
22,restrictive,subject-1,vase,
39,non-restrictive,subject-1,broom,
39,non-restrictive,subject-1,cloth,
39,non-restrictive,subject-1,apron,
39,non-restrictive,subject-1,mop,
5,non-restrictive,subject-1,ball,1.0
5,non-restrictive,subject-1,paper plane,0.0
5,non-restrictive,subject-1,acorns,0.0
5,non-restrictive,subject-1,shuttle cock,0.0
30,restrictive,subject-1,tissue,0.0
30,restrictive,subject-1,newspaper,1.0
30,restrictive,subject-1,comb,0.0
30,restrictive,subject-1,eraser,0.0
24,restrictive,subject-1,pencil,
24,restrictive,subject-1,needle,
24,restrictive,subject-1,card,
24,restrictive,subject-1,scarf,
20,restrictive,subject-1,spoon,0.0
20,restrictive,subject-1,spatula,0.0
20,restrictive,subject-1,bowl,0.0
20,restrictive,subject-1,bread,1.0
23,non-restrictive,subject-1,poster,
23,non-restrictive,subject-1,towel,
23,non-restrictive,subject-1,coat,
23,non-restrictive,subject-1,hook,
8,restrictive,subject-1,tv monitor,
8,restrictive,subject-1,toy bear,
8,restrictive,subject-1,microscope,
8,restrictive,subject-1,child,
44,restrictive,subject-1,pan,
44,restrictive,subject-1,bolt,
44,restrictive,subject-1,handle,
44,restrictive,subject-1,safe,
9,non-restrictive,subject-1,piano,1.0
9,non-restrictive,subject-1,table,0.0
9,non-restrictive,subject-1,telephone,0.0
9,non-restrictive,subject-1,television,0.0
31,non-restrictive,subject-1,watch,
31,non-restrictive,subject-1,headphones,
31,non-restrictive,subject-1,dice,
31,non-restrictive,subject-1,cap,
37,non-restrictive,subject-1,lego,
37,non-restrictive,subject-1,papers,
37,non-restrictive,subject-1,boxes,
37,non-restrictive,subject-1,clips,
21,non-restrictive,subject-1,kitten,1.0
21,non-restrictive,subject-1,block,0.0
21,non-restrictive,subject-1,crayon,0.0
21,non-restrictive,subject-1,cup,0.0
6,restrictive,subject-1,moon,0.0
6,restrictive,subject-1,mountain,1.0
6,restrictive,subject-1,animal,0.0
6,restrictive,subject-1,cactus,0.0
2,restrictive,subject-1,lipstick,0.5
2,restrictive,subject-1,wine,0.0
2,restrictive,subject-1,cheese,0.0
2,restrictive,subject-1,chair,0.5
33,non-restrictive,subject-1,beer,
33,non-restrictive,subject-1,mug,
33,non-restrictive,subject-1,biscuit,
33,non-restrictive,subject-1,kettle,
4,restrictive,subject-1,plant,0.0
4,restrictive,subject-1,stool,0.0
4,restrictive,subject-1,rocking horse,0.0
4,restrictive,subject-1,baby,1.0
3,non-restrictive,subject-1,houses,
3,non-restrictive,subject-1,dustbin,
3,non-restrictive,subject-1,man,
3,non-restrictive,subject-1,car,
47,non-restrictive,subject-1,gum,
47,non-restrictive,subject-1,stand,
47,non-restrictive,subject-1,violin,
47,non-restrictive,subject-1,bow,
17,non-restrictive,subject-1,dress,0.0
17,non-restrictive,subject-1,lantern,0.0
17,non-restrictive,subject-1,backpack,0.0
17,non-restrictive,subject-1,ribbon,1.0
19,non-restrictive,subject-1,feather,0.0
19,non-restrictive,subject-1,leaf,0.0
19,non-restrictive,subject-1,football,1.0
19,non-restrictive,subject-1,stick,0.0
28,restrictive,subject-1,switch,0.0
28,restrictive,subject-1,frame,0.0
28,restrictive,subject-1,picture,0.0
28,restrictive,subject-1,lamp,1.0
14,restrictive,subject-1,glasses,
14,restrictive,subject-1,cigarettes,
14,restrictive,subject-1,filofax,
14,restrictive,subject-1,briefcase,
25,non-restrictive,subject-1,rabbit,1.0
25,non-restrictive,subject-1,plate,0.0
25,non-restrictive,subject-1,potato,0.0
25,non-restrictive,subject-1,glass,0.0
43,non-restrictive,subject-1,chalk,0.0
43,non-restrictive,subject-1,ruler,0.0
43,non-restrictive,subject-1,shirt,0.0
43,non-restrictive,subject-1,apple,1.0
13,non-restrictive,subject-1,boat,
13,non-restrictive,subject-1,birds,
13,non-restrictive,subject-1,sun,
13,non-restrictive,subject-1,car,
49,non-restrictive,subject-1,balloon,
49,non-restrictive,subject-1,pump,
49,non-restrictive,subject-1,flag,
49,non-restrictive,subject-1,pouch,
50,restrictive,subject-1,scissors,
50,restrictive,subject-1,stamp,
50,restrictive,subject-1,envelope,
50,restrictive,subject-1,rubber band,
11,non-restrictive,subject-1,dog,0.0
11,non-restrictive,subject-1,wastebin,0.0
11,non-restrictive,subject-1,washing machine,0.0
11,non-restrictive,subject-1,mirror,1.0
10,restrictive,subject-1,bag,
10,restrictive,subject-1,book,
10,restrictive,subject-1,door,
10,restrictive,subject-1,cup,
38,restrictive,subject-1,key,
38,restrictive,subject-1,banana,
38,restrictive,subject-1,mitten,
38,restrictive,subject-1,marker,
32,restrictive,subject-1,lemon,0.0
32,restrictive,subject-1,sponge,0.0
32,restrictive,subject-1,seed,1.0
32,restrictive,subject-1,bottle,0.0
29,non-restrictive,subject-1,milk,0.0
29,non-restrictive,subject-1,glove,0.0
29,non-restrictive,subject-1,nut,0.0
29,non-restrictive,subject-1,sock,1.0
34,restrictive,subject-1,gift,1.0
34,restrictive,subject-1,suitcase,0.0
34,restrictive,subject-1,envelope,0.0
34,restrictive,subject-1,box,0.0
26,restrictive,subject-1,rope,0.0
26,restrictive,subject-1,canvas,0.0
26,restrictive,subject-1,keyboard,0.0
26,restrictive,subject-1,peach,1.0
18,restrictive,subject-1,rope,
18,restrictive,subject-1,wood,
18,restrictive,subject-1,bucket,
18,restrictive,subject-1,stone,
15,non-restrictive,subject-1,ball,1.0
15,non-restrictive,subject-1,hen,0.0
15,non-restrictive,subject-1,dog,0.0
15,non-restrictive,subject-1,bird,0.0
36,restrictive,subject-1,brush,
36,restrictive,subject-1,mirror,
36,restrictive,subject-1,pot,
36,restrictive,subject-1,mascara,
45,non-restrictive,subject-1,dough,1.0
45,non-restrictive,subject-1,glass,0.0
45,non-restrictive,subject-1,ladle,0.0
45,non-restrictive,subject-1,hammer,0.0
12,restrictive,subject-1,drum,
12,restrictive,subject-1,duck,
12,restrictive,subject-1,bricks,
12,restrictive,subject-1,bell,
35,non-restrictive,subject-1,notebook,0.0
35,non-restrictive,subject-1,pillow,0.0
35,non-restrictive,subject-1,radio,1.0
35,non-restrictive,subject-1,puzzle,0.0
48,restrictive,subject-1,dustpan,0.0
48,restrictive,subject-1,roller,1.0
48,restrictive,subject-1,footstool,0.0
48,restrictive,subject-1,carpet,0.0
46,restrictive,subject-1,pot,
46,restrictive,subject-1,carrot,
46,restrictive,subject-1,ladle,
46,restrictive,subject-1,peeler,
27,non-restrictive,subject-1,coin,
27,non-restrictive,subject-1,coaster,
27,non-restrictive,subject-1,candle,
27,non-restrictive,subject-1,package,
42,restrictive,subject-1,shell,
42,restrictive,subject-1,orange,
42,restrictive,subject-1,stone,
42,restrictive,subject-1,cone,
1,non-restrictive,subject-1,cake,
1,non-restrictive,subject-1,toy car,
1,non-restrictive,subject-1,toy train,
1,non-restrictive,subject-1,ball,
41,non-restrictive,subject-1,blouse,0.0
41,non-restrictive,subject-1,pin,0.0
41,non-restrictive,subject-1,toothbrush,0.0
41,non-restrictive,subject-1,iron,1.0
7,non-restrictive,subject-1,weighing scales,
7,non-restrictive,subject-1,jug,
7,non-restrictive,subject-1,mushrooms,
7,non-restrictive,subject-1,knife,
16,restrictive,subject-1,wallet,
16,restrictive,subject-1,magnifying glass,
16,restrictive,subject-1,folder,
16,restrictive,subject-1,hat,
40,restrictive,subject-1,shampoo,
40,restrictive,subject-1,mat,
40,restrictive,subject-1,buckle,
40,restrictive,subject-1,shoelace,
22,restrictive,subject-1,cushion,
22,restrictive,subject-1,flower,
22,restrictive,subject-1,magazine,
22,restrictive,subject-1,vase,
39,non-restrictive,subject-1,broom,
39,non-restrictive,subject-1,cloth,
39,non-restrictive,subject-1,apron,
39,non-restrictive,subject-1,mop,
5,non-restrictive,subject-1,ball,1.0
5,non-restrictive,subject-1,paper plane,0.0
5,non-restrictive,subject-1,acorns,0.0
5,non-restrictive,subject-1,shuttle cock,0.0
30,restrictive,subject-1,tissue,0.0
30,restrictive,subject-1,newspaper,1.0
30,restrictive,subject-1,comb,0.0
30,restrictive,subject-1,eraser,0.0
24,restrictive,subject-1,pencil,
24,restrictive,subject-1,needle,
24,restrictive,subject-1,card,
24,restrictive,subject-1,scarf,
20,restrictive,subject-1,spoon,0.0
20,restrictive,subject-1,spatula,0.0
20,restrictive,subject-1,bowl,0.0
20,restrictive,subject-1,bread,1.0
23,non-restrictive,subject-1,poster,
23,non-restrictive,subject-1,towel,
23,non-restrictive,subject-1,coat,
23,non-restrictive,subject-1,hook,
8,restrictive,subject-1,tv monitor,
8,restrictive,subject-1,toy bear,
8,restrictive,subject-1,microscope,
8,restrictive,subject-1,child,
44,restrictive,subject-1,pan,
44,restrictive,subject-1,bolt,
44,restrictive,subject-1,handle,
44,restrictive,subject-1,safe,
9,non-restrictive,subject-1,piano,1.0
9,non-restrictive,subject-1,table,0.0
9,non-restrictive,subject-1,telephone,0.0
9,non-restrictive,subject-1,television,0.0
31,non-restrictive,subject-1,watch,
31,non-restrictive,subject-1,headphones,
31,non-restrictive,subject-1,dice,
31,non-restrictive,subject-1,cap,
37,non-restrictive,subject-1,lego,
37,non-restrictive,subject-1,papers,
37,non-restrictive,subject-1,boxes,
37,non-restrictive,subject-1,clips,
21,non-restrictive,subject-1,kitten,1.0
21,non-restrictive,subject-1,block,0.0
21,non-restrictive,subject-1,crayon,0.0
21,non-restrictive,subject-1,cup,0.0
6,restrictive,subject-1,moon,0.0
6,restrictive,subject-1,mountain,1.0
6,restrictive,subject-1,animal,0.0
6,restrictive,subject-1,cactus,0.0
2,restrictive,subject-1,lipstick,0.5
2,restrictive,subject-1,wine,0.0
2,restrictive,subject-1,cheese,0.0
2,restrictive,subject-1,chair,0.5
33,non-restrictive,subject-1,beer,
33,non-restrictive,subject-1,mug,
33,non-restrictive,subject-1,biscuit,
33,non-restrictive,subject-1,kettle,
4,restrictive,subject-1,plant,0.0
4,restrictive,subject-1,stool,0.0
4,restrictive,subject-1,rocking horse,0.0
4,restrictive,subject-1,baby,1.0
3,non-restrictive,subject-1,houses,
3,non-restrictive,subject-1,dustbin,
3,non-restrictive,subject-1,man,
3,non-restrictive,subject-1,car,
47,non-restrictive,subject-1,gum,
47,non-restrictive,subject-1,stand,
47,non-restrictive,subject-1,violin,
47,non-restrictive,subject-1,bow,
17,non-restrictive,subject-1,dress,0.0
17,non-restrictive,subject-1,lantern,0.0
17,non-restrictive,subject-1,backpack,0.0
17,non-restrictive,subject-1,ribbon,1.0
19,non-restrictive,subject-1,feather,0.0
19,non-restrictive,subject-1,leaf,0.0
19,non-restrictive,subject-1,football,1.0
19,non-restrictive,subject-1,stick,0.0
28,restrictive,subject-1,switch,0.0
28,restrictive,subject-1,frame,0.0
28,restrictive,subject-1,picture,0.0
28,restrictive,subject-1,lamp,1.0
14,restrictive,subject-1,glasses,
14,restrictive,subject-1,cigarettes,
14,restrictive,subject-1,filofax,
14,restrictive,subject-1,briefcase,
25,non-restrictive,subject-1,rabbit,1.0
25,non-restrictive,subject-1,plate,0.0
25,non-restrictive,subject-1,potato,0.0
25,non-restrictive,subject-1,glass,0.0
43,non-restrictive,subject-1,chalk,0.0
43,non-restrictive,subject-1,ruler,0.0
43,non-restrictive,subject-1,shirt,0.0
43,non-restrictive,subject-1,apple,1.0
13,non-restrictive,subject-1,boat,
13,non-restrictive,subject-1,birds,
13,non-restrictive,subject-1,sun,
13,non-restrictive,subject-1,car,
49,non-restrictive,subject-1,balloon,
49,non-restrictive,subject-1,pump,
49,non-restrictive,subject-1,flag,
49,non-restrictive,subject-1,pouch,
50,restrictive,subject-1,scissors,
50,restrictive,subject-1,stamp,
50,restrictive,subject-1,envelope,
50,restrictive,subject-1,rubber band,
11,non-restrictive,subject-1,dog,0.0
11,non-restrictive,subject-1,wastebin,0.0
11,non-restrictive,subject-1,washing machine,0.0
11,non-restrictive,subject-1,mirror,1.0
10,restrictive,subject-1,bag,
10,restrictive,subject-1,book,
10,restrictive,subject-1,door,
10,restrictive,subject-1,cup,
38,restrictive,subject-1,key,
38,restrictive,subject-1,banana,
38,restrictive,subject-1,mitten,
38,restrictive,subject-1,marker,
32,restrictive,subject-1,lemon,0.0
32,restrictive,subject-1,sponge,0.0
32,restrictive,subject-1,seed,1.0
32,restrictive,subject-1,bottle,0.0
29,non-restrictive,subject-1,milk,0.0
29,non-restrictive,subject-1,glove,0.0
29,non-restrictive,subject-1,nut,0.0
29,non-restrictive,subject-1,sock,1.0
34,restrictive,subject-1,gift,1.0
34,restrictive,subject-1,suitcase,0.0
34,restrictive,subject-1,envelope,0.0
34,restrictive,subject-1,box,0.0
26,restrictive,subject-1,rope,0.0
26,restrictive,subject-1,canvas,0.0
26,restrictive,subject-1,keyboard,0.0
26,restrictive,subject-1,peach,1.0
18,restrictive,subject-1,rope,
18,restrictive,subject-1,wood,
18,restrictive,subject-1,bucket,
18,restrictive,subject-1,stone,
15,non-restrictive,subject-1,ball,1.0
15,non-restrictive,subject-1,hen,0.0
15,non-restrictive,subject-1,dog,0.0
15,non-restrictive,subject-1,bird,0.0
36,restrictive,subject-1,brush,
36,restrictive,subject-1,mirror,
36,restrictive,subject-1,pot,
36,restrictive,subject-1,mascara,
45,non-restrictive,subject-1,dough,1.0
45,non-restrictive,subject-1,glass,0.0
45,non-restrictive,subject-1,ladle,0.0
45,non-restrictive,subject-1,hammer,0.0
12,restrictive,subject-1,drum,
12,restrictive,subject-1,duck,
12,restrictive,subject-1,bricks,
12,restrictive,subject-1,bell,
35,non-restrictive,subject-1,notebook,0.0
35,non-restrictive,subject-1,pillow,0.0
35,non-restrictive,subject-1,radio,1.0
35,non-restrictive,subject-1,puzzle,0.0
48,restrictive,subject-1,dustpan,0.0
48,restrictive,subject-1,roller,1.0
48,restrictive,subject-1,footstool,0.0
48,restrictive,subject-1,carpet,0.0
46,restrictive,subject-1,pot,
46,restrictive,subject-1,carrot,
46,restrictive,subject-1,ladle,
46,restrictive,subject-1,peeler,
27,non-restrictive,subject-1,coin,
27,non-restrictive,subject-1,coaster,
27,non-restrictive,subject-1,candle,
27,non-restrictive,subject-1,package,
42,restrictive,subject-1,shell,
42,restrictive,subject-1,orange,
42,restrictive,subject-1,stone,
42,restrictive,subject-1,cone,
1,non-restrictive,subject-1,cake,
1,non-restrictive,subject-1,toy car,
1,non-restrictive,subject-1,toy train,
1,non-restrictive,subject-1,ball,
41,non-restrictive,subject-1,blouse,0.0
41,non-restrictive,subject-1,pin,0.0
41,non-restrictive,subject-1,toothbrush,0.0
41,non-restrictive,subject-1,iron,1.0
38,non-restrictive,subject-10,marker,
38,non-restrictive,subject-10,key,
38,non-restrictive,subject-10,banana,
38,non-restrictive,subject-10,mitten,
46,non-restrictive,subject-10,peeler,0.0
46,non-restrictive,subject-10,pot,0.0
46,non-restrictive,subject-10,carrot,1.0
46,non-restrictive,subject-10,ladle,0.0
48,non-restrictive,subject-10,carpet,
48,non-restrictive,subject-10,dustpan,
48,non-restrictive,subject-10,roller,
48,non-restrictive,subject-10,footstool,
13,restrictive,subject-10,car,
13,restrictive,subject-10,boat,
13,restrictive,subject-10,birds,
13,restrictive,subject-10,sun,
6,non-restrictive,subject-10,cactus,
6,non-restrictive,subject-10,moon,
6,non-restrictive,subject-10,mountain,
6,non-restrictive,subject-10,animal,
40,non-restrictive,subject-10,shoelace,
40,non-restrictive,subject-10,shampoo,
40,non-restrictive,subject-10,mat,
40,non-restrictive,subject-10,buckle,
21,restrictive,subject-10,cup,
21,restrictive,subject-10,kitten,
21,restrictive,subject-10,block,
21,restrictive,subject-10,crayon,
25,restrictive,subject-10,glass,
25,restrictive,subject-10,rabbit,
25,restrictive,subject-10,plate,
25,restrictive,subject-10,potato,
2,non-restrictive,subject-10,chair,
2,non-restrictive,subject-10,lipstick,
2,non-restrictive,subject-10,wine,
2,non-restrictive,subject-10,cheese,
44,non-restrictive,subject-10,safe,
44,non-restrictive,subject-10,pan,
44,non-restrictive,subject-10,bolt,
44,non-restrictive,subject-10,handle,
27,restrictive,subject-10,package,
27,restrictive,subject-10,coin,
27,restrictive,subject-10,coaster,
27,restrictive,subject-10,candle,
9,restrictive,subject-10,television,
9,restrictive,subject-10,piano,
9,restrictive,subject-10,table,
9,restrictive,subject-10,telephone,
33,restrictive,subject-10,kettle,
33,restrictive,subject-10,beer,
33,restrictive,subject-10,mug,
33,restrictive,subject-10,biscuit,
17,restrictive,subject-10,ribbon,
17,restrictive,subject-10,dress,
17,restrictive,subject-10,lantern,
17,restrictive,subject-10,backpack,
49,restrictive,subject-10,pouch,
49,restrictive,subject-10,balloon,
49,restrictive,subject-10,pump,
49,restrictive,subject-10,flag,
10,non-restrictive,subject-10,cup,
10,non-restrictive,subject-10,bag,
10,non-restrictive,subject-10,book,
10,non-restrictive,subject-10,door,
45,restrictive,subject-10,hammer,
45,restrictive,subject-10,dough,
45,restrictive,subject-10,glass,
45,restrictive,subject-10,ladle,
19,restrictive,subject-10,stick,
19,restrictive,subject-10,feather,
19,restrictive,subject-10,leaf,
19,restrictive,subject-10,football,
47,restrictive,subject-10,bow,
47,restrictive,subject-10,gum,
47,restrictive,subject-10,stand,
47,restrictive,subject-10,violin,
23,restrictive,subject-10,hook,
23,restrictive,subject-10,poster,
23,restrictive,subject-10,towel,
23,restrictive,subject-10,coat,
11,restrictive,subject-10,mirror,0.0
11,restrictive,subject-10,dog,0.0
11,restrictive,subject-10,wastebin,0.0
11,restrictive,subject-10,washing machine,1.0
50,non-restrictive,subject-10,rubber band,
50,non-restrictive,subject-10,scissors,
50,non-restrictive,subject-10,stamp,
50,non-restrictive,subject-10,envelope,
41,restrictive,subject-10,iron,
41,restrictive,subject-10,blouse,
41,restrictive,subject-10,pin,
41,restrictive,subject-10,toothbrush,
32,non-restrictive,subject-10,bottle,
32,non-restrictive,subject-10,lemon,
32,non-restrictive,subject-10,sponge,
32,non-restrictive,subject-10,seed,
24,non-restrictive,subject-10,scarf,
24,non-restrictive,subject-10,pencil,
24,non-restrictive,subject-10,needle,
24,non-restrictive,subject-10,card,
42,non-restrictive,subject-10,cone,
42,non-restrictive,subject-10,shell,
42,non-restrictive,subject-10,orange,
42,non-restrictive,subject-10,stone,
37,restrictive,subject-10,clips,
37,restrictive,subject-10,lego,
37,restrictive,subject-10,papers,
37,restrictive,subject-10,boxes,
28,non-restrictive,subject-10,lamp,
28,non-restrictive,subject-10,switch,
28,non-restrictive,subject-10,frame,
28,non-restrictive,subject-10,picture,
7,restrictive,subject-10,knife,
7,restrictive,subject-10,weighing scales,
7,restrictive,subject-10,jug,
7,restrictive,subject-10,mushrooms,
5,restrictive,subject-10,shuttle cock,
5,restrictive,subject-10,ball,
5,restrictive,subject-10,paper plane,
5,restrictive,subject-10,acorns,
20,non-restrictive,subject-10,bread,
20,non-restrictive,subject-10,spoon,
20,non-restrictive,subject-10,spatula,
20,non-restrictive,subject-10,bowl,
1,restrictive,subject-10,ball,
1,restrictive,subject-10,cake,
1,restrictive,subject-10,toy car,
1,restrictive,subject-10,toy train,
39,restrictive,subject-10,mop,
39,restrictive,subject-10,broom,
39,restrictive,subject-10,cloth,
39,restrictive,subject-10,apron,
15,restrictive,subject-10,bird,
15,restrictive,subject-10,ball,
15,restrictive,subject-10,hen,
15,restrictive,subject-10,dog,
30,non-restrictive,subject-10,eraser,
30,non-restrictive,subject-10,tissue,
30,non-restrictive,subject-10,newspaper,
30,non-restrictive,subject-10,comb,
43,restrictive,subject-10,apple,
43,restrictive,subject-10,chalk,
43,restrictive,subject-10,ruler,
43,restrictive,subject-10,shirt,
29,restrictive,subject-10,sock,
29,restrictive,subject-10,milk,
29,restrictive,subject-10,glove,
29,restrictive,subject-10,nut,
4,non-restrictive,subject-10,baby,
4,non-restrictive,subject-10,plant,
4,non-restrictive,subject-10,stool,
4,non-restrictive,subject-10,rocking horse,
26,non-restrictive,subject-10,peach,
26,non-restrictive,subject-10,rope,
26,non-restrictive,subject-10,canvas,
26,non-restrictive,subject-10,keyboard,
18,non-restrictive,subject-10,stone,
18,non-restrictive,subject-10,rope,
18,non-restrictive,subject-10,wood,
18,non-restrictive,subject-10,bucket,
14,non-restrictive,subject-10,briefcase,
14,non-restrictive,subject-10,glasses,
14,non-restrictive,subject-10,cigarettes,
14,non-restrictive,subject-10,filofax,
8,non-restrictive,subject-10,child,
8,non-restrictive,subject-10,tv monitor,
8,non-restrictive,subject-10,toy bear,
8,non-restrictive,subject-10,microscope,
34,non-restrictive,subject-10,box,
34,non-restrictive,subject-10,gift,
34,non-restrictive,subject-10,suitcase,
34,non-restrictive,subject-10,envelope,
22,non-restrictive,subject-10,vase,
22,non-restrictive,subject-10,cushion,
22,non-restrictive,subject-10,flower,
22,non-restrictive,subject-10,magazine,
16,non-restrictive,subject-10,hat,
16,non-restrictive,subject-10,wallet,
16,non-restrictive,subject-10,magnifying glass,
16,non-restrictive,subject-10,folder,
12,non-restrictive,subject-10,bell,
12,non-restrictive,subject-10,drum,
12,non-restrictive,subject-10,duck,
12,non-restrictive,subject-10,bricks,
3,restrictive,subject-10,car,
3,restrictive,subject-10,houses,
3,restrictive,subject-10,dustbin,
3,restrictive,subject-10,man,
31,restrictive,subject-10,cap,
31,restrictive,subject-10,watch,
31,restrictive,subject-10,headphones,
31,restrictive,subject-10,dice,
36,non-restrictive,subject-10,mascara,
36,non-restrictive,subject-10,brush,
36,non-restrictive,subject-10,mirror,
36,non-restrictive,subject-10,pot,
11,non-restrictive,subject-11,mirror,0.0
11,non-restrictive,subject-11,dog,0.0
11,non-restrictive,subject-11,wastebin,0.5
11,non-restrictive,subject-11,washing machine,0.5
33,non-restrictive,subject-11,kettle,0.5
33,non-restrictive,subject-11,beer,0.5
33,non-restrictive,subject-11,mug,0.0
33,non-restrictive,subject-11,biscuit,0.0
15,non-restrictive,subject-11,bird,
15,non-restrictive,subject-11,ball,
15,non-restrictive,subject-11,hen,
15,non-restrictive,subject-11,dog,
44,restrictive,subject-11,safe,0.0
44,restrictive,subject-11,pan,0.0
44,restrictive,subject-11,bolt,1.0
44,restrictive,subject-11,handle,0.0
20,restrictive,subject-11,bread,
20,restrictive,subject-11,spoon,
20,restrictive,subject-11,spatula,
20,restrictive,subject-11,bowl,
31,non-restrictive,subject-11,cap,
31,non-restrictive,subject-11,watch,
31,non-restrictive,subject-11,headphones,
31,non-restrictive,subject-11,dice,
2,restrictive,subject-11,chair,
2,restrictive,subject-11,lipstick,
2,restrictive,subject-11,wine,
2,restrictive,subject-11,cheese,
23,non-restrictive,subject-11,hook,
23,non-restrictive,subject-11,poster,
23,non-restrictive,subject-11,towel,
23,non-restrictive,subject-11,coat,
6,restrictive,subject-11,cactus,
6,restrictive,subject-11,moon,
6,restrictive,subject-11,mountain,
6,restrictive,subject-11,animal,
30,restrictive,subject-11,eraser,1.0
30,restrictive,subject-11,tissue,0.0
30,restrictive,subject-11,newspaper,0.0
30,restrictive,subject-11,comb,0.0
38,restrictive,subject-11,marker,
38,restrictive,subject-11,key,
38,restrictive,subject-11,banana,
38,restrictive,subject-11,mitten,
24,restrictive,subject-11,scarf,
24,restrictive,subject-11,pencil,
24,restrictive,subject-11,needle,
24,restrictive,subject-11,card,
42,restrictive,subject-11,cone,
42,restrictive,subject-11,shell,
42,restrictive,subject-11,orange,
42,restrictive,subject-11,stone,
3,non-restrictive,subject-11,car,
3,non-restrictive,subject-11,houses,
3,non-restrictive,subject-11,dustbin,
3,non-restrictive,subject-11,man,
41,non-restrictive,subject-11,iron,
41,non-restrictive,subject-11,blouse,
41,non-restrictive,subject-11,pin,
41,non-restrictive,subject-11,toothbrush,
17,non-restrictive,subject-11,ribbon,0.0
17,non-restrictive,subject-11,dress,0.0
17,non-restrictive,subject-11,lantern,1.0
17,non-restrictive,subject-11,backpack,0.0
10,restrictive,subject-11,cup,0.0
10,restrictive,subject-11,bag,0.5
10,restrictive,subject-11,book,0.5
10,restrictive,subject-11,door,0.0
4,restrictive,subject-11,baby,
4,restrictive,subject-11,plant,
4,restrictive,subject-11,stool,
4,restrictive,subject-11,rocking horse,
7,non-restrictive,subject-11,knife,
7,non-restrictive,subject-11,weighing scales,
7,non-restrictive,subject-11,jug,
7,non-restrictive,subject-11,mushrooms,
22,restrictive,subject-11,vase,
22,restrictive,subject-11,cushion,
22,restrictive,subject-11,flower,
22,restrictive,subject-11,magazine,
28,restrictive,subject-11,lamp,0.0
28,restrictive,subject-11,switch,1.0
28,restrictive,subject-11,frame,0.0
28,restrictive,subject-11,picture,0.0
27,non-restrictive,subject-11,package,
27,non-restrictive,subject-11,coin,
27,non-restrictive,subject-11,coaster,
27,non-restrictive,subject-11,candle,
45,non-restrictive,subject-11,hammer,
45,non-restrictive,subject-11,dough,
45,non-restrictive,subject-11,glass,
45,non-restrictive,subject-11,ladle,
25,non-restrictive,subject-11,glass,0.0
25,non-restrictive,subject-11,rabbit,0.0
25,non-restrictive,subject-11,plate,0.0
25,non-restrictive,subject-11,potato,1.0
21,non-restrictive,subject-11,cup,
21,non-restrictive,subject-11,kitten,
21,non-restrictive,subject-11,block,
21,non-restrictive,subject-11,crayon,
18,restrictive,subject-11,stone,
18,restrictive,subject-11,rope,
18,restrictive,subject-11,wood,
18,restrictive,subject-11,bucket,
9,non-restrictive,subject-11,television,0.0
9,non-restrictive,subject-11,piano,1.0
9,non-restrictive,subject-11,table,0.0
9,non-restrictive,subject-11,telephone,0.0
43,non-restrictive,subject-11,apple,
43,non-restrictive,subject-11,chalk,
43,non-restrictive,subject-11,ruler,
43,non-restrictive,subject-11,shirt,
19,non-restrictive,subject-11,stick,
19,non-restrictive,subject-11,feather,
19,non-restrictive,subject-11,leaf,
19,non-restrictive,subject-11,football,
5,non-restrictive,subject-11,shuttle cock,
5,non-restrictive,subject-11,ball,
5,non-restrictive,subject-11,paper plane,
5,non-restrictive,subject-11,acorns,
8,restrictive,subject-11,child,
8,restrictive,subject-11,tv monitor,
8,restrictive,subject-11,toy bear,
8,restrictive,subject-11,microscope,
47,non-restrictive,subject-11,bow,
47,non-restrictive,subject-11,gum,
47,non-restrictive,subject-11,stand,
47,non-restrictive,subject-11,violin,
49,non-restrictive,subject-11,pouch,
49,non-restrictive,subject-11,balloon,
49,non-restrictive,subject-11,pump,
49,non-restrictive,subject-11,flag,
37,non-restrictive,subject-11,clips,
37,non-restrictive,subject-11,lego,
37,non-restrictive,subject-11,papers,
37,non-restrictive,subject-11,boxes,
32,restrictive,subject-11,bottle,
32,restrictive,subject-11,lemon,
32,restrictive,subject-11,sponge,
32,restrictive,subject-11,seed,
16,restrictive,subject-11,hat,
16,restrictive,subject-11,wallet,
16,restrictive,subject-11,magnifying glass,
16,restrictive,subject-11,folder,
1,non-restrictive,subject-11,ball,
1,non-restrictive,subject-11,cake,
1,non-restrictive,subject-11,toy car,
1,non-restrictive,subject-11,toy train,
12,restrictive,subject-11,bell,
12,restrictive,subject-11,drum,
12,restrictive,subject-11,duck,
12,restrictive,subject-11,bricks,
36,restrictive,subject-11,mascara,
36,restrictive,subject-11,brush,
36,restrictive,subject-11,mirror,
36,restrictive,subject-11,pot,
34,restrictive,subject-11,box,
34,restrictive,subject-11,gift,
34,restrictive,subject-11,suitcase,
34,restrictive,subject-11,envelope,
40,restrictive,subject-11,shoelace,
40,restrictive,subject-11,shampoo,
40,restrictive,subject-11,mat,
40,restrictive,subject-11,buckle,
39,non-restrictive,subject-11,mop,
39,non-restrictive,subject-11,broom,
39,non-restrictive,subject-11,cloth,
39,non-restrictive,subject-11,apron,
35,non-restrictive,subject-11,puzzle,0.0
35,non-restrictive,subject-11,notebook,0.0
35,non-restrictive,subject-11,pillow,0.0
35,non-restrictive,subject-11,radio,1.0
13,non-restrictive,subject-11,car,
13,non-restrictive,subject-11,boat,
13,non-restrictive,subject-11,birds,
13,non-restrictive,subject-11,sun,
46,restrictive,subject-11,peeler,
46,restrictive,subject-11,pot,
46,restrictive,subject-11,carrot,
46,restrictive,subject-11,ladle,
50,restrictive,subject-11,rubber band,
50,restrictive,subject-11,scissors,
50,restrictive,subject-11,stamp,
50,restrictive,subject-11,envelope,
26,restrictive,subject-11,peach,
26,restrictive,subject-11,rope,
26,restrictive,subject-11,canvas,
26,restrictive,subject-11,keyboard,
48,restrictive,subject-11,carpet,
48,restrictive,subject-11,dustpan,
48,restrictive,subject-11,roller,
48,restrictive,subject-11,footstool,
14,restrictive,subject-11,briefcase,
14,restrictive,subject-11,glasses,
14,restrictive,subject-11,cigarettes,
14,restrictive,subject-11,filofax,
29,non-restrictive,subject-11,sock,
29,non-restrictive,subject-11,milk,
29,non-restrictive,subject-11,glove,
29,non-restrictive,subject-11,nut,
4,non-restrictive,subject-12,rocking horse,
4,non-restrictive,subject-12,baby,
4,non-restrictive,subject-12,plant,
4,non-restrictive,subject-12,stool,
32,non-restrictive,subject-12,seed,
32,non-restrictive,subject-12,bottle,
32,non-restrictive,subject-12,lemon,
32,non-restrictive,subject-12,sponge,
23,restrictive,subject-12,coat,
23,restrictive,subject-12,hook,
23,restrictive,subject-12,poster,
23,restrictive,subject-12,towel,
24,non-restrictive,subject-12,card,
24,non-restrictive,subject-12,scarf,
24,non-restrictive,subject-12,pencil,
24,non-restrictive,subject-12,needle,
28,non-restrictive,subject-12,picture,
28,non-restrictive,subject-12,lamp,
28,non-restrictive,subject-12,switch,
28,non-restrictive,subject-12,frame,
29,restrictive,subject-12,nut,
29,restrictive,subject-12,sock,
29,restrictive,subject-12,milk,
29,restrictive,subject-12,glove,
47,restrictive,subject-12,violin,
47,restrictive,subject-12,bow,
47,restrictive,subject-12,gum,
47,restrictive,subject-12,stand,
8,non-restrictive,subject-12,microscope,
8,non-restrictive,subject-12,child,
8,non-restrictive,subject-12,tv monitor,
8,non-restrictive,subject-12,toy bear,
45,restrictive,subject-12,ladle,
45,restrictive,subject-12,hammer,
45,restrictive,subject-12,dough,
45,restrictive,subject-12,glass,
19,restrictive,subject-12,football,
19,restrictive,subject-12,stick,
19,restrictive,subject-12,feather,
19,restrictive,subject-12,leaf,
25,restrictive,subject-12,potato,
25,restrictive,subject-12,glass,
25,restrictive,subject-12,rabbit,
25,restrictive,subject-12,plate,
37,restrictive,subject-12,boxes,
37,restrictive,subject-12,clips,
37,restrictive,subject-12,lego,
37,restrictive,subject-12,papers,
41,restrictive,subject-12,toothbrush,
41,restrictive,subject-12,iron,
41,restrictive,subject-12,blouse,
41,restrictive,subject-12,pin,
22,non-restrictive,subject-12,magazine,
22,non-restrictive,subject-12,vase,
22,non-restrictive,subject-12,cushion,
22,non-restrictive,subject-12,flower,
38,non-restrictive,subject-12,mitten,
38,non-restrictive,subject-12,marker,
38,non-restrictive,subject-12,key,
38,non-restrictive,subject-12,banana,
26,non-restrictive,subject-12,keyboard,
26,non-restrictive,subject-12,peach,
26,non-restrictive,subject-12,rope,
26,non-restrictive,subject-12,canvas,
48,non-restrictive,subject-12,footstool,
48,non-restrictive,subject-12,carpet,
48,non-restrictive,subject-12,dustpan,
48,non-restrictive,subject-12,roller,
40,non-restrictive,subject-12,buckle,
40,non-restrictive,subject-12,shoelace,
40,non-restrictive,subject-12,shampoo,
40,non-restrictive,subject-12,mat,
13,restrictive,subject-12,sun,
13,restrictive,subject-12,car,
13,restrictive,subject-12,boat,
13,restrictive,subject-12,birds,
5,restrictive,subject-12,acorns,
5,restrictive,subject-12,shuttle cock,
5,restrictive,subject-12,ball,
5,restrictive,subject-12,paper plane,
31,restrictive,subject-12,dice,
31,restrictive,subject-12,cap,
31,restrictive,subject-12,watch,
31,restrictive,subject-12,headphones,
20,non-restrictive,subject-12,bowl,
20,non-restrictive,subject-12,bread,
20,non-restrictive,subject-12,spoon,
20,non-restrictive,subject-12,spatula,
33,restrictive,subject-12,biscuit,
33,restrictive,subject-12,kettle,
33,restrictive,subject-12,beer,
33,restrictive,subject-12,mug,
7,restrictive,subject-12,mushrooms,
7,restrictive,subject-12,knife,
7,restrictive,subject-12,weighing scales,
7,restrictive,subject-12,jug,
36,non-restrictive,subject-12,pot,
36,non-restrictive,subject-12,mascara,
36,non-restrictive,subject-12,brush,
36,non-restrictive,subject-12,mirror,
16,non-restrictive,subject-12,folder,
16,non-restrictive,subject-12,hat,
16,non-restrictive,subject-12,wallet,
16,non-restrictive,subject-12,magnifying glass,
34,non-restrictive,subject-12,envelope,
34,non-restrictive,subject-12,box,
34,non-restrictive,subject-12,gift,
34,non-restrictive,subject-12,suitcase,
50,non-restrictive,subject-12,envelope,
50,non-restrictive,subject-12,rubber band,
50,non-restrictive,subject-12,scissors,
50,non-restrictive,subject-12,stamp,
12,non-restrictive,subject-12,bricks,
12,non-restrictive,subject-12,bell,
12,non-restrictive,subject-12,drum,
12,non-restrictive,subject-12,duck,
3,restrictive,subject-12,man,0.0
3,restrictive,subject-12,car,1.0
3,restrictive,subject-12,houses,0.0
3,restrictive,subject-12,dustbin,0.0
11,restrictive,subject-12,washing machine,1.0
11,restrictive,subject-12,mirror,0.0
11,restrictive,subject-12,dog,0.0
11,restrictive,subject-12,wastebin,0.0
1,restrictive,subject-12,toy train,
1,restrictive,subject-12,ball,
1,restrictive,subject-12,cake,
1,restrictive,subject-12,toy car,
14,non-restrictive,subject-12,filofax,
14,non-restrictive,subject-12,briefcase,
14,non-restrictive,subject-12,glasses,
14,non-restrictive,subject-12,cigarettes,
43,restrictive,subject-12,shirt,
43,restrictive,subject-12,apple,
43,restrictive,subject-12,chalk,
43,restrictive,subject-12,ruler,
27,restrictive,subject-12,candle,
27,restrictive,subject-12,package,
27,restrictive,subject-12,coin,
27,restrictive,subject-12,coaster,
15,restrictive,subject-12,dog,0.0
15,restrictive,subject-12,bird,0.0
15,restrictive,subject-12,ball,1.0
15,restrictive,subject-12,hen,0.0
2,non-restrictive,subject-12,cheese,
2,non-restrictive,subject-12,chair,
2,non-restrictive,subject-12,lipstick,
2,non-restrictive,subject-12,wine,
49,restrictive,subject-12,flag,
49,restrictive,subject-12,pouch,
49,restrictive,subject-12,balloon,
49,restrictive,subject-12,pump,
30,non-restrictive,subject-12,comb,
30,non-restrictive,subject-12,eraser,
30,non-restrictive,subject-12,tissue,
30,non-restrictive,subject-12,newspaper,
10,non-restrictive,subject-12,door,0.0
10,non-restrictive,subject-12,cup,0.0
10,non-restrictive,subject-12,bag,1.0
10,non-restrictive,subject-12,book,0.0
46,non-restrictive,subject-12,ladle,
46,non-restrictive,subject-12,peeler,
46,non-restrictive,subject-12,pot,
46,non-restrictive,subject-12,carrot,
18,non-restrictive,subject-12,bucket,
18,non-restrictive,subject-12,stone,
18,non-restrictive,subject-12,rope,
18,non-restrictive,subject-12,wood,
39,restrictive,subject-12,apron,
39,restrictive,subject-12,mop,
39,restrictive,subject-12,broom,
39,restrictive,subject-12,cloth,
17,restrictive,subject-12,backpack,
17,restrictive,subject-12,ribbon,
17,restrictive,subject-12,dress,
17,restrictive,subject-12,lantern,
21,restrictive,subject-12,crayon,
21,restrictive,subject-12,cup,
21,restrictive,subject-12,kitten,
21,restrictive,subject-12,block,
44,non-restrictive,subject-12,handle,
44,non-restrictive,subject-12,safe,
44,non-restrictive,subject-12,pan,
44,non-restrictive,subject-12,bolt,
6,non-restrictive,subject-12,animal,
6,non-restrictive,subject-12,cactus,
6,non-restrictive,subject-12,moon,
6,non-restrictive,subject-12,mountain,
42,non-restrictive,subject-12,stone,
42,non-restrictive,subject-12,cone,
42,non-restrictive,subject-12,shell,
42,non-restrictive,subject-12,orange,
9,restrictive,subject-12,telephone,
9,restrictive,subject-12,television,
9,restrictive,subject-12,piano,
9,restrictive,subject-12,table,
12,restrictive,subject-13,bricks,
12,restrictive,subject-13,bell,
12,restrictive,subject-13,drum,
12,restrictive,subject-13,duck,
3,non-restrictive,subject-13,man,
3,non-restrictive,subject-13,car,
3,non-restrictive,subject-13,houses,
3,non-restrictive,subject-13,dustbin,
34,restrictive,subject-13,envelope,
34,restrictive,subject-13,box,
34,restrictive,subject-13,gift,
34,restrictive,subject-13,suitcase,
31,non-restrictive,subject-13,dice,
31,non-restrictive,subject-13,cap,
31,non-restrictive,subject-13,watch,
31,non-restrictive,subject-13,headphones,
16,restrictive,subject-13,folder,
16,restrictive,subject-13,hat,
16,restrictive,subject-13,wallet,
16,restrictive,subject-13,magnifying glass,
39,non-restrictive,subject-13,apron,1.0
39,non-restrictive,subject-13,mop,0.0
39,non-restrictive,subject-13,broom,0.0
39,non-restrictive,subject-13,cloth,0.0
40,restrictive,subject-13,buckle,
40,restrictive,subject-13,shoelace,
40,restrictive,subject-13,shampoo,
40,restrictive,subject-13,mat,
24,restrictive,subject-13,card,
24,restrictive,subject-13,scarf,
24,restrictive,subject-13,pencil,
24,restrictive,subject-13,needle,
42,restrictive,subject-13,stone,0.0
42,restrictive,subject-13,cone,0.0
42,restrictive,subject-13,shell,1.0
42,restrictive,subject-13,orange,0.0
9,non-restrictive,subject-13,telephone,
9,non-restrictive,subject-13,television,
9,non-restrictive,subject-13,piano,
9,non-restrictive,subject-13,table,
14,restrictive,subject-13,filofax,0.0
14,restrictive,subject-13,briefcase,0.0
14,restrictive,subject-13,glasses,0.0
14,restrictive,subject-13,cigarettes,1.0
36,restrictive,subject-13,pot,
36,restrictive,subject-13,mascara,
36,restrictive,subject-13,brush,
36,restrictive,subject-13,mirror,
43,non-restrictive,subject-13,shirt,0.3333
43,non-restrictive,subject-13,apple,0.3333
43,non-restrictive,subject-13,chalk,0.3333
43,non-restrictive,subject-13,ruler,0.0
25,non-restrictive,subject-13,potato,
25,non-restrictive,subject-13,glass,
25,non-restrictive,subject-13,rabbit,
25,non-restrictive,subject-13,plate,
10,restrictive,subject-13,door,0.0
10,restrictive,subject-13,cup,0.0
10,restrictive,subject-13,bag,1.0
10,restrictive,subject-13,book,0.0
1,non-restrictive,subject-13,toy train,
1,non-restrictive,subject-13,ball,
1,non-restrictive,subject-13,cake,
1,non-restrictive,subject-13,toy car,
44,restrictive,subject-13,handle,0.0
44,restrictive,subject-13,safe,0.0
44,restrictive,subject-13,pan,0.5
44,restrictive,subject-13,bolt,0.5
7,non-restrictive,subject-13,mushrooms,
7,non-restrictive,subject-13,knife,
7,non-restrictive,subject-13,weighing scales,
7,non-restrictive,subject-13,jug,
38,restrictive,subject-13,mitten,
38,restrictive,subject-13,marker,
38,restrictive,subject-13,key,
38,restrictive,subject-13,banana,
18,restrictive,subject-13,bucket,
18,restrictive,subject-13,stone,
18,restrictive,subject-13,rope,
18,restrictive,subject-13,wood,
32,restrictive,subject-13,seed,0.0
32,restrictive,subject-13,bottle,0.0
32,restrictive,subject-13,lemon,1.0
32,restrictive,subject-13,sponge,0.0
47,non-restrictive,subject-13,violin,1.0
47,non-restrictive,subject-13,bow,0.0
47,non-restrictive,subject-13,gum,0.0
47,non-restrictive,subject-13,stand,0.0
17,non-restrictive,subject-13,backpack,
17,non-restrictive,subject-13,ribbon,
17,non-restrictive,subject-13,dress,
17,non-restrictive,subject-13,lantern,
13,non-restrictive,subject-13,sun,0.0
13,non-restrictive,subject-13,car,0.0
13,non-restrictive,subject-13,boat,1.0
13,non-restrictive,subject-13,birds,0.0
8,restrictive,subject-13,microscope,0.0
8,restrictive,subject-13,child,0.5
8,restrictive,subject-13,tv monitor,0.0
8,restrictive,subject-13,toy bear,0.5
48,restrictive,subject-13,footstool,0.0
48,restrictive,subject-13,carpet,0.0
48,restrictive,subject-13,dustpan,0.0
48,restrictive,subject-13,roller,1.0
45,non-restrictive,subject-13,ladle,
45,non-restrictive,subject-13,hammer,
45,non-restrictive,subject-13,dough,
45,non-restrictive,subject-13,glass,
29,non-restrictive,subject-13,nut,
29,non-restrictive,subject-13,sock,
29,non-restrictive,subject-13,milk,
29,non-restrictive,subject-13,glove,
15,non-restrictive,subject-13,dog,
15,non-restrictive,subject-13,bird,
15,non-restrictive,subject-13,ball,
15,non-restrictive,subject-13,hen,
23,non-restrictive,subject-13,coat,0.0
23,non-restrictive,subject-13,hook,1.0
23,non-restrictive,subject-13,poster,0.0
23,non-restrictive,subject-13,towel,0.0
19,non-restrictive,subject-13,football,0.5
19,non-restrictive,subject-13,stick,0.5
19,non-restrictive,subject-13,feather,0.0
19,non-restrictive,subject-13,leaf,0.0
11,non-restrictive,subject-13,washing machine,0.0
11,non-restrictive,subject-13,mirror,0.0
11,non-restrictive,subject-13,dog,0.5
11,non-restrictive,subject-13,wastebin,0.5
20,restrictive,subject-13,bowl,
20,restrictive,subject-13,bread,
20,restrictive,subject-13,spoon,
20,restrictive,subject-13,spatula,
26,restrictive,subject-13,keyboard,
26,restrictive,subject-13,peach,
26,restrictive,subject-13,rope,
26,restrictive,subject-13,canvas,
2,restrictive,subject-13,cheese,0.0
2,restrictive,subject-13,chair,0.0
2,restrictive,subject-13,lipstick,1.0
2,restrictive,subject-13,wine,0.0
46,restrictive,subject-13,ladle,0.0
46,restrictive,subject-13,peeler,0.0
46,restrictive,subject-13,pot,1.0
46,restrictive,subject-13,carrot,0.0
27,non-restrictive,subject-13,candle,
27,non-restrictive,subject-13,package,
27,non-restrictive,subject-13,coin,
27,non-restrictive,subject-13,coaster,
30,restrictive,subject-13,comb,
30,restrictive,subject-13,eraser,
30,restrictive,subject-13,tissue,
30,restrictive,subject-13,newspaper,
5,non-restrictive,subject-13,acorns,0.0
5,non-restrictive,subject-13,shuttle cock,1.0
5,non-restrictive,subject-13,ball,0.0
5,non-restrictive,subject-13,paper plane,0.0
33,non-restrictive,subject-13,biscuit,0.0
33,non-restrictive,subject-13,kettle,0.5
33,non-restrictive,subject-13,beer,0.0
33,non-restrictive,subject-13,mug,0.5
41,non-restrictive,subject-13,toothbrush,0.0
41,non-restrictive,subject-13,iron,0.0
41,non-restrictive,subject-13,blouse,1.0
41,non-restrictive,subject-13,pin,0.0
49,non-restrictive,subject-13,flag,
49,non-restrictive,subject-13,pouch,
49,non-restrictive,subject-13,balloon,
49,non-restrictive,subject-13,pump,
4,restrictive,subject-13,rocking horse,0.0
4,restrictive,subject-13,baby,1.0
4,restrictive,subject-13,plant,0.0
4,restrictive,subject-13,stool,0.0
37,non-restrictive,subject-13,boxes,
37,non-restrictive,subject-13,clips,
37,non-restrictive,subject-13,lego,
37,non-restrictive,subject-13,papers,
35,non-restrictive,subject-13,radio,0.0
35,non-restrictive,subject-13,puzzle,1.0
35,non-restrictive,subject-13,notebook,0.0
35,non-restrictive,subject-13,pillow,0.0
50,restrictive,subject-13,envelope,0.0
50,restrictive,subject-13,rubber band,0.0
50,restrictive,subject-13,scissors,0.0
50,restrictive,subject-13,stamp,1.0
6,restrictive,subject-13,animal,
6,restrictive,subject-13,cactus,
6,restrictive,subject-13,moon,
6,restrictive,subject-13,mountain,
28,restrictive,subject-13,picture,
28,restrictive,subject-13,lamp,
28,restrictive,subject-13,switch,
28,restrictive,subject-13,frame,
21,non-restrictive,subject-13,crayon,
21,non-restrictive,subject-13,cup,
21,non-restrictive,subject-13,kitten,
21,non-restrictive,subject-13,block,
22,restrictive,subject-13,magazine,0.0
22,restrictive,subject-13,vase,1.0
22,restrictive,subject-13,cushion,0.0
22,restrictive,subject-13,flower,0.0
34,non-restrictive,subject-14,suitcase,
34,non-restrictive,subject-14,envelope,
34,non-restrictive,subject-14,box,
34,non-restrictive,subject-14,gift,
46,non-restrictive,subject-14,carrot,0.0
46,non-restrictive,subject-14,ladle,0.0
46,non-restrictive,subject-14,peeler,0.0
46,non-restrictive,subject-14,pot,1.0
3,restrictive,subject-14,dustbin,
3,restrictive,subject-14,man,
3,restrictive,subject-14,car,
3,restrictive,subject-14,houses,
37,restrictive,subject-14,papers,
37,restrictive,subject-14,boxes,
37,restrictive,subject-14,clips,
37,restrictive,subject-14,lego,
14,non-restrictive,subject-14,cigarettes,
14,non-restrictive,subject-14,filofax,
14,non-restrictive,subject-14,briefcase,
14,non-restrictive,subject-14,glasses,
47,restrictive,subject-14,stand,0.0
47,restrictive,subject-14,violin,0.0
47,restrictive,subject-14,bow,1.0
47,restrictive,subject-14,gum,0.0
29,restrictive,subject-14,glove,
29,restrictive,subject-14,nut,
29,restrictive,subject-14,sock,
29,restrictive,subject-14,milk,
11,restrictive,subject-14,wastebin,0.3333
11,restrictive,subject-14,washing machine,0.3333
11,restrictive,subject-14,mirror,0.0
11,restrictive,subject-14,dog,0.3333
33,restrictive,subject-14,mug,
33,restrictive,subject-14,biscuit,
33,restrictive,subject-14,kettle,
33,restrictive,subject-14,beer,
32,non-restrictive,subject-14,sponge,
32,non-restrictive,subject-14,seed,
32,non-restrictive,subject-14,bottle,
32,non-restrictive,subject-14,lemon,
26,non-restrictive,subject-14,canvas,
26,non-restrictive,subject-14,keyboard,
26,non-restrictive,subject-14,peach,
26,non-restrictive,subject-14,rope,
48,non-restrictive,subject-14,roller,0.0
48,non-restrictive,subject-14,footstool,0.5
48,non-restrictive,subject-14,carpet,0.5
48,non-restrictive,subject-14,dustpan,0.0
4,non-restrictive,subject-14,stool,
4,non-restrictive,subject-14,rocking horse,
4,non-restrictive,subject-14,baby,
4,non-restrictive,subject-14,plant,
49,restrictive,subject-14,pump,1.0
49,restrictive,subject-14,flag,0.0
49,restrictive,subject-14,pouch,0.0
49,restrictive,subject-14,balloon,0.0
7,restrictive,subject-14,jug,1.0
7,restrictive,subject-14,mushrooms,0.0
7,restrictive,subject-14,knife,0.0
7,restrictive,subject-14,weighing scales,0.0
5,restrictive,subject-14,paper plane,
5,restrictive,subject-14,acorns,
5,restrictive,subject-14,shuttle cock,
5,restrictive,subject-14,ball,
22,non-restrictive,subject-14,flower,
22,non-restrictive,subject-14,magazine,
22,non-restrictive,subject-14,vase,
22,non-restrictive,subject-14,cushion,
1,restrictive,subject-14,toy car,
1,restrictive,subject-14,toy train,
1,restrictive,subject-14,ball,
1,restrictive,subject-14,cake,
40,non-restrictive,subject-14,mat,
40,non-restrictive,subject-14,buckle,
40,non-restrictive,subject-14,shoelace,
40,non-restrictive,subject-14,shampoo,
38,non-restrictive,subject-14,banana,
38,non-restrictive,subject-14,mitten,
38,non-restrictive,subject-14,marker,
38,non-restrictive,subject-14,key,
17,restrictive,subject-14,lantern,
17,restrictive,subject-14,backpack,
17,restrictive,subject-14,ribbon,
17,restrictive,subject-14,dress,
9,restrictive,subject-14,table,
9,restrictive,subject-14,telephone,
9,restrictive,subject-14,television,
9,restrictive,subject-14,piano,
19,restrictive,subject-14,leaf,
19,restrictive,subject-14,football,
19,restrictive,subject-14,stick,
19,restrictive,subject-14,feather,
8,non-restrictive,subject-14,toy bear,
8,non-restrictive,subject-14,microscope,
8,non-restrictive,subject-14,child,
8,non-restrictive,subject-14,tv monitor,
25,restrictive,subject-14,plate,0.0
25,restrictive,subject-14,potato,0.0
25,restrictive,subject-14,glass,0.0
25,restrictive,subject-14,rabbit,1.0
13,restrictive,subject-14,birds,
13,restrictive,subject-14,sun,
13,restrictive,subject-14,car,
13,restrictive,subject-14,boat,
20,non-restrictive,subject-14,spatula,
20,non-restrictive,subject-14,bowl,
20,non-restrictive,subject-14,bread,
20,non-restrictive,subject-14,spoon,
12,non-restrictive,subject-14,duck,
12,non-restrictive,subject-14,bricks,
12,non-restrictive,subject-14,bell,
12,non-restrictive,subject-14,drum,
21,restrictive,subject-14,block,0.0
21,restrictive,subject-14,crayon,0.0
21,restrictive,subject-14,cup,1.0
21,restrictive,subject-14,kitten,0.0
31,restrictive,subject-14,headphones,
31,restrictive,subject-14,dice,
31,restrictive,subject-14,cap,
31,restrictive,subject-14,watch,
15,restrictive,subject-14,hen,
15,restrictive,subject-14,dog,
15,restrictive,subject-14,bird,
15,restrictive,subject-14,ball,
23,restrictive,subject-14,towel,
23,restrictive,subject-14,coat,
23,restrictive,subject-14,hook,
23,restrictive,subject-14,poster,
6,non-restrictive,subject-14,mountain,
6,non-restrictive,subject-14,animal,
6,non-restrictive,subject-14,cactus,
6,non-restrictive,subject-14,moon,
36,non-restrictive,subject-14,mirror,0.0
36,non-restrictive,subject-14,pot,0.0
36,non-restrictive,subject-14,mascara,0.0
36,non-restrictive,subject-14,brush,1.0
30,non-restrictive,subject-14,newspaper,0.0
30,non-restrictive,subject-14,comb,0.0
30,non-restrictive,subject-14,eraser,0.0
30,non-restrictive,subject-14,tissue,1.0
18,non-restrictive,subject-14,wood,
18,non-restrictive,subject-14,bucket,
18,non-restrictive,subject-14,stone,
18,non-restrictive,subject-14,rope,
28,non-restrictive,subject-14,frame,
28,non-restrictive,subject-14,picture,
28,non-restrictive,subject-14,lamp,
28,non-restrictive,subject-14,switch,
41,restrictive,subject-14,pin,
41,restrictive,subject-14,toothbrush,
41,restrictive,subject-14,iron,
41,restrictive,subject-14,blouse,
45,restrictive,subject-14,glass,
45,restrictive,subject-14,ladle,
45,restrictive,subject-14,hammer,
45,restrictive,subject-14,dough,
50,non-restrictive,subject-14,stamp,
50,non-restrictive,subject-14,envelope,
50,non-restrictive,subject-14,rubber band,
50,non-restrictive,subject-14,scissors,
24,non-restrictive,subject-14,needle,1.0
24,non-restrictive,subject-14,card,0.0
24,non-restrictive,subject-14,scarf,0.0
24,non-restrictive,subject-14,pencil,0.0
10,non-restrictive,subject-14,book,
10,non-restrictive,subject-14,door,
10,non-restrictive,subject-14,cup,
10,non-restrictive,subject-14,bag,
2,non-restrictive,subject-14,wine,
2,non-restrictive,subject-14,cheese,
2,non-restrictive,subject-14,chair,
2,non-restrictive,subject-14,lipstick,
39,restrictive,subject-14,cloth,
39,restrictive,subject-14,apron,
39,restrictive,subject-14,mop,
39,restrictive,subject-14,broom,
27,restrictive,subject-14,coaster,0.0
27,restrictive,subject-14,candle,0.3333
27,restrictive,subject-14,package,0.3333
27,restrictive,subject-14,coin,0.3333
44,non-restrictive,subject-14,bolt,
44,non-restrictive,subject-14,handle,
44,non-restrictive,subject-14,safe,
44,non-restrictive,subject-14,pan,
42,non-restrictive,subject-14,orange,
42,non-restrictive,subject-14,stone,
42,non-restrictive,subject-14,cone,
42,non-restrictive,subject-14,shell,
43,restrictive,subject-14,ruler,0.0
43,restrictive,subject-14,shirt,0.0
43,restrictive,subject-14,apple,1.0
43,restrictive,subject-14,chalk,0.0
16,non-restrictive,subject-14,magnifying glass,0.0
16,non-restrictive,subject-14,folder,1.0
16,non-restrictive,subject-14,hat,0.0
16,non-restrictive,subject-14,wallet,0.0
1,non-restrictive,subject-15,toy car,
1,non-restrictive,subject-15,toy train,
1,non-restrictive,subject-15,ball,
1,non-restrictive,subject-15,cake,
30,restrictive,subject-15,newspaper,
30,restrictive,subject-15,comb,
30,restrictive,subject-15,eraser,
30,restrictive,subject-15,tissue,
37,non-restrictive,subject-15,papers,
37,non-restrictive,subject-15,boxes,
37,non-restrictive,subject-15,clips,
37,non-restrictive,subject-15,lego,
44,restrictive,subject-15,bolt,
44,restrictive,subject-15,handle,
44,restrictive,subject-15,safe,
44,restrictive,subject-15,pan,
12,restrictive,subject-15,duck,
12,restrictive,subject-15,bricks,
12,restrictive,subject-15,bell,
12,restrictive,subject-15,drum,
35,non-restrictive,subject-15,pillow,
35,non-restrictive,subject-15,radio,
35,non-restrictive,subject-15,puzzle,
35,non-restrictive,subject-15,notebook,
43,non-restrictive,subject-15,ruler,
43,non-restrictive,subject-15,shirt,
43,non-restrictive,subject-15,apple,
43,non-restrictive,subject-15,chalk,
45,non-restrictive,subject-15,glass,
45,non-restrictive,subject-15,ladle,
45,non-restrictive,subject-15,hammer,
45,non-restrictive,subject-15,dough,
15,non-restrictive,subject-15,hen,
15,non-restrictive,subject-15,dog,
15,non-restrictive,subject-15,bird,
15,non-restrictive,subject-15,ball,
49,non-restrictive,subject-15,pump,
49,non-restrictive,subject-15,flag,
49,non-restrictive,subject-15,pouch,
49,non-restrictive,subject-15,balloon,
46,restrictive,subject-15,carrot,
46,restrictive,subject-15,ladle,
46,restrictive,subject-15,peeler,
46,restrictive,subject-15,pot,
48,restrictive,subject-15,roller,
48,restrictive,subject-15,footstool,
48,restrictive,subject-15,carpet,
48,restrictive,subject-15,dustpan,
40,restrictive,subject-15,mat,
40,restrictive,subject-15,buckle,
40,restrictive,subject-15,shoelace,
40,restrictive,subject-15,shampoo,
8,restrictive,subject-15,toy bear,
8,restrictive,subject-15,microscope,
8,restrictive,subject-15,child,
8,restrictive,subject-15,tv monitor,
39,non-restrictive,subject-15,cloth,
39,non-restrictive,subject-15,apron,
39,non-restrictive,subject-15,mop,
39,non-restrictive,subject-15,broom,
26,restrictive,subject-15,canvas,
26,restrictive,subject-15,keyboard,
26,restrictive,subject-15,peach,
26,restrictive,subject-15,rope,
13,non-restrictive,subject-15,birds,
13,non-restrictive,subject-15,sun,
13,non-restrictive,subject-15,car,
13,non-restrictive,subject-15,boat,
7,non-restrictive,subject-15,jug,
7,non-restrictive,subject-15,mushrooms,
7,non-restrictive,subject-15,knife,
7,non-restrictive,subject-15,weighing scales,
42,restrictive,subject-15,orange,
42,restrictive,subject-15,stone,
42,restrictive,subject-15,cone,
42,restrictive,subject-15,shell,
11,non-restrictive,subject-15,wastebin,
11,non-restrictive,subject-15,washing machine,
11,non-restrictive,subject-15,mirror,
11,non-restrictive,subject-15,dog,
38,restrictive,subject-15,banana,
38,restrictive,subject-15,mitten,
38,restrictive,subject-15,marker,
38,restrictive,subject-15,key,
6,restrictive,subject-15,mountain,
6,restrictive,subject-15,animal,
6,restrictive,subject-15,cactus,
6,restrictive,subject-15,moon,
10,restrictive,subject-15,book,0.0
10,restrictive,subject-15,door,1.0
10,restrictive,subject-15,cup,0.0
10,restrictive,subject-15,bag,0.0
14,restrictive,subject-15,cigarettes,
14,restrictive,subject-15,filofax,
14,restrictive,subject-15,briefcase,
14,restrictive,subject-15,glasses,
2,restrictive,subject-15,wine,
2,restrictive,subject-15,cheese,
2,restrictive,subject-15,chair,
2,restrictive,subject-15,lipstick,
27,non-restrictive,subject-15,coaster,
27,non-restrictive,subject-15,candle,
27,non-restrictive,subject-15,package,
27,non-restrictive,subject-15,coin,
34,restrictive,subject-15,suitcase,
34,restrictive,subject-15,envelope,
34,restrictive,subject-15,box,
34,restrictive,subject-15,gift,
29,non-restrictive,subject-15,glove,
29,non-restrictive,subject-15,nut,
29,non-restrictive,subject-15,sock,
29,non-restrictive,subject-15,milk,
36,restrictive,subject-15,mirror,
36,restrictive,subject-15,pot,
36,restrictive,subject-15,mascara,
36,restrictive,subject-15,brush,
28,restrictive,subject-15,frame,
28,restrictive,subject-15,picture,
28,restrictive,subject-15,lamp,
28,restrictive,subject-15,switch,
47,non-restrictive,subject-15,stand,
47,non-restrictive,subject-15,violin,
47,non-restrictive,subject-15,bow,
47,non-restrictive,subject-15,gum,
41,non-restrictive,subject-15,pin,
41,non-restrictive,subject-15,toothbrush,
41,non-restrictive,subject-15,iron,
41,non-restrictive,subject-15,blouse,
33,non-restrictive,subject-15,mug,
33,non-restrictive,subject-15,biscuit,
33,non-restrictive,subject-15,kettle,
33,non-restrictive,subject-15,beer,
9,non-restrictive,subject-15,table,
9,non-restrictive,subject-15,telephone,
9,non-restrictive,subject-15,television,
9,non-restrictive,subject-15,piano,
5,non-restrictive,subject-15,paper plane,
5,non-restrictive,subject-15,acorns,
5,non-restrictive,subject-15,shuttle cock,
5,non-restrictive,subject-15,ball,
17,non-restrictive,subject-15,lantern,
17,non-restrictive,subject-15,backpack,
17,non-restrictive,subject-15,ribbon,
17,non-restrictive,subject-15,dress,
18,restrictive,subject-15,wood,
18,restrictive,subject-15,bucket,
18,restrictive,subject-15,stone,
18,restrictive,subject-15,rope,
32,restrictive,subject-15,sponge,
32,restrictive,subject-15,seed,
32,restrictive,subject-15,bottle,
32,restrictive,subject-15,lemon,
20,restrictive,subject-15,spatula,
20,restrictive,subject-15,bowl,
20,restrictive,subject-15,bread,
20,restrictive,subject-15,spoon,
25,non-restrictive,subject-15,plate,1.0
25,non-restrictive,subject-15,potato,0.0
25,non-restrictive,subject-15,glass,0.0
25,non-restrictive,subject-15,rabbit,0.0
31,non-restrictive,subject-15,headphones,
31,non-restrictive,subject-15,dice,
31,non-restrictive,subject-15,cap,
31,non-restrictive,subject-15,watch,
3,non-restrictive,subject-15,dustbin,
3,non-restrictive,subject-15,man,
3,non-restrictive,subject-15,car,
3,non-restrictive,subject-15,houses,
24,restrictive,subject-15,needle,
24,restrictive,subject-15,card,
24,restrictive,subject-15,scarf,
24,restrictive,subject-15,pencil,
50,restrictive,subject-15,stamp,
50,restrictive,subject-15,envelope,
50,restrictive,subject-15,rubber band,
50,restrictive,subject-15,scissors,
23,non-restrictive,subject-15,towel,
23,non-restrictive,subject-15,coat,
23,non-restrictive,subject-15,hook,
23,non-restrictive,subject-15,poster,
4,restrictive,subject-15,stool,
4,restrictive,subject-15,rocking horse,
4,restrictive,subject-15,baby,
4,restrictive,subject-15,plant,
22,restrictive,subject-15,flower,
22,restrictive,subject-15,magazine,
22,restrictive,subject-15,vase,
22,restrictive,subject-15,cushion,
16,restrictive,subject-15,magnifying glass,
16,restrictive,subject-15,folder,
16,restrictive,subject-15,hat,
16,restrictive,subject-15,wallet,
21,non-restrictive,subject-15,block,
21,non-restrictive,subject-15,crayon,
21,non-restrictive,subject-15,cup,
21,non-restrictive,subject-15,kitten,
19,non-restrictive,subject-15,leaf,
19,non-restrictive,subject-15,football,
19,non-restrictive,subject-15,stick,
19,non-restrictive,subject-15,feather,
15,restrictive,subject-16,ball,
15,restrictive,subject-16,hen,
15,restrictive,subject-16,dog,
15,restrictive,subject-16,bird,
28,non-restrictive,subject-16,switch,0.0
28,non-restrictive,subject-16,frame,0.0
28,non-restrictive,subject-16,picture,1.0
28,non-restrictive,subject-16,lamp,0.0
21,restrictive,subject-16,kitten,
21,restrictive,subject-16,block,
21,restrictive,subject-16,crayon,
21,restrictive,subject-16,cup,
45,restrictive,subject-16,dough,
45,restrictive,subject-16,glass,
45,restrictive,subject-16,ladle,
45,restrictive,subject-16,hammer,
8,non-restrictive,subject-16,tv monitor,
8,non-restrictive,subject-16,toy bear,
8,non-restrictive,subject-16,microscope,
8,non-restrictive,subject-16,child,
6,non-restrictive,subject-16,moon,0.0
6,non-restrictive,subject-16,mountain,0.5
6,non-restrictive,subject-16,animal,0.5
6,non-restrictive,subject-16,cactus,0.0
7,restrictive,subject-16,weighing scales,
7,restrictive,subject-16,jug,
7,restrictive,subject-16,mushrooms,
7,restrictive,subject-16,knife,
37,restrictive,subject-16,lego,
37,restrictive,subject-16,papers,
37,restrictive,subject-16,boxes,
37,restrictive,subject-16,clips,
50,non-restrictive,subject-16,scissors,0.0
50,non-restrictive,subject-16,stamp,1.0
50,non-restrictive,subject-16,envelope,0.0
50,non-restrictive,subject-16,rubber band,0.0
12,non-restrictive,subject-16,drum,
12,non-restrictive,subject-16,duck,
12,non-restrictive,subject-16,bricks,
12,non-restrictive,subject-16,bell,
38,non-restrictive,subject-16,key,
38,non-restrictive,subject-16,banana,
38,non-restrictive,subject-16,mitten,
38,non-restrictive,subject-16,marker,
34,non-restrictive,subject-16,gift,
34,non-restrictive,subject-16,suitcase,
34,non-restrictive,subject-16,envelope,
34,non-restrictive,subject-16,box,
19,restrictive,subject-16,feather,
19,restrictive,subject-16,leaf,
19,restrictive,subject-16,football,
19,restrictive,subject-16,stick,
47,restrictive,subject-16,gum,
47,restrictive,subject-16,stand,
47,restrictive,subject-16,violin,
47,restrictive,subject-16,bow,
32,non-restrictive,subject-16,lemon,
32,non-restrictive,subject-16,sponge,
32,non-restrictive,subject-16,seed,
32,non-restrictive,subject-16,bottle,
30,non-restrictive,subject-16,tissue,
30,non-restrictive,subject-16,newspaper,
30,non-restrictive,subject-16,comb,
30,non-restrictive,subject-16,eraser,
25,restrictive,subject-16,rabbit,
25,restrictive,subject-16,plate,
25,restrictive,subject-16,potato,
25,restrictive,subject-16,glass,
36,non-restrictive,subject-16,brush,
36,non-restrictive,subject-16,mirror,
36,non-restrictive,subject-16,pot,
36,non-restrictive,subject-16,mascara,
9,restrictive,subject-16,piano,
9,restrictive,subject-16,table,
9,restrictive,subject-16,telephone,
9,restrictive,subject-16,television,
3,restrictive,subject-16,houses,
3,restrictive,subject-16,dustbin,
3,restrictive,subject-16,man,
3,restrictive,subject-16,car,
44,non-restrictive,subject-16,pan,
44,non-restrictive,subject-16,bolt,
44,non-restrictive,subject-16,handle,
44,non-restrictive,subject-16,safe,
22,non-restrictive,subject-16,cushion,
22,non-restrictive,subject-16,flower,
22,non-restrictive,subject-16,magazine,
22,non-restrictive,subject-16,vase,
18,non-restrictive,subject-16,rope,
18,non-restrictive,subject-16,wood,
18,non-restrictive,subject-16,bucket,
18,non-restrictive,subject-16,stone,
20,non-restrictive,subject-16,spoon,
20,non-restrictive,subject-16,spatula,
20,non-restrictive,subject-16,bowl,
20,non-restrictive,subject-16,bread,
1,restrictive,subject-16,cake,
1,restrictive,subject-16,toy car,
1,restrictive,subject-16,toy train,
1,restrictive,subject-16,ball,
41,restrictive,subject-16,blouse,
41,restrictive,subject-16,pin,
41,restrictive,subject-16,toothbrush,
41,restrictive,subject-16,iron,
10,non-restrictive,subject-16,bag,
10,non-restrictive,subject-16,book,
10,non-restrictive,subject-16,door,
10,non-restrictive,subject-16,cup,
16,non-restrictive,subject-16,wallet,
16,non-restrictive,subject-16,magnifying glass,
16,non-restrictive,subject-16,folder,
16,non-restrictive,subject-16,hat,
33,restrictive,subject-16,beer,
33,restrictive,subject-16,mug,
33,restrictive,subject-16,biscuit,
33,restrictive,subject-16,kettle,
49,restrictive,subject-16,balloon,
49,restrictive,subject-16,pump,
49,restrictive,subject-16,flag,
49,restrictive,subject-16,pouch,
29,restrictive,subject-16,milk,
29,restrictive,subject-16,glove,
29,restrictive,subject-16,nut,
29,restrictive,subject-16,sock,
24,non-restrictive,subject-16,pencil,
24,non-restrictive,subject-16,needle,
24,non-restrictive,subject-16,card,
24,non-restrictive,subject-16,scarf,
17,restrictive,subject-16,dress,
17,restrictive,subject-16,lantern,
17,restrictive,subject-16,backpack,
17,restrictive,subject-16,ribbon,
14,non-restrictive,subject-16,glasses,
14,non-restrictive,subject-16,cigarettes,
14,non-restrictive,subject-16,filofax,
14,non-restrictive,subject-16,briefcase,
2,non-restrictive,subject-16,lipstick,
2,non-restrictive,subject-16,wine,
2,non-restrictive,subject-16,cheese,
2,non-restrictive,subject-16,chair,
46,non-restrictive,subject-16,pot,0.0
46,non-restrictive,subject-16,carrot,1.0
46,non-restrictive,subject-16,ladle,0.0
46,non-restrictive,subject-16,peeler,0.0
13,restrictive,subject-16,boat,
13,restrictive,subject-16,birds,
13,restrictive,subject-16,sun,
13,restrictive,subject-16,car,
26,non-restrictive,subject-16,rope,
26,non-restrictive,subject-16,canvas,
26,non-restrictive,subject-16,keyboard,
26,non-restrictive,subject-16,peach,
4,non-restrictive,subject-16,plant,
4,non-restrictive,subject-16,stool,
4,non-restrictive,subject-16,rocking horse,
4,non-restrictive,subject-16,baby,
39,restrictive,subject-16,broom,
39,restrictive,subject-16,cloth,
39,restrictive,subject-16,apron,
39,restrictive,subject-16,mop,
27,restrictive,subject-16,coin,
27,restrictive,subject-16,coaster,
27,restrictive,subject-16,candle,
27,restrictive,subject-16,package,
31,restrictive,subject-16,watch,
31,restrictive,subject-16,headphones,
31,restrictive,subject-16,dice,
31,restrictive,subject-16,cap,
5,restrictive,subject-16,ball,
5,restrictive,subject-16,paper plane,
5,restrictive,subject-16,acorns,
5,restrictive,subject-16,shuttle cock,
43,restrictive,subject-16,chalk,
43,restrictive,subject-16,ruler,
43,restrictive,subject-16,shirt,
43,restrictive,subject-16,apple,
11,restrictive,subject-16,dog,
11,restrictive,subject-16,wastebin,
11,restrictive,subject-16,washing machine,
11,restrictive,subject-16,mirror,
40,non-restrictive,subject-16,shampoo,
40,non-restrictive,subject-16,mat,
40,non-restrictive,subject-16,buckle,
40,non-restrictive,subject-16,shoelace,
42,non-restrictive,subject-16,shell,
42,non-restrictive,subject-16,orange,
42,non-restrictive,subject-16,stone,
42,non-restrictive,subject-16,cone,
48,non-restrictive,subject-16,dustpan,
48,non-restrictive,subject-16,roller,
48,non-restrictive,subject-16,footstool,
48,non-restrictive,subject-16,carpet,
23,restrictive,subject-16,poster,
23,restrictive,subject-16,towel,
23,restrictive,subject-16,coat,
23,restrictive,subject-16,hook,
37,non-restrictive,subject-17,lego,
37,non-restrictive,subject-17,papers,
37,non-restrictive,subject-17,boxes,
37,non-restrictive,subject-17,clips,
4,restrictive,subject-17,plant,0.0
4,restrictive,subject-17,stool,0.0
4,restrictive,subject-17,rocking horse,0.0
4,restrictive,subject-17,baby,1.0
12,restrictive,subject-17,drum,
12,restrictive,subject-17,duck,
12,restrictive,subject-17,bricks,
12,restrictive,subject-17,bell,
49,non-restrictive,subject-17,balloon,
49,non-restrictive,subject-17,pump,
49,non-restrictive,subject-17,flag,
49,non-restrictive,subject-17,pouch,
10,restrictive,subject-17,bag,
10,restrictive,subject-17,book,
10,restrictive,subject-17,door,
10,restrictive,subject-17,cup,
42,restrictive,subject-17,shell,
42,restrictive,subject-17,orange,
42,restrictive,subject-17,stone,
42,restrictive,subject-17,cone,
35,non-restrictive,subject-17,notebook,
35,non-restrictive,subject-17,pillow,
35,non-restrictive,subject-17,radio,
35,non-restrictive,subject-17,puzzle,
32,restrictive,subject-17,lemon,
32,restrictive,subject-17,sponge,
32,restrictive,subject-17,seed,
32,restrictive,subject-17,bottle,
31,non-restrictive,subject-17,watch,
31,non-restrictive,subject-17,headphones,
31,non-restrictive,subject-17,dice,
31,non-restrictive,subject-17,cap,
45,non-restrictive,subject-17,dough,
45,non-restrictive,subject-17,glass,
45,non-restrictive,subject-17,ladle,
45,non-restrictive,subject-17,hammer,
38,restrictive,subject-17,key,0.0
38,restrictive,subject-17,banana,0.0
38,restrictive,subject-17,mitten,0.5
38,restrictive,subject-17,marker,0.5
16,restrictive,subject-17,wallet,
16,restrictive,subject-17,magnifying glass,
16,restrictive,subject-17,folder,
16,restrictive,subject-17,hat,
25,non-restrictive,subject-17,rabbit,
25,non-restrictive,subject-17,plate,
25,non-restrictive,subject-17,potato,
25,non-restrictive,subject-17,glass,
28,restrictive,subject-17,switch,
28,restrictive,subject-17,frame,
28,restrictive,subject-17,picture,
28,restrictive,subject-17,lamp,
21,non-restrictive,subject-17,kitten,
21,non-restrictive,subject-17,block,
21,non-restrictive,subject-17,crayon,
21,non-restrictive,subject-17,cup,
41,non-restrictive,subject-17,blouse,
41,non-restrictive,subject-17,pin,
41,non-restrictive,subject-17,toothbrush,
41,non-restrictive,subject-17,iron,
15,non-restrictive,subject-17,ball,
15,non-restrictive,subject-17,hen,
15,non-restrictive,subject-17,dog,
15,non-restrictive,subject-17,bird,
34,restrictive,subject-17,gift,0.0
34,restrictive,subject-17,suitcase,0.0
34,restrictive,subject-17,envelope,0.0
34,restrictive,subject-17,box,1.0
11,non-restrictive,subject-17,dog,
11,non-restrictive,subject-17,wastebin,
11,non-restrictive,subject-17,washing machine,
11,non-restrictive,subject-17,mirror,
50,restrictive,subject-17,scissors,
50,restrictive,subject-17,stamp,
50,restrictive,subject-17,envelope,
50,restrictive,subject-17,rubber band,
39,non-restrictive,subject-17,broom,
39,non-restrictive,subject-17,cloth,
39,non-restrictive,subject-17,apron,
39,non-restrictive,subject-17,mop,
20,restrictive,subject-17,spoon,
20,restrictive,subject-17,spatula,
20,restrictive,subject-17,bowl,
20,restrictive,subject-17,bread,
30,restrictive,subject-17,tissue,0.0
30,restrictive,subject-17,newspaper,0.0
30,restrictive,subject-17,comb,0.0
30,restrictive,subject-17,eraser,1.0
33,non-restrictive,subject-17,beer,0.0
33,non-restrictive,subject-17,mug,0.0
33,non-restrictive,subject-17,biscuit,0.5
33,non-restrictive,subject-17,kettle,0.5
6,restrictive,subject-17,moon,0.0
6,restrictive,subject-17,mountain,1.0
6,restrictive,subject-17,animal,0.0
6,restrictive,subject-17,cactus,0.0
9,non-restrictive,subject-17,piano,
9,non-restrictive,subject-17,table,
9,non-restrictive,subject-17,telephone,
9,non-restrictive,subject-17,television,
5,non-restrictive,subject-17,ball,
5,non-restrictive,subject-17,paper plane,
5,non-restrictive,subject-17,acorns,
5,non-restrictive,subject-17,shuttle cock,
46,restrictive,subject-17,pot,
46,restrictive,subject-17,carrot,
46,restrictive,subject-17,ladle,
46,restrictive,subject-17,peeler,
43,non-restrictive,subject-17,chalk,
43,non-restrictive,subject-17,ruler,
43,non-restrictive,subject-17,shirt,
43,non-restrictive,subject-17,apple,
47,non-restrictive,subject-17,gum,
47,non-restrictive,subject-17,stand,
47,non-restrictive,subject-17,violin,
47,non-restrictive,subject-17,bow,
26,restrictive,subject-17,rope,
26,restrictive,subject-17,canvas,
26,restrictive,subject-17,keyboard,
26,restrictive,subject-17,peach,
18,restrictive,subject-17,rope,0.0
18,restrictive,subject-17,wood,0.5
18,restrictive,subject-17,bucket,0.5
18,restrictive,subject-17,stone,0.0
36,restrictive,subject-17,brush,1.0
36,restrictive,subject-17,mirror,0.0
36,restrictive,subject-17,pot,0.0
36,restrictive,subject-17,mascara,0.0
7,non-restrictive,subject-17,weighing scales,
7,non-restrictive,subject-17,jug,
7,non-restrictive,subject-17,mushrooms,
7,non-restrictive,subject-17,knife,
48,restrictive,subject-17,dustpan,
48,restrictive,subject-17,roller,
48,restrictive,subject-17,footstool,
48,restrictive,subject-17,carpet,
13,non-restrictive,subject-17,boat,
13,non-restrictive,subject-17,birds,
13,non-restrictive,subject-17,sun,
13,non-restrictive,subject-17,car,
29,non-restrictive,subject-17,milk,
29,non-restrictive,subject-17,glove,
29,non-restrictive,subject-17,nut,
29,non-restrictive,subject-17,sock,
24,restrictive,subject-17,pencil,
24,restrictive,subject-17,needle,
24,restrictive,subject-17,card,
24,restrictive,subject-17,scarf,
22,restrictive,subject-17,cushion,0.0
22,restrictive,subject-17,flower,0.0
22,restrictive,subject-17,magazine,1.0
22,restrictive,subject-17,vase,0.0
23,non-restrictive,subject-17,poster,
23,non-restrictive,subject-17,towel,
23,non-restrictive,subject-17,coat,
23,non-restrictive,subject-17,hook,
2,restrictive,subject-17,lipstick,
2,restrictive,subject-17,wine,
2,restrictive,subject-17,cheese,
2,restrictive,subject-17,chair,
14,restrictive,subject-17,glasses,0.0
14,restrictive,subject-17,cigarettes,1.0
14,restrictive,subject-17,filofax,0.0
14,restrictive,subject-17,briefcase,0.0
3,non-restrictive,subject-17,houses,
3,non-restrictive,subject-17,dustbin,
3,non-restrictive,subject-17,man,
3,non-restrictive,subject-17,car,
8,restrictive,subject-17,tv monitor,
8,restrictive,subject-17,toy bear,
8,restrictive,subject-17,microscope,
8,restrictive,subject-17,child,
40,restrictive,subject-17,shampoo,
40,restrictive,subject-17,mat,
40,restrictive,subject-17,buckle,
40,restrictive,subject-17,shoelace,
1,non-restrictive,subject-17,cake,0.0
1,non-restrictive,subject-17,toy car,1.0
1,non-restrictive,subject-17,toy train,0.0
1,non-restrictive,subject-17,ball,0.0
27,non-restrictive,subject-17,coin,
27,non-restrictive,subject-17,coaster,
27,non-restrictive,subject-17,candle,
27,non-restrictive,subject-17,package,
44,restrictive,subject-17,pan,0.0
44,restrictive,subject-17,bolt,1.0
44,restrictive,subject-17,handle,0.0
44,restrictive,subject-17,safe,0.0
19,non-restrictive,subject-17,feather,
19,non-restrictive,subject-17,leaf,
19,non-restrictive,subject-17,football,
19,non-restrictive,subject-17,stick,
17,non-restrictive,subject-17,dress,0.0
17,non-restrictive,subject-17,lantern,0.0
17,non-restrictive,subject-17,backpack,0.0
17,non-restrictive,subject-17,ribbon,1.0
15,restrictive,subject-18,bird,
15,restrictive,subject-18,ball,
15,restrictive,subject-18,hen,
15,restrictive,subject-18,dog,
23,restrictive,subject-18,hook,
23,restrictive,subject-18,poster,
23,restrictive,subject-18,towel,
23,restrictive,subject-18,coat,
5,restrictive,subject-18,shuttle cock,
5,restrictive,subject-18,ball,
5,restrictive,subject-18,paper plane,
5,restrictive,subject-18,acorns,
40,non-restrictive,subject-18,shoelace,
40,non-restrictive,subject-18,shampoo,
40,non-restrictive,subject-18,mat,
40,non-restrictive,subject-18,buckle,
20,non-restrictive,subject-18,bread,
20,non-restrictive,subject-18,spoon,
20,non-restrictive,subject-18,spatula,
20,non-restrictive,subject-18,bowl,
13,restrictive,subject-18,car,
13,restrictive,subject-18,boat,
13,restrictive,subject-18,birds,
13,restrictive,subject-18,sun,
33,restrictive,subject-18,kettle,
33,restrictive,subject-18,beer,
33,restrictive,subject-18,mug,
33,restrictive,subject-18,biscuit,
29,restrictive,subject-18,sock,
29,restrictive,subject-18,milk,
29,restrictive,subject-18,glove,
29,restrictive,subject-18,nut,
46,non-restrictive,subject-18,peeler,
46,non-restrictive,subject-18,pot,
46,non-restrictive,subject-18,carrot,
46,non-restrictive,subject-18,ladle,
16,non-restrictive,subject-18,hat,
16,non-restrictive,subject-18,wallet,
16,non-restrictive,subject-18,magnifying glass,
16,non-restrictive,subject-18,folder,
42,non-restrictive,subject-18,cone,
42,non-restrictive,subject-18,shell,
42,non-restrictive,subject-18,orange,
42,non-restrictive,subject-18,stone,
26,non-restrictive,subject-18,peach,
26,non-restrictive,subject-18,rope,
26,non-restrictive,subject-18,canvas,
26,non-restrictive,subject-18,keyboard,
45,restrictive,subject-18,hammer,
45,restrictive,subject-18,dough,
45,restrictive,subject-18,glass,
45,restrictive,subject-18,ladle,
50,non-restrictive,subject-18,rubber band,0.0
50,non-restrictive,subject-18,scissors,0.0
50,non-restrictive,subject-18,stamp,1.0
50,non-restrictive,subject-18,envelope,0.0
2,non-restrictive,subject-18,chair,
2,non-restrictive,subject-18,lipstick,
2,non-restrictive,subject-18,wine,
2,non-restrictive,subject-18,cheese,
47,restrictive,subject-18,bow,
47,restrictive,subject-18,gum,
47,restrictive,subject-18,stand,
47,restrictive,subject-18,violin,
22,non-restrictive,subject-18,vase,
22,non-restrictive,subject-18,cushion,
22,non-restrictive,subject-18,flower,
22,non-restrictive,subject-18,magazine,
11,restrictive,subject-18,mirror,
11,restrictive,subject-18,dog,
11,restrictive,subject-18,wastebin,
11,restrictive,subject-18,washing machine,
9,restrictive,subject-18,television,
9,restrictive,subject-18,piano,
9,restrictive,subject-18,table,
9,restrictive,subject-18,telephone,
27,restrictive,subject-18,package,
27,restrictive,subject-18,coin,
27,restrictive,subject-18,coaster,
27,restrictive,subject-18,candle,
28,non-restrictive,subject-18,lamp,
28,non-restrictive,subject-18,switch,
28,non-restrictive,subject-18,frame,
28,non-restrictive,subject-18,picture,
6,non-restrictive,subject-18,cactus,
6,non-restrictive,subject-18,moon,
6,non-restrictive,subject-18,mountain,
6,non-restrictive,subject-18,animal,
18,non-restrictive,subject-18,stone,
18,non-restrictive,subject-18,rope,
18,non-restrictive,subject-18,wood,
18,non-restrictive,subject-18,bucket,
1,restrictive,subject-18,ball,
1,restrictive,subject-18,cake,
1,restrictive,subject-18,toy car,
1,restrictive,subject-18,toy train,
43,restrictive,subject-18,apple,
43,restrictive,subject-18,chalk,
43,restrictive,subject-18,ruler,
43,restrictive,subject-18,shirt,
30,non-restrictive,subject-18,eraser,
30,non-restrictive,subject-18,tissue,
30,non-restrictive,subject-18,newspaper,
30,non-restrictive,subject-18,comb,
41,restrictive,subject-18,iron,
41,restrictive,subject-18,blouse,
41,restrictive,subject-18,pin,
41,restrictive,subject-18,toothbrush,
19,restrictive,subject-18,stick,
19,restrictive,subject-18,feather,
19,restrictive,subject-18,leaf,
19,restrictive,subject-18,football,
37,restrictive,subject-18,clips,
37,restrictive,subject-18,lego,
37,restrictive,subject-18,papers,
37,restrictive,subject-18,boxes,
12,non-restrictive,subject-18,bell,
12,non-restrictive,subject-18,drum,
12,non-restrictive,subject-18,duck,
12,non-restrictive,subject-18,bricks,
34,non-restrictive,subject-18,box,
34,non-restrictive,subject-18,gift,
34,non-restrictive,subject-18,suitcase,
34,non-restrictive,subject-18,envelope,
31,restrictive,subject-18,cap,
31,restrictive,subject-18,watch,
31,restrictive,subject-18,headphones,
31,restrictive,subject-18,dice,
48,non-restrictive,subject-18,carpet,
48,non-restrictive,subject-18,dustpan,
48,non-restrictive,subject-18,roller,
48,non-restrictive,subject-18,footstool,
38,non-restrictive,subject-18,marker,
38,non-restrictive,subject-18,key,
38,non-restrictive,subject-18,banana,
38,non-restrictive,subject-18,mitten,
4,non-restrictive,subject-18,baby,
4,non-restrictive,subject-18,plant,
4,non-restrictive,subject-18,stool,
4,non-restrictive,subject-18,rocking horse,
7,restrictive,subject-18,knife,
7,restrictive,subject-18,weighing scales,
7,restrictive,subject-18,jug,
7,restrictive,subject-18,mushrooms,
39,restrictive,subject-18,mop,
39,restrictive,subject-18,broom,
39,restrictive,subject-18,cloth,
39,restrictive,subject-18,apron,
44,non-restrictive,subject-18,safe,
44,non-restrictive,subject-18,pan,
44,non-restrictive,subject-18,bolt,
44,non-restrictive,subject-18,handle,
10,non-restrictive,subject-18,cup,
10,non-restrictive,subject-18,bag,
10,non-restrictive,subject-18,book,
10,non-restrictive,subject-18,door,
3,restrictive,subject-18,car,
3,restrictive,subject-18,houses,
3,restrictive,subject-18,dustbin,
3,restrictive,subject-18,man,
14,non-restrictive,subject-18,briefcase,
14,non-restrictive,subject-18,glasses,
14,non-restrictive,subject-18,cigarettes,
14,non-restrictive,subject-18,filofax,
8,non-restrictive,subject-18,child,
8,non-restrictive,subject-18,tv monitor,
8,non-restrictive,subject-18,toy bear,
8,non-restrictive,subject-18,microscope,
17,restrictive,subject-18,ribbon,
17,restrictive,subject-18,dress,
17,restrictive,subject-18,lantern,
17,restrictive,subject-18,backpack,
49,restrictive,subject-18,pouch,
49,restrictive,subject-18,balloon,
49,restrictive,subject-18,pump,
49,restrictive,subject-18,flag,
24,non-restrictive,subject-18,scarf,
24,non-restrictive,subject-18,pencil,
24,non-restrictive,subject-18,needle,
24,non-restrictive,subject-18,card,
25,restrictive,subject-18,glass,
25,restrictive,subject-18,rabbit,
25,restrictive,subject-18,plate,
25,restrictive,subject-18,potato,
36,non-restrictive,subject-18,mascara,
36,non-restrictive,subject-18,brush,
36,non-restrictive,subject-18,mirror,
36,non-restrictive,subject-18,pot,
32,non-restrictive,subject-18,bottle,
32,non-restrictive,subject-18,lemon,
32,non-restrictive,subject-18,sponge,
32,non-restrictive,subject-18,seed,
21,restrictive,subject-18,cup,
21,restrictive,subject-18,kitten,
21,restrictive,subject-18,block,
21,restrictive,subject-18,crayon,
49,non-restrictive,subject-19,pouch,
49,non-restrictive,subject-19,balloon,
49,non-restrictive,subject-19,pump,
49,non-restrictive,subject-19,flag,
32,restrictive,subject-19,bottle,
32,restrictive,subject-19,lemon,
32,restrictive,subject-19,sponge,
32,restrictive,subject-19,seed,
24,restrictive,subject-19,scarf,
24,restrictive,subject-19,pencil,
24,restrictive,subject-19,needle,
24,restrictive,subject-19,card,
41,non-restrictive,subject-19,iron,
41,non-restrictive,subject-19,blouse,
41,non-restrictive,subject-19,pin,
41,non-restrictive,subject-19,toothbrush,
37,non-restrictive,subject-19,clips,
37,non-restrictive,subject-19,lego,
37,non-restrictive,subject-19,papers,
37,non-restrictive,subject-19,boxes,
36,restrictive,subject-19,mascara,
36,restrictive,subject-19,brush,
36,restrictive,subject-19,mirror,
36,restrictive,subject-19,pot,
34,restrictive,subject-19,box,
34,restrictive,subject-19,gift,
34,restrictive,subject-19,suitcase,
34,restrictive,subject-19,envelope,
38,restrictive,subject-19,marker,
38,restrictive,subject-19,key,
38,restrictive,subject-19,banana,
38,restrictive,subject-19,mitten,
45,non-restrictive,subject-19,hammer,0.0
45,non-restrictive,subject-19,dough,1.0
45,non-restrictive,subject-19,glass,0.0
45,non-restrictive,subject-19,ladle,0.0
6,restrictive,subject-19,cactus,0.0
6,restrictive,subject-19,moon,0.0
6,restrictive,subject-19,mountain,1.0
6,restrictive,subject-19,animal,0.0
28,restrictive,subject-19,lamp,
28,restrictive,subject-19,switch,
28,restrictive,subject-19,frame,
28,restrictive,subject-19,picture,
30,restrictive,subject-19,eraser,
30,restrictive,subject-19,tissue,
30,restrictive,subject-19,newspaper,
30,restrictive,subject-19,comb,
18,restrictive,subject-19,stone,
18,restrictive,subject-19,rope,
18,restrictive,subject-19,wood,
18,restrictive,subject-19,bucket,
7,non-restrictive,subject-19,knife,
7,non-restrictive,subject-19,weighing scales,
7,non-restrictive,subject-19,jug,
7,non-restrictive,subject-19,mushrooms,
12,restrictive,subject-19,bell,
12,restrictive,subject-19,drum,
12,restrictive,subject-19,duck,
12,restrictive,subject-19,bricks,
21,non-restrictive,subject-19,cup,
21,non-restrictive,subject-19,kitten,
21,non-restrictive,subject-19,block,
21,non-restrictive,subject-19,crayon,
43,non-restrictive,subject-19,apple,
43,non-restrictive,subject-19,chalk,
43,non-restrictive,subject-19,ruler,
43,non-restrictive,subject-19,shirt,
47,non-restrictive,subject-19,bow,1.0
47,non-restrictive,subject-19,gum,0.0
47,non-restrictive,subject-19,stand,0.0
47,non-restrictive,subject-19,violin,0.0
17,non-restrictive,subject-19,ribbon,
17,non-restrictive,subject-19,dress,
17,non-restrictive,subject-19,lantern,
17,non-restrictive,subject-19,backpack,
20,restrictive,subject-19,bread,
20,restrictive,subject-19,spoon,
20,restrictive,subject-19,spatula,
20,restrictive,subject-19,bowl,
19,non-restrictive,subject-19,stick,
19,non-restrictive,subject-19,feather,
19,non-restrictive,subject-19,leaf,
19,non-restrictive,subject-19,football,
42,restrictive,subject-19,cone,
42,restrictive,subject-19,shell,
42,restrictive,subject-19,orange,
42,restrictive,subject-19,stone,
40,restrictive,subject-19,shoelace,
40,restrictive,subject-19,shampoo,
40,restrictive,subject-19,mat,
40,restrictive,subject-19,buckle,
5,non-restrictive,subject-19,shuttle cock,
5,non-restrictive,subject-19,ball,
5,non-restrictive,subject-19,paper plane,
5,non-restrictive,subject-19,acorns,
23,non-restrictive,subject-19,hook,
23,non-restrictive,subject-19,poster,
23,non-restrictive,subject-19,towel,
23,non-restrictive,subject-19,coat,
16,restrictive,subject-19,hat,
16,restrictive,subject-19,wallet,
16,restrictive,subject-19,magnifying glass,
16,restrictive,subject-19,folder,
14,restrictive,subject-19,briefcase,0.0
14,restrictive,subject-19,glasses,0.0
14,restrictive,subject-19,cigarettes,1.0
14,restrictive,subject-19,filofax,0.0
13,non-restrictive,subject-19,car,
13,non-restrictive,subject-19,boat,
13,non-restrictive,subject-19,birds,
13,non-restrictive,subject-19,sun,
46,restrictive,subject-19,peeler,
46,restrictive,subject-19,pot,
46,restrictive,subject-19,carrot,
46,restrictive,subject-19,ladle,
27,non-restrictive,subject-19,package,
27,non-restrictive,subject-19,coin,
27,non-restrictive,subject-19,coaster,
27,non-restrictive,subject-19,candle,
26,restrictive,subject-19,peach,
26,restrictive,subject-19,rope,
26,restrictive,subject-19,canvas,
26,restrictive,subject-19,keyboard,
39,non-restrictive,subject-19,mop,0.0
39,non-restrictive,subject-19,broom,0.0
39,non-restrictive,subject-19,cloth,0.5
39,non-restrictive,subject-19,apron,0.5
4,restrictive,subject-19,baby,
4,restrictive,subject-19,plant,
4,restrictive,subject-19,stool,
4,restrictive,subject-19,rocking horse,
3,non-restrictive,subject-19,car,
3,non-restrictive,subject-19,houses,
3,non-restrictive,subject-19,dustbin,
3,non-restrictive,subject-19,man,
35,non-restrictive,subject-19,puzzle,
35,non-restrictive,subject-19,notebook,
35,non-restrictive,subject-19,pillow,
35,non-restrictive,subject-19,radio,
48,restrictive,subject-19,carpet,
48,restrictive,subject-19,dustpan,
48,restrictive,subject-19,roller,
48,restrictive,subject-19,footstool,
11,non-restrictive,subject-19,mirror,
11,non-restrictive,subject-19,dog,
11,non-restrictive,subject-19,wastebin,
11,non-restrictive,subject-19,washing machine,
2,restrictive,subject-19,chair,
2,restrictive,subject-19,lipstick,
2,restrictive,subject-19,wine,
2,restrictive,subject-19,cheese,
22,restrictive,subject-19,vase,
22,restrictive,subject-19,cushion,
22,restrictive,subject-19,flower,
22,restrictive,subject-19,magazine,
31,non-restrictive,subject-19,cap,
31,non-restrictive,subject-19,watch,
31,non-restrictive,subject-19,headphones,
31,non-restrictive,subject-19,dice,
29,non-restrictive,subject-19,sock,
29,non-restrictive,subject-19,milk,
29,non-restrictive,subject-19,glove,
29,non-restrictive,subject-19,nut,
33,non-restrictive,subject-19,kettle,
33,non-restrictive,subject-19,beer,
33,non-restrictive,subject-19,mug,
33,non-restrictive,subject-19,biscuit,
25,non-restrictive,subject-19,glass,
25,non-restrictive,subject-19,rabbit,
25,non-restrictive,subject-19,plate,
25,non-restrictive,subject-19,potato,
10,restrictive,subject-19,cup,
10,restrictive,subject-19,bag,
10,restrictive,subject-19,book,
10,restrictive,subject-19,door,
9,non-restrictive,subject-19,television,
9,non-restrictive,subject-19,piano,
9,non-restrictive,subject-19,table,
9,non-restrictive,subject-19,telephone,
50,restrictive,subject-19,rubber band,
50,restrictive,subject-19,scissors,
50,restrictive,subject-19,stamp,
50,restrictive,subject-19,envelope,
15,non-restrictive,subject-19,bird,
15,non-restrictive,subject-19,ball,
15,non-restrictive,subject-19,hen,
15,non-restrictive,subject-19,dog,
1,non-restrictive,subject-19,ball,
1,non-restrictive,subject-19,cake,
1,non-restrictive,subject-19,toy car,
1,non-restrictive,subject-19,toy train,
8,restrictive,subject-19,child,
8,restrictive,subject-19,tv monitor,
8,restrictive,subject-19,toy bear,
8,restrictive,subject-19,microscope,
44,restrictive,subject-19,safe,
44,restrictive,subject-19,pan,
44,restrictive,subject-19,bolt,
44,restrictive,subject-19,handle,
49,non-restrictive,subject-19,pouch,
49,non-restrictive,subject-19,balloon,
49,non-restrictive,subject-19,pump,
49,non-restrictive,subject-19,flag,
32,restrictive,subject-19,bottle,
32,restrictive,subject-19,lemon,
32,restrictive,subject-19,sponge,
32,restrictive,subject-19,seed,
24,restrictive,subject-19,scarf,
24,restrictive,subject-19,pencil,
24,restrictive,subject-19,needle,
24,restrictive,subject-19,card,
41,non-restrictive,subject-19,iron,
41,non-restrictive,subject-19,blouse,
41,non-restrictive,subject-19,pin,
41,non-restrictive,subject-19,toothbrush,
37,non-restrictive,subject-19,clips,
37,non-restrictive,subject-19,lego,
37,non-restrictive,subject-19,papers,
37,non-restrictive,subject-19,boxes,
36,restrictive,subject-19,mascara,
36,restrictive,subject-19,brush,
36,restrictive,subject-19,mirror,
36,restrictive,subject-19,pot,
34,restrictive,subject-19,box,
34,restrictive,subject-19,gift,
34,restrictive,subject-19,suitcase,
34,restrictive,subject-19,envelope,
38,restrictive,subject-19,marker,
38,restrictive,subject-19,key,
38,restrictive,subject-19,banana,
38,restrictive,subject-19,mitten,
45,non-restrictive,subject-19,hammer,0.0
45,non-restrictive,subject-19,dough,1.0
45,non-restrictive,subject-19,glass,0.0
45,non-restrictive,subject-19,ladle,0.0
6,restrictive,subject-19,cactus,0.0
6,restrictive,subject-19,moon,0.0
6,restrictive,subject-19,mountain,1.0
6,restrictive,subject-19,animal,0.0
28,restrictive,subject-19,lamp,
28,restrictive,subject-19,switch,
28,restrictive,subject-19,frame,
28,restrictive,subject-19,picture,
30,restrictive,subject-19,eraser,
30,restrictive,subject-19,tissue,
30,restrictive,subject-19,newspaper,
30,restrictive,subject-19,comb,
18,restrictive,subject-19,stone,
18,restrictive,subject-19,rope,
18,restrictive,subject-19,wood,
18,restrictive,subject-19,bucket,
7,non-restrictive,subject-19,knife,
7,non-restrictive,subject-19,weighing scales,
7,non-restrictive,subject-19,jug,
7,non-restrictive,subject-19,mushrooms,
12,restrictive,subject-19,bell,
12,restrictive,subject-19,drum,
12,restrictive,subject-19,duck,
12,restrictive,subject-19,bricks,
21,non-restrictive,subject-19,cup,
21,non-restrictive,subject-19,kitten,
21,non-restrictive,subject-19,block,
21,non-restrictive,subject-19,crayon,
43,non-restrictive,subject-19,apple,
43,non-restrictive,subject-19,chalk,
43,non-restrictive,subject-19,ruler,
43,non-restrictive,subject-19,shirt,
47,non-restrictive,subject-19,bow,1.0
47,non-restrictive,subject-19,gum,0.0
47,non-restrictive,subject-19,stand,0.0
47,non-restrictive,subject-19,violin,0.0
17,non-restrictive,subject-19,ribbon,
17,non-restrictive,subject-19,dress,
17,non-restrictive,subject-19,lantern,
17,non-restrictive,subject-19,backpack,
20,restrictive,subject-19,bread,
20,restrictive,subject-19,spoon,
20,restrictive,subject-19,spatula,
20,restrictive,subject-19,bowl,
19,non-restrictive,subject-19,stick,
19,non-restrictive,subject-19,feather,
19,non-restrictive,subject-19,leaf,
19,non-restrictive,subject-19,football,
42,restrictive,subject-19,cone,
42,restrictive,subject-19,shell,
42,restrictive,subject-19,orange,
42,restrictive,subject-19,stone,
40,restrictive,subject-19,shoelace,
40,restrictive,subject-19,shampoo,
40,restrictive,subject-19,mat,
40,restrictive,subject-19,buckle,
5,non-restrictive,subject-19,shuttle cock,
5,non-restrictive,subject-19,ball,
5,non-restrictive,subject-19,paper plane,
5,non-restrictive,subject-19,acorns,
23,non-restrictive,subject-19,hook,
23,non-restrictive,subject-19,poster,
23,non-restrictive,subject-19,towel,
23,non-restrictive,subject-19,coat,
16,restrictive,subject-19,hat,
16,restrictive,subject-19,wallet,
16,restrictive,subject-19,magnifying glass,
16,restrictive,subject-19,folder,
14,restrictive,subject-19,briefcase,0.0
14,restrictive,subject-19,glasses,0.0
14,restrictive,subject-19,cigarettes,1.0
14,restrictive,subject-19,filofax,0.0
13,non-restrictive,subject-19,car,
13,non-restrictive,subject-19,boat,
13,non-restrictive,subject-19,birds,
13,non-restrictive,subject-19,sun,
46,restrictive,subject-19,peeler,
46,restrictive,subject-19,pot,
46,restrictive,subject-19,carrot,
46,restrictive,subject-19,ladle,
27,non-restrictive,subject-19,package,
27,non-restrictive,subject-19,coin,
27,non-restrictive,subject-19,coaster,
27,non-restrictive,subject-19,candle,
26,restrictive,subject-19,peach,
26,restrictive,subject-19,rope,
26,restrictive,subject-19,canvas,
26,restrictive,subject-19,keyboard,
39,non-restrictive,subject-19,mop,0.0
39,non-restrictive,subject-19,broom,0.0
39,non-restrictive,subject-19,cloth,0.5
39,non-restrictive,subject-19,apron,0.5
4,restrictive,subject-19,baby,
4,restrictive,subject-19,plant,
4,restrictive,subject-19,stool,
4,restrictive,subject-19,rocking horse,
3,non-restrictive,subject-19,car,
3,non-restrictive,subject-19,houses,
3,non-restrictive,subject-19,dustbin,
3,non-restrictive,subject-19,man,
35,non-restrictive,subject-19,puzzle,
35,non-restrictive,subject-19,notebook,
35,non-restrictive,subject-19,pillow,
35,non-restrictive,subject-19,radio,
48,restrictive,subject-19,carpet,
48,restrictive,subject-19,dustpan,
48,restrictive,subject-19,roller,
48,restrictive,subject-19,footstool,
11,non-restrictive,subject-19,mirror,
11,non-restrictive,subject-19,dog,
11,non-restrictive,subject-19,wastebin,
11,non-restrictive,subject-19,washing machine,
2,restrictive,subject-19,chair,
2,restrictive,subject-19,lipstick,
2,restrictive,subject-19,wine,
2,restrictive,subject-19,cheese,
22,restrictive,subject-19,vase,
22,restrictive,subject-19,cushion,
22,restrictive,subject-19,flower,
22,restrictive,subject-19,magazine,
31,non-restrictive,subject-19,cap,
31,non-restrictive,subject-19,watch,
31,non-restrictive,subject-19,headphones,
31,non-restrictive,subject-19,dice,
29,non-restrictive,subject-19,sock,
29,non-restrictive,subject-19,milk,
29,non-restrictive,subject-19,glove,
29,non-restrictive,subject-19,nut,
33,non-restrictive,subject-19,kettle,
33,non-restrictive,subject-19,beer,
33,non-restrictive,subject-19,mug,
33,non-restrictive,subject-19,biscuit,
25,non-restrictive,subject-19,glass,
25,non-restrictive,subject-19,rabbit,
25,non-restrictive,subject-19,plate,
25,non-restrictive,subject-19,potato,
10,restrictive,subject-19,cup,
10,restrictive,subject-19,bag,
10,restrictive,subject-19,book,
10,restrictive,subject-19,door,
9,non-restrictive,subject-19,television,
9,non-restrictive,subject-19,piano,
9,non-restrictive,subject-19,table,
9,non-restrictive,subject-19,telephone,
50,restrictive,subject-19,rubber band,
50,restrictive,subject-19,scissors,
50,restrictive,subject-19,stamp,
50,restrictive,subject-19,envelope,
15,non-restrictive,subject-19,bird,
15,non-restrictive,subject-19,ball,
15,non-restrictive,subject-19,hen,
15,non-restrictive,subject-19,dog,
1,non-restrictive,subject-19,ball,
1,non-restrictive,subject-19,cake,
1,non-restrictive,subject-19,toy car,
1,non-restrictive,subject-19,toy train,
8,restrictive,subject-19,child,
8,restrictive,subject-19,tv monitor,
8,restrictive,subject-19,toy bear,
8,restrictive,subject-19,microscope,
44,restrictive,subject-19,safe,
44,restrictive,subject-19,pan,
44,restrictive,subject-19,bolt,
44,restrictive,subject-19,handle,
22,non-restrictive,subject-2,vase,
22,non-restrictive,subject-2,cushion,
22,non-restrictive,subject-2,flower,
22,non-restrictive,subject-2,magazine,
37,restrictive,subject-2,clips,
37,restrictive,subject-2,lego,
37,restrictive,subject-2,papers,
37,restrictive,subject-2,boxes,
6,non-restrictive,subject-2,cactus,
6,non-restrictive,subject-2,moon,
6,non-restrictive,subject-2,mountain,
6,non-restrictive,subject-2,animal,
4,non-restrictive,subject-2,baby,
4,non-restrictive,subject-2,plant,
4,non-restrictive,subject-2,stool,
4,non-restrictive,subject-2,rocking horse,
42,non-restrictive,subject-2,cone,
42,non-restrictive,subject-2,shell,
42,non-restrictive,subject-2,orange,
42,non-restrictive,subject-2,stone,
47,restrictive,subject-2,bow,
47,restrictive,subject-2,gum,
47,restrictive,subject-2,stand,
47,restrictive,subject-2,violin,
23,restrictive,subject-2,hook,
23,restrictive,subject-2,poster,
23,restrictive,subject-2,towel,
23,restrictive,subject-2,coat,
38,non-restrictive,subject-2,marker,
38,non-restrictive,subject-2,key,
38,non-restrictive,subject-2,banana,
38,non-restrictive,subject-2,mitten,
45,restrictive,subject-2,hammer,
45,restrictive,subject-2,dough,
45,restrictive,subject-2,glass,
45,restrictive,subject-2,ladle,
10,non-restrictive,subject-2,cup,
10,non-restrictive,subject-2,bag,
10,non-restrictive,subject-2,book,
10,non-restrictive,subject-2,door,
18,non-restrictive,subject-2,stone,
18,non-restrictive,subject-2,rope,
18,non-restrictive,subject-2,wood,
18,non-restrictive,subject-2,bucket,
41,restrictive,subject-2,iron,
41,restrictive,subject-2,blouse,
41,restrictive,subject-2,pin,
41,restrictive,subject-2,toothbrush,
32,non-restrictive,subject-2,bottle,
32,non-restrictive,subject-2,lemon,
32,non-restrictive,subject-2,sponge,
32,non-restrictive,subject-2,seed,
49,restrictive,subject-2,pouch,
49,restrictive,subject-2,balloon,
49,restrictive,subject-2,pump,
49,restrictive,subject-2,flag,
48,non-restrictive,subject-2,carpet,
48,non-restrictive,subject-2,dustpan,
48,non-restrictive,subject-2,roller,
48,non-restrictive,subject-2,footstool,
24,non-restrictive,subject-2,scarf,
24,non-restrictive,subject-2,pencil,
24,non-restrictive,subject-2,needle,
24,non-restrictive,subject-2,card,
12,non-restrictive,subject-2,bell,
12,non-restrictive,subject-2,drum,
12,non-restrictive,subject-2,duck,
12,non-restrictive,subject-2,bricks,
30,non-restrictive,subject-2,eraser,
30,non-restrictive,subject-2,tissue,
30,non-restrictive,subject-2,newspaper,
30,non-restrictive,subject-2,comb,
17,restrictive,subject-2,ribbon,
17,restrictive,subject-2,dress,
17,restrictive,subject-2,lantern,
17,restrictive,subject-2,backpack,
14,non-restrictive,subject-2,briefcase,
14,non-restrictive,subject-2,glasses,
14,non-restrictive,subject-2,cigarettes,
14,non-restrictive,subject-2,filofax,
5,restrictive,subject-2,shuttle cock,
5,restrictive,subject-2,ball,
5,restrictive,subject-2,paper plane,
5,restrictive,subject-2,acorns,
46,non-restrictive,subject-2,peeler,
46,non-restrictive,subject-2,pot,
46,non-restrictive,subject-2,carrot,
46,non-restrictive,subject-2,ladle,
43,restrictive,subject-2,apple,
43,restrictive,subject-2,chalk,
43,restrictive,subject-2,ruler,
43,restrictive,subject-2,shirt,
31,restrictive,subject-2,cap,
31,restrictive,subject-2,watch,
31,restrictive,subject-2,headphones,
31,restrictive,subject-2,dice,
39,restrictive,subject-2,mop,
39,restrictive,subject-2,broom,
39,restrictive,subject-2,cloth,
39,restrictive,subject-2,apron,
50,non-restrictive,subject-2,rubber band,
50,non-restrictive,subject-2,scissors,
50,non-restrictive,subject-2,stamp,
50,non-restrictive,subject-2,envelope,
16,non-restrictive,subject-2,hat,
16,non-restrictive,subject-2,wallet,
16,non-restrictive,subject-2,magnifying glass,
16,non-restrictive,subject-2,folder,
20,non-restrictive,subject-2,bread,
20,non-restrictive,subject-2,spoon,
20,non-restrictive,subject-2,spatula,
20,non-restrictive,subject-2,bowl,
11,restrictive,subject-2,mirror,
11,restrictive,subject-2,dog,
11,restrictive,subject-2,wastebin,
11,restrictive,subject-2,washing machine,
27,restrictive,subject-2,package,
27,restrictive,subject-2,coin,
27,restrictive,subject-2,coaster,
27,restrictive,subject-2,candle,
1,restrictive,subject-2,ball,
1,restrictive,subject-2,cake,
1,restrictive,subject-2,toy car,
1,restrictive,subject-2,toy train,
3,restrictive,subject-2,car,
3,restrictive,subject-2,houses,
3,restrictive,subject-2,dustbin,
3,restrictive,subject-2,man,
13,restrictive,subject-2,car,
13,restrictive,subject-2,boat,
13,restrictive,subject-2,birds,
13,restrictive,subject-2,sun,
29,restrictive,subject-2,sock,
29,restrictive,subject-2,milk,
29,restrictive,subject-2,glove,
29,restrictive,subject-2,nut,
8,non-restrictive,subject-2,child,
8,non-restrictive,subject-2,tv monitor,
8,non-restrictive,subject-2,toy bear,
8,non-restrictive,subject-2,microscope,
36,non-restrictive,subject-2,mascara,
36,non-restrictive,subject-2,brush,
36,non-restrictive,subject-2,mirror,
36,non-restrictive,subject-2,pot,
25,restrictive,subject-2,glass,
25,restrictive,subject-2,rabbit,
25,restrictive,subject-2,plate,
25,restrictive,subject-2,potato,
26,non-restrictive,subject-2,peach,
26,non-restrictive,subject-2,rope,
26,non-restrictive,subject-2,canvas,
26,non-restrictive,subject-2,keyboard,
34,non-restrictive,subject-2,box,
34,non-restrictive,subject-2,gift,
34,non-restrictive,subject-2,suitcase,
34,non-restrictive,subject-2,envelope,
2,non-restrictive,subject-2,chair,
2,non-restrictive,subject-2,lipstick,
2,non-restrictive,subject-2,wine,
2,non-restrictive,subject-2,cheese,
44,non-restrictive,subject-2,safe,
44,non-restrictive,subject-2,pan,
44,non-restrictive,subject-2,bolt,
44,non-restrictive,subject-2,handle,
33,restrictive,subject-2,kettle,
33,restrictive,subject-2,beer,
33,restrictive,subject-2,mug,
33,restrictive,subject-2,biscuit,
15,restrictive,subject-2,bird,
15,restrictive,subject-2,ball,
15,restrictive,subject-2,hen,
15,restrictive,subject-2,dog,
40,non-restrictive,subject-2,shoelace,
40,non-restrictive,subject-2,shampoo,
40,non-restrictive,subject-2,mat,
40,non-restrictive,subject-2,buckle,
21,restrictive,subject-2,cup,
21,restrictive,subject-2,kitten,
21,restrictive,subject-2,block,
21,restrictive,subject-2,crayon,
19,restrictive,subject-2,stick,
19,restrictive,subject-2,feather,
19,restrictive,subject-2,leaf,
19,restrictive,subject-2,football,
9,restrictive,subject-2,television,
9,restrictive,subject-2,piano,
9,restrictive,subject-2,table,
9,restrictive,subject-2,telephone,
28,non-restrictive,subject-2,lamp,
28,non-restrictive,subject-2,switch,
28,non-restrictive,subject-2,frame,
28,non-restrictive,subject-2,picture,
7,restrictive,subject-2,knife,
7,restrictive,subject-2,weighing scales,
7,restrictive,subject-2,jug,
7,restrictive,subject-2,mushrooms,
4,non-restrictive,subject-20,rocking horse,
4,non-restrictive,subject-20,baby,
4,non-restrictive,subject-20,plant,
4,non-restrictive,subject-20,stool,
11,restrictive,subject-20,washing machine,
11,restrictive,subject-20,mirror,
11,restrictive,subject-20,dog,
11,restrictive,subject-20,wastebin,
29,restrictive,subject-20,nut,
29,restrictive,subject-20,sock,
29,restrictive,subject-20,milk,
29,restrictive,subject-20,glove,
7,restrictive,subject-20,mushrooms,
7,restrictive,subject-20,knife,
7,restrictive,subject-20,weighing scales,
7,restrictive,subject-20,jug,
22,non-restrictive,subject-20,magazine,
22,non-restrictive,subject-20,vase,
22,non-restrictive,subject-20,cushion,
22,non-restrictive,subject-20,flower,
13,restrictive,subject-20,sun,
13,restrictive,subject-20,car,
13,restrictive,subject-20,boat,
13,restrictive,subject-20,birds,
6,non-restrictive,subject-20,animal,
6,non-restrictive,subject-20,cactus,
6,non-restrictive,subject-20,moon,
6,non-restrictive,subject-20,mountain,
12,non-restrictive,subject-20,bricks,
12,non-restrictive,subject-20,bell,
12,non-restrictive,subject-20,drum,
12,non-restrictive,subject-20,duck,
43,restrictive,subject-20,shirt,
43,restrictive,subject-20,apple,
43,restrictive,subject-20,chalk,
43,restrictive,subject-20,ruler,
24,non-restrictive,subject-20,card,
24,non-restrictive,subject-20,scarf,
24,non-restrictive,subject-20,pencil,
24,non-restrictive,subject-20,needle,
50,non-restrictive,subject-20,envelope,
50,non-restrictive,subject-20,rubber band,
50,non-restrictive,subject-20,scissors,
50,non-restrictive,subject-20,stamp,
1,restrictive,subject-20,toy train,
1,restrictive,subject-20,ball,
1,restrictive,subject-20,cake,
1,restrictive,subject-20,toy car,
5,restrictive,subject-20,acorns,
5,restrictive,subject-20,shuttle cock,
5,restrictive,subject-20,ball,
5,restrictive,subject-20,paper plane,
37,restrictive,subject-20,boxes,
37,restrictive,subject-20,clips,
37,restrictive,subject-20,lego,
37,restrictive,subject-20,papers,
23,restrictive,subject-20,coat,
23,restrictive,subject-20,hook,
23,restrictive,subject-20,poster,
23,restrictive,subject-20,towel,
42,non-restrictive,subject-20,stone,
42,non-restrictive,subject-20,cone,
42,non-restrictive,subject-20,shell,
42,non-restrictive,subject-20,orange,
47,restrictive,subject-20,violin,
47,restrictive,subject-20,bow,
47,restrictive,subject-20,gum,
47,restrictive,subject-20,stand,
27,restrictive,subject-20,candle,
27,restrictive,subject-20,package,
27,restrictive,subject-20,coin,
27,restrictive,subject-20,coaster,
41,restrictive,subject-20,toothbrush,
41,restrictive,subject-20,iron,
41,restrictive,subject-20,blouse,
41,restrictive,subject-20,pin,
10,non-restrictive,subject-20,door,
10,non-restrictive,subject-20,cup,
10,non-restrictive,subject-20,bag,
10,non-restrictive,subject-20,book,
19,restrictive,subject-20,football,
19,restrictive,subject-20,stick,
19,restrictive,subject-20,feather,
19,restrictive,subject-20,leaf,
44,non-restrictive,subject-20,handle,
44,non-restrictive,subject-20,safe,
44,non-restrictive,subject-20,pan,
44,non-restrictive,subject-20,bolt,
32,non-restrictive,subject-20,seed,
32,non-restrictive,subject-20,bottle,
32,non-restrictive,subject-20,lemon,
32,non-restrictive,subject-20,sponge,
26,non-restrictive,subject-20,keyboard,
26,non-restrictive,subject-20,peach,
26,non-restrictive,subject-20,rope,
26,non-restrictive,subject-20,canvas,
2,non-restrictive,subject-20,cheese,
2,non-restrictive,subject-20,chair,
2,non-restrictive,subject-20,lipstick,
2,non-restrictive,subject-20,wine,
49,restrictive,subject-20,flag,
49,restrictive,subject-20,pouch,
49,restrictive,subject-20,balloon,
49,restrictive,subject-20,pump,
48,non-restrictive,subject-20,footstool,
48,non-restrictive,subject-20,carpet,
48,non-restrictive,subject-20,dustpan,
48,non-restrictive,subject-20,roller,
30,non-restrictive,subject-20,comb,
30,non-restrictive,subject-20,eraser,
30,non-restrictive,subject-20,tissue,
30,non-restrictive,subject-20,newspaper,
46,non-restrictive,subject-20,ladle,
46,non-restrictive,subject-20,peeler,
46,non-restrictive,subject-20,pot,
46,non-restrictive,subject-20,carrot,
31,restrictive,subject-20,dice,
31,restrictive,subject-20,cap,
31,restrictive,subject-20,watch,
31,restrictive,subject-20,headphones,
20,non-restrictive,subject-20,bowl,
20,non-restrictive,subject-20,bread,
20,non-restrictive,subject-20,spoon,
20,non-restrictive,subject-20,spatula,
34,non-restrictive,subject-20,envelope,
34,non-restrictive,subject-20,box,
34,non-restrictive,subject-20,gift,
34,non-restrictive,subject-20,suitcase,
9,restrictive,subject-20,telephone,
9,restrictive,subject-20,television,
9,restrictive,subject-20,piano,
9,restrictive,subject-20,table,
16,non-restrictive,subject-20,folder,1.0
16,non-restrictive,subject-20,hat,0.0
16,non-restrictive,subject-20,wallet,0.0
16,non-restrictive,subject-20,magnifying glass,0.0
3,restrictive,subject-20,man,
3,restrictive,subject-20,car,
3,restrictive,subject-20,houses,
3,restrictive,subject-20,dustbin,
45,restrictive,subject-20,ladle,
45,restrictive,subject-20,hammer,
45,restrictive,subject-20,dough,
45,restrictive,subject-20,glass,
18,non-restrictive,subject-20,bucket,
18,non-restrictive,subject-20,stone,
18,non-restrictive,subject-20,rope,
18,non-restrictive,subject-20,wood,
28,non-restrictive,subject-20,picture,
28,non-restrictive,subject-20,lamp,
28,non-restrictive,subject-20,switch,
28,non-restrictive,subject-20,frame,
33,restrictive,subject-20,biscuit,
33,restrictive,subject-20,kettle,
33,restrictive,subject-20,beer,
33,restrictive,subject-20,mug,
38,non-restrictive,subject-20,mitten,
38,non-restrictive,subject-20,marker,
38,non-restrictive,subject-20,key,
38,non-restrictive,subject-20,banana,
25,restrictive,subject-20,potato,
25,restrictive,subject-20,glass,
25,restrictive,subject-20,rabbit,
25,restrictive,subject-20,plate,
21,restrictive,subject-20,crayon,
21,restrictive,subject-20,cup,
21,restrictive,subject-20,kitten,
21,restrictive,subject-20,block,
40,non-restrictive,subject-20,buckle,
40,non-restrictive,subject-20,shoelace,
40,non-restrictive,subject-20,shampoo,
40,non-restrictive,subject-20,mat,
8,non-restrictive,subject-20,microscope,
8,non-restrictive,subject-20,child,
8,non-restrictive,subject-20,tv monitor,
8,non-restrictive,subject-20,toy bear,
14,non-restrictive,subject-20,filofax,
14,non-restrictive,subject-20,briefcase,
14,non-restrictive,subject-20,glasses,
14,non-restrictive,subject-20,cigarettes,
15,restrictive,subject-20,dog,
15,restrictive,subject-20,bird,
15,restrictive,subject-20,ball,
15,restrictive,subject-20,hen,
39,restrictive,subject-20,apron,
39,restrictive,subject-20,mop,
39,restrictive,subject-20,broom,
39,restrictive,subject-20,cloth,
36,non-restrictive,subject-20,pot,
36,non-restrictive,subject-20,mascara,
36,non-restrictive,subject-20,brush,
36,non-restrictive,subject-20,mirror,
17,restrictive,subject-20,backpack,
17,restrictive,subject-20,ribbon,
17,restrictive,subject-20,dress,
17,restrictive,subject-20,lantern,
4,non-restrictive,subject-20,rocking horse,
4,non-restrictive,subject-20,baby,
4,non-restrictive,subject-20,plant,
4,non-restrictive,subject-20,stool,
11,restrictive,subject-20,washing machine,
11,restrictive,subject-20,mirror,
11,restrictive,subject-20,dog,
11,restrictive,subject-20,wastebin,
29,restrictive,subject-20,nut,
29,restrictive,subject-20,sock,
29,restrictive,subject-20,milk,
29,restrictive,subject-20,glove,
7,restrictive,subject-20,mushrooms,
7,restrictive,subject-20,knife,
7,restrictive,subject-20,weighing scales,
7,restrictive,subject-20,jug,
22,non-restrictive,subject-20,magazine,
22,non-restrictive,subject-20,vase,
22,non-restrictive,subject-20,cushion,
22,non-restrictive,subject-20,flower,
13,restrictive,subject-20,sun,
13,restrictive,subject-20,car,
13,restrictive,subject-20,boat,
13,restrictive,subject-20,birds,
6,non-restrictive,subject-20,animal,
6,non-restrictive,subject-20,cactus,
6,non-restrictive,subject-20,moon,
6,non-restrictive,subject-20,mountain,
12,non-restrictive,subject-20,bricks,
12,non-restrictive,subject-20,bell,
12,non-restrictive,subject-20,drum,
12,non-restrictive,subject-20,duck,
43,restrictive,subject-20,shirt,
43,restrictive,subject-20,apple,
43,restrictive,subject-20,chalk,
43,restrictive,subject-20,ruler,
24,non-restrictive,subject-20,card,
24,non-restrictive,subject-20,scarf,
24,non-restrictive,subject-20,pencil,
24,non-restrictive,subject-20,needle,
50,non-restrictive,subject-20,envelope,
50,non-restrictive,subject-20,rubber band,
50,non-restrictive,subject-20,scissors,
50,non-restrictive,subject-20,stamp,
1,restrictive,subject-20,toy train,
1,restrictive,subject-20,ball,
1,restrictive,subject-20,cake,
1,restrictive,subject-20,toy car,
5,restrictive,subject-20,acorns,
5,restrictive,subject-20,shuttle cock,
5,restrictive,subject-20,ball,
5,restrictive,subject-20,paper plane,
37,restrictive,subject-20,boxes,
37,restrictive,subject-20,clips,
37,restrictive,subject-20,lego,
37,restrictive,subject-20,papers,
23,restrictive,subject-20,coat,
23,restrictive,subject-20,hook,
23,restrictive,subject-20,poster,
23,restrictive,subject-20,towel,
42,non-restrictive,subject-20,stone,
42,non-restrictive,subject-20,cone,
42,non-restrictive,subject-20,shell,
42,non-restrictive,subject-20,orange,
47,restrictive,subject-20,violin,
47,restrictive,subject-20,bow,
47,restrictive,subject-20,gum,
47,restrictive,subject-20,stand,
27,restrictive,subject-20,candle,
27,restrictive,subject-20,package,
27,restrictive,subject-20,coin,
27,restrictive,subject-20,coaster,
41,restrictive,subject-20,toothbrush,
41,restrictive,subject-20,iron,
41,restrictive,subject-20,blouse,
41,restrictive,subject-20,pin,
10,non-restrictive,subject-20,door,
10,non-restrictive,subject-20,cup,
10,non-restrictive,subject-20,bag,
10,non-restrictive,subject-20,book,
19,restrictive,subject-20,football,
19,restrictive,subject-20,stick,
19,restrictive,subject-20,feather,
19,restrictive,subject-20,leaf,
44,non-restrictive,subject-20,handle,
44,non-restrictive,subject-20,safe,
44,non-restrictive,subject-20,pan,
44,non-restrictive,subject-20,bolt,
32,non-restrictive,subject-20,seed,
32,non-restrictive,subject-20,bottle,
32,non-restrictive,subject-20,lemon,
32,non-restrictive,subject-20,sponge,
26,non-restrictive,subject-20,keyboard,
26,non-restrictive,subject-20,peach,
26,non-restrictive,subject-20,rope,
26,non-restrictive,subject-20,canvas,
2,non-restrictive,subject-20,cheese,
2,non-restrictive,subject-20,chair,
2,non-restrictive,subject-20,lipstick,
2,non-restrictive,subject-20,wine,
49,restrictive,subject-20,flag,
49,restrictive,subject-20,pouch,
49,restrictive,subject-20,balloon,
49,restrictive,subject-20,pump,
48,non-restrictive,subject-20,footstool,
48,non-restrictive,subject-20,carpet,
48,non-restrictive,subject-20,dustpan,
48,non-restrictive,subject-20,roller,
30,non-restrictive,subject-20,comb,
30,non-restrictive,subject-20,eraser,
30,non-restrictive,subject-20,tissue,
30,non-restrictive,subject-20,newspaper,
46,non-restrictive,subject-20,ladle,
46,non-restrictive,subject-20,peeler,
46,non-restrictive,subject-20,pot,
46,non-restrictive,subject-20,carrot,
31,restrictive,subject-20,dice,
31,restrictive,subject-20,cap,
31,restrictive,subject-20,watch,
31,restrictive,subject-20,headphones,
20,non-restrictive,subject-20,bowl,
20,non-restrictive,subject-20,bread,
20,non-restrictive,subject-20,spoon,
20,non-restrictive,subject-20,spatula,
34,non-restrictive,subject-20,envelope,
34,non-restrictive,subject-20,box,
34,non-restrictive,subject-20,gift,
34,non-restrictive,subject-20,suitcase,
9,restrictive,subject-20,telephone,
9,restrictive,subject-20,television,
9,restrictive,subject-20,piano,
9,restrictive,subject-20,table,
16,non-restrictive,subject-20,folder,1.0
16,non-restrictive,subject-20,hat,0.0
16,non-restrictive,subject-20,wallet,0.0
16,non-restrictive,subject-20,magnifying glass,0.0
3,restrictive,subject-20,man,
3,restrictive,subject-20,car,
3,restrictive,subject-20,houses,
3,restrictive,subject-20,dustbin,
45,restrictive,subject-20,ladle,
45,restrictive,subject-20,hammer,
45,restrictive,subject-20,dough,
45,restrictive,subject-20,glass,
18,non-restrictive,subject-20,bucket,
18,non-restrictive,subject-20,stone,
18,non-restrictive,subject-20,rope,
18,non-restrictive,subject-20,wood,
28,non-restrictive,subject-20,picture,
28,non-restrictive,subject-20,lamp,
28,non-restrictive,subject-20,switch,
28,non-restrictive,subject-20,frame,
33,restrictive,subject-20,biscuit,
33,restrictive,subject-20,kettle,
33,restrictive,subject-20,beer,
33,restrictive,subject-20,mug,
38,non-restrictive,subject-20,mitten,
38,non-restrictive,subject-20,marker,
38,non-restrictive,subject-20,key,
38,non-restrictive,subject-20,banana,
25,restrictive,subject-20,potato,
25,restrictive,subject-20,glass,
25,restrictive,subject-20,rabbit,
25,restrictive,subject-20,plate,
21,restrictive,subject-20,crayon,
21,restrictive,subject-20,cup,
21,restrictive,subject-20,kitten,
21,restrictive,subject-20,block,
40,non-restrictive,subject-20,buckle,
40,non-restrictive,subject-20,shoelace,
40,non-restrictive,subject-20,shampoo,
40,non-restrictive,subject-20,mat,
8,non-restrictive,subject-20,microscope,
8,non-restrictive,subject-20,child,
8,non-restrictive,subject-20,tv monitor,
8,non-restrictive,subject-20,toy bear,
14,non-restrictive,subject-20,filofax,
14,non-restrictive,subject-20,briefcase,
14,non-restrictive,subject-20,glasses,
14,non-restrictive,subject-20,cigarettes,
15,restrictive,subject-20,dog,
15,restrictive,subject-20,bird,
15,restrictive,subject-20,ball,
15,restrictive,subject-20,hen,
39,restrictive,subject-20,apron,
39,restrictive,subject-20,mop,
39,restrictive,subject-20,broom,
39,restrictive,subject-20,cloth,
36,non-restrictive,subject-20,pot,
36,non-restrictive,subject-20,mascara,
36,non-restrictive,subject-20,brush,
36,non-restrictive,subject-20,mirror,
17,restrictive,subject-20,backpack,
17,restrictive,subject-20,ribbon,
17,restrictive,subject-20,dress,
17,restrictive,subject-20,lantern,
3,non-restrictive,subject-21,man,
3,non-restrictive,subject-21,car,
3,non-restrictive,subject-21,houses,
3,non-restrictive,subject-21,dustbin,
2,restrictive,subject-21,cheese,
2,restrictive,subject-21,chair,
2,restrictive,subject-21,lipstick,
2,restrictive,subject-21,wine,
47,non-restrictive,subject-21,violin,
47,non-restrictive,subject-21,bow,
47,non-restrictive,subject-21,gum,
47,non-restrictive,subject-21,stand,
37,non-restrictive,subject-21,boxes,
37,non-restrictive,subject-21,clips,
37,non-restrictive,subject-21,lego,
37,non-restrictive,subject-21,papers,
30,restrictive,subject-21,comb,
30,restrictive,subject-21,eraser,
30,restrictive,subject-21,tissue,
30,restrictive,subject-21,newspaper,
12,restrictive,subject-21,bricks,
12,restrictive,subject-21,bell,
12,restrictive,subject-21,drum,
12,restrictive,subject-21,duck,
17,non-restrictive,subject-21,backpack,
17,non-restrictive,subject-21,ribbon,
17,non-restrictive,subject-21,dress,
17,non-restrictive,subject-21,lantern,
31,non-restrictive,subject-21,dice,
31,non-restrictive,subject-21,cap,
31,non-restrictive,subject-21,watch,
31,non-restrictive,subject-21,headphones,
1,non-restrictive,subject-21,toy train,
1,non-restrictive,subject-21,ball,
1,non-restrictive,subject-21,cake,
1,non-restrictive,subject-21,toy car,
22,restrictive,subject-21,magazine,
22,restrictive,subject-21,vase,
22,restrictive,subject-21,cushion,
22,restrictive,subject-21,flower,
11,non-restrictive,subject-21,washing machine,
11,non-restrictive,subject-21,mirror,
11,non-restrictive,subject-21,dog,
11,non-restrictive,subject-21,wastebin,
50,restrictive,subject-21,envelope,
50,restrictive,subject-21,rubber band,
50,restrictive,subject-21,scissors,
50,restrictive,subject-21,stamp,
5,non-restrictive,subject-21,acorns,
5,non-restrictive,subject-21,shuttle cock,
5,non-restrictive,subject-21,ball,
5,non-restrictive,subject-21,paper plane,
19,non-restrictive,subject-21,football,
19,non-restrictive,subject-21,stick,
19,non-restrictive,subject-21,feather,
19,non-restrictive,subject-21,leaf,
4,restrictive,subject-21,rocking horse,
4,restrictive,subject-21,baby,
4,restrictive,subject-21,plant,
4,restrictive,subject-21,stool,
40,restrictive,subject-21,buckle,
40,restrictive,subject-21,shoelace,
40,restrictive,subject-21,shampoo,
40,restrictive,subject-21,mat,
7,non-restrictive,subject-21,mushrooms,
7,non-restrictive,subject-21,knife,
7,non-restrictive,subject-21,weighing scales,
7,non-restrictive,subject-21,jug,
20,restrictive,subject-21,bowl,
20,restrictive,subject-21,bread,
20,restrictive,subject-21,spoon,
20,restrictive,subject-21,spatula,
42,restrictive,subject-21,stone,
42,restrictive,subject-21,cone,
42,restrictive,subject-21,shell,
42,restrictive,subject-21,orange,
41,non-restrictive,subject-21,toothbrush,
41,non-restrictive,subject-21,iron,
41,non-restrictive,subject-21,blouse,
41,non-restrictive,subject-21,pin,
14,restrictive,subject-21,filofax,
14,restrictive,subject-21,briefcase,
14,restrictive,subject-21,glasses,
14,restrictive,subject-21,cigarettes,
34,restrictive,subject-21,envelope,
34,restrictive,subject-21,box,
34,restrictive,subject-21,gift,
34,restrictive,subject-21,suitcase,
38,restrictive,subject-21,mitten,
38,restrictive,subject-21,marker,
38,restrictive,subject-21,key,
38,restrictive,subject-21,banana,
24,restrictive,subject-21,card,
24,restrictive,subject-21,scarf,
24,restrictive,subject-21,pencil,
24,restrictive,subject-21,needle,
29,non-restrictive,subject-21,nut,
29,non-restrictive,subject-21,sock,
29,non-restrictive,subject-21,milk,
29,non-restrictive,subject-21,glove,
44,restrictive,subject-21,handle,0.0
44,restrictive,subject-21,safe,0.0
44,restrictive,subject-21,pan,1.0
44,restrictive,subject-21,bolt,0.0
21,non-restrictive,subject-21,crayon,
21,non-restrictive,subject-21,cup,
21,non-restrictive,subject-21,kitten,
21,non-restrictive,subject-21,block,
28,restrictive,subject-21,picture,
28,restrictive,subject-21,lamp,
28,restrictive,subject-21,switch,
28,restrictive,subject-21,frame,
10,restrictive,subject-21,door,
10,restrictive,subject-21,cup,
10,restrictive,subject-21,bag,
10,restrictive,subject-21,book,
16,restrictive,subject-21,folder,
16,restrictive,subject-21,hat,
16,restrictive,subject-21,wallet,
16,restrictive,subject-21,magnifying glass,
25,non-restrictive,subject-21,potato,
25,non-restrictive,subject-21,glass,
25,non-restrictive,subject-21,rabbit,
25,non-restrictive,subject-21,plate,
15,non-restrictive,subject-21,dog,
15,non-restrictive,subject-21,bird,
15,non-restrictive,subject-21,ball,
15,non-restrictive,subject-21,hen,
27,non-restrictive,subject-21,candle,
27,non-restrictive,subject-21,package,
27,non-restrictive,subject-21,coin,
27,non-restrictive,subject-21,coaster,
39,non-restrictive,subject-21,apron,
39,non-restrictive,subject-21,mop,
39,non-restrictive,subject-21,broom,
39,non-restrictive,subject-21,cloth,
43,non-restrictive,subject-21,shirt,
43,non-restrictive,subject-21,apple,
43,non-restrictive,subject-21,chalk,
43,non-restrictive,subject-21,ruler,
26,restrictive,subject-21,keyboard,
26,restrictive,subject-21,peach,
26,restrictive,subject-21,rope,
26,restrictive,subject-21,canvas,
23,non-restrictive,subject-21,coat,
23,non-restrictive,subject-21,hook,
23,non-restrictive,subject-21,poster,
23,non-restrictive,subject-21,towel,
32,restrictive,subject-21,seed,0.0
32,restrictive,subject-21,bottle,1.0
32,restrictive,subject-21,lemon,0.0
32,restrictive,subject-21,sponge,0.0
8,restrictive,subject-21,microscope,1.0
8,restrictive,subject-21,child,0.0
8,restrictive,subject-21,tv monitor,0.0
8,restrictive,subject-21,toy bear,0.0
18,restrictive,subject-21,bucket,
18,restrictive,subject-21,stone,
18,restrictive,subject-21,rope,
18,restrictive,subject-21,wood,
9,non-restrictive,subject-21,telephone,
9,non-restrictive,subject-21,television,
9,non-restrictive,subject-21,piano,
9,non-restrictive,subject-21,table,
46,restrictive,subject-21,ladle,
46,restrictive,subject-21,peeler,
46,restrictive,subject-21,pot,
46,restrictive,subject-21,carrot,
35,non-restrictive,subject-21,radio,
35,non-restrictive,subject-21,puzzle,
35,non-restrictive,subject-21,notebook,
35,non-restrictive,subject-21,pillow,
45,non-restrictive,subject-21,ladle,
45,non-restrictive,subject-21,hammer,
45,non-restrictive,subject-21,dough,
45,non-restrictive,subject-21,glass,
48,restrictive,subject-21,footstool,
48,restrictive,subject-21,carpet,
48,restrictive,subject-21,dustpan,
48,restrictive,subject-21,roller,
49,non-restrictive,subject-21,flag,0.3333
49,non-restrictive,subject-21,pouch,0.6667
49,non-restrictive,subject-21,balloon,0.0
49,non-restrictive,subject-21,pump,0.0
6,restrictive,subject-21,animal,0.0
6,restrictive,subject-21,cactus,0.0
6,restrictive,subject-21,moon,1.0
6,restrictive,subject-21,mountain,0.0
36,restrictive,subject-21,pot,
36,restrictive,subject-21,mascara,
36,restrictive,subject-21,brush,
36,restrictive,subject-21,mirror,
33,non-restrictive,subject-21,biscuit,
33,non-restrictive,subject-21,kettle,
33,non-restrictive,subject-21,beer,
33,non-restrictive,subject-21,mug,
13,non-restrictive,subject-21,sun,
13,non-restrictive,subject-21,car,
13,non-restrictive,subject-21,boat,
13,non-restrictive,subject-21,birds,
3,non-restrictive,subject-21,man,
3,non-restrictive,subject-21,car,
3,non-restrictive,subject-21,houses,
3,non-restrictive,subject-21,dustbin,
2,restrictive,subject-21,cheese,
2,restrictive,subject-21,chair,
2,restrictive,subject-21,lipstick,
2,restrictive,subject-21,wine,
47,non-restrictive,subject-21,violin,
47,non-restrictive,subject-21,bow,
47,non-restrictive,subject-21,gum,
47,non-restrictive,subject-21,stand,
37,non-restrictive,subject-21,boxes,
37,non-restrictive,subject-21,clips,
37,non-restrictive,subject-21,lego,
37,non-restrictive,subject-21,papers,
30,restrictive,subject-21,comb,
30,restrictive,subject-21,eraser,
30,restrictive,subject-21,tissue,
30,restrictive,subject-21,newspaper,
12,restrictive,subject-21,bricks,
12,restrictive,subject-21,bell,
12,restrictive,subject-21,drum,
12,restrictive,subject-21,duck,
17,non-restrictive,subject-21,backpack,
17,non-restrictive,subject-21,ribbon,
17,non-restrictive,subject-21,dress,
17,non-restrictive,subject-21,lantern,
31,non-restrictive,subject-21,dice,
31,non-restrictive,subject-21,cap,
31,non-restrictive,subject-21,watch,
31,non-restrictive,subject-21,headphones,
1,non-restrictive,subject-21,toy train,
1,non-restrictive,subject-21,ball,
1,non-restrictive,subject-21,cake,
1,non-restrictive,subject-21,toy car,
22,restrictive,subject-21,magazine,
22,restrictive,subject-21,vase,
22,restrictive,subject-21,cushion,
22,restrictive,subject-21,flower,
11,non-restrictive,subject-21,washing machine,
11,non-restrictive,subject-21,mirror,
11,non-restrictive,subject-21,dog,
11,non-restrictive,subject-21,wastebin,
50,restrictive,subject-21,envelope,
50,restrictive,subject-21,rubber band,
50,restrictive,subject-21,scissors,
50,restrictive,subject-21,stamp,
5,non-restrictive,subject-21,acorns,
5,non-restrictive,subject-21,shuttle cock,
5,non-restrictive,subject-21,ball,
5,non-restrictive,subject-21,paper plane,
19,non-restrictive,subject-21,football,
19,non-restrictive,subject-21,stick,
19,non-restrictive,subject-21,feather,
19,non-restrictive,subject-21,leaf,
4,restrictive,subject-21,rocking horse,
4,restrictive,subject-21,baby,
4,restrictive,subject-21,plant,
4,restrictive,subject-21,stool,
40,restrictive,subject-21,buckle,
40,restrictive,subject-21,shoelace,
40,restrictive,subject-21,shampoo,
40,restrictive,subject-21,mat,
7,non-restrictive,subject-21,mushrooms,
7,non-restrictive,subject-21,knife,
7,non-restrictive,subject-21,weighing scales,
7,non-restrictive,subject-21,jug,
20,restrictive,subject-21,bowl,
20,restrictive,subject-21,bread,
20,restrictive,subject-21,spoon,
20,restrictive,subject-21,spatula,
42,restrictive,subject-21,stone,
42,restrictive,subject-21,cone,
42,restrictive,subject-21,shell,
42,restrictive,subject-21,orange,
41,non-restrictive,subject-21,toothbrush,
41,non-restrictive,subject-21,iron,
41,non-restrictive,subject-21,blouse,
41,non-restrictive,subject-21,pin,
14,restrictive,subject-21,filofax,
14,restrictive,subject-21,briefcase,
14,restrictive,subject-21,glasses,
14,restrictive,subject-21,cigarettes,
34,restrictive,subject-21,envelope,
34,restrictive,subject-21,box,
34,restrictive,subject-21,gift,
34,restrictive,subject-21,suitcase,
38,restrictive,subject-21,mitten,
38,restrictive,subject-21,marker,
38,restrictive,subject-21,key,
38,restrictive,subject-21,banana,
24,restrictive,subject-21,card,
24,restrictive,subject-21,scarf,
24,restrictive,subject-21,pencil,
24,restrictive,subject-21,needle,
29,non-restrictive,subject-21,nut,
29,non-restrictive,subject-21,sock,
29,non-restrictive,subject-21,milk,
29,non-restrictive,subject-21,glove,
44,restrictive,subject-21,handle,0.0
44,restrictive,subject-21,safe,0.0
44,restrictive,subject-21,pan,1.0
44,restrictive,subject-21,bolt,0.0
21,non-restrictive,subject-21,crayon,
21,non-restrictive,subject-21,cup,
21,non-restrictive,subject-21,kitten,
21,non-restrictive,subject-21,block,
28,restrictive,subject-21,picture,
28,restrictive,subject-21,lamp,
28,restrictive,subject-21,switch,
28,restrictive,subject-21,frame,
10,restrictive,subject-21,door,
10,restrictive,subject-21,cup,
10,restrictive,subject-21,bag,
10,restrictive,subject-21,book,
16,restrictive,subject-21,folder,
16,restrictive,subject-21,hat,
16,restrictive,subject-21,wallet,
16,restrictive,subject-21,magnifying glass,
25,non-restrictive,subject-21,potato,
25,non-restrictive,subject-21,glass,
25,non-restrictive,subject-21,rabbit,
25,non-restrictive,subject-21,plate,
15,non-restrictive,subject-21,dog,
15,non-restrictive,subject-21,bird,
15,non-restrictive,subject-21,ball,
15,non-restrictive,subject-21,hen,
27,non-restrictive,subject-21,candle,
27,non-restrictive,subject-21,package,
27,non-restrictive,subject-21,coin,
27,non-restrictive,subject-21,coaster,
39,non-restrictive,subject-21,apron,
39,non-restrictive,subject-21,mop,
39,non-restrictive,subject-21,broom,
39,non-restrictive,subject-21,cloth,
43,non-restrictive,subject-21,shirt,
43,non-restrictive,subject-21,apple,
43,non-restrictive,subject-21,chalk,
43,non-restrictive,subject-21,ruler,
26,restrictive,subject-21,keyboard,
26,restrictive,subject-21,peach,
26,restrictive,subject-21,rope,
26,restrictive,subject-21,canvas,
23,non-restrictive,subject-21,coat,
23,non-restrictive,subject-21,hook,
23,non-restrictive,subject-21,poster,
23,non-restrictive,subject-21,towel,
32,restrictive,subject-21,seed,0.0
32,restrictive,subject-21,bottle,1.0
32,restrictive,subject-21,lemon,0.0
32,restrictive,subject-21,sponge,0.0
8,restrictive,subject-21,microscope,1.0
8,restrictive,subject-21,child,0.0
8,restrictive,subject-21,tv monitor,0.0
8,restrictive,subject-21,toy bear,0.0
18,restrictive,subject-21,bucket,
18,restrictive,subject-21,stone,
18,restrictive,subject-21,rope,
18,restrictive,subject-21,wood,
9,non-restrictive,subject-21,telephone,
9,non-restrictive,subject-21,television,
9,non-restrictive,subject-21,piano,
9,non-restrictive,subject-21,table,
46,restrictive,subject-21,ladle,
46,restrictive,subject-21,peeler,
46,restrictive,subject-21,pot,
46,restrictive,subject-21,carrot,
35,non-restrictive,subject-21,radio,
35,non-restrictive,subject-21,puzzle,
35,non-restrictive,subject-21,notebook,
35,non-restrictive,subject-21,pillow,
45,non-restrictive,subject-21,ladle,
45,non-restrictive,subject-21,hammer,
45,non-restrictive,subject-21,dough,
45,non-restrictive,subject-21,glass,
48,restrictive,subject-21,footstool,
48,restrictive,subject-21,carpet,
48,restrictive,subject-21,dustpan,
48,restrictive,subject-21,roller,
49,non-restrictive,subject-21,flag,0.3333
49,non-restrictive,subject-21,pouch,0.6667
49,non-restrictive,subject-21,balloon,0.0
49,non-restrictive,subject-21,pump,0.0
6,restrictive,subject-21,animal,0.0
6,restrictive,subject-21,cactus,0.0
6,restrictive,subject-21,moon,1.0
6,restrictive,subject-21,mountain,0.0
36,restrictive,subject-21,pot,
36,restrictive,subject-21,mascara,
36,restrictive,subject-21,brush,
36,restrictive,subject-21,mirror,
33,non-restrictive,subject-21,biscuit,
33,non-restrictive,subject-21,kettle,
33,non-restrictive,subject-21,beer,
33,non-restrictive,subject-21,mug,
13,non-restrictive,subject-21,sun,
13,non-restrictive,subject-21,car,
13,non-restrictive,subject-21,boat,
13,non-restrictive,subject-21,birds,
46,non-restrictive,subject-22,carrot,
46,non-restrictive,subject-22,ladle,
46,non-restrictive,subject-22,peeler,
46,non-restrictive,subject-22,pot,
8,non-restrictive,subject-22,toy bear,0.0
8,non-restrictive,subject-22,microscope,1.0
8,non-restrictive,subject-22,child,0.0
8,non-restrictive,subject-22,tv monitor,0.0
30,non-restrictive,subject-22,newspaper,
30,non-restrictive,subject-22,comb,
30,non-restrictive,subject-22,eraser,
30,non-restrictive,subject-22,tissue,
39,restrictive,subject-22,cloth,
39,restrictive,subject-22,apron,
39,restrictive,subject-22,mop,
39,restrictive,subject-22,broom,
7,restrictive,subject-22,jug,
7,restrictive,subject-22,mushrooms,
7,restrictive,subject-22,knife,
7,restrictive,subject-22,weighing scales,
50,non-restrictive,subject-22,stamp,
50,non-restrictive,subject-22,envelope,
50,non-restrictive,subject-22,rubber band,
50,non-restrictive,subject-22,scissors,
6,non-restrictive,subject-22,mountain,
6,non-restrictive,subject-22,animal,
6,non-restrictive,subject-22,cactus,
6,non-restrictive,subject-22,moon,
32,non-restrictive,subject-22,sponge,
32,non-restrictive,subject-22,seed,
32,non-restrictive,subject-22,bottle,
32,non-restrictive,subject-22,lemon,
21,restrictive,subject-22,block,
21,restrictive,subject-22,crayon,
21,restrictive,subject-22,cup,
21,restrictive,subject-22,kitten,
26,non-restrictive,subject-22,canvas,
26,non-restrictive,subject-22,keyboard,
26,non-restrictive,subject-22,peach,
26,non-restrictive,subject-22,rope,
48,non-restrictive,subject-22,roller,
48,non-restrictive,subject-22,footstool,
48,non-restrictive,subject-22,carpet,
48,non-restrictive,subject-22,dustpan,
45,restrictive,subject-22,glass,
45,restrictive,subject-22,ladle,
45,restrictive,subject-22,hammer,
45,restrictive,subject-22,dough,
1,restrictive,subject-22,toy car,
1,restrictive,subject-22,toy train,
1,restrictive,subject-22,ball,
1,restrictive,subject-22,cake,
38,non-restrictive,subject-22,banana,
38,non-restrictive,subject-22,mitten,
38,non-restrictive,subject-22,marker,
38,non-restrictive,subject-22,key,
27,restrictive,subject-22,coaster,
27,restrictive,subject-22,candle,
27,restrictive,subject-22,package,
27,restrictive,subject-22,coin,
22,non-restrictive,subject-22,flower,
22,non-restrictive,subject-22,magazine,
22,non-restrictive,subject-22,vase,
22,non-restrictive,subject-22,cushion,
19,restrictive,subject-22,leaf,
19,restrictive,subject-22,football,
19,restrictive,subject-22,stick,
19,restrictive,subject-22,feather,
40,non-restrictive,subject-22,mat,
40,non-restrictive,subject-22,buckle,
40,non-restrictive,subject-22,shoelace,
40,non-restrictive,subject-22,shampoo,
2,non-restrictive,subject-22,wine,
2,non-restrictive,subject-22,cheese,
2,non-restrictive,subject-22,chair,
2,non-restrictive,subject-22,lipstick,
37,restrictive,subject-22,papers,
37,restrictive,subject-22,boxes,
37,restrictive,subject-22,clips,
37,restrictive,subject-22,lego,
23,restrictive,subject-22,towel,
23,restrictive,subject-22,coat,
23,restrictive,subject-22,hook,
23,restrictive,subject-22,poster,
16,non-restrictive,subject-22,magnifying glass,
16,non-restrictive,subject-22,folder,
16,non-restrictive,subject-22,hat,
16,non-restrictive,subject-22,wallet,
17,restrictive,subject-22,lantern,
17,restrictive,subject-22,backpack,
17,restrictive,subject-22,ribbon,
17,restrictive,subject-22,dress,
18,non-restrictive,subject-22,wood,
18,non-restrictive,subject-22,bucket,
18,non-restrictive,subject-22,stone,
18,non-restrictive,subject-22,rope,
15,restrictive,subject-22,hen,
15,restrictive,subject-22,dog,
15,restrictive,subject-22,bird,
15,restrictive,subject-22,ball,
24,non-restrictive,subject-22,needle,
24,non-restrictive,subject-22,card,
24,non-restrictive,subject-22,scarf,
24,non-restrictive,subject-22,pencil,
34,non-restrictive,subject-22,suitcase,
34,non-restrictive,subject-22,envelope,
34,non-restrictive,subject-22,box,
34,non-restrictive,subject-22,gift,
31,restrictive,subject-22,headphones,
31,restrictive,subject-22,dice,
31,restrictive,subject-22,cap,
31,restrictive,subject-22,watch,
25,restrictive,subject-22,plate,
25,restrictive,subject-22,potato,
25,restrictive,subject-22,glass,
25,restrictive,subject-22,rabbit,
11,restrictive,subject-22,wastebin,
11,restrictive,subject-22,washing machine,
11,restrictive,subject-22,mirror,
11,restrictive,subject-22,dog,
20,non-restrictive,subject-22,spatula,
20,non-restrictive,subject-22,bowl,
20,non-restrictive,subject-22,bread,
20,non-restrictive,subject-22,spoon,
13,restrictive,subject-22,birds,
13,restrictive,subject-22,sun,
13,restrictive,subject-22,car,
13,restrictive,subject-22,boat,
41,restrictive,subject-22,pin,
41,restrictive,subject-22,toothbrush,
41,restrictive,subject-22,iron,
41,restrictive,subject-22,blouse,
4,non-restrictive,subject-22,stool,
4,non-restrictive,subject-22,rocking horse,
4,non-restrictive,subject-22,baby,
4,non-restrictive,subject-22,plant,
47,restrictive,subject-22,stand,
47,restrictive,subject-22,violin,
47,restrictive,subject-22,bow,
47,restrictive,subject-22,gum,
9,restrictive,subject-22,table,
9,restrictive,subject-22,telephone,
9,restrictive,subject-22,television,
9,restrictive,subject-22,piano,
28,non-restrictive,subject-22,frame,
28,non-restrictive,subject-22,picture,
28,non-restrictive,subject-22,lamp,
28,non-restrictive,subject-22,switch,
10,non-restrictive,subject-22,book,
10,non-restrictive,subject-22,door,
10,non-restrictive,subject-22,cup,
10,non-restrictive,subject-22,bag,
43,restrictive,subject-22,ruler,
43,restrictive,subject-22,shirt,
43,restrictive,subject-22,apple,
43,restrictive,subject-22,chalk,
3,restrictive,subject-22,dustbin,
3,restrictive,subject-22,man,
3,restrictive,subject-22,car,
3,restrictive,subject-22,houses,
14,non-restrictive,subject-22,cigarettes,1.0
14,non-restrictive,subject-22,filofax,0.0
14,non-restrictive,subject-22,briefcase,0.0
14,non-restrictive,subject-22,glasses,0.0
49,restrictive,subject-22,pump,
49,restrictive,subject-22,flag,
49,restrictive,subject-22,pouch,
49,restrictive,subject-22,balloon,
12,non-restrictive,subject-22,duck,
12,non-restrictive,subject-22,bricks,
12,non-restrictive,subject-22,bell,
12,non-restrictive,subject-22,drum,
42,non-restrictive,subject-22,orange,
42,non-restrictive,subject-22,stone,
42,non-restrictive,subject-22,cone,
42,non-restrictive,subject-22,shell,
44,non-restrictive,subject-22,bolt,
44,non-restrictive,subject-22,handle,
44,non-restrictive,subject-22,safe,
44,non-restrictive,subject-22,pan,
5,restrictive,subject-22,paper plane,
5,restrictive,subject-22,acorns,
5,restrictive,subject-22,shuttle cock,
5,restrictive,subject-22,ball,
36,non-restrictive,subject-22,mirror,
36,non-restrictive,subject-22,pot,
36,non-restrictive,subject-22,mascara,
36,non-restrictive,subject-22,brush,
29,restrictive,subject-22,glove,
29,restrictive,subject-22,nut,
29,restrictive,subject-22,sock,
29,restrictive,subject-22,milk,
33,restrictive,subject-22,mug,
33,restrictive,subject-22,biscuit,
33,restrictive,subject-22,kettle,
33,restrictive,subject-22,beer,
25,non-restrictive,subject-23,plate,
25,non-restrictive,subject-23,potato,
25,non-restrictive,subject-23,glass,
25,non-restrictive,subject-23,rabbit,
4,restrictive,subject-23,stool,
4,restrictive,subject-23,rocking horse,
4,restrictive,subject-23,baby,
4,restrictive,subject-23,plant,
7,non-restrictive,subject-23,jug,
7,non-restrictive,subject-23,mushrooms,
7,non-restrictive,subject-23,knife,
7,non-restrictive,subject-23,weighing scales,
45,non-restrictive,subject-23,glass,0.0
45,non-restrictive,subject-23,ladle,0.0
45,non-restrictive,subject-23,hammer,0.0
45,non-restrictive,subject-23,dough,1.0
10,restrictive,subject-23,book,
10,restrictive,subject-23,door,
10,restrictive,subject-23,cup,
10,restrictive,subject-23,bag,
12,restrictive,subject-23,duck,
12,restrictive,subject-23,bricks,
12,restrictive,subject-23,bell,
12,restrictive,subject-23,drum,
19,non-restrictive,subject-23,leaf,
19,non-restrictive,subject-23,football,
19,non-restrictive,subject-23,stick,
19,non-restrictive,subject-23,feather,
43,non-restrictive,subject-23,ruler,
43,non-restrictive,subject-23,shirt,
43,non-restrictive,subject-23,apple,
43,non-restrictive,subject-23,chalk,
24,restrictive,subject-23,needle,
24,restrictive,subject-23,card,
24,restrictive,subject-23,scarf,
24,restrictive,subject-23,pencil,
47,non-restrictive,subject-23,stand,
47,non-restrictive,subject-23,violin,
47,non-restrictive,subject-23,bow,
47,non-restrictive,subject-23,gum,
27,non-restrictive,subject-23,coaster,
27,non-restrictive,subject-23,candle,
27,non-restrictive,subject-23,package,
27,non-restrictive,subject-23,coin,
8,restrictive,subject-23,toy bear,
8,restrictive,subject-23,microscope,
8,restrictive,subject-23,child,
8,restrictive,subject-23,tv monitor,
42,restrictive,subject-23,orange,
42,restrictive,subject-23,stone,
42,restrictive,subject-23,cone,
42,restrictive,subject-23,shell,
48,restrictive,subject-23,roller,
48,restrictive,subject-23,footstool,
48,restrictive,subject-23,carpet,
48,restrictive,subject-23,dustpan,
11,non-restrictive,subject-23,wastebin,
11,non-restrictive,subject-23,washing machine,
11,non-restrictive,subject-23,mirror,
11,non-restrictive,subject-23,dog,
35,non-restrictive,subject-23,pillow,
35,non-restrictive,subject-23,radio,
35,non-restrictive,subject-23,puzzle,
35,non-restrictive,subject-23,notebook,
30,restrictive,subject-23,newspaper,
30,restrictive,subject-23,comb,
30,restrictive,subject-23,eraser,
30,restrictive,subject-23,tissue,
50,restrictive,subject-23,stamp,
50,restrictive,subject-23,envelope,
50,restrictive,subject-23,rubber band,
50,restrictive,subject-23,scissors,
34,restrictive,subject-23,suitcase,0.0
34,restrictive,subject-23,envelope,1.0
34,restrictive,subject-23,box,0.0
34,restrictive,subject-23,gift,0.0
22,restrictive,subject-23,flower,
22,restrictive,subject-23,magazine,
22,restrictive,subject-23,vase,
22,restrictive,subject-23,cushion,
23,non-restrictive,subject-23,towel,
23,non-restrictive,subject-23,coat,
23,non-restrictive,subject-23,hook,
23,non-restrictive,subject-23,poster,
2,restrictive,subject-23,wine,
2,restrictive,subject-23,cheese,
2,restrictive,subject-23,chair,
2,restrictive,subject-23,lipstick,
17,non-restrictive,subject-23,lantern,
17,non-restrictive,subject-23,backpack,
17,non-restrictive,subject-23,ribbon,
17,non-restrictive,subject-23,dress,
46,restrictive,subject-23,carrot,
46,restrictive,subject-23,ladle,
46,restrictive,subject-23,peeler,
46,restrictive,subject-23,pot,
26,restrictive,subject-23,canvas,
26,restrictive,subject-23,keyboard,
26,restrictive,subject-23,peach,
26,restrictive,subject-23,rope,
33,non-restrictive,subject-23,mug,
33,non-restrictive,subject-23,biscuit,
33,non-restrictive,subject-23,kettle,
33,non-restrictive,subject-23,beer,
21,non-restrictive,subject-23,block,
21,non-restrictive,subject-23,crayon,
21,non-restrictive,subject-23,cup,
21,non-restrictive,subject-23,kitten,
5,non-restrictive,subject-23,paper plane,
5,non-restrictive,subject-23,acorns,
5,non-restrictive,subject-23,shuttle cock,
5,non-restrictive,subject-23,ball,
14,restrictive,subject-23,cigarettes,
14,restrictive,subject-23,filofax,
14,restrictive,subject-23,briefcase,
14,restrictive,subject-23,glasses,
6,restrictive,subject-23,mountain,
6,restrictive,subject-23,animal,
6,restrictive,subject-23,cactus,
6,restrictive,subject-23,moon,
16,restrictive,subject-23,magnifying glass,0.0
16,restrictive,subject-23,folder,0.0
16,restrictive,subject-23,hat,0.0
16,restrictive,subject-23,wallet,1.0
49,non-restrictive,subject-23,pump,0.0
49,non-restrictive,subject-23,flag,1.0
49,non-restrictive,subject-23,pouch,0.0
49,non-restrictive,subject-23,balloon,0.0
29,non-restrictive,subject-23,glove,
29,non-restrictive,subject-23,nut,
29,non-restrictive,subject-23,sock,
29,non-restrictive,subject-23,milk,
38,restrictive,subject-23,banana,
38,restrictive,subject-23,mitten,
38,restrictive,subject-23,marker,
38,restrictive,subject-23,key,
9,non-restrictive,subject-23,table,
9,non-restrictive,subject-23,telephone,
9,non-restrictive,subject-23,television,
9,non-restrictive,subject-23,piano,
40,restrictive,subject-23,mat,
40,restrictive,subject-23,buckle,
40,restrictive,subject-23,shoelace,
40,restrictive,subject-23,shampoo,
20,restrictive,subject-23,spatula,
20,restrictive,subject-23,bowl,
20,restrictive,subject-23,bread,
20,restrictive,subject-23,spoon,
18,restrictive,subject-23,wood,
18,restrictive,subject-23,bucket,
18,restrictive,subject-23,stone,
18,restrictive,subject-23,rope,
28,restrictive,subject-23,frame,
28,restrictive,subject-23,picture,
28,restrictive,subject-23,lamp,
28,restrictive,subject-23,switch,
13,non-restrictive,subject-23,birds,
13,non-restrictive,subject-23,sun,
13,non-restrictive,subject-23,car,
13,non-restrictive,subject-23,boat,
39,non-restrictive,subject-23,cloth,0.0
39,non-restrictive,subject-23,apron,0.0
39,non-restrictive,subject-23,mop,0.0
39,non-restrictive,subject-23,broom,1.0
31,non-restrictive,subject-23,headphones,
31,non-restrictive,subject-23,dice,
31,non-restrictive,subject-23,cap,
31,non-restrictive,subject-23,watch,
32,restrictive,subject-23,sponge,
32,restrictive,subject-23,seed,
32,restrictive,subject-23,bottle,
32,restrictive,subject-23,lemon,
36,restrictive,subject-23,mirror,
36,restrictive,subject-23,pot,
36,restrictive,subject-23,mascara,
36,restrictive,subject-23,brush,
37,non-restrictive,subject-23,papers,
37,non-restrictive,subject-23,boxes,
37,non-restrictive,subject-23,clips,
37,non-restrictive,subject-23,lego,
3,non-restrictive,subject-23,dustbin,
3,non-restrictive,subject-23,man,
3,non-restrictive,subject-23,car,
3,non-restrictive,subject-23,houses,
15,non-restrictive,subject-23,hen,0.0
15,non-restrictive,subject-23,dog,0.0
15,non-restrictive,subject-23,bird,1.0
15,non-restrictive,subject-23,ball,0.0
41,non-restrictive,subject-23,pin,
41,non-restrictive,subject-23,toothbrush,
41,non-restrictive,subject-23,iron,
41,non-restrictive,subject-23,blouse,
44,restrictive,subject-23,bolt,
44,restrictive,subject-23,handle,
44,restrictive,subject-23,safe,
44,restrictive,subject-23,pan,
1,non-restrictive,subject-23,toy car,
1,non-restrictive,subject-23,toy train,
1,non-restrictive,subject-23,ball,
1,non-restrictive,subject-23,cake,
23,restrictive,subject-24,poster,
23,restrictive,subject-24,towel,
23,restrictive,subject-24,coat,
23,restrictive,subject-24,hook,
32,non-restrictive,subject-24,lemon,
32,non-restrictive,subject-24,sponge,
32,non-restrictive,subject-24,seed,
32,non-restrictive,subject-24,bottle,
8,non-restrictive,subject-24,tv monitor,
8,non-restrictive,subject-24,toy bear,
8,non-restrictive,subject-24,microscope,
8,non-restrictive,subject-24,child,
31,restrictive,subject-24,watch,
31,restrictive,subject-24,headphones,
31,restrictive,subject-24,dice,
31,restrictive,subject-24,cap,
4,non-restrictive,subject-24,plant,
4,non-restrictive,subject-24,stool,
4,non-restrictive,subject-24,rocking horse,
4,non-restrictive,subject-24,baby,
20,non-restrictive,subject-24,spoon,
20,non-restrictive,subject-24,spatula,
20,non-restrictive,subject-24,bowl,
20,non-restrictive,subject-24,bread,
6,non-restrictive,subject-24,moon,
6,non-restrictive,subject-24,mountain,
6,non-restrictive,subject-24,animal,
6,non-restrictive,subject-24,cactus,
45,restrictive,subject-24,dough,
45,restrictive,subject-24,glass,
45,restrictive,subject-24,ladle,
45,restrictive,subject-24,hammer,
49,restrictive,subject-24,balloon,
49,restrictive,subject-24,pump,
49,restrictive,subject-24,flag,
49,restrictive,subject-24,pouch,
10,non-restrictive,subject-24,bag,
10,non-restrictive,subject-24,book,
10,non-restrictive,subject-24,door,
10,non-restrictive,subject-24,cup,
26,non-restrictive,subject-24,rope,
26,non-restrictive,subject-24,canvas,
26,non-restrictive,subject-24,keyboard,
26,non-restrictive,subject-24,peach,
17,restrictive,subject-24,dress,0.0
17,restrictive,subject-24,lantern,0.0
17,restrictive,subject-24,backpack,0.5
17,restrictive,subject-24,ribbon,0.5
22,non-restrictive,subject-24,cushion,0.0
22,non-restrictive,subject-24,flower,0.0
22,non-restrictive,subject-24,magazine,1.0
22,non-restrictive,subject-24,vase,0.0
40,non-restrictive,subject-24,shampoo,
40,non-restrictive,subject-24,mat,
40,non-restrictive,subject-24,buckle,
40,non-restrictive,subject-24,shoelace,
38,non-restrictive,subject-24,key,
38,non-restrictive,subject-24,banana,
38,non-restrictive,subject-24,mitten,
38,non-restrictive,subject-24,marker,
33,restrictive,subject-24,beer,
33,restrictive,subject-24,mug,
33,restrictive,subject-24,biscuit,
33,restrictive,subject-24,kettle,
21,restrictive,subject-24,kitten,
21,restrictive,subject-24,block,
21,restrictive,subject-24,crayon,
21,restrictive,subject-24,cup,
2,non-restrictive,subject-24,lipstick,0.5
2,non-restrictive,subject-24,wine,0.5
2,non-restrictive,subject-24,cheese,0.0
2,non-restrictive,subject-24,chair,0.0
19,restrictive,subject-24,feather,0.0
19,restrictive,subject-24,leaf,1.0
19,restrictive,subject-24,football,0.0
19,restrictive,subject-24,stick,0.0
7,restrictive,subject-24,weighing scales,0.0
7,restrictive,subject-24,jug,0.0
7,restrictive,subject-24,mushrooms,1.0
7,restrictive,subject-24,knife,0.0
48,non-restrictive,subject-24,dustpan,0.0
48,non-restrictive,subject-24,roller,1.0
48,non-restrictive,subject-24,footstool,0.0
48,non-restrictive,subject-24,carpet,0.0
15,restrictive,subject-24,ball,0.0
15,restrictive,subject-24,hen,1.0
15,restrictive,subject-24,dog,0.0
15,restrictive,subject-24,bird,0.0
43,restrictive,subject-24,chalk,0.0
43,restrictive,subject-24,ruler,0.0
43,restrictive,subject-24,shirt,1.0
43,restrictive,subject-24,apple,0.0
47,restrictive,subject-24,gum,0.0
47,restrictive,subject-24,stand,0.0
47,restrictive,subject-24,violin,1.0
47,restrictive,subject-24,bow,0.0
36,non-restrictive,subject-24,brush,0.0
36,non-restrictive,subject-24,mirror,0.0
36,non-restrictive,subject-24,pot,1.0
36,non-restrictive,subject-24,mascara,0.0
5,restrictive,subject-24,ball,
5,restrictive,subject-24,paper plane,
5,restrictive,subject-24,acorns,
5,restrictive,subject-24,shuttle cock,
42,non-restrictive,subject-24,shell,0.0
42,non-restrictive,subject-24,orange,0.0
42,non-restrictive,subject-24,stone,1.0
42,non-restrictive,subject-24,cone,0.0
37,restrictive,subject-24,lego,1.0
37,restrictive,subject-24,papers,0.0
37,restrictive,subject-24,boxes,0.0
37,restrictive,subject-24,clips,0.0
44,non-restrictive,subject-24,pan,0.0
44,non-restrictive,subject-24,bolt,1.0
44,non-restrictive,subject-24,handle,0.0
44,non-restrictive,subject-24,safe,0.0
50,non-restrictive,subject-24,scissors,0.0
50,non-restrictive,subject-24,stamp,0.0
50,non-restrictive,subject-24,envelope,1.0
50,non-restrictive,subject-24,rubber band,0.0
14,non-restrictive,subject-24,glasses,
14,non-restrictive,subject-24,cigarettes,
14,non-restrictive,subject-24,filofax,
14,non-restrictive,subject-24,briefcase,
12,non-restrictive,subject-24,drum,0.0
12,non-restrictive,subject-24,duck,0.0
12,non-restrictive,subject-24,bricks,1.0
12,non-restrictive,subject-24,bell,0.0
16,non-restrictive,subject-24,wallet,1.0
16,non-restrictive,subject-24,magnifying glass,0.0
16,non-restrictive,subject-24,folder,0.0
16,non-restrictive,subject-24,hat,0.0
34,non-restrictive,subject-24,gift,0.0
34,non-restrictive,subject-24,suitcase,0.0
34,non-restrictive,subject-24,envelope,0.5
34,non-restrictive,subject-24,box,0.5
39,restrictive,subject-24,broom,0.0
39,restrictive,subject-24,cloth,0.5
39,restrictive,subject-24,apron,0.5
39,restrictive,subject-24,mop,0.0
11,restrictive,subject-24,dog,0.0
11,restrictive,subject-24,wastebin,0.0
11,restrictive,subject-24,washing machine,1.0
11,restrictive,subject-24,mirror,0.0
3,restrictive,subject-24,houses,0.0
3,restrictive,subject-24,dustbin,0.0
3,restrictive,subject-24,man,1.0
3,restrictive,subject-24,car,0.0
25,restrictive,subject-24,rabbit,
25,restrictive,subject-24,plate,
25,restrictive,subject-24,potato,
25,restrictive,subject-24,glass,
18,non-restrictive,subject-24,rope,0.0
18,non-restrictive,subject-24,wood,0.3333
18,non-restrictive,subject-24,bucket,0.6667
18,non-restrictive,subject-24,stone,0.0
9,restrictive,subject-24,piano,0.5
9,restrictive,subject-24,table,0.5
9,restrictive,subject-24,telephone,0.0
9,restrictive,subject-24,television,0.0
27,restrictive,subject-24,coin,0.0
27,restrictive,subject-24,coaster,0.5
27,restrictive,subject-24,candle,0.5
27,restrictive,subject-24,package,0.0
28,non-restrictive,subject-24,switch,0.0
28,non-restrictive,subject-24,frame,0.0
28,non-restrictive,subject-24,picture,0.6667
28,non-restrictive,subject-24,lamp,0.3333
13,restrictive,subject-24,boat,
13,restrictive,subject-24,birds,
13,restrictive,subject-24,sun,
13,restrictive,subject-24,car,
1,restrictive,subject-24,cake,
1,restrictive,subject-24,toy car,
1,restrictive,subject-24,toy train,
1,restrictive,subject-24,ball,
29,restrictive,subject-24,milk,1.0
29,restrictive,subject-24,glove,0.0
29,restrictive,subject-24,nut,0.0
29,restrictive,subject-24,sock,0.0
30,non-restrictive,subject-24,tissue,
30,non-restrictive,subject-24,newspaper,
30,non-restrictive,subject-24,comb,
30,non-restrictive,subject-24,eraser,
41,restrictive,subject-24,blouse,
41,restrictive,subject-24,pin,
41,restrictive,subject-24,toothbrush,
41,restrictive,subject-24,iron,
24,non-restrictive,subject-24,pencil,0.0
24,non-restrictive,subject-24,needle,0.0
24,non-restrictive,subject-24,card,0.0
24,non-restrictive,subject-24,scarf,1.0
46,non-restrictive,subject-24,pot,0.0
46,non-restrictive,subject-24,carrot,0.0
46,non-restrictive,subject-24,ladle,1.0
46,non-restrictive,subject-24,peeler,0.0
7,non-restrictive,subject-3,knife,
7,non-restrictive,subject-3,weighing scales,
7,non-restrictive,subject-3,jug,
7,non-restrictive,subject-3,mushrooms,
37,non-restrictive,subject-3,clips,
37,non-restrictive,subject-3,lego,
37,non-restrictive,subject-3,papers,
37,non-restrictive,subject-3,boxes,
11,non-restrictive,subject-3,mirror,
11,non-restrictive,subject-3,dog,
11,non-restrictive,subject-3,wastebin,
11,non-restrictive,subject-3,washing machine,
36,restrictive,subject-3,mascara,
36,restrictive,subject-3,brush,
36,restrictive,subject-3,mirror,
36,restrictive,subject-3,pot,
42,restrictive,subject-3,cone,
42,restrictive,subject-3,shell,
42,restrictive,subject-3,orange,
42,restrictive,subject-3,stone,
31,non-restrictive,subject-3,cap,
31,non-restrictive,subject-3,watch,
31,non-restrictive,subject-3,headphones,
31,non-restrictive,subject-3,dice,
45,non-restrictive,subject-3,hammer,
45,non-restrictive,subject-3,dough,
45,non-restrictive,subject-3,glass,
45,non-restrictive,subject-3,ladle,
22,restrictive,subject-3,vase,0.0
22,restrictive,subject-3,cushion,0.0
22,restrictive,subject-3,flower,1.0
22,restrictive,subject-3,magazine,0.0
9,non-restrictive,subject-3,television,
9,non-restrictive,subject-3,piano,
9,non-restrictive,subject-3,table,
9,non-restrictive,subject-3,telephone,
18,restrictive,subject-3,stone,
18,restrictive,subject-3,rope,
18,restrictive,subject-3,wood,
18,restrictive,subject-3,bucket,
10,restrictive,subject-3,cup,
10,restrictive,subject-3,bag,
10,restrictive,subject-3,book,
10,restrictive,subject-3,door,
16,restrictive,subject-3,hat,
16,restrictive,subject-3,wallet,
16,restrictive,subject-3,magnifying glass,
16,restrictive,subject-3,folder,
21,non-restrictive,subject-3,cup,
21,non-restrictive,subject-3,kitten,
21,non-restrictive,subject-3,block,
21,non-restrictive,subject-3,crayon,
1,non-restrictive,subject-3,ball,
1,non-restrictive,subject-3,cake,
1,non-restrictive,subject-3,toy car,
1,non-restrictive,subject-3,toy train,
41,non-restrictive,subject-3,iron,
41,non-restrictive,subject-3,blouse,
41,non-restrictive,subject-3,pin,
41,non-restrictive,subject-3,toothbrush,
35,non-restrictive,subject-3,puzzle,
35,non-restrictive,subject-3,notebook,
35,non-restrictive,subject-3,pillow,
35,non-restrictive,subject-3,radio,
25,non-restrictive,subject-3,glass,
25,non-restrictive,subject-3,rabbit,
25,non-restrictive,subject-3,plate,
25,non-restrictive,subject-3,potato,
15,non-restrictive,subject-3,bird,
15,non-restrictive,subject-3,ball,
15,non-restrictive,subject-3,hen,
15,non-restrictive,subject-3,dog,
44,restrictive,subject-3,safe,
44,restrictive,subject-3,pan,
44,restrictive,subject-3,bolt,
44,restrictive,subject-3,handle,
27,non-restrictive,subject-3,package,
27,non-restrictive,subject-3,coin,
27,non-restrictive,subject-3,coaster,
27,non-restrictive,subject-3,candle,
12,restrictive,subject-3,bell,
12,restrictive,subject-3,drum,
12,restrictive,subject-3,duck,
12,restrictive,subject-3,bricks,
5,non-restrictive,subject-3,shuttle cock,
5,non-restrictive,subject-3,ball,
5,non-restrictive,subject-3,paper plane,
5,non-restrictive,subject-3,acorns,
34,restrictive,subject-3,box,
34,restrictive,subject-3,gift,
34,restrictive,subject-3,suitcase,
34,restrictive,subject-3,envelope,
49,non-restrictive,subject-3,pouch,
49,non-restrictive,subject-3,balloon,
49,non-restrictive,subject-3,pump,
49,non-restrictive,subject-3,flag,
48,restrictive,subject-3,carpet,
48,restrictive,subject-3,dustpan,
48,restrictive,subject-3,roller,
48,restrictive,subject-3,footstool,
3,non-restrictive,subject-3,car,
3,non-restrictive,subject-3,houses,
3,non-restrictive,subject-3,dustbin,
3,non-restrictive,subject-3,man,
46,restrictive,subject-3,peeler,
46,restrictive,subject-3,pot,
46,restrictive,subject-3,carrot,
46,restrictive,subject-3,ladle,
32,restrictive,subject-3,bottle,
32,restrictive,subject-3,lemon,
32,restrictive,subject-3,sponge,
32,restrictive,subject-3,seed,
13,non-restrictive,subject-3,car,
13,non-restrictive,subject-3,boat,
13,non-restrictive,subject-3,birds,
13,non-restrictive,subject-3,sun,
20,restrictive,subject-3,bread,
20,restrictive,subject-3,spoon,
20,restrictive,subject-3,spatula,
20,restrictive,subject-3,bowl,
50,restrictive,subject-3,rubber band,
50,restrictive,subject-3,scissors,
50,restrictive,subject-3,stamp,
50,restrictive,subject-3,envelope,
43,non-restrictive,subject-3,apple,
43,non-restrictive,subject-3,chalk,
43,non-restrictive,subject-3,ruler,
43,non-restrictive,subject-3,shirt,
26,restrictive,subject-3,peach,
26,restrictive,subject-3,rope,
26,restrictive,subject-3,canvas,
26,restrictive,subject-3,keyboard,
33,non-restrictive,subject-3,kettle,
33,non-restrictive,subject-3,beer,
33,non-restrictive,subject-3,mug,
33,non-restrictive,subject-3,biscuit,
8,restrictive,subject-3,child,
8,restrictive,subject-3,tv monitor,
8,restrictive,subject-3,toy bear,
8,restrictive,subject-3,microscope,
24,restrictive,subject-3,scarf,
24,restrictive,subject-3,pencil,
24,restrictive,subject-3,needle,
24,restrictive,subject-3,card,
47,non-restrictive,subject-3,bow,
47,non-restrictive,subject-3,gum,
47,non-restrictive,subject-3,stand,
47,non-restrictive,subject-3,violin,
30,restrictive,subject-3,eraser,
30,restrictive,subject-3,tissue,
30,restrictive,subject-3,newspaper,
30,restrictive,subject-3,comb,
39,non-restrictive,subject-3,mop,
39,non-restrictive,subject-3,broom,
39,non-restrictive,subject-3,cloth,
39,non-restrictive,subject-3,apron,
4,restrictive,subject-3,baby,
4,restrictive,subject-3,plant,
4,restrictive,subject-3,stool,
4,restrictive,subject-3,rocking horse,
29,non-restrictive,subject-3,sock,
29,non-restrictive,subject-3,milk,
29,non-restrictive,subject-3,glove,
29,non-restrictive,subject-3,nut,
2,restrictive,subject-3,chair,
2,restrictive,subject-3,lipstick,
2,restrictive,subject-3,wine,
2,restrictive,subject-3,cheese,
17,non-restrictive,subject-3,ribbon,
17,non-restrictive,subject-3,dress,
17,non-restrictive,subject-3,lantern,
17,non-restrictive,subject-3,backpack,
6,restrictive,subject-3,cactus,
6,restrictive,subject-3,moon,
6,restrictive,subject-3,mountain,
6,restrictive,subject-3,animal,
14,restrictive,subject-3,briefcase,
14,restrictive,subject-3,glasses,
14,restrictive,subject-3,cigarettes,
14,restrictive,subject-3,filofax,
28,restrictive,subject-3,lamp,
28,restrictive,subject-3,switch,
28,restrictive,subject-3,frame,
28,restrictive,subject-3,picture,
19,non-restrictive,subject-3,stick,
19,non-restrictive,subject-3,feather,
19,non-restrictive,subject-3,leaf,
19,non-restrictive,subject-3,football,
38,restrictive,subject-3,marker,
38,restrictive,subject-3,key,
38,restrictive,subject-3,banana,
38,restrictive,subject-3,mitten,
40,restrictive,subject-3,shoelace,
40,restrictive,subject-3,shampoo,
40,restrictive,subject-3,mat,
40,restrictive,subject-3,buckle,
23,non-restrictive,subject-3,hook,
23,non-restrictive,subject-3,poster,
23,non-restrictive,subject-3,towel,
23,non-restrictive,subject-3,coat,
22,non-restrictive,subject-4,magazine,
22,non-restrictive,subject-4,vase,
22,non-restrictive,subject-4,cushion,
22,non-restrictive,subject-4,flower,
1,restrictive,subject-4,toy train,0.0
1,restrictive,subject-4,ball,0.0
1,restrictive,subject-4,cake,0.5
1,restrictive,subject-4,toy car,0.5
10,non-restrictive,subject-4,door,0.5
10,non-restrictive,subject-4,cup,0.0
10,non-restrictive,subject-4,bag,0.5
10,non-restrictive,subject-4,book,0.0
34,non-restrictive,subject-4,envelope,
34,non-restrictive,subject-4,box,
34,non-restrictive,subject-4,gift,
34,non-restrictive,subject-4,suitcase,
26,non-restrictive,subject-4,keyboard,
26,non-restrictive,subject-4,peach,
26,non-restrictive,subject-4,rope,
26,non-restrictive,subject-4,canvas,
5,restrictive,subject-4,acorns,0.0
5,restrictive,subject-4,shuttle cock,0.0
5,restrictive,subject-4,ball,1.0
5,restrictive,subject-4,paper plane,0.0
6,non-restrictive,subject-4,animal,
6,non-restrictive,subject-4,cactus,
6,non-restrictive,subject-4,moon,
6,non-restrictive,subject-4,mountain,
40,non-restrictive,subject-4,buckle,
40,non-restrictive,subject-4,shoelace,
40,non-restrictive,subject-4,shampoo,
40,non-restrictive,subject-4,mat,
44,non-restrictive,subject-4,handle,
44,non-restrictive,subject-4,safe,
44,non-restrictive,subject-4,pan,
44,non-restrictive,subject-4,bolt,
27,restrictive,subject-4,candle,
27,restrictive,subject-4,package,
27,restrictive,subject-4,coin,
27,restrictive,subject-4,coaster,
24,non-restrictive,subject-4,card,
24,non-restrictive,subject-4,scarf,
24,non-restrictive,subject-4,pencil,
24,non-restrictive,subject-4,needle,
21,restrictive,subject-4,crayon,
21,restrictive,subject-4,cup,
21,restrictive,subject-4,kitten,
21,restrictive,subject-4,block,
38,non-restrictive,subject-4,mitten,
38,non-restrictive,subject-4,marker,
38,non-restrictive,subject-4,key,
38,non-restrictive,subject-4,banana,
20,non-restrictive,subject-4,bowl,
20,non-restrictive,subject-4,bread,
20,non-restrictive,subject-4,spoon,
20,non-restrictive,subject-4,spatula,
8,non-restrictive,subject-4,microscope,
8,non-restrictive,subject-4,child,
8,non-restrictive,subject-4,tv monitor,
8,non-restrictive,subject-4,toy bear,
29,restrictive,subject-4,nut,
29,restrictive,subject-4,sock,
29,restrictive,subject-4,milk,
29,restrictive,subject-4,glove,
36,non-restrictive,subject-4,pot,
36,non-restrictive,subject-4,mascara,
36,non-restrictive,subject-4,brush,
36,non-restrictive,subject-4,mirror,
28,non-restrictive,subject-4,picture,
28,non-restrictive,subject-4,lamp,
28,non-restrictive,subject-4,switch,
28,non-restrictive,subject-4,frame,
47,restrictive,subject-4,violin,
47,restrictive,subject-4,bow,
47,restrictive,subject-4,gum,
47,restrictive,subject-4,stand,
33,restrictive,subject-4,biscuit,0.0
33,restrictive,subject-4,kettle,0.0
33,restrictive,subject-4,beer,0.0
33,restrictive,subject-4,mug,1.0
37,restrictive,subject-4,boxes,
37,restrictive,subject-4,clips,
37,restrictive,subject-4,lego,
37,restrictive,subject-4,papers,
23,restrictive,subject-4,coat,
23,restrictive,subject-4,hook,
23,restrictive,subject-4,poster,
23,restrictive,subject-4,towel,
11,restrictive,subject-4,washing machine,0.0
11,restrictive,subject-4,mirror,1.0
11,restrictive,subject-4,dog,0.0
11,restrictive,subject-4,wastebin,0.0
41,restrictive,subject-4,toothbrush,
41,restrictive,subject-4,iron,
41,restrictive,subject-4,blouse,
41,restrictive,subject-4,pin,
49,restrictive,subject-4,flag,
49,restrictive,subject-4,pouch,
49,restrictive,subject-4,balloon,
49,restrictive,subject-4,pump,
16,non-restrictive,subject-4,folder,
16,non-restrictive,subject-4,hat,
16,non-restrictive,subject-4,wallet,
16,non-restrictive,subject-4,magnifying glass,
45,restrictive,subject-4,ladle,
45,restrictive,subject-4,hammer,
45,restrictive,subject-4,dough,
45,restrictive,subject-4,glass,
9,restrictive,subject-4,telephone,
9,restrictive,subject-4,television,
9,restrictive,subject-4,piano,
9,restrictive,subject-4,table,
25,restrictive,subject-4,potato,
25,restrictive,subject-4,glass,
25,restrictive,subject-4,rabbit,
25,restrictive,subject-4,plate,
32,non-restrictive,subject-4,seed,
32,non-restrictive,subject-4,bottle,
32,non-restrictive,subject-4,lemon,
32,non-restrictive,subject-4,sponge,
4,non-restrictive,subject-4,rocking horse,
4,non-restrictive,subject-4,baby,
4,non-restrictive,subject-4,plant,
4,non-restrictive,subject-4,stool,
30,non-restrictive,subject-4,comb,0.0
30,non-restrictive,subject-4,eraser,0.0
30,non-restrictive,subject-4,tissue,1.0
30,non-restrictive,subject-4,newspaper,0.0
2,non-restrictive,subject-4,cheese,
2,non-restrictive,subject-4,chair,
2,non-restrictive,subject-4,lipstick,
2,non-restrictive,subject-4,wine,
39,restrictive,subject-4,apron,
39,restrictive,subject-4,mop,
39,restrictive,subject-4,broom,
39,restrictive,subject-4,cloth,
18,non-restrictive,subject-4,bucket,
18,non-restrictive,subject-4,stone,
18,non-restrictive,subject-4,rope,
18,non-restrictive,subject-4,wood,
12,non-restrictive,subject-4,bricks,
12,non-restrictive,subject-4,bell,
12,non-restrictive,subject-4,drum,
12,non-restrictive,subject-4,duck,
17,restrictive,subject-4,backpack,0.0
17,restrictive,subject-4,ribbon,0.0
17,restrictive,subject-4,dress,1.0
17,restrictive,subject-4,lantern,0.0
46,non-restrictive,subject-4,ladle,
46,non-restrictive,subject-4,peeler,
46,non-restrictive,subject-4,pot,
46,non-restrictive,subject-4,carrot,
15,restrictive,subject-4,dog,
15,restrictive,subject-4,bird,
15,restrictive,subject-4,ball,
15,restrictive,subject-4,hen,
7,restrictive,subject-4,mushrooms,0.0
7,restrictive,subject-4,knife,0.0
7,restrictive,subject-4,weighing scales,1.0
7,restrictive,subject-4,jug,0.0
31,restrictive,subject-4,dice,
31,restrictive,subject-4,cap,
31,restrictive,subject-4,watch,
31,restrictive,subject-4,headphones,
50,non-restrictive,subject-4,envelope,
50,non-restrictive,subject-4,rubber band,
50,non-restrictive,subject-4,scissors,
50,non-restrictive,subject-4,stamp,
19,restrictive,subject-4,football,
19,restrictive,subject-4,stick,
19,restrictive,subject-4,feather,
19,restrictive,subject-4,leaf,
13,restrictive,subject-4,sun,
13,restrictive,subject-4,car,
13,restrictive,subject-4,boat,
13,restrictive,subject-4,birds,
43,restrictive,subject-4,shirt,
43,restrictive,subject-4,apple,
43,restrictive,subject-4,chalk,
43,restrictive,subject-4,ruler,
3,restrictive,subject-4,man,
3,restrictive,subject-4,car,
3,restrictive,subject-4,houses,
3,restrictive,subject-4,dustbin,
42,non-restrictive,subject-4,stone,
42,non-restrictive,subject-4,cone,
42,non-restrictive,subject-4,shell,
42,non-restrictive,subject-4,orange,
48,non-restrictive,subject-4,footstool,
48,non-restrictive,subject-4,carpet,
48,non-restrictive,subject-4,dustpan,
48,non-restrictive,subject-4,roller,
14,non-restrictive,subject-4,filofax,
14,non-restrictive,subject-4,briefcase,
14,non-restrictive,subject-4,glasses,
14,non-restrictive,subject-4,cigarettes,
22,restrictive,subject-5,magazine,0.0
22,restrictive,subject-5,vase,0.5
22,restrictive,subject-5,cushion,0.5
22,restrictive,subject-5,flower,0.0
15,non-restrictive,subject-5,dog,0.0
15,non-restrictive,subject-5,bird,0.0
15,non-restrictive,subject-5,ball,1.0
15,non-restrictive,subject-5,hen,0.0
18,restrictive,subject-5,bucket,0.0
18,restrictive,subject-5,stone,1.0
18,restrictive,subject-5,rope,0.0
18,restrictive,subject-5,wood,0.0
43,non-restrictive,subject-5,shirt,0.5
43,non-restrictive,subject-5,apple,0.0
43,non-restrictive,subject-5,chalk,0.5
43,non-restrictive,subject-5,ruler,0.0
8,restrictive,subject-5,microscope,1.0
8,restrictive,subject-5,child,0.0
8,restrictive,subject-5,tv monitor,0.0
8,restrictive,subject-5,toy bear,0.0
24,restrictive,subject-5,card,
24,restrictive,subject-5,scarf,
24,restrictive,subject-5,pencil,
24,restrictive,subject-5,needle,
49,non-restrictive,subject-5,flag,0.0
49,non-restrictive,subject-5,pouch,0.0
49,non-restrictive,subject-5,balloon,0.5
49,non-restrictive,subject-5,pump,0.5
21,non-restrictive,subject-5,crayon,
21,non-restrictive,subject-5,cup,
21,non-restrictive,subject-5,kitten,
21,non-restrictive,subject-5,block,
6,restrictive,subject-5,animal,
6,restrictive,subject-5,cactus,
6,restrictive,subject-5,moon,
6,restrictive,subject-5,mountain,
47,non-restrictive,subject-5,violin,
47,non-restrictive,subject-5,bow,
47,non-restrictive,subject-5,gum,
47,non-restrictive,subject-5,stand,
30,restrictive,subject-5,comb,
30,restrictive,subject-5,eraser,
30,restrictive,subject-5,tissue,
30,restrictive,subject-5,newspaper,
35,non-restrictive,subject-5,radio,
35,non-restrictive,subject-5,puzzle,
35,non-restrictive,subject-5,notebook,
35,non-restrictive,subject-5,pillow,
41,non-restrictive,subject-5,toothbrush,
41,non-restrictive,subject-5,iron,
41,non-restrictive,subject-5,blouse,
41,non-restrictive,subject-5,pin,
40,restrictive,subject-5,buckle,
40,restrictive,subject-5,shoelace,
40,restrictive,subject-5,shampoo,
40,restrictive,subject-5,mat,
5,non-restrictive,subject-5,acorns,
5,non-restrictive,subject-5,shuttle cock,
5,non-restrictive,subject-5,ball,
5,non-restrictive,subject-5,paper plane,
4,restrictive,subject-5,rocking horse,
4,restrictive,subject-5,baby,
4,restrictive,subject-5,plant,
4,restrictive,subject-5,stool,
37,non-restrictive,subject-5,boxes,1.0
37,non-restrictive,subject-5,clips,0.0
37,non-restrictive,subject-5,lego,0.0
37,non-restrictive,subject-5,papers,0.0
45,non-restrictive,subject-5,ladle,
45,non-restrictive,subject-5,hammer,
45,non-restrictive,subject-5,dough,
45,non-restrictive,subject-5,glass,
32,restrictive,subject-5,seed,
32,restrictive,subject-5,bottle,
32,restrictive,subject-5,lemon,
32,restrictive,subject-5,sponge,
7,non-restrictive,subject-5,mushrooms,
7,non-restrictive,subject-5,knife,
7,non-restrictive,subject-5,weighing scales,
7,non-restrictive,subject-5,jug,
33,non-restrictive,subject-5,biscuit,
33,non-restrictive,subject-5,kettle,
33,non-restrictive,subject-5,beer,
33,non-restrictive,subject-5,mug,
19,non-restrictive,subject-5,football,
19,non-restrictive,subject-5,stick,
19,non-restrictive,subject-5,feather,
19,non-restrictive,subject-5,leaf,
2,restrictive,subject-5,cheese,0.0
2,restrictive,subject-5,chair,0.0
2,restrictive,subject-5,lipstick,1.0
2,restrictive,subject-5,wine,0.0
27,non-restrictive,subject-5,candle,
27,non-restrictive,subject-5,package,
27,non-restrictive,subject-5,coin,
27,non-restrictive,subject-5,coaster,
46,restrictive,subject-5,ladle,
46,restrictive,subject-5,peeler,
46,restrictive,subject-5,pot,
46,restrictive,subject-5,carrot,
48,restrictive,subject-5,footstool,
48,restrictive,subject-5,carpet,
48,restrictive,subject-5,dustpan,
48,restrictive,subject-5,roller,
11,non-restrictive,subject-5,washing machine,0.0
11,non-restrictive,subject-5,mirror,0.0
11,non-restrictive,subject-5,dog,1.0
11,non-restrictive,subject-5,wastebin,0.0
10,restrictive,subject-5,door,0.0
10,restrictive,subject-5,cup,1.0
10,restrictive,subject-5,bag,0.0
10,restrictive,subject-5,book,0.0
20,restrictive,subject-5,bowl,
20,restrictive,subject-5,bread,
20,restrictive,subject-5,spoon,
20,restrictive,subject-5,spatula,
9,non-restrictive,subject-5,telephone,1.0
9,non-restrictive,subject-5,television,0.0
9,non-restrictive,subject-5,piano,0.0
9,non-restrictive,subject-5,table,0.0
38,restrictive,subject-5,mitten,
38,restrictive,subject-5,marker,
38,restrictive,subject-5,key,
38,restrictive,subject-5,banana,
42,restrictive,subject-5,stone,
42,restrictive,subject-5,cone,
42,restrictive,subject-5,shell,
42,restrictive,subject-5,orange,
44,restrictive,subject-5,handle,
44,restrictive,subject-5,safe,
44,restrictive,subject-5,pan,
44,restrictive,subject-5,bolt,
14,restrictive,subject-5,filofax,
14,restrictive,subject-5,briefcase,
14,restrictive,subject-5,glasses,
14,restrictive,subject-5,cigarettes,
16,restrictive,subject-5,folder,
16,restrictive,subject-5,hat,
16,restrictive,subject-5,wallet,
16,restrictive,subject-5,magnifying glass,
39,non-restrictive,subject-5,apron,
39,non-restrictive,subject-5,mop,
39,non-restrictive,subject-5,broom,
39,non-restrictive,subject-5,cloth,
34,restrictive,subject-5,envelope,
34,restrictive,subject-5,box,
34,restrictive,subject-5,gift,
34,restrictive,subject-5,suitcase,
50,restrictive,subject-5,envelope,
50,restrictive,subject-5,rubber band,
50,restrictive,subject-5,scissors,
50,restrictive,subject-5,stamp,
1,non-restrictive,subject-5,toy train,
1,non-restrictive,subject-5,ball,
1,non-restrictive,subject-5,cake,
1,non-restrictive,subject-5,toy car,
13,non-restrictive,subject-5,sun,
13,non-restrictive,subject-5,car,
13,non-restrictive,subject-5,boat,
13,non-restrictive,subject-5,birds,
29,non-restrictive,subject-5,nut,
29,non-restrictive,subject-5,sock,
29,non-restrictive,subject-5,milk,
29,non-restrictive,subject-5,glove,
26,restrictive,subject-5,keyboard,
26,restrictive,subject-5,peach,
26,restrictive,subject-5,rope,
26,restrictive,subject-5,canvas,
36,restrictive,subject-5,pot,
36,restrictive,subject-5,mascara,
36,restrictive,subject-5,brush,
36,restrictive,subject-5,mirror,
3,non-restrictive,subject-5,man,
3,non-restrictive,subject-5,car,
3,non-restrictive,subject-5,houses,
3,non-restrictive,subject-5,dustbin,
31,non-restrictive,subject-5,dice,
31,non-restrictive,subject-5,cap,
31,non-restrictive,subject-5,watch,
31,non-restrictive,subject-5,headphones,
28,restrictive,subject-5,picture,
28,restrictive,subject-5,lamp,
28,restrictive,subject-5,switch,
28,restrictive,subject-5,frame,
25,non-restrictive,subject-5,potato,
25,non-restrictive,subject-5,glass,
25,non-restrictive,subject-5,rabbit,
25,non-restrictive,subject-5,plate,
12,restrictive,subject-5,bricks,
12,restrictive,subject-5,bell,
12,restrictive,subject-5,drum,
12,restrictive,subject-5,duck,
23,non-restrictive,subject-5,coat,
23,non-restrictive,subject-5,hook,
23,non-restrictive,subject-5,poster,
23,non-restrictive,subject-5,towel,
17,non-restrictive,subject-5,backpack,0.0
17,non-restrictive,subject-5,ribbon,1.0
17,non-restrictive,subject-5,dress,0.0
17,non-restrictive,subject-5,lantern,0.0
41,restrictive,subject-6,pin,
41,restrictive,subject-6,toothbrush,
41,restrictive,subject-6,iron,
41,restrictive,subject-6,blouse,
31,restrictive,subject-6,headphones,
31,restrictive,subject-6,dice,
31,restrictive,subject-6,cap,
31,restrictive,subject-6,watch,
10,non-restrictive,subject-6,book,
10,non-restrictive,subject-6,door,
10,non-restrictive,subject-6,cup,
10,non-restrictive,subject-6,bag,
30,non-restrictive,subject-6,newspaper,
30,non-restrictive,subject-6,comb,
30,non-restrictive,subject-6,eraser,
30,non-restrictive,subject-6,tissue,
11,restrictive,subject-6,wastebin,0.0
11,restrictive,subject-6,washing machine,1.0
11,restrictive,subject-6,mirror,0.0
11,restrictive,subject-6,dog,0.0
38,non-restrictive,subject-6,banana,
38,non-restrictive,subject-6,mitten,
38,non-restrictive,subject-6,marker,
38,non-restrictive,subject-6,key,
7,restrictive,subject-6,jug,
7,restrictive,subject-6,mushrooms,
7,restrictive,subject-6,knife,
7,restrictive,subject-6,weighing scales,
23,restrictive,subject-6,towel,
23,restrictive,subject-6,coat,
23,restrictive,subject-6,hook,
23,restrictive,subject-6,poster,
50,non-restrictive,subject-6,stamp,
50,non-restrictive,subject-6,envelope,
50,non-restrictive,subject-6,rubber band,
50,non-restrictive,subject-6,scissors,
12,non-restrictive,subject-6,duck,
12,non-restrictive,subject-6,bricks,
12,non-restrictive,subject-6,bell,
12,non-restrictive,subject-6,drum,
34,non-restrictive,subject-6,suitcase,
34,non-restrictive,subject-6,envelope,
34,non-restrictive,subject-6,box,
34,non-restrictive,subject-6,gift,
4,non-restrictive,subject-6,stool,
4,non-restrictive,subject-6,rocking horse,
4,non-restrictive,subject-6,baby,
4,non-restrictive,subject-6,plant,
42,non-restrictive,subject-6,orange,
42,non-restrictive,subject-6,stone,
42,non-restrictive,subject-6,cone,
42,non-restrictive,subject-6,shell,
45,restrictive,subject-6,glass,
45,restrictive,subject-6,ladle,
45,restrictive,subject-6,hammer,
45,restrictive,subject-6,dough,
36,non-restrictive,subject-6,mirror,
36,non-restrictive,subject-6,pot,
36,non-restrictive,subject-6,mascara,
36,non-restrictive,subject-6,brush,
21,restrictive,subject-6,block,
21,restrictive,subject-6,crayon,
21,restrictive,subject-6,cup,
21,restrictive,subject-6,kitten,
2,non-restrictive,subject-6,wine,
2,non-restrictive,subject-6,cheese,
2,non-restrictive,subject-6,chair,
2,non-restrictive,subject-6,lipstick,
48,non-restrictive,subject-6,roller,
48,non-restrictive,subject-6,footstool,
48,non-restrictive,subject-6,carpet,
48,non-restrictive,subject-6,dustpan,
47,restrictive,subject-6,stand,
47,restrictive,subject-6,violin,
47,restrictive,subject-6,bow,
47,restrictive,subject-6,gum,
26,non-restrictive,subject-6,canvas,
26,non-restrictive,subject-6,keyboard,
26,non-restrictive,subject-6,peach,
26,non-restrictive,subject-6,rope,
49,restrictive,subject-6,pump,
49,restrictive,subject-6,flag,
49,restrictive,subject-6,pouch,
49,restrictive,subject-6,balloon,
16,non-restrictive,subject-6,magnifying glass,
16,non-restrictive,subject-6,folder,
16,non-restrictive,subject-6,hat,
16,non-restrictive,subject-6,wallet,
29,restrictive,subject-6,glove,
29,restrictive,subject-6,nut,
29,restrictive,subject-6,sock,
29,restrictive,subject-6,milk,
43,restrictive,subject-6,ruler,
43,restrictive,subject-6,shirt,
43,restrictive,subject-6,apple,
43,restrictive,subject-6,chalk,
5,restrictive,subject-6,paper plane,
5,restrictive,subject-6,acorns,
5,restrictive,subject-6,shuttle cock,
5,restrictive,subject-6,ball,
9,restrictive,subject-6,table,
9,restrictive,subject-6,telephone,
9,restrictive,subject-6,television,
9,restrictive,subject-6,piano,
14,non-restrictive,subject-6,cigarettes,
14,non-restrictive,subject-6,filofax,
14,non-restrictive,subject-6,briefcase,
14,non-restrictive,subject-6,glasses,
13,restrictive,subject-6,birds,
13,restrictive,subject-6,sun,
13,restrictive,subject-6,car,
13,restrictive,subject-6,boat,
1,restrictive,subject-6,toy car,
1,restrictive,subject-6,toy train,
1,restrictive,subject-6,ball,
1,restrictive,subject-6,cake,
46,non-restrictive,subject-6,carrot,
46,non-restrictive,subject-6,ladle,
46,non-restrictive,subject-6,peeler,
46,non-restrictive,subject-6,pot,
20,non-restrictive,subject-6,spatula,
20,non-restrictive,subject-6,bowl,
20,non-restrictive,subject-6,bread,
20,non-restrictive,subject-6,spoon,
44,non-restrictive,subject-6,bolt,
44,non-restrictive,subject-6,handle,
44,non-restrictive,subject-6,safe,
44,non-restrictive,subject-6,pan,
18,non-restrictive,subject-6,wood,
18,non-restrictive,subject-6,bucket,
18,non-restrictive,subject-6,stone,
18,non-restrictive,subject-6,rope,
27,restrictive,subject-6,coaster,
27,restrictive,subject-6,candle,
27,restrictive,subject-6,package,
27,restrictive,subject-6,coin,
6,non-restrictive,subject-6,mountain,
6,non-restrictive,subject-6,animal,
6,non-restrictive,subject-6,cactus,
6,non-restrictive,subject-6,moon,
25,restrictive,subject-6,plate,
25,restrictive,subject-6,potato,
25,restrictive,subject-6,glass,
25,restrictive,subject-6,rabbit,
37,restrictive,subject-6,papers,
37,restrictive,subject-6,boxes,
37,restrictive,subject-6,clips,
37,restrictive,subject-6,lego,
17,restrictive,subject-6,lantern,
17,restrictive,subject-6,backpack,
17,restrictive,subject-6,ribbon,
17,restrictive,subject-6,dress,
19,restrictive,subject-6,leaf,
19,restrictive,subject-6,football,
19,restrictive,subject-6,stick,
19,restrictive,subject-6,feather,
15,restrictive,subject-6,hen,
15,restrictive,subject-6,dog,
15,restrictive,subject-6,bird,
15,restrictive,subject-6,ball,
22,non-restrictive,subject-6,flower,
22,non-restrictive,subject-6,magazine,
22,non-restrictive,subject-6,vase,
22,non-restrictive,subject-6,cushion,
32,non-restrictive,subject-6,sponge,
32,non-restrictive,subject-6,seed,
32,non-restrictive,subject-6,bottle,
32,non-restrictive,subject-6,lemon,
40,non-restrictive,subject-6,mat,
40,non-restrictive,subject-6,buckle,
40,non-restrictive,subject-6,shoelace,
40,non-restrictive,subject-6,shampoo,
24,non-restrictive,subject-6,needle,
24,non-restrictive,subject-6,card,
24,non-restrictive,subject-6,scarf,
24,non-restrictive,subject-6,pencil,
33,restrictive,subject-6,mug,
33,restrictive,subject-6,biscuit,
33,restrictive,subject-6,kettle,
33,restrictive,subject-6,beer,
3,restrictive,subject-6,dustbin,
3,restrictive,subject-6,man,
3,restrictive,subject-6,car,
3,restrictive,subject-6,houses,
28,non-restrictive,subject-6,frame,
28,non-restrictive,subject-6,picture,
28,non-restrictive,subject-6,lamp,
28,non-restrictive,subject-6,switch,
39,restrictive,subject-6,cloth,
39,restrictive,subject-6,apron,
39,restrictive,subject-6,mop,
39,restrictive,subject-6,broom,
8,non-restrictive,subject-6,toy bear,
8,non-restrictive,subject-6,microscope,
8,non-restrictive,subject-6,child,
8,non-restrictive,subject-6,tv monitor,
17,non-restrictive,subject-7,lantern,
17,non-restrictive,subject-7,backpack,
17,non-restrictive,subject-7,ribbon,
17,non-restrictive,subject-7,dress,
18,restrictive,subject-7,wood,
18,restrictive,subject-7,bucket,
18,restrictive,subject-7,stone,
18,restrictive,subject-7,rope,
45,non-restrictive,subject-7,glass,
45,non-restrictive,subject-7,ladle,
45,non-restrictive,subject-7,hammer,
45,non-restrictive,subject-7,dough,
44,restrictive,subject-7,bolt,
44,restrictive,subject-7,handle,
44,restrictive,subject-7,safe,
44,restrictive,subject-7,pan,
47,non-restrictive,subject-7,stand,
47,non-restrictive,subject-7,violin,
47,non-restrictive,subject-7,bow,
47,non-restrictive,subject-7,gum,
20,restrictive,subject-7,spatula,
20,restrictive,subject-7,bowl,
20,restrictive,subject-7,bread,
20,restrictive,subject-7,spoon,
14,restrictive,subject-7,cigarettes,
14,restrictive,subject-7,filofax,
14,restrictive,subject-7,briefcase,
14,restrictive,subject-7,glasses,
19,non-restrictive,subject-7,leaf,
19,non-restrictive,subject-7,football,
19,non-restrictive,subject-7,stick,
19,non-restrictive,subject-7,feather,
30,restrictive,subject-7,newspaper,
30,restrictive,subject-7,comb,
30,restrictive,subject-7,eraser,
30,restrictive,subject-7,tissue,
41,non-restrictive,subject-7,pin,
41,non-restrictive,subject-7,toothbrush,
41,non-restrictive,subject-7,iron,
41,non-restrictive,subject-7,blouse,
23,non-restrictive,subject-7,towel,
23,non-restrictive,subject-7,coat,
23,non-restrictive,subject-7,hook,
23,non-restrictive,subject-7,poster,
48,restrictive,subject-7,roller,1.0
48,restrictive,subject-7,footstool,0.0
48,restrictive,subject-7,carpet,0.0
48,restrictive,subject-7,dustpan,0.0
4,restrictive,subject-7,stool,1.0
4,restrictive,subject-7,rocking horse,0.0
4,restrictive,subject-7,baby,0.0
4,restrictive,subject-7,plant,0.0
10,restrictive,subject-7,book,
10,restrictive,subject-7,door,
10,restrictive,subject-7,cup,
10,restrictive,subject-7,bag,
35,non-restrictive,subject-7,pillow,
35,non-restrictive,subject-7,radio,
35,non-restrictive,subject-7,puzzle,
35,non-restrictive,subject-7,notebook,
13,non-restrictive,subject-7,birds,
13,non-restrictive,subject-7,sun,
13,non-restrictive,subject-7,car,
13,non-restrictive,subject-7,boat,
2,restrictive,subject-7,wine,
2,restrictive,subject-7,cheese,
2,restrictive,subject-7,chair,
2,restrictive,subject-7,lipstick,
42,restrictive,subject-7,orange,
42,restrictive,subject-7,stone,
42,restrictive,subject-7,cone,
42,restrictive,subject-7,shell,
43,non-restrictive,subject-7,ruler,
43,non-restrictive,subject-7,shirt,
43,non-restrictive,subject-7,apple,
43,non-restrictive,subject-7,chalk,
36,restrictive,subject-7,mirror,
36,restrictive,subject-7,pot,
36,restrictive,subject-7,mascara,
36,restrictive,subject-7,brush,
38,restrictive,subject-7,banana,
38,restrictive,subject-7,mitten,
38,restrictive,subject-7,marker,
38,restrictive,subject-7,key,
25,non-restrictive,subject-7,plate,
25,non-restrictive,subject-7,potato,
25,non-restrictive,subject-7,glass,
25,non-restrictive,subject-7,rabbit,
12,restrictive,subject-7,duck,
12,restrictive,subject-7,bricks,
12,restrictive,subject-7,bell,
12,restrictive,subject-7,drum,
29,non-restrictive,subject-7,glove,
29,non-restrictive,subject-7,nut,
29,non-restrictive,subject-7,sock,
29,non-restrictive,subject-7,milk,
46,restrictive,subject-7,carrot,
46,restrictive,subject-7,ladle,
46,restrictive,subject-7,peeler,
46,restrictive,subject-7,pot,
32,restrictive,subject-7,sponge,1.0
32,restrictive,subject-7,seed,0.0
32,restrictive,subject-7,bottle,0.0
32,restrictive,subject-7,lemon,0.0
3,non-restrictive,subject-7,dustbin,
3,non-restrictive,subject-7,man,
3,non-restrictive,subject-7,car,
3,non-restrictive,subject-7,houses,
22,restrictive,subject-7,flower,
22,restrictive,subject-7,magazine,
22,restrictive,subject-7,vase,
22,restrictive,subject-7,cushion,
39,non-restrictive,subject-7,cloth,
39,non-restrictive,subject-7,apron,
39,non-restrictive,subject-7,mop,
39,non-restrictive,subject-7,broom,
49,non-restrictive,subject-7,pump,
49,non-restrictive,subject-7,flag,
49,non-restrictive,subject-7,pouch,
49,non-restrictive,subject-7,balloon,
6,restrictive,subject-7,mountain,1.0
6,restrictive,subject-7,animal,0.0
6,restrictive,subject-7,cactus,0.0
6,restrictive,subject-7,moon,0.0
15,non-restrictive,subject-7,hen,
15,non-restrictive,subject-7,dog,
15,non-restrictive,subject-7,bird,
15,non-restrictive,subject-7,ball,
28,restrictive,subject-7,frame,
28,restrictive,subject-7,picture,
28,restrictive,subject-7,lamp,
28,restrictive,subject-7,switch,
40,restrictive,subject-7,mat,
40,restrictive,subject-7,buckle,
40,restrictive,subject-7,shoelace,
40,restrictive,subject-7,shampoo,
27,non-restrictive,subject-7,coaster,
27,non-restrictive,subject-7,candle,
27,non-restrictive,subject-7,package,
27,non-restrictive,subject-7,coin,
33,non-restrictive,subject-7,mug,
33,non-restrictive,subject-7,biscuit,
33,non-restrictive,subject-7,kettle,
33,non-restrictive,subject-7,beer,
31,non-restrictive,subject-7,headphones,
31,non-restrictive,subject-7,dice,
31,non-restrictive,subject-7,cap,
31,non-restrictive,subject-7,watch,
8,restrictive,subject-7,toy bear,
8,restrictive,subject-7,microscope,
8,restrictive,subject-7,child,
8,restrictive,subject-7,tv monitor,
26,restrictive,subject-7,canvas,
26,restrictive,subject-7,keyboard,
26,restrictive,subject-7,peach,
26,restrictive,subject-7,rope,
7,non-restrictive,subject-7,jug,
7,non-restrictive,subject-7,mushrooms,
7,non-restrictive,subject-7,knife,
7,non-restrictive,subject-7,weighing scales,
37,non-restrictive,subject-7,papers,
37,non-restrictive,subject-7,boxes,
37,non-restrictive,subject-7,clips,
37,non-restrictive,subject-7,lego,
11,non-restrictive,subject-7,wastebin,0.0
11,non-restrictive,subject-7,washing machine,1.0
11,non-restrictive,subject-7,mirror,0.0
11,non-restrictive,subject-7,dog,0.0
21,non-restrictive,subject-7,block,0.0
21,non-restrictive,subject-7,crayon,0.0
21,non-restrictive,subject-7,cup,1.0
21,non-restrictive,subject-7,kitten,0.0
16,restrictive,subject-7,magnifying glass,
16,restrictive,subject-7,folder,
16,restrictive,subject-7,hat,
16,restrictive,subject-7,wallet,
1,non-restrictive,subject-7,toy car,1.0
1,non-restrictive,subject-7,toy train,0.0
1,non-restrictive,subject-7,ball,0.0
1,non-restrictive,subject-7,cake,0.0
9,non-restrictive,subject-7,table,
9,non-restrictive,subject-7,telephone,
9,non-restrictive,subject-7,television,
9,non-restrictive,subject-7,piano,
34,restrictive,subject-7,suitcase,
34,restrictive,subject-7,envelope,
34,restrictive,subject-7,box,
34,restrictive,subject-7,gift,
5,non-restrictive,subject-7,paper plane,
5,non-restrictive,subject-7,acorns,
5,non-restrictive,subject-7,shuttle cock,
5,non-restrictive,subject-7,ball,
50,restrictive,subject-7,stamp,
50,restrictive,subject-7,envelope,
50,restrictive,subject-7,rubber band,
50,restrictive,subject-7,scissors,
24,restrictive,subject-7,needle,
24,restrictive,subject-7,card,
24,restrictive,subject-7,scarf,
24,restrictive,subject-7,pencil,
12,non-restrictive,subject-8,drum,
12,non-restrictive,subject-8,duck,
12,non-restrictive,subject-8,bricks,
12,non-restrictive,subject-8,bell,
4,non-restrictive,subject-8,plant,0.0
4,non-restrictive,subject-8,stool,1.0
4,non-restrictive,subject-8,rocking horse,0.0
4,non-restrictive,subject-8,baby,0.0
13,restrictive,subject-8,boat,
13,restrictive,subject-8,birds,
13,restrictive,subject-8,sun,
13,restrictive,subject-8,car,
37,restrictive,subject-8,lego,
37,restrictive,subject-8,papers,
37,restrictive,subject-8,boxes,
37,restrictive,subject-8,clips,
45,restrictive,subject-8,dough,
45,restrictive,subject-8,glass,
45,restrictive,subject-8,ladle,
45,restrictive,subject-8,hammer,
17,restrictive,subject-8,dress,
17,restrictive,subject-8,lantern,
17,restrictive,subject-8,backpack,
17,restrictive,subject-8,ribbon,
19,restrictive,subject-8,feather,
19,restrictive,subject-8,leaf,
19,restrictive,subject-8,football,
19,restrictive,subject-8,stick,
30,non-restrictive,subject-8,tissue,
30,non-restrictive,subject-8,newspaper,
30,non-restrictive,subject-8,comb,
30,non-restrictive,subject-8,eraser,
34,non-restrictive,subject-8,gift,
34,non-restrictive,subject-8,suitcase,
34,non-restrictive,subject-8,envelope,
34,non-restrictive,subject-8,box,
41,restrictive,subject-8,blouse,
41,restrictive,subject-8,pin,
41,restrictive,subject-8,toothbrush,
41,restrictive,subject-8,iron,
31,restrictive,subject-8,watch,
31,restrictive,subject-8,headphones,
31,restrictive,subject-8,dice,
31,restrictive,subject-8,cap,
15,restrictive,subject-8,ball,
15,restrictive,subject-8,hen,
15,restrictive,subject-8,dog,
15,restrictive,subject-8,bird,
47,restrictive,subject-8,gum,
47,restrictive,subject-8,stand,
47,restrictive,subject-8,violin,
47,restrictive,subject-8,bow,
26,non-restrictive,subject-8,rope,
26,non-restrictive,subject-8,canvas,
26,non-restrictive,subject-8,keyboard,
26,non-restrictive,subject-8,peach,
29,restrictive,subject-8,milk,
29,restrictive,subject-8,glove,
29,restrictive,subject-8,nut,
29,restrictive,subject-8,sock,
10,non-restrictive,subject-8,bag,
10,non-restrictive,subject-8,book,
10,non-restrictive,subject-8,door,
10,non-restrictive,subject-8,cup,
43,restrictive,subject-8,chalk,
43,restrictive,subject-8,ruler,
43,restrictive,subject-8,shirt,
43,restrictive,subject-8,apple,
3,restrictive,subject-8,houses,
3,restrictive,subject-8,dustbin,
3,restrictive,subject-8,man,
3,restrictive,subject-8,car,
36,non-restrictive,subject-8,brush,
36,non-restrictive,subject-8,mirror,
36,non-restrictive,subject-8,pot,
36,non-restrictive,subject-8,mascara,
48,non-restrictive,subject-8,dustpan,
48,non-restrictive,subject-8,roller,
48,non-restrictive,subject-8,footstool,
48,non-restrictive,subject-8,carpet,
32,non-restrictive,subject-8,lemon,
32,non-restrictive,subject-8,sponge,
32,non-restrictive,subject-8,seed,
32,non-restrictive,subject-8,bottle,
18,non-restrictive,subject-8,rope,
18,non-restrictive,subject-8,wood,
18,non-restrictive,subject-8,bucket,
18,non-restrictive,subject-8,stone,
8,non-restrictive,subject-8,tv monitor,0.5
8,non-restrictive,subject-8,toy bear,0.5
8,non-restrictive,subject-8,microscope,0.0
8,non-restrictive,subject-8,child,0.0
21,restrictive,subject-8,kitten,0.0
21,restrictive,subject-8,block,0.0
21,restrictive,subject-8,crayon,0.0
21,restrictive,subject-8,cup,1.0
28,non-restrictive,subject-8,switch,
28,non-restrictive,subject-8,frame,
28,non-restrictive,subject-8,picture,
28,non-restrictive,subject-8,lamp,
44,non-restrictive,subject-8,pan,
44,non-restrictive,subject-8,bolt,
44,non-restrictive,subject-8,handle,
44,non-restrictive,subject-8,safe,
20,non-restrictive,subject-8,spoon,
20,non-restrictive,subject-8,spatula,
20,non-restrictive,subject-8,bowl,
20,non-restrictive,subject-8,bread,
24,non-restrictive,subject-8,pencil,
24,non-restrictive,subject-8,needle,
24,non-restrictive,subject-8,card,
24,non-restrictive,subject-8,scarf,
39,restrictive,subject-8,broom,
39,restrictive,subject-8,cloth,
39,restrictive,subject-8,apron,
39,restrictive,subject-8,mop,
11,restrictive,subject-8,dog,0.0
11,restrictive,subject-8,wastebin,0.0
11,restrictive,subject-8,washing machine,1.0
11,restrictive,subject-8,mirror,0.0
22,non-restrictive,subject-8,cushion,
22,non-restrictive,subject-8,flower,
22,non-restrictive,subject-8,magazine,
22,non-restrictive,subject-8,vase,
14,non-restrictive,subject-8,glasses,0.0
14,non-restrictive,subject-8,cigarettes,0.0
14,non-restrictive,subject-8,filofax,0.5
14,non-restrictive,subject-8,briefcase,0.5
33,restrictive,subject-8,beer,
33,restrictive,subject-8,mug,
33,restrictive,subject-8,biscuit,
33,restrictive,subject-8,kettle,
23,restrictive,subject-8,poster,
23,restrictive,subject-8,towel,
23,restrictive,subject-8,coat,
23,restrictive,subject-8,hook,
46,non-restrictive,subject-8,pot,
46,non-restrictive,subject-8,carrot,
46,non-restrictive,subject-8,ladle,
46,non-restrictive,subject-8,peeler,
9,restrictive,subject-8,piano,
9,restrictive,subject-8,table,
9,restrictive,subject-8,telephone,
9,restrictive,subject-8,television,
27,restrictive,subject-8,coin,
27,restrictive,subject-8,coaster,
27,restrictive,subject-8,candle,
27,restrictive,subject-8,package,
49,restrictive,subject-8,balloon,
49,restrictive,subject-8,pump,
49,restrictive,subject-8,flag,
49,restrictive,subject-8,pouch,
38,non-restrictive,subject-8,key,
38,non-restrictive,subject-8,banana,
38,non-restrictive,subject-8,mitten,
38,non-restrictive,subject-8,marker,
50,non-restrictive,subject-8,scissors,
50,non-restrictive,subject-8,stamp,
50,non-restrictive,subject-8,envelope,
50,non-restrictive,subject-8,rubber band,
16,non-restrictive,subject-8,wallet,0.0
16,non-restrictive,subject-8,magnifying glass,0.0
16,non-restrictive,subject-8,folder,1.0
16,non-restrictive,subject-8,hat,0.0
40,non-restrictive,subject-8,shampoo,0.0
40,non-restrictive,subject-8,mat,1.0
40,non-restrictive,subject-8,buckle,0.0
40,non-restrictive,subject-8,shoelace,0.0
2,non-restrictive,subject-8,lipstick,
2,non-restrictive,subject-8,wine,
2,non-restrictive,subject-8,cheese,
2,non-restrictive,subject-8,chair,
42,non-restrictive,subject-8,shell,
42,non-restrictive,subject-8,orange,
42,non-restrictive,subject-8,stone,
42,non-restrictive,subject-8,cone,
1,restrictive,subject-8,cake,
1,restrictive,subject-8,toy car,
1,restrictive,subject-8,toy train,
1,restrictive,subject-8,ball,
6,non-restrictive,subject-8,moon,0.0
6,non-restrictive,subject-8,mountain,1.0
6,non-restrictive,subject-8,animal,0.0
6,non-restrictive,subject-8,cactus,0.0
7,restrictive,subject-8,weighing scales,1.0
7,restrictive,subject-8,jug,0.0
7,restrictive,subject-8,mushrooms,0.0
7,restrictive,subject-8,knife,0.0
25,restrictive,subject-8,rabbit,0.0
25,restrictive,subject-8,plate,0.0
25,restrictive,subject-8,potato,0.0
25,restrictive,subject-8,glass,1.0
5,restrictive,subject-8,ball,
5,restrictive,subject-8,paper plane,
5,restrictive,subject-8,acorns,
5,restrictive,subject-8,shuttle cock,
49,non-restrictive,subject-9,balloon,
49,non-restrictive,subject-9,pump,
49,non-restrictive,subject-9,flag,
49,non-restrictive,subject-9,pouch,
29,non-restrictive,subject-9,milk,0.0
29,non-restrictive,subject-9,glove,0.0
29,non-restrictive,subject-9,nut,0.0
29,non-restrictive,subject-9,sock,1.0
9,non-restrictive,subject-9,piano,0.0
9,non-restrictive,subject-9,table,0.0
9,non-restrictive,subject-9,telephone,0.0
9,non-restrictive,subject-9,television,1.0
45,non-restrictive,subject-9,dough,
45,non-restrictive,subject-9,glass,
45,non-restrictive,subject-9,ladle,
45,non-restrictive,subject-9,hammer,
34,restrictive,subject-9,gift,1.0
34,restrictive,subject-9,suitcase,0.0
34,restrictive,subject-9,envelope,0.0
34,restrictive,subject-9,box,0.0
42,restrictive,subject-9,shell,0.5
42,restrictive,subject-9,orange,0.5
42,restrictive,subject-9,stone,0.0
42,restrictive,subject-9,cone,0.0
35,non-restrictive,subject-9,notebook,0.0
35,non-restrictive,subject-9,pillow,1.0
35,non-restrictive,subject-9,radio,0.0
35,non-restrictive,subject-9,puzzle,0.0
36,restrictive,subject-9,brush,
36,restrictive,subject-9,mirror,
36,restrictive,subject-9,pot,
36,restrictive,subject-9,mascara,
2,restrictive,subject-9,lipstick,0.0
2,restrictive,subject-9,wine,0.0
2,restrictive,subject-9,cheese,0.0
2,restrictive,subject-9,chair,1.0
43,non-restrictive,subject-9,chalk,0.0
43,non-restrictive,subject-9,ruler,0.5
43,non-restrictive,subject-9,shirt,0.5
43,non-restrictive,subject-9,apple,0.0
1,non-restrictive,subject-9,cake,0.0
1,non-restrictive,subject-9,toy car,0.0
1,non-restrictive,subject-9,toy train,0.0
1,non-restrictive,subject-9,ball,1.0
6,restrictive,subject-9,moon,0.0
6,restrictive,subject-9,mountain,1.0
6,restrictive,subject-9,animal,0.0
6,restrictive,subject-9,cactus,0.0
8,restrictive,subject-9,tv monitor,0.0
8,restrictive,subject-9,toy bear,0.0
8,restrictive,subject-9,microscope,0.0
8,restrictive,subject-9,child,1.0
26,restrictive,subject-9,rope,0.0
26,restrictive,subject-9,canvas,0.0
26,restrictive,subject-9,keyboard,1.0
26,restrictive,subject-9,peach,0.0
47,non-restrictive,subject-9,gum,0.0
47,non-restrictive,subject-9,stand,0.0
47,non-restrictive,subject-9,violin,0.0
47,non-restrictive,subject-9,bow,1.0
27,non-restrictive,subject-9,coin,0.0
27,non-restrictive,subject-9,coaster,0.0
27,non-restrictive,subject-9,candle,1.0
27,non-restrictive,subject-9,package,0.0
46,restrictive,subject-9,pot,0.5
46,restrictive,subject-9,carrot,0.5
46,restrictive,subject-9,ladle,0.0
46,restrictive,subject-9,peeler,0.0
50,restrictive,subject-9,scissors,0.0
50,restrictive,subject-9,stamp,1.0
50,restrictive,subject-9,envelope,0.0
50,restrictive,subject-9,rubber band,0.0
18,restrictive,subject-9,rope,
18,restrictive,subject-9,wood,
18,restrictive,subject-9,bucket,
18,restrictive,subject-9,stone,
15,non-restrictive,subject-9,ball,
15,non-restrictive,subject-9,hen,
15,non-restrictive,subject-9,dog,
15,non-restrictive,subject-9,bird,
16,restrictive,subject-9,wallet,
16,restrictive,subject-9,magnifying glass,
16,restrictive,subject-9,folder,
16,restrictive,subject-9,hat,
31,non-restrictive,subject-9,watch,0.0
31,non-restrictive,subject-9,headphones,0.0
31,non-restrictive,subject-9,dice,1.0
31,non-restrictive,subject-9,cap,0.0
17,non-restrictive,subject-9,dress,0.0
17,non-restrictive,subject-9,lantern,1.0
17,non-restrictive,subject-9,backpack,0.0
17,non-restrictive,subject-9,ribbon,0.0
11,non-restrictive,subject-9,dog,0.0
11,non-restrictive,subject-9,wastebin,0.0
11,non-restrictive,subject-9,washing machine,0.5
11,non-restrictive,subject-9,mirror,0.5
32,restrictive,subject-9,lemon,0.0
32,restrictive,subject-9,sponge,0.5
32,restrictive,subject-9,seed,0.5
32,restrictive,subject-9,bottle,0.0
25,non-restrictive,subject-9,rabbit,1.0
25,non-restrictive,subject-9,plate,0.0
25,non-restrictive,subject-9,potato,0.0
25,non-restrictive,subject-9,glass,0.0
20,restrictive,subject-9,spoon,1.0
20,restrictive,subject-9,spatula,0.0
20,restrictive,subject-9,bowl,0.0
20,restrictive,subject-9,bread,0.0
38,restrictive,subject-9,key,0.0
38,restrictive,subject-9,banana,0.5
38,restrictive,subject-9,mitten,0.5
38,restrictive,subject-9,marker,0.0
23,non-restrictive,subject-9,poster,0.0
23,non-restrictive,subject-9,towel,0.0
23,non-restrictive,subject-9,coat,1.0
23,non-restrictive,subject-9,hook,0.0
48,restrictive,subject-9,dustpan,0.0
48,restrictive,subject-9,roller,0.5
48,restrictive,subject-9,footstool,0.5
48,restrictive,subject-9,carpet,0.0
37,non-restrictive,subject-9,lego,
37,non-restrictive,subject-9,papers,
37,non-restrictive,subject-9,boxes,
37,non-restrictive,subject-9,clips,
24,restrictive,subject-9,pencil,0.0
24,restrictive,subject-9,needle,0.0
24,restrictive,subject-9,card,0.0
24,restrictive,subject-9,scarf,1.0
30,restrictive,subject-9,tissue,0.0
30,restrictive,subject-9,newspaper,1.0
30,restrictive,subject-9,comb,0.0
30,restrictive,subject-9,eraser,0.0
4,restrictive,subject-9,plant,
4,restrictive,subject-9,stool,
4,restrictive,subject-9,rocking horse,
4,restrictive,subject-9,baby,
3,non-restrictive,subject-9,houses,
3,non-restrictive,subject-9,dustbin,
3,non-restrictive,subject-9,man,
3,non-restrictive,subject-9,car,
28,restrictive,subject-9,switch,0.0
28,restrictive,subject-9,frame,0.0
28,restrictive,subject-9,picture,1.0
28,restrictive,subject-9,lamp,0.0
10,restrictive,subject-9,bag,
10,restrictive,subject-9,book,
10,restrictive,subject-9,door,
10,restrictive,subject-9,cup,
7,non-restrictive,subject-9,weighing scales,0.0
7,non-restrictive,subject-9,jug,0.3333
7,non-restrictive,subject-9,mushrooms,0.3333
7,non-restrictive,subject-9,knife,0.3333
21,non-restrictive,subject-9,kitten,1.0
21,non-restrictive,subject-9,block,0.0
21,non-restrictive,subject-9,crayon,0.0
21,non-restrictive,subject-9,cup,0.0
13,non-restrictive,subject-9,boat,1.0
13,non-restrictive,subject-9,birds,0.0
13,non-restrictive,subject-9,sun,0.0
13,non-restrictive,subject-9,car,0.0
5,non-restrictive,subject-9,ball,0.0
5,non-restrictive,subject-9,paper plane,0.0
5,non-restrictive,subject-9,acorns,0.0
5,non-restrictive,subject-9,shuttle cock,1.0
40,restrictive,subject-9,shampoo,0.0
40,restrictive,subject-9,mat,0.5
40,restrictive,subject-9,buckle,0.5
40,restrictive,subject-9,shoelace,0.0
39,non-restrictive,subject-9,broom,1.0
39,non-restrictive,subject-9,cloth,0.0
39,non-restrictive,subject-9,apron,0.0
39,non-restrictive,subject-9,mop,0.0
22,restrictive,subject-9,cushion,0.0
22,restrictive,subject-9,flower,0.0
22,restrictive,subject-9,magazine,0.0
22,restrictive,subject-9,vase,1.0
12,restrictive,subject-9,drum,
12,restrictive,subject-9,duck,
12,restrictive,subject-9,bricks,
12,restrictive,subject-9,bell,
14,restrictive,subject-9,glasses,0.0
14,restrictive,subject-9,cigarettes,0.0
14,restrictive,subject-9,filofax,1.0
14,restrictive,subject-9,briefcase,0.0
33,non-restrictive,subject-9,beer,0.0
33,non-restrictive,subject-9,mug,1.0
33,non-restrictive,subject-9,biscuit,0.0
33,non-restrictive,subject-9,kettle,0.0
44,restrictive,subject-9,pan,
44,restrictive,subject-9,bolt,
44,restrictive,subject-9,handle,
44,restrictive,subject-9,safe,
41,non-restrictive,subject-9,blouse,
41,non-restrictive,subject-9,pin,
41,non-restrictive,subject-9,toothbrush,
41,non-restrictive,subject-9,iron,
19,non-restrictive,subject-9,feather,0.0
19,non-restrictive,subject-9,leaf,0.0
19,non-restrictive,subject-9,football,1.0
19,non-restrictive,subject-9,stick,0.0
