"acc","accuracy","audio_file","average_response_time","avg_rt","background","block_size","canvas_backend","clock_backend","color_backend","condition","correct","correct_experiment_intro","correct_experiment_intro2","correct_new_1_keyboard_response","correct_new_2_keyboard_response","correct_new_2_sketchpad","correct_new_3_keyboard_response","correct_new_3_sketchpad","correct_new_4_keyboard_response","correct_new_4_sketchpad","correct_new_5_keyboard_response","correct_new_5_sketchpad","correct_new_6_keyboard_response","correct_new_7_keyboard_response","correct_new_7_sketchpad","correct_new_8_keyboard_response","correct_new_keyboard_response","correct_new_mouse_response","correct_welcome","count_accuracy_output","count_audio_file_offset","count_audio_file_onset_log","count_definitions","count_experiment","count_experiment_intro","count_experiment_intro2","count_image_delay","count_image_nosub","count_image_sub","count_increment_roundCounter","count_instruction","count_instructions","count_log_instruction","count_new_1_inline_script","count_new_1_keyboard_response","count_new_1_sketchpad","count_new_2_keyboard_response","count_new_2_sketchpad","count_new_3_keyboard_response","count_new_3_sketchpad","count_new_4_keyboard_response","count_new_4_sketchpad","count_new_5_keyboard_response","count_new_5_sketchpad","count_new_6_keyboard_response","count_new_6_sketchpad","count_new_7_keyboard_response","count_new_7_sketchpad","count_new_8_keyboard_response","count_new_inline_script","count_new_keyboard_response","count_new_logger","count_new_mouse_response","count_new_pygaze_init","count_new_pygaze_start_recording","count_new_pygaze_stop_recording","count_new_sketchpad","count_sentence_audio","count_subject_onset_log","count_trial_loop","count_trial_sequence","count_welcome","csv_filepath","csv_id","cursor_roi","cursor_x","cursor_y","datetime","delay_image_delay","description","disable_garbage_collection","experiment_file","experiment_path","font_bold","font_family","font_italic","font_size","font_underline","foreground","form_clicks","fullscreen","height","id","image_nosub","image_sub","keyboard_backend","live_row","live_row_trial_loop","logfile","mouse_backend","opensesame_codename","opensesame_version","position1","position2","position3","position4","psychopy_screen","repeat_cycle","response","response_experiment_intro","response_experiment_intro2","response_instruction","response_new_1_keyboard_response","response_new_1_sketchpad","response_new_2_keyboard_response","response_new_2_sketchpad","response_new_3_keyboard_response","response_new_3_sketchpad","response_new_4_keyboard_response","response_new_4_sketchpad","response_new_5_keyboard_response","response_new_5_sketchpad","response_new_6_keyboard_response","response_new_6_sketchpad","response_new_7_keyboard_response","response_new_7_sketchpad","response_new_8_keyboard_response","response_new_keyboard_response","response_new_mouse_response","response_time","response_time_experiment_intro","response_time_experiment_intro2","response_time_instruction","response_time_new_1_keyboard_response","response_time_new_1_sketchpad","response_time_new_2_keyboard_response","response_time_new_2_sketchpad","response_time_new_3_keyboard_response","response_time_new_3_sketchpad","response_time_new_4_keyboard_response","response_time_new_4_sketchpad","response_time_new_5_keyboard_response","response_time_new_5_sketchpad","response_time_new_6_keyboard_response","response_time_new_6_sketchpad","response_time_new_7_keyboard_response","response_time_new_7_sketchpad","response_time_new_8_keyboard_response","response_time_new_keyboard_response","response_time_new_mouse_response","response_time_welcome","response_welcome","round","round_decimals","sampler_backend","sentence","sound_buf_size","sound_channels","sound_freq","sound_sample_size","start","subject_nr","subject_parity","target_position","time_accuracy_output","time_audio_file_offset","time_audio_file_onset_log","time_definitions","time_experiment","time_experiment_intro","time_experiment_intro2","time_image_delay","time_image_nosub","time_image_sub","time_increment_roundCounter","time_instruction","time_instructions","time_log_instruction","time_new_1_inline_script","time_new_1_keyboard_response","time_new_1_sketchpad","time_new_2_keyboard_response","time_new_2_sketchpad","time_new_3_keyboard_response","time_new_3_sketchpad","time_new_4_keyboard_response","time_new_4_sketchpad","time_new_5_keyboard_response","time_new_5_sketchpad","time_new_6_keyboard_response","time_new_6_sketchpad","time_new_7_keyboard_response","time_new_7_sketchpad","time_new_8_keyboard_response","time_new_inline_script","time_new_keyboard_response","time_new_logger","time_new_mouse_response","time_new_pygaze_init","time_new_pygaze_start_recording","time_new_pygaze_stop_recording","time_new_sketchpad","time_sentence_audio","time_subject_onset_log","time_trial_loop","time_trial_sequence","time_welcome","timeout","title","total_correct","total_response_time","total_responses","width"
"undefined","undefined","0_n.wav","undefined","undefined","#dadada","256","psycho","psycho","psycho","non-restrictive","undefined","undefined","undefined","NA","NA","undefined","NA","undefined","NA","undefined","NA","undefined","NA","NA","undefined","NA","NA","NA","undefined","0","0","0","0","0","0","0","NA","0","0","0","NA","0","NA","NA","0","0","NA","0","NA","0","NA","0","NA","0","NA","NA","NA","0","NA","NA","NA","0","NA","0","0","0","0","0","0","0","0","0","participant_group8.csv","8","NA","NA","NA","Wed Aug  5 18:51:26 2026","NA","The main experiment item","False","VWP_finalSetup_22_7.osexp","C:\Users\plcm\Desktop\2026-EyeTracking\group-eyeconic\OS2\final_recordings_upl","False","mono","False","20","no","#0c0c0c","no","yes","1440","0","1_pos4_nosub.png","1_pos4_sub.png","psycho","0","0","C:\Users\plcm\Desktop\2026-EyeTracking\group-eyeconic\OS2\final_recordings_upl\subject-15.csv","psycho","Neonatal Nightingale","4.1.14","toy-car","toy-train","ball","cake","0","0","space","space","space","NA","NA","NA","NA","space","NA","space","NA","space","NA","space","NA","NA","NA","space","NA","NA","NA","9635.624599992298","2977.945600010571","7505.254199990304","NA","NA","NA","NA","3083.3680000068853","NA","4507.686600001762","NA","3707.4951000104193","NA","25155.0120000029","NA","NA","NA","9635.624599992298","NA","NA","NA","9513.994900000398","c","1","2","psycho","The boy will move the cake","1024","2","24000","-16","experiment","15","odd","4","61735.302699991735","125871.026599998","123446.64119998924","118342.68370000063","6400.058999992325","61740.112499988754","64724.70890000113","NA","119416.97939998994","123446.55909998983","NA","NA","61735.38859999098","NA","NA","NA","NA","NA","72234.62639999343","NA","75322.32819999626","NA","79834.50869999069","NA","83546.91679999814","NA","NA","NA","108706.35860000039","NA","NA","NA","125896.56860000105","NA","15943.194599996787","118578.94599999418","NA","NA","123472.00739999244","123417.31579999032","118342.71699999226","118578.0483999988","6428.000499989139","3000","SceneViewing","0","0","0","2560"
"100","100","29_r.wav","10781","10781","#dadada","256","psycho","psycho","psycho","restrictive","1","undefined","undefined","1","NA","undefined","NA","undefined","NA","undefined","NA","undefined","NA","NA","undefined","NA","NA","NA","undefined","0","1","1","0","0","0","0","NA","1","1","1","NA","0","NA","NA","1","0","NA","0","NA","0","NA","0","NA","0","NA","NA","NA","0","NA","NA","NA","1","NA","0","1","1","1","1","1","0","1","0","participant_group8.csv","8","NA","NA","NA","Wed Aug  5 18:51:26 2026","NA","The main experiment item","False","VWP_finalSetup_22_7.osexp","C:\Users\plcm\Desktop\2026-EyeTracking\group-eyeconic\OS2\final_recordings_upl","False","mono","False","20","no","#0c0c0c","no","yes","1440","29","30_pos1_nosub.png","30_pos1_sub.png","psycho","1","1","C:\Users\plcm\Desktop\2026-EyeTracking\group-eyeconic\OS2\final_recordings_upl\subject-15.csv","psycho","Neonatal Nightingale","4.1.14","newspaper","comb","eraser","tissue","0","0","space","space","space","NA","space","NA","NA","space","NA","space","NA","space","NA","space","NA","NA","NA","space","NA","NA","NA","10781.512899993686","2977.945600010571","7505.254199990304","NA","10781.512899993686","NA","NA","3083.3680000068853","NA","4507.686600001762","NA","3707.4951000104193","NA","25155.0120000029","NA","NA","NA","9635.624599992298","NA","NA","NA","9513.994900000398","c","2","2","psycho","The grandmother will read the newspaper","1024","2","24000","-16","experiment","15","odd","1","61735.302699991735","143701.1974999914","140987.82349999237","118342.68370000063","6400.058999992325","61740.112499988754","64724.70890000113","NA","136963.52969999134","140987.76419999194","136734.91629998898","NA","61735.38859999098","NA","NA","125952.57110000239","NA","NA","72234.62639999343","NA","75322.32819999626","NA","79834.50869999069","NA","83546.91679999814","NA","NA","NA","108706.35860000039","NA","NA","NA","143720.465099992","NA","15943.194599996787","136945.78680000268","125918.3372999978","125952.33119999466","141007.5397999899","140964.01719999267","118342.71699999226","136945.1246999961","6428.000499989139","3000","SceneViewing","1","10781.512899993686","1","2560"
"100","100","36_n.wav","7188","7188","#dadada","256","psycho","psycho","psycho","non-restrictive","1","undefined","undefined","1","NA","undefined","NA","undefined","NA","undefined","NA","undefined","NA","NA","undefined","NA","NA","NA","undefined","0","2","2","0","0","0","0","NA","2","2","2","NA","0","NA","NA","2","0","NA","0","NA","0","NA","0","NA","0","NA","NA","NA","0","NA","NA","NA","2","NA","0","2","2","2","2","2","0","2","0","participant_group8.csv","8","NA","NA","NA","Wed Aug  5 18:51:26 2026","NA","The main experiment item","False","VWP_finalSetup_22_7.osexp","C:\Users\plcm\Desktop\2026-EyeTracking\group-eyeconic\OS2\final_recordings_upl","False","mono","False","20","no","#0c0c0c","no","yes","1440","36","37_pos4_nosub.png","37_pos4_sub.png","psycho","2","2","C:\Users\plcm\Desktop\2026-EyeTracking\group-eyeconic\OS2\final_recordings_upl\subject-15.csv","psycho","Neonatal Nightingale","4.1.14","papers","boxes","clips","lego","0","0","space","space","space","NA","space","NA","NA","space","NA","space","NA","space","NA","space","NA","NA","NA","space","NA","NA","NA","3595.4328999941936","2977.945600010571","7505.254199990304","NA","3595.4328999941936","NA","NA","3083.3680000068853","NA","4507.686600001762","NA","3707.4951000104193","NA","25155.0120000029","NA","NA","NA","9635.624599992298","NA","NA","NA","9513.994900000398","c","3","2","psycho","The kid will stack the lego","1024","2","24000","-16","experiment","15","odd","4","61735.302699991735","154351.2788999942","151579.04329999292","118342.68370000063","6400.058999992325","61740.112499988754","64724.70890000113","NA","147555.26599999575","151578.9885999984","147335.1485000021","NA","61735.38859999098","NA","NA","143738.75140000018","NA","NA","72234.62639999343","NA","75322.32819999626","NA","79834.50869999069","NA","83546.91679999814","NA","NA","NA","108706.35860000039","NA","NA","NA","154371.03919999208","NA","15943.194599996787","147538.94020000007","143729.14379999565","143738.64630000025","151598.43909999472","151555.7594999991","118342.71699999226","147538.29099998984","6428.000499989139","3000","SceneViewing","2","14376.94579998788","2","2560"
"100","100","43_r.wav","5407","5407","#dadada","256","psycho","psycho","psycho","restrictive","1","undefined","undefined","1","NA","undefined","NA","undefined","NA","undefined","NA","undefined","NA","NA","undefined","NA","NA","NA","undefined","0","3","3","0","0","0","0","NA","3","3","3","NA","0","NA","NA","3","0","NA","0","NA","0","NA","0","NA","0","NA","NA","NA","0","NA","NA","NA","3","NA","0","3","3","3","3","3","0","3","0","participant_group8.csv","8","NA","NA","NA","Wed Aug  5 18:51:26 2026","NA","The main experiment item","False","VWP_finalSetup_22_7.osexp","C:\Users\plcm\Desktop\2026-EyeTracking\group-eyeconic\OS2\final_recordings_upl","False","mono","False","20","no","#0c0c0c","no","yes","1440","43","44_pos3_nosub.png","44_pos3_sub.png","psycho","3","3","C:\Users\plcm\Desktop\2026-EyeTracking\group-eyeconic\OS2\final_recordings_upl\subject-15.csv","psycho","Neonatal Nightingale","4.1.14","bolt","handle","safe","pan","0","0","space","space","space","NA","space","NA","NA","space","NA","space","NA","space","NA","space","NA","NA","NA","space","NA","NA","NA","1844.1682999982731","2977.945600010571","7505.254199990304","NA","1844.1682999982731","NA","NA","3083.3680000068853","NA","4507.686600001762","NA","3707.4951000104193","NA","25155.0120000029","NA","NA","NA","9635.624599992298","NA","NA","NA","9513.994900000398","c","4","2","psycho","The man will lock the safe","1024","2","24000","-16","experiment","15","odd","3","61735.302699991735","163011.05839999218","160490.8926999924","118342.68370000063","6400.058999992325","61740.112499988754","64724.70890000113","NA","156464.50889999687","160490.8279999945","156246.46460000076","NA","61735.38859999098","NA","NA","154401.75669999735","NA","NA","72234.62639999343","NA","75322.32819999626","NA","79834.50869999069","NA","83546.91679999814","NA","NA","NA","108706.35860000039","NA","NA","NA","163030.23179998854","NA","15943.194599996787","156448.49260000046","154390.96019999124","154401.56769999885","160510.02619999053","160464.70159999444","118342.71699999226","156447.79089999793","6428.000499989139","3000","SceneViewing","3","16221.114099986153","3","2560"
"100","100","11_r.wav","4335","4335","#dadada","256","psycho","psycho","psycho","restrictive","1","undefined","undefined","1","NA","undefined","NA","undefined","NA","undefined","NA","undefined","NA","NA","undefined","NA","NA","NA","undefined","0","4","4","0","0","0","0","NA","4","4","4","NA","0","NA","NA","4","0","NA","0","NA","0","NA","0","NA","0","NA","NA","NA","0","NA","NA","NA","4","NA","0","4","4","4","4","4","0","4","0","participant_group8.csv","8","NA","NA","NA","Wed Aug  5 18:51:26 2026","NA","The main experiment item","False","VWP_finalSetup_22_7.osexp","C:\Users\plcm\Desktop\2026-EyeTracking\group-eyeconic\OS2\final_recordings_upl","False","mono","False","20","no","#0c0c0c","no","yes","1440","11","12_pos3_nosub.png","12_pos3_sub.png","psycho","4","4","C:\Users\plcm\Desktop\2026-EyeTracking\group-eyeconic\OS2\final_recordings_upl\subject-15.csv","psycho","Neonatal Nightingale","4.1.14","duck","bricks","bell","drum","0","0","space","space","space","NA","space","NA","NA","space","NA","space","NA","space","NA","space","NA","NA","NA","space","NA","NA","NA","1119.446800003061","2977.945600010571","7505.254199990304","NA","1119.446800003061","NA","NA","3083.3680000068853","NA","4507.686600001762","NA","3707.4951000104193","NA","25155.0120000029","NA","NA","NA","9635.624599992298","NA","NA","NA","9513.994900000398","c","5","2","psycho","The baby will ring the bell","1024","2","24000","-16","experiment","15","odd","3","61735.302699991735","170451.06330000272","168441.98550000146","118342.68370000063","6400.058999992325","61740.112499988754","64724.70890000113","NA","164416.44289999385","168441.90799999342","164182.6272999897","NA","61735.38859999098","NA","NA","163062.52539998968","NA","NA","72234.62639999343","NA","75322.32819999626","NA","79834.50869999069","NA","83546.91679999814","NA","NA","NA","108706.35860000039","NA","NA","NA","170470.52000000258","NA","15943.194599996787","164396.5171000018","163051.9840999914","163062.38969998958","168461.91790000012","168417.0918000018","118342.71699999226","164396.0500999965","6428.000499989139","3000","SceneViewing","4","17340.560899989214","4","2560"
"100","100","34_n.wav","3702","3702","#dadada","256","psycho","psycho","psycho","non-restrictive","1","undefined","undefined","1","NA","undefined","NA","undefined","NA","undefined","NA","undefined","NA","NA","undefined","NA","NA","NA","undefined","0","5","5","0","0","0","0","NA","5","5","5","NA","0","NA","NA","5","0","NA","0","NA","0","NA","0","NA","0","NA","NA","NA","0","NA","NA","NA","5","NA","0","5","5","5","5","5","0","5","0","participant_group8.csv","8","NA","NA","NA","Wed Aug  5 18:51:26 2026","NA","The main experiment item","False","VWP_finalSetup_22_7.osexp","C:\Users\plcm\Desktop\2026-EyeTracking\group-eyeconic\OS2\final_recordings_upl","False","mono","False","20","no","#0c0c0c","no","yes","1440","34","35_pos2_nosub.png","35_pos2_sub.png","psycho","5","5","C:\Users\plcm\Desktop\2026-EyeTracking\group-eyeconic\OS2\final_recordings_upl\subject-15.csv","psycho","Neonatal Nightingale","4.1.14","pillow","radio","puzzle","notebook","0","0","space","space","space","NA","space","NA","NA","space","NA","space","NA","space","NA","space","NA","NA","NA","space","NA","NA","NA","1170.7298000110313","2977.945600010571","7505.254199990304","NA","1170.7298000110313","NA","NA","3083.3680000068853","NA","4507.686600001762","NA","3707.4951000104193","NA","25155.0120000029","NA","NA","NA","9635.624599992298","NA","NA","NA","9513.994900000398","c","6","2","psycho","The boy will move the radio","1024","2","24000","-16","experiment","15","odd","2","61735.302699991735","178671.04809999","175935.38729999273","118342.68370000063","6400.058999992325","61740.112499988754","64724.70890000113","NA","171908.8141999964","175935.2297000005","171662.5492999883","NA","61735.38859999098","NA","NA","170491.19639999117","NA","NA","72234.62639999343","NA","75322.32819999626","NA","79834.50869999069","NA","83546.91679999814","NA","NA","NA","108706.35860000039","NA","NA","NA","178689.92900000012","NA","15943.194599996787","171886.41759999155","170479.903799991","170491.0865999991","175955.34259999113","175909.25509999215","118342.71699999226","171885.90559999284","6428.000499989139","3000","SceneViewing","5","18511.290700000245","5","2560"
"100","100","42_n.wav","3229","3229","#dadada","256","psycho","psycho","psycho","non-restrictive","1","undefined","undefined","1","NA","undefined","NA","undefined","NA","undefined","NA","undefined","NA","NA","undefined","NA","NA","NA","undefined","0","6","6","0","0","0","0","NA","6","6","6","NA","0","NA","NA","6","0","NA","0","NA","0","NA","0","NA","0","NA","NA","NA","0","NA","NA","NA","6","NA","0","6","6","6","6","6","0","6","0","participant_group8.csv","8","NA","NA","NA","Wed Aug  5 18:51:26 2026","NA","The main experiment item","False","VWP_finalSetup_22_7.osexp","C:\Users\plcm\Desktop\2026-EyeTracking\group-eyeconic\OS2\final_recordings_upl","False","mono","False","20","no","#0c0c0c","no","yes","1440","42","43_pos2_nosub.png","43_pos2_sub.png","psycho","6","6","C:\Users\plcm\Desktop\2026-EyeTracking\group-eyeconic\OS2\final_recordings_upl\subject-15.csv","psycho","Neonatal Nightingale","4.1.14","ruler","shirt","apple","chalk","0","0","space","space","space","NA","space","NA","NA","space","NA","space","NA","space","NA","space","NA","NA","NA","space","NA","NA","NA","868.1731000106083","2977.945600010571","7505.254199990304","NA","868.1731000106083","NA","NA","3083.3680000068853","NA","4507.686600001762","NA","3707.4951000104193","NA","25155.0120000029","NA","NA","NA","9635.624599992298","NA","NA","NA","9513.994900000398","c","7","2","psycho","The woman will wash the shirt","1024","2","24000","-16","experiment","15","odd","2","61735.302699991735","186581.14929999283","183852.51569999673","118342.68370000063","6400.058999992325","61740.112499988754","64724.70890000113","NA","179827.80149999599","183852.37359999155","179590.80710000126","NA","61735.38859999098","NA","NA","178721.70299998834","NA","NA","72234.62639999343","NA","75322.32819999626","NA","79834.50869999069","NA","83546.91679999814","NA","NA","NA","108706.35860000039","NA","NA","NA","186600.27919999266","NA","15943.194599996787","179811.9688000006","178710.86529998865","178721.58209999907","183872.27179999172","183828.511300002","118342.71699999226","179811.44929998845","6428.000499989139","3000","SceneViewing","6","19379.463800010853","6","2560"
"100","100","44_n.wav","3025","3025","#dadada","256","psycho","psycho","psycho","non-restrictive","1","undefined","undefined","1","NA","undefined","NA","undefined","NA","undefined","NA","undefined","NA","NA","undefined","NA","NA","NA","undefined","0","7","7","0","0","0","0","NA","7","7","7","NA","0","NA","NA","7","0","NA","0","NA","0","NA","0","NA","0","NA","NA","NA","0","NA","NA","NA","7","NA","0","7","7","7","7","7","0","7","0","participant_group8.csv","8","NA","NA","NA","Wed Aug  5 18:51:26 2026","NA","The main experiment item","False","VWP_finalSetup_22_7.osexp","C:\Users\plcm\Desktop\2026-EyeTracking\group-eyeconic\OS2\final_recordings_upl","False","mono","False","20","no","#0c0c0c","no","yes","1440","44","45_pos4_nosub.png","45_pos4_sub.png","psycho","7","7","C:\Users\plcm\Desktop\2026-EyeTracking\group-eyeconic\OS2\final_recordings_upl\subject-15.csv","psycho","Neonatal Nightingale","4.1.14","glass","ladle","hammer","dough","0","0","space","space","space","NA","space","NA","NA","space","NA","space","NA","space","NA","space","NA","NA","NA","space","NA","NA","NA","1800.807599996915","2977.945600010571","7505.254199990304","NA","1800.807599996915","NA","NA","3083.3680000068853","NA","4507.686600001762","NA","3707.4951000104193","NA","25155.0120000029","NA","NA","NA","9635.624599992298","NA","NA","NA","9513.994900000398","c","8","2","psycho","The baker will inspect the dough","1024","2","24000","-16","experiment","15","odd","4","61735.302699991735","195591.29549999489","192676.25629999384","118342.68370000063","6400.058999992325","61740.112499988754","64724.70890000113","NA","188650.46819999407","192676.18549999315","188422.54679999314","NA","61735.38859999098","NA","NA","186621.11809999624","NA","NA","72234.62639999343","NA","75322.32819999626","NA","79834.50869999069","NA","83546.91679999814","NA","NA","NA","108706.35860000039","NA","NA","NA","195610.7716999977","NA","15943.194599996787","188621.51469998935","186611.2654999888","186620.95149999368","192695.40199999756","192651.43089999037","118342.71699999226","188621.0917999997","6428.000499989139","3000","SceneViewing","7","21180.27140000777","7","2560"
"100","100","14_n.wav","2829","2829","#dadada","256","psycho","psycho","psycho","non-restrictive","1","undefined","undefined","1","NA","undefined","NA","undefined","NA","undefined","NA","undefined","NA","NA","undefined","NA","NA","NA","undefined","0","8","8","0","0","0","0","NA","8","8","8","NA","0","NA","NA","8","0","NA","0","NA","0","NA","0","NA","0","NA","NA","NA","0","NA","NA","NA","8","NA","0","8","8","8","8","8","0","8","0","participant_group8.csv","8","NA","NA","NA","Wed Aug  5 18:51:26 2026","NA","The main experiment item","False","VWP_finalSetup_22_7.osexp","C:\Users\plcm\Desktop\2026-EyeTracking\group-eyeconic\OS2\final_recordings_upl","False","mono","False","20","no","#0c0c0c","no","yes","1440","14","15_pos2_nosub.png","15_pos2_sub.png","psycho","8","8","C:\Users\plcm\Desktop\2026-EyeTracking\group-eyeconic\OS2\final_recordings_upl\subject-15.csv","psycho","Neonatal Nightingale","4.1.14","hen","dog","bird","ball","0","0","space","space","space","NA","space","NA","NA","space","NA","space","NA","space","NA","space","NA","NA","NA","space","NA","NA","NA","1459.1396000032546","2977.945600010571","7505.254199990304","NA","1459.1396000032546","NA","NA","3083.3680000068853","NA","4507.686600001762","NA","3707.4951000104193","NA","25155.0120000029","NA","NA","NA","9635.624599992298","NA","NA","NA","9513.994900000398","c","9","2","psycho","The boy will feed the dog","1024","2","24000","-16","experiment","15","odd","2","61735.302699991735","203841.18760000274","201336.18359999673","118342.68370000063","6400.058999992325","61740.112499988754","64724.70890000113","NA","197310.56759999774","201336.11219999148","197094.57639999164","NA","61735.38859999098","NA","NA","195634.74629999837","NA","NA","72234.62639999343","NA","75322.32819999626","NA","79834.50869999069","NA","83546.91679999814","NA","NA","NA","108706.35860000039","NA","NA","NA","203860.09719999856","NA","15943.194599996787","197293.43409999274","195624.8412999994","195634.63039998896","201356.03470000206","201311.0125999956","118342.71699999226","197292.84650000045","6428.000499989139","3000","SceneViewing","8","22639.411000011023","8","2560"
"100","100","48_n.wav","2615","2615","#dadada","256","psycho","psycho","psycho","non-restrictive","1","undefined","undefined","1","NA","undefined","NA","undefined","NA","undefined","NA","undefined","NA","NA","undefined","NA","NA","NA","undefined","0","9","9","0","0","0","0","NA","9","9","9","NA","0","NA","NA","9","0","NA","0","NA","0","NA","0","NA","0","NA","NA","NA","0","NA","NA","NA","9","NA","0","9","9","9","9","9","0","9","0","participant_group8.csv","8","NA","NA","NA","Wed Aug  5 18:51:26 2026","NA","The main experiment item","False","VWP_finalSetup_22_7.osexp","C:\Users\plcm\Desktop\2026-EyeTracking\group-eyeconic\OS2\final_recordings_upl","False","mono","False","20","no","#0c0c0c","no","yes","1440","48","49_pos4_nosub.png","49_pos4_sub.png","psycho","9","9","C:\Users\plcm\Desktop\2026-EyeTracking\group-eyeconic\OS2\final_recordings_upl\subject-15.csv","psycho","Neonatal Nightingale","4.1.14","pump","flag","pouch","balloon","0","0","space","space","space","NA","space","NA","NA","space","NA","space","NA","space","NA","space","NA","NA","NA","space","NA","NA","NA","904.1244999971241","2977.945600010571","7505.254199990304","NA","904.1244999971241","NA","NA","3083.3680000068853","NA","4507.686600001762","NA","3707.4951000104193","NA","25155.0120000029","NA","NA","NA","9635.624599992298","NA","NA","NA","9513.994900000398","c","10","2","psycho","The child will carry the balloon","1024","2","24000","-16","experiment","15","odd","4","61735.302699991735","212050.99269999482","209035.2045999898","118342.68370000063","6400.058999992325","61740.112499988754","64724.70890000113","NA","205010.72409999324","209035.1493999915","204782.357899996","NA","61735.38859999098","NA","NA","203877.76119999762","NA","NA","72234.62639999343","NA","75322.32819999626","NA","79834.50869999069","NA","83546.91679999814","NA","NA","NA","108706.35860000039","NA","NA","NA","212070.5336999963","NA","15943.194599996787","204991.5886999952","203867.8096999938","203877.5433999981","209054.5024000021","209011.05049999023","118342.71699999226","204990.6093000027","6428.000499989139","3000","SceneViewing","9","23543.535500008147","9","2560"
"100","100","45_r.wav","2437","2437","#dadada","256","psycho","psycho","psycho","restrictive","1","undefined","undefined","1","NA","undefined","NA","undefined","NA","undefined","NA","undefined","NA","NA","undefined","NA","NA","NA","undefined","0","10","10","0","0","0","0","NA","10","10","10","NA","0","NA","NA","10","0","NA","0","NA","0","NA","0","NA","0","NA","NA","NA","0","NA","NA","NA","10","NA","0","10","10","10","10","10","0","10","0","participant_group8.csv","8","NA","NA","NA","Wed Aug  5 18:51:26 2026","NA","The main experiment item","False","VWP_finalSetup_22_7.osexp","C:\Users\plcm\Desktop\2026-EyeTracking\group-eyeconic\OS2\final_recordings_upl","False","mono","False","20","no","#0c0c0c","no","yes","1440","45","46_pos1_nosub.png","46_pos1_sub.png","psycho","10","10","C:\Users\plcm\Desktop\2026-EyeTracking\group-eyeconic\OS2\final_recordings_upl\subject-15.csv","psycho","Neonatal Nightingale","4.1.14","carrot","laddle","peeler","pot","0","0","space","space","space","NA","space","NA","NA","space","NA","space","NA","space","NA","space","NA","NA","NA","space","NA","NA","NA","832.6643999898806","2977.945600010571","7505.254199990304","NA","832.6643999898806","NA","NA","3083.3680000068853","NA","4507.686600001762","NA","3707.4951000104193","NA","25155.0120000029","NA","NA","NA","9635.624599992298","NA","NA","NA","9513.994900000398","c","11","2","psycho","The chef will grate the carrot","1024","2","24000","-16","experiment","15","odd","1","61735.302699991735","219801.09079999966","217188.9622000017","118342.68370000063","6400.058999992325","61740.112499988754","64724.70890000113","NA","213164.98629999114","217188.8953000016","212934.9341999914","NA","61735.38859999098","NA","NA","212101.43850000168","NA","NA","72234.62639999343","NA","75322.32819999626","NA","79834.50869999069","NA","83546.91679999814","NA","NA","NA","108706.35860000039","NA","NA","NA","219820.61989999784","NA","15943.194599996787","213147.87439999054","212091.86089999275","212101.32970000268","217208.19130000018","217165.55320000043","118342.71699999226","213147.39149999514","6428.000499989139","3000","SceneViewing","10","24376.199899998028","10","2560"
"100","100","47_r.wav","2239","2239","#dadada","256","psycho","psycho","psycho","restrictive","1","undefined","undefined","1","NA","undefined","NA","undefined","NA","undefined","NA","undefined","NA","NA","undefined","NA","NA","NA","undefined","0","11","11","0","0","0","0","NA","11","11","11","NA","0","NA","NA","11","0","NA","0","NA","0","NA","0","NA","0","NA","NA","NA","0","NA","NA","NA","11","NA","0","11","11","11","11","11","0","11","0","participant_group8.csv","8","NA","NA","NA","Wed Aug  5 18:51:26 2026","NA","The main experiment item","False","VWP_finalSetup_22_7.osexp","C:\Users\plcm\Desktop\2026-EyeTracking\group-eyeconic\OS2\final_recordings_upl","False","mono","False","20","no","#0c0c0c","no","yes","1440","47","48_pos3_nosub.png","48_pos3_sub.png","psycho","11","11","C:\Users\plcm\Desktop\2026-EyeTracking\group-eyeconic\OS2\final_recordings_upl\subject-15.csv","psycho","Neonatal Nightingale","4.1.14","roller","footstool","carpet","dustpan","0","0","space","space","space","NA","space","NA","NA","space","NA","space","NA","space","NA","space","NA","NA","NA","space","NA","NA","NA","263.5979999904521","2977.945600010571","7505.254199990304","NA","263.5979999904521","NA","NA","3083.3680000068853","NA","4507.686600001762","NA","3707.4951000104193","NA","25155.0120000029","NA","NA","NA","9635.624599992298","NA","NA","NA","9513.994900000398","c","12","2","psycho","The girl will vacuum the carpet","1024","2","24000","-16","experiment","15","odd","3","61735.302699991735","227371.2235999992","224350.63939999964","118342.68370000063","6400.058999992325","61740.112499988754","64724.70890000113","NA","220325.8560999966","224350.56399999303","220102.6012999937","NA","61735.38859999098","NA","NA","219838.31890000147","NA","NA","72234.62639999343","NA","75322.32819999626","NA","79834.50869999069","NA","83546.91679999814","NA","NA","NA","108706.35860000039","NA","NA","NA","227390.25830000173","NA","15943.194599996787","220306.6536999977","219828.1919000001","219838.21299999545","224370.5035999883","224326.34519999556","118342.71699999226","220305.89509999845","6428.000499989139","3000","SceneViewing","11","24639.79789998848","11","2560"
"100","100","39_r.wav","2102","2102","#dadada","256","psycho","psycho","psycho","restrictive","1","undefined","undefined","1","NA","undefined","NA","undefined","NA","undefined","NA","undefined","NA","NA","undefined","NA","NA","NA","undefined","0","12","12","0","0","0","0","NA","12","12","12","NA","0","NA","NA","12","0","NA","0","NA","0","NA","0","NA","0","NA","NA","NA","0","NA","NA","NA","12","NA","0","12","12","12","12","12","0","12","0","participant_group8.csv","8","NA","NA","NA","Wed Aug  5 18:51:26 2026","NA","The main experiment item","False","VWP_finalSetup_22_7.osexp","C:\Users\plcm\Desktop\2026-EyeTracking\group-eyeconic\OS2\final_recordings_upl","False","mono","False","20","no","#0c0c0c","no","yes","1440","39","40_pos3_nosub.png","40_pos3_sub.png","psycho","12","12","C:\Users\plcm\Desktop\2026-EyeTracking\group-eyeconic\OS2\final_recordings_upl\subject-15.csv","psycho","Neonatal Nightingale","4.1.14","mat","buckle","shoelace","shampoo","0","0","space","space","space","NA","space","NA","NA","space","NA","space","NA","space","NA","space","NA","NA","NA","space","NA","NA","NA","589.0305999928387","2977.945600010571","7505.254199990304","NA","589.0305999928387","NA","NA","3083.3680000068853","NA","4507.686600001762","NA","3707.4951000104193","NA","25155.0120000029","NA","NA","NA","9635.624599992298","NA","NA","NA","9513.994900000398","c","13","2","psycho","The boy will tie the shoelace","1024","2","24000","-16","experiment","15","odd","3","61735.302699991735","234861.13599999226","232245.42500000098","118342.68370000063","6400.058999992325","61740.112499988754","64724.70890000113","NA","228220.98529999494","232245.37160000182","227998.6357000016","NA","61735.38859999098","NA","NA","227408.90789999685","NA","NA","72234.62639999343","NA","75322.32819999626","NA","79834.50869999069","NA","83546.91679999814","NA","NA","NA","108706.35860000039","NA","NA","NA","234881.04680000106","NA","15943.194599996787","228205.0167999987","227398.5071999923","227408.77809999802","232264.58940000157","232221.31359999184","118342.71699999226","228204.45269999618","6428.000499989139","3000","SceneViewing","12","25228.82849998132","12","2560"
"100","100","7_r.wav","1993","1993","#dadada","256","psycho","psycho","psycho","restrictive","1","undefined","undefined","1","NA","undefined","NA","undefined","NA","undefined","NA","undefined","NA","NA","undefined","NA","NA","NA","undefined","0","13","13","0","0","0","0","NA","13","13","13","NA","0","NA","NA","13","0","NA","0","NA","0","NA","0","NA","0","NA","NA","NA","0","NA","NA","NA","13","NA","0","13","13","13","13","13","0","13","0","participant_group8.csv","8","NA","NA","NA","Wed Aug  5 18:51:26 2026","NA","The main experiment item","False","VWP_finalSetup_22_7.osexp","C:\Users\plcm\Desktop\2026-EyeTracking\group-eyeconic\OS2\final_recordings_upl","False","mono","False","20","no","#0c0c0c","no","yes","1440","7","8_pos3_nosub.png","8_pos3_sub.png","psycho","13","13","C:\Users\plcm\Desktop\2026-EyeTracking\group-eyeconic\OS2\final_recordings_upl\subject-15.csv","psycho","Neonatal Nightingale","4.1.14","toy-bear","microscope","child","tv-monitor","0","0","space","space","space","NA","space","NA","NA","space","NA","space","NA","space","NA","space","NA","NA","NA","space","NA","NA","NA","687.1471000049496","2977.945600010571","7505.254199990304","NA","687.1471000049496","NA","NA","3083.3680000068853","NA","4507.686600001762","NA","3707.4951000104193","NA","25155.0120000029","NA","NA","NA","9635.624599992298","NA","NA","NA","9513.994900000398","c","14","2","psycho","The doctor will inject the child","1024","2","24000","-16","experiment","15","odd","3","61735.302699991735","242901.29359999264","239850.8531999978","118342.68370000063","6400.058999992325","61740.112499988754","64724.70890000113","NA","235826.34269999107","239850.7985999895","235590.58579998964","NA","61735.38859999098","NA","NA","234902.75969999493","NA","NA","72234.62639999343","NA","75322.32819999626","NA","79834.50869999069","NA","83546.91679999814","NA","NA","NA","108706.35860000039","NA","NA","NA","242920.5951999902","NA","15943.194599996787","235810.32789999153","234893.1537000026","234902.56699999736","239870.0950999919","239826.54779999575","118342.71699999226","235809.88159999833","6428.000499989139","3000","SceneViewing","13","25915.97559998627","13","2560"
"100","100","38_n.wav","1954","1954","#dadada","256","psycho","psycho","psycho","non-restrictive","1","undefined","undefined","1","NA","undefined","NA","undefined","NA","undefined","NA","undefined","NA","NA","undefined","NA","NA","NA","undefined","0","14","14","0","0","0","0","NA","14","14","14","NA","0","NA","NA","14","0","NA","0","NA","0","NA","0","NA","0","NA","NA","NA","0","NA","NA","NA","14","NA","0","14","14","14","14","14","0","14","0","participant_group8.csv","8","NA","NA","NA","Wed Aug  5 18:51:26 2026","NA","The main experiment item","False","VWP_finalSetup_22_7.osexp","C:\Users\plcm\Desktop\2026-EyeTracking\group-eyeconic\OS2\final_recordings_upl","False","mono","False","20","no","#0c0c0c","no","yes","1440","38","39_pos2_nosub.png","39_pos2_sub.png","psycho","14","14","C:\Users\plcm\Desktop\2026-EyeTracking\group-eyeconic\OS2\final_recordings_upl\subject-15.csv","psycho","Neonatal Nightingale","4.1.14","cloth","apron","mop","broom","0","0","space","space","space","NA","space","NA","NA","space","NA","space","NA","space","NA","space","NA","NA","NA","space","NA","NA","NA","1452.76250000461","2977.945600010571","7505.254199990304","NA","1452.76250000461","NA","NA","3083.3680000068853","NA","4507.686600001762","NA","3707.4951000104193","NA","25155.0120000029","NA","NA","NA","9635.624599992298","NA","NA","NA","9513.994900000398","c","15","2","psycho","The woman will carry the apron","1024","2","24000","-16","experiment","15","odd","2","61735.302699991735","251501.076200002","248654.0951999923","118342.68370000063","6400.058999992325","61740.112499988754","64724.70890000113","NA","244630.39520000166","248654.03869999864","244406.51079999225","NA","61735.38859999098","NA","NA","242953.1380999979","NA","NA","72234.62639999343","NA","75322.32819999626","NA","79834.50869999069","NA","83546.91679999814","NA","NA","NA","108706.35860000039","NA","NA","NA","251520.05859999917","NA","15943.194599996787","244611.89990000275","242941.26310000138","242952.88569999684","248674.03759999434","248630.84119999257","118342.71699999226","244611.0944999964","6428.000499989139","3000","SceneViewing","14","27368.73809999088","14","2560"
"100","100","25_r.wav","1887","1887","#dadada","256","psycho","psycho","psycho","restrictive","1","undefined","undefined","1","NA","undefined","NA","undefined","NA","undefined","NA","undefined","NA","NA","undefined","NA","NA","NA","undefined","0","15","15","0","0","0","0","NA","15","15","15","NA","0","NA","NA","15","0","NA","0","NA","0","NA","0","NA","0","NA","NA","NA","0","NA","NA","NA","15","NA","0","15","15","15","15","15","0","15","0","participant_group8.csv","8","NA","NA","NA","Wed Aug  5 18:51:26 2026","NA","The main experiment item","False","VWP_finalSetup_22_7.osexp","C:\Users\plcm\Desktop\2026-EyeTracking\group-eyeconic\OS2\final_recordings_upl","False","mono","False","20","no","#0c0c0c","no","yes","1440","25","26_pos1_nosub.png","26_pos1_sub.png","psycho","15","15","C:\Users\plcm\Desktop\2026-EyeTracking\group-eyeconic\OS2\final_recordings_upl\subject-15.csv","psycho","Neonatal Nightingale","4.1.14","canvas","keyboard","peach","rope","0","0","space","space","space","NA","space","NA","NA","space","NA","space","NA","space","NA","space","NA","NA","NA","space","NA","NA","NA","950.7842000020901","2977.945600010571","7505.254199990304","NA","950.7842000020901","NA","NA","3083.3680000068853","NA","4507.686600001762","NA","3707.4951000104193","NA","25155.0120000029","NA","NA","NA","9635.624599992298","NA","NA","NA","9513.994900000398","c","16","2","psycho","The man will paint the canvas","1024","2","24000","-16","experiment","15","odd","1","61735.302699991735","259561.00590000278","256742.44079999335","118342.68370000063","6400.058999992325","61740.112499988754","64724.70890000113","NA","252718.8804999896","256742.36969999038","252494.76849999337","NA","61735.38859999098","NA","NA","251543.1760999927","NA","NA","72234.62639999343","NA","75322.32819999626","NA","79834.50869999069","NA","83546.91679999814","NA","NA","NA","108706.35860000039","NA","NA","NA","259580.02049999777","NA","15943.194599996787","252698.96850000077","251532.62159999576","251543.02289999032","256761.66209999064","256719.81029999733","118342.71699999226","252697.65740000003","6428.000499989139","3000","SceneViewing","15","28319.52229999297","15","2560"
"100","100","12_n.wav","1852","1852","#dadada","256","psycho","psycho","psycho","non-restrictive","1","undefined","undefined","1","NA","undefined","NA","undefined","NA","undefined","NA","undefined","NA","NA","undefined","NA","NA","NA","undefined","0","16","16","0","0","0","0","NA","16","16","16","NA","0","NA","NA","16","0","NA","0","NA","0","NA","0","NA","0","NA","NA","NA","0","NA","NA","NA","16","NA","0","16","16","16","16","16","0","16","0","participant_group8.csv","8","NA","NA","NA","Wed Aug  5 18:51:26 2026","NA","The main experiment item","False","VWP_finalSetup_22_7.osexp","C:\Users\plcm\Desktop\2026-EyeTracking\group-eyeconic\OS2\final_recordings_upl","False","mono","False","20","no","#0c0c0c","no","yes","1440","12","13_pos4_nosub.png","13_pos4_sub.png","psycho","16","16","C:\Users\plcm\Desktop\2026-EyeTracking\group-eyeconic\OS2\final_recordings_upl\subject-15.csv","psycho","Neonatal Nightingale","4.1.14","birds","sun","car","boat","0","0","space","space","space","NA","space","NA","NA","space","NA","space","NA","space","NA","space","NA","NA","NA","space","NA","NA","NA","1319.4682000030298","2977.945600010571","7505.254199990304","NA","1319.4682000030298","NA","NA","3083.3680000068853","NA","4507.686600001762","NA","3707.4951000104193","NA","25155.0120000029","NA","NA","NA","9635.624599992298","NA","NA","NA","9513.994900000398","c","17","2","psycho","The man will watch the boat","1024","2","24000","-16","experiment","15","odd","4","61735.302699991735","267651.13169999677","265175.53359999147","118342.68370000063","6400.058999992325","61740.112499988754","64724.70890000113","NA","261149.50079999107","265175.4318000021","260919.37759998837","NA","61735.38859999098","NA","NA","259598.71789999306","NA","NA","72234.62639999343","NA","75322.32819999626","NA","79834.50869999069","NA","83546.91679999814","NA","NA","NA","108706.35860000039","NA","NA","NA","267670.46599999594","NA","15943.194599996787","261128.63969999307","259588.26769998996","259598.49789999134","265194.84029999876","265150.0415999908","118342.71699999226","261128.11140000122","6428.000499989139","3000","SceneViewing","16","29638.990499995998","16","2560"
"100","100","6_n.wav","1760","1760","#dadada","256","psycho","psycho","psycho","non-restrictive","1","undefined","undefined","1","NA","undefined","NA","undefined","NA","undefined","NA","undefined","NA","NA","undefined","NA","NA","NA","undefined","0","17","17","0","0","0","0","NA","17","17","17","NA","0","NA","NA","17","0","NA","0","NA","0","NA","0","NA","0","NA","NA","NA","0","NA","NA","NA","17","NA","0","17","17","17","17","17","0","17","0","participant_group8.csv","8","NA","NA","NA","Wed Aug  5 18:51:26 2026","NA","The main experiment item","False","VWP_finalSetup_22_7.osexp","C:\Users\plcm\Desktop\2026-EyeTracking\group-eyeconic\OS2\final_recordings_upl","False","mono","False","20","no","#0c0c0c","no","yes","1440","6","7_pos2_nosub.png","7_pos2_sub.png","psycho","17","17","C:\Users\plcm\Desktop\2026-EyeTracking\group-eyeconic\OS2\final_recordings_upl\subject-15.csv","psycho","Neonatal Nightingale","4.1.14","jug","mushrooms","knife","weighing-scales","0","0","space","space","space","NA","space","NA","NA","space","NA","space","NA","space","NA","space","NA","NA","NA","space","NA","NA","NA","285.3742000006605","2977.945600010571","7505.254199990304","NA","285.3742000006605","NA","NA","3083.3680000068853","NA","4507.686600001762","NA","3707.4951000104193","NA","25155.0120000029","NA","NA","NA","9635.624599992298","NA","NA","NA","9513.994900000398","c","18","2","psycho","The housewife will  wash the mushrooms","1024","2","24000","-16","experiment","15","odd","2","61735.302699991735","275521.03809999244","272212.2970999917","118342.68370000063","6400.058999992325","61740.112499988754","64724.70890000113","NA","268188.5385999922","272212.2301999916","267974.7939999943","NA","61735.38859999098","NA","NA","267688.63079999574","NA","NA","72234.62639999343","NA","75322.32819999626","NA","79834.50869999069","NA","83546.91679999814","NA","NA","NA","108706.35860000039","NA","NA","NA","275540.2834999986","NA","15943.194599996787","268172.00949999096","267677.9169999936","267688.4970999963","272231.2763999944","272188.8703000004","118342.71699999226","268171.5155999991","6428.000499989139","3000","SceneViewing","17","29924.36469999666","17","2560"
"100","100","41_r.wav","1693","1693","#dadada","256","psycho","psycho","psycho","restrictive","1","undefined","undefined","1","NA","undefined","NA","undefined","NA","undefined","NA","undefined","NA","NA","undefined","NA","NA","NA","undefined","0","18","18","0","0","0","0","NA","18","18","18","NA","0","NA","NA","18","0","NA","0","NA","0","NA","0","NA","0","NA","NA","NA","0","NA","NA","NA","18","NA","0","18","18","18","18","18","0","18","0","participant_group8.csv","8","NA","NA","NA","Wed Aug  5 18:51:26 2026","NA","The main experiment item","False","VWP_finalSetup_22_7.osexp","C:\Users\plcm\Desktop\2026-EyeTracking\group-eyeconic\OS2\final_recordings_upl","False","mono","False","20","no","#0c0c0c","no","yes","1440","41","42_pos1_nosub.png","42_pos1_sub.png","psycho","18","18","C:\Users\plcm\Desktop\2026-EyeTracking\group-eyeconic\OS2\final_recordings_upl\subject-15.csv","psycho","Neonatal Nightingale","4.1.14","orange","stone","cone","shell","0","0","space","space","space","NA","space","NA","NA","space","NA","space","NA","space","NA","space","NA","NA","NA","space","NA","NA","NA","559.5114000025205","2977.945600010571","7505.254199990304","NA","559.5114000025205","NA","NA","3083.3680000068853","NA","4507.686600001762","NA","3707.4951000104193","NA","25155.0120000029","NA","NA","NA","9635.624599992298","NA","NA","NA","9513.994900000398","c","19","2","psycho","The boy will squeeze the orange","1024","2","24000","-16","experiment","15","odd","1","61735.302699991735","283271.6472999891","280368.5370999883","118342.68370000063","6400.058999992325","61740.112499988754","64724.70890000113","NA","276344.56299999147","280368.47619999025","276118.79419999605","NA","61735.38859999098","NA","NA","275558.4721999912","NA","NA","72234.62639999343","NA","75322.32819999626","NA","79834.50869999069","NA","83546.91679999814","NA","NA","NA","108706.35860000039","NA","NA","NA","283290.69799999706","NA","15943.194599996787","276329.34949999617","275548.13229999854","275558.20899999526","280388.36420000007","280344.998399989","118342.71699999226","276328.7522000028","6428.000499989139","3000","SceneViewing","18","30483.87609999918","18","2560"
"100","100","10_n.wav","1633","1633","#dadada","256","psycho","psycho","psycho","non-restrictive","1","undefined","undefined","1","NA","undefined","NA","undefined","NA","undefined","NA","undefined","NA","NA","undefined","NA","NA","NA","undefined","0","19","19","0","0","0","0","NA","19","19","19","NA","0","NA","NA","19","0","NA","0","NA","0","NA","0","NA","0","NA","NA","NA","0","NA","NA","NA","19","NA","0","19","19","19","19","19","0","19","0","participant_group8.csv","8","NA","NA","NA","Wed Aug  5 18:51:26 2026","NA","The main experiment item","False","VWP_finalSetup_22_7.osexp","C:\Users\plcm\Desktop\2026-EyeTracking\group-eyeconic\OS2\final_recordings_upl","False","mono","False","20","no","#0c0c0c","no","yes","1440","10","11_pos2_nosub.png","11_pos2_sub.png","psycho","19","19","C:\Users\plcm\Desktop\2026-EyeTracking\group-eyeconic\OS2\final_recordings_upl\subject-15.csv","psycho","Neonatal Nightingale","4.1.14","wastebin","washing-machine","mirror","dog","0","0","space","space","space","NA","space","NA","NA","space","NA","space","NA","space","NA","space","NA","NA","NA","space","NA","NA","NA","548.7912999960827","2977.945600010571","7505.254199990304","NA","548.7912999960827","NA","NA","3083.3680000068853","NA","4507.686600001762","NA","3707.4951000104193","NA","25155.0120000029","NA","NA","NA","9635.624599992298","NA","NA","NA","9513.994900000398","c","20","2","psycho","The man will wipe the washing machine","1024","2","24000","-16","experiment","15","odd","2","61735.302699991735","291390.908100002","288126.43389998993","118342.68370000063","6400.058999992325","61740.112499988754","64724.70890000113","NA","284100.8767000021","288126.37859999086","283862.5323000015","NA","61735.38859999098","NA","NA","283313.1138000026","NA","NA","72234.62639999343","NA","75322.32819999626","NA","79834.50869999069","NA","83546.91679999814","NA","NA","NA","108706.35860000039","NA","NA","NA","291409.78679999535","NA","15943.194599996787","284079.37449999736","283302.0140000008","283312.9628000024","288145.4206999915","288101.5558999934","118342.71699999226","284078.7658999907","6428.000499989139","3000","SceneViewing","19","31032.66739999526","19","2560"
"100","100","37_r.wav","1584","1584","#dadada","256","psycho","psycho","psycho","restrictive","1","undefined","undefined","1","NA","undefined","NA","undefined","NA","undefined","NA","undefined","NA","NA","undefined","NA","NA","NA","undefined","0","20","20","0","0","0","0","NA","20","20","20","NA","0","NA","NA","20","0","NA","0","NA","0","NA","0","NA","0","NA","NA","NA","0","NA","NA","NA","20","NA","0","20","20","20","20","20","0","20","0","participant_group8.csv","8","NA","NA","NA","Wed Aug  5 18:51:26 2026","NA","The main experiment item","False","VWP_finalSetup_22_7.osexp","C:\Users\plcm\Desktop\2026-EyeTracking\group-eyeconic\OS2\final_recordings_upl","False","mono","False","20","no","#0c0c0c","no","yes","1440","37","38_pos1_nosub.png","38_pos1_sub.png","psycho","20","20","C:\Users\plcm\Desktop\2026-EyeTracking\group-eyeconic\OS2\final_recordings_upl\subject-15.csv","psycho","Neonatal Nightingale","4.1.14","banana","mitten","marker","key","0","0","space","space","space","NA","space","NA","NA","space","NA","space","NA","space","NA","space","NA","NA","NA","space","NA","NA","NA","660.7431000011275","2977.945600010571","7505.254199990304","NA","660.7431000011275","NA","NA","3083.3680000068853","NA","4507.686600001762","NA","3707.4951000104193","NA","25155.0120000029","NA","NA","NA","9635.624599992298","NA","NA","NA","9513.994900000398","c","21","2","psycho","The boy will peel the banana","1024","2","24000","-16","experiment","15","odd","1","61735.302699991735","299121.1404999922","296346.9388999947","118342.68370000063","6400.058999992325","61740.112499988754","64724.70890000113","NA","292322.73919999716","296346.8639999919","292102.6742999966","NA","61735.38859999098","NA","NA","291441.1965999898","NA","NA","72234.62639999343","NA","75322.32819999626","NA","79834.50869999069","NA","83546.91679999814","NA","NA","NA","108706.35860000039","NA","NA","NA","299140.5062999984","NA","15943.194599996787","292304.2032999947","291430.3935999924","291441.0150999902","296366.20669999684","296323.2419999986","118342.71699999226","292303.5463999986","6428.000499989139","3000","SceneViewing","20","31693.41049999639","20","2560"
"100","100","5_r.wav","1559","1559","#dadada","256","psycho","psycho","psycho","restrictive","1","undefined","undefined","1","NA","undefined","NA","undefined","NA","undefined","NA","undefined","NA","NA","undefined","NA","NA","NA","undefined","0","21","21","0","0","0","0","NA","21","21","21","NA","0","NA","NA","21","0","NA","0","NA","0","NA","0","NA","0","NA","NA","NA","0","NA","NA","NA","21","NA","0","21","21","21","21","21","0","21","0","participant_group8.csv","8","NA","NA","NA","Wed Aug  5 18:51:26 2026","NA","The main experiment item","False","VWP_finalSetup_22_7.osexp","C:\Users\plcm\Desktop\2026-EyeTracking\group-eyeconic\OS2\final_recordings_upl","False","mono","False","20","no","#0c0c0c","no","yes","1440","5","6_pos1_nosub.png","6_pos1_sub.png","psycho","21","21","C:\Users\plcm\Desktop\2026-EyeTracking\group-eyeconic\OS2\final_recordings_upl\subject-15.csv","psycho","Neonatal Nightingale","4.1.14","mountain","animal","cactus","moon","0","0","space","space","space","NA","space","NA","NA","space","NA","space","NA","space","NA","space","NA","NA","NA","space","NA","NA","NA","1047.2618000057992","2977.945600010571","7505.254199990304","NA","1047.2618000057992","NA","NA","3083.3680000068853","NA","4507.686600001762","NA","3707.4951000104193","NA","25155.0120000029","NA","NA","NA","9635.624599992298","NA","NA","NA","9513.994900000398","c","22","2","psycho","The hiker will climb the mountain","1024","2","24000","-16","experiment","15","odd","1","61735.302699991735","307221.42010000243","304442.3528999905","118342.68370000063","6400.058999992325","61740.112499988754","64724.70890000113","NA","300418.58669999056","304442.2767999931","300206.5170999995","NA","61735.38859999098","NA","NA","299158.6840999953","NA","NA","72234.62639999343","NA","75322.32819999626","NA","79834.50869999069","NA","83546.91679999814","NA","NA","NA","108706.35860000039","NA","NA","NA","307240.7947999891","NA","15943.194599996787","300403.32499999204","299148.2501999999","299158.50689999934","304461.98749999166","304419.05419999966","118342.71699999226","300402.548500002","6428.000499989139","3000","SceneViewing","21","32740.67230000219","21","2560"
"100","100","9_r.wav","1574","1574","#dadada","256","psycho","psycho","psycho","restrictive","1","undefined","undefined","1","NA","undefined","NA","undefined","NA","undefined","NA","undefined","NA","NA","undefined","NA","NA","NA","undefined","0","22","22","0","0","0","0","NA","22","22","22","NA","0","NA","NA","22","0","NA","0","NA","0","NA","0","NA","0","NA","NA","NA","0","NA","NA","NA","22","NA","0","22","22","22","22","22","0","22","0","participant_group8.csv","8","NA","NA","NA","Wed Aug  5 18:51:26 2026","NA","The main experiment item","False","VWP_finalSetup_22_7.osexp","C:\Users\plcm\Desktop\2026-EyeTracking\group-eyeconic\OS2\final_recordings_upl","False","mono","False","20","no","#0c0c0c","no","yes","1440","9","10_pos1_nosub.png","10_pos1_sub.png","psycho","22","22","C:\Users\plcm\Desktop\2026-EyeTracking\group-eyeconic\OS2\final_recordings_upl\subject-15.csv","psycho","Neonatal Nightingale","4.1.14","book","door","cup","bag","0","0","space","space","space","NA","space","NA","NA","space","NA","space","NA","space","NA","space","NA","NA","NA","space","NA","NA","NA","1901.6395000071498","2977.945600010571","7505.254199990304","NA","1901.6395000071498","NA","NA","3083.3680000068853","NA","4507.686600001762","NA","3707.4951000104193","NA","25155.0120000029","NA","NA","NA","9635.624599992298","NA","NA","NA","9513.994900000398","c","23","2","psycho","The woman will read the book","1024","2","24000","-16","experiment","15","odd","1","61735.302699991735","315820.9766999935","313414.1432999895","118342.68370000063","6400.058999992325","61740.112499988754","64724.70890000113","NA","309389.57619998837","313414.0863999928","309174.5277000009","NA","61735.38859999098","NA","NA","307272.23969998886","NA","NA","72234.62639999343","NA","75322.32819999626","NA","79834.50869999069","NA","83546.91679999814","NA","NA","NA","108706.35860000039","NA","NA","NA","315840.7295999932","NA","15943.194599996787","309371.5941999981","307260.86529999156","307272.0726999978","313433.89169999864","313389.7668999998","118342.71699999226","309371.0104999918","6428.000499989139","3000","SceneViewing","22","34642.31180000934","22","2560"
"100","100","13_r.wav","1885","1885","#dadada","256","psycho","psycho","psycho","restrictive","1","undefined","undefined","1","NA","undefined","NA","undefined","NA","undefined","NA","undefined","NA","NA","undefined","NA","NA","NA","undefined","0","23","23","0","0","0","0","NA","23","23","23","NA","0","NA","NA","23","0","NA","0","NA","0","NA","0","NA","0","NA","NA","NA","0","NA","NA","NA","23","NA","0","23","23","23","23","23","0","23","0","participant_group8.csv","8","NA","NA","NA","Wed Aug  5 18:51:26 2026","NA","The main experiment item","False","VWP_finalSetup_22_7.osexp","C:\Users\plcm\Desktop\2026-EyeTracking\group-eyeconic\OS2\final_recordings_upl","False","mono","False","20","no","#0c0c0c","no","yes","1440","13","14_pos1_nosub.png","14_pos1_sub.png","psycho","23","23","C:\Users\plcm\Desktop\2026-EyeTracking\group-eyeconic\OS2\final_recordings_upl\subject-15.csv","psycho","Neonatal Nightingale","4.1.14","cigarettes","filofax","briefcase","glasses","0","0","space","space","space","NA","space","NA","NA","space","NA","space","NA","space","NA","space","NA","NA","NA","space","NA","NA","NA","8716.993999987608","2977.945600010571","7505.254199990304","NA","8716.993999987608","NA","NA","3083.3680000068853","NA","4507.686600001762","NA","3707.4951000104193","NA","25155.0120000029","NA","NA","NA","9635.624599992298","NA","NA","NA","9513.994900000398","c","24","2","psycho","The man will smoke the cigarettes","1024","2","24000","-16","experiment","15","odd","1","61735.302699991735","331711.0912999924","328857.4728999956","118342.68370000063","6400.058999992325","61740.112499988754","64724.70890000113","NA","324831.8453999964","328857.3374999978","324590.64569999464","NA","61735.38859999098","NA","NA","315872.9383000027","NA","NA","72234.62639999343","NA","75322.32819999626","NA","79834.50869999069","NA","83546.91679999814","NA","NA","NA","108706.35860000039","NA","NA","NA","331730.2148000017","NA","15943.194599996787","324812.5454999972","315861.571299989","315872.80589999864","328876.91559999075","328832.25759999186","118342.71699999226","324812.03239999013","6428.000499989139","3000","SceneViewing","23","43359.305799996946","23","2560"
"100","100","1_r.wav","1825","1825","#dadada","256","psycho","psycho","psycho","restrictive","1","undefined","undefined","1","NA","undefined","NA","undefined","NA","undefined","NA","undefined","NA","NA","undefined","NA","NA","NA","undefined","0","24","24","0","0","0","0","NA","24","24","24","NA","0","NA","NA","24","0","NA","0","NA","0","NA","0","NA","0","NA","NA","NA","0","NA","NA","NA","24","NA","0","24","24","24","24","24","0","24","0","participant_group8.csv","8","NA","NA","NA","Wed Aug  5 18:51:26 2026","NA","The main experiment item","False","VWP_finalSetup_22_7.osexp","C:\Users\plcm\Desktop\2026-EyeTracking\group-eyeconic\OS2\final_recordings_upl","False","mono","False","20","no","#0c0c0c","no","yes","1440","1","2_pos1_nosub.png","2_pos1_sub.png","psycho","24","24","C:\Users\plcm\Desktop\2026-EyeTracking\group-eyeconic\OS2\final_recordings_upl\subject-15.csv","psycho","Neonatal Nightingale","4.1.14","wine","cheese","chair","lipstick","0","0","space","space","space","NA","space","NA","NA","space","NA","space","NA","space","NA","space","NA","NA","NA","space","NA","NA","NA","442.8578000079142","2977.945600010571","7505.254199990304","NA","442.8578000079142","NA","NA","3083.3680000068853","NA","4507.686600001762","NA","3707.4951000104193","NA","25155.0120000029","NA","NA","NA","9635.624599992298","NA","NA","NA","9513.994900000398","c","25","2","psycho","The woman will drink the wine","1024","2","24000","-16","experiment","15","odd","1","61735.302699991735","339091.00449999096","336444.3725000019","118342.68370000063","6400.058999992325","61740.112499988754","64724.70890000113","NA","332420.4987999983","336444.31910000276","332206.6097999923","NA","61735.38859999098","NA","NA","331763.08819999394","NA","NA","72234.62639999343","NA","75322.32819999626","NA","79834.50869999069","NA","83546.91679999814","NA","NA","NA","108706.35860000039","NA","NA","NA","339110.62649999803","NA","15943.194599996787","332404.4567999954","331751.06749999395","331762.9336999962","336463.8674000016","336421.14469999797","118342.71699999226","332403.2620999933","6428.000499989139","3000","SceneViewing","24","43802.16360000486","24","2560"
"100","100","26_n.wav","1774","1774","#dadada","256","psycho","psycho","psycho","non-restrictive","1","undefined","undefined","1","NA","undefined","NA","undefined","NA","undefined","NA","undefined","NA","NA","undefined","NA","NA","NA","undefined","0","25","25","0","0","0","0","NA","25","25","25","NA","0","NA","NA","25","0","NA","0","NA","0","NA","0","NA","0","NA","NA","NA","0","NA","NA","NA","25","NA","0","25","25","25","25","25","0","25","0","participant_group8.csv","8","NA","NA","NA","Wed Aug  5 18:51:26 2026","NA","The main experiment item","False","VWP_finalSetup_22_7.osexp","C:\Users\plcm\Desktop\2026-EyeTracking\group-eyeconic\OS2\final_recordings_upl","False","mono","False","20","no","#0c0c0c","no","yes","1440","26","27_pos2_nosub.png","27_pos2_sub.png","psycho","25","25","C:\Users\plcm\Desktop\2026-EyeTracking\group-eyeconic\OS2\final_recordings_upl\subject-15.csv","psycho","Neonatal Nightingale","4.1.14","coaster","candle","package","coin","0","0","space","space","space","NA","space","NA","NA","space","NA","space","NA","space","NA","space","NA","NA","NA","space","NA","NA","NA","569.726300003822","2977.945600010571","7505.254199990304","NA","569.726300003822","NA","NA","3083.3680000068853","NA","4507.686600001762","NA","3707.4951000104193","NA","25155.0120000029","NA","NA","NA","9635.624599992298","NA","NA","NA","9513.994900000398","c","26","2","psycho","The woman will blow grab the candle","1024","2","24000","-16","experiment","15","odd","2","61735.302699991735","346801.3006999972","343969.00019999885","118342.68370000063","6400.058999992325","61740.112499988754","64724.70890000113","NA","339943.6471999943","343968.93609999097","339710.71200000006","NA","61735.38859999098","NA","NA","339140.1390999963","NA","NA","72234.62639999343","NA","75322.32819999626","NA","79834.50869999069","NA","83546.91679999814","NA","NA","NA","108706.35860000039","NA","NA","NA","346820.18699999026","NA","15943.194599996787","339914.51770000276","339130.1104000013","339139.97219999146","343988.11749999004","343944.6619999944","118342.71699999226","339913.63809999893","6428.000499989139","3000","SceneViewing","25","44371.88990000868","25","2560"
"100","100","33_r.wav","1721","1721","#dadada","256","psycho","psycho","psycho","restrictive","1","undefined","undefined","1","NA","undefined","NA","undefined","NA","undefined","NA","undefined","NA","NA","undefined","NA","NA","NA","undefined","0","26","26","0","0","0","0","NA","26","26","26","NA","0","NA","NA","26","0","NA","0","NA","0","NA","0","NA","0","NA","NA","NA","0","NA","NA","NA","26","NA","0","26","26","26","26","26","0","26","0","participant_group8.csv","8","NA","NA","NA","Wed Aug  5 18:51:26 2026","NA","The main experiment item","False","VWP_finalSetup_22_7.osexp","C:\Users\plcm\Desktop\2026-EyeTracking\group-eyeconic\OS2\final_recordings_upl","False","mono","False","20","no","#0c0c0c","no","yes","1440","33","34_pos1_nosub.png","34_pos1_sub.png","psycho","26","26","C:\Users\plcm\Desktop\2026-EyeTracking\group-eyeconic\OS2\final_recordings_upl\subject-15.csv","psycho","Neonatal Nightingale","4.1.14","suitcase","envelope","box","gift","0","0","space","space","space","NA","space","NA","NA","space","NA","space","NA","space","NA","space","NA","NA","NA","space","NA","NA","NA","386.66160000138916","2977.945600010571","7505.254199990304","NA","386.66160000138916","NA","NA","3083.3680000068853","NA","4507.686600001762","NA","3707.4951000104193","NA","25155.0120000029","NA","NA","NA","9635.624599992298","NA","NA","NA","9513.994900000398","c","27","2","psycho","The boy will unzip the suitcase","1024","2","24000","-16","experiment","15","odd","1","61735.302699991735","354581.0763999907","351491.76279999665","118342.68370000063","6400.058999992325","61740.112499988754","64724.70890000113","NA","347467.39739998884","351491.69090000214","347238.44829999143","NA","61735.38859999098","NA","NA","346851.18699999293","NA","NA","72234.62639999343","NA","75322.32819999626","NA","79834.50869999069","NA","83546.91679999814","NA","NA","NA","108706.35860000039","NA","NA","NA","354600.5870999943","NA","15943.194599996787","347448.96470000094","346839.03719999944","346851.0366999981","351511.0438999982","351467.7871999884","118342.71699999226","347448.16400000127","6428.000499989139","3000","SceneViewing","26","44758.55150001007","26","2560"
"100","100","28_n.wav","1671","1671","#dadada","256","psycho","psycho","psycho","non-restrictive","1","undefined","undefined","1","NA","undefined","NA","undefined","NA","undefined","NA","undefined","NA","NA","undefined","NA","NA","NA","undefined","0","27","27","0","0","0","0","NA","27","27","27","NA","0","NA","NA","27","0","NA","0","NA","0","NA","0","NA","0","NA","NA","NA","0","NA","NA","NA","27","NA","0","27","27","27","27","27","0","27","0","participant_group8.csv","8","NA","NA","NA","Wed Aug  5 18:51:26 2026","NA","The main experiment item","False","VWP_finalSetup_22_7.osexp","C:\Users\plcm\Desktop\2026-EyeTracking\group-eyeconic\OS2\final_recordings_upl","False","mono","False","20","no","#0c0c0c","no","yes","1440","28","29_pos4_nosub.png","29_pos4_sub.png","psycho","27","27","C:\Users\plcm\Desktop\2026-EyeTracking\group-eyeconic\OS2\final_recordings_upl\subject-15.csv","psycho","Neonatal Nightingale","4.1.14","glove","nut","sock","milk","0","0","space","space","space","NA","space","NA","NA","space","NA","space","NA","space","NA","space","NA","NA","NA","space","NA","NA","NA","378.6379999946803","2977.945600010571","7505.254199990304","NA","378.6379999946803","NA","NA","3083.3680000068853","NA","4507.686600001762","NA","3707.4951000104193","NA","25155.0120000029","NA","NA","NA","9635.624599992298","NA","NA","NA","9513.994900000398","c","28","2","psycho","The cat will push the milk","1024","2","24000","-16","experiment","15","odd","4","61735.302699991735","361670.9702999942","359243.8944000023","118342.68370000063","6400.058999992325","61740.112499988754","64724.70890000113","NA","355218.498000002","359243.8287999976","354998.43969999347","NA","61735.38859999098","NA","NA","354619.1996999987","NA","NA","72234.62639999343","NA","75322.32819999626","NA","79834.50869999069","NA","83546.91679999814","NA","NA","NA","108706.35860000039","NA","NA","NA","361690.2526999911","NA","15943.194599996787","355199.4236000028","354608.4406000009","354619.0892000013","359263.2225999987","359219.1700999974","118342.71699999226","355198.7667999929","6428.000499989139","3000","SceneViewing","27","45137.18950000475","27","2560"
"100","100","35_r.wav","1629","1629","#dadada","256","psycho","psycho","psycho","restrictive","1","undefined","undefined","1","NA","undefined","NA","undefined","NA","undefined","NA","undefined","NA","NA","undefined","NA","NA","NA","undefined","0","28","28","0","0","0","0","NA","28","28","28","NA","0","NA","NA","28","0","NA","0","NA","0","NA","0","NA","0","NA","NA","NA","0","NA","NA","NA","28","NA","0","28","28","28","28","28","0","28","0","participant_group8.csv","8","NA","NA","NA","Wed Aug  5 18:51:26 2026","NA","The main experiment item","False","VWP_finalSetup_22_7.osexp","C:\Users\plcm\Desktop\2026-EyeTracking\group-eyeconic\OS2\final_recordings_upl","False","mono","False","20","no","#0c0c0c","no","yes","1440","35","36_pos3_nosub.png","36_pos3_sub.png","psycho","28","28","C:\Users\plcm\Desktop\2026-EyeTracking\group-eyeconic\OS2\final_recordings_upl\subject-15.csv","psycho","Neonatal Nightingale","4.1.14","mirror","pot","mascara","brush","0","0","space","space","space","NA","space","NA","NA","space","NA","space","NA","space","NA","space","NA","NA","NA","space","NA","NA","NA","487.4042000010377","2977.945600010571","7505.254199990304","NA","487.4042000010377","NA","NA","3083.3680000068853","NA","4507.686600001762","NA","3707.4951000104193","NA","25155.0120000029","NA","NA","NA","9635.624599992298","NA","NA","NA","9513.994900000398","c","29","2","psycho","The girl will apply the mascara","1024","2","24000","-16","experiment","15","odd","3","61735.302699991735","369491.672499993","366436.4419999911","118342.68370000063","6400.058999992325","61740.112499988754","64724.70890000113","NA","362412.62849999475","366436.37959999614","362198.7369999988","NA","61735.38859999098","NA","NA","361710.58410000114","NA","NA","72234.62639999343","NA","75322.32819999626","NA","79834.50869999069","NA","83546.91679999814","NA","NA","NA","108706.35860000039","NA","NA","NA","369510.8085999964","NA","15943.194599996787","362397.1007999935","361698.06470000185","361710.36689999164","366455.68689999345","366412.7535000007","118342.71699999226","362396.5354999964","6428.000499989139","3000","SceneViewing","28","45624.59370000579","28","2560"
"100","100","27_r.wav","1596","1596","#dadada","256","psycho","psycho","psycho","restrictive","1","undefined","undefined","1","NA","undefined","NA","undefined","NA","undefined","NA","undefined","NA","NA","undefined","NA","NA","NA","undefined","0","29","29","0","0","0","0","NA","29","29","29","NA","0","NA","NA","29","0","NA","0","NA","0","NA","0","NA","0","NA","NA","NA","0","NA","NA","NA","29","NA","0","29","29","29","29","29","0","29","0","participant_group8.csv","8","NA","NA","NA","Wed Aug  5 18:51:26 2026","NA","The main experiment item","False","VWP_finalSetup_22_7.osexp","C:\Users\plcm\Desktop\2026-EyeTracking\group-eyeconic\OS2\final_recordings_upl","False","mono","False","20","no","#0c0c0c","no","yes","1440","27","28_pos3_nosub.png","28_pos3_sub.png","psycho","29","29","C:\Users\plcm\Desktop\2026-EyeTracking\group-eyeconic\OS2\final_recordings_upl\subject-15.csv","psycho","Neonatal Nightingale","4.1.14","frame","picture","lamp","switch","0","0","space","space","space","NA","space","NA","NA","space","NA","space","NA","space","NA","space","NA","NA","NA","space","NA","NA","NA","675.6386000051862","2977.945600010571","7505.254199990304","NA","675.6386000051862","NA","NA","3083.3680000068853","NA","4507.686600001762","NA","3707.4951000104193","NA","25155.0120000029","NA","NA","NA","9635.624599992298","NA","NA","NA","9513.994900000398","c","30","2","psycho","The boy will dim the lamp","1024","2","24000","-16","experiment","15","odd","3","61735.302699991735","376811.0627999995","374464.70549999503","118342.68370000063","6400.058999992325","61740.112499988754","64724.70890000113","NA","370441.0247999913","374464.6539999958","370206.5164999949","NA","61735.38859999098","NA","NA","369530.1619999955","NA","NA","72234.62639999343","NA","75322.32819999626","NA","79834.50869999069","NA","83546.91679999814","NA","NA","NA","108706.35860000039","NA","NA","NA","376830.28899999044","NA","15943.194599996787","370422.4577999994","369518.3539999998","369529.97889999824","374483.6983999994","374441.29180000164","118342.71699999226","370421.69699999795","6428.000499989139","3000","SceneViewing","29","46300.232300010975","29","2560"
"100","100","46_n.wav","1553","1553","#dadada","256","psycho","psycho","psycho","non-restrictive","1","undefined","undefined","1","NA","undefined","NA","undefined","NA","undefined","NA","undefined","NA","NA","undefined","NA","NA","NA","undefined","0","30","30","0","0","0","0","NA","30","30","30","NA","0","NA","NA","30","0","NA","0","NA","0","NA","0","NA","0","NA","NA","NA","0","NA","NA","NA","30","NA","0","30","30","30","30","30","0","30","0","participant_group8.csv","8","NA","NA","NA","Wed Aug  5 18:51:26 2026","NA","The main experiment item","False","VWP_finalSetup_22_7.osexp","C:\Users\plcm\Desktop\2026-EyeTracking\group-eyeconic\OS2\final_recordings_upl","False","mono","False","20","no","#0c0c0c","no","yes","1440","46","47_pos2_nosub.png","47_pos2_sub.png","psycho","30","30","C:\Users\plcm\Desktop\2026-EyeTracking\group-eyeconic\OS2\final_recordings_upl\subject-15.csv","psycho","Neonatal Nightingale","4.1.14","stand","violin","bow","gum","0","0","space","space","space","NA","space","NA","NA","space","NA","space","NA","space","NA","space","NA","NA","NA","space","NA","NA","NA","318.320100006531","2977.945600010571","7505.254199990304","NA","318.320100006531","NA","NA","3083.3680000068853","NA","4507.686600001762","NA","3707.4951000104193","NA","25155.0120000029","NA","NA","NA","9635.624599992298","NA","NA","NA","9513.994900000398","c","31","2","psycho","The musician will move the violin","1024","2","24000","-16","experiment","15","odd","2","61735.302699991735","384730.9549999918","381421.93739999493","118342.68370000063","6400.058999992325","61740.112499988754","64724.70890000113","NA","377398.1985999999","381421.8827000004","377166.6541000013","NA","61735.38859999098","NA","NA","376847.52859998844","NA","NA","72234.62639999343","NA","75322.32819999626","NA","79834.50869999069","NA","83546.91679999814","NA","NA","NA","108706.35860000039","NA","NA","NA","384750.29429999995","NA","15943.194599996787","377381.4399999974","376837.6292999892","376847.39830000035","381441.2780999992","381398.9045999915","118342.71699999226","377380.5314999918","6428.000499989139","3000","SceneViewing","30","46618.55240001751","30","2560"
"100","100","40_n.wav","1523","1523","#dadada","256","psycho","psycho","psycho","non-restrictive","1","undefined","undefined","1","NA","undefined","NA","undefined","NA","undefined","NA","undefined","NA","NA","undefined","NA","NA","NA","undefined","0","31","31","0","0","0","0","NA","31","31","31","NA","0","NA","NA","31","0","NA","0","NA","0","NA","0","NA","0","NA","NA","NA","0","NA","NA","NA","31","NA","0","31","31","31","31","31","0","31","0","participant_group8.csv","8","NA","NA","NA","Wed Aug  5 18:51:26 2026","NA","The main experiment item","False","VWP_finalSetup_22_7.osexp","C:\Users\plcm\Desktop\2026-EyeTracking\group-eyeconic\OS2\final_recordings_upl","False","mono","False","20","no","#0c0c0c","no","yes","1440","40","41_pos4_nosub.png","41_pos4_sub.png","psycho","31","31","C:\Users\plcm\Desktop\2026-EyeTracking\group-eyeconic\OS2\final_recordings_upl\subject-15.csv","psycho","Neonatal Nightingale","4.1.14","pin","toothbrish","iron","blouse","0","0","space","space","space","NA","space","NA","NA","space","NA","space","NA","space","NA","space","NA","NA","NA","space","NA","NA","NA","597.6606000040192","2977.945600010571","7505.254199990304","NA","597.6606000040192","NA","NA","3083.3680000068853","NA","4507.686600001762","NA","3707.4951000104193","NA","25155.0120000029","NA","NA","NA","9635.624599992298","NA","NA","NA","9513.994900000398","c","32","2","psycho","The girl will hold the blouse","1024","2","24000","-16","experiment","15","odd","4","61735.302699991735","392301.04759999085","389636.545699992","118342.68370000063","6400.058999992325","61740.112499988754","64724.70890000113","NA","385610.2763999952","389636.4931999997","385390.77649998944","NA","61735.38859999098","NA","NA","384792.28689998854","NA","NA","72234.62639999343","NA","75322.32819999626","NA","79834.50869999069","NA","83546.91679999814","NA","NA","NA","108706.35860000039","NA","NA","NA","392320.21109999914","NA","15943.194599996787","385593.9948000014","384778.0894999887","384792.02349999105","389655.71649999765","389611.30949998915","118342.71699999226","385593.41829999175","6428.000499989139","3000","SceneViewing","31","47216.213000021526","31","2560"
"100","100","32_n.wav","1501","1501","#dadada","256","psycho","psycho","psycho","non-restrictive","1","undefined","undefined","1","NA","undefined","NA","undefined","NA","undefined","NA","undefined","NA","NA","undefined","NA","NA","NA","undefined","0","32","32","0","0","0","0","NA","32","32","32","NA","0","NA","NA","32","0","NA","0","NA","0","NA","0","NA","0","NA","NA","NA","0","NA","NA","NA","32","NA","0","32","32","32","32","32","0","32","0","participant_group8.csv","8","NA","NA","NA","Wed Aug  5 18:51:26 2026","NA","The main experiment item","False","VWP_finalSetup_22_7.osexp","C:\Users\plcm\Desktop\2026-EyeTracking\group-eyeconic\OS2\final_recordings_upl","False","mono","False","20","no","#0c0c0c","no","yes","1440","32","33_pos4_nosub.png","33_pos4_sub.png","psycho","32","32","C:\Users\plcm\Desktop\2026-EyeTracking\group-eyeconic\OS2\final_recordings_upl\subject-15.csv","psycho","Neonatal Nightingale","4.1.14","mug","biscuit","kettle","beer","0","0","space","space","space","NA","space","NA","NA","space","NA","space","NA","space","NA","space","NA","NA","NA","space","NA","NA","NA","841.3443000026746","2977.945600010571","7505.254199990304","NA","841.3443000026746","NA","NA","3083.3680000068853","NA","4507.686600001762","NA","3707.4951000104193","NA","25155.0120000029","NA","NA","NA","9635.624599992298","NA","NA","NA","9513.994900000398","c","33","2","psycho","The woman will carry the beer","1024","2","24000","-16","experiment","15","odd","4","61735.302699991735","400131.0172999947","397428.485299999","118342.68370000063","6400.058999992325","61740.112499988754","64724.70890000113","NA","393404.9685999926","397428.4179999959","393183.01589999464","NA","61735.38859999098","NA","NA","392340.56329999294","NA","NA","72234.62639999343","NA","75322.32819999626","NA","79834.50869999069","NA","83546.91679999814","NA","NA","NA","108706.35860000039","NA","NA","NA","400149.9879999901","NA","15943.194599996787","393387.5881999993","392329.5133999927","392340.3719999915","397448.13249999424","397405.21169999556","118342.71699999226","393387.0822000026","6428.000499989139","3000","SceneViewing","32","48057.5573000242","32","2560"
"100","100","8_n.wav","1478","1478","#dadada","256","psycho","psycho","psycho","non-restrictive","1","undefined","undefined","1","NA","undefined","NA","undefined","NA","undefined","NA","undefined","NA","NA","undefined","NA","NA","NA","undefined","0","33","33","0","0","0","0","NA","33","33","33","NA","0","NA","NA","33","0","NA","0","NA","0","NA","0","NA","0","NA","NA","NA","0","NA","NA","NA","33","NA","0","33","33","33","33","33","0","33","0","participant_group8.csv","8","NA","NA","NA","Wed Aug  5 18:51:26 2026","NA","The main experiment item","False","VWP_finalSetup_22_7.osexp","C:\Users\plcm\Desktop\2026-EyeTracking\group-eyeconic\OS2\final_recordings_upl","False","mono","False","20","no","#0c0c0c","no","yes","1440","8","9_pos4_nosub.png","9_pos4_sub.png","psycho","33","33","C:\Users\plcm\Desktop\2026-EyeTracking\group-eyeconic\OS2\final_recordings_upl\subject-15.csv","psycho","Neonatal Nightingale","4.1.14","table","telephone","television","piano","0","0","space","space","space","NA","space","NA","NA","space","NA","space","NA","space","NA","space","NA","NA","NA","space","NA","NA","NA","729.4794000044931","2977.945600010571","7505.254199990304","NA","729.4794000044931","NA","NA","3083.3680000068853","NA","4507.686600001762","NA","3707.4951000104193","NA","25155.0120000029","NA","NA","NA","9635.624599992298","NA","NA","NA","9513.994900000398","c","34","2","psycho","The woman will dust the piano","1024","2","24000","-16","experiment","15","odd","4","61735.302699991735","408170.95859999245","405172.50459999195","118342.68370000063","6400.058999992325","61740.112499988754","64724.70890000113","NA","401147.6208999957","405172.42049999186","400910.49049999856","NA","61735.38859999098","NA","NA","400180.3823999944","NA","NA","72234.62639999343","NA","75322.32819999626","NA","79834.50869999069","NA","83546.91679999814","NA","NA","NA","108706.35860000039","NA","NA","NA","408190.40799999493","NA","15943.194599996787","401128.6889999901","400170.84949999116","400180.2595999907","405192.21229999675","405147.94280000206","118342.71699999226","401127.9947000003","6428.000499989139","3000","SceneViewing","33","48787.03670002869","33","2560"
"100","100","4_n.wav","1454","1454","#dadada","256","psycho","psycho","psycho","non-restrictive","1","undefined","undefined","1","NA","undefined","NA","undefined","NA","undefined","NA","undefined","NA","NA","undefined","NA","NA","NA","undefined","0","34","34","0","0","0","0","NA","34","34","34","NA","0","NA","NA","34","0","NA","0","NA","0","NA","0","NA","0","NA","NA","NA","0","NA","NA","NA","34","NA","0","34","34","34","34","34","0","34","0","participant_group8.csv","8","NA","NA","NA","Wed Aug  5 18:51:26 2026","NA","The main experiment item","False","VWP_finalSetup_22_7.osexp","C:\Users\plcm\Desktop\2026-EyeTracking\group-eyeconic\OS2\final_recordings_upl","False","mono","False","20","no","#0c0c0c","no","yes","1440","4","5_pos4_nosub.png","5_pos4_sub.png","psycho","34","34","C:\Users\plcm\Desktop\2026-EyeTracking\group-eyeconic\OS2\final_recordings_upl\subject-15.csv","psycho","Neonatal Nightingale","4.1.14","paper-plane","acorns","shuttle-cock","ball","0","0","space","space","space","NA","space","NA","NA","space","NA","space","NA","space","NA","space","NA","NA","NA","space","NA","NA","NA","653.7486000015633","2977.945600010571","7505.254199990304","NA","653.7486000015633","NA","NA","3083.3680000068853","NA","4507.686600001762","NA","3707.4951000104193","NA","25155.0120000029","NA","NA","NA","9635.624599992298","NA","NA","NA","9513.994900000398","c","35","2","psycho","The boy will throw the ball","1024","2","24000","-16","experiment","15","odd","4","61735.302699991735","415641.09859999735","413114.4695999974","118342.68370000063","6400.058999992325","61740.112499988754","64724.70890000113","NA","409090.4850999941","413114.40109999967","408862.57539999497","NA","61735.38859999098","NA","NA","408208.09049998934","NA","NA","72234.62639999343","NA","75322.32819999626","NA","79834.50869999069","NA","83546.91679999814","NA","NA","NA","108706.35860000039","NA","NA","NA","415660.6627000001","NA","15943.194599996787","409076.09659999434","408198.10889998917","408207.8986999986","413133.6506999942","413090.78969999973","118342.71699999226","409075.5339999887","6428.000499989139","3000","SceneViewing","34","49440.78530003026","34","2560"
"100","100","16_n.wav","1429","1429","#dadada","256","psycho","psycho","psycho","non-restrictive","1","undefined","undefined","1","NA","undefined","NA","undefined","NA","undefined","NA","undefined","NA","NA","undefined","NA","NA","NA","undefined","0","35","35","0","0","0","0","NA","35","35","35","NA","0","NA","NA","35","0","NA","0","NA","0","NA","0","NA","0","NA","NA","NA","0","NA","NA","NA","35","NA","0","35","35","35","35","35","0","35","0","participant_group8.csv","8","NA","NA","NA","Wed Aug  5 18:51:26 2026","NA","The main experiment item","False","VWP_finalSetup_22_7.osexp","C:\Users\plcm\Desktop\2026-EyeTracking\group-eyeconic\OS2\final_recordings_upl","False","mono","False","20","no","#0c0c0c","no","yes","1440","16","17_pos4_nosub.png","17_pos4_sub.png","psycho","35","35","C:\Users\plcm\Desktop\2026-EyeTracking\group-eyeconic\OS2\final_recordings_upl\subject-15.csv","psycho","Neonatal Nightingale","4.1.14","lantern","backpack","ribbon","dress","0","0","space","space","space","NA","space","NA","NA","space","NA","space","NA","space","NA","space","NA","NA","NA","space","NA","NA","NA","608.0486999999266","2977.945600010571","7505.254199990304","NA","608.0486999999266","NA","NA","3083.3680000068853","NA","4507.686600001762","NA","3707.4951000104193","NA","25155.0120000029","NA","NA","NA","9635.624599992298","NA","NA","NA","9513.994900000398","c","36","2","psycho","The woman will  carry the dress","1024","2","24000","-16","experiment","15","odd","4","61735.302699991735","423251.0840999894","420519.63429999887","118342.68370000063","6400.058999992325","61740.112499988754","64724.70890000113","NA","416494.89149999863","420519.5551999932","416286.54599998845","NA","61735.38859999098","NA","NA","415677.79979998886","NA","NA","72234.62639999343","NA","75322.32819999626","NA","79834.50869999069","NA","83546.91679999814","NA","NA","NA","108706.35860000039","NA","NA","NA","423270.24879999226","NA","15943.194599996787","416479.04890000063","415668.3548000001","415677.6672999986","420538.95309999643","420495.00869998883","118342.71699999226","416478.3160999941","6428.000499989139","3000","SceneViewing","35","50048.83400003018","35","2560"
"100","100","17_r.wav","1425","1425","#dadada","256","psycho","psycho","psycho","restrictive","1","undefined","undefined","1","NA","undefined","NA","undefined","NA","undefined","NA","undefined","NA","NA","undefined","NA","NA","NA","undefined","0","36","36","0","0","0","0","NA","36","36","36","NA","0","NA","NA","36","0","NA","0","NA","0","NA","0","NA","0","NA","NA","NA","0","NA","NA","NA","36","NA","0","36","36","36","36","36","0","36","0","participant_group8.csv","8","NA","NA","NA","Wed Aug  5 18:51:26 2026","NA","The main experiment item","False","VWP_finalSetup_22_7.osexp","C:\Users\plcm\Desktop\2026-EyeTracking\group-eyeconic\OS2\final_recordings_upl","False","mono","False","20","no","#0c0c0c","no","yes","1440","17","18_pos1_nosub.png","18_pos1_sub.png","psycho","36","36","C:\Users\plcm\Desktop\2026-EyeTracking\group-eyeconic\OS2\final_recordings_upl\subject-15.csv","psycho","Neonatal Nightingale","4.1.14","wood","bucket","stone","rope","0","0","space","space","space","NA","space","NA","NA","space","NA","space","NA","space","NA","space","NA","NA","NA","space","NA","NA","NA","1274.016199997277","2977.945600010571","7505.254199990304","NA","1274.016199997277","NA","NA","3083.3680000068853","NA","4507.686600001762","NA","3707.4951000104193","NA","25155.0120000029","NA","NA","NA","9635.624599992298","NA","NA","NA","9513.994900000398","c","37","2","psycho","The man will chop the wood","1024","2","24000","-16","experiment","15","odd","1","61735.302699991735","431301.1414999928","428831.1620000022","118342.68370000063","6400.058999992325","61740.112499988754","64724.70890000113","NA","424806.6822999972","428831.0932999884","424574.5399000007","NA","61735.38859999098","NA","NA","423299.78729999857","NA","NA","72234.62639999343","NA","75322.32819999626","NA","79834.50869999069","NA","83546.91679999814","NA","NA","NA","108706.35860000039","NA","NA","NA","431320.4532999953","NA","15943.194599996787","424790.48049999983","423290.17490000115","423299.68669998925","428850.24220000196","428806.8285999907","118342.71699999226","424789.7939999966","6428.000499989139","3000","SceneViewing","36","51322.85020002746","36","2560"
"100","100","31_r.wav","1410","1410","#dadada","256","psycho","psycho","psycho","restrictive","1","undefined","undefined","1","NA","undefined","NA","undefined","NA","undefined","NA","undefined","NA","NA","undefined","NA","NA","NA","undefined","0","37","37","0","0","0","0","NA","37","37","37","NA","0","NA","NA","37","0","NA","0","NA","0","NA","0","NA","0","NA","NA","NA","0","NA","NA","NA","37","NA","0","37","37","37","37","37","0","37","0","participant_group8.csv","8","NA","NA","NA","Wed Aug  5 18:51:26 2026","NA","The main experiment item","False","VWP_finalSetup_22_7.osexp","C:\Users\plcm\Desktop\2026-EyeTracking\group-eyeconic\OS2\final_recordings_upl","False","mono","False","20","no","#0c0c0c","no","yes","1440","31","32_pos3_nosub.png","32_pos3_sub.png","psycho","37","37","C:\Users\plcm\Desktop\2026-EyeTracking\group-eyeconic\OS2\final_recordings_upl\subject-15.csv","psycho","Neonatal Nightingale","4.1.14","sponge","seed","bottle","lemon","0","0","space","space","space","NA","space","NA","NA","space","NA","space","NA","space","NA","space","NA","NA","NA","space","NA","NA","NA","866.1679999931948","2977.945600010571","7505.254199990304","NA","866.1679999931948","NA","NA","3083.3680000068853","NA","4507.686600001762","NA","3707.4951000104193","NA","25155.0120000029","NA","NA","NA","9635.624599992298","NA","NA","NA","9513.994900000398","c","38","2","psycho","The woman will open the bottle","1024","2","24000","-16","experiment","15","odd","3","61735.302699991735","439211.0266999953","436473.40679999616","118342.68370000063","6400.058999992325","61740.112499988754","64724.70890000113","NA","432447.72999999986","436473.3452999935","432214.4649999973","NA","61735.38859999098","NA","NA","431347.65250000055","NA","NA","72234.62639999343","NA","75322.32819999626","NA","79834.50869999069","NA","83546.91679999814","NA","NA","NA","108706.35860000039","NA","NA","NA","439229.8703999986","NA","15943.194599996787","432429.16949999926","431337.53369998885","431347.4390999909","436492.84869999974","436448.21729999967","118342.71699999226","432428.5683999915","6428.000499989139","3000","SceneViewing","37","52189.018200020655","37","2560"
"100","100","19_r.wav","1386","1386","#dadada","256","psycho","psycho","psycho","restrictive","1","undefined","undefined","1","NA","undefined","NA","undefined","NA","undefined","NA","undefined","NA","NA","undefined","NA","NA","NA","undefined","0","38","38","0","0","0","0","NA","38","38","38","NA","0","NA","NA","38","0","NA","0","NA","0","NA","0","NA","0","NA","NA","NA","0","NA","NA","NA","38","NA","0","38","38","38","38","38","0","38","0","participant_group8.csv","8","NA","NA","NA","Wed Aug  5 18:51:26 2026","NA","The main experiment item","False","VWP_finalSetup_22_7.osexp","C:\Users\plcm\Desktop\2026-EyeTracking\group-eyeconic\OS2\final_recordings_upl","False","mono","False","20","no","#0c0c0c","no","yes","1440","19","20_pos3_nosub.png","20_pos3_sub.png","psycho","38","38","C:\Users\plcm\Desktop\2026-EyeTracking\group-eyeconic\OS2\final_recordings_upl\subject-15.csv","psycho","Neonatal Nightingale","4.1.14","spatula","bowl","bread","spoon","0","0","space","space","space","NA","space","NA","NA","space","NA","space","NA","space","NA","space","NA","NA","NA","space","NA","NA","NA","513.7422999978298","2977.945600010571","7505.254199990304","NA","513.7422999978298","NA","NA","3083.3680000068853","NA","4507.686600001762","NA","3707.4951000104193","NA","25155.0120000029","NA","NA","NA","9635.624599992298","NA","NA","NA","9513.994900000398","c","39","2","psycho","The chef will slice the bread","1024","2","24000","-16","experiment","15","odd","3","61735.302699991735","446590.89909998875","444027.7222000004","118342.68370000063","6400.058999992325","61740.112499988754","64724.70890000113","NA","440002.97590000264","444027.6520999905","439767.0322999911","NA","61735.38859999098","NA","NA","439252.17029999476","NA","NA","72234.62639999343","NA","75322.32819999626","NA","79834.50869999069","NA","83546.91679999814","NA","NA","NA","108706.35860000039","NA","NA","NA","446610.4817000014","NA","15943.194599996787","439987.0860999945","439238.082099997","439252.04189999204","444046.7487999995","444003.1214999908","118342.71699999226","439986.6383999906","6428.000499989139","3000","SceneViewing","38","52702.760500018485","38","2560"
"100","100","24_n.wav","1366","1366","#dadada","256","psycho","psycho","psycho","non-restrictive","1","undefined","undefined","1","NA","undefined","NA","undefined","NA","undefined","NA","undefined","NA","NA","undefined","NA","NA","NA","undefined","0","39","39","0","0","0","0","NA","39","39","39","NA","0","NA","NA","39","0","NA","0","NA","0","NA","0","NA","0","NA","NA","NA","0","NA","NA","NA","39","NA","0","39","39","39","39","39","0","39","0","participant_group8.csv","8","NA","NA","NA","Wed Aug  5 18:51:26 2026","NA","The main experiment item","False","VWP_finalSetup_22_7.osexp","C:\Users\plcm\Desktop\2026-EyeTracking\group-eyeconic\OS2\final_recordings_upl","False","mono","False","20","no","#0c0c0c","no","yes","1440","24","25_pos4_nosub.png","25_pos4_sub.png","psycho","39","39","C:\Users\plcm\Desktop\2026-EyeTracking\group-eyeconic\OS2\final_recordings_upl\subject-15.csv","psycho","Neonatal Nightingale","4.1.14","plate","potato","glass","rabbit","0","0","space","space","space","NA","space","NA","NA","space","NA","space","NA","space","NA","space","NA","NA","NA","space","NA","NA","NA","592.9587999999058","2977.945600010571","7505.254199990304","NA","592.9587999999058","NA","NA","3083.3680000068853","NA","4507.686600001762","NA","3707.4951000104193","NA","25155.0120000029","NA","NA","NA","9635.624599992298","NA","NA","NA","9513.994900000398","c","40","2","psycho","The girl will lift the rabbit","1024","2","24000","-16","experiment","15","odd","4","61735.302699991735","454190.91659999685","451470.4175999941","118342.68370000063","6400.058999992325","61740.112499988754","64724.70890000113","NA","447446.3071999926","451470.36339998886","447222.6815999893","NA","61735.38859999098","NA","NA","446628.84669999767","NA","NA","72234.62639999343","NA","75322.32819999626","NA","79834.50869999069","NA","83546.91679999814","NA","NA","NA","108706.35860000039","NA","NA","NA","454210.47530000214","NA","15943.194599996787","447429.01949999214","446618.08239998936","446628.68609999714","451489.58039999707","451446.64249999914","118342.71699999226","447428.55599999893","6428.000499989139","3000","SceneViewing","39","53295.71930001839","39","2560"
"100","100","30_n.wav","1353","1353","#dadada","256","psycho","psycho","psycho","non-restrictive","1","undefined","undefined","1","NA","undefined","NA","undefined","NA","undefined","NA","undefined","NA","NA","undefined","NA","NA","NA","undefined","0","40","40","0","0","0","0","NA","40","40","40","NA","0","NA","NA","40","0","NA","0","NA","0","NA","0","NA","0","NA","NA","NA","0","NA","NA","NA","40","NA","0","40","40","40","40","40","0","40","0","participant_group8.csv","8","NA","NA","NA","Wed Aug  5 18:51:26 2026","NA","The main experiment item","False","VWP_finalSetup_22_7.osexp","C:\Users\plcm\Desktop\2026-EyeTracking\group-eyeconic\OS2\final_recordings_upl","False","mono","False","20","no","#0c0c0c","no","yes","1440","30","31_pos2_nosub.png","31_pos2_sub.png","psycho","40","40","C:\Users\plcm\Desktop\2026-EyeTracking\group-eyeconic\OS2\final_recordings_upl\subject-15.csv","psycho","Neonatal Nightingale","4.1.14","headphones","dice","cap","watch","0","0","space","space","space","NA","space","NA","NA","space","NA","space","NA","space","NA","space","NA","NA","NA","space","NA","NA","NA","828.400899990811","2977.945600010571","7505.254199990304","NA","828.400899990811","NA","NA","3083.3680000068853","NA","4507.686600001762","NA","3707.4951000104193","NA","25155.0120000029","NA","NA","NA","9635.624599992298","NA","NA","NA","9513.994900000398","c","41","2","psycho","The girl will grab the dice","1024","2","24000","-16","experiment","15","odd","2","61735.302699991735","462020.9279999981","459320.00629999675","118342.68370000063","6400.058999992325","61740.112499988754","64724.70890000113","NA","455295.90109999117","459319.952299993","455070.99929999094","NA","61735.38859999098","NA","NA","454241.4002000005","NA","NA","72234.62639999343","NA","75322.32819999626","NA","79834.50869999069","NA","83546.91679999814","NA","NA","NA","108706.35860000039","NA","NA","NA","462040.38589999254","NA","15943.194599996787","455280.2998999978","454230.2950000012","454241.28639999253","459339.28059999016","459296.28989999765","118342.71699999226","455279.7106999933","6428.000499989139","3000","SceneViewing","40","54124.1202000092","40","2560"
"100","100","2_n.wav","1337","1337","#dadada","256","psycho","psycho","psycho","non-restrictive","1","undefined","undefined","1","NA","undefined","NA","undefined","NA","undefined","NA","undefined","NA","NA","undefined","NA","NA","NA","undefined","0","41","41","0","0","0","0","NA","41","41","41","NA","0","NA","NA","41","0","NA","0","NA","0","NA","0","NA","0","NA","NA","NA","0","NA","NA","NA","41","NA","0","41","41","41","41","41","0","41","0","participant_group8.csv","8","NA","NA","NA","Wed Aug  5 18:51:26 2026","NA","The main experiment item","False","VWP_finalSetup_22_7.osexp","C:\Users\plcm\Desktop\2026-EyeTracking\group-eyeconic\OS2\final_recordings_upl","False","mono","False","20","no","#0c0c0c","no","yes","1440","2","3_pos2_nosub.png","3_pos2_sub.png","psycho","41","41","C:\Users\plcm\Desktop\2026-EyeTracking\group-eyeconic\OS2\final_recordings_upl\subject-15.csv","psycho","Neonatal Nightingale","4.1.14","dustbin","man","car","houses","0","0","space","space","space","NA","space","NA","NA","space","NA","space","NA","space","NA","space","NA","NA","NA","space","NA","NA","NA","694.5242999936454","2977.945600010571","7505.254199990304","NA","694.5242999936454","NA","NA","3083.3680000068853","NA","4507.686600001762","NA","3707.4951000104193","NA","25155.0120000029","NA","NA","NA","9635.624599992298","NA","NA","NA","9513.994900000398","c","42","2","psycho","The policeman will search the man","1024","2","24000","-16","experiment","15","odd","2","61735.302699991735","470021.2207000004","467048.4160999913","118342.68370000063","6400.058999992325","61740.112499988754","64724.70890000113","NA","463023.9359999978","467048.3378999925","462766.92169999296","NA","61735.38859999098","NA","NA","462071.32669999555","NA","NA","72234.62639999343","NA","75322.32819999626","NA","79834.50869999069","NA","83546.91679999814","NA","NA","NA","108706.35860000039","NA","NA","NA","470040.19210000115","NA","15943.194599996787","463007.22269999096","462058.89479999314","462070.47449999664","467067.870999992","467024.44169999217","118342.71699999226","463006.5465999942","6428.000499989139","3000","SceneViewing","41","54818.64450000285","41","2560"
"100","100","23_r.wav","1328","1328","#dadada","256","psycho","psycho","psycho","restrictive","1","undefined","undefined","1","NA","undefined","NA","undefined","NA","undefined","NA","undefined","NA","NA","undefined","NA","NA","NA","undefined","0","42","42","0","0","0","0","NA","42","42","42","NA","0","NA","NA","42","0","NA","0","NA","0","NA","0","NA","0","NA","NA","NA","0","NA","NA","NA","42","NA","0","42","42","42","42","42","0","42","0","participant_group8.csv","8","NA","NA","NA","Wed Aug  5 18:51:26 2026","NA","The main experiment item","False","VWP_finalSetup_22_7.osexp","C:\Users\plcm\Desktop\2026-EyeTracking\group-eyeconic\OS2\final_recordings_upl","False","mono","False","20","no","#0c0c0c","no","yes","1440","23","24_pos3_nosub.png","24_pos3_sub.png","psycho","42","42","C:\Users\plcm\Desktop\2026-EyeTracking\group-eyeconic\OS2\final_recordings_upl\subject-15.csv","psycho","Neonatal Nightingale","4.1.14","needle","card","scarf","pencil","0","0","space","space","space","NA","space","NA","NA","space","NA","space","NA","space","NA","space","NA","NA","NA","space","NA","NA","NA","972.1599999902537","2977.945600010571","7505.254199990304","NA","972.1599999902537","NA","NA","3083.3680000068853","NA","4507.686600001762","NA","3707.4951000104193","NA","25155.0120000029","NA","NA","NA","9635.624599992298","NA","NA","NA","9513.994900000398","c","43","2","psycho","The girl will knit the scarf","1024","2","24000","-16","experiment","15","odd","3","61735.302699991735","477801.00059999677","475287.47689999","118342.68370000063","6400.058999992325","61740.112499988754","64724.70890000113","NA","471263.19779999903","475287.4226999993","471038.6867999914","NA","61735.38859999098","NA","NA","470065.6342000002","NA","NA","72234.62639999343","NA","75322.32819999626","NA","79834.50869999069","NA","83546.91679999814","NA","NA","NA","108706.35860000039","NA","NA","NA","477820.59930000105","NA","15943.194599996787","471241.7354999925","470056.0984999902","470065.5304999964","475307.6354999939","475263.93869999447","118342.71699999226","471241.0785999964","6428.000499989139","3000","SceneViewing","42","55790.8044999931","42","2560"
"100","100","49_r.wav","1311","1311","#dadada","256","psycho","psycho","psycho","restrictive","1","undefined","undefined","1","NA","undefined","NA","undefined","NA","undefined","NA","undefined","NA","NA","undefined","NA","NA","NA","undefined","0","43","43","0","0","0","0","NA","43","43","43","NA","0","NA","NA","43","0","NA","0","NA","0","NA","0","NA","0","NA","NA","NA","0","NA","NA","NA","43","NA","0","43","43","43","43","43","0","43","0","participant_group8.csv","8","NA","NA","NA","Wed Aug  5 18:51:26 2026","NA","The main experiment item","False","VWP_finalSetup_22_7.osexp","C:\Users\plcm\Desktop\2026-EyeTracking\group-eyeconic\OS2\final_recordings_upl","False","mono","False","20","no","#0c0c0c","no","yes","1440","49","50_pos1_nosub.png","50_pos1_sub.png","psycho","43","43","C:\Users\plcm\Desktop\2026-EyeTracking\group-eyeconic\OS2\final_recordings_upl\subject-15.csv","psycho","Neonatal Nightingale","4.1.14","stamp","envelope","rubberband","scissors","0","0","space","space","space","NA","space","NA","NA","space","NA","space","NA","space","NA","space","NA","NA","NA","space","NA","NA","NA","595.5204000056256","2977.945600010571","7505.254199990304","NA","595.5204000056256","NA","NA","3083.3680000068853","NA","4507.686600001762","NA","3707.4951000104193","NA","25155.0120000029","NA","NA","NA","9635.624599992298","NA","NA","NA","9513.994900000398","c","44","2","psycho","The man will lick the stamp","1024","2","24000","-16","experiment","15","odd","1","61735.302699991735","485230.8885999955","482680.52629999875","118342.68370000063","6400.058999992325","61740.112499988754","64724.70890000113","NA","478654.42130000156","482680.47300000035","478438.6034999916","NA","61735.38859999098","NA","NA","477842.2932999965","NA","NA","72234.62639999343","NA","75322.32819999626","NA","79834.50869999069","NA","83546.91679999814","NA","NA","NA","108706.35860000039","NA","NA","NA","485250.77699999383","NA","15943.194599996787","478635.7078000001","477832.2511000006","477842.14339999016","482699.8504999938","482655.0203999941","118342.71699999226","478634.9840999901","6428.000499989139","3000","SceneViewing","43","56386.324899998726","43","2560"
"100","100","22_n.wav","1296","1296","#dadada","256","psycho","psycho","psycho","non-restrictive","1","undefined","undefined","1","NA","undefined","NA","undefined","NA","undefined","NA","undefined","NA","NA","undefined","NA","NA","NA","undefined","0","44","44","0","0","0","0","NA","44","44","44","NA","0","NA","NA","44","0","NA","0","NA","0","NA","0","NA","0","NA","NA","NA","0","NA","NA","NA","44","NA","0","44","44","44","44","44","0","44","0","participant_group8.csv","8","NA","NA","NA","Wed Aug  5 18:51:26 2026","NA","The main experiment item","False","VWP_finalSetup_22_7.osexp","C:\Users\plcm\Desktop\2026-EyeTracking\group-eyeconic\OS2\final_recordings_upl","False","mono","False","20","no","#0c0c0c","no","yes","1440","22","23_pos2_nosub.png","23_pos2_sub.png","psycho","44","44","C:\Users\plcm\Desktop\2026-EyeTracking\group-eyeconic\OS2\final_recordings_upl\subject-15.csv","psycho","Neonatal Nightingale","4.1.14","towel","coat","hook","poster","0","0","space","space","space","NA","space","NA","NA","space","NA","space","NA","space","NA","space","NA","NA","NA","space","NA","NA","NA","676.4398000086658","2977.945600010571","7505.254199990304","NA","676.4398000086658","NA","NA","3083.3680000068853","NA","4507.686600001762","NA","3707.4951000104193","NA","25155.0120000029","NA","NA","NA","9635.624599992298","NA","NA","NA","9513.994900000398","c","45","2","psycho","The girl will hang the coat","1024","2","24000","-16","experiment","15","odd","2","61735.302699991735","492690.97850000253","490204.29290000175","118342.68370000063","6400.058999992325","61740.112499988754","64724.70890000113","NA","486177.5908999989","490204.21189999615","485958.7029999966","NA","61735.38859999098","NA","NA","485281.4664999896","NA","NA","72234.62639999343","NA","75322.32819999626","NA","79834.50869999069","NA","83546.91679999814","NA","NA","NA","108706.35860000039","NA","NA","NA","492709.88729999226","NA","15943.194599996787","486159.08519999357","485271.5188000002","485281.3519999909","490224.0129999991","490177.895899993","118342.71699999226","486158.4204999963","6428.000499989139","3000","SceneViewing","44","57062.76470000739","44","2560"
"100","100","3_r.wav","1281","1281","#dadada","256","psycho","psycho","psycho","restrictive","1","undefined","undefined","1","NA","undefined","NA","undefined","NA","undefined","NA","undefined","NA","NA","undefined","NA","NA","NA","undefined","0","45","45","0","0","0","0","NA","45","45","45","NA","0","NA","NA","45","0","NA","0","NA","0","NA","0","NA","0","NA","NA","NA","0","NA","NA","NA","45","NA","0","45","45","45","45","45","0","45","0","participant_group8.csv","8","NA","NA","NA","Wed Aug  5 18:51:26 2026","NA","The main experiment item","False","VWP_finalSetup_22_7.osexp","C:\Users\plcm\Desktop\2026-EyeTracking\group-eyeconic\OS2\final_recordings_upl","False","mono","False","20","no","#0c0c0c","no","yes","1440","3","4_pos3_nosub.png","4_pos3_sub.png","psycho","45","45","C:\Users\plcm\Desktop\2026-EyeTracking\group-eyeconic\OS2\final_recordings_upl\subject-15.csv","psycho","Neonatal Nightingale","4.1.14","stool","rocking-horse","baby","plant","0","0","space","space","space","NA","space","NA","NA","space","NA","space","NA","space","NA","space","NA","NA","NA","space","NA","NA","NA","593.8751000066986","2977.945600010571","7505.254199990304","NA","593.8751000066986","NA","NA","3083.3680000068853","NA","4507.686600001762","NA","3707.4951000104193","NA","25155.0120000029","NA","NA","NA","9635.624599992298","NA","NA","NA","9513.994900000398","c","46","2","psycho","The woman will bathe the baby","1024","2","24000","-16","experiment","15","odd","3","61735.302699991735","500420.84349998913","497560.85670000175","118342.68370000063","6400.058999992325","61740.112499988754","64724.70890000113","NA","493537.59629999695","497560.7772999938","493326.6717999941","NA","61735.38859999098","NA","NA","492731.9315999921","NA","NA","72234.62639999343","NA","75322.32819999626","NA","79834.50869999069","NA","83546.91679999814","NA","NA","NA","108706.35860000039","NA","NA","NA","500439.95669999276","NA","15943.194599996787","493522.7279999963","492720.3612000012","492731.81319999276","497580.3397999989","497537.8476999904","118342.71699999226","493521.95749999373","6428.000499989139","3000","SceneViewing","45","57656.63980001409","45","2560"
"100","100","21_r.wav","1265","1265","#dadada","256","psycho","psycho","psycho","restrictive","1","undefined","undefined","1","NA","undefined","NA","undefined","NA","undefined","NA","undefined","NA","NA","undefined","NA","NA","NA","undefined","0","46","46","0","0","0","0","NA","46","46","46","NA","0","NA","NA","46","0","NA","0","NA","0","NA","0","NA","0","NA","NA","NA","0","NA","NA","NA","46","NA","0","46","46","46","46","46","0","46","0","participant_group8.csv","8","NA","NA","NA","Wed Aug  5 18:51:26 2026","NA","The main experiment item","False","VWP_finalSetup_22_7.osexp","C:\Users\plcm\Desktop\2026-EyeTracking\group-eyeconic\OS2\final_recordings_upl","False","mono","False","20","no","#0c0c0c","no","yes","1440","21","22_pos1_nosub.png","22_pos1_sub.png","psycho","46","46","C:\Users\plcm\Desktop\2026-EyeTracking\group-eyeconic\OS2\final_recordings_upl\subject-15.csv","psycho","Neonatal Nightingale","4.1.14","flower","magazine","vase","cushion","0","0","space","space","space","NA","space","NA","NA","space","NA","space","NA","space","NA","space","NA","NA","NA","space","NA","NA","NA","555.4591999971308","2977.945600010571","7505.254199990304","NA","555.4591999971308","NA","NA","3083.3680000068853","NA","4507.686600001762","NA","3707.4951000104193","NA","25155.0120000029","NA","NA","NA","9635.624599992298","NA","NA","NA","9513.994900000398","c","47","2","psycho","The woman will water the flower","1024","2","24000","-16","experiment","15","odd","1","61735.302699991735","508161.1611999979","505258.94179999887","118342.68370000063","6400.058999992325","61740.112499988754","64724.70890000113","NA","501234.7659999941","505258.8856999937","501014.76679999905","NA","61735.38859999098","NA","NA","500458.31180000096","NA","NA","72234.62639999343","NA","75322.32819999626","NA","79834.50869999069","NA","83546.91679999814","NA","NA","NA","108706.35860000039","NA","NA","NA","508180.68530000164","NA","15943.194599996787","501218.01810000034","500447.7487999975","500458.12759999535","505278.10820000013","505235.09139999805","118342.71699999226","501217.4488000019","6428.000499989139","3000","SceneViewing","46","58212.09900001122","46","2560"
"100","100","15_r.wav","1250","1250","#dadada","256","psycho","psycho","psycho","restrictive","1","undefined","undefined","1","NA","undefined","NA","undefined","NA","undefined","NA","undefined","NA","NA","undefined","NA","NA","NA","undefined","0","47","47","0","0","0","0","NA","47","47","47","NA","0","NA","NA","47","0","NA","0","NA","0","NA","0","NA","0","NA","NA","NA","0","NA","NA","NA","47","NA","0","47","47","47","47","47","0","47","0","participant_group8.csv","8","NA","NA","NA","Wed Aug  5 18:51:26 2026","NA","The main experiment item","False","VWP_finalSetup_22_7.osexp","C:\Users\plcm\Desktop\2026-EyeTracking\group-eyeconic\OS2\final_recordings_upl","False","mono","False","20","no","#0c0c0c","no","yes","1440","15","16_pos3_nosub.png","16_pos3_sub.png","psycho","47","47","C:\Users\plcm\Desktop\2026-EyeTracking\group-eyeconic\OS2\final_recordings_upl\subject-15.csv","psycho","Neonatal Nightingale","4.1.14","magnifying-glass","folder","hat","wallet","0","0","space","space","space","NA","space","NA","NA","space","NA","space","NA","space","NA","space","NA","NA","NA","space","NA","NA","NA","545.9852999920258","2977.945600010571","7505.254199990304","NA","545.9852999920258","NA","NA","3083.3680000068853","NA","4507.686600001762","NA","3707.4951000104193","NA","25155.0120000029","NA","NA","NA","9635.624599992298","NA","NA","NA","9513.994900000398","c","48","2","psycho","The businessman will wear the hat","1024","2","24000","-16","experiment","15","odd","3","61735.302699991735","515971.00829999545","513001.3852999982","118342.68370000063","6400.058999992325","61740.112499988754","64724.70890000113","NA","508976.88459999335","513001.2849999912","508751.55289999384","NA","61735.38859999098","NA","NA","508204.0457999974","NA","NA","72234.62639999343","NA","75322.32819999626","NA","79834.50869999069","NA","83546.91679999814","NA","NA","NA","108706.35860000039","NA","NA","NA","515990.43599999277","NA","15943.194599996787","508959.58029999747","508194.56759998866","508203.92739999807","513020.4972999927","512977.6461000001","118342.71699999226","508958.9369999885","6428.000499989139","3000","SceneViewing","47","58758.08430000325","47","2560"
"100","100","20_n.wav","1240","1240","#dadada","256","psycho","psycho","psycho","non-restrictive","1","undefined","undefined","1","NA","undefined","NA","undefined","NA","undefined","NA","undefined","NA","NA","undefined","NA","NA","NA","undefined","0","48","48","0","0","0","0","NA","48","48","48","NA","0","NA","NA","48","0","NA","0","NA","0","NA","0","NA","0","NA","NA","NA","0","NA","NA","NA","48","NA","0","48","48","48","48","48","0","48","0","participant_group8.csv","8","NA","NA","NA","Wed Aug  5 18:51:26 2026","NA","The main experiment item","False","VWP_finalSetup_22_7.osexp","C:\Users\plcm\Desktop\2026-EyeTracking\group-eyeconic\OS2\final_recordings_upl","False","mono","False","20","no","#0c0c0c","no","yes","1440","20","21_pos4_nosub.png","21_pos4_sub.png","psycho","48","48","C:\Users\plcm\Desktop\2026-EyeTracking\group-eyeconic\OS2\final_recordings_upl\subject-15.csv","psycho","Neonatal Nightingale","4.1.14","block","crayon","cup","kitten","0","0","space","space","space","NA","space","NA","NA","space","NA","space","NA","space","NA","space","NA","NA","NA","space","NA","NA","NA","784.5149000058882","2977.945600010571","7505.254199990304","NA","784.5149000058882","NA","NA","3083.3680000068853","NA","4507.686600001762","NA","3707.4951000104193","NA","25155.0120000029","NA","NA","NA","9635.624599992298","NA","NA","NA","9513.994900000398","c","49","2","psycho","The baby will grab the kitten","1024","2","24000","-16","experiment","15","odd","4","61735.302699991735","523950.8303999901","521069.6872999979","118342.68370000063","6400.058999992325","61740.112499988754","64724.70890000113","NA","517045.7117999904","521069.6195999917","516806.9022999989","NA","61735.38859999098","NA","NA","516021.2601999956","NA","NA","72234.62639999343","NA","75322.32819999626","NA","79834.50869999069","NA","83546.91679999814","NA","NA","NA","108706.35860000039","NA","NA","NA","523970.66880000057","NA","15943.194599996787","517023.3823000017","516010.3897999943","516021.11319999676","521089.35939999355","521046.17390000203","118342.71699999226","517022.8337000008","6428.000499989139","3000","SceneViewing","48","59542.599200009136","48","2560"
"100","100","18_n.wav","1236","1236","#dadada","256","psycho","psycho","psycho","non-restrictive","1","undefined","undefined","1","NA","undefined","NA","undefined","NA","undefined","NA","undefined","NA","NA","undefined","NA","NA","NA","undefined","0","49","49","0","0","0","0","NA","49","49","49","NA","0","NA","NA","49","0","NA","0","NA","0","NA","0","NA","0","NA","NA","NA","0","NA","NA","NA","49","NA","0","49","49","49","49","49","0","49","0","participant_group8.csv","8","NA","NA","NA","Wed Aug  5 18:51:26 2026","NA","The main experiment item","False","VWP_finalSetup_22_7.osexp","C:\Users\plcm\Desktop\2026-EyeTracking\group-eyeconic\OS2\final_recordings_upl","False","mono","False","20","no","#0c0c0c","no","yes","1440","18","19_pos2_nosub.png","19_pos2_sub.png","psycho","49","49","C:\Users\plcm\Desktop\2026-EyeTracking\group-eyeconic\OS2\final_recordings_upl\subject-15.csv","psycho","Neonatal Nightingale","4.1.14","leaf","football","stick","feather","0","0","space","space","space","NA","space","NA","NA","space","NA","space","NA","space","NA","space","NA","NA","NA","space","NA","NA","NA","1041.7134999879636","2977.945600010571","7505.254199990304","NA","1041.7134999879636","NA","NA","3083.3680000068853","NA","4507.686600001762","NA","3707.4951000104193","NA","25155.0120000029","NA","NA","NA","9635.624599992298","NA","NA","NA","9513.994900000398","c","50","2","psycho","The boy will touch the football","1024","2","24000","-16","experiment","15","odd","2","61735.302699991735","531911.1504999892","529286.3495999918","118342.68370000063","6400.058999992325","61740.112499988754","64724.70890000113","NA","525261.0343999986","529286.3013000024","525046.5330000006","NA","61735.38859999098","NA","NA","524004.06710000243","NA","NA","72234.62639999343","NA","75322.32819999626","NA","79834.50869999069","NA","83546.91679999814","NA","NA","NA","108706.35860000039","NA","NA","NA","531930.1734999899","NA","15943.194599996787","525243.3305000013","523992.31560000044","524003.88959998963","529305.7918999984","529261.4577999921","118342.71699999226","525242.6916999975","6428.000499989139","3000","SceneViewing","49","60584.3126999971","49","2560"
