"acc","accuracy","audio_file","average_response_time","avg_rt","background","block_size","canvas_backend","clock_backend","color_backend","condition","correct","correct_experiment_intro","correct_experiment_intro2","correct_new_1_keyboard_response","correct_new_2_keyboard_response","correct_new_2_sketchpad","correct_new_3_keyboard_response","correct_new_3_sketchpad","correct_new_4_keyboard_response","correct_new_4_sketchpad","correct_new_5_keyboard_response","correct_new_5_sketchpad","correct_new_6_keyboard_response","correct_new_7_keyboard_response","correct_new_7_sketchpad","correct_new_8_keyboard_response","correct_new_keyboard_response","correct_new_mouse_response","correct_welcome","count_accuracy_output","count_audio_file_offset","count_audio_file_onset_log","count_definitions","count_experiment","count_experiment_intro","count_experiment_intro2","count_image_delay","count_image_nosub","count_image_sub","count_increment_roundCounter","count_instruction","count_instructions","count_log_instruction","count_new_1_inline_script","count_new_1_keyboard_response","count_new_1_sketchpad","count_new_2_keyboard_response","count_new_2_sketchpad","count_new_3_keyboard_response","count_new_3_sketchpad","count_new_4_keyboard_response","count_new_4_sketchpad","count_new_5_keyboard_response","count_new_5_sketchpad","count_new_6_keyboard_response","count_new_6_sketchpad","count_new_7_keyboard_response","count_new_7_sketchpad","count_new_8_keyboard_response","count_new_inline_script","count_new_keyboard_response","count_new_logger","count_new_mouse_response","count_new_pygaze_init","count_new_pygaze_start_recording","count_new_pygaze_stop_recording","count_new_sketchpad","count_sentence_audio","count_subject_onset_log","count_trial_loop","count_trial_sequence","count_welcome","csv_filepath","csv_id","cursor_roi","cursor_x","cursor_y","datetime","delay_image_delay","description","disable_garbage_collection","experiment_file","experiment_path","font_bold","font_family","font_italic","font_size","font_underline","foreground","form_clicks","fullscreen","height","id","image_nosub","image_sub","keyboard_backend","live_row","live_row_trial_loop","logfile","mouse_backend","opensesame_codename","opensesame_version","position1","position2","position3","position4","psychopy_screen","repeat_cycle","response","response_experiment_intro","response_experiment_intro2","response_instruction","response_new_1_keyboard_response","response_new_1_sketchpad","response_new_2_keyboard_response","response_new_2_sketchpad","response_new_3_keyboard_response","response_new_3_sketchpad","response_new_4_keyboard_response","response_new_4_sketchpad","response_new_5_keyboard_response","response_new_5_sketchpad","response_new_6_keyboard_response","response_new_6_sketchpad","response_new_7_keyboard_response","response_new_7_sketchpad","response_new_8_keyboard_response","response_new_keyboard_response","response_new_mouse_response","response_time","response_time_experiment_intro","response_time_experiment_intro2","response_time_instruction","response_time_new_1_keyboard_response","response_time_new_1_sketchpad","response_time_new_2_keyboard_response","response_time_new_2_sketchpad","response_time_new_3_keyboard_response","response_time_new_3_sketchpad","response_time_new_4_keyboard_response","response_time_new_4_sketchpad","response_time_new_5_keyboard_response","response_time_new_5_sketchpad","response_time_new_6_keyboard_response","response_time_new_6_sketchpad","response_time_new_7_keyboard_response","response_time_new_7_sketchpad","response_time_new_8_keyboard_response","response_time_new_keyboard_response","response_time_new_mouse_response","response_time_welcome","response_welcome","round","round_decimals","sampler_backend","sentence","sound_buf_size","sound_channels","sound_freq","sound_sample_size","start","subject_nr","subject_parity","target_position","time_accuracy_output","time_audio_file_offset","time_audio_file_onset_log","time_definitions","time_experiment","time_experiment_intro","time_experiment_intro2","time_image_delay","time_image_nosub","time_image_sub","time_increment_roundCounter","time_instruction","time_instructions","time_log_instruction","time_new_1_inline_script","time_new_1_keyboard_response","time_new_1_sketchpad","time_new_2_keyboard_response","time_new_2_sketchpad","time_new_3_keyboard_response","time_new_3_sketchpad","time_new_4_keyboard_response","time_new_4_sketchpad","time_new_5_keyboard_response","time_new_5_sketchpad","time_new_6_keyboard_response","time_new_6_sketchpad","time_new_7_keyboard_response","time_new_7_sketchpad","time_new_8_keyboard_response","time_new_inline_script","time_new_keyboard_response","time_new_logger","time_new_mouse_response","time_new_pygaze_init","time_new_pygaze_start_recording","time_new_pygaze_stop_recording","time_new_sketchpad","time_sentence_audio","time_subject_onset_log","time_trial_loop","time_trial_sequence","time_welcome","timeout","title","total_correct","total_response_time","total_responses","width"
"undefined","undefined","14_r.wav","undefined","undefined","#dadada","256","psycho","psycho","psycho","restrictive","undefined","undefined","undefined","NA","NA","undefined","NA","undefined","NA","undefined","NA","undefined","NA","NA","undefined","NA","NA","NA","undefined","0","0","0","0","0","0","0","NA","0","0","0","NA","0","NA","NA","0","0","NA","0","NA","0","NA","0","NA","0","NA","NA","NA","0","NA","NA","NA","0","NA","0","0","0","0","0","0","0","0","0","participant_group3.csv","3","NA","NA","NA","Fri Aug  7 17:01:59 2026","NA","The main experiment item","False","VWP_finalSetup_22_7.osexp","C:\Users\plcm\Desktop\2026-EyeTracking\group-eyeconic\OS2\final_recordings_upl","False","mono","False","20","no","#0c0c0c","no","yes","1440","14","15_pos4_nosub.png","15_pos4_sub.png","psycho","0","0","C:\Users\plcm\Desktop\2026-EyeTracking\group-eyeconic\OS2\final_recordings_upl\subject-18.csv","psycho","Neonatal Nightingale","4.1.14","bird","ball","hen","dog","0","0","space","space","space","NA","NA","NA","NA","space","NA","space","NA","space","NA","space","NA","NA","NA","space","NA","NA","NA","19531.608499994036","9346.396099994308","6601.906099996995","NA","NA","NA","NA","4188.561999995727","NA","4395.960800000466","NA","5659.753100000671","NA","5987.646100009442","NA","NA","NA","19531.608499994036","NA","NA","NA","6034.538399995654","c","1","2","psycho","The boy will walk the dog","1024","2","24000","-16","experiment","18","even","4","152807.7125000127","216077.7156000113","213457.6645000052","208551.02320000879","4896.86530000472","152811.94500000856","162164.4234000123","NA","209428.29090000305","213457.58590000332","NA","NA","152807.78750000172","NA","NA","NA","NA","NA","168769.84350000566","NA","172962.34840000398","NA","177362.55150000216","NA","183026.64840000216","NA","NA","NA","189018.68970000942","NA","NA","NA","216101.43160000734","NA","10943.436500005191","208764.55870000063","NA","NA","213486.49580001074","213428.53260000993","208551.05259999982","208764.16510000126","4907.787400006782","3000","SceneViewing","0","0","0","2560"
"100","100","22_r.wav","14954","14954","#dadada","256","psycho","psycho","psycho","restrictive","1","undefined","undefined","1","NA","undefined","NA","undefined","NA","undefined","NA","undefined","NA","NA","undefined","NA","NA","NA","undefined","0","1","1","0","0","0","0","NA","1","1","1","NA","0","NA","NA","1","0","NA","0","NA","0","NA","0","NA","0","NA","NA","NA","0","NA","NA","NA","1","NA","0","1","1","1","1","1","0","1","0","participant_group3.csv","3","NA","NA","NA","Fri Aug  7 17:01:59 2026","NA","The main experiment item","False","VWP_finalSetup_22_7.osexp","C:\Users\plcm\Desktop\2026-EyeTracking\group-eyeconic\OS2\final_recordings_upl","False","mono","False","20","no","#0c0c0c","no","yes","1440","22","23_pos4_nosub.png","23_pos4_sub.png","psycho","1","1","C:\Users\plcm\Desktop\2026-EyeTracking\group-eyeconic\OS2\final_recordings_upl\subject-18.csv","psycho","Neonatal Nightingale","4.1.14","hook","poster","towel","coat","0","0","space","space","space","NA","space","NA","NA","space","NA","space","NA","space","NA","space","NA","NA","NA","space","NA","NA","NA","14954.618900010246","9346.396099994308","6601.906099996995","NA","14954.618900010246","NA","NA","4188.561999995727","NA","4395.960800000466","NA","5659.753100000671","NA","5987.646100009442","NA","NA","NA","19531.608499994036","NA","NA","NA","6034.538399995654","c","2","2","psycho","The girl will zip the coat","1024","2","24000","-16","experiment","18","even","4","152807.7125000127","237857.7906999999","235357.5753000041","208551.02320000879","4896.86530000472","152811.94500000856","162164.4234000123","NA","231332.95120000548","235357.5056000118","231103.13290001068","NA","152807.78750000172","NA","NA","216147.7515000006","NA","NA","168769.84350000566","NA","172962.34840000398","NA","177362.55150000216","NA","183026.64840000216","NA","NA","NA","189018.68970000942","NA","NA","NA","237877.27120000636","NA","10943.436500005191","231318.3515000128","216124.91520000913","216147.6115000114","235376.80440000258","235333.41470001324","208551.05259999982","231317.9111000063","4907.787400006782","3000","SceneViewing","1","14954.618900010246","1","2560"
"100","100","4_r.wav","8923","8923","#dadada","256","psycho","psycho","psycho","restrictive","1","undefined","undefined","1","NA","undefined","NA","undefined","NA","undefined","NA","undefined","NA","NA","undefined","NA","NA","NA","undefined","0","2","2","0","0","0","0","NA","2","2","2","NA","0","NA","NA","2","0","NA","0","NA","0","NA","0","NA","0","NA","NA","NA","0","NA","NA","NA","2","NA","0","2","2","2","2","2","0","2","0","participant_group3.csv","3","NA","NA","NA","Fri Aug  7 17:01:59 2026","NA","The main experiment item","False","VWP_finalSetup_22_7.osexp","C:\Users\plcm\Desktop\2026-EyeTracking\group-eyeconic\OS2\final_recordings_upl","False","mono","False","20","no","#0c0c0c","no","yes","1440","4","5_pos2_nosub.png","5_pos2_sub.png","psycho","2","2","C:\Users\plcm\Desktop\2026-EyeTracking\group-eyeconic\OS2\final_recordings_upl\subject-18.csv","psycho","Neonatal Nightingale","4.1.14","shuttle-cock","ball","paper-plane","acorns","0","0","space","space","space","NA","space","NA","NA","space","NA","space","NA","space","NA","space","NA","NA","NA","space","NA","NA","NA","2891.603700001724","9346.396099994308","6601.906099996995","NA","2891.603700001724","NA","NA","4188.561999995727","NA","4395.960800000466","NA","5659.753100000671","NA","5987.646100009442","NA","NA","NA","19531.608499994036","NA","NA","NA","6034.538399995654","c","3","2","psycho","The boy will bounce the ball","1024","2","24000","-16","experiment","18","even","2","152807.7125000127","247607.65780000656","245033.19520001241","208551.02320000879","4896.86530000472","152811.94500000856","162164.4234000123","NA","241009.2042000033","245033.14600000158","240799.3592999992","NA","152807.78750000172","NA","NA","237906.82180000294","NA","NA","168769.84350000566","NA","172962.34840000398","NA","177362.55150000216","NA","183026.64840000216","NA","NA","NA","189018.68970000942","NA","NA","NA","247626.63680000696","NA","10943.436500005191","240992.22060000466","237897.6488000044","237906.65240000817","245052.4207000126","245009.73570000497","208551.05259999982","240991.90400000953","4907.787400006782","3000","SceneViewing","2","17846.22260001197","2","2560"
"100","100","39_n.wav","6768","6768","#dadada","256","psycho","psycho","psycho","non-restrictive","1","undefined","undefined","1","NA","undefined","NA","undefined","NA","undefined","NA","undefined","NA","NA","undefined","NA","NA","NA","undefined","0","3","3","0","0","0","0","NA","3","3","3","NA","0","NA","NA","3","0","NA","0","NA","0","NA","0","NA","0","NA","NA","NA","0","NA","NA","NA","3","NA","0","3","3","3","3","3","0","3","0","participant_group3.csv","3","NA","NA","NA","Fri Aug  7 17:01:59 2026","NA","The main experiment item","False","VWP_finalSetup_22_7.osexp","C:\Users\plcm\Desktop\2026-EyeTracking\group-eyeconic\OS2\final_recordings_upl","False","mono","False","20","no","#0c0c0c","no","yes","1440","39","40_pos1_nosub.png","40_pos1_sub.png","psycho","3","3","C:\Users\plcm\Desktop\2026-EyeTracking\group-eyeconic\OS2\final_recordings_upl\subject-18.csv","psycho","Neonatal Nightingale","4.1.14","shoelace","shampoo","mat","buckle","0","0","space","space","space","NA","space","NA","NA","space","NA","space","NA","space","NA","space","NA","NA","NA","space","NA","NA","NA","2459.0007000078913","9346.396099994308","6601.906099996995","NA","2459.0007000078913","NA","NA","4188.561999995727","NA","4395.960800000466","NA","5659.753100000671","NA","5987.646100009442","NA","NA","NA","19531.608499994036","NA","NA","NA","6034.538399995654","c","4","2","psycho","The boy will move the shoelace","1024","2","24000","-16","experiment","18","even","1","152807.7125000127","256928.1503000093","254344.7387000051","208551.02320000879","4896.86530000472","152811.94500000856","162164.4234000123","NA","250320.8774000086","254344.68360000756","250103.68930001277","NA","152807.78750000172","NA","NA","247643.54730000196","NA","NA","168769.84350000566","NA","172962.34840000398","NA","177362.55150000216","NA","183026.64840000216","NA","NA","NA","189018.68970000942","NA","NA","NA","256947.89830000082","NA","10943.436500005191","250305.62430000282","247634.36530000763","247643.44920001167","254364.72630000208","254321.29630001145","208551.05259999982","250305.17760000657","4907.787400006782","3000","SceneViewing","3","20305.22330001986","3","2560"
"100","100","19_n.wav","6020","6020","#dadada","256","psycho","psycho","psycho","non-restrictive","1","undefined","undefined","1","NA","undefined","NA","undefined","NA","undefined","NA","undefined","NA","NA","undefined","NA","NA","NA","undefined","0","4","4","0","0","0","0","NA","4","4","4","NA","0","NA","NA","4","0","NA","0","NA","0","NA","0","NA","0","NA","NA","NA","0","NA","NA","NA","4","NA","0","4","4","4","4","4","0","4","0","participant_group3.csv","3","NA","NA","NA","Fri Aug  7 17:01:59 2026","NA","The main experiment item","False","VWP_finalSetup_22_7.osexp","C:\Users\plcm\Desktop\2026-EyeTracking\group-eyeconic\OS2\final_recordings_upl","False","mono","False","20","no","#0c0c0c","no","yes","1440","19","20_pos1_nosub.png","20_pos1_sub.png","psycho","4","4","C:\Users\plcm\Desktop\2026-EyeTracking\group-eyeconic\OS2\final_recordings_upl\subject-18.csv","psycho","Neonatal Nightingale","4.1.14","bread","spoon","spatula","bowl","0","0","space","space","space","NA","space","NA","NA","space","NA","space","NA","space","NA","space","NA","NA","NA","space","NA","NA","NA","3776.7155000037747","9346.396099994308","6601.906099996995","NA","3776.7155000037747","NA","NA","4188.561999995727","NA","4395.960800000466","NA","5659.753100000671","NA","5987.646100009442","NA","NA","NA","19531.608499994036","NA","NA","NA","6034.538399995654","c","5","2","psycho","The chef will clean the bread","1024","2","24000","-16","experiment","18","even","1","152807.7125000127","267538.0647000129","264986.69320000045","208551.02320000879","4896.86530000472","152811.94500000856","162164.4234000123","NA","260962.3702000099","264986.63070000475","260742.7805000043","NA","152807.78750000172","NA","NA","256965.5533000041","NA","NA","168769.84350000566","NA","172962.34840000398","NA","177362.55150000216","NA","183026.64840000216","NA","NA","NA","189018.68970000942","NA","NA","NA","267557.23040000885","NA","10943.436500005191","260947.02700000198","256955.70960000623","256965.42380000756","265005.633400011","264963.115800012","208551.05259999982","260946.4464000048","4907.787400006782","3000","SceneViewing","4","24081.938800023636","4","2560"
"100","100","12_r.wav","5216","5216","#dadada","256","psycho","psycho","psycho","restrictive","1","undefined","undefined","1","NA","undefined","NA","undefined","NA","undefined","NA","undefined","NA","NA","undefined","NA","NA","NA","undefined","0","5","5","0","0","0","0","NA","5","5","5","NA","0","NA","NA","5","0","NA","0","NA","0","NA","0","NA","0","NA","NA","NA","0","NA","NA","NA","5","NA","0","5","5","5","5","5","0","5","0","participant_group3.csv","3","NA","NA","NA","Fri Aug  7 17:01:59 2026","NA","The main experiment item","False","VWP_finalSetup_22_7.osexp","C:\Users\plcm\Desktop\2026-EyeTracking\group-eyeconic\OS2\final_recordings_upl","False","mono","False","20","no","#0c0c0c","no","yes","1440","12","13_pos2_nosub.png","13_pos2_sub.png","psycho","5","5","C:\Users\plcm\Desktop\2026-EyeTracking\group-eyeconic\OS2\final_recordings_upl\subject-18.csv","psycho","Neonatal Nightingale","4.1.14","car","boat","birds","sun","0","0","space","space","space","NA","space","NA","NA","space","NA","space","NA","space","NA","space","NA","NA","NA","space","NA","NA","NA","1999.1587999975309","9346.396099994308","6601.906099996995","NA","1999.1587999975309","NA","NA","4188.561999995727","NA","4395.960800000466","NA","5659.753100000671","NA","5987.646100009442","NA","NA","NA","19531.608499994036","NA","NA","NA","6034.538399995654","c","6","2","psycho","The man will sail the boat","1024","2","24000","-16","experiment","18","even","2","152807.7125000127","276277.81090000644","273805.9926999995","208551.02320000879","4896.86530000472","152811.94500000856","162164.4234000123","NA","269782.0449999999","273805.9406000102","269574.8569000134","NA","152807.78750000172","NA","NA","267575.1600000076","NA","NA","168769.84350000566","NA","172962.34840000398","NA","177362.55150000216","NA","183026.64840000216","NA","NA","NA","189018.68970000942","NA","NA","NA","276296.8598000007","NA","10943.436500005191","269766.2554000126","267565.0072999997","267575.0228000106","273825.29030001024","273782.7580000012","208551.05259999982","269765.97089999996","4907.787400006782","3000","SceneViewing","5","26081.097600021167","5","2560"
"100","100","32_r.wav","4673","4673","#dadada","256","psycho","psycho","psycho","restrictive","1","undefined","undefined","1","NA","undefined","NA","undefined","NA","undefined","NA","undefined","NA","NA","undefined","NA","NA","NA","undefined","0","6","6","0","0","0","0","NA","6","6","6","NA","0","NA","NA","6","0","NA","0","NA","0","NA","0","NA","0","NA","NA","NA","0","NA","NA","NA","6","NA","0","6","6","6","6","6","0","6","0","participant_group3.csv","3","NA","NA","NA","Fri Aug  7 17:01:59 2026","NA","The main experiment item","False","VWP_finalSetup_22_7.osexp","C:\Users\plcm\Desktop\2026-EyeTracking\group-eyeconic\OS2\final_recordings_upl","False","mono","False","20","no","#0c0c0c","no","yes","1440","32","33_pos2_nosub.png","33_pos2_sub.png","psycho","6","6","C:\Users\plcm\Desktop\2026-EyeTracking\group-eyeconic\OS2\final_recordings_upl\subject-18.csv","psycho","Neonatal Nightingale","4.1.14","kettle","beer","mug","biscuit","0","0","space","space","space","NA","space","NA","NA","space","NA","space","NA","space","NA","space","NA","NA","NA","space","NA","NA","NA","1958.99400000053","9346.396099994308","6601.906099996995","NA","1958.99400000053","NA","NA","4188.561999995727","NA","4395.960800000466","NA","5659.753100000671","NA","5987.646100009442","NA","NA","NA","19531.608499994036","NA","NA","NA","6034.538399995654","c","7","2","psycho","The woman will brew the beer","1024","2","24000","-16","experiment","18","even","2","152807.7125000127","285117.6153000124","282524.9567999999","208551.02320000879","4896.86530000472","152811.94500000856","162164.4234000123","NA","278500.9963000048","282524.9051999999","278287.00540000864","NA","152807.78750000172","NA","NA","276327.30200000515","NA","NA","168769.84350000566","NA","172962.34840000398","NA","177362.55150000216","NA","183026.64840000216","NA","NA","NA","189018.68970000942","NA","NA","NA","285137.5448000035","NA","10943.436500005191","278485.4553000041","276317.09590001265","276327.1906000009","282544.12690000026","282501.54470000416","208551.05259999982","278485.09770000237","4907.787400006782","3000","SceneViewing","6","28040.091600021697","6","2560"
"100","100","28_r.wav","4225","4225","#dadada","256","psycho","psycho","psycho","restrictive","1","undefined","undefined","1","NA","undefined","NA","undefined","NA","undefined","NA","undefined","NA","NA","undefined","NA","NA","NA","undefined","0","7","7","0","0","0","0","NA","7","7","7","NA","0","NA","NA","7","0","NA","0","NA","0","NA","0","NA","0","NA","NA","NA","0","NA","NA","NA","7","NA","0","7","7","7","7","7","0","7","0","participant_group3.csv","3","NA","NA","NA","Fri Aug  7 17:01:59 2026","NA","The main experiment item","False","VWP_finalSetup_22_7.osexp","C:\Users\plcm\Desktop\2026-EyeTracking\group-eyeconic\OS2\final_recordings_upl","False","mono","False","20","no","#0c0c0c","no","yes","1440","28","29_pos2_nosub.png","29_pos2_sub.png","psycho","7","7","C:\Users\plcm\Desktop\2026-EyeTracking\group-eyeconic\OS2\final_recordings_upl\subject-18.csv","psycho","Neonatal Nightingale","4.1.14","sock","milk","glove","nut","0","0","space","space","space","NA","space","NA","NA","space","NA","space","NA","space","NA","space","NA","NA","NA","space","NA","NA","NA","1536.1803999985568","9346.396099994308","6601.906099996995","NA","1536.1803999985568","NA","NA","4188.561999995727","NA","4395.960800000466","NA","5659.753100000671","NA","5987.646100009442","NA","NA","NA","19531.608499994036","NA","NA","NA","6034.538399995654","c","8","2","psycho","The cat will drink the milk","1024","2","24000","-16","experiment","18","even","2","152807.7125000127","293457.6203000033","290958.16000000923","208551.02320000879","4896.86530000472","152811.94500000856","162164.4234000123","NA","286932.84880000283","290958.10640000855","286695.01420001325","NA","152807.78750000172","NA","NA","285158.13600001275","NA","NA","168769.84350000566","NA","172962.34840000398","NA","177362.55150000216","NA","183026.64840000216","NA","NA","NA","189018.68970000942","NA","NA","NA","293477.1024000074","NA","10943.436500005191","286917.3828000057","285148.237100002","285157.9936000053","290978.0604000116","290933.589200009","208551.05259999982","286917.06669999985","4907.787400006782","3000","SceneViewing","7","29576.272000020253","7","2560"
"100","100","45_n.wav","3962","3962","#dadada","256","psycho","psycho","psycho","non-restrictive","1","undefined","undefined","1","NA","undefined","NA","undefined","NA","undefined","NA","undefined","NA","NA","undefined","NA","NA","NA","undefined","0","8","8","0","0","0","0","NA","8","8","8","NA","0","NA","NA","8","0","NA","0","NA","0","NA","0","NA","0","NA","NA","NA","0","NA","NA","NA","8","NA","0","8","8","8","8","8","0","8","0","participant_group3.csv","3","NA","NA","NA","Fri Aug  7 17:01:59 2026","NA","The main experiment item","False","VWP_finalSetup_22_7.osexp","C:\Users\plcm\Desktop\2026-EyeTracking\group-eyeconic\OS2\final_recordings_upl","False","mono","False","20","no","#0c0c0c","no","yes","1440","45","46_pos3_nosub.png","46_pos3_sub.png","psycho","8","8","C:\Users\plcm\Desktop\2026-EyeTracking\group-eyeconic\OS2\final_recordings_upl\subject-18.csv","psycho","Neonatal Nightingale","4.1.14","peeler","pot","carrot","laddle","0","0","space","space","space","NA","space","NA","NA","space","NA","space","NA","space","NA","space","NA","NA","NA","space","NA","NA","NA","2122.857700000168","9346.396099994308","6601.906099996995","NA","2122.857700000168","NA","NA","4188.561999995727","NA","4395.960800000466","NA","5659.753100000671","NA","5987.646100009442","NA","NA","NA","19531.608499994036","NA","NA","NA","6034.538399995654","c","9","2","psycho","The chef will carry the carrot","1024","2","24000","-16","experiment","18","even","3","152807.7125000127","302477.68980001274","299874.6775000036","208551.02320000879","4896.86530000472","152811.94500000856","162164.4234000123","NA","295849.92440001224","299874.62850000884","295630.9775000118","NA","152807.78750000172","NA","NA","293507.4554000021","NA","NA","168769.84350000566","NA","172962.34840000398","NA","177362.55150000216","NA","183026.64840000216","NA","NA","NA","189018.68970000942","NA","NA","NA","302497.44390000706","NA","10943.436500005191","295826.63320000574","293496.6052000091","293507.3074000102","299894.11310000287","299850.8361000131","208551.05259999982","295826.10710000154","4907.787400006782","3000","SceneViewing","8","31699.12970002042","8","2560"
"100","100","15_n.wav","3863","3863","#dadada","256","psycho","psycho","psycho","non-restrictive","1","undefined","undefined","1","NA","undefined","NA","undefined","NA","undefined","NA","undefined","NA","NA","undefined","NA","NA","NA","undefined","0","9","9","0","0","0","0","NA","9","9","9","NA","0","NA","NA","9","0","NA","0","NA","0","NA","0","NA","0","NA","NA","NA","0","NA","NA","NA","9","NA","0","9","9","9","9","9","0","9","0","participant_group3.csv","3","NA","NA","NA","Fri Aug  7 17:01:59 2026","NA","The main experiment item","False","VWP_finalSetup_22_7.osexp","C:\Users\plcm\Desktop\2026-EyeTracking\group-eyeconic\OS2\final_recordings_upl","False","mono","False","20","no","#0c0c0c","no","yes","1440","15","16_pos1_nosub.png","16_pos1_sub.png","psycho","9","9","C:\Users\plcm\Desktop\2026-EyeTracking\group-eyeconic\OS2\final_recordings_upl\subject-18.csv","psycho","Neonatal Nightingale","4.1.14","hat","wallet","magnifying-glass","folder","0","0","space","space","space","NA","space","NA","NA","space","NA","space","NA","space","NA","space","NA","NA","NA","space","NA","NA","NA","3075.011100008851","9346.396099994308","6601.906099996995","NA","3075.011100008851","NA","NA","4188.561999995727","NA","4395.960800000466","NA","5659.753100000671","NA","5987.646100009442","NA","NA","NA","19531.608499994036","NA","NA","NA","6034.538399995654","c","10","2","psycho","The businessman will  forget the hat","1024","2","24000","-16","experiment","18","even","1","152807.7125000127","312997.60430000606","309843.6004000105","208551.02320000879","4896.86530000472","152811.94500000856","162164.4234000123","NA","305818.85870000406","309843.5427000077","305606.9375000079","NA","152807.78750000172","NA","NA","302531.30760000204","NA","NA","168769.84350000566","NA","172962.34840000398","NA","177362.55150000216","NA","183026.64840000216","NA","NA","NA","189018.68970000942","NA","NA","NA","313016.48010000645","NA","10943.436500005191","305803.9942000032","302517.9179000115","302531.1256000132","309863.0305000115","309819.50330000836","208551.05259999982","305803.6267999996","4907.787400006782","3000","SceneViewing","9","34774.14080002927","9","2560"
"100","100","41_n.wav","3703","3703","#dadada","256","psycho","psycho","psycho","non-restrictive","1","undefined","undefined","1","NA","undefined","NA","undefined","NA","undefined","NA","undefined","NA","NA","undefined","NA","NA","NA","undefined","0","10","10","0","0","0","0","NA","10","10","10","NA","0","NA","NA","10","0","NA","0","NA","0","NA","0","NA","0","NA","NA","NA","0","NA","NA","NA","10","NA","0","10","10","10","10","10","0","10","0","participant_group3.csv","3","NA","NA","NA","Fri Aug  7 17:01:59 2026","NA","The main experiment item","False","VWP_finalSetup_22_7.osexp","C:\Users\plcm\Desktop\2026-EyeTracking\group-eyeconic\OS2\final_recordings_upl","False","mono","False","20","no","#0c0c0c","no","yes","1440","41","42_pos3_nosub.png","42_pos3_sub.png","psycho","10","10","C:\Users\plcm\Desktop\2026-EyeTracking\group-eyeconic\OS2\final_recordings_upl\subject-18.csv","psycho","Neonatal Nightingale","4.1.14","cone","shell","orange","stone","0","0","space","space","space","NA","space","NA","NA","space","NA","space","NA","space","NA","space","NA","NA","NA","space","NA","NA","NA","2262.7968000015244","9346.396099994308","6601.906099996995","NA","2262.7968000015244","NA","NA","4188.561999995727","NA","4395.960800000466","NA","5659.753100000671","NA","5987.646100009442","NA","NA","NA","19531.608499994036","NA","NA","NA","6034.538399995654","c","11","2","psycho","The boy will move the orange","1024","2","24000","-16","experiment","18","even","3","152807.7125000127","322167.9942000046","319560.44620000466","208551.02320000879","4896.86530000472","152811.94500000856","162164.4234000123","NA","315536.1838000099","319560.3900999995","315311.0200000083","NA","152807.78750000172","NA","NA","313047.5141000061","NA","NA","168769.84350000566","NA","172962.34840000398","NA","177362.55150000216","NA","183026.64840000216","NA","NA","NA","189018.68970000942","NA","NA","NA","322187.3544000118","NA","10943.436500005191","315520.8014000091","313036.769000013","313047.1431000042","319579.2375000019","319536.4344000118","208551.05259999982","315520.4754000006","4907.787400006782","3000","SceneViewing","10","37036.9376000308","10","2560"
"100","100","25_n.wav","3455","3455","#dadada","256","psycho","psycho","psycho","non-restrictive","1","undefined","undefined","1","NA","undefined","NA","undefined","NA","undefined","NA","undefined","NA","NA","undefined","NA","NA","NA","undefined","0","11","11","0","0","0","0","NA","11","11","11","NA","0","NA","NA","11","0","NA","0","NA","0","NA","0","NA","0","NA","NA","NA","0","NA","NA","NA","11","NA","0","11","11","11","11","11","0","11","0","participant_group3.csv","3","NA","NA","NA","Fri Aug  7 17:01:59 2026","NA","The main experiment item","False","VWP_finalSetup_22_7.osexp","C:\Users\plcm\Desktop\2026-EyeTracking\group-eyeconic\OS2\final_recordings_upl","False","mono","False","20","no","#0c0c0c","no","yes","1440","25","26_pos3_nosub.png","26_pos3_sub.png","psycho","11","11","C:\Users\plcm\Desktop\2026-EyeTracking\group-eyeconic\OS2\final_recordings_upl\subject-18.csv","psycho","Neonatal Nightingale","4.1.14","peach","rope","canvas","keyboard","0","0","space","space","space","NA","space","NA","NA","space","NA","space","NA","space","NA","space","NA","NA","NA","space","NA","NA","NA","969.5021999941673","9346.396099994308","6601.906099996995","NA","969.5021999941673","NA","NA","4188.561999995727","NA","4395.960800000466","NA","5659.753100000671","NA","5987.646100009442","NA","NA","NA","19531.608499994036","NA","NA","NA","6034.538399995654","c","12","2","psycho","The man will move the canvas","1024","2","24000","-16","experiment","18","even","3","152807.7125000127","330187.80360001256","327421.6015999991","208551.02320000879","4896.86530000472","152811.94500000856","162164.4234000123","NA","323397.2349000105","327421.54980001214","323175.00990000553","NA","152807.78750000172","NA","NA","322204.7932000132","NA","NA","168769.84350000566","NA","172962.34840000398","NA","177362.55150000216","NA","183026.64840000216","NA","NA","NA","189018.68970000942","NA","NA","NA","330206.6637000098","NA","10943.436500005191","323382.23760000255","322195.3788000101","322204.6992000105","327440.33100000524","327398.02880000207","208551.05259999982","323381.82550000784","4907.787400006782","3000","SceneViewing","11","38006.439800024964","11","2560"
"100","100","44_r.wav","3476","3476","#dadada","256","psycho","psycho","psycho","restrictive","1","undefined","undefined","1","NA","undefined","NA","undefined","NA","undefined","NA","undefined","NA","NA","undefined","NA","NA","NA","undefined","0","12","12","0","0","0","0","NA","12","12","12","NA","0","NA","NA","12","0","NA","0","NA","0","NA","0","NA","0","NA","NA","NA","0","NA","NA","NA","12","NA","0","12","12","12","12","12","0","12","0","participant_group3.csv","3","NA","NA","NA","Fri Aug  7 17:01:59 2026","NA","The main experiment item","False","VWP_finalSetup_22_7.osexp","C:\Users\plcm\Desktop\2026-EyeTracking\group-eyeconic\OS2\final_recordings_upl","False","mono","False","20","no","#0c0c0c","no","yes","1440","44","45_pos2_nosub.png","45_pos2_sub.png","psycho","12","12","C:\Users\plcm\Desktop\2026-EyeTracking\group-eyeconic\OS2\final_recordings_upl\subject-18.csv","psycho","Neonatal Nightingale","4.1.14","hammer","dough","glass","ladle","0","0","space","space","space","NA","space","NA","NA","space","NA","space","NA","space","NA","space","NA","NA","NA","space","NA","NA","NA","3710.360799988848","9346.396099994308","6601.906099996995","NA","3710.360799988848","NA","NA","4188.561999995727","NA","4395.960800000466","NA","5659.753100000671","NA","5987.646100009442","NA","NA","NA","19531.608499994036","NA","NA","NA","6034.538399995654","c","13","2","psycho","The baker will knead the dough","1024","2","24000","-16","experiment","18","even","2","152807.7125000127","340817.899200003","338173.3103000006","208551.02320000879","4896.86530000472","152811.94500000856","162164.4234000123","NA","334148.4386000084","338173.2425000082","333935.65740001213","NA","152807.78750000172","NA","NA","330224.21730001224","NA","NA","168769.84350000566","NA","172962.34840000398","NA","177362.55150000216","NA","183026.64840000216","NA","NA","NA","189018.68970000942","NA","NA","NA","340836.93490001315","NA","10943.436500005191","334132.85870000254","330214.237600012","330224.10050001054","338192.6964000013","338149.3126000132","208551.05259999982","334132.5913000037","4907.787400006782","3000","SceneViewing","12","41716.80060001381","12","2560"
"100","100","49_n.wav","3224","3224","#dadada","256","psycho","psycho","psycho","non-restrictive","1","undefined","undefined","1","NA","undefined","NA","undefined","NA","undefined","NA","undefined","NA","NA","undefined","NA","NA","NA","undefined","0","13","13","0","0","0","0","NA","13","13","13","NA","0","NA","NA","13","0","NA","0","NA","0","NA","0","NA","0","NA","NA","NA","0","NA","NA","NA","13","NA","0","13","13","13","13","13","0","13","0","participant_group3.csv","3","NA","NA","NA","Fri Aug  7 17:01:59 2026","NA","The main experiment item","False","VWP_finalSetup_22_7.osexp","C:\Users\plcm\Desktop\2026-EyeTracking\group-eyeconic\OS2\final_recordings_upl","False","mono","False","20","no","#0c0c0c","no","yes","1440","49","50_pos3_nosub.png","50_pos3_sub.png","psycho","13","13","C:\Users\plcm\Desktop\2026-EyeTracking\group-eyeconic\OS2\final_recordings_upl\subject-18.csv","psycho","Neonatal Nightingale","4.1.14","rubberband","scissors","stamp","envelope","0","0","space","space","space","NA","space","NA","NA","space","NA","space","NA","space","NA","space","NA","NA","NA","space","NA","NA","NA","207.9029000014998","9346.396099994308","6601.906099996995","NA","207.9029000014998","NA","NA","4188.561999995727","NA","4395.960800000466","NA","5659.753100000671","NA","5987.646100009442","NA","NA","NA","19531.608499994036","NA","NA","NA","6034.538399995654","c","14","2","psycho","The man will pick up the stamp","1024","2","24000","-16","experiment","18","even","3","152807.7125000127","348047.6686000038","345315.4278000002","208551.02320000879","4896.86530000472","152811.94500000856","162164.4234000123","NA","341291.15490001277","345315.3503000067","341079.0440000128","NA","152807.78750000172","NA","NA","340870.42680000013","NA","NA","168769.84350000566","NA","172962.34840000398","NA","177362.55150000216","NA","183026.64840000216","NA","NA","NA","189018.68970000942","NA","NA","NA","348066.6678000125","NA","10943.436500005191","341276.23040000617","340853.06970000966","340869.93160001293","345335.20560000034","345291.60120000597","208551.05259999982","341275.94550000504","4907.787400006782","3000","SceneViewing","13","41924.70350001531","13","2560"
"100","100","1_n.wav","3114","3114","#dadada","256","psycho","psycho","psycho","non-restrictive","1","undefined","undefined","1","NA","undefined","NA","undefined","NA","undefined","NA","undefined","NA","NA","undefined","NA","NA","NA","undefined","0","14","14","0","0","0","0","NA","14","14","14","NA","0","NA","NA","14","0","NA","0","NA","0","NA","0","NA","0","NA","NA","NA","0","NA","NA","NA","14","NA","0","14","14","14","14","14","0","14","0","participant_group3.csv","3","NA","NA","NA","Fri Aug  7 17:01:59 2026","NA","The main experiment item","False","VWP_finalSetup_22_7.osexp","C:\Users\plcm\Desktop\2026-EyeTracking\group-eyeconic\OS2\final_recordings_upl","False","mono","False","20","no","#0c0c0c","no","yes","1440","1","2_pos3_nosub.png","2_pos3_sub.png","psycho","14","14","C:\Users\plcm\Desktop\2026-EyeTracking\group-eyeconic\OS2\final_recordings_upl\subject-18.csv","psycho","Neonatal Nightingale","4.1.14","chair","lipstick","wine","cheese","0","0","space","space","space","NA","space","NA","NA","space","NA","space","NA","space","NA","space","NA","NA","NA","space","NA","NA","NA","1681.2780000036582","9346.396099994308","6601.906099996995","NA","1681.2780000036582","NA","NA","4188.561999995727","NA","4395.960800000466","NA","5659.753100000671","NA","5987.646100009442","NA","NA","NA","19531.608499994036","NA","NA","NA","6034.538399995654","c","15","2","psycho","The woman will try the wine","1024","2","24000","-16","experiment","18","even","3","152807.7125000127","356627.9436000041","354011.1001000041","208551.02320000879","4896.86530000472","152811.94500000856","162164.4234000123","NA","349987.449799999","354011.04840000335","349766.9601000089","NA","152807.78750000172","NA","NA","348085.1046000025","NA","NA","168769.84350000566","NA","172962.34840000398","NA","177362.55150000216","NA","183026.64840000216","NA","NA","NA","189018.68970000942","NA","NA","NA","356647.09589999984","NA","10943.436500005191","349972.04910000437","348074.683800005","348084.9617000058","354030.8156000101","353987.901600005","208551.05259999982","349970.8348000131","4907.787400006782","3000","SceneViewing","14","43605.98150001897","14","2560"
"100","100","46_r.wav","3095","3095","#dadada","256","psycho","psycho","psycho","restrictive","1","undefined","undefined","1","NA","undefined","NA","undefined","NA","undefined","NA","undefined","NA","NA","undefined","NA","NA","NA","undefined","0","15","15","0","0","0","0","NA","15","15","15","NA","0","NA","NA","15","0","NA","0","NA","0","NA","0","NA","0","NA","NA","NA","0","NA","NA","NA","15","NA","0","15","15","15","15","15","0","15","0","participant_group3.csv","3","NA","NA","NA","Fri Aug  7 17:01:59 2026","NA","The main experiment item","False","VWP_finalSetup_22_7.osexp","C:\Users\plcm\Desktop\2026-EyeTracking\group-eyeconic\OS2\final_recordings_upl","False","mono","False","20","no","#0c0c0c","no","yes","1440","46","47_pos4_nosub.png","47_pos4_sub.png","psycho","15","15","C:\Users\plcm\Desktop\2026-EyeTracking\group-eyeconic\OS2\final_recordings_upl\subject-18.csv","psycho","Neonatal Nightingale","4.1.14","bow","gum","stand","violin","0","0","space","space","space","NA","space","NA","NA","space","NA","space","NA","space","NA","space","NA","NA","NA","space","NA","NA","NA","2821.725500005414","9346.396099994308","6601.906099996995","NA","2821.725500005414","NA","NA","4188.561999995727","NA","4395.960800000466","NA","5659.753100000671","NA","5987.646100009442","NA","NA","NA","19531.608499994036","NA","NA","NA","6034.538399995654","c","16","2","psycho","The musician will tune the violin","1024","2","24000","-16","experiment","18","even","4","152807.7125000127","366907.6630000054","363730.0383000111","208551.02320000879","4896.86530000472","152811.94500000856","162164.4234000123","NA","359705.6486000074","363729.9709000072","359487.14420000033","NA","152807.78750000172","NA","NA","356664.66680000303","NA","NA","168769.84350000566","NA","172962.34840000398","NA","177362.55150000216","NA","183026.64840000216","NA","NA","NA","189018.68970000942","NA","NA","NA","366927.2250000067","NA","10943.436500005191","359690.8981000015","356655.07340000477","356664.5698000066","363749.83970000176","363706.17650001077","208551.05259999982","359690.5669000116","4907.787400006782","3000","SceneViewing","15","46427.707000024384","15","2560"
"100","100","21_n.wav","3082","3082","#dadada","256","psycho","psycho","psycho","non-restrictive","1","undefined","undefined","1","NA","undefined","NA","undefined","NA","undefined","NA","undefined","NA","NA","undefined","NA","NA","NA","undefined","0","16","16","0","0","0","0","NA","16","16","16","NA","0","NA","NA","16","0","NA","0","NA","0","NA","0","NA","0","NA","NA","NA","0","NA","NA","NA","16","NA","0","16","16","16","16","16","0","16","0","participant_group3.csv","3","NA","NA","NA","Fri Aug  7 17:01:59 2026","NA","The main experiment item","False","VWP_finalSetup_22_7.osexp","C:\Users\plcm\Desktop\2026-EyeTracking\group-eyeconic\OS2\final_recordings_upl","False","mono","False","20","no","#0c0c0c","no","yes","1440","21","22_pos3_nosub.png","22_pos3_sub.png","psycho","16","16","C:\Users\plcm\Desktop\2026-EyeTracking\group-eyeconic\OS2\final_recordings_upl\subject-18.csv","psycho","Neonatal Nightingale","4.1.14","vase","cushion","flower","magazine","0","0","space","space","space","NA","space","NA","NA","space","NA","space","NA","space","NA","space","NA","NA","NA","space","NA","NA","NA","2898.093499999959","9346.396099994308","6601.906099996995","NA","2898.093499999959","NA","NA","4188.561999995727","NA","4395.960800000466","NA","5659.753100000671","NA","5987.646100009442","NA","NA","NA","19531.608499994036","NA","NA","NA","6034.538399995654","c","17","2","psycho","The woman will move the flower","1024","2","24000","-16","experiment","18","even","3","152807.7125000127","376787.65040000144","374086.48700000776","208551.02320000879","4896.86530000472","152811.94500000856","162164.4234000123","NA","370062.2333000065","374086.41490001173","369847.05720000784","NA","152807.78750000172","NA","NA","366948.231900009","NA","NA","168769.84350000566","NA","172962.34840000398","NA","177362.55150000216","NA","183026.64840000216","NA","NA","NA","189018.68970000942","NA","NA","NA","376806.6314000025","NA","10943.436500005191","370047.68310001236","366934.5304000017","366948.06040001276","374106.66580000543","374062.7814000036","208551.05259999982","370047.01360000763","4907.787400006782","3000","SceneViewing","16","49325.80050002434","16","2560"
"100","100","10_r.wav","3089","3089","#dadada","256","psycho","psycho","psycho","restrictive","1","undefined","undefined","1","NA","undefined","NA","undefined","NA","undefined","NA","undefined","NA","NA","undefined","NA","NA","NA","undefined","0","17","17","0","0","0","0","NA","17","17","17","NA","0","NA","NA","17","0","NA","0","NA","0","NA","0","NA","0","NA","NA","NA","0","NA","NA","NA","17","NA","0","17","17","17","17","17","0","17","0","participant_group3.csv","3","NA","NA","NA","Fri Aug  7 17:01:59 2026","NA","The main experiment item","False","VWP_finalSetup_22_7.osexp","C:\Users\plcm\Desktop\2026-EyeTracking\group-eyeconic\OS2\final_recordings_upl","False","mono","False","20","no","#0c0c0c","no","yes","1440","10","11_pos4_nosub.png","11_pos4_sub.png","psycho","17","17","C:\Users\plcm\Desktop\2026-EyeTracking\group-eyeconic\OS2\final_recordings_upl\subject-18.csv","psycho","Neonatal Nightingale","4.1.14","mirror","dog","wastebin","washing-machine","0","0","space","space","space","NA","space","NA","NA","space","NA","space","NA","space","NA","space","NA","NA","NA","space","NA","NA","NA","3192.368100004387","9346.396099994308","6601.906099996995","NA","3192.368100004387","NA","NA","4188.561999995727","NA","4395.960800000466","NA","5659.753100000671","NA","5987.646100009442","NA","NA","NA","19531.608499994036","NA","NA","NA","6034.538399995654","c","18","2","psycho","The man will repair the washing machine","1024","2","24000","-16","experiment","18","even","4","152807.7125000127","387767.65290000185","384274.9876000016","208551.02320000879","4896.86530000472","152811.94500000856","162164.4234000123","NA","380251.2809000036","384274.9244000006","380030.97730000445","NA","152807.78750000172","NA","NA","376838.0097000045","NA","NA","168769.84350000566","NA","172962.34840000398","NA","177362.55150000216","NA","183026.64840000216","NA","NA","NA","189018.68970000942","NA","NA","NA","387786.61830000055","NA","10943.436500005191","380232.1809000132","376827.41660000465","376837.8389999998","384294.2794000119","384251.56170000264","208551.05259999982","380231.55090000364","4907.787400006782","3000","SceneViewing","17","52518.16860002873","17","2560"
"100","100","8_r.wav","3043","3043","#dadada","256","psycho","psycho","psycho","restrictive","1","undefined","undefined","1","NA","undefined","NA","undefined","NA","undefined","NA","undefined","NA","NA","undefined","NA","NA","NA","undefined","0","18","18","0","0","0","0","NA","18","18","18","NA","0","NA","NA","18","0","NA","0","NA","0","NA","0","NA","0","NA","NA","NA","0","NA","NA","NA","18","NA","0","18","18","18","18","18","0","18","0","participant_group3.csv","3","NA","NA","NA","Fri Aug  7 17:01:59 2026","NA","The main experiment item","False","VWP_finalSetup_22_7.osexp","C:\Users\plcm\Desktop\2026-EyeTracking\group-eyeconic\OS2\final_recordings_upl","False","mono","False","20","no","#0c0c0c","no","yes","1440","8","9_pos2_nosub.png","9_pos2_sub.png","psycho","18","18","C:\Users\plcm\Desktop\2026-EyeTracking\group-eyeconic\OS2\final_recordings_upl\subject-18.csv","psycho","Neonatal Nightingale","4.1.14","television","piano","table","telephone","0","0","space","space","space","NA","space","NA","NA","space","NA","space","NA","space","NA","space","NA","NA","NA","space","NA","NA","NA","2261.617299998761","9346.396099994308","6601.906099996995","NA","2261.617299998761","NA","NA","4188.561999995727","NA","4395.960800000466","NA","5659.753100000671","NA","5987.646100009442","NA","NA","NA","19531.608499994036","NA","NA","NA","6034.538399995654","c","19","2","psycho","The woman will play the piano","1024","2","24000","-16","experiment","18","even","2","152807.7125000127","397157.55800000625","394315.01240000944","208551.02320000879","4896.86530000472","152811.94500000856","162164.4234000123","NA","390291.0364000127","394314.9577000004","390078.89770000475","NA","152807.78750000172","NA","NA","387816.67200000084","NA","NA","168769.84350000566","NA","172962.34840000398","NA","177362.55150000216","NA","183026.64840000216","NA","NA","NA","189018.68970000942","NA","NA","NA","397176.6001000069","NA","10943.436500005191","390275.33220000623","387806.83390000195","387816.5582000074","394333.9424000005","394291.3303000096","208551.05259999982","390274.9254000082","4907.787400006782","3000","SceneViewing","18","54779.78590002749","18","2560"
"100","100","26_r.wav","2941","2941","#dadada","256","psycho","psycho","psycho","restrictive","1","undefined","undefined","1","NA","undefined","NA","undefined","NA","undefined","NA","undefined","NA","NA","undefined","NA","NA","NA","undefined","0","19","19","0","0","0","0","NA","19","19","19","NA","0","NA","NA","19","0","NA","0","NA","0","NA","0","NA","0","NA","NA","NA","0","NA","NA","NA","19","NA","0","19","19","19","19","19","0","19","0","participant_group3.csv","3","NA","NA","NA","Fri Aug  7 17:01:59 2026","NA","The main experiment item","False","VWP_finalSetup_22_7.osexp","C:\Users\plcm\Desktop\2026-EyeTracking\group-eyeconic\OS2\final_recordings_upl","False","mono","False","20","no","#0c0c0c","no","yes","1440","26","27_pos4_nosub.png","27_pos4_sub.png","psycho","19","19","C:\Users\plcm\Desktop\2026-EyeTracking\group-eyeconic\OS2\final_recordings_upl\subject-18.csv","psycho","Neonatal Nightingale","4.1.14","package","coin","coaster","candle","0","0","space","space","space","NA","space","NA","NA","space","NA","space","NA","space","NA","space","NA","NA","NA","space","NA","NA","NA","1100.618399999803","9346.396099994308","6601.906099996995","NA","1100.618399999803","NA","NA","4188.561999995727","NA","4395.960800000466","NA","5659.753100000671","NA","5987.646100009442","NA","NA","NA","19531.608499994036","NA","NA","NA","6034.538399995654","c","20","2","psycho","The woman will blow out the candle","1024","2","24000","-16","experiment","18","even","4","152807.7125000127","405557.7814999997","402554.6802000026","208551.02320000879","4896.86530000472","152811.94500000856","162164.4234000123","NA","398529.26290000323","402554.6073000005","398310.89070001326","NA","152807.78750000172","NA","NA","397209.66910000425","NA","NA","168769.84350000566","NA","172962.34840000398","NA","177362.55150000216","NA","183026.64840000216","NA","NA","NA","189018.68970000942","NA","NA","NA","405577.0235000091","NA","10943.436500005191","398513.23570001114","397200.21680000355","397209.5037000108","402573.9042000059","402529.4830000057","208551.05259999982","398512.7378000034","4907.787400006782","3000","SceneViewing","19","55880.404300027294","19","2560"
"100","100","27_n.wav","2875","2875","#dadada","256","psycho","psycho","psycho","non-restrictive","1","undefined","undefined","1","NA","undefined","NA","undefined","NA","undefined","NA","undefined","NA","NA","undefined","NA","NA","NA","undefined","0","20","20","0","0","0","0","NA","20","20","20","NA","0","NA","NA","20","0","NA","0","NA","0","NA","0","NA","0","NA","NA","NA","0","NA","NA","NA","20","NA","0","20","20","20","20","20","0","20","0","participant_group3.csv","3","NA","NA","NA","Fri Aug  7 17:01:59 2026","NA","The main experiment item","False","VWP_finalSetup_22_7.osexp","C:\Users\plcm\Desktop\2026-EyeTracking\group-eyeconic\OS2\final_recordings_upl","False","mono","False","20","no","#0c0c0c","no","yes","1440","27","28_pos1_nosub.png","28_pos1_sub.png","psycho","20","20","C:\Users\plcm\Desktop\2026-EyeTracking\group-eyeconic\OS2\final_recordings_upl\subject-18.csv","psycho","Neonatal Nightingale","4.1.14","lamp","switch","frame","picture","0","0","space","space","space","NA","space","NA","NA","space","NA","space","NA","space","NA","space","NA","NA","NA","space","NA","NA","NA","1622.470100002829","9346.396099994308","6601.906099996995","NA","1622.470100002829","NA","NA","4188.561999995727","NA","4395.960800000466","NA","5659.753100000671","NA","5987.646100009442","NA","NA","NA","19531.608499994036","NA","NA","NA","6034.538399995654","c","21","2","psycho","The boy will touch the lamp","1024","2","24000","-16","experiment","18","even","1","152807.7125000127","413907.7110000071","411477.9348000011","208551.02320000879","4896.86530000472","152811.94500000856","162164.4234000123","NA","407454.4872000115","411477.8631000081","407231.14090001036","NA","152807.78750000172","NA","NA","405607.97090000415","NA","NA","168769.84350000566","NA","172962.34840000398","NA","177362.55150000216","NA","183026.64840000216","NA","NA","NA","189018.68970000942","NA","NA","NA","413927.2784000059","NA","10943.436500005191","407435.0243000081","405597.71990000445","405607.8676000034","411497.3738000117","411454.59530000517","208551.05259999982","407433.9431000117","4907.787400006782","3000","SceneViewing","20","57502.87440003012","20","2560"
"100","100","5_n.wav","2812","2812","#dadada","256","psycho","psycho","psycho","non-restrictive","1","undefined","undefined","1","NA","undefined","NA","undefined","NA","undefined","NA","undefined","NA","NA","undefined","NA","NA","NA","undefined","0","21","21","0","0","0","0","NA","21","21","21","NA","0","NA","NA","21","0","NA","0","NA","0","NA","0","NA","0","NA","NA","NA","0","NA","NA","NA","21","NA","0","21","21","21","21","21","0","21","0","participant_group3.csv","3","NA","NA","NA","Fri Aug  7 17:01:59 2026","NA","The main experiment item","False","VWP_finalSetup_22_7.osexp","C:\Users\plcm\Desktop\2026-EyeTracking\group-eyeconic\OS2\final_recordings_upl","False","mono","False","20","no","#0c0c0c","no","yes","1440","5","6_pos3_nosub.png","6_pos3_sub.png","psycho","21","21","C:\Users\plcm\Desktop\2026-EyeTracking\group-eyeconic\OS2\final_recordings_upl\subject-18.csv","psycho","Neonatal Nightingale","4.1.14","cactus","moon","mountain","animal","0","0","space","space","space","NA","space","NA","NA","space","NA","space","NA","space","NA","space","NA","NA","NA","space","NA","NA","NA","1557.543999995687","9346.396099994308","6601.906099996995","NA","1557.543999995687","NA","NA","4188.561999995727","NA","4395.960800000466","NA","5659.753100000671","NA","5987.646100009442","NA","NA","NA","19531.608499994036","NA","NA","NA","6034.538399995654","c","22","2","psycho","The hiker will photograph the mountain","1024","2","24000","-16","experiment","18","even","3","152807.7125000127","423097.57500000705","419751.7028000002","208551.02320000879","4896.86530000472","152811.94500000856","162164.4234000123","NA","415727.9553000117","419751.6500000056","415503.1861000025","NA","152807.78750000172","NA","NA","413944.756900004","NA","NA","168769.84350000566","NA","172962.34840000398","NA","177362.55150000216","NA","183026.64840000216","NA","NA","NA","189018.68970000942","NA","NA","NA","423117.1944000089","NA","10943.436500005191","415711.42040000996","413934.8725000018","413944.62080000085","419771.5981000074","419728.1173000083","208551.05259999982","415710.20690001023","4907.787400006782","3000","SceneViewing","21","59060.41840002581","21","2560"
"100","100","17_n.wav","2779","2779","#dadada","256","psycho","psycho","psycho","non-restrictive","1","undefined","undefined","1","NA","undefined","NA","undefined","NA","undefined","NA","undefined","NA","NA","undefined","NA","NA","NA","undefined","0","22","22","0","0","0","0","NA","22","22","22","NA","0","NA","NA","22","0","NA","0","NA","0","NA","0","NA","0","NA","NA","NA","0","NA","NA","NA","22","NA","0","22","22","22","22","22","0","22","0","participant_group3.csv","3","NA","NA","NA","Fri Aug  7 17:01:59 2026","NA","The main experiment item","False","VWP_finalSetup_22_7.osexp","C:\Users\plcm\Desktop\2026-EyeTracking\group-eyeconic\OS2\final_recordings_upl","False","mono","False","20","no","#0c0c0c","no","yes","1440","17","18_pos3_nosub.png","18_pos3_sub.png","psycho","22","22","C:\Users\plcm\Desktop\2026-EyeTracking\group-eyeconic\OS2\final_recordings_upl\subject-18.csv","psycho","Neonatal Nightingale","4.1.14","stone","rope","wood","bucket","0","0","space","space","space","NA","space","NA","NA","space","NA","space","NA","space","NA","space","NA","NA","NA","space","NA","NA","NA","2079.7295000083977","9346.396099994308","6601.906099996995","NA","2079.7295000083977","NA","NA","4188.561999995727","NA","4395.960800000466","NA","5659.753100000671","NA","5987.646100009442","NA","NA","NA","19531.608499994036","NA","NA","NA","6034.538399995654","c","23","2","psycho","The man will  move the wood","1024","2","24000","-16","experiment","18","even","3","152807.7125000127","431907.4961000006","429463.77620000567","208551.02320000879","4896.86530000472","152811.94500000856","162164.4234000123","NA","425439.028400011","429463.7292000116","425222.94089999923","NA","152807.78750000172","NA","NA","423142.5782000006","NA","NA","168769.84350000566","NA","172962.34840000398","NA","177362.55150000216","NA","183026.64840000216","NA","NA","NA","189018.68970000942","NA","NA","NA","431926.91820001346","NA","10943.436500005191","425419.7630000126","423132.7333000081","423142.40500000597","429482.80320000777","429440.14060001064","208551.05259999982","425419.15990000416","4907.787400006782","3000","SceneViewing","22","61140.14790003421","22","2560"
"100","100","0_r.wav","2766","2766","#dadada","256","psycho","psycho","psycho","restrictive","1","undefined","undefined","1","NA","undefined","NA","undefined","NA","undefined","NA","undefined","NA","NA","undefined","NA","NA","NA","undefined","0","23","23","0","0","0","0","NA","23","23","23","NA","0","NA","NA","23","0","NA","0","NA","0","NA","0","NA","0","NA","NA","NA","0","NA","NA","NA","23","NA","0","23","23","23","23","23","0","23","0","participant_group3.csv","3","NA","NA","NA","Fri Aug  7 17:01:59 2026","NA","The main experiment item","False","VWP_finalSetup_22_7.osexp","C:\Users\plcm\Desktop\2026-EyeTracking\group-eyeconic\OS2\final_recordings_upl","False","mono","False","20","no","#0c0c0c","no","yes","1440","0","1_pos2_nosub.png","1_pos2_sub.png","psycho","23","23","C:\Users\plcm\Desktop\2026-EyeTracking\group-eyeconic\OS2\final_recordings_upl\subject-18.csv","psycho","Neonatal Nightingale","4.1.14","ball","cake","toy-car","toy-train","0","0","space","space","space","NA","space","NA","NA","space","NA","space","NA","space","NA","space","NA","NA","NA","space","NA","NA","NA","2493.6202999961097","9346.396099994308","6601.906099996995","NA","2493.6202999961097","NA","NA","4188.561999995727","NA","4395.960800000466","NA","5659.753100000671","NA","5987.646100009442","NA","NA","NA","19531.608499994036","NA","NA","NA","6034.538399995654","c","24","2","psycho","The boy will eat the cake","1024","2","24000","-16","experiment","18","even","2","152807.7125000127","441017.71500000905","438687.77810000756","208551.02320000879","4896.86530000472","152811.94500000856","162164.4234000123","NA","434663.464000012","438687.72739999986","434455.07710000675","NA","152807.78750000172","NA","NA","431960.6788000092","NA","NA","168769.84350000566","NA","172962.34840000398","NA","177362.55150000216","NA","183026.64840000216","NA","NA","NA","189018.68970000942","NA","NA","NA","441037.0602000039","NA","10943.436500005191","434648.3038000006","431947.22900001216","431960.5448000075","438707.1486000059","438663.9720000094","208551.05259999982","434647.79380000255","4907.787400006782","3000","SceneViewing","23","63633.76820003032","23","2560"
"100","100","42_r.wav","2792","2792","#dadada","256","psycho","psycho","psycho","restrictive","1","undefined","undefined","1","NA","undefined","NA","undefined","NA","undefined","NA","undefined","NA","NA","undefined","NA","NA","NA","undefined","0","24","24","0","0","0","0","NA","24","24","24","NA","0","NA","NA","24","0","NA","0","NA","0","NA","0","NA","0","NA","NA","NA","0","NA","NA","NA","24","NA","0","24","24","24","24","24","0","24","0","participant_group3.csv","3","NA","NA","NA","Fri Aug  7 17:01:59 2026","NA","The main experiment item","False","VWP_finalSetup_22_7.osexp","C:\Users\plcm\Desktop\2026-EyeTracking\group-eyeconic\OS2\final_recordings_upl","False","mono","False","20","no","#0c0c0c","no","yes","1440","42","43_pos4_nosub.png","43_pos4_sub.png","psycho","24","24","C:\Users\plcm\Desktop\2026-EyeTracking\group-eyeconic\OS2\final_recordings_upl\subject-18.csv","psycho","Neonatal Nightingale","4.1.14","apple","chalk","ruler","shirt","0","0","space","space","space","NA","space","NA","NA","space","NA","space","NA","space","NA","space","NA","NA","NA","space","NA","NA","NA","3394.023999993806","9346.396099994308","6601.906099996995","NA","3394.023999993806","NA","NA","4188.561999995727","NA","4395.960800000466","NA","5659.753100000671","NA","5987.646100009442","NA","NA","NA","19531.608499994036","NA","NA","NA","6034.538399995654","c","25","2","psycho","The woman will sew the shirt","1024","2","24000","-16","experiment","18","even","4","152807.7125000127","451237.6962000126","448703.21920000424","208551.02320000879","4896.86530000472","152811.94500000856","162164.4234000123","NA","444679.3370000087","448703.1674000027","444463.2605000079","NA","152807.78750000172","NA","NA","441068.3762000117","NA","NA","168769.84350000566","NA","172962.34840000398","NA","177362.55150000216","NA","183026.64840000216","NA","NA","NA","189018.68970000942","NA","NA","NA","451256.6472000035","NA","10943.436500005191","444662.98770000867","441057.89310000546","441068.24320000305","448722.3457000073","448679.62760000955","208551.05259999982","444662.3113000096","4907.787400006782","3000","SceneViewing","24","67027.79220002412","24","2560"
"100","100","29_n.wav","2783","2783","#dadada","256","psycho","psycho","psycho","non-restrictive","1","undefined","undefined","1","NA","undefined","NA","undefined","NA","undefined","NA","undefined","NA","NA","undefined","NA","NA","NA","undefined","0","25","25","0","0","0","0","NA","25","25","25","NA","0","NA","NA","25","0","NA","0","NA","0","NA","0","NA","0","NA","NA","NA","0","NA","NA","NA","25","NA","0","25","25","25","25","25","0","25","0","participant_group3.csv","3","NA","NA","NA","Fri Aug  7 17:01:59 2026","NA","The main experiment item","False","VWP_finalSetup_22_7.osexp","C:\Users\plcm\Desktop\2026-EyeTracking\group-eyeconic\OS2\final_recordings_upl","False","mono","False","20","no","#0c0c0c","no","yes","1440","29","30_pos3_nosub.png","30_pos3_sub.png","psycho","25","25","C:\Users\plcm\Desktop\2026-EyeTracking\group-eyeconic\OS2\final_recordings_upl\subject-18.csv","psycho","Neonatal Nightingale","4.1.14","eraser","tissue","newspaper","comb","0","0","space","space","space","NA","space","NA","NA","space","NA","space","NA","space","NA","space","NA","NA","NA","space","NA","NA","NA","2566.8945999932475","9346.396099994308","6601.906099996995","NA","2566.8945999932475","NA","NA","4188.561999995727","NA","4395.960800000466","NA","5659.753100000671","NA","5987.646100009442","NA","NA","NA","19531.608499994036","NA","NA","NA","6034.538399995654","c","26","2","psycho","The grandmother will eadturn the newspaper","1024","2","24000","-16","experiment","18","even","3","152807.7125000127","460837.5587000046","458092.2206000105","208551.02320000879","4896.86530000472","152811.94500000856","162164.4234000123","NA","454066.4190000098","458092.17360000184","453847.1835000091","NA","152807.78750000172","NA","NA","451279.4219000061","NA","NA","168769.84350000566","NA","172962.34840000398","NA","177362.55150000216","NA","183026.64840000216","NA","NA","NA","189018.68970000942","NA","NA","NA","460857.2453000088","NA","10943.436500005191","454050.3446000075","451268.4794000088","451279.2863000068","458112.31340000813","458067.08810001146","208551.05259999982","454049.7136000049","4907.787400006782","3000","SceneViewing","25","69594.68680001737","25","2560"
"100","100","40_r.wav","2726","2726","#dadada","256","psycho","psycho","psycho","restrictive","1","undefined","undefined","1","NA","undefined","NA","undefined","NA","undefined","NA","undefined","NA","NA","undefined","NA","NA","NA","undefined","0","26","26","0","0","0","0","NA","26","26","26","NA","0","NA","NA","26","0","NA","0","NA","0","NA","0","NA","0","NA","NA","NA","0","NA","NA","NA","26","NA","0","26","26","26","26","26","0","26","0","participant_group3.csv","3","NA","NA","NA","Fri Aug  7 17:01:59 2026","NA","The main experiment item","False","VWP_finalSetup_22_7.osexp","C:\Users\plcm\Desktop\2026-EyeTracking\group-eyeconic\OS2\final_recordings_upl","False","mono","False","20","no","#0c0c0c","no","yes","1440","40","41_pos2_nosub.png","41_pos2_sub.png","psycho","26","26","C:\Users\plcm\Desktop\2026-EyeTracking\group-eyeconic\OS2\final_recordings_upl\subject-18.csv","psycho","Neonatal Nightingale","4.1.14","iron","blouse","pin","toothbrish","0","0","space","space","space","NA","space","NA","NA","space","NA","space","NA","space","NA","space","NA","NA","NA","space","NA","NA","NA","1286.3401000067824","9346.396099994308","6601.906099996995","NA","1286.3401000067824","NA","NA","4188.561999995727","NA","4395.960800000466","NA","5659.753100000671","NA","5987.646100009442","NA","NA","NA","19531.608499994036","NA","NA","NA","6034.538399995654","c","27","2","psycho","The girl will button the blouse","1024","2","24000","-16","experiment","18","even","2","152807.7125000127","469087.61120001145","466407.33850000834","208551.02320000879","4896.86530000472","152811.94500000856","162164.4234000123","NA","462383.2204000064","466407.2703000129","462175.1312000124","NA","152807.78750000172","NA","NA","460888.0224000022","NA","NA","168769.84350000566","NA","172962.34840000398","NA","177362.55150000216","NA","183026.64840000216","NA","NA","NA","189018.68970000942","NA","NA","NA","469107.0310000068","NA","10943.436500005191","462368.8275000022","460877.52910000563","460887.7768000093","466426.5606000117","466383.89440000174","208551.05259999982","462368.07200001203","4907.787400006782","3000","SceneViewing","26","70881.02690002415","26","2560"
"100","100","18_r.wav","2691","2691","#dadada","256","psycho","psycho","psycho","restrictive","1","undefined","undefined","1","NA","undefined","NA","undefined","NA","undefined","NA","undefined","NA","NA","undefined","NA","NA","NA","undefined","0","27","27","0","0","0","0","NA","27","27","27","NA","0","NA","NA","27","0","NA","0","NA","0","NA","0","NA","0","NA","NA","NA","0","NA","NA","NA","27","NA","0","27","27","27","27","27","0","27","0","participant_group3.csv","3","NA","NA","NA","Fri Aug  7 17:01:59 2026","NA","The main experiment item","False","VWP_finalSetup_22_7.osexp","C:\Users\plcm\Desktop\2026-EyeTracking\group-eyeconic\OS2\final_recordings_upl","False","mono","False","20","no","#0c0c0c","no","yes","1440","18","19_pos4_nosub.png","19_pos4_sub.png","psycho","27","27","C:\Users\plcm\Desktop\2026-EyeTracking\group-eyeconic\OS2\final_recordings_upl\subject-18.csv","psycho","Neonatal Nightingale","4.1.14","stick","feather","leaf","football","0","0","space","space","space","NA","space","NA","NA","space","NA","space","NA","space","NA","space","NA","NA","NA","space","NA","NA","NA","1791.3936000113608","9346.396099994308","6601.906099996995","NA","1791.3936000113608","NA","NA","4188.561999995727","NA","4395.960800000466","NA","5659.753100000671","NA","5987.646100009442","NA","NA","NA","19531.608499994036","NA","NA","NA","6034.538399995654","c","28","2","psycho","The boy will kick the football","1024","2","24000","-16","experiment","18","even","4","152807.7125000127","477777.6073999994","475161.3994000072","208551.02320000879","4896.86530000472","152811.94500000856","162164.4234000123","NA","471136.94840000244","475161.3318000018","470918.9335000119","NA","152807.78750000172","NA","NA","469126.938100002","NA","NA","168769.84350000566","NA","172962.34840000398","NA","177362.55150000216","NA","183026.64840000216","NA","NA","NA","189018.68970000942","NA","NA","NA","477796.5210000111","NA","10943.436500005191","471121.6832000064","469116.434200012","469126.8192000134","475180.5616000056","475137.09040000685","208551.05259999982","471121.1611000035","4907.787400006782","3000","SceneViewing","27","72672.42050003551","27","2560"
"100","100","36_r.wav","2650","2650","#dadada","256","psycho","psycho","psycho","restrictive","1","undefined","undefined","1","NA","undefined","NA","undefined","NA","undefined","NA","undefined","NA","NA","undefined","NA","NA","NA","undefined","0","28","28","0","0","0","0","NA","28","28","28","NA","0","NA","NA","28","0","NA","0","NA","0","NA","0","NA","0","NA","NA","NA","0","NA","NA","NA","28","NA","0","28","28","28","28","28","0","28","0","participant_group3.csv","3","NA","NA","NA","Fri Aug  7 17:01:59 2026","NA","The main experiment item","False","VWP_finalSetup_22_7.osexp","C:\Users\plcm\Desktop\2026-EyeTracking\group-eyeconic\OS2\final_recordings_upl","False","mono","False","20","no","#0c0c0c","no","yes","1440","36","37_pos2_nosub.png","37_pos2_sub.png","psycho","28","28","C:\Users\plcm\Desktop\2026-EyeTracking\group-eyeconic\OS2\final_recordings_upl\subject-18.csv","psycho","Neonatal Nightingale","4.1.14","clips","lego","papers","boxes","0","0","space","space","space","NA","space","NA","NA","space","NA","space","NA","space","NA","space","NA","NA","NA","space","NA","NA","NA","1528.870599999209","9346.396099994308","6601.906099996995","NA","1528.870599999209","NA","NA","4188.561999995727","NA","4395.960800000466","NA","5659.753100000671","NA","5987.646100009442","NA","NA","NA","19531.608499994036","NA","NA","NA","6034.538399995654","c","29","2","psycho","The kid will build the lego","1024","2","24000","-16","experiment","18","even","2","152807.7125000127","486437.6217000099","483599.8806000134","208551.02320000879","4896.86530000472","152811.94500000856","162164.4234000123","NA","479576.3857000129","483599.8297000042","479359.0186000074","NA","152807.78750000172","NA","NA","477829.53480001015","NA","NA","168769.84350000566","NA","172962.34840000398","NA","177362.55150000216","NA","183026.64840000216","NA","NA","NA","189018.68970000942","NA","NA","NA","486456.5578000038","NA","10943.436500005191","479560.6348000001","477817.03130000096","477829.4276000088","483618.8725000102","483576.4978000079","208551.05259999982","479559.90849999944","4907.787400006782","3000","SceneViewing","28","74201.29110003472","28","2560"
"100","100","11_n.wav","2592","2592","#dadada","256","psycho","psycho","psycho","non-restrictive","1","undefined","undefined","1","NA","undefined","NA","undefined","NA","undefined","NA","undefined","NA","NA","undefined","NA","NA","NA","undefined","0","29","29","0","0","0","0","NA","29","29","29","NA","0","NA","NA","29","0","NA","0","NA","0","NA","0","NA","0","NA","NA","NA","0","NA","NA","NA","29","NA","0","29","29","29","29","29","0","29","0","participant_group3.csv","3","NA","NA","NA","Fri Aug  7 17:01:59 2026","NA","The main experiment item","False","VWP_finalSetup_22_7.osexp","C:\Users\plcm\Desktop\2026-EyeTracking\group-eyeconic\OS2\final_recordings_upl","False","mono","False","20","no","#0c0c0c","no","yes","1440","11","12_pos1_nosub.png","12_pos1_sub.png","psycho","29","29","C:\Users\plcm\Desktop\2026-EyeTracking\group-eyeconic\OS2\final_recordings_upl\subject-18.csv","psycho","Neonatal Nightingale","4.1.14","bell","drum","duck","bricks","0","0","space","space","space","NA","space","NA","NA","space","NA","space","NA","space","NA","space","NA","NA","NA","space","NA","NA","NA","971.1627000069711","9346.396099994308","6601.906099996995","NA","971.1627000069711","NA","NA","4188.561999995727","NA","4395.960800000466","NA","5659.753100000671","NA","5987.646100009442","NA","NA","NA","19531.608499994036","NA","NA","NA","6034.538399995654","c","30","2","psycho","The baby will kick the bell","1024","2","24000","-16","experiment","18","even","1","152807.7125000127","494157.81250000873","491691.9115000055","208551.02320000879","4896.86530000472","152811.94500000856","162164.4234000123","NA","487667.7444000088","491691.8580000056","487447.23820000945","NA","152807.78750000172","NA","NA","486475.16010000254","NA","NA","168769.84350000566","NA","172962.34840000398","NA","177362.55150000216","NA","183026.64840000216","NA","NA","NA","189018.68970000942","NA","NA","NA","494177.40310000954","NA","10943.436500005191","487652.6186000119","486464.38260001014","486474.9049000093","491711.0324000096","491668.30499999924","208551.05259999982","487651.87010000227","4907.787400006782","3000","SceneViewing","29","75172.4538000417","29","2560"
"100","100","33_n.wav","2583","2583","#dadada","256","psycho","psycho","psycho","non-restrictive","1","undefined","undefined","1","NA","undefined","NA","undefined","NA","undefined","NA","undefined","NA","NA","undefined","NA","NA","NA","undefined","0","30","30","0","0","0","0","NA","30","30","30","NA","0","NA","NA","30","0","NA","0","NA","0","NA","0","NA","0","NA","NA","NA","0","NA","NA","NA","30","NA","0","30","30","30","30","30","0","30","0","participant_group3.csv","3","NA","NA","NA","Fri Aug  7 17:01:59 2026","NA","The main experiment item","False","VWP_finalSetup_22_7.osexp","C:\Users\plcm\Desktop\2026-EyeTracking\group-eyeconic\OS2\final_recordings_upl","False","mono","False","20","no","#0c0c0c","no","yes","1440","33","34_pos3_nosub.png","34_pos3_sub.png","psycho","30","30","C:\Users\plcm\Desktop\2026-EyeTracking\group-eyeconic\OS2\final_recordings_upl\subject-18.csv","psycho","Neonatal Nightingale","4.1.14","box","gift","suitcase","envelope","0","0","space","space","space","NA","space","NA","NA","space","NA","space","NA","space","NA","space","NA","NA","NA","space","NA","NA","NA","2317.945699993288","9346.396099994308","6601.906099996995","NA","2317.945699993288","NA","NA","4188.561999995727","NA","4395.960800000466","NA","5659.753100000671","NA","5987.646100009442","NA","NA","NA","19531.608499994036","NA","NA","NA","6034.538399995654","c","31","2","psycho","The boy will open the suitcase","1024","2","24000","-16","experiment","18","even","3","152807.7125000127","503677.7884000039","500771.86160000565","208551.02320000879","4896.86530000472","152811.94500000856","162164.4234000123","NA","496747.93710000813","500771.81080001174","496526.9993000111","NA","152807.78750000172","NA","NA","494208.37750000646","NA","NA","168769.84350000566","NA","172962.34840000398","NA","177362.55150000216","NA","183026.64840000216","NA","NA","NA","189018.68970000942","NA","NA","NA","503696.93109999935","NA","10943.436500005191","496732.21410000406","494197.7623999992","494208.26820000366","500791.27630000585","500748.1639000034","208551.05259999982","496731.73870000755","4907.787400006782","3000","SceneViewing","30","77490.39950003498","30","2560"
"100","100","30_r.wav","2533","2533","#dadada","256","psycho","psycho","psycho","restrictive","1","undefined","undefined","1","NA","undefined","NA","undefined","NA","undefined","NA","undefined","NA","NA","undefined","NA","NA","NA","undefined","0","31","31","0","0","0","0","NA","31","31","31","NA","0","NA","NA","31","0","NA","0","NA","0","NA","0","NA","0","NA","NA","NA","0","NA","NA","NA","31","NA","0","31","31","31","31","31","0","31","0","participant_group3.csv","3","NA","NA","NA","Fri Aug  7 17:01:59 2026","NA","The main experiment item","False","VWP_finalSetup_22_7.osexp","C:\Users\plcm\Desktop\2026-EyeTracking\group-eyeconic\OS2\final_recordings_upl","False","mono","False","20","no","#0c0c0c","no","yes","1440","30","31_pos4_nosub.png","31_pos4_sub.png","psycho","31","31","C:\Users\plcm\Desktop\2026-EyeTracking\group-eyeconic\OS2\final_recordings_upl\subject-18.csv","psycho","Neonatal Nightingale","4.1.14","cap","watch","headphones","dice","0","0","space","space","space","NA","space","NA","NA","space","NA","space","NA","space","NA","space","NA","NA","NA","space","NA","NA","NA","1044.361199994455","9346.396099994308","6601.906099996995","NA","1044.361199994455","NA","NA","4188.561999995727","NA","4395.960800000466","NA","5659.753100000671","NA","5987.646100009442","NA","NA","NA","19531.608499994036","NA","NA","NA","6034.538399995654","c","32","2","psycho","The girl will roll the dice","1024","2","24000","-16","experiment","18","even","4","152807.7125000127","511627.8352000081","509025.1810000045","208551.02320000879","4896.86530000472","152811.94500000856","162164.4234000123","NA","504998.3815000014","509025.06970000104","504783.02280000935","NA","152807.78750000172","NA","NA","503737.9518000089","NA","NA","168769.84350000566","NA","172962.34840000398","NA","177362.55150000216","NA","183026.64840000216","NA","NA","NA","189018.68970000942","NA","NA","NA","511646.914500001","NA","10943.436500005191","504979.96950001107","503724.79290000047","503737.82420001226","509044.415700002","508998.9854000014","208551.05259999982","504979.5688000013","4907.787400006782","3000","SceneViewing","31","78534.76070002944","31","2560"
"100","100","47_n.wav","2556","2556","#dadada","256","psycho","psycho","psycho","non-restrictive","1","undefined","undefined","1","NA","undefined","NA","undefined","NA","undefined","NA","undefined","NA","NA","undefined","NA","NA","NA","undefined","0","32","32","0","0","0","0","NA","32","32","32","NA","0","NA","NA","32","0","NA","0","NA","0","NA","0","NA","0","NA","NA","NA","0","NA","NA","NA","32","NA","0","32","32","32","32","32","0","32","0","participant_group3.csv","3","NA","NA","NA","Fri Aug  7 17:01:59 2026","NA","The main experiment item","False","VWP_finalSetup_22_7.osexp","C:\Users\plcm\Desktop\2026-EyeTracking\group-eyeconic\OS2\final_recordings_upl","False","mono","False","20","no","#0c0c0c","no","yes","1440","47","48_pos1_nosub.png","48_pos1_sub.png","psycho","32","32","C:\Users\plcm\Desktop\2026-EyeTracking\group-eyeconic\OS2\final_recordings_upl\subject-18.csv","psycho","Neonatal Nightingale","4.1.14","carpet","dustpan","roller","footstool","0","0","space","space","space","NA","space","NA","NA","space","NA","space","NA","space","NA","space","NA","NA","NA","space","NA","NA","NA","3265.7957000046736","9346.396099994308","6601.906099996995","NA","3265.7957000046736","NA","NA","4188.561999995727","NA","4395.960800000466","NA","5659.753100000671","NA","5987.646100009442","NA","NA","NA","19531.608499994036","NA","NA","NA","6034.538399995654","c","33","2","psycho","The girl will move the carpet","1024","2","24000","-16","experiment","18","even","1","152807.7125000127","521977.7099000057","519190.4118000093","208551.02320000879","4896.86530000472","152811.94500000856","162164.4234000123","NA","515166.6610000102","519190.34320001083","514951.1313000112","NA","152807.78750000172","NA","NA","511684.5634000056","NA","NA","168769.84350000566","NA","172962.34840000398","NA","177362.55150000216","NA","183026.64840000216","NA","NA","NA","189018.68970000942","NA","NA","NA","521996.57250000746","NA","10943.436500005191","515150.92130000994","511674.54170000565","511684.390800001","519209.9167000124","519167.1946000133","208551.05259999982","515150.31060000183","4907.787400006782","3000","SceneViewing","32","81800.55640003411","32","2560"
"100","100","37_n.wav","2555","2555","#dadada","256","psycho","psycho","psycho","non-restrictive","1","undefined","undefined","1","NA","undefined","NA","undefined","NA","undefined","NA","undefined","NA","NA","undefined","NA","NA","NA","undefined","0","33","33","0","0","0","0","NA","33","33","33","NA","0","NA","NA","33","0","NA","0","NA","0","NA","0","NA","0","NA","NA","NA","0","NA","NA","NA","33","NA","0","33","33","33","33","33","0","33","0","participant_group3.csv","3","NA","NA","NA","Fri Aug  7 17:01:59 2026","NA","The main experiment item","False","VWP_finalSetup_22_7.osexp","C:\Users\plcm\Desktop\2026-EyeTracking\group-eyeconic\OS2\final_recordings_upl","False","mono","False","20","no","#0c0c0c","no","yes","1440","37","38_pos3_nosub.png","38_pos3_sub.png","psycho","33","33","C:\Users\plcm\Desktop\2026-EyeTracking\group-eyeconic\OS2\final_recordings_upl\subject-18.csv","psycho","Neonatal Nightingale","4.1.14","marker","key","banana","mitten","0","0","space","space","space","NA","space","NA","NA","space","NA","space","NA","space","NA","space","NA","NA","NA","space","NA","NA","NA","2537.3428000020795","9346.396099994308","6601.906099996995","NA","2537.3428000020795","NA","NA","4188.561999995727","NA","4395.960800000466","NA","5659.753100000671","NA","5987.646100009442","NA","NA","NA","19531.608499994036","NA","NA","NA","6034.538399995654","c","34","2","psycho","The boy will move the banana","1024","2","24000","-16","experiment","18","even","3","152807.7125000127","531518.0496000103","528793.7377000053","208551.02320000879","4896.86530000472","152811.94500000856","162164.4234000123","NA","524769.8913000058","528793.6375999998","524551.1743000097","NA","152807.78750000172","NA","NA","522012.9958000034","NA","NA","168769.84350000566","NA","172962.34840000398","NA","177362.55150000216","NA","183026.64840000216","NA","NA","NA","189018.68970000942","NA","NA","NA","531537.2514000046","NA","10943.436500005191","524752.7014000079","522003.4190000006","522012.89270000416","528812.8050000087","528770.0662999996","208551.05259999982","524752.0244000043","4907.787400006782","3000","SceneViewing","33","84337.89920003619","33","2560"
"100","100","3_n.wav","2527","2527","#dadada","256","psycho","psycho","psycho","non-restrictive","1","undefined","undefined","1","NA","undefined","NA","undefined","NA","undefined","NA","undefined","NA","NA","undefined","NA","NA","NA","undefined","0","34","34","0","0","0","0","NA","34","34","34","NA","0","NA","NA","34","0","NA","0","NA","0","NA","0","NA","0","NA","NA","NA","0","NA","NA","NA","34","NA","0","34","34","34","34","34","0","34","0","participant_group3.csv","3","NA","NA","NA","Fri Aug  7 17:01:59 2026","NA","The main experiment item","False","VWP_finalSetup_22_7.osexp","C:\Users\plcm\Desktop\2026-EyeTracking\group-eyeconic\OS2\final_recordings_upl","False","mono","False","20","no","#0c0c0c","no","yes","1440","3","4_pos1_nosub.png","4_pos1_sub.png","psycho","34","34","C:\Users\plcm\Desktop\2026-EyeTracking\group-eyeconic\OS2\final_recordings_upl\subject-18.csv","psycho","Neonatal Nightingale","4.1.14","baby","plant","stool","rocking-horse","0","0","space","space","space","NA","space","NA","NA","space","NA","space","NA","space","NA","space","NA","NA","NA","space","NA","NA","NA","1589.5492999989074","9346.396099994308","6601.906099996995","NA","1589.5492999989074","NA","NA","4188.561999995727","NA","4395.960800000466","NA","5659.753100000671","NA","5987.646100009442","NA","NA","NA","19531.608499994036","NA","NA","NA","6034.538399995654","c","35","2","psycho","The woman will touch the baby","1024","2","24000","-16","experiment","18","even","1","152807.7125000127","540127.6170000056","537386.556100013","208551.02320000879","4896.86530000472","152811.94500000856","162164.4234000123","NA","533359.9711000134","537386.4213000052","533151.5352000133","NA","152807.78750000172","NA","NA","531560.933300003","NA","NA","168769.84350000566","NA","172962.34840000398","NA","177362.55150000216","NA","183026.64840000216","NA","NA","NA","189018.68970000942","NA","NA","NA","540147.5165000011","NA","10943.436500005191","533345.3482000041","531550.7077000075","531560.817000005","537406.000700008","537360.3521000041","208551.05259999982","533344.7643000109","4907.787400006782","3000","SceneViewing","34","85927.4485000351","34","2560"
"100","100","6_r.wav","2505","2505","#dadada","256","psycho","psycho","psycho","restrictive","1","undefined","undefined","1","NA","undefined","NA","undefined","NA","undefined","NA","undefined","NA","NA","undefined","NA","NA","NA","undefined","0","35","35","0","0","0","0","NA","35","35","35","NA","0","NA","NA","35","0","NA","0","NA","0","NA","0","NA","0","NA","NA","NA","0","NA","NA","NA","35","NA","0","35","35","35","35","35","0","35","0","participant_group3.csv","3","NA","NA","NA","Fri Aug  7 17:01:59 2026","NA","The main experiment item","False","VWP_finalSetup_22_7.osexp","C:\Users\plcm\Desktop\2026-EyeTracking\group-eyeconic\OS2\final_recordings_upl","False","mono","False","20","no","#0c0c0c","no","yes","1440","6","7_pos4_nosub.png","7_pos4_sub.png","psycho","35","35","C:\Users\plcm\Desktop\2026-EyeTracking\group-eyeconic\OS2\final_recordings_upl\subject-18.csv","psycho","Neonatal Nightingale","4.1.14","knife","weighing-scales","jug","mushrooms","0","0","space","space","space","NA","space","NA","NA","space","NA","space","NA","space","NA","space","NA","NA","NA","space","NA","NA","NA","1747.8601000038907","9346.396099994308","6601.906099996995","NA","1747.8601000038907","NA","NA","4188.561999995727","NA","4395.960800000466","NA","5659.753100000671","NA","5987.646100009442","NA","NA","NA","19531.608499994036","NA","NA","NA","6034.538399995654","c","36","2","psycho","The housewife will fry the mushrooms","1024","2","24000","-16","experiment","18","even","4","152807.7125000127","549537.6825999992","546154.801200013","208551.02320000879","4896.86530000472","152811.94500000856","162164.4234000123","NA","542130.2548000094","546154.750200003","541927.1937000012","NA","152807.78750000172","NA","NA","540178.442000004","NA","NA","168769.84350000566","NA","172962.34840000398","NA","177362.55150000216","NA","183026.64840000216","NA","NA","NA","189018.68970000942","NA","NA","NA","549557.1586000005","NA","10943.436500005191","542114.9658000068","540167.4103000114","540178.295900012","546174.3673000019","546130.8965000062","208551.05259999982","542114.3628999998","4907.787400006782","3000","SceneViewing","35","87675.30860003899","35","2560"
"100","100","38_r.wav","2466","2466","#dadada","256","psycho","psycho","psycho","restrictive","1","undefined","undefined","1","NA","undefined","NA","undefined","NA","undefined","NA","undefined","NA","NA","undefined","NA","NA","NA","undefined","0","36","36","0","0","0","0","NA","36","36","36","NA","0","NA","NA","36","0","NA","0","NA","0","NA","0","NA","0","NA","NA","NA","0","NA","NA","NA","36","NA","0","36","36","36","36","36","0","36","0","participant_group3.csv","3","NA","NA","NA","Fri Aug  7 17:01:59 2026","NA","The main experiment item","False","VWP_finalSetup_22_7.osexp","C:\Users\plcm\Desktop\2026-EyeTracking\group-eyeconic\OS2\final_recordings_upl","False","mono","False","20","no","#0c0c0c","no","yes","1440","38","39_pos4_nosub.png","39_pos4_sub.png","psycho","36","36","C:\Users\plcm\Desktop\2026-EyeTracking\group-eyeconic\OS2\final_recordings_upl\subject-18.csv","psycho","Neonatal Nightingale","4.1.14","mop","broom","cloth","apron","0","0","space","space","space","NA","space","NA","NA","space","NA","space","NA","space","NA","space","NA","NA","NA","space","NA","NA","NA","1111.9687000027625","9346.396099994308","6601.906099996995","NA","1111.9687000027625","NA","NA","4188.561999995727","NA","4395.960800000466","NA","5659.753100000671","NA","5987.646100009442","NA","NA","NA","19531.608499994036","NA","NA","NA","6034.538399995654","c","37","2","psycho","The woman will tie the apron","1024","2","24000","-16","experiment","18","even","4","152807.7125000127","557647.5821000058","554938.1269000005","208551.02320000879","4896.86530000472","152811.94500000856","162164.4234000123","NA","550914.0222000133","554938.0741000059","550687.105200006","NA","152807.78750000172","NA","NA","549574.3665000045","NA","NA","168769.84350000566","NA","172962.34840000398","NA","177362.55150000216","NA","183026.64840000216","NA","NA","NA","189018.68970000942","NA","NA","NA","557666.5211000072","NA","10943.436500005191","550898.7541000097","549564.7515000019","549574.265400006","554957.5934000022","554914.6936000034","208551.05259999982","550898.188600011","4907.787400006782","3000","SceneViewing","36","88787.27730004175","36","2560"
"100","100","43_n.wav","2475","2475","#dadada","256","psycho","psycho","psycho","non-restrictive","1","undefined","undefined","1","NA","undefined","NA","undefined","NA","undefined","NA","undefined","NA","NA","undefined","NA","NA","NA","undefined","0","37","37","0","0","0","0","NA","37","37","37","NA","0","NA","NA","37","0","NA","0","NA","0","NA","0","NA","0","NA","NA","NA","0","NA","NA","NA","37","NA","0","37","37","37","37","37","0","37","0","participant_group3.csv","3","NA","NA","NA","Fri Aug  7 17:01:59 2026","NA","The main experiment item","False","VWP_finalSetup_22_7.osexp","C:\Users\plcm\Desktop\2026-EyeTracking\group-eyeconic\OS2\final_recordings_upl","False","mono","False","20","no","#0c0c0c","no","yes","1440","43","44_pos1_nosub.png","44_pos1_sub.png","psycho","37","37","C:\Users\plcm\Desktop\2026-EyeTracking\group-eyeconic\OS2\final_recordings_upl\subject-18.csv","psycho","Neonatal Nightingale","4.1.14","safe","pan","bolt","handle","0","0","space","space","space","NA","space","NA","NA","space","NA","space","NA","space","NA","space","NA","NA","NA","space","NA","NA","NA","2790.728299994953","9346.396099994308","6601.906099996995","NA","2790.728299994953","NA","NA","4188.561999995727","NA","4395.960800000466","NA","5659.753100000671","NA","5987.646100009442","NA","NA","NA","19531.608499994036","NA","NA","NA","6034.538399995654","c","38","2","psycho","The man will wipe the safe","1024","2","24000","-16","experiment","18","even","1","152807.7125000127","567157.7700000053","564714.318000013","208551.02320000879","4896.86530000472","152811.94500000856","162164.4234000123","NA","560688.5698000115","564714.2470000108","560479.0372000134","NA","152807.78750000172","NA","NA","557687.6063000091","NA","NA","168769.84350000566","NA","172962.34840000398","NA","177362.55150000216","NA","183026.64840000216","NA","NA","NA","189018.68970000942","NA","NA","NA","567176.7270000128","NA","10943.436500005191","560673.3673000126","557678.0689000007","557687.4204000051","564733.3304000058","564688.9220000012","208551.05259999982","560672.7877000085","4907.787400006782","3000","SceneViewing","37","91578.0056000367","37","2560"
"100","100","9_n.wav","2456","2456","#dadada","256","psycho","psycho","psycho","non-restrictive","1","undefined","undefined","1","NA","undefined","NA","undefined","NA","undefined","NA","undefined","NA","NA","undefined","NA","NA","NA","undefined","0","38","38","0","0","0","0","NA","38","38","38","NA","0","NA","NA","38","0","NA","0","NA","0","NA","0","NA","0","NA","NA","NA","0","NA","NA","NA","38","NA","0","38","38","38","38","38","0","38","0","participant_group3.csv","3","NA","NA","NA","Fri Aug  7 17:01:59 2026","NA","The main experiment item","False","VWP_finalSetup_22_7.osexp","C:\Users\plcm\Desktop\2026-EyeTracking\group-eyeconic\OS2\final_recordings_upl","False","mono","False","20","no","#0c0c0c","no","yes","1440","9","10_pos3_nosub.png","10_pos3_sub.png","psycho","38","38","C:\Users\plcm\Desktop\2026-EyeTracking\group-eyeconic\OS2\final_recordings_upl\subject-18.csv","psycho","Neonatal Nightingale","4.1.14","cup","bag","book","door","0","0","space","space","space","NA","space","NA","NA","space","NA","space","NA","space","NA","space","NA","NA","NA","space","NA","NA","NA","1750.3155999875162","9346.396099994308","6601.906099996995","NA","1750.3155999875162","NA","NA","4188.561999995727","NA","4395.960800000466","NA","5659.753100000671","NA","5987.646100009442","NA","NA","NA","19531.608499994036","NA","NA","NA","6034.538399995654","c","39","2","psycho","The woman will open the book","1024","2","24000","-16","experiment","18","even","3","152807.7125000127","575037.794200005","573196.340200011","208551.02320000879","4896.86530000472","152811.94500000856","162164.4234000123","NA","569170.5193000089","573196.2516000058","568959.1277","NA","152807.78750000172","NA","NA","567208.0189000117","NA","NA","168769.84350000566","NA","172962.34840000398","NA","177362.55150000216","NA","183026.64840000216","NA","NA","NA","189018.68970000942","NA","NA","NA","575057.5509000046","NA","10943.436500005191","569154.7646000108","567197.3402000003","567207.8862000053","573215.6227000087","573171.1865000107","208551.05259999982","569154.2505000107","4907.787400006782","3000","SceneViewing","38","93328.32120002422","38","2560"
"100","100","34_r.wav","2443","2443","#dadada","256","psycho","psycho","psycho","restrictive","1","undefined","undefined","1","NA","undefined","NA","undefined","NA","undefined","NA","undefined","NA","NA","undefined","NA","NA","NA","undefined","0","39","39","0","0","0","0","NA","39","39","39","NA","0","NA","NA","39","0","NA","0","NA","0","NA","0","NA","0","NA","NA","NA","0","NA","NA","NA","39","NA","0","39","39","39","39","39","0","39","0","participant_group3.csv","3","NA","NA","NA","Fri Aug  7 17:01:59 2026","NA","The main experiment item","False","VWP_finalSetup_22_7.osexp","C:\Users\plcm\Desktop\2026-EyeTracking\group-eyeconic\OS2\final_recordings_upl","False","mono","False","20","no","#0c0c0c","no","yes","1440","34","35_pos4_nosub.png","35_pos4_sub.png","psycho","39","39","C:\Users\plcm\Desktop\2026-EyeTracking\group-eyeconic\OS2\final_recordings_upl\subject-18.csv","psycho","Neonatal Nightingale","4.1.14","puzzle","notebook","pillow","radio","0","0","space","space","space","NA","space","NA","NA","space","NA","space","NA","space","NA","space","NA","NA","NA","space","NA","NA","NA","1971.2519999884535","9346.396099994308","6601.906099996995","NA","1971.2519999884535","NA","NA","4188.561999995727","NA","4395.960800000466","NA","5659.753100000671","NA","5987.646100009442","NA","NA","NA","19531.608499994036","NA","NA","NA","6034.538399995654","c","40","2","psycho","The boy will switch on the radio","1024","2","24000","-16","experiment","18","even","4","152807.7125000127","584358.0076000071","581293.7578000128","208551.02320000879","4896.86530000472","152811.94500000856","162164.4234000123","NA","577269.3156000023","581293.7046000006","577047.1031000052","NA","152807.78750000172","NA","NA","575075.1435000129","NA","NA","168769.84350000566","NA","172962.34840000398","NA","177362.55150000216","NA","183026.64840000216","NA","NA","NA","189018.68970000942","NA","NA","NA","584377.0251000096","NA","10943.436500005191","577254.1850000125","575065.0574000028","575075.0172000116","581312.7909000032","581269.8984000017","208551.05259999982","577253.8252000086","4907.787400006782","3000","SceneViewing","39","95299.57320001267","39","2560"
"100","100","2_r.wav","2410","2410","#dadada","256","psycho","psycho","psycho","restrictive","1","undefined","undefined","1","NA","undefined","NA","undefined","NA","undefined","NA","undefined","NA","NA","undefined","NA","NA","NA","undefined","0","40","40","0","0","0","0","NA","40","40","40","NA","0","NA","NA","40","0","NA","0","NA","0","NA","0","NA","0","NA","NA","NA","0","NA","NA","NA","40","NA","0","40","40","40","40","40","0","40","0","participant_group3.csv","3","NA","NA","NA","Fri Aug  7 17:01:59 2026","NA","The main experiment item","False","VWP_finalSetup_22_7.osexp","C:\Users\plcm\Desktop\2026-EyeTracking\group-eyeconic\OS2\final_recordings_upl","False","mono","False","20","no","#0c0c0c","no","yes","1440","2","3_pos4_nosub.png","3_pos4_sub.png","psycho","40","40","C:\Users\plcm\Desktop\2026-EyeTracking\group-eyeconic\OS2\final_recordings_upl\subject-18.csv","psycho","Neonatal Nightingale","4.1.14","car","houses","dustbin","man","0","0","space","space","space","NA","space","NA","NA","space","NA","space","NA","space","NA","space","NA","NA","NA","space","NA","NA","NA","1110.1639999978943","9346.396099994308","6601.906099996995","NA","1110.1639999978943","NA","NA","4188.561999995727","NA","4395.960800000466","NA","5659.753100000671","NA","5987.646100009442","NA","NA","NA","19531.608499994036","NA","NA","NA","6034.538399995654","c","41","2","psycho","The policeman will arrest the man","1024","2","24000","-16","experiment","18","even","4","152807.7125000127","592827.6236000092","589750.1442000066","208551.02320000879","4896.86530000472","152811.94500000856","162164.4234000123","NA","585726.6642000031","589750.0897999998","585511.0483000026","NA","152807.78750000172","NA","NA","584400.1559000026","NA","NA","168769.84350000566","NA","172962.34840000398","NA","177362.55150000216","NA","183026.64840000216","NA","NA","NA","189018.68970000942","NA","NA","NA","592846.7942000134","NA","10943.436500005191","585711.2285000039","584389.7677000059","584400.0339000049","589769.368600013","589726.9860000088","208551.05259999982","585710.7951000071","4907.787400006782","3000","SceneViewing","40","96409.73720001057","40","2560"
"100","100","13_n.wav","2415","2415","#dadada","256","psycho","psycho","psycho","non-restrictive","1","undefined","undefined","1","NA","undefined","NA","undefined","NA","undefined","NA","undefined","NA","NA","undefined","NA","NA","NA","undefined","0","41","41","0","0","0","0","NA","41","41","41","NA","0","NA","NA","41","0","NA","0","NA","0","NA","0","NA","0","NA","NA","NA","0","NA","NA","NA","41","NA","0","41","41","41","41","41","0","41","0","participant_group3.csv","3","NA","NA","NA","Fri Aug  7 17:01:59 2026","NA","The main experiment item","False","VWP_finalSetup_22_7.osexp","C:\Users\plcm\Desktop\2026-EyeTracking\group-eyeconic\OS2\final_recordings_upl","False","mono","False","20","no","#0c0c0c","no","yes","1440","13","14_pos3_nosub.png","14_pos3_sub.png","psycho","41","41","C:\Users\plcm\Desktop\2026-EyeTracking\group-eyeconic\OS2\final_recordings_upl\subject-18.csv","psycho","Neonatal Nightingale","4.1.14","briefcase","glasses","cigarettes","filofax","0","0","space","space","space","NA","space","NA","NA","space","NA","space","NA","space","NA","space","NA","NA","NA","space","NA","NA","NA","2613.829699999769","9346.396099994308","6601.906099996995","NA","2613.829699999769","NA","NA","4188.561999995727","NA","4395.960800000466","NA","5659.753100000671","NA","5987.646100009442","NA","NA","NA","19531.608499994036","NA","NA","NA","6034.538399995654","c","42","2","psycho","The man will  collect the cigarettes","1024","2","24000","-16","experiment","18","even","3","152807.7125000127","602747.7486000134","599724.4254000107","208551.02320000879","4896.86530000472","152811.94500000856","162164.4234000123","NA","595701.2940999994","599724.3780999997","595479.082100006","NA","152807.78750000172","NA","NA","592864.4867000112","NA","NA","168769.84350000566","NA","172962.34840000398","NA","177362.55150000216","NA","183026.64840000216","NA","NA","NA","189018.68970000942","NA","NA","NA","602767.544900009","NA","10943.436500005191","595685.9631000116","592854.3984999997","592864.3499000027","599743.5152000107","599701.5255000006","208551.05259999982","595685.5516000069","4907.787400006782","3000","SceneViewing","41","99023.56690001034","41","2560"
"100","100","7_n.wav","2411","2411","#dadada","256","psycho","psycho","psycho","non-restrictive","1","undefined","undefined","1","NA","undefined","NA","undefined","NA","undefined","NA","undefined","NA","NA","undefined","NA","NA","NA","undefined","0","42","42","0","0","0","0","NA","42","42","42","NA","0","NA","NA","42","0","NA","0","NA","0","NA","0","NA","0","NA","NA","NA","0","NA","NA","NA","42","NA","0","42","42","42","42","42","0","42","0","participant_group3.csv","3","NA","NA","NA","Fri Aug  7 17:01:59 2026","NA","The main experiment item","False","VWP_finalSetup_22_7.osexp","C:\Users\plcm\Desktop\2026-EyeTracking\group-eyeconic\OS2\final_recordings_upl","False","mono","False","20","no","#0c0c0c","no","yes","1440","7","8_pos1_nosub.png","8_pos1_sub.png","psycho","42","42","C:\Users\plcm\Desktop\2026-EyeTracking\group-eyeconic\OS2\final_recordings_upl\subject-18.csv","psycho","Neonatal Nightingale","4.1.14","child","tv-monitor","toy-bear","microscope","0","0","space","space","space","NA","space","NA","NA","space","NA","space","NA","space","NA","space","NA","NA","NA","space","NA","NA","NA","2275.626000002376","9346.396099994308","6601.906099996995","NA","2275.626000002376","NA","NA","4188.561999995727","NA","4395.960800000466","NA","5659.753100000671","NA","5987.646100009442","NA","NA","NA","19531.608499994036","NA","NA","NA","6034.538399995654","c","43","2","psycho","The doctor will check the child","1024","2","24000","-16","experiment","18","even","1","152807.7125000127","612217.5925000047","609305.6589000043","208551.02320000879","4896.86530000472","152811.94500000856","162164.4234000123","NA","605281.8793000042","609305.6007000123","605071.0699000047","NA","152807.78750000172","NA","NA","602794.7410000052","NA","NA","168769.84350000566","NA","172962.34840000398","NA","177362.55150000216","NA","183026.64840000216","NA","NA","NA","189018.68970000942","NA","NA","NA","612236.7022000108","NA","10943.436500005191","605266.1438000068","602784.9540000025","602794.6404000104","609324.9783000065","609282.1417000087","208551.05259999982","605265.717000002","4907.787400006782","3000","SceneViewing","42","101299.19290001271","42","2560"
"100","100","16_r.wav","2396","2396","#dadada","256","psycho","psycho","psycho","restrictive","1","undefined","undefined","1","NA","undefined","NA","undefined","NA","undefined","NA","undefined","NA","NA","undefined","NA","NA","NA","undefined","0","43","43","0","0","0","0","NA","43","43","43","NA","0","NA","NA","43","0","NA","0","NA","0","NA","0","NA","0","NA","NA","NA","0","NA","NA","NA","43","NA","0","43","43","43","43","43","0","43","0","participant_group3.csv","3","NA","NA","NA","Fri Aug  7 17:01:59 2026","NA","The main experiment item","False","VWP_finalSetup_22_7.osexp","C:\Users\plcm\Desktop\2026-EyeTracking\group-eyeconic\OS2\final_recordings_upl","False","mono","False","20","no","#0c0c0c","no","yes","1440","16","17_pos2_nosub.png","17_pos2_sub.png","psycho","43","43","C:\Users\plcm\Desktop\2026-EyeTracking\group-eyeconic\OS2\final_recordings_upl\subject-18.csv","psycho","Neonatal Nightingale","4.1.14","ribbon","dress","lantern","backpack","0","0","space","space","space","NA","space","NA","NA","space","NA","space","NA","space","NA","space","NA","NA","NA","space","NA","NA","NA","1762.6506999949925","9346.396099994308","6601.906099996995","NA","1762.6506999949925","NA","NA","4188.561999995727","NA","4395.960800000466","NA","5659.753100000671","NA","5987.646100009442","NA","NA","NA","19531.608499994036","NA","NA","NA","6034.538399995654","c","44","2","psycho","The woman will wear the dress","1024","2","24000","-16","experiment","18","even","2","152807.7125000127","620877.6339000033","618258.4571000043","208551.02320000879","4896.86530000472","152811.94500000856","162164.4234000123","NA","614234.3106000044","618258.4101000102","614023.1404000078","NA","152807.78750000172","NA","NA","612259.6879000048","NA","NA","168769.84350000566","NA","172962.34840000398","NA","177362.55150000216","NA","183026.64840000216","NA","NA","NA","189018.68970000942","NA","NA","NA","620896.7323000106","NA","10943.436500005191","614218.9516000071","612246.6467000049","612259.5815000095","618278.3548000007","618234.8782000045","208551.05259999982","614218.5458000022","4907.787400006782","3000","SceneViewing","43","103061.8436000077","43","2560"
"100","100","48_r.wav","2371","2371","#dadada","256","psycho","psycho","psycho","restrictive","1","undefined","undefined","1","NA","undefined","NA","undefined","NA","undefined","NA","undefined","NA","NA","undefined","NA","NA","NA","undefined","0","44","44","0","0","0","0","NA","44","44","44","NA","0","NA","NA","44","0","NA","0","NA","0","NA","0","NA","0","NA","NA","NA","0","NA","NA","NA","44","NA","0","44","44","44","44","44","0","44","0","participant_group3.csv","3","NA","NA","NA","Fri Aug  7 17:01:59 2026","NA","The main experiment item","False","VWP_finalSetup_22_7.osexp","C:\Users\plcm\Desktop\2026-EyeTracking\group-eyeconic\OS2\final_recordings_upl","False","mono","False","20","no","#0c0c0c","no","yes","1440","48","49_pos2_nosub.png","49_pos2_sub.png","psycho","44","44","C:\Users\plcm\Desktop\2026-EyeTracking\group-eyeconic\OS2\final_recordings_upl\subject-18.csv","psycho","Neonatal Nightingale","4.1.14","pouch","balloon","pump","flag","0","0","space","space","space","NA","space","NA","NA","space","NA","space","NA","space","NA","space","NA","NA","NA","space","NA","NA","NA","1269.2343999951845","9346.396099994308","6601.906099996995","NA","1269.2343999951845","NA","NA","4188.561999995727","NA","4395.960800000466","NA","5659.753100000671","NA","5987.646100009442","NA","NA","NA","19531.608499994036","NA","NA","NA","6034.538399995654","c","45","2","psycho","The child will inflate the balloon","1024","2","24000","-16","experiment","18","even","2","152807.7125000127","629518.3194000128","626435.1252000051","208551.02320000879","4896.86530000472","152811.94500000856","162164.4234000123","NA","622411.4390000032","626435.0723000098","622199.1149000096","NA","152807.78750000172","NA","NA","620929.0464000078","NA","NA","168769.84350000566","NA","172962.34840000398","NA","177362.55150000216","NA","183026.64840000216","NA","NA","NA","189018.68970000942","NA","NA","NA","629537.3483000003","NA","10943.436500005191","622396.4616000012","620917.8417000076","620928.9564000064","626454.6954000107","626411.6609000048","208551.05259999982","622395.9912999999","4907.787400006782","3000","SceneViewing","44","104331.07800000289","44","2560"
"100","100","23_n.wav","2324","2324","#dadada","256","psycho","psycho","psycho","non-restrictive","1","undefined","undefined","1","NA","undefined","NA","undefined","NA","undefined","NA","undefined","NA","NA","undefined","NA","NA","NA","undefined","0","45","45","0","0","0","0","NA","45","45","45","NA","0","NA","NA","45","0","NA","0","NA","0","NA","0","NA","0","NA","NA","NA","0","NA","NA","NA","45","NA","0","45","45","45","45","45","0","45","0","participant_group3.csv","3","NA","NA","NA","Fri Aug  7 17:01:59 2026","NA","The main experiment item","False","VWP_finalSetup_22_7.osexp","C:\Users\plcm\Desktop\2026-EyeTracking\group-eyeconic\OS2\final_recordings_upl","False","mono","False","20","no","#0c0c0c","no","yes","1440","23","24_pos1_nosub.png","24_pos1_sub.png","psycho","45","45","C:\Users\plcm\Desktop\2026-EyeTracking\group-eyeconic\OS2\final_recordings_upl\subject-18.csv","psycho","Neonatal Nightingale","4.1.14","scarf","pencil","needle","card","0","0","space","space","space","NA","space","NA","NA","space","NA","space","NA","space","NA","space","NA","NA","NA","space","NA","NA","NA","272.8835999878356","9346.396099994308","6601.906099996995","NA","272.8835999878356","NA","NA","4188.561999995727","NA","4395.960800000466","NA","5659.753100000671","NA","5987.646100009442","NA","NA","NA","19531.608499994036","NA","NA","NA","6034.538399995654","c","46","2","psycho","The girl will hold the scarf","1024","2","24000","-16","experiment","18","even","1","152807.7125000127","636727.9177000019","634063.1171000132","208551.02320000879","4896.86530000472","152811.94500000856","162164.4234000123","NA","630038.7664000009","634063.0732999998","629831.2755000079","NA","152807.78750000172","NA","NA","629557.4583000125","NA","NA","168769.84350000566","NA","172962.34840000398","NA","177362.55150000216","NA","183026.64840000216","NA","NA","NA","189018.68970000942","NA","NA","NA","636747.0033999998","NA","10943.436500005191","630024.1901000118","629547.5864000036","629557.3097000015","634081.9671000063","634039.0432999993","208551.05259999982","630023.3891000098","4907.787400006782","3000","SceneViewing","45","104603.96159999073","45","2560"
"100","100","24_r.wav","2292","2292","#dadada","256","psycho","psycho","psycho","restrictive","1","undefined","undefined","1","NA","undefined","NA","undefined","NA","undefined","NA","undefined","NA","NA","undefined","NA","NA","NA","undefined","0","46","46","0","0","0","0","NA","46","46","46","NA","0","NA","NA","46","0","NA","0","NA","0","NA","0","NA","0","NA","NA","NA","0","NA","NA","NA","46","NA","0","46","46","46","46","46","0","46","0","participant_group3.csv","3","NA","NA","NA","Fri Aug  7 17:01:59 2026","NA","The main experiment item","False","VWP_finalSetup_22_7.osexp","C:\Users\plcm\Desktop\2026-EyeTracking\group-eyeconic\OS2\final_recordings_upl","False","mono","False","20","no","#0c0c0c","no","yes","1440","24","25_pos2_nosub.png","25_pos2_sub.png","psycho","46","46","C:\Users\plcm\Desktop\2026-EyeTracking\group-eyeconic\OS2\final_recordings_upl\subject-18.csv","psycho","Neonatal Nightingale","4.1.14","glass","rabbit","plate","potato","0","0","space","space","space","NA","space","NA","NA","space","NA","space","NA","space","NA","space","NA","NA","NA","space","NA","NA","NA","860.5804999970132","9346.396099994308","6601.906099996995","NA","860.5804999970132","NA","NA","4188.561999995727","NA","4395.960800000466","NA","5659.753100000671","NA","5987.646100009442","NA","NA","NA","19531.608499994036","NA","NA","NA","6034.538399995654","c","47","2","psycho","The girl will groom the rabbit","1024","2","24000","-16","experiment","18","even","2","152807.7125000127","644597.6954000071","641867.2216000123","208551.02320000879","4896.86530000472","152811.94500000856","162164.4234000123","NA","637843.5333000089","641867.1693000069","637639.0866000002","NA","152807.78750000172","NA","NA","636777.7593000064","NA","NA","168769.84350000566","NA","172962.34840000398","NA","177362.55150000216","NA","183026.64840000216","NA","NA","NA","189018.68970000942","NA","NA","NA","644617.0618000033","NA","10943.436500005191","637828.4358000092","636767.2548000119","636777.5128000067","641886.3736000058","641843.9830999996","208551.05259999982","637827.9436000012","4907.787400006782","3000","SceneViewing","46","105464.54209998774","46","2560"
"100","100","35_n.wav","2266","2266","#dadada","256","psycho","psycho","psycho","non-restrictive","1","undefined","undefined","1","NA","undefined","NA","undefined","NA","undefined","NA","undefined","NA","NA","undefined","NA","NA","NA","undefined","0","47","47","0","0","0","0","NA","47","47","47","NA","0","NA","NA","47","0","NA","0","NA","0","NA","0","NA","0","NA","NA","NA","0","NA","NA","NA","47","NA","0","47","47","47","47","47","0","47","0","participant_group3.csv","3","NA","NA","NA","Fri Aug  7 17:01:59 2026","NA","The main experiment item","False","VWP_finalSetup_22_7.osexp","C:\Users\plcm\Desktop\2026-EyeTracking\group-eyeconic\OS2\final_recordings_upl","False","mono","False","20","no","#0c0c0c","no","yes","1440","35","36_pos1_nosub.png","36_pos1_sub.png","psycho","47","47","C:\Users\plcm\Desktop\2026-EyeTracking\group-eyeconic\OS2\final_recordings_upl\subject-18.csv","psycho","Neonatal Nightingale","4.1.14","mascara","brush","mirror","pot","0","0","space","space","space","NA","space","NA","NA","space","NA","space","NA","space","NA","space","NA","NA","NA","space","NA","NA","NA","1083.6808000021847","9346.396099994308","6601.906099996995","NA","1083.6808000021847","NA","NA","4188.561999995727","NA","4395.960800000466","NA","5659.753100000671","NA","5987.646100009442","NA","NA","NA","19531.608499994036","NA","NA","NA","6034.538399995654","c","48","2","psycho","The girl will squeeze the mascara","1024","2","24000","-16","experiment","18","even","1","152807.7125000127","653087.6141000044","649949.5403000037","208551.02320000879","4896.86530000472","152811.94500000856","162164.4234000123","NA","645926.0828000115","649949.4951000088","645719.0259000054","NA","152807.78750000172","NA","NA","644634.615700008","NA","NA","168769.84350000566","NA","172962.34840000398","NA","177362.55150000216","NA","183026.64840000216","NA","NA","NA","189018.68970000942","NA","NA","NA","653107.0663999999","NA","10943.436500005191","645909.7629000025","644624.4746000011","644634.5111000119","649968.8239000097","649926.3977000082","208551.05259999982","645909.3596000021","4907.787400006782","3000","SceneViewing","47","106548.22289998992","47","2560"
"100","100","31_n.wav","2243","2243","#dadada","256","psycho","psycho","psycho","non-restrictive","1","undefined","undefined","1","NA","undefined","NA","undefined","NA","undefined","NA","undefined","NA","NA","undefined","NA","NA","NA","undefined","0","48","48","0","0","0","0","NA","48","48","48","NA","0","NA","NA","48","0","NA","0","NA","0","NA","0","NA","0","NA","NA","NA","0","NA","NA","NA","48","NA","0","48","48","48","48","48","0","48","0","participant_group3.csv","3","NA","NA","NA","Fri Aug  7 17:01:59 2026","NA","The main experiment item","False","VWP_finalSetup_22_7.osexp","C:\Users\plcm\Desktop\2026-EyeTracking\group-eyeconic\OS2\final_recordings_upl","False","mono","False","20","no","#0c0c0c","no","yes","1440","31","32_pos1_nosub.png","32_pos1_sub.png","psycho","48","48","C:\Users\plcm\Desktop\2026-EyeTracking\group-eyeconic\OS2\final_recordings_upl\subject-18.csv","psycho","Neonatal Nightingale","4.1.14","bottle","lemon","sponge","seed","0","0","space","space","space","NA","space","NA","NA","space","NA","space","NA","space","NA","space","NA","NA","NA","space","NA","NA","NA","1151.3294000033056","9346.396099994308","6601.906099996995","NA","1151.3294000033056","NA","NA","4188.561999995727","NA","4395.960800000466","NA","5659.753100000671","NA","5987.646100009442","NA","NA","NA","19531.608499994036","NA","NA","NA","6034.538399995654","c","49","2","psycho","The woman will examine the bottle","1024","2","24000","-16","experiment","18","even","1","152807.7125000127","661517.5936000014","658514.0748000122","208551.02320000879","4896.86530000472","152811.94500000856","162164.4234000123","NA","654490.0564000127","658514.0193000116","654279.1993999999","NA","152807.78750000172","NA","NA","653126.9714000082","NA","NA","168769.84350000566","NA","172962.34840000398","NA","177362.55150000216","NA","183026.64840000216","NA","NA","NA","189018.68970000942","NA","NA","NA","661536.8510000117","NA","10943.436500005191","654474.1062000103","653116.7380000115","653126.8564000056","658533.4250000014","658490.4332000006","208551.05259999982","654473.6368000013","4907.787400006782","3000","SceneViewing","48","107699.55229999323","48","2560"
"100","100","20_r.wav","2285","2285","#dadada","256","psycho","psycho","psycho","restrictive","1","undefined","undefined","1","NA","undefined","NA","undefined","NA","undefined","NA","undefined","NA","NA","undefined","NA","NA","NA","undefined","0","49","49","0","0","0","0","NA","49","49","49","NA","0","NA","NA","49","0","NA","0","NA","0","NA","0","NA","0","NA","NA","NA","0","NA","NA","NA","49","NA","0","49","49","49","49","49","0","49","0","participant_group3.csv","3","NA","NA","NA","Fri Aug  7 17:01:59 2026","NA","The main experiment item","False","VWP_finalSetup_22_7.osexp","C:\Users\plcm\Desktop\2026-EyeTracking\group-eyeconic\OS2\final_recordings_upl","False","mono","False","20","no","#0c0c0c","no","yes","1440","20","21_pos2_nosub.png","21_pos2_sub.png","psycho","49","49","C:\Users\plcm\Desktop\2026-EyeTracking\group-eyeconic\OS2\final_recordings_upl\subject-18.csv","psycho","Neonatal Nightingale","4.1.14","cup","kitten","block","crayon","0","0","space","space","space","NA","space","NA","NA","space","NA","space","NA","space","NA","space","NA","NA","NA","space","NA","NA","NA","4300.834499998018","9346.396099994308","6601.906099996995","NA","4300.834499998018","NA","NA","4188.561999995727","NA","4395.960800000466","NA","5659.753100000671","NA","5987.646100009442","NA","NA","NA","19531.608499994036","NA","NA","NA","6034.538399995654","c","50","2","psycho","The baby will hug the kitten","1024","2","24000","-16","experiment","18","even","2","152807.7125000127","672907.7195999998","670118.0013000121","208551.02320000879","4896.86530000472","152811.94500000856","162164.4234000123","NA","666093.5721000133","670117.9246000102","665863.0501000007","NA","152807.78750000172","NA","NA","661561.459900011","NA","NA","168769.84350000566","NA","172962.34840000398","NA","177362.55150000216","NA","183026.64840000216","NA","NA","NA","189018.68970000942","NA","NA","NA","672926.926900007","NA","10943.436500005191","666075.7788000046","661546.0044000065","661558.4636999993","670137.6397999993","670094.0579000016","208551.05259999982","666075.3103000025","4907.787400006782","3000","SceneViewing","49","112000.38679999125","49","2560"
