"acc","accuracy","audio_file","average_response_time","avg_rt","background","block_size","canvas_backend","clock_backend","color_backend","condition","correct","correct_experiment_intro","correct_experiment_intro2","correct_new_1_keyboard_response","correct_new_2_keyboard_response","correct_new_2_sketchpad","correct_new_3_keyboard_response","correct_new_3_sketchpad","correct_new_4_keyboard_response","correct_new_4_sketchpad","correct_new_5_keyboard_response","correct_new_5_sketchpad","correct_new_6_keyboard_response","correct_new_7_keyboard_response","correct_new_7_sketchpad","correct_new_8_keyboard_response","correct_new_keyboard_response","correct_new_mouse_response","correct_welcome","count_audio_file_offset","count_audio_file_onset_log","count_definitions","count_experiment","count_experiment_intro","count_experiment_intro2","count_image_delay","count_image_nosub","count_image_sub","count_increment_roundCounter","count_instruction","count_instructions","count_log_instruction","count_new_1_inline_script","count_new_1_keyboard_response","count_new_1_sketchpad","count_new_2_keyboard_response","count_new_2_sketchpad","count_new_3_keyboard_response","count_new_3_sketchpad","count_new_4_keyboard_response","count_new_4_sketchpad","count_new_5_keyboard_response","count_new_5_sketchpad","count_new_6_keyboard_response","count_new_6_sketchpad","count_new_7_keyboard_response","count_new_7_sketchpad","count_new_8_keyboard_response","count_new_inline_script","count_new_keyboard_response","count_new_logger","count_new_mouse_response","count_new_pygaze_init","count_new_pygaze_start_recording","count_new_pygaze_stop_recording","count_new_sketchpad","count_sentence_audio","count_subject_onset_log","count_trial_loop","count_trial_sequence","count_welcome","csv_filepath","csv_id","cursor_roi","cursor_x","cursor_y","datetime","delay_image_delay","description","disable_garbage_collection","experiment_file","experiment_path","font_bold","font_family","font_italic","font_size","font_underline","foreground","form_clicks","fullscreen","height","id","image_nosub","image_sub","keyboard_backend","live_row","live_row_trial_loop","logfile","mouse_backend","opensesame_codename","opensesame_version","position1","position2","position3","position4","psychopy_screen","repeat_cycle","response","response_experiment_intro","response_experiment_intro2","response_instruction","response_new_1_keyboard_response","response_new_1_sketchpad","response_new_2_keyboard_response","response_new_2_sketchpad","response_new_3_keyboard_response","response_new_3_sketchpad","response_new_4_keyboard_response","response_new_4_sketchpad","response_new_5_keyboard_response","response_new_5_sketchpad","response_new_6_keyboard_response","response_new_6_sketchpad","response_new_7_keyboard_response","response_new_7_sketchpad","response_new_8_keyboard_response","response_new_keyboard_response","response_new_mouse_response","response_time","response_time_experiment_intro","response_time_experiment_intro2","response_time_instruction","response_time_new_1_keyboard_response","response_time_new_1_sketchpad","response_time_new_2_keyboard_response","response_time_new_2_sketchpad","response_time_new_3_keyboard_response","response_time_new_3_sketchpad","response_time_new_4_keyboard_response","response_time_new_4_sketchpad","response_time_new_5_keyboard_response","response_time_new_5_sketchpad","response_time_new_6_keyboard_response","response_time_new_6_sketchpad","response_time_new_7_keyboard_response","response_time_new_7_sketchpad","response_time_new_8_keyboard_response","response_time_new_keyboard_response","response_time_new_mouse_response","response_time_welcome","response_welcome","round","round_decimals","sampler_backend","sentence","sound_buf_size","sound_channels","sound_freq","sound_sample_size","start","subject_nr","subject_parity","target_position","time_audio_file_offset","time_audio_file_onset_log","time_definitions","time_experiment","time_experiment_intro","time_experiment_intro2","time_image_delay","time_image_nosub","time_image_sub","time_increment_roundCounter","time_instruction","time_instructions","time_log_instruction","time_new_1_inline_script","time_new_1_keyboard_response","time_new_1_sketchpad","time_new_2_keyboard_response","time_new_2_sketchpad","time_new_3_keyboard_response","time_new_3_sketchpad","time_new_4_keyboard_response","time_new_4_sketchpad","time_new_5_keyboard_response","time_new_5_sketchpad","time_new_6_keyboard_response","time_new_6_sketchpad","time_new_7_keyboard_response","time_new_7_sketchpad","time_new_8_keyboard_response","time_new_inline_script","time_new_keyboard_response","time_new_logger","time_new_mouse_response","time_new_pygaze_init","time_new_pygaze_start_recording","time_new_pygaze_stop_recording","time_new_sketchpad","time_sentence_audio","time_subject_onset_log","time_trial_loop","time_trial_sequence","time_welcome","timeout","title","total_correct","total_response_time","total_responses","width"
"undefined","undefined","4_r.wav","undefined","undefined","#dadada","256","psycho","psycho","psycho","restrictive","undefined","undefined","undefined","NA","NA","undefined","NA","undefined","NA","undefined","NA","undefined","NA","NA","undefined","NA","NA","NA","undefined","0","0","0","0","0","0","NA","0","0","0","NA","0","NA","NA","0","0","NA","0","NA","0","NA","0","NA","0","NA","NA","NA","0","NA","NA","NA","0","NA","0","0","0","0","0","0","0","0","0","participant_group3.csv","3","NA","NA","NA","Sun Jul 12 16:57:24 2026","NA","The main experiment item","False","VWP_finalSetup_12_07.osexp","C:\Users\plcm\Downloads","False","mono","False","20","no","#0c0c0c","no","yes","1440","4","5_pos2_nosub.png","5_pos2_sub.png","psycho","0","0","C:/Users/plcm/Desktop/2026-EyeTracking/group-eyeconic/OS2/final_recordings\subject-2.csv","psycho","Neonatal Nightingale","4.1.14","shuttle-cock","ball","paper-plane","acorns","0","0","space","space","space","NA","NA","NA","NA","space","NA","space","NA","space","NA","space","NA","NA","NA","space","NA","NA","NA","1299.8658999567851","1338.223799946718","5584.560300048906","NA","NA","NA","NA","2954.3456999817863","NA","2675.7213000091724","NA","3588.133299956098","NA","2627.9615000239573","NA","NA","NA","1299.8658999567851","NA","NA","NA","29283.503099984955","lalt","1","2","psycho","The boy will bounce the ball","1024","2","24000","-16","experiment","2","even","2","206865.84769998444","204292.23530000309","199663.42310002074","5344.026200007647","179564.62240003748","180910.1538999821","NA","200260.55820001056","204292.17179998523","NA","NA","179559.97220001882","NA","NA","NA","NA","NA","186500.40560000343","NA","189459.09790002042","NA","192138.6639000266","NA","195730.8567999862","NA","NA","NA","198362.83400002867","NA","NA","NA","206893.1349000195","NA","34640.52910002647","199938.12230002368","NA","NA","204316.1596999853","204261.22789998772","199663.45600003842","199937.62430001516","5355.378500011284","3000","SceneViewing","0","0","0","2560"
"100","100","19_n.wav","2420","2420","#dadada","256","psycho","psycho","psycho","non-restrictive","1","undefined","undefined","1","NA","undefined","NA","undefined","NA","undefined","NA","undefined","NA","NA","undefined","NA","NA","NA","undefined","1","1","0","0","0","0","NA","1","1","1","NA","0","NA","NA","1","0","NA","0","NA","0","NA","0","NA","0","NA","NA","NA","0","NA","NA","NA","1","NA","0","1","1","1","1","1","0","1","0","participant_group3.csv","3","NA","NA","NA","Sun Jul 12 16:57:24 2026","NA","The main experiment item","False","VWP_finalSetup_12_07.osexp","C:\Users\plcm\Downloads","False","mono","False","20","no","#0c0c0c","no","yes","1440","19","20_pos1_nosub.png","20_pos1_sub.png","psycho","1","1","C:/Users/plcm/Desktop/2026-EyeTracking/group-eyeconic/OS2/final_recordings\subject-2.csv","psycho","Neonatal Nightingale","4.1.14","bread","spoon","spatula","bowl","0","0","space","space","space","NA","space","NA","NA","space","NA","space","NA","space","NA","space","NA","NA","NA","space","NA","NA","NA","2420.754600025248","1338.223799946718","5584.560300048906","NA","2420.754600025248","NA","NA","2954.3456999817863","NA","2675.7213000091724","NA","3588.133299956098","NA","2627.9615000239573","NA","NA","NA","1299.8658999567851","NA","NA","NA","29283.503099984955","lalt","2","2","psycho","The chef will clean the bread","1024","2","24000","-16","experiment","2","even","1","216185.8439000207","213637.22319999943","199663.42310002074","5344.026200007647","179564.62240003748","180910.1538999821","NA","209612.95929999324","213637.13049999205","209375.27359998785","NA","179559.97220001882","NA","NA","206953.94219999434","NA","NA","186500.40560000343","NA","189459.09790002042","NA","192138.6639000266","NA","195730.8567999862","NA","NA","NA","198362.83400002867","NA","NA","NA","216205.95560001675","NA","34640.52910002647","209596.77519998513","206933.307600033","206953.8383000181","213656.6285000299","213613.11129998649","199663.45600003842","209596.0364000057","5355.378500011284","3000","SceneViewing","1","2420.754600025248","1","2560"
"100","100","35_n.wav","2050","2050","#dadada","256","psycho","psycho","psycho","non-restrictive","1","undefined","undefined","1","NA","undefined","NA","undefined","NA","undefined","NA","undefined","NA","NA","undefined","NA","NA","NA","undefined","2","2","0","0","0","0","NA","2","2","2","NA","0","NA","NA","2","0","NA","0","NA","0","NA","0","NA","0","NA","NA","NA","0","NA","NA","NA","2","NA","0","2","2","2","2","2","0","2","0","participant_group3.csv","3","NA","NA","NA","Sun Jul 12 16:57:24 2026","NA","The main experiment item","False","VWP_finalSetup_12_07.osexp","C:\Users\plcm\Downloads","False","mono","False","20","no","#0c0c0c","no","yes","1440","35","36_pos1_nosub.png","36_pos1_sub.png","psycho","2","2","C:/Users/plcm/Desktop/2026-EyeTracking/group-eyeconic/OS2/final_recordings\subject-2.csv","psycho","Neonatal Nightingale","4.1.14","mascara","brush","mirror","pot","0","0","space","space","space","NA","space","NA","NA","space","NA","space","NA","space","NA","space","NA","NA","NA","space","NA","NA","NA","1680.9107000008225","1338.223799946718","5584.560300048906","NA","1680.9107000008225","NA","NA","2954.3456999817863","NA","2675.7213000091724","NA","3588.133299956098","NA","2627.9615000239573","NA","NA","NA","1299.8658999567851","NA","NA","NA","29283.503099984955","lalt","3","2","psycho","The girl will squeeze the mascara","1024","2","24000","-16","experiment","2","even","1","225315.60580001678","222175.50710000796","199663.42310002074","5344.026200007647","179564.62240003748","180910.1538999821","NA","218151.87480003806","222175.4545000149","217903.4990000073","NA","179559.97220001882","NA","NA","216221.8820999842","NA","NA","186500.40560000343","NA","189459.09790002042","NA","192138.6639000266","NA","195730.8567999862","NA","NA","NA","198362.83400002867","NA","NA","NA","225335.19399998477","NA","34640.52910002647","218137.4877000344","216212.53840002464","216221.78299998632","222194.49070002884","222152.1712000249","199663.45600003842","218136.95449999068","5355.378500011284","3000","SceneViewing","2","4101.66530002607","2","2560"
"100","100","34_r.wav","1936","1936","#dadada","256","psycho","psycho","psycho","restrictive","1","undefined","undefined","1","NA","undefined","NA","undefined","NA","undefined","NA","undefined","NA","NA","undefined","NA","NA","NA","undefined","3","3","0","0","0","0","NA","3","3","3","NA","0","NA","NA","3","0","NA","0","NA","0","NA","0","NA","0","NA","NA","NA","0","NA","NA","NA","3","NA","0","3","3","3","3","3","0","3","0","participant_group3.csv","3","NA","NA","NA","Sun Jul 12 16:57:24 2026","NA","The main experiment item","False","VWP_finalSetup_12_07.osexp","C:\Users\plcm\Downloads","False","mono","False","20","no","#0c0c0c","no","yes","1440","34","35_pos4_nosub.png","35_pos4_sub.png","psycho","3","3","C:/Users/plcm/Desktop/2026-EyeTracking/group-eyeconic/OS2/final_recordings\subject-2.csv","psycho","Neonatal Nightingale","4.1.14","puzzle","notebook","pillow","radio","0","0","space","space","space","NA","space","NA","NA","space","NA","space","NA","space","NA","space","NA","NA","NA","space","NA","NA","NA","1706.663999997545","1338.223799946718","5584.560300048906","NA","1706.663999997545","NA","NA","2954.3456999817863","NA","2675.7213000091724","NA","3588.133299956098","NA","2627.9615000239573","NA","NA","NA","1299.8658999567851","NA","NA","NA","29283.503099984955","lalt","4","2","psycho","The boy will switch on the radio","1024","2","24000","-16","experiment","2","even","4","234426.21519998647","231358.20369998692","199663.42310002074","5344.026200007647","179564.62240003748","180910.1538999821","NA","227333.86760001304","231358.1380000105","227071.2835000013","NA","179559.97220001882","NA","NA","225364.07489998965","NA","NA","186500.40560000343","NA","189459.09790002042","NA","192138.6639000266","NA","195730.8567999862","NA","NA","NA","198362.83400002867","NA","NA","NA","234445.32679999247","NA","34640.52910002647","227319.1339999903","225354.63060002076","225363.96809999133","231377.45640001958","231335.0664000027","199663.45600003842","227318.473500025","5355.378500011284","3000","SceneViewing","3","5808.329300023615","3","2560"
"100","100","47_n.wav","1810","1810","#dadada","256","psycho","psycho","psycho","non-restrictive","1","undefined","undefined","1","NA","undefined","NA","undefined","NA","undefined","NA","undefined","NA","NA","undefined","NA","NA","NA","undefined","4","4","0","0","0","0","NA","4","4","4","NA","0","NA","NA","4","0","NA","0","NA","0","NA","0","NA","0","NA","NA","NA","0","NA","NA","NA","4","NA","0","4","4","4","4","4","0","4","0","participant_group3.csv","3","NA","NA","NA","Sun Jul 12 16:57:24 2026","NA","The main experiment item","False","VWP_finalSetup_12_07.osexp","C:\Users\plcm\Downloads","False","mono","False","20","no","#0c0c0c","no","yes","1440","47","48_pos1_nosub.png","48_pos1_sub.png","psycho","4","4","C:/Users/plcm/Desktop/2026-EyeTracking/group-eyeconic/OS2/final_recordings\subject-2.csv","psycho","Neonatal Nightingale","4.1.14","carpet","dustpan","roller","footstool","0","0","space","space","space","NA","space","NA","NA","space","NA","space","NA","space","NA","space","NA","NA","NA","space","NA","NA","NA","1434.4522000174038","1338.223799946718","5584.560300048906","NA","1434.4522000174038","NA","NA","2954.3456999817863","NA","2675.7213000091724","NA","3588.133299956098","NA","2627.9615000239573","NA","NA","NA","1299.8658999567851","NA","NA","NA","29283.503099984955","lalt","5","2","psycho","The girl will move the carpet","1024","2","24000","-16","experiment","2","even","1","242935.62609999208","240156.57099999953","199663.42310002074","5344.026200007647","179564.62240003748","180910.1538999821","NA","236131.76980003482","240156.48479998345","235911.42930003116","NA","179559.97220001882","NA","NA","234476.34870000184","NA","NA","186500.40560000343","NA","189459.09790002042","NA","192138.6639000266","NA","195730.8567999862","NA","NA","NA","198362.83400002867","NA","NA","NA","242955.10560000548","NA","34640.52910002647","236115.78009999357","234466.93589998176","234476.25300002983","240176.11100000795","240131.9432000164","199663.45600003842","236115.2061999892","5355.378500011284","3000","SceneViewing","4","7242.781500041019","4","2560"
"100","100","31_n.wav","1784","1784","#dadada","256","psycho","psycho","psycho","non-restrictive","1","undefined","undefined","1","NA","undefined","NA","undefined","NA","undefined","NA","undefined","NA","NA","undefined","NA","NA","NA","undefined","5","5","0","0","0","0","NA","5","5","5","NA","0","NA","NA","5","0","NA","0","NA","0","NA","0","NA","0","NA","NA","NA","0","NA","NA","NA","5","NA","0","5","5","5","5","5","0","5","0","participant_group3.csv","3","NA","NA","NA","Sun Jul 12 16:57:24 2026","NA","The main experiment item","False","VWP_finalSetup_12_07.osexp","C:\Users\plcm\Downloads","False","mono","False","20","no","#0c0c0c","no","yes","1440","31","32_pos1_nosub.png","32_pos1_sub.png","psycho","5","5","C:/Users/plcm/Desktop/2026-EyeTracking/group-eyeconic/OS2/final_recordings\subject-2.csv","psycho","Neonatal Nightingale","4.1.14","bottle","lemon","sponge","seed","0","0","space","space","space","NA","space","NA","NA","space","NA","space","NA","space","NA","space","NA","NA","NA","space","NA","NA","NA","1678.9961999747902","1338.223799946718","5584.560300048906","NA","1678.9961999747902","NA","NA","2954.3456999817863","NA","2675.7213000091724","NA","3588.133299956098","NA","2627.9615000239573","NA","NA","NA","1299.8658999567851","NA","NA","NA","29283.503099984955","lalt","6","2","psycho","The woman will examine the bottle","1024","2","24000","-16","experiment","2","even","1","251915.61989998445","248916.43300000578","199663.42310002074","5344.026200007647","179564.62240003748","180910.1538999821","NA","244893.2736000279","248916.3802000112","244663.5456000222","NA","179559.97220001882","NA","NA","242983.69890003232","NA","NA","186500.40560000343","NA","189459.09790002042","NA","192138.6639000266","NA","195730.8567999862","NA","NA","NA","198362.83400002867","NA","NA","NA","251935.24950003484","NA","34640.52910002647","244877.55770003423","242973.52679999312","242983.5445000208","248935.8747000224","248893.39330000803","199663.45600003842","244876.86509999912","5355.378500011284","3000","SceneViewing","5","8921.77770001581","5","2560"
"100","100","12_r.wav","1750","1750","#dadada","256","psycho","psycho","psycho","restrictive","1","undefined","undefined","1","NA","undefined","NA","undefined","NA","undefined","NA","undefined","NA","NA","undefined","NA","NA","NA","undefined","6","6","0","0","0","0","NA","6","6","6","NA","0","NA","NA","6","0","NA","0","NA","0","NA","0","NA","0","NA","NA","NA","0","NA","NA","NA","6","NA","0","6","6","6","6","6","0","6","0","participant_group3.csv","3","NA","NA","NA","Sun Jul 12 16:57:24 2026","NA","The main experiment item","False","VWP_finalSetup_12_07.osexp","C:\Users\plcm\Downloads","False","mono","False","20","no","#0c0c0c","no","yes","1440","12","13_pos2_nosub.png","13_pos2_sub.png","psycho","6","6","C:/Users/plcm/Desktop/2026-EyeTracking/group-eyeconic/OS2/final_recordings\subject-2.csv","psycho","Neonatal Nightingale","4.1.14","car","boat","birds","sun","0","0","space","space","space","NA","space","NA","NA","space","NA","space","NA","space","NA","space","NA","NA","NA","space","NA","NA","NA","1583.079900010489","1338.223799946718","5584.560300048906","NA","1583.079900010489","NA","NA","2954.3456999817863","NA","2675.7213000091724","NA","3588.133299956098","NA","2627.9615000239573","NA","NA","NA","1299.8658999567851","NA","NA","NA","29283.503099984955","lalt","7","2","psycho","The man will sail the boat","1024","2","24000","-16","experiment","2","even","2","260256.08690001536","257767.23190001212","199663.42310002074","5344.026200007647","179564.62240003748","180910.1538999821","NA","253743.4021999943","257767.17690000078","253535.69819999393","NA","179559.97220001882","NA","NA","251951.8618999864","NA","NA","186500.40560000343","NA","189459.09790002042","NA","192138.6639000266","NA","195730.8567999862","NA","NA","NA","198362.83400002867","NA","NA","NA","260275.8548000129","NA","34640.52910002647","253726.06830002042","251941.56040000962","251951.7244999879","257786.9614000083","257744.0959000378","199663.45600003842","253725.45040003024","5355.378500011284","3000","SceneViewing","6","10504.857600026298","6","2560"
"100","100","44_r.wav","1696","1696","#dadada","256","psycho","psycho","psycho","restrictive","1","undefined","undefined","1","NA","undefined","NA","undefined","NA","undefined","NA","undefined","NA","NA","undefined","NA","NA","NA","undefined","7","7","0","0","0","0","NA","7","7","7","NA","0","NA","NA","7","0","NA","0","NA","0","NA","0","NA","0","NA","NA","NA","0","NA","NA","NA","7","NA","0","7","7","7","7","7","0","7","0","participant_group3.csv","3","NA","NA","NA","Sun Jul 12 16:57:24 2026","NA","The main experiment item","False","VWP_finalSetup_12_07.osexp","C:\Users\plcm\Downloads","False","mono","False","20","no","#0c0c0c","no","yes","1440","44","45_pos2_nosub.png","45_pos2_sub.png","psycho","7","7","C:/Users/plcm/Desktop/2026-EyeTracking/group-eyeconic/OS2/final_recordings\subject-2.csv","psycho","Neonatal Nightingale","4.1.14","hammer","dough","glass","ladle","0","0","space","space","space","NA","space","NA","NA","space","NA","space","NA","space","NA","space","NA","NA","NA","space","NA","NA","NA","1373.2171999872662","1338.223799946718","5584.560300048906","NA","1373.2171999872662","NA","NA","2954.3456999817863","NA","2675.7213000091724","NA","3588.133299956098","NA","2627.9615000239573","NA","NA","NA","1299.8658999567851","NA","NA","NA","29283.503099984955","lalt","8","2","psycho","The baker will knead the dough","1024","2","24000","-16","experiment","2","even","2","268535.8096000273","265904.00260000024","199663.42310002074","5344.026200007647","179564.62240003748","180910.1538999821","NA","261880.9955000179","265903.95030000946","261679.7972000204","NA","179559.97220001882","NA","NA","260305.570800032","NA","NA","186500.40560000343","NA","189459.09790002042","NA","192138.6639000266","NA","195730.8567999862","NA","NA","NA","198362.83400002867","NA","NA","NA","268555.1207999815","NA","34640.52910002647","261865.64790003467","260295.19340000115","260305.3285999922","265923.5994000337","265881.6733999993","199663.45600003842","261864.83580002096","5355.378500011284","3000","SceneViewing","7","11878.074800013565","7","2560"
"100","100","24_r.wav","1629","1629","#dadada","256","psycho","psycho","psycho","restrictive","1","undefined","undefined","1","NA","undefined","NA","undefined","NA","undefined","NA","undefined","NA","NA","undefined","NA","NA","NA","undefined","8","8","0","0","0","0","NA","8","8","8","NA","0","NA","NA","8","0","NA","0","NA","0","NA","0","NA","0","NA","NA","NA","0","NA","NA","NA","8","NA","0","8","8","8","8","8","0","8","0","participant_group3.csv","3","NA","NA","NA","Sun Jul 12 16:57:24 2026","NA","The main experiment item","False","VWP_finalSetup_12_07.osexp","C:\Users\plcm\Downloads","False","mono","False","20","no","#0c0c0c","no","yes","1440","24","25_pos2_nosub.png","25_pos2_sub.png","psycho","8","8","C:/Users/plcm/Desktop/2026-EyeTracking/group-eyeconic/OS2/final_recordings\subject-2.csv","psycho","Neonatal Nightingale","4.1.14","glass","rabbit","plate","potato","0","0","space","space","space","NA","space","NA","NA","space","NA","space","NA","space","NA","space","NA","NA","NA","space","NA","NA","NA","1155.1985999685712","1338.223799946718","5584.560300048906","NA","1155.1985999685712","NA","NA","2954.3456999817863","NA","2675.7213000091724","NA","3588.133299956098","NA","2627.9615000239573","NA","NA","NA","1299.8658999567851","NA","NA","NA","29283.503099984955","lalt","9","2","psycho","The girl will groom the rabbit","1024","2","24000","-16","experiment","2","even","2","276705.6435000268","273966.3246999844","199663.42310002074","5344.026200007647","179564.62240003748","180910.1538999821","NA","269943.47769999877","273966.27229999285","269727.6777999941","NA","179559.97220001882","NA","NA","268571.5324000339","NA","NA","186500.40560000343","NA","189459.09790002042","NA","192138.6639000266","NA","195730.8567999862","NA","NA","NA","198362.83400002867","NA","NA","NA","276724.6429999941","NA","34640.52910002647","269926.4951000223","268561.6529000108","268571.4260999812","273985.6571999844","273943.8336000312","199663.45600003842","269925.8827000158","5355.378500011284","3000","SceneViewing","8","13033.273399982136","8","2560"
"100","100","48_r.wav","1651","1651","#dadada","256","psycho","psycho","psycho","restrictive","1","undefined","undefined","1","NA","undefined","NA","undefined","NA","undefined","NA","undefined","NA","NA","undefined","NA","NA","NA","undefined","9","9","0","0","0","0","NA","9","9","9","NA","0","NA","NA","9","0","NA","0","NA","0","NA","0","NA","0","NA","NA","NA","0","NA","NA","NA","9","NA","0","9","9","9","9","9","0","9","0","participant_group3.csv","3","NA","NA","NA","Sun Jul 12 16:57:24 2026","NA","The main experiment item","False","VWP_finalSetup_12_07.osexp","C:\Users\plcm\Downloads","False","mono","False","20","no","#0c0c0c","no","yes","1440","48","49_pos2_nosub.png","49_pos2_sub.png","psycho","9","9","C:/Users/plcm/Desktop/2026-EyeTracking/group-eyeconic/OS2/final_recordings\subject-2.csv","psycho","Neonatal Nightingale","4.1.14","pouch","balloon","pump","flag","0","0","space","space","space","NA","space","NA","NA","space","NA","space","NA","space","NA","space","NA","NA","NA","space","NA","NA","NA","1826.229800004512","1338.223799946718","5584.560300048906","NA","1826.229800004512","NA","NA","2954.3456999817863","NA","2675.7213000091724","NA","3588.133299956098","NA","2627.9615000239573","NA","NA","NA","1299.8658999567851","NA","NA","NA","29283.503099984955","lalt","10","2","psycho","The child will inflate the balloon","1024","2","24000","-16","experiment","2","even","2","285925.6414999836","282843.3254000265","199663.42310002074","5344.026200007647","179564.62240003748","180910.1538999821","NA","278819.75770002464","282843.24790001847","278567.338199995","NA","179559.97220001882","NA","NA","276740.498500003","NA","NA","186500.40560000343","NA","189459.09790002042","NA","192138.6639000266","NA","195730.8567999862","NA","NA","NA","198362.83400002867","NA","NA","NA","285945.01770002535","NA","34640.52910002647","278804.466600006","276730.2877000184","276740.3700000141","282862.601300003","282819.8914999957","199663.45600003842","278803.6013999954","5355.378500011284","3000","SceneViewing","9","14859.503199986648","9","2560"
"100","100","33_n.wav","1568","1568","#dadada","256","psycho","psycho","psycho","non-restrictive","1","undefined","undefined","1","NA","undefined","NA","undefined","NA","undefined","NA","undefined","NA","NA","undefined","NA","NA","NA","undefined","10","10","0","0","0","0","NA","10","10","10","NA","0","NA","NA","10","0","NA","0","NA","0","NA","0","NA","0","NA","NA","NA","0","NA","NA","NA","10","NA","0","10","10","10","10","10","0","10","0","participant_group3.csv","3","NA","NA","NA","Sun Jul 12 16:57:24 2026","NA","The main experiment item","False","VWP_finalSetup_12_07.osexp","C:\Users\plcm\Downloads","False","mono","False","20","no","#0c0c0c","no","yes","1440","33","34_pos3_nosub.png","34_pos3_sub.png","psycho","10","10","C:/Users/plcm/Desktop/2026-EyeTracking/group-eyeconic/OS2/final_recordings\subject-2.csv","psycho","Neonatal Nightingale","4.1.14","box","gift","suitcase","envelope","0","0","space","space","space","NA","space","NA","NA","space","NA","space","NA","space","NA","space","NA","NA","NA","space","NA","NA","NA","824.3009999860078","1338.223799946718","5584.560300048906","NA","824.3009999860078","NA","NA","2954.3456999817863","NA","2675.7213000091724","NA","3588.133299956098","NA","2627.9615000239573","NA","NA","NA","1299.8658999567851","NA","NA","NA","29283.503099984955","lalt","11","2","psycho","The boy will open the suitcase","1024","2","24000","-16","experiment","2","even","3","293945.7262000069","291034.4204999856","199663.42310002074","5344.026200007647","179564.62240003748","180910.1538999821","NA","287009.16890002554","291034.36990000773","286791.33710003225","NA","179559.97220001882","NA","NA","285966.4747000206","NA","NA","186500.40560000343","NA","189459.09790002042","NA","192138.6639000266","NA","195730.8567999862","NA","NA","NA","198362.83400002867","NA","NA","NA","293965.54350003134","NA","34640.52910002647","286994.35679998714","285955.54759999504","285966.28400002373","291054.06019999646","291009.7970000352","199663.45600003842","286993.8116000267","5355.378500011284","3000","SceneViewing","10","15683.804199972656","10","2560"
"100","100","16_r.wav","1486","1486","#dadada","256","psycho","psycho","psycho","restrictive","1","undefined","undefined","1","NA","undefined","NA","undefined","NA","undefined","NA","undefined","NA","NA","undefined","NA","NA","NA","undefined","11","11","0","0","0","0","NA","11","11","11","NA","0","NA","NA","11","0","NA","0","NA","0","NA","0","NA","0","NA","NA","NA","0","NA","NA","NA","11","NA","0","11","11","11","11","11","0","11","0","participant_group3.csv","3","NA","NA","NA","Sun Jul 12 16:57:24 2026","NA","The main experiment item","False","VWP_finalSetup_12_07.osexp","C:\Users\plcm\Downloads","False","mono","False","20","no","#0c0c0c","no","yes","1440","16","17_pos2_nosub.png","17_pos2_sub.png","psycho","11","11","C:/Users/plcm/Desktop/2026-EyeTracking/group-eyeconic/OS2/final_recordings\subject-2.csv","psycho","Neonatal Nightingale","4.1.14","ribbon","dress","lantern","backpack","0","0","space","space","space","NA","space","NA","NA","space","NA","space","NA","space","NA","space","NA","NA","NA","space","NA","NA","NA","664.6482999785803","1338.223799946718","5584.560300048906","NA","664.6482999785803","NA","NA","2954.3456999817863","NA","2675.7213000091724","NA","3588.133299956098","NA","2627.9615000239573","NA","NA","NA","1299.8658999567851","NA","NA","NA","29283.503099984955","lalt","12","2","psycho","The woman will wear the dress","1024","2","24000","-16","experiment","2","even","2","301495.69340003654","298880.05229999544","199663.42310002074","5344.026200007647","179564.62240003748","180910.1538999821","NA","294856.02459998336","298879.9885000335","294648.24330003466","NA","179559.97220001882","NA","NA","293982.06860001665","NA","NA","186500.40560000343","NA","189459.09790002042","NA","192138.6639000266","NA","195730.8567999862","NA","NA","NA","198362.83400002867","NA","NA","NA","301515.20010002423","NA","34640.52910002647","294839.60459998343","293971.6688999906","293981.93399998127","298899.14530003443","298856.58190003596","199663.45600003842","294839.1876000096","5355.378500011284","3000","SceneViewing","11","16348.452499951236","11","2560"
"100","100","26_r.wav","1421","1421","#dadada","256","psycho","psycho","psycho","restrictive","1","undefined","undefined","1","NA","undefined","NA","undefined","NA","undefined","NA","undefined","NA","NA","undefined","NA","NA","NA","undefined","12","12","0","0","0","0","NA","12","12","12","NA","0","NA","NA","12","0","NA","0","NA","0","NA","0","NA","0","NA","NA","NA","0","NA","NA","NA","12","NA","0","12","12","12","12","12","0","12","0","participant_group3.csv","3","NA","NA","NA","Sun Jul 12 16:57:24 2026","NA","The main experiment item","False","VWP_finalSetup_12_07.osexp","C:\Users\plcm\Downloads","False","mono","False","20","no","#0c0c0c","no","yes","1440","26","27_pos4_nosub.png","27_pos4_sub.png","psycho","12","12","C:/Users/plcm/Desktop/2026-EyeTracking/group-eyeconic/OS2/final_recordings\subject-2.csv","psycho","Neonatal Nightingale","4.1.14","package","coin","coaster","candle","0","0","space","space","space","NA","space","NA","NA","space","NA","space","NA","space","NA","space","NA","NA","NA","space","NA","NA","NA","714.7576000425033","1338.223799946718","5584.560300048906","NA","714.7576000425033","NA","NA","2954.3456999817863","NA","2675.7213000091724","NA","3588.133299956098","NA","2627.9615000239573","NA","NA","NA","1299.8658999567851","NA","NA","NA","29283.503099984955","lalt","13","2","psycho","The woman will blow out the candle","1024","2","24000","-16","experiment","2","even","4","309495.72240002453","306479.43140001735","199663.42310002074","5344.026200007647","179564.62240003748","180910.1538999821","NA","302456.04429999366","306479.36699999264","302247.6161000086","NA","179559.97220001882","NA","NA","301531.9278999814","NA","NA","186500.40560000343","NA","189459.09790002042","NA","192138.6639000266","NA","195730.8567999862","NA","NA","NA","198362.83400002867","NA","NA","NA","309515.3137000161","NA","34640.52910002647","302439.3579000025","301521.5472999844","301531.7393000005","306499.1880999878","306456.5224000253","199663.45600003842","302438.3622999885","5355.378500011284","3000","SceneViewing","12","17063.21009999374","12","2560"
"100","100","40_r.wav","1361","1361","#dadada","256","psycho","psycho","psycho","restrictive","1","undefined","undefined","1","NA","undefined","NA","undefined","NA","undefined","NA","undefined","NA","NA","undefined","NA","NA","NA","undefined","13","13","0","0","0","0","NA","13","13","13","NA","0","NA","NA","13","0","NA","0","NA","0","NA","0","NA","0","NA","NA","NA","0","NA","NA","NA","13","NA","0","13","13","13","13","13","0","13","0","participant_group3.csv","3","NA","NA","NA","Sun Jul 12 16:57:24 2026","NA","The main experiment item","False","VWP_finalSetup_12_07.osexp","C:\Users\plcm\Downloads","False","mono","False","20","no","#0c0c0c","no","yes","1440","40","41_pos2_nosub.png","41_pos2_sub.png","psycho","13","13","C:/Users/plcm/Desktop/2026-EyeTracking/group-eyeconic/OS2/final_recordings\subject-2.csv","psycho","Neonatal Nightingale","4.1.14","iron","blouse","pin","toothbrish","0","0","space","space","space","NA","space","NA","NA","space","NA","space","NA","space","NA","space","NA","NA","NA","space","NA","NA","NA","630.2066000062041","1338.223799946718","5584.560300048906","NA","630.2066000062041","NA","NA","2954.3456999817863","NA","2675.7213000091724","NA","3588.133299956098","NA","2627.9615000239573","NA","NA","NA","1299.8658999567851","NA","NA","NA","29283.503099984955","lalt","14","2","psycho","The girl will button the blouse","1024","2","24000","-16","experiment","2","even","2","317095.58790002484","314403.2675999915","199663.42310002074","5344.026200007647","179564.62240003748","180910.1538999821","NA","310379.42330003716","314403.1422000262","310175.5418999819","NA","179559.97220001882","NA","NA","309544.4969999953","NA","NA","186500.40560000343","NA","189459.09790002042","NA","192138.6639000266","NA","195730.8567999862","NA","NA","NA","198362.83400002867","NA","NA","NA","317114.7471999866","NA","34640.52910002647","310363.7446000357","309534.3728000298","309544.3781000213","314422.7065999876","314379.9399000127","199663.45600003842","310363.0926000187","5355.378500011284","3000","SceneViewing","13","17693.416699999943","13","2560"
"100","100","6_r.wav","1285","1285","#dadada","256","psycho","psycho","psycho","restrictive","1","undefined","undefined","1","NA","undefined","NA","undefined","NA","undefined","NA","undefined","NA","NA","undefined","NA","NA","NA","undefined","14","14","0","0","0","0","NA","14","14","14","NA","0","NA","NA","14","0","NA","0","NA","0","NA","0","NA","0","NA","NA","NA","0","NA","NA","NA","14","NA","0","14","14","14","14","14","0","14","0","participant_group3.csv","3","NA","NA","NA","Sun Jul 12 16:57:24 2026","NA","The main experiment item","False","VWP_finalSetup_12_07.osexp","C:\Users\plcm\Downloads","False","mono","False","20","no","#0c0c0c","no","yes","1440","6","7_pos4_nosub.png","7_pos4_sub.png","psycho","14","14","C:/Users/plcm/Desktop/2026-EyeTracking/group-eyeconic/OS2/final_recordings\subject-2.csv","psycho","Neonatal Nightingale","4.1.14","knife","weighing-scales","jug","mushrooms","0","0","space","space","space","NA","space","NA","NA","space","NA","space","NA","space","NA","space","NA","NA","NA","space","NA","NA","NA","299.70530001446605","1338.223799946718","5584.560300048906","NA","299.70530001446605","NA","NA","2954.3456999817863","NA","2675.7213000091724","NA","3588.133299956098","NA","2627.9615000239573","NA","NA","NA","1299.8658999567851","NA","NA","NA","29283.503099984955","lalt","15","2","psycho","The housewife will fry the mushrooms","1024","2","24000","-16","experiment","2","even","4","325045.7182999817","321666.67140001664","199663.42310002074","5344.026200007647","179564.62240003748","180910.1538999821","NA","317642.72619999247","321666.60980001325","317431.42010003794","NA","179559.97220001882","NA","NA","317130.9960000217","NA","NA","186500.40560000343","NA","189459.09790002042","NA","192138.6639000266","NA","195730.8567999862","NA","NA","NA","198362.83400002867","NA","NA","NA","325065.426199988","NA","34640.52910002647","317626.4503999846","317121.2050000322","317130.8951000101","321685.7270000037","321643.36580003146","199663.45600003842","317625.8065000293","5355.378500011284","3000","SceneViewing","14","17993.12200001441","14","2560"
"100","100","17_n.wav","1261","1261","#dadada","256","psycho","psycho","psycho","non-restrictive","1","undefined","undefined","1","NA","undefined","NA","undefined","NA","undefined","NA","undefined","NA","NA","undefined","NA","NA","NA","undefined","15","15","0","0","0","0","NA","15","15","15","NA","0","NA","NA","15","0","NA","0","NA","0","NA","0","NA","0","NA","NA","NA","0","NA","NA","NA","15","NA","0","15","15","15","15","15","0","15","0","participant_group3.csv","3","NA","NA","NA","Sun Jul 12 16:57:24 2026","NA","The main experiment item","False","VWP_finalSetup_12_07.osexp","C:\Users\plcm\Downloads","False","mono","False","20","no","#0c0c0c","no","yes","1440","17","18_pos3_nosub.png","18_pos3_sub.png","psycho","15","15","C:/Users/plcm/Desktop/2026-EyeTracking/group-eyeconic/OS2/final_recordings\subject-2.csv","psycho","Neonatal Nightingale","4.1.14","stone","rope","wood","bucket","0","0","space","space","space","NA","space","NA","NA","space","NA","space","NA","space","NA","space","NA","NA","NA","space","NA","NA","NA","932.9696000204422","1338.223799946718","5584.560300048906","NA","932.9696000204422","NA","NA","2954.3456999817863","NA","2675.7213000091724","NA","3588.133299956098","NA","2627.9615000239573","NA","NA","NA","1299.8658999567851","NA","NA","NA","29283.503099984955","lalt","16","2","psycho","The man will  move the wood","1024","2","24000","-16","experiment","2","even","3","332725.7789000287","330285.9046999947","199663.42310002074","5344.026200007647","179564.62240003748","180910.1538999821","NA","326261.473999999","330285.84249998676","326015.412800014","NA","179559.97220001882","NA","NA","325081.7318999907","NA","NA","186500.40560000343","NA","189459.09790002042","NA","192138.6639000266","NA","195730.8567999862","NA","NA","NA","198362.83400002867","NA","NA","NA","332745.75210001785","NA","34640.52910002647","326246.1792000104","325071.8008999829","325081.5819000127","330305.3502999828","330262.0089999982","199663.45600003842","326245.6213000114","5355.378500011284","3000","SceneViewing","15","18926.09160003485","15","2560"
"100","100","42_r.wav","1228","1228","#dadada","256","psycho","psycho","psycho","restrictive","1","undefined","undefined","1","NA","undefined","NA","undefined","NA","undefined","NA","undefined","NA","NA","undefined","NA","NA","NA","undefined","16","16","0","0","0","0","NA","16","16","16","NA","0","NA","NA","16","0","NA","0","NA","0","NA","0","NA","0","NA","NA","NA","0","NA","NA","NA","16","NA","0","16","16","16","16","16","0","16","0","participant_group3.csv","3","NA","NA","NA","Sun Jul 12 16:57:24 2026","NA","The main experiment item","False","VWP_finalSetup_12_07.osexp","C:\Users\plcm\Downloads","False","mono","False","20","no","#0c0c0c","no","yes","1440","42","43_pos4_nosub.png","43_pos4_sub.png","psycho","16","16","C:/Users/plcm/Desktop/2026-EyeTracking/group-eyeconic/OS2/final_recordings\subject-2.csv","psycho","Neonatal Nightingale","4.1.14","apple","chalk","ruler","shirt","0","0","space","space","space","NA","space","NA","NA","space","NA","space","NA","space","NA","space","NA","NA","NA","space","NA","NA","NA","727.9042000300251","1338.223799946718","5584.560300048906","NA","727.9042000300251","NA","NA","2954.3456999817863","NA","2675.7213000091724","NA","3588.133299956098","NA","2627.9615000239573","NA","NA","NA","1299.8658999567851","NA","NA","NA","29283.503099984955","lalt","17","2","psycho","The woman will sew the shirt","1024","2","24000","-16","experiment","2","even","4","340285.7110000332","337753.72480001533","199663.42310002074","5344.026200007647","179564.62240003748","180910.1538999821","NA","333728.9946000092","337753.6651000264","333511.3550000242","NA","179559.97220001882","NA","NA","332782.8934999998","NA","NA","186500.40560000343","NA","189459.09790002042","NA","192138.6639000266","NA","195730.8567999862","NA","NA","NA","198362.83400002867","NA","NA","NA","340305.6102999835","NA","34640.52910002647","333714.14689999074","332772.2939000232","332782.72280003875","337773.09400000377","337729.25109998323","199663.45600003842","333713.6969999992","5355.378500011284","3000","SceneViewing","16","19653.995800064877","16","2560"
"100","100","25_n.wav","1159","1159","#dadada","256","psycho","psycho","psycho","non-restrictive","1","undefined","undefined","1","NA","undefined","NA","undefined","NA","undefined","NA","undefined","NA","NA","undefined","NA","NA","NA","undefined","17","17","0","0","0","0","NA","17","17","17","NA","0","NA","NA","17","0","NA","0","NA","0","NA","0","NA","0","NA","NA","NA","0","NA","NA","NA","17","NA","0","17","17","17","17","17","0","17","0","participant_group3.csv","3","NA","NA","NA","Sun Jul 12 16:57:24 2026","NA","The main experiment item","False","VWP_finalSetup_12_07.osexp","C:\Users\plcm\Downloads","False","mono","False","20","no","#0c0c0c","no","yes","1440","25","26_pos3_nosub.png","26_pos3_sub.png","psycho","17","17","C:/Users/plcm/Desktop/2026-EyeTracking/group-eyeconic/OS2/final_recordings\subject-2.csv","psycho","Neonatal Nightingale","4.1.14","peach","rope","canvas","keyboard","0","0","space","space","space","NA","space","NA","NA","space","NA","space","NA","space","NA","space","NA","NA","NA","space","NA","NA","NA","54.792599985376","1338.223799946718","5584.560300048906","NA","54.792599985376","NA","NA","2954.3456999817863","NA","2675.7213000091724","NA","3588.133299956098","NA","2627.9615000239573","NA","NA","NA","1299.8658999567851","NA","NA","NA","29283.503099984955","lalt","18","2","psycho","The man will move the canvas","1024","2","24000","-16","experiment","2","even","3","347385.674500023","344616.7086000205","199663.42310002074","5344.026200007647","179564.62240003748","180910.1538999821","NA","340593.1816000375","344616.6470000171","340391.564199992","NA","179559.97220001882","NA","NA","340335.9717000276","NA","NA","186500.40560000343","NA","189459.09790002042","NA","192138.6639000266","NA","195730.8567999862","NA","NA","NA","198362.83400002867","NA","NA","NA","347405.07209999487","NA","34640.52910002647","340577.4792000302","340324.6038000216","340335.8585999813","344635.8425000217","344593.53150002426","199663.45600003842","340577.0773999975","5355.378500011284","3000","SceneViewing","17","19708.788400050253","17","2560"
"100","100","46_r.wav","1143","1143","#dadada","256","psycho","psycho","psycho","restrictive","1","undefined","undefined","1","NA","undefined","NA","undefined","NA","undefined","NA","undefined","NA","NA","undefined","NA","NA","NA","undefined","18","18","0","0","0","0","NA","18","18","18","NA","0","NA","NA","18","0","NA","0","NA","0","NA","0","NA","0","NA","NA","NA","0","NA","NA","NA","18","NA","0","18","18","18","18","18","0","18","0","participant_group3.csv","3","NA","NA","NA","Sun Jul 12 16:57:24 2026","NA","The main experiment item","False","VWP_finalSetup_12_07.osexp","C:\Users\plcm\Downloads","False","mono","False","20","no","#0c0c0c","no","yes","1440","46","47_pos4_nosub.png","47_pos4_sub.png","psycho","18","18","C:/Users/plcm/Desktop/2026-EyeTracking/group-eyeconic/OS2/final_recordings\subject-2.csv","psycho","Neonatal Nightingale","4.1.14","bow","gum","stand","violin","0","0","space","space","space","NA","space","NA","NA","space","NA","space","NA","space","NA","space","NA","NA","NA","space","NA","NA","NA","868.8730000285432","1338.223799946718","5584.560300048906","NA","868.8730000285432","NA","NA","2954.3456999817863","NA","2675.7213000091724","NA","3588.133299956098","NA","2627.9615000239573","NA","NA","NA","1299.8658999567851","NA","NA","NA","29283.503099984955","lalt","19","2","psycho","The musician will tune the violin","1024","2","24000","-16","experiment","2","even","4","355705.9426000342","352529.7258000355","199663.42310002074","5344.026200007647","179564.62240003748","180910.1538999821","NA","348505.8817000245","352529.65250000125","348303.4531000303","NA","179559.97220001882","NA","NA","347433.85959998704","NA","NA","186500.40560000343","NA","189459.09790002042","NA","192138.6639000266","NA","195730.8567999862","NA","NA","NA","198362.83400002867","NA","NA","NA","355725.8244000259","NA","34640.52910002647","348491.1924999906","347423.7621999928","347433.69430000894","352549.70199998934","352506.4470000216","199663.45600003842","348490.2393000084","5355.378500011284","3000","SceneViewing","18","20577.661400078796","18","2560"
"100","100","28_r.wav","1095","1095","#dadada","256","psycho","psycho","psycho","restrictive","1","undefined","undefined","1","NA","undefined","NA","undefined","NA","undefined","NA","undefined","NA","NA","undefined","NA","NA","NA","undefined","19","19","0","0","0","0","NA","19","19","19","NA","0","NA","NA","19","0","NA","0","NA","0","NA","0","NA","0","NA","NA","NA","0","NA","NA","NA","19","NA","0","19","19","19","19","19","0","19","0","participant_group3.csv","3","NA","NA","NA","Sun Jul 12 16:57:24 2026","NA","The main experiment item","False","VWP_finalSetup_12_07.osexp","C:\Users\plcm\Downloads","False","mono","False","20","no","#0c0c0c","no","yes","1440","28","29_pos2_nosub.png","29_pos2_sub.png","psycho","19","19","C:/Users/plcm/Desktop/2026-EyeTracking/group-eyeconic/OS2/final_recordings\subject-2.csv","psycho","Neonatal Nightingale","4.1.14","sock","milk","glove","nut","0","0","space","space","space","NA","space","NA","NA","space","NA","space","NA","space","NA","space","NA","NA","NA","space","NA","NA","NA","243.79610002506524","1338.223799946718","5584.560300048906","NA","243.79610002506524","NA","NA","2954.3456999817863","NA","2675.7213000091724","NA","3588.133299956098","NA","2627.9615000239573","NA","NA","NA","1299.8658999567851","NA","NA","NA","29283.503099984955","lalt","20","2","psycho","The cat will drink the milk","1024","2","24000","-16","experiment","2","even","2","362705.7286000345","360224.1997999954","199663.42310002074","5344.026200007647","179564.62240003748","180910.1538999821","NA","356200.8445999818","360224.13400001824","355999.2846000241","NA","179559.97220001882","NA","NA","355754.92829998257","NA","NA","186500.40560000343","NA","189459.09790002042","NA","192138.6639000266","NA","195730.8567999862","NA","NA","NA","198362.83400002867","NA","NA","NA","362725.4890000331","NA","34640.52910002647","356185.6557999854","355744.58400002914","355754.78369998746","360243.4503000113","360201.4991000178","199663.45600003842","356185.14469999354","5355.378500011284","3000","SceneViewing","19","20821.45750010386","19","2560"
"100","100","7_n.wav","1107","1107","#dadada","256","psycho","psycho","psycho","non-restrictive","1","undefined","undefined","1","NA","undefined","NA","undefined","NA","undefined","NA","undefined","NA","NA","undefined","NA","NA","NA","undefined","20","20","0","0","0","0","NA","20","20","20","NA","0","NA","NA","20","0","NA","0","NA","0","NA","0","NA","0","NA","NA","NA","0","NA","NA","NA","20","NA","0","20","20","20","20","20","0","20","0","participant_group3.csv","3","NA","NA","NA","Sun Jul 12 16:57:24 2026","NA","The main experiment item","False","VWP_finalSetup_12_07.osexp","C:\Users\plcm\Downloads","False","mono","False","20","no","#0c0c0c","no","yes","1440","7","8_pos1_nosub.png","8_pos1_sub.png","psycho","20","20","C:/Users/plcm/Desktop/2026-EyeTracking/group-eyeconic/OS2/final_recordings\subject-2.csv","psycho","Neonatal Nightingale","4.1.14","child","tv-monitor","toy-bear","microscope","0","0","space","space","space","NA","space","NA","NA","space","NA","space","NA","space","NA","space","NA","NA","NA","space","NA","NA","NA","1322.6698999642394","1338.223799946718","5584.560300048906","NA","1322.6698999642394","NA","NA","2954.3456999817863","NA","2675.7213000091724","NA","3588.133299956098","NA","2627.9615000239573","NA","NA","NA","1299.8658999567851","NA","NA","NA","29283.503099984955","lalt","21","2","psycho","The doctor will check the child","1024","2","24000","-16","experiment","2","even","1","371216.07180003775","368313.7804000289","199663.42310002074","5344.026200007647","179564.62240003748","180910.1538999821","NA","364288.8677000301","368313.72520001605","364079.7806000337","NA","179559.97220001882","NA","NA","362756.0972000356","NA","NA","186500.40560000343","NA","189459.09790002042","NA","192138.6639000266","NA","195730.8567999862","NA","NA","NA","198362.83400002867","NA","NA","NA","371234.96530001285","NA","34640.52910002647","364274.79360002326","362745.2575000352","362755.8319999953","368333.3500000299","368289.5988000091","199663.45600003842","364274.3485000101","5355.378500011284","3000","SceneViewing","20","22144.1274000681","20","2560"
"100","100","10_r.wav","1054","1054","#dadada","256","psycho","psycho","psycho","restrictive","1","undefined","undefined","1","NA","undefined","NA","undefined","NA","undefined","NA","undefined","NA","NA","undefined","NA","NA","NA","undefined","21","21","0","0","0","0","NA","21","21","21","NA","0","NA","NA","21","0","NA","0","NA","0","NA","0","NA","0","NA","NA","NA","0","NA","NA","NA","21","NA","0","21","21","21","21","21","0","21","0","participant_group3.csv","3","NA","NA","NA","Sun Jul 12 16:57:24 2026","NA","The main experiment item","False","VWP_finalSetup_12_07.osexp","C:\Users\plcm\Downloads","False","mono","False","20","no","#0c0c0c","no","yes","1440","10","11_pos4_nosub.png","11_pos4_sub.png","psycho","21","21","C:/Users/plcm/Desktop/2026-EyeTracking/group-eyeconic/OS2/final_recordings\subject-2.csv","psycho","Neonatal Nightingale","4.1.14","mirror","dog","wastebin","washing-machine","0","0","space","space","space","NA","space","NA","NA","space","NA","space","NA","space","NA","space","NA","NA","NA","space","NA","NA","NA","4.949700029101223","1338.223799946718","5584.560300048906","NA","4.949700029101223","NA","NA","2954.3456999817863","NA","2675.7213000091724","NA","3588.133299956098","NA","2627.9615000239573","NA","NA","NA","1299.8658999567851","NA","NA","NA","29283.503099984955","lalt","22","2","psycho","The man will repair the washing machine","1024","2","24000","-16","experiment","2","even","4","379025.63109999755","375542.1559000388","199663.42310002074","5344.026200007647","179564.62240003748","180910.1538999821","NA","371518.4180000215","375542.09489998175","371271.5374000254","NA","179559.97220001882","NA","NA","371265.7605999848","NA","NA","186500.40560000343","NA","189459.09790002042","NA","192138.6639000266","NA","195730.8567999862","NA","NA","NA","198362.83400002867","NA","NA","NA","379045.5735999858","NA","34640.52910002647","371502.31940002413","371254.68620000174","371265.55270003155","375560.93330000294","375518.76170001924","199663.45600003842","371501.81590003194","5355.378500011284","3000","SceneViewing","21","22149.0771000972","21","2560"
"100","100","32_r.wav","1039","1039","#dadada","256","psycho","psycho","psycho","restrictive","1","undefined","undefined","1","NA","undefined","NA","undefined","NA","undefined","NA","undefined","NA","NA","undefined","NA","NA","NA","undefined","22","22","0","0","0","0","NA","22","22","22","NA","0","NA","NA","22","0","NA","0","NA","0","NA","0","NA","0","NA","NA","NA","0","NA","NA","NA","22","NA","0","22","22","22","22","22","0","22","0","participant_group3.csv","3","NA","NA","NA","Sun Jul 12 16:57:24 2026","NA","The main experiment item","False","VWP_finalSetup_12_07.osexp","C:\Users\plcm\Downloads","False","mono","False","20","no","#0c0c0c","no","yes","1440","32","33_pos2_nosub.png","33_pos2_sub.png","psycho","22","22","C:/Users/plcm/Desktop/2026-EyeTracking/group-eyeconic/OS2/final_recordings\subject-2.csv","psycho","Neonatal Nightingale","4.1.14","kettle","beer","mug","biscuit","0","0","space","space","space","NA","space","NA","NA","space","NA","space","NA","space","NA","space","NA","NA","NA","space","NA","NA","NA","710.2741000126116","1338.223799946718","5584.560300048906","NA","710.2741000126116","NA","NA","2954.3456999817863","NA","2675.7213000091724","NA","3588.133299956098","NA","2627.9615000239573","NA","NA","NA","1299.8658999567851","NA","NA","NA","29283.503099984955","lalt","23","2","psycho","The woman will brew the beer","1024","2","24000","-16","experiment","2","even","2","386616.20960000437","384026.2645999901","199663.42310002074","5344.026200007647","179564.62240003748","180910.1538999821","NA","380000.8054000209","384026.17910003755","379791.2730000098","NA","179559.97220001882","NA","NA","379080.3492999985","NA","NA","186500.40560000343","NA","189459.09790002042","NA","192138.6639000266","NA","195730.8567999862","NA","NA","NA","198362.83400002867","NA","NA","NA","386635.44310000725","NA","34640.52910002647","379983.73039998114","379068.7143999967","379080.1775000291","384045.7162000239","384000.9699999937","199663.45600003842","379983.15470002126","5355.378500011284","3000","SceneViewing","22","22859.351200109813","22","2560"
"100","100","23_n.wav","1036","1036","#dadada","256","psycho","psycho","psycho","non-restrictive","1","undefined","undefined","1","NA","undefined","NA","undefined","NA","undefined","NA","undefined","NA","NA","undefined","NA","NA","NA","undefined","23","23","0","0","0","0","NA","23","23","23","NA","0","NA","NA","23","0","NA","0","NA","0","NA","0","NA","0","NA","NA","NA","0","NA","NA","NA","23","NA","0","23","23","23","23","23","0","23","0","participant_group3.csv","3","NA","NA","NA","Sun Jul 12 16:57:24 2026","NA","The main experiment item","False","VWP_finalSetup_12_07.osexp","C:\Users\plcm\Downloads","False","mono","False","20","no","#0c0c0c","no","yes","1440","23","24_pos1_nosub.png","24_pos1_sub.png","psycho","23","23","C:/Users/plcm/Desktop/2026-EyeTracking/group-eyeconic/OS2/final_recordings\subject-2.csv","psycho","Neonatal Nightingale","4.1.14","scarf","pencil","needle","card","0","0","space","space","space","NA","space","NA","NA","space","NA","space","NA","space","NA","space","NA","NA","NA","space","NA","NA","NA","974.153799994383","1338.223799946718","5584.560300048906","NA","974.153799994383","NA","NA","2954.3456999817863","NA","2675.7213000091724","NA","3588.133299956098","NA","2627.9615000239573","NA","NA","NA","1299.8658999567851","NA","NA","NA","29283.503099984955","lalt","24","2","psycho","The girl will hold the scarf","1024","2","24000","-16","experiment","2","even","1","394555.64310000045","391869.0423000371","199663.42310002074","5344.026200007647","179564.62240003748","180910.1538999821","NA","387844.7707000305","391868.9331000205","387639.460699982","NA","179559.97220001882","NA","NA","386664.5394000225","NA","NA","186500.40560000343","NA","189459.09790002042","NA","192138.6639000266","NA","195730.8567999862","NA","NA","NA","198362.83400002867","NA","NA","NA","394575.24030003697","NA","34640.52910002647","387829.77609999944","386654.4428000343","386664.4130999921","391888.33510002587","391845.10770003544","199663.45600003842","387829.1104999953","5355.378500011284","3000","SceneViewing","23","23833.505000104196","23","2560"
"100","100","5_n.wav","1001","1001","#dadada","256","psycho","psycho","psycho","non-restrictive","1","undefined","undefined","1","NA","undefined","NA","undefined","NA","undefined","NA","undefined","NA","NA","undefined","NA","NA","NA","undefined","24","24","0","0","0","0","NA","24","24","24","NA","0","NA","NA","24","0","NA","0","NA","0","NA","0","NA","0","NA","NA","NA","0","NA","NA","NA","24","NA","0","24","24","24","24","24","0","24","0","participant_group3.csv","3","NA","NA","NA","Sun Jul 12 16:57:24 2026","NA","The main experiment item","False","VWP_finalSetup_12_07.osexp","C:\Users\plcm\Downloads","False","mono","False","20","no","#0c0c0c","no","yes","1440","5","6_pos3_nosub.png","6_pos3_sub.png","psycho","24","24","C:/Users/plcm/Desktop/2026-EyeTracking/group-eyeconic/OS2/final_recordings\subject-2.csv","psycho","Neonatal Nightingale","4.1.14","cactus","moon","mountain","animal","0","0","space","space","space","NA","space","NA","NA","space","NA","space","NA","space","NA","space","NA","NA","NA","space","NA","NA","NA","192.0735000167042","1338.223799946718","5584.560300048906","NA","192.0735000167042","NA","NA","2954.3456999817863","NA","2675.7213000091724","NA","3588.133299956098","NA","2627.9615000239573","NA","NA","NA","1299.8658999567851","NA","NA","NA","29283.503099984955","lalt","25","2","psycho","The hiker will photograph the mountain","1024","2","24000","-16","experiment","2","even","3","402365.7339999918","399026.2114999932","199663.42310002074","5344.026200007647","179564.62240003748","180910.1538999821","NA","395003.1896000146","399026.16020001005","394799.7869999963","NA","179559.97220001882","NA","NA","394606.66679998394","NA","NA","186500.40560000343","NA","189459.09790002042","NA","192138.6639000266","NA","195730.8567999862","NA","NA","NA","198362.83400002867","NA","NA","NA","402385.1045999909","NA","34640.52910002647","394985.64239998814","394595.20520002116","394606.53170000296","399045.96309998306","399003.40290000895","199663.45600003842","394984.9439000245","5355.378500011284","3000","SceneViewing","24","24025.5785001209","24","2560"
"100","100","8_r.wav","984","984","#dadada","256","psycho","psycho","psycho","restrictive","1","undefined","undefined","1","NA","undefined","NA","undefined","NA","undefined","NA","undefined","NA","NA","undefined","NA","NA","NA","undefined","25","25","0","0","0","0","NA","25","25","25","NA","0","NA","NA","25","0","NA","0","NA","0","NA","0","NA","0","NA","NA","NA","0","NA","NA","NA","25","NA","0","25","25","25","25","25","0","25","0","participant_group3.csv","3","NA","NA","NA","Sun Jul 12 16:57:24 2026","NA","The main experiment item","False","VWP_finalSetup_12_07.osexp","C:\Users\plcm\Downloads","False","mono","False","20","no","#0c0c0c","no","yes","1440","8","9_pos2_nosub.png","9_pos2_sub.png","psycho","25","25","C:/Users/plcm/Desktop/2026-EyeTracking/group-eyeconic/OS2/final_recordings\subject-2.csv","psycho","Neonatal Nightingale","4.1.14","television","piano","table","telephone","0","0","space","space","space","NA","space","NA","NA","space","NA","space","NA","space","NA","space","NA","NA","NA","space","NA","NA","NA","575.8891000295989","1338.223799946718","5584.560300048906","NA","575.8891000295989","NA","NA","2954.3456999817863","NA","2675.7213000091724","NA","3588.133299956098","NA","2627.9615000239573","NA","NA","NA","1299.8658999567851","NA","NA","NA","29283.503099984955","lalt","26","2","psycho","The woman will play the piano","1024","2","24000","-16","experiment","2","even","2","410065.68689999403","407222.7103000041","199663.42310002074","5344.026200007647","179564.62240003748","180910.1538999821","NA","403199.4461999857","407222.6561999996","402991.6634000256","NA","179559.97220001882","NA","NA","402414.824699983","NA","NA","186500.40560000343","NA","189459.09790002042","NA","192138.6639000266","NA","195730.8567999862","NA","NA","NA","198362.83400002867","NA","NA","NA","410084.69029999105","NA","34640.52910002647","403183.0408999813","402403.8914000266","402414.57229998196","407241.76980002085","407199.65920003597","199663.45600003842","403182.45210003806","5355.378500011284","3000","SceneViewing","25","24601.4676001505","25","2560"
"100","100","22_r.wav","957","957","#dadada","256","psycho","psycho","psycho","restrictive","1","undefined","undefined","1","NA","undefined","NA","undefined","NA","undefined","NA","undefined","NA","NA","undefined","NA","NA","NA","undefined","26","26","0","0","0","0","NA","26","26","26","NA","0","NA","NA","26","0","NA","0","NA","0","NA","0","NA","0","NA","NA","NA","0","NA","NA","NA","26","NA","0","26","26","26","26","26","0","26","0","participant_group3.csv","3","NA","NA","NA","Sun Jul 12 16:57:24 2026","NA","The main experiment item","False","VWP_finalSetup_12_07.osexp","C:\Users\plcm\Downloads","False","mono","False","20","no","#0c0c0c","no","yes","1440","22","23_pos4_nosub.png","23_pos4_sub.png","psycho","26","26","C:/Users/plcm/Desktop/2026-EyeTracking/group-eyeconic/OS2/final_recordings\subject-2.csv","psycho","Neonatal Nightingale","4.1.14","hook","poster","towel","coat","0","0","space","space","space","NA","space","NA","NA","space","NA","space","NA","space","NA","space","NA","NA","NA","space","NA","NA","NA","295.77069997321814","1338.223799946718","5584.560300048906","NA","295.77069997321814","NA","NA","2954.3456999817863","NA","2675.7213000091724","NA","3588.133299956098","NA","2627.9615000239573","NA","NA","NA","1299.8658999567851","NA","NA","NA","29283.503099984955","lalt","27","2","psycho","The girl will zip the coat","1024","2","24000","-16","experiment","2","even","4","417145.9340000292","414651.38400002616","199663.42310002074","5344.026200007647","179564.62240003748","180910.1538999821","NA","410627.2855999996","414651.2950999895","410399.63350002654","NA","179559.97220001882","NA","NA","410102.8639000142","NA","NA","186500.40560000343","NA","189459.09790002042","NA","192138.6639000266","NA","195730.8567999862","NA","NA","NA","198362.83400002867","NA","NA","NA","417165.076699981","NA","34640.52910002647","410612.2238000389","410090.67669999786","410102.6781999972","414671.1446000263","414627.86970002344","199663.45600003842","410611.5978999878","5355.378500011284","3000","SceneViewing","26","24897.238300123718","26","2560"
"100","100","14_r.wav","929","929","#dadada","256","psycho","psycho","psycho","restrictive","1","undefined","undefined","1","NA","undefined","NA","undefined","NA","undefined","NA","undefined","NA","NA","undefined","NA","NA","NA","undefined","27","27","0","0","0","0","NA","27","27","27","NA","0","NA","NA","27","0","NA","0","NA","0","NA","0","NA","0","NA","NA","NA","0","NA","NA","NA","27","NA","0","27","27","27","27","27","0","27","0","participant_group3.csv","3","NA","NA","NA","Sun Jul 12 16:57:24 2026","NA","The main experiment item","False","VWP_finalSetup_12_07.osexp","C:\Users\plcm\Downloads","False","mono","False","20","no","#0c0c0c","no","yes","1440","14","15_pos4_nosub.png","15_pos4_sub.png","psycho","27","27","C:/Users/plcm/Desktop/2026-EyeTracking/group-eyeconic/OS2/final_recordings\subject-2.csv","psycho","Neonatal Nightingale","4.1.14","bird","ball","hen","dog","0","0","space","space","space","NA","space","NA","NA","space","NA","space","NA","space","NA","space","NA","NA","NA","space","NA","NA","NA","208.79790000617504","1338.223799946718","5584.560300048906","NA","208.79790000617504","NA","NA","2954.3456999817863","NA","2675.7213000091724","NA","3588.133299956098","NA","2627.9615000239573","NA","NA","NA","1299.8658999567851","NA","NA","NA","29283.503099984955","lalt","28","2","psycho","The boy will walk the dog","1024","2","24000","-16","experiment","2","even","4","424296.0207000142","421673.41920000035","199663.42310002074","5344.026200007647","179564.62240003748","180910.1538999821","NA","417648.27960002003","421673.34290000144","417391.48330001626","NA","179559.97220001882","NA","NA","417181.9280000054","NA","NA","186500.40560000343","NA","189459.09790002042","NA","192138.6639000266","NA","195730.8567999862","NA","NA","NA","198362.83400002867","NA","NA","NA","424314.96679998236","NA","34640.52910002647","417633.0524000223","417171.4116000221","417181.81640002877","421692.77429999784","421648.5780000221","199663.45600003842","417632.165100018","5355.378500011284","3000","SceneViewing","27","25106.036200129893","27","2560"
"100","100","38_r.wav","914","914","#dadada","256","psycho","psycho","psycho","restrictive","1","undefined","undefined","1","NA","undefined","NA","undefined","NA","undefined","NA","undefined","NA","NA","undefined","NA","NA","NA","undefined","28","28","0","0","0","0","NA","28","28","28","NA","0","NA","NA","28","0","NA","0","NA","0","NA","0","NA","0","NA","NA","NA","0","NA","NA","NA","28","NA","0","28","28","28","28","28","0","28","0","participant_group3.csv","3","NA","NA","NA","Sun Jul 12 16:57:24 2026","NA","The main experiment item","False","VWP_finalSetup_12_07.osexp","C:\Users\plcm\Downloads","False","mono","False","20","no","#0c0c0c","no","yes","1440","38","39_pos4_nosub.png","39_pos4_sub.png","psycho","28","28","C:/Users/plcm/Desktop/2026-EyeTracking/group-eyeconic/OS2/final_recordings\subject-2.csv","psycho","Neonatal Nightingale","4.1.14","mop","broom","cloth","apron","0","0","space","space","space","NA","space","NA","NA","space","NA","space","NA","space","NA","space","NA","NA","NA","space","NA","NA","NA","499.60330000612885","1338.223799946718","5584.560300048906","NA","499.60330000612885","NA","NA","2954.3456999817863","NA","2675.7213000091724","NA","3588.133299956098","NA","2627.9615000239573","NA","NA","NA","1299.8658999567851","NA","NA","NA","29283.503099984955","lalt","29","2","psycho","The woman will tie the apron","1024","2","24000","-16","experiment","2","even","4","431775.6654000259","429089.5879000309","199663.42310002074","5344.026200007647","179564.62240003748","180910.1538999821","NA","425064.01680002455","429089.46799999103","424855.7089000242","NA","179559.97220001882","NA","NA","424355.0871000043","NA","NA","186500.40560000343","NA","189459.09790002042","NA","192138.6639000266","NA","195730.8567999862","NA","NA","NA","198362.83400002867","NA","NA","NA","431795.15930003254","NA","34640.52910002647","425049.48390001664","424342.1057999949","424354.92940002587","429108.904200024","429064.37300000107","199663.45600003842","425048.8951000152","5355.378500011284","3000","SceneViewing","28","25605.63950013602","28","2560"
"100","100","15_n.wav","888","888","#dadada","256","psycho","psycho","psycho","non-restrictive","1","undefined","undefined","1","NA","undefined","NA","undefined","NA","undefined","NA","undefined","NA","NA","undefined","NA","NA","NA","undefined","29","29","0","0","0","0","NA","29","29","29","NA","0","NA","NA","29","0","NA","0","NA","0","NA","0","NA","0","NA","NA","NA","0","NA","NA","NA","29","NA","0","29","29","29","29","29","0","29","0","participant_group3.csv","3","NA","NA","NA","Sun Jul 12 16:57:24 2026","NA","The main experiment item","False","VWP_finalSetup_12_07.osexp","C:\Users\plcm\Downloads","False","mono","False","20","no","#0c0c0c","no","yes","1440","15","16_pos1_nosub.png","16_pos1_sub.png","psycho","29","29","C:/Users/plcm/Desktop/2026-EyeTracking/group-eyeconic/OS2/final_recordings\subject-2.csv","psycho","Neonatal Nightingale","4.1.14","hat","wallet","magnifying-glass","folder","0","0","space","space","space","NA","space","NA","NA","space","NA","space","NA","space","NA","space","NA","NA","NA","space","NA","NA","NA","149.67600000090897","1338.223799946718","5584.560300048906","NA","149.67600000090897","NA","NA","2954.3456999817863","NA","2675.7213000091724","NA","3588.133299956098","NA","2627.9615000239573","NA","NA","NA","1299.8658999567851","NA","NA","NA","29283.503099984955","lalt","30","2","psycho","The businessman will  forget the hat","1024","2","24000","-16","experiment","2","even","1","439355.61969998525","436200.6606000359","199663.42310002074","5344.026200007647","179564.62240003748","180910.1538999821","NA","432176.7911000061","436200.5983000272","431975.57900001993","NA","179559.97220001882","NA","NA","431824.9722000328","NA","NA","186500.40560000343","NA","189459.09790002042","NA","192138.6639000266","NA","195730.8567999862","NA","NA","NA","198362.83400002867","NA","NA","NA","439375.2083000145","NA","34640.52910002647","432160.6101000216","431813.74770001275","431824.63210000424","436219.8234000243","436177.43049998535","199663.45600003842","432159.96240003733","5355.378500011284","3000","SceneViewing","29","25755.31550013693","29","2560"
"100","100","1_n.wav","875","875","#dadada","256","psycho","psycho","psycho","non-restrictive","1","undefined","undefined","1","NA","undefined","NA","undefined","NA","undefined","NA","undefined","NA","NA","undefined","NA","NA","NA","undefined","30","30","0","0","0","0","NA","30","30","30","NA","0","NA","NA","30","0","NA","0","NA","0","NA","0","NA","0","NA","NA","NA","0","NA","NA","NA","30","NA","0","30","30","30","30","30","0","30","0","participant_group3.csv","3","NA","NA","NA","Sun Jul 12 16:57:24 2026","NA","The main experiment item","False","VWP_finalSetup_12_07.osexp","C:\Users\plcm\Downloads","False","mono","False","20","no","#0c0c0c","no","yes","1440","1","2_pos3_nosub.png","2_pos3_sub.png","psycho","30","30","C:/Users/plcm/Desktop/2026-EyeTracking/group-eyeconic/OS2/final_recordings\subject-2.csv","psycho","Neonatal Nightingale","4.1.14","chair","lipstick","wine","cheese","0","0","space","space","space","NA","space","NA","NA","space","NA","space","NA","space","NA","space","NA","NA","NA","space","NA","NA","NA","502.7968000504188","1338.223799946718","5584.560300048906","NA","502.7968000504188","NA","NA","2954.3456999817863","NA","2675.7213000091724","NA","3588.133299956098","NA","2627.9615000239573","NA","NA","NA","1299.8658999567851","NA","NA","NA","29283.503099984955","lalt","31","2","psycho","The woman will try the wine","1024","2","24000","-16","experiment","2","even","3","446735.9107999946","444128.6291999859","199663.42310002074","5344.026200007647","179564.62240003748","180910.1538999821","NA","440105.11340002995","444128.57390003046","439895.45320003526","NA","179559.97220001882","NA","NA","439391.9452999835","NA","NA","186500.40560000343","NA","189459.09790002042","NA","192138.6639000266","NA","195730.8567999862","NA","NA","NA","198362.83400002867","NA","NA","NA","446755.34470001","NA","34640.52910002647","440088.814000017","439381.51430001017","439391.7075000354","444147.7934999857","444105.50070001045","199663.45600003842","440087.9454999813","5355.378500011284","3000","SceneViewing","30","26258.11230018735","30","2560"
"100","100","21_n.wav","866","866","#dadada","256","psycho","psycho","psycho","non-restrictive","1","undefined","undefined","1","NA","undefined","NA","undefined","NA","undefined","NA","undefined","NA","NA","undefined","NA","NA","NA","undefined","31","31","0","0","0","0","NA","31","31","31","NA","0","NA","NA","31","0","NA","0","NA","0","NA","0","NA","0","NA","NA","NA","0","NA","NA","NA","31","NA","0","31","31","31","31","31","0","31","0","participant_group3.csv","3","NA","NA","NA","Sun Jul 12 16:57:24 2026","NA","The main experiment item","False","VWP_finalSetup_12_07.osexp","C:\Users\plcm\Downloads","False","mono","False","20","no","#0c0c0c","no","yes","1440","21","22_pos3_nosub.png","22_pos3_sub.png","psycho","31","31","C:/Users/plcm/Desktop/2026-EyeTracking/group-eyeconic/OS2/final_recordings\subject-2.csv","psycho","Neonatal Nightingale","4.1.14","vase","cushion","flower","magazine","0","0","space","space","space","NA","space","NA","NA","space","NA","space","NA","space","NA","space","NA","NA","NA","space","NA","NA","NA","594.0536999842152","1338.223799946718","5584.560300048906","NA","594.0536999842152","NA","NA","2954.3456999817863","NA","2675.7213000091724","NA","3588.133299956098","NA","2627.9615000239573","NA","NA","NA","1299.8658999567851","NA","NA","NA","29283.503099984955","lalt","32","2","psycho","The woman will move the flower","1024","2","24000","-16","experiment","2","even","3","454285.63659999054","451590.58560000267","199663.42310002074","5344.026200007647","179564.62240003748","180910.1538999821","NA","447566.74610002665","451590.5308999936","447367.64250003034","NA","179559.97220001882","NA","NA","446772.62060000794","NA","NA","186500.40560000343","NA","189459.09790002042","NA","192138.6639000266","NA","195730.8567999862","NA","NA","NA","198362.83400002867","NA","NA","NA","454305.15440000454","NA","34640.52910002647","447550.9432000108","446761.72280003084","446772.4276999943","451609.6223000204","451567.37710000016","199663.45600003842","447550.45849998714","5355.378500011284","3000","SceneViewing","31","26852.166000171565","31","2560"
"100","100","45_n.wav","853","853","#dadada","256","psycho","psycho","psycho","non-restrictive","1","undefined","undefined","1","NA","undefined","NA","undefined","NA","undefined","NA","undefined","NA","NA","undefined","NA","NA","NA","undefined","32","32","0","0","0","0","NA","32","32","32","NA","0","NA","NA","32","0","NA","0","NA","0","NA","0","NA","0","NA","NA","NA","0","NA","NA","NA","32","NA","0","32","32","32","32","32","0","32","0","participant_group3.csv","3","NA","NA","NA","Sun Jul 12 16:57:24 2026","NA","The main experiment item","False","VWP_finalSetup_12_07.osexp","C:\Users\plcm\Downloads","False","mono","False","20","no","#0c0c0c","no","yes","1440","45","46_pos3_nosub.png","46_pos3_sub.png","psycho","32","32","C:/Users/plcm/Desktop/2026-EyeTracking/group-eyeconic/OS2/final_recordings\subject-2.csv","psycho","Neonatal Nightingale","4.1.14","peeler","pot","carrot","laddle","0","0","space","space","space","NA","space","NA","NA","space","NA","space","NA","space","NA","space","NA","NA","NA","space","NA","NA","NA","454.57930001430213","1338.223799946718","5584.560300048906","NA","454.57930001430213","NA","NA","2954.3456999817863","NA","2675.7213000091724","NA","3588.133299956098","NA","2627.9615000239573","NA","NA","NA","1299.8658999567851","NA","NA","NA","29283.503099984955","lalt","33","2","psycho","The chef will carry the carrot","1024","2","24000","-16","experiment","2","even","3","461646.061300009","459026.632299996","199663.42310002074","5344.026200007647","179564.62240003748","180910.1538999821","NA","455002.62470002053","459026.56249998836","454791.5885000257","NA","179559.97220001882","NA","NA","454336.0302000074","NA","NA","186500.40560000343","NA","189459.09790002042","NA","192138.6639000266","NA","195730.8567999862","NA","NA","NA","198362.83400002867","NA","NA","NA","461666.04340000777","NA","34640.52910002647","454986.23069998575","454325.6281000213","454335.8102000202","459046.02700000396","459003.188600007","199663.45600003842","454985.7633000356","5355.378500011284","3000","SceneViewing","32","27306.745300185867","32","2560"
"100","100","29_n.wav","844","844","#dadada","256","psycho","psycho","psycho","non-restrictive","1","undefined","undefined","1","NA","undefined","NA","undefined","NA","undefined","NA","undefined","NA","NA","undefined","NA","NA","NA","undefined","33","33","0","0","0","0","NA","33","33","33","NA","0","NA","NA","33","0","NA","0","NA","0","NA","0","NA","0","NA","NA","NA","0","NA","NA","NA","33","NA","0","33","33","33","33","33","0","33","0","participant_group3.csv","3","NA","NA","NA","Sun Jul 12 16:57:24 2026","NA","The main experiment item","False","VWP_finalSetup_12_07.osexp","C:\Users\plcm\Downloads","False","mono","False","20","no","#0c0c0c","no","yes","1440","29","30_pos3_nosub.png","30_pos3_sub.png","psycho","33","33","C:/Users/plcm/Desktop/2026-EyeTracking/group-eyeconic/OS2/final_recordings\subject-2.csv","psycho","Neonatal Nightingale","4.1.14","eraser","tissue","newspaper","comb","0","0","space","space","space","NA","space","NA","NA","space","NA","space","NA","space","NA","space","NA","NA","NA","space","NA","NA","NA","554.2897999985144","1338.223799946718","5584.560300048906","NA","554.2897999985144","NA","NA","2954.3456999817863","NA","2675.7213000091724","NA","3588.133299956098","NA","2627.9615000239573","NA","NA","NA","1299.8658999567851","NA","NA","NA","29283.503099984955","lalt","34","2","psycho","The grandmother will eadturn the newspaper","1024","2","24000","-16","experiment","2","even","3","469265.53540001623","466520.4730000114","199663.42310002074","5344.026200007647","179564.62240003748","180910.1538999821","NA","462496.7546000262","466520.4112000065","462239.49790000916","NA","179559.97220001882","NA","NA","461684.4543000334","NA","NA","186500.40560000343","NA","189459.09790002042","NA","192138.6639000266","NA","195730.8567999862","NA","NA","NA","198362.83400002867","NA","NA","NA","469284.7650999902","NA","34640.52910002647","462481.4252000069","461674.46840001503","461684.34570002137","466539.47399999015","466496.9056000118","199663.45600003842","462480.7093000272","5355.378500011284","3000","SceneViewing","33","27861.03510018438","33","2560"
"100","100","3_n.wav","842","842","#dadada","256","psycho","psycho","psycho","non-restrictive","1","undefined","undefined","1","NA","undefined","NA","undefined","NA","undefined","NA","undefined","NA","NA","undefined","NA","NA","NA","undefined","34","34","0","0","0","0","NA","34","34","34","NA","0","NA","NA","34","0","NA","0","NA","0","NA","0","NA","0","NA","NA","NA","0","NA","NA","NA","34","NA","0","34","34","34","34","34","0","34","0","participant_group3.csv","3","NA","NA","NA","Sun Jul 12 16:57:24 2026","NA","The main experiment item","False","VWP_finalSetup_12_07.osexp","C:\Users\plcm\Downloads","False","mono","False","20","no","#0c0c0c","no","yes","1440","3","4_pos1_nosub.png","4_pos1_sub.png","psycho","34","34","C:/Users/plcm/Desktop/2026-EyeTracking/group-eyeconic/OS2/final_recordings\subject-2.csv","psycho","Neonatal Nightingale","4.1.14","baby","plant","stool","rocking-horse","0","0","space","space","space","NA","space","NA","NA","space","NA","space","NA","space","NA","space","NA","NA","NA","space","NA","NA","NA","782.1993000106886","1338.223799946718","5584.560300048906","NA","782.1993000106886","NA","NA","2954.3456999817863","NA","2675.7213000091724","NA","3588.133299956098","NA","2627.9615000239573","NA","NA","NA","1299.8658999567851","NA","NA","NA","29283.503099984955","lalt","35","2","psycho","The woman will touch the baby","1024","2","24000","-16","experiment","2","even","1","477075.64990001265","474325.8521000389","199663.42310002074","5344.026200007647","179564.62240003748","180910.1538999821","NA","470300.36200000905","474325.75419999193","470087.4505999964","NA","179559.97220001882","NA","NA","469304.52720000176","NA","NA","186500.40560000343","NA","189459.09790002042","NA","192138.6639000266","NA","195730.8567999862","NA","NA","NA","198362.83400002867","NA","NA","NA","477094.98009999515","NA","34640.52910002647","470285.39909998653","469294.3283999921","469304.40800002543","474345.1078000362","474301.0905000265","199663.45600003842","470284.8139000125","5355.378500011284","3000","SceneViewing","34","28643.23440019507","34","2560"
"100","100","27_n.wav","826","826","#dadada","256","psycho","psycho","psycho","non-restrictive","1","undefined","undefined","1","NA","undefined","NA","undefined","NA","undefined","NA","undefined","NA","NA","undefined","NA","NA","NA","undefined","35","35","0","0","0","0","NA","35","35","35","NA","0","NA","NA","35","0","NA","0","NA","0","NA","0","NA","0","NA","NA","NA","0","NA","NA","NA","35","NA","0","35","35","35","35","35","0","35","0","participant_group3.csv","3","NA","NA","NA","Sun Jul 12 16:57:24 2026","NA","The main experiment item","False","VWP_finalSetup_12_07.osexp","C:\Users\plcm\Downloads","False","mono","False","20","no","#0c0c0c","no","yes","1440","27","28_pos1_nosub.png","28_pos1_sub.png","psycho","35","35","C:/Users/plcm/Desktop/2026-EyeTracking/group-eyeconic/OS2/final_recordings\subject-2.csv","psycho","Neonatal Nightingale","4.1.14","lamp","switch","frame","picture","0","0","space","space","space","NA","space","NA","NA","space","NA","space","NA","space","NA","space","NA","NA","NA","space","NA","NA","NA","277.77340001193807","1338.223799946718","5584.560300048906","NA","277.77340001193807","NA","NA","2954.3456999817863","NA","2675.7213000091724","NA","3588.133299956098","NA","2627.9615000239573","NA","NA","NA","1299.8658999567851","NA","NA","NA","29283.503099984955","lalt","36","2","psycho","The boy will touch the lamp","1024","2","24000","-16","experiment","2","even","1","484065.724199987","481643.39510002173","199663.42310002074","5344.026200007647","179564.62240003748","180910.1538999821","NA","477620.6106999889","481643.34619999863","477391.4045999991","NA","179559.97220001882","NA","NA","477112.8849000088","NA","NA","186500.40560000343","NA","189459.09790002042","NA","192138.6639000266","NA","195730.8567999862","NA","NA","NA","198362.83400002867","NA","NA","NA","484084.99770000344","NA","34640.52910002647","477604.8062000191","477101.66709998157","477112.55720001645","481662.38320001867","481620.7778000389","199663.45600003842","477604.143100034","5355.378500011284","3000","SceneViewing","35","28921.007800207008","35","2560"
"100","100","37_n.wav","816","816","#dadada","256","psycho","psycho","psycho","non-restrictive","1","undefined","undefined","1","NA","undefined","NA","undefined","NA","undefined","NA","undefined","NA","NA","undefined","NA","NA","NA","undefined","36","36","0","0","0","0","NA","36","36","36","NA","0","NA","NA","36","0","NA","0","NA","0","NA","0","NA","0","NA","NA","NA","0","NA","NA","NA","36","NA","0","36","36","36","36","36","0","36","0","participant_group3.csv","3","NA","NA","NA","Sun Jul 12 16:57:24 2026","NA","The main experiment item","False","VWP_finalSetup_12_07.osexp","C:\Users\plcm\Downloads","False","mono","False","20","no","#0c0c0c","no","yes","1440","37","38_pos3_nosub.png","38_pos3_sub.png","psycho","36","36","C:/Users/plcm/Desktop/2026-EyeTracking/group-eyeconic/OS2/final_recordings\subject-2.csv","psycho","Neonatal Nightingale","4.1.14","marker","key","banana","mitten","0","0","space","space","space","NA","space","NA","NA","space","NA","space","NA","space","NA","space","NA","NA","NA","space","NA","NA","NA","474.48229999281466","1338.223799946718","5584.560300048906","NA","474.48229999281466","NA","NA","2954.3456999817863","NA","2675.7213000091724","NA","3588.133299956098","NA","2627.9615000239573","NA","NA","NA","1299.8658999567851","NA","NA","NA","29283.503099984955","lalt","37","2","psycho","The boy will move the banana","1024","2","24000","-16","experiment","2","even","3","491536.0488999868","488819.76490002126","199663.42310002074","5344.026200007647","179564.62240003748","180910.1538999821","NA","484796.24150000745","488819.6822000318","484591.57500002766","NA","179559.97220001882","NA","NA","484116.18900002213","NA","NA","186500.40560000343","NA","189459.09790002042","NA","192138.6639000266","NA","195730.8567999862","NA","NA","NA","198362.83400002867","NA","NA","NA","491555.6188999908","NA","34640.52910002647","484779.96820001863","484105.28000001796","484116.01070000324","488838.9317999827","488796.6323000146","199663.45600003842","484779.331800004","5355.378500011284","3000","SceneViewing","36","29395.490100199822","36","2560"
"100","100","18_r.wav","808","808","#dadada","256","psycho","psycho","psycho","restrictive","1","undefined","undefined","1","NA","undefined","NA","undefined","NA","undefined","NA","undefined","NA","NA","undefined","NA","NA","NA","undefined","37","37","0","0","0","0","NA","37","37","37","NA","0","NA","NA","37","0","NA","0","NA","0","NA","0","NA","0","NA","NA","NA","0","NA","NA","NA","37","NA","0","37","37","37","37","37","0","37","0","participant_group3.csv","3","NA","NA","NA","Sun Jul 12 16:57:24 2026","NA","The main experiment item","False","VWP_finalSetup_12_07.osexp","C:\Users\plcm\Downloads","False","mono","False","20","no","#0c0c0c","no","yes","1440","18","19_pos4_nosub.png","19_pos4_sub.png","psycho","37","37","C:/Users/plcm/Desktop/2026-EyeTracking/group-eyeconic/OS2/final_recordings\subject-2.csv","psycho","Neonatal Nightingale","4.1.14","stick","feather","leaf","football","0","0","space","space","space","NA","space","NA","NA","space","NA","space","NA","space","NA","space","NA","NA","NA","space","NA","NA","NA","530.4582000244409","1338.223799946718","5584.560300048906","NA","530.4582000244409","NA","NA","2954.3456999817863","NA","2675.7213000091724","NA","3588.133299956098","NA","2627.9615000239573","NA","NA","NA","1299.8658999567851","NA","NA","NA","29283.503099984955","lalt","38","2","psycho","The boy will kick the football","1024","2","24000","-16","experiment","2","even","4","498935.5678000138","496331.36080001714","199663.42310002074","5344.026200007647","179564.62240003748","180910.1538999821","NA","492306.8988000159","496331.2937000301","492103.7513000192","NA","179559.97220001882","NA","NA","491572.23749998957","NA","NA","186500.40560000343","NA","189459.09790002042","NA","192138.6639000266","NA","195730.8567999862","NA","NA","NA","198362.83400002867","NA","NA","NA","498954.8196999822","NA","34640.52910002647","492291.0514000105","491561.73560000025","491572.08620000165","496351.0626000352","496307.3889000225","199663.45600003842","492290.0618999847","5355.378500011284","3000","SceneViewing","37","29925.948300224263","37","2560"
"100","100","11_n.wav","789","789","#dadada","256","psycho","psycho","psycho","non-restrictive","1","undefined","undefined","1","NA","undefined","NA","undefined","NA","undefined","NA","undefined","NA","NA","undefined","NA","NA","NA","undefined","38","38","0","0","0","0","NA","38","38","38","NA","0","NA","NA","38","0","NA","0","NA","0","NA","0","NA","0","NA","NA","NA","0","NA","NA","NA","38","NA","0","38","38","38","38","38","0","38","0","participant_group3.csv","3","NA","NA","NA","Sun Jul 12 16:57:24 2026","NA","The main experiment item","False","VWP_finalSetup_12_07.osexp","C:\Users\plcm\Downloads","False","mono","False","20","no","#0c0c0c","no","yes","1440","11","12_pos1_nosub.png","12_pos1_sub.png","psycho","38","38","C:/Users/plcm/Desktop/2026-EyeTracking/group-eyeconic/OS2/final_recordings\subject-2.csv","psycho","Neonatal Nightingale","4.1.14","bell","drum","duck","bricks","0","0","space","space","space","NA","space","NA","NA","space","NA","space","NA","space","NA","space","NA","NA","NA","space","NA","NA","NA","67.42400000803173","1338.223799946718","5584.560300048906","NA","67.42400000803173","NA","NA","2954.3456999817863","NA","2675.7213000091724","NA","3588.133299956098","NA","2627.9615000239573","NA","NA","NA","1299.8658999567851","NA","NA","NA","29283.503099984955","lalt","39","2","psycho","The baby will kick the bell","1024","2","24000","-16","experiment","2","even","1","505745.9047000157","503276.01740002865","199663.42310002074","5344.026200007647","179564.62240003748","180910.1538999821","NA","499252.89220002014","503275.9432999883","499039.49960001046","NA","179559.97220001882","NA","NA","498971.2564999936","NA","NA","186500.40560000343","NA","189459.09790002042","NA","192138.6639000266","NA","195730.8567999862","NA","NA","NA","198362.83400002867","NA","NA","NA","505765.1862000348","NA","34640.52910002647","499235.47600000165","498961.04660001583","498971.14490001695","503295.74110003887","503253.0853000353","199663.45600003842","499234.8831000272","5355.378500011284","3000","SceneViewing","38","29993.372300232295","38","2560"
"100","100","36_r.wav","790","790","#dadada","256","psycho","psycho","psycho","restrictive","1","undefined","undefined","1","NA","undefined","NA","undefined","NA","undefined","NA","undefined","NA","NA","undefined","NA","NA","NA","undefined","39","39","0","0","0","0","NA","39","39","39","NA","0","NA","NA","39","0","NA","0","NA","0","NA","0","NA","0","NA","NA","NA","0","NA","NA","NA","39","NA","0","39","39","39","39","39","0","39","0","participant_group3.csv","3","NA","NA","NA","Sun Jul 12 16:57:24 2026","NA","The main experiment item","False","VWP_finalSetup_12_07.osexp","C:\Users\plcm\Downloads","False","mono","False","20","no","#0c0c0c","no","yes","1440","36","37_pos2_nosub.png","37_pos2_sub.png","psycho","39","39","C:/Users/plcm/Desktop/2026-EyeTracking/group-eyeconic/OS2/final_recordings\subject-2.csv","psycho","Neonatal Nightingale","4.1.14","clips","lego","papers","boxes","0","0","space","space","space","NA","space","NA","NA","space","NA","space","NA","space","NA","space","NA","NA","NA","space","NA","NA","NA","826.1378000024706","1338.223799946718","5584.560300048906","NA","826.1378000024706","NA","NA","2954.3456999817863","NA","2675.7213000091724","NA","3588.133299956098","NA","2627.9615000239573","NA","NA","NA","1299.8658999567851","NA","NA","NA","29283.503099984955","lalt","40","2","psycho","The kid will build the lego","1024","2","24000","-16","experiment","2","even","2","513695.5646999995","510873.3046000125","199663.42310002074","5344.026200007647","179564.62240003748","180910.1538999821","NA","506848.69910002453","510873.17249999614","506607.4161999859","NA","179559.97220001882","NA","NA","505780.54040001007","NA","NA","186500.40560000343","NA","189459.09790002042","NA","192138.6639000266","NA","195730.8567999862","NA","NA","NA","198362.83400002867","NA","NA","NA","513714.444799989","NA","34640.52910002647","506832.9708999954","505771.3749000104","505780.4355000262","510892.48620002763","510849.29460001877","199663.45600003842","506832.3660999886","5355.378500011284","3000","SceneViewing","39","30819.510100234766","39","2560"
"100","100","13_n.wav","805","805","#dadada","256","psycho","psycho","psycho","non-restrictive","1","undefined","undefined","1","NA","undefined","NA","undefined","NA","undefined","NA","undefined","NA","NA","undefined","NA","NA","NA","undefined","40","40","0","0","0","0","NA","40","40","40","NA","0","NA","NA","40","0","NA","0","NA","0","NA","0","NA","0","NA","NA","NA","0","NA","NA","NA","40","NA","0","40","40","40","40","40","0","40","0","participant_group3.csv","3","NA","NA","NA","Sun Jul 12 16:57:24 2026","NA","The main experiment item","False","VWP_finalSetup_12_07.osexp","C:\Users\plcm\Downloads","False","mono","False","20","no","#0c0c0c","no","yes","1440","13","14_pos3_nosub.png","14_pos3_sub.png","psycho","40","40","C:/Users/plcm/Desktop/2026-EyeTracking/group-eyeconic/OS2/final_recordings\subject-2.csv","psycho","Neonatal Nightingale","4.1.14","briefcase","glasses","cigarettes","filofax","0","0","space","space","space","NA","space","NA","NA","space","NA","space","NA","space","NA","space","NA","NA","NA","space","NA","NA","NA","1394.75149998907","1338.223799946718","5584.560300048906","NA","1394.75149998907","NA","NA","2954.3456999817863","NA","2675.7213000091724","NA","3588.133299956098","NA","2627.9615000239573","NA","NA","NA","1299.8658999567851","NA","NA","NA","29283.503099984955","lalt","41","2","psycho","The man will  collect the cigarettes","1024","2","24000","-16","experiment","2","even","3","522405.7599999942","519381.26440002816","199663.42310002074","5344.026200007647","179564.62240003748","180910.1538999821","NA","515356.1313999817","519381.1499000294","515135.651300021","NA","179559.97220001882","NA","NA","513739.86840003636","NA","NA","186500.40560000343","NA","189459.09790002042","NA","192138.6639000266","NA","195730.8567999862","NA","NA","NA","198362.83400002867","NA","NA","NA","522424.6189999976","NA","34640.52910002647","515339.4813000341","513729.15949998423","513739.7251999937","519400.3238999867","519356.2729000114","199663.45600003842","515338.8758000219","5355.378500011284","3000","SceneViewing","40","32214.261600223836","40","2560"
"100","100","49_n.wav","789","789","#dadada","256","psycho","psycho","psycho","non-restrictive","1","undefined","undefined","1","NA","undefined","NA","undefined","NA","undefined","NA","undefined","NA","NA","undefined","NA","NA","NA","undefined","41","41","0","0","0","0","NA","41","41","41","NA","0","NA","NA","41","0","NA","0","NA","0","NA","0","NA","0","NA","NA","NA","0","NA","NA","NA","41","NA","0","41","41","41","41","41","0","41","0","participant_group3.csv","3","NA","NA","NA","Sun Jul 12 16:57:24 2026","NA","The main experiment item","False","VWP_finalSetup_12_07.osexp","C:\Users\plcm\Downloads","False","mono","False","20","no","#0c0c0c","no","yes","1440","49","50_pos3_nosub.png","50_pos3_sub.png","psycho","41","41","C:/Users/plcm/Desktop/2026-EyeTracking/group-eyeconic/OS2/final_recordings\subject-2.csv","psycho","Neonatal Nightingale","4.1.14","rubberband","scissors","stamp","envelope","0","0","space","space","space","NA","space","NA","NA","space","NA","space","NA","space","NA","space","NA","NA","NA","space","NA","NA","NA","135.31069998862222","1338.223799946718","5584.560300048906","NA","135.31069998862222","NA","NA","2954.3456999817863","NA","2675.7213000091724","NA","3588.133299956098","NA","2627.9615000239573","NA","NA","NA","1299.8658999567851","NA","NA","NA","29283.503099984955","lalt","42","2","psycho","The man will pick up the stamp","1024","2","24000","-16","experiment","2","even","3","529575.7678000373","526840.1227000286","199663.42310002074","5344.026200007647","179564.62240003748","180910.1538999821","NA","522815.72230003076","526840.0147000211","522591.48080000887","NA","179559.97220001882","NA","NA","522455.2975000115","NA","NA","186500.40560000343","NA","189459.09790002042","NA","192138.6639000266","NA","195730.8567999862","NA","NA","NA","198362.83400002867","NA","NA","NA","529595.7008000114","NA","34640.52910002647","522799.6966000064","522443.2109000045","522454.9976999988","526859.6815000055","526816.4872000343","199663.45600003842","522799.2313000141","5355.378500011284","3000","SceneViewing","41","32349.572300212458","41","2560"
"100","100","41_n.wav","791","791","#dadada","256","psycho","psycho","psycho","non-restrictive","1","undefined","undefined","1","NA","undefined","NA","undefined","NA","undefined","NA","undefined","NA","NA","undefined","NA","NA","NA","undefined","42","42","0","0","0","0","NA","42","42","42","NA","0","NA","NA","42","0","NA","0","NA","0","NA","0","NA","0","NA","NA","NA","0","NA","NA","NA","42","NA","0","42","42","42","42","42","0","42","0","participant_group3.csv","3","NA","NA","NA","Sun Jul 12 16:57:24 2026","NA","The main experiment item","False","VWP_finalSetup_12_07.osexp","C:\Users\plcm\Downloads","False","mono","False","20","no","#0c0c0c","no","yes","1440","41","42_pos3_nosub.png","42_pos3_sub.png","psycho","42","42","C:/Users/plcm/Desktop/2026-EyeTracking/group-eyeconic/OS2/final_recordings\subject-2.csv","psycho","Neonatal Nightingale","4.1.14","cone","shell","orange","stone","0","0","space","space","space","NA","space","NA","NA","space","NA","space","NA","space","NA","space","NA","NA","NA","space","NA","NA","NA","909.9184999940917","1338.223799946718","5584.560300048906","NA","909.9184999940917","NA","NA","2954.3456999817863","NA","2675.7213000091724","NA","3588.133299956098","NA","2627.9615000239573","NA","NA","NA","1299.8658999567851","NA","NA","NA","29283.503099984955","lalt","43","2","psycho","The boy will move the orange","1024","2","24000","-16","experiment","2","even","3","537376.0214000358","534765.86829999","199663.42310002074","5344.026200007647","179564.62240003748","180910.1538999821","NA","530742.5712000113","534765.7996999915","530543.6010999838","NA","179559.97220001882","NA","NA","529632.7241000254","NA","NA","186500.40560000343","NA","189459.09790002042","NA","192138.6639000266","NA","195730.8567999862","NA","NA","NA","198362.83400002867","NA","NA","NA","537395.606599981","NA","34640.52910002647","530727.7314999956","529621.7701000278","529632.5650000363","534785.7513999916","534743.2274000021","199663.45600003842","530727.2208000068","5355.378500011284","3000","SceneViewing","42","33259.49080020655","42","2560"
"100","100","9_n.wav","781","781","#dadada","256","psycho","psycho","psycho","non-restrictive","1","undefined","undefined","1","NA","undefined","NA","undefined","NA","undefined","NA","undefined","NA","NA","undefined","NA","NA","NA","undefined","43","43","0","0","0","0","NA","43","43","43","NA","0","NA","NA","43","0","NA","0","NA","0","NA","0","NA","0","NA","NA","NA","0","NA","NA","NA","43","NA","0","43","43","43","43","43","0","43","0","participant_group3.csv","3","NA","NA","NA","Sun Jul 12 16:57:24 2026","NA","The main experiment item","False","VWP_finalSetup_12_07.osexp","C:\Users\plcm\Downloads","False","mono","False","20","no","#0c0c0c","no","yes","1440","9","10_pos3_nosub.png","10_pos3_sub.png","psycho","43","43","C:/Users/plcm/Desktop/2026-EyeTracking/group-eyeconic/OS2/final_recordings\subject-2.csv","psycho","Neonatal Nightingale","4.1.14","cup","bag","book","door","0","0","space","space","space","NA","space","NA","NA","space","NA","space","NA","space","NA","space","NA","NA","NA","space","NA","NA","NA","364.7724000038579","1338.223799946718","5584.560300048906","NA","364.7724000038579","NA","NA","2954.3456999817863","NA","2675.7213000091724","NA","3588.133299956098","NA","2627.9615000239573","NA","NA","NA","1299.8658999567851","NA","NA","NA","29283.503099984955","lalt","44","2","psycho","The woman will open the book","1024","2","24000","-16","experiment","2","even","3","543845.7335000276","542013.5919000022","199663.42310002074","5344.026200007647","179564.62240003748","180910.1538999821","NA","537989.5569999935","542013.5327000171","537791.7229000013","NA","179559.97220001882","NA","NA","537426.0130000184","NA","NA","186500.40560000343","NA","189459.09790002042","NA","192138.6639000266","NA","195730.8567999862","NA","NA","NA","198362.83400002867","NA","NA","NA","543865.6533000176","NA","34640.52910002647","537970.9755000076","537414.441400033","537425.8745000116","542032.7439000248","541990.0796000147","199663.45600003842","537970.0784999877","5355.378500011284","3000","SceneViewing","43","33624.26320021041","43","2560"
"100","100","0_r.wav","832","832","#dadada","256","psycho","psycho","psycho","restrictive","1","undefined","undefined","1","NA","undefined","NA","undefined","NA","undefined","NA","undefined","NA","NA","undefined","NA","NA","NA","undefined","44","44","0","0","0","0","NA","44","44","44","NA","0","NA","NA","44","0","NA","0","NA","0","NA","0","NA","0","NA","NA","NA","0","NA","NA","NA","44","NA","0","44","44","44","44","44","0","44","0","participant_group3.csv","3","NA","NA","NA","Sun Jul 12 16:57:24 2026","NA","The main experiment item","False","VWP_finalSetup_12_07.osexp","C:\Users\plcm\Downloads","False","mono","False","20","no","#0c0c0c","no","yes","1440","0","1_pos2_nosub.png","1_pos2_sub.png","psycho","44","44","C:/Users/plcm/Desktop/2026-EyeTracking/group-eyeconic/OS2/final_recordings\subject-2.csv","psycho","Neonatal Nightingale","4.1.14","ball","cake","toy-car","toy-train","0","0","space","space","space","NA","space","NA","NA","space","NA","space","NA","space","NA","space","NA","NA","NA","space","NA","NA","NA","2988.7712000054307","1338.223799946718","5584.560300048906","NA","2988.7712000054307","NA","NA","2954.3456999817863","NA","2675.7213000091724","NA","3588.133299956098","NA","2627.9615000239573","NA","NA","NA","1299.8658999567851","NA","NA","NA","29283.503099984955","lalt","45","2","psycho","The boy will eat the cake","1024","2","24000","-16","experiment","2","even","2","553445.689300017","551107.3088999838","199663.42310002074","5344.026200007647","179564.62240003748","180910.1538999821","NA","547083.1392999971","551107.2245999821","546871.9120000023","NA","179559.97220001882","NA","NA","543881.9697999861","NA","NA","186500.40560000343","NA","189459.09790002042","NA","192138.6639000266","NA","195730.8567999862","NA","NA","NA","198362.83400002867","NA","NA","NA","553465.9938000259","NA","34640.52910002647","547066.7609000229","543871.8631000374","543881.8637999939","551126.5239000204","551083.9608000242","199663.45600003842","547066.175999993","5355.378500011284","3000","SceneViewing","44","36613.03440021584","44","2560"
"100","100","30_r.wav","841","841","#dadada","256","psycho","psycho","psycho","restrictive","1","undefined","undefined","1","NA","undefined","NA","undefined","NA","undefined","NA","undefined","NA","NA","undefined","NA","NA","NA","undefined","45","45","0","0","0","0","NA","45","45","45","NA","0","NA","NA","45","0","NA","0","NA","0","NA","0","NA","0","NA","NA","NA","0","NA","NA","NA","45","NA","0","45","45","45","45","45","0","45","0","participant_group3.csv","3","NA","NA","NA","Sun Jul 12 16:57:24 2026","NA","The main experiment item","False","VWP_finalSetup_12_07.osexp","C:\Users\plcm\Downloads","False","mono","False","20","no","#0c0c0c","no","yes","1440","30","31_pos4_nosub.png","31_pos4_sub.png","psycho","45","45","C:/Users/plcm/Desktop/2026-EyeTracking/group-eyeconic/OS2/final_recordings\subject-2.csv","psycho","Neonatal Nightingale","4.1.14","cap","watch","headphones","dice","0","0","space","space","space","NA","space","NA","NA","space","NA","space","NA","space","NA","space","NA","NA","NA","space","NA","NA","NA","1251.627899997402","1338.223799946718","5584.560300048906","NA","1251.627899997402","NA","NA","2954.3456999817863","NA","2675.7213000091724","NA","3588.133299956098","NA","2627.9615000239573","NA","NA","NA","1299.8658999567851","NA","NA","NA","29283.503099984955","lalt","46","2","psycho","The girl will roll the dice","1024","2","24000","-16","experiment","2","even","4","561575.792699994","558973.8928999868","199663.42310002074","5344.026200007647","179564.62240003748","180910.1538999821","NA","554948.6786000198","558973.8346000086","554735.5138999992","NA","179559.97220001882","NA","NA","553482.9713000217","NA","NA","186500.40560000343","NA","189459.09790002042","NA","192138.6639000266","NA","195730.8567999862","NA","NA","NA","198362.83400002867","NA","NA","NA","561595.386800007","NA","34640.52910002647","554934.2662999989","553472.468300024","553482.7197000268","558993.1461000233","558949.0609000204","199663.45600003842","554933.6205000291","5355.378500011284","3000","SceneViewing","45","37864.66230021324","45","2560"
"100","100","39_n.wav","837","837","#dadada","256","psycho","psycho","psycho","non-restrictive","1","undefined","undefined","1","NA","undefined","NA","undefined","NA","undefined","NA","undefined","NA","NA","undefined","NA","NA","NA","undefined","46","46","0","0","0","0","NA","46","46","46","NA","0","NA","NA","46","0","NA","0","NA","0","NA","0","NA","0","NA","NA","NA","0","NA","NA","NA","46","NA","0","46","46","46","46","46","0","46","0","participant_group3.csv","3","NA","NA","NA","Sun Jul 12 16:57:24 2026","NA","The main experiment item","False","VWP_finalSetup_12_07.osexp","C:\Users\plcm\Downloads","False","mono","False","20","no","#0c0c0c","no","yes","1440","39","40_pos1_nosub.png","40_pos1_sub.png","psycho","46","46","C:/Users/plcm/Desktop/2026-EyeTracking/group-eyeconic/OS2/final_recordings\subject-2.csv","psycho","Neonatal Nightingale","4.1.14","shoelace","shampoo","mat","buckle","0","0","space","space","space","NA","space","NA","NA","space","NA","space","NA","space","NA","space","NA","NA","NA","space","NA","NA","NA","671.0563999949954","1338.223799946718","5584.560300048906","NA","671.0563999949954","NA","NA","2954.3456999817863","NA","2675.7213000091724","NA","3588.133299956098","NA","2627.9615000239573","NA","NA","NA","1299.8658999567851","NA","NA","NA","29283.503099984955","lalt","47","2","psycho","The boy will move the shoelace","1024","2","24000","-16","experiment","2","even","1","569145.7723000203","566548.3332999866","199663.42310002074","5344.026200007647","179564.62240003748","180910.1538999821","NA","562523.666299996","566548.2694000239","562287.6302000368","NA","179559.97220001882","NA","NA","561615.6498999917","NA","NA","186500.40560000343","NA","189459.09790002042","NA","192138.6639000266","NA","195730.8567999862","NA","NA","NA","198362.83400002867","NA","NA","NA","569164.9413999985","NA","34640.52910002647","562504.7679999843","561606.1132000177","561615.2683999971","566567.7806999884","566524.3188000168","199663.45600003842","562503.9977999986","5355.378500011284","3000","SceneViewing","46","38535.718700208236","46","2560"
"100","100","43_n.wav","833","833","#dadada","256","psycho","psycho","psycho","non-restrictive","1","undefined","undefined","1","NA","undefined","NA","undefined","NA","undefined","NA","undefined","NA","NA","undefined","NA","NA","NA","undefined","47","47","0","0","0","0","NA","47","47","47","NA","0","NA","NA","47","0","NA","0","NA","0","NA","0","NA","0","NA","NA","NA","0","NA","NA","NA","47","NA","0","47","47","47","47","47","0","47","0","participant_group3.csv","3","NA","NA","NA","Sun Jul 12 16:57:24 2026","NA","The main experiment item","False","VWP_finalSetup_12_07.osexp","C:\Users\plcm\Downloads","False","mono","False","20","no","#0c0c0c","no","yes","1440","43","44_pos1_nosub.png","44_pos1_sub.png","psycho","47","47","C:/Users/plcm/Desktop/2026-EyeTracking/group-eyeconic/OS2/final_recordings\subject-2.csv","psycho","Neonatal Nightingale","4.1.14","safe","pan","bolt","handle","0","0","space","space","space","NA","space","NA","NA","space","NA","space","NA","space","NA","space","NA","NA","NA","space","NA","NA","NA","660.2017999975942","1338.223799946718","5584.560300048906","NA","660.2017999975942","NA","NA","2954.3456999817863","NA","2675.7213000091724","NA","3588.133299956098","NA","2627.9615000239573","NA","NA","NA","1299.8658999567851","NA","NA","NA","29283.503099984955","lalt","48","2","psycho","The man will wipe the safe","1024","2","24000","-16","experiment","2","even","1","576545.554900018","574101.1508000083","199663.42310002074","5344.026200007647","179564.62240003748","180910.1538999821","NA","570076.8071000348","574101.0726999957","569855.6684000068","NA","179559.97220001882","NA","NA","569194.3803000031","NA","NA","186500.40560000343","NA","189459.09790002042","NA","192138.6639000266","NA","195730.8567999862","NA","NA","NA","198362.83400002867","NA","NA","NA","576565.0162000093","NA","34640.52910002647","570060.571100039","569184.7435000236","569194.2784999846","574120.3677000012","574077.1058000391","199663.45600003842","570059.7117000143","5355.378500011284","3000","SceneViewing","47","39195.92050020583","47","2560"
"100","100","20_r.wav","830","830","#dadada","256","psycho","psycho","psycho","restrictive","1","undefined","undefined","1","NA","undefined","NA","undefined","NA","undefined","NA","undefined","NA","NA","undefined","NA","NA","NA","undefined","48","48","0","0","0","0","NA","48","48","48","NA","0","NA","NA","48","0","NA","0","NA","0","NA","0","NA","0","NA","NA","NA","0","NA","NA","NA","48","NA","0","48","48","48","48","48","0","48","0","participant_group3.csv","3","NA","NA","NA","Sun Jul 12 16:57:24 2026","NA","The main experiment item","False","VWP_finalSetup_12_07.osexp","C:\Users\plcm\Downloads","False","mono","False","20","no","#0c0c0c","no","yes","1440","20","21_pos2_nosub.png","21_pos2_sub.png","psycho","48","48","C:/Users/plcm/Desktop/2026-EyeTracking/group-eyeconic/OS2/final_recordings\subject-2.csv","psycho","Neonatal Nightingale","4.1.14","cup","kitten","block","crayon","0","0","space","space","space","NA","space","NA","NA","space","NA","space","NA","space","NA","space","NA","NA","NA","space","NA","NA","NA","657.3830000124872","1338.223799946718","5584.560300048906","NA","657.3830000124872","NA","NA","2954.3456999817863","NA","2675.7213000091724","NA","3588.133299956098","NA","2627.9615000239573","NA","NA","NA","1299.8658999567851","NA","NA","NA","29283.503099984955","lalt","49","2","psycho","The baby will hug the kitten","1024","2","24000","-16","experiment","2","even","2","584245.7488999935","581466.8829999864","199663.42310002074","5344.026200007647","179564.62240003748","180910.1538999821","NA","577443.367800035","581466.8319000048","577239.3423999893","NA","179559.97220001882","NA","NA","576581.2413999811","NA","NA","186500.40560000343","NA","189459.09790002042","NA","192138.6639000266","NA","195730.8567999862","NA","NA","NA","198362.83400002867","NA","NA","NA","584264.8787000217","NA","34640.52910002647","577428.3021999872","576571.2138999952","576581.1150000081","581485.9142000205","581444.294099987","199663.45600003842","577427.7263000258","5355.378500011284","3000","SceneViewing","48","39853.30350021832","48","2560"
"100","100","2_r.wav","819","819","#dadada","256","psycho","psycho","psycho","restrictive","1","undefined","undefined","1","NA","undefined","NA","undefined","NA","undefined","NA","undefined","NA","NA","undefined","NA","NA","NA","undefined","49","49","0","0","0","0","NA","49","49","49","NA","0","NA","NA","49","0","NA","0","NA","0","NA","0","NA","0","NA","NA","NA","0","NA","NA","NA","49","NA","0","49","49","49","49","49","0","49","0","participant_group3.csv","3","NA","NA","NA","Sun Jul 12 16:57:24 2026","NA","The main experiment item","False","VWP_finalSetup_12_07.osexp","C:\Users\plcm\Downloads","False","mono","False","20","no","#0c0c0c","no","yes","1440","2","3_pos4_nosub.png","3_pos4_sub.png","psycho","49","49","C:/Users/plcm/Desktop/2026-EyeTracking/group-eyeconic/OS2/final_recordings\subject-2.csv","psycho","Neonatal Nightingale","4.1.14","car","houses","dustbin","man","0","0","space","space","space","NA","space","NA","NA","space","NA","space","NA","space","NA","space","NA","NA","NA","space","NA","NA","NA","323.33569996990263","1338.223799946718","5584.560300048906","NA","323.33569996990263","NA","NA","2954.3456999817863","NA","2675.7213000091724","NA","3588.133299956098","NA","2627.9615000239573","NA","NA","NA","1299.8658999567851","NA","NA","NA","29283.503099984955","lalt","50","2","psycho","The policeman will arrest the man","1024","2","24000","-16","experiment","2","even","4","591905.5848999997","588827.1415000199","199663.42310002074","5344.026200007647","179564.62240003748","180910.1538999821","NA","584803.6797000095","588827.0463999943","584607.7823000378","NA","179559.97220001882","NA","NA","584283.3255000296","NA","NA","186500.40560000343","NA","189459.09790002042","NA","192138.6639000266","NA","195730.8567999862","NA","NA","NA","198362.83400002867","NA","NA","NA","591924.9684000388","NA","34640.52910002647","584786.6555000073","584271.9436000334","584283.2010000129","588846.7926000012","588803.816700005","199663.45600003842","584786.1080000293","5355.378500011284","3000","SceneViewing","49","40176.63920018822","49","2560"
