"acc","accuracy","audio_file","average_response_time","avg_rt","background","block_size","canvas_backend","clock_backend","color_backend","condition","correct","correct_experiment_intro","correct_experiment_intro2","correct_new_1_keyboard_response","correct_new_2_keyboard_response","correct_new_2_sketchpad","correct_new_3_keyboard_response","correct_new_3_sketchpad","correct_new_4_keyboard_response","correct_new_4_sketchpad","correct_new_5_keyboard_response","correct_new_5_sketchpad","correct_new_6_keyboard_response","correct_new_7_keyboard_response","correct_new_7_sketchpad","correct_new_8_keyboard_response","correct_new_keyboard_response","correct_new_mouse_response","correct_welcome","count_accuracy_output","count_audio_file_offset","count_audio_file_onset_log","count_definitions","count_experiment","count_experiment_intro","count_experiment_intro2","count_image_delay","count_image_nosub","count_image_sub","count_increment_roundCounter","count_instruction","count_instructions","count_log_instruction","count_new_1_inline_script","count_new_1_keyboard_response","count_new_1_sketchpad","count_new_2_keyboard_response","count_new_2_sketchpad","count_new_3_keyboard_response","count_new_3_sketchpad","count_new_4_keyboard_response","count_new_4_sketchpad","count_new_5_keyboard_response","count_new_5_sketchpad","count_new_6_keyboard_response","count_new_6_sketchpad","count_new_7_keyboard_response","count_new_7_sketchpad","count_new_8_keyboard_response","count_new_inline_script","count_new_keyboard_response","count_new_logger","count_new_mouse_response","count_new_pygaze_init","count_new_pygaze_start_recording","count_new_pygaze_stop_recording","count_new_sketchpad","count_sentence_audio","count_subject_onset_log","count_trial_loop","count_trial_sequence","count_welcome","csv_filepath","csv_id","cursor_roi","cursor_x","cursor_y","datetime","delay_image_delay","description","disable_garbage_collection","experiment_file","experiment_path","font_bold","font_family","font_italic","font_size","font_underline","foreground","form_clicks","fullscreen","height","id","image_nosub","image_sub","keyboard_backend","live_row","live_row_trial_loop","logfile","mouse_backend","opensesame_codename","opensesame_version","position1","position2","position3","position4","psychopy_screen","repeat_cycle","response","response_experiment_intro","response_experiment_intro2","response_instruction","response_new_1_keyboard_response","response_new_1_sketchpad","response_new_2_keyboard_response","response_new_2_sketchpad","response_new_3_keyboard_response","response_new_3_sketchpad","response_new_4_keyboard_response","response_new_4_sketchpad","response_new_5_keyboard_response","response_new_5_sketchpad","response_new_6_keyboard_response","response_new_6_sketchpad","response_new_7_keyboard_response","response_new_7_sketchpad","response_new_8_keyboard_response","response_new_keyboard_response","response_new_mouse_response","response_time","response_time_experiment_intro","response_time_experiment_intro2","response_time_instruction","response_time_new_1_keyboard_response","response_time_new_1_sketchpad","response_time_new_2_keyboard_response","response_time_new_2_sketchpad","response_time_new_3_keyboard_response","response_time_new_3_sketchpad","response_time_new_4_keyboard_response","response_time_new_4_sketchpad","response_time_new_5_keyboard_response","response_time_new_5_sketchpad","response_time_new_6_keyboard_response","response_time_new_6_sketchpad","response_time_new_7_keyboard_response","response_time_new_7_sketchpad","response_time_new_8_keyboard_response","response_time_new_keyboard_response","response_time_new_mouse_response","response_time_welcome","response_welcome","round","round_decimals","sampler_backend","sentence","sound_buf_size","sound_channels","sound_freq","sound_sample_size","start","subject_nr","subject_parity","target_position","time_accuracy_output","time_audio_file_offset","time_audio_file_onset_log","time_definitions","time_experiment","time_experiment_intro","time_experiment_intro2","time_image_delay","time_image_nosub","time_image_sub","time_increment_roundCounter","time_instruction","time_instructions","time_log_instruction","time_new_1_inline_script","time_new_1_keyboard_response","time_new_1_sketchpad","time_new_2_keyboard_response","time_new_2_sketchpad","time_new_3_keyboard_response","time_new_3_sketchpad","time_new_4_keyboard_response","time_new_4_sketchpad","time_new_5_keyboard_response","time_new_5_sketchpad","time_new_6_keyboard_response","time_new_6_sketchpad","time_new_7_keyboard_response","time_new_7_sketchpad","time_new_8_keyboard_response","time_new_inline_script","time_new_keyboard_response","time_new_logger","time_new_mouse_response","time_new_pygaze_init","time_new_pygaze_start_recording","time_new_pygaze_stop_recording","time_new_sketchpad","time_sentence_audio","time_subject_onset_log","time_trial_loop","time_trial_sequence","time_welcome","timeout","title","total_correct","total_response_time","total_responses","width"
"undefined","undefined","21_r.wav","undefined","undefined","#dadada","256","psycho","psycho","psycho","restrictive","undefined","undefined","undefined","NA","NA","undefined","NA","undefined","NA","undefined","NA","undefined","NA","NA","undefined","NA","NA","NA","undefined","0","0","0","0","0","0","0","NA","0","0","0","NA","0","NA","NA","0","0","NA","0","NA","0","NA","0","NA","0","NA","NA","NA","0","NA","NA","NA","0","NA","0","0","0","0","0","0","0","0","0","participant_group6.csv","6","NA","NA","NA","Wed Jul 29 11:48:29 2026","NA","The main experiment item","False","VWP_finalSetup_22_7.osexp","C:\Users\plcm\Desktop\2026-EyeTracking\group-eyeconic\OS2\final_recordings_upl","False","mono","False","20","no","#0c0c0c","no","yes","1440","21","22_pos4_nosub.png","22_pos4_sub.png","psycho","0","0","C:\Users\plcm\Desktop\2026-EyeTracking\group-eyeconic\OS2\final_recordings_upl\subject-5.csv","psycho","Neonatal Nightingale","4.1.14","magazine","vase","cushion","flower","0","0","space","space","space","NA","NA","NA","NA","space","NA","space","NA","space","NA","space","NA","NA","NA","space","NA","NA","NA","2564.207499992335","2442.57369999832","3352.997099995264","NA","NA","NA","NA","2939.5003000099678","NA","2548.0024999997113","NA","2163.3257000066806","NA","4299.286999987089","NA","NA","NA","2564.207499992335","NA","NA","NA","17813.62739999895","c","1","2","psycho","The woman will water the flower","1024","2","24000","-16","experiment","5","odd","4","107682.3882000026","136223.9513000095","133303.9592000132","128026.01400000276","7088.438900012989","107686.7545000132","110136.37370000652","NA","129274.99309999985","133303.89819999982","NA","NA","107682.46250000084","NA","NA","NA","NA","NA","113493.8639000029","NA","116437.29840000742","NA","118990.02660000406","NA","121158.05190001265","NA","NA","NA","125461.1128000106","NA","NA","NA","136249.57379999978","NA","24930.337100013276","128340.48820000316","NA","NA","133327.58460000332","133275.41740000015","128026.0416000092","128339.73970000807","7115.695300002699","3000","SceneViewing","0","0","0","2560"
"100","100","14_n.wav","3397","3397","#dadada","256","psycho","psycho","psycho","non-restrictive","1","undefined","undefined","1","NA","undefined","NA","undefined","NA","undefined","NA","undefined","NA","NA","undefined","NA","NA","NA","undefined","0","1","1","0","0","0","0","NA","1","1","1","NA","0","NA","NA","1","0","NA","0","NA","0","NA","0","NA","0","NA","NA","NA","0","NA","NA","NA","1","NA","0","1","1","1","1","1","0","1","0","participant_group6.csv","6","NA","NA","NA","Wed Jul 29 11:48:29 2026","NA","The main experiment item","False","VWP_finalSetup_22_7.osexp","C:\Users\plcm\Desktop\2026-EyeTracking\group-eyeconic\OS2\final_recordings_upl","False","mono","False","20","no","#0c0c0c","no","yes","1440","14","15_pos1_nosub.png","15_pos1_sub.png","psycho","1","1","C:\Users\plcm\Desktop\2026-EyeTracking\group-eyeconic\OS2\final_recordings_upl\subject-5.csv","psycho","Neonatal Nightingale","4.1.14","dog","bird","ball","hen","0","0","space","space","space","NA","space","NA","NA","space","NA","space","NA","space","NA","space","NA","NA","NA","space","NA","NA","NA","3397.5480000081006","2442.57369999832","3352.997099995264","NA","3397.5480000081006","NA","NA","2939.5003000099678","NA","2548.0024999997113","NA","2163.3257000066806","NA","4299.286999987089","NA","NA","NA","2564.207499992335","NA","NA","NA","17813.62739999895","c","2","2","psycho","The boy will feed the dog","1024","2","24000","-16","experiment","5","odd","1","107682.3882000026","146464.20720001333","143964.91350000724","128026.01400000276","7088.438900012989","107686.7545000132","110136.37370000652","NA","139941.62770001276","143964.86110000114","139681.94870000298","NA","107682.46250000084","NA","NA","136283.88000000268","NA","NA","113493.8639000029","NA","116437.29840000742","NA","118990.02660000406","NA","121158.05190001265","NA","NA","NA","125461.1128000106","NA","NA","NA","146483.78290000255","NA","24930.337100013276","139925.50420000043","136259.52370000596","136283.77760000876","143983.82750000746","143942.08520000393","128026.0416000092","139924.88109999977","7115.695300002699","3000","SceneViewing","1","3397.5480000081006","1","2560"
"100","100","17_r.wav","4025","4025","#dadada","256","psycho","psycho","psycho","restrictive","1","undefined","undefined","1","NA","undefined","NA","undefined","NA","undefined","NA","undefined","NA","NA","undefined","NA","NA","NA","undefined","0","2","2","0","0","0","0","NA","2","2","2","NA","0","NA","NA","2","0","NA","0","NA","0","NA","0","NA","0","NA","NA","NA","0","NA","NA","NA","2","NA","0","2","2","2","2","2","0","2","0","participant_group6.csv","6","NA","NA","NA","Wed Jul 29 11:48:29 2026","NA","The main experiment item","False","VWP_finalSetup_22_7.osexp","C:\Users\plcm\Desktop\2026-EyeTracking\group-eyeconic\OS2\final_recordings_upl","False","mono","False","20","no","#0c0c0c","no","yes","1440","17","18_pos4_nosub.png","18_pos4_sub.png","psycho","2","2","C:\Users\plcm\Desktop\2026-EyeTracking\group-eyeconic\OS2\final_recordings_upl\subject-5.csv","psycho","Neonatal Nightingale","4.1.14","bucket","stone","rope","wood","0","0","space","space","space","NA","space","NA","NA","space","NA","space","NA","space","NA","space","NA","NA","NA","space","NA","NA","NA","4653.04869999818","2442.57369999832","3352.997099995264","NA","4653.04869999818","NA","NA","2939.5003000099678","NA","2548.0024999997113","NA","2163.3257000066806","NA","4299.286999987089","NA","NA","NA","2564.207499992335","NA","NA","NA","17813.62739999895","c","3","2","psycho","The man will chop the wood","1024","2","24000","-16","experiment","5","odd","4","107682.3882000026","157923.9091000054","155453.514000008","128026.01400000276","7088.438900012989","107686.7545000132","110136.37370000652","NA","151428.98020001303","155453.4285000118","151170.1100000064","NA","107682.46250000084","NA","NA","146516.34660000855","NA","NA","113493.8639000029","NA","116437.29840000742","NA","118990.02660000406","NA","121158.05190001265","NA","NA","NA","125461.1128000106","NA","NA","NA","157943.42160000815","NA","24930.337100013276","151412.15600000578","146506.37540000025","146516.1203000025","155472.93420000642","155429.49380000937","128026.0416000092","151411.7602000042","7115.695300002699","3000","SceneViewing","2","8050.596700006281","2","2560"
"100","100","42_n.wav","3964","3964","#dadada","256","psycho","psycho","psycho","non-restrictive","1","undefined","undefined","1","NA","undefined","NA","undefined","NA","undefined","NA","undefined","NA","NA","undefined","NA","NA","NA","undefined","0","3","3","0","0","0","0","NA","3","3","3","NA","0","NA","NA","3","0","NA","0","NA","0","NA","0","NA","0","NA","NA","NA","0","NA","NA","NA","3","NA","0","3","3","3","3","3","0","3","0","participant_group6.csv","6","NA","NA","NA","Wed Jul 29 11:48:29 2026","NA","The main experiment item","False","VWP_finalSetup_22_7.osexp","C:\Users\plcm\Desktop\2026-EyeTracking\group-eyeconic\OS2\final_recordings_upl","False","mono","False","20","no","#0c0c0c","no","yes","1440","42","43_pos1_nosub.png","43_pos1_sub.png","psycho","3","3","C:\Users\plcm\Desktop\2026-EyeTracking\group-eyeconic\OS2\final_recordings_upl\subject-5.csv","psycho","Neonatal Nightingale","4.1.14","shirt","apple","chalk","ruler","0","0","space","space","space","NA","space","NA","NA","space","NA","space","NA","space","NA","space","NA","NA","NA","space","NA","NA","NA","3842.672999991919","2442.57369999832","3352.997099995264","NA","3842.672999991919","NA","NA","2939.5003000099678","NA","2548.0024999997113","NA","2163.3257000066806","NA","4299.286999987089","NA","NA","NA","2564.207499992335","NA","NA","NA","17813.62739999895","c","4","2","psycho","The woman will wash the shirt","1024","2","24000","-16","experiment","5","odd","1","107682.3882000026","168843.87100000458","166115.84620000212","128026.01400000276","7088.438900012989","107686.7545000132","110136.37370000652","NA","162092.13030000683","166115.79340000753","161818.0829000048","NA","107682.46250000084","NA","NA","157974.64500000933","NA","NA","113493.8639000029","NA","116437.29840000742","NA","118990.02660000406","NA","121158.05190001265","NA","NA","NA","125461.1128000106","NA","NA","NA","168862.94500000076","NA","24930.337100013276","162073.21480000974","157964.31490000396","157974.5341000089","166135.1100000029","166092.60070000892","128026.0416000092","162072.79180000478","7115.695300002699","3000","SceneViewing","3","11893.2696999982","3","2560"
"100","100","7_r.wav","3105","3105","#dadada","256","psycho","psycho","psycho","restrictive","1","undefined","undefined","1","NA","undefined","NA","undefined","NA","undefined","NA","undefined","NA","NA","undefined","NA","NA","NA","undefined","0","4","4","0","0","0","0","NA","4","4","4","NA","0","NA","NA","4","0","NA","0","NA","0","NA","0","NA","0","NA","NA","NA","0","NA","NA","NA","4","NA","0","4","4","4","4","4","0","4","0","participant_group6.csv","6","NA","NA","NA","Wed Jul 29 11:48:29 2026","NA","The main experiment item","False","VWP_finalSetup_22_7.osexp","C:\Users\plcm\Desktop\2026-EyeTracking\group-eyeconic\OS2\final_recordings_upl","False","mono","False","20","no","#0c0c0c","no","yes","1440","7","8_pos2_nosub.png","8_pos2_sub.png","psycho","4","4","C:\Users\plcm\Desktop\2026-EyeTracking\group-eyeconic\OS2\final_recordings_upl\subject-5.csv","psycho","Neonatal Nightingale","4.1.14","microscope","child","tv-monitor","toy-bear","0","0","space","space","space","NA","space","NA","NA","space","NA","space","NA","space","NA","space","NA","NA","NA","space","NA","NA","NA","528.4584000037285","2442.57369999832","3352.997099995264","NA","528.4584000037285","NA","NA","2939.5003000099678","NA","2548.0024999997113","NA","2163.3257000066806","NA","4299.286999987089","NA","NA","NA","2564.207499992335","NA","NA","NA","17813.62739999895","c","5","2","psycho","The doctor will inject the child","1024","2","24000","-16","experiment","5","odd","2","107682.3882000026","176753.92830000783","173704.0823000134","128026.01400000276","7088.438900012989","107686.7545000132","110136.37370000652","NA","169680.1579000021","173704.01200000197","169410.07399999944","NA","107682.46250000084","NA","NA","168880.84650000383","NA","NA","113493.8639000029","NA","116437.29840000742","NA","118990.02660000406","NA","121158.05190001265","NA","NA","NA","125461.1128000106","NA","NA","NA","176773.40520000143","NA","24930.337100013276","169663.80500000378","168870.96380000003","168880.67100000626","173723.65580000042","173680.51840001135","128026.0416000092","169663.2207000075","7115.695300002699","3000","SceneViewing","4","12421.728100001928","4","2560"
"100","100","23_r.wav","2660","2660","#dadada","256","psycho","psycho","psycho","restrictive","1","undefined","undefined","1","NA","undefined","NA","undefined","NA","undefined","NA","undefined","NA","NA","undefined","NA","NA","NA","undefined","0","5","5","0","0","0","0","NA","5","5","5","NA","0","NA","NA","5","0","NA","0","NA","0","NA","0","NA","0","NA","NA","NA","0","NA","NA","NA","5","NA","0","5","5","5","5","5","0","5","0","participant_group6.csv","6","NA","NA","NA","Wed Jul 29 11:48:29 2026","NA","The main experiment item","False","VWP_finalSetup_22_7.osexp","C:\Users\plcm\Desktop\2026-EyeTracking\group-eyeconic\OS2\final_recordings_upl","False","mono","False","20","no","#0c0c0c","no","yes","1440","23","24_pos2_nosub.png","24_pos2_sub.png","psycho","5","5","C:\Users\plcm\Desktop\2026-EyeTracking\group-eyeconic\OS2\final_recordings_upl\subject-5.csv","psycho","Neonatal Nightingale","4.1.14","card","scarf","pencil","needle","0","0","space","space","space","NA","space","NA","NA","space","NA","space","NA","space","NA","space","NA","NA","NA","space","NA","NA","NA","882.6533999963431","2442.57369999832","3352.997099995264","NA","882.6533999963431","NA","NA","2939.5003000099678","NA","2548.0024999997113","NA","2163.3257000066806","NA","4299.286999987089","NA","NA","NA","2564.207499992335","NA","NA","NA","17813.62739999895","c","6","2","psycho","The girl will knit the scarf","1024","2","24000","-16","experiment","5","odd","2","107682.3882000026","184463.8769000012","181930.0046000135","128026.01400000276","7088.438900012989","107686.7545000132","110136.37370000652","NA","177904.51120000216","181929.92320000485","177690.1305000065","NA","107682.46250000084","NA","NA","176806.66280000878","NA","NA","113493.8639000029","NA","116437.29840000742","NA","118990.02660000406","NA","121158.05190001265","NA","NA","NA","125461.1128000106","NA","NA","NA","184483.15990000265","NA","24930.337100013276","177888.23070000217","176796.79990001023","176806.5457000048","181948.83920000575","181904.872900006","128026.0416000092","177887.53810001072","7115.695300002699","3000","SceneViewing","5","13304.381499998271","5","2560"
"100","100","48_n.wav","2357","2357","#dadada","256","psycho","psycho","psycho","non-restrictive","1","undefined","undefined","1","NA","undefined","NA","undefined","NA","undefined","NA","undefined","NA","NA","undefined","NA","NA","NA","undefined","0","6","6","0","0","0","0","NA","6","6","6","NA","0","NA","NA","6","0","NA","0","NA","0","NA","0","NA","0","NA","NA","NA","0","NA","NA","NA","6","NA","0","6","6","6","6","6","0","6","0","participant_group6.csv","6","NA","NA","NA","Wed Jul 29 11:48:29 2026","NA","The main experiment item","False","VWP_finalSetup_22_7.osexp","C:\Users\plcm\Desktop\2026-EyeTracking\group-eyeconic\OS2\final_recordings_upl","False","mono","False","20","no","#0c0c0c","no","yes","1440","48","49_pos3_nosub.png","49_pos3_sub.png","psycho","6","6","C:\Users\plcm\Desktop\2026-EyeTracking\group-eyeconic\OS2\final_recordings_upl\subject-5.csv","psycho","Neonatal Nightingale","4.1.14","flag","pouch","balloon","pump","0","0","space","space","space","NA","space","NA","NA","space","NA","space","NA","space","NA","space","NA","NA","NA","space","NA","NA","NA","838.9094999874942","2442.57369999832","3352.997099995264","NA","838.9094999874942","NA","NA","2939.5003000099678","NA","2548.0024999997113","NA","2163.3257000066806","NA","4299.286999987089","NA","NA","NA","2564.207499992335","NA","NA","NA","17813.62739999895","c","7","2","psycho","The child will carry the balloon","1024","2","24000","-16","experiment","5","odd","3","107682.3882000026","192614.28050001268","189593.90480000002","128026.01400000276","7088.438900012989","107686.7545000132","110136.37370000652","NA","185568.78820000566","189593.83350001008","185354.0362000058","NA","107682.46250000084","NA","NA","184514.42280001356","NA","NA","113493.8639000029","NA","116437.29840000742","NA","118990.02660000406","NA","121158.05190001265","NA","NA","NA","125461.1128000106","NA","NA","NA","192633.5293000011","NA","24930.337100013276","185551.52000000817","184504.20280000253","184514.3062999996","189613.31740001333","189569.38310000987","128026.0416000092","185550.96180000692","7115.695300002699","3000","SceneViewing","6","14143.290999985766","6","2560"
"100","100","20_n.wav","2077","2077","#dadada","256","psycho","psycho","psycho","non-restrictive","1","undefined","undefined","1","NA","undefined","NA","undefined","NA","undefined","NA","undefined","NA","NA","undefined","NA","NA","NA","undefined","0","7","7","0","0","0","0","NA","7","7","7","NA","0","NA","NA","7","0","NA","0","NA","0","NA","0","NA","0","NA","NA","NA","0","NA","NA","NA","7","NA","0","7","7","7","7","7","0","7","0","participant_group6.csv","6","NA","NA","NA","Wed Jul 29 11:48:29 2026","NA","The main experiment item","False","VWP_finalSetup_22_7.osexp","C:\Users\plcm\Desktop\2026-EyeTracking\group-eyeconic\OS2\final_recordings_upl","False","mono","False","20","no","#0c0c0c","no","yes","1440","20","21_pos3_nosub.png","21_pos3_sub.png","psycho","7","7","C:\Users\plcm\Desktop\2026-EyeTracking\group-eyeconic\OS2\final_recordings_upl\subject-5.csv","psycho","Neonatal Nightingale","4.1.14","crayon","cup","kitten","block","0","0","space","space","space","NA","space","NA","NA","space","NA","space","NA","space","NA","space","NA","NA","NA","space","NA","NA","NA","401.82410000124946","2442.57369999832","3352.997099995264","NA","401.82410000124946","NA","NA","2939.5003000099678","NA","2548.0024999997113","NA","2163.3257000066806","NA","4299.286999987089","NA","NA","NA","2564.207499992335","NA","NA","NA","17813.62739999895","c","8","2","psycho","The baby will grab the kitten","1024","2","24000","-16","experiment","5","odd","3","107682.3882000026","200224.05340000114","197337.99510000972","128026.01400000276","7088.438900012989","107686.7545000132","110136.37370000652","NA","193312.99020000733","197337.93470000091","193057.86810000427","NA","107682.46250000084","NA","NA","192655.48710001167","NA","NA","113493.8639000029","NA","116437.29840000742","NA","118990.02660000406","NA","121158.05190001265","NA","NA","NA","125461.1128000106","NA","NA","NA","200243.16760001238","NA","24930.337100013276","193297.636400006","192644.64710000902","192655.38070000184","197357.96100000152","197313.38640001195","128026.0416000092","193296.90570000093","7115.695300002699","3000","SceneViewing","7","14545.115099987015","7","2560"
"100","100","5_r.wav","1838","1838","#dadada","256","psycho","psycho","psycho","restrictive","1","undefined","undefined","1","NA","undefined","NA","undefined","NA","undefined","NA","undefined","NA","NA","undefined","NA","NA","NA","undefined","0","8","8","0","0","0","0","NA","8","8","8","NA","0","NA","NA","8","0","NA","0","NA","0","NA","0","NA","0","NA","NA","NA","0","NA","NA","NA","8","NA","0","8","8","8","8","8","0","8","0","participant_group6.csv","6","NA","NA","NA","Wed Jul 29 11:48:29 2026","NA","The main experiment item","False","VWP_finalSetup_22_7.osexp","C:\Users\plcm\Desktop\2026-EyeTracking\group-eyeconic\OS2\final_recordings_upl","False","mono","False","20","no","#0c0c0c","no","yes","1440","5","6_pos4_nosub.png","6_pos4_sub.png","psycho","8","8","C:\Users\plcm\Desktop\2026-EyeTracking\group-eyeconic\OS2\final_recordings_upl\subject-5.csv","psycho","Neonatal Nightingale","4.1.14","animal","cactus","moon","mountain","0","0","space","space","space","NA","space","NA","NA","space","NA","space","NA","space","NA","space","NA","NA","NA","space","NA","NA","NA","166.69009999895934","2442.57369999832","3352.997099995264","NA","166.69009999895934","NA","NA","2939.5003000099678","NA","2548.0024999997113","NA","2163.3257000066806","NA","4299.286999987089","NA","NA","NA","2564.207499992335","NA","NA","NA","17813.62739999895","c","9","2","psycho","The hiker will climb the mountain","1024","2","24000","-16","experiment","5","odd","4","107682.3882000026","207524.32419999968","204732.8331000026","128026.01400000276","7088.438900012989","107686.7545000132","110136.37370000652","NA","200709.08770000096","204732.78290001326","200442.10010000097","NA","107682.46250000084","NA","NA","200274.7209000081","NA","NA","113493.8639000029","NA","116437.29840000742","NA","118990.02660000406","NA","121158.05190001265","NA","NA","NA","125461.1128000106","NA","NA","NA","207543.34240000753","NA","24930.337100013276","200692.15370000165","200262.9500000039","200274.5120000036","204752.08080001175","204709.43550000084","128026.0416000092","200691.58110000717","7115.695300002699","3000","SceneViewing","8","14711.805199985974","8","2560"
"100","100","46_n.wav","1668","1668","#dadada","256","psycho","psycho","psycho","non-restrictive","1","undefined","undefined","1","NA","undefined","NA","undefined","NA","undefined","NA","undefined","NA","NA","undefined","NA","NA","NA","undefined","0","9","9","0","0","0","0","NA","9","9","9","NA","0","NA","NA","9","0","NA","0","NA","0","NA","0","NA","0","NA","NA","NA","0","NA","NA","NA","9","NA","0","9","9","9","9","9","0","9","0","participant_group6.csv","6","NA","NA","NA","Wed Jul 29 11:48:29 2026","NA","The main experiment item","False","VWP_finalSetup_22_7.osexp","C:\Users\plcm\Desktop\2026-EyeTracking\group-eyeconic\OS2\final_recordings_upl","False","mono","False","20","no","#0c0c0c","no","yes","1440","46","47_pos1_nosub.png","47_pos1_sub.png","psycho","9","9","C:\Users\plcm\Desktop\2026-EyeTracking\group-eyeconic\OS2\final_recordings_upl\subject-5.csv","psycho","Neonatal Nightingale","4.1.14","violin","bow","gum","stand","0","0","space","space","space","NA","space","NA","NA","space","NA","space","NA","space","NA","space","NA","NA","NA","space","NA","NA","NA","308.2990999973845","2442.57369999832","3352.997099995264","NA","308.2990999973845","NA","NA","2939.5003000099678","NA","2548.0024999997113","NA","2163.3257000066806","NA","4299.286999987089","NA","NA","NA","2564.207499992335","NA","NA","NA","17813.62739999895","c","10","2","psycho","The musician will move the violin","1024","2","24000","-16","experiment","5","odd","1","107682.3882000026","215454.02530000138","212156.32210001058","128026.01400000276","7088.438900012989","107686.7545000132","110136.37370000652","NA","208132.81760000973","212156.27010000753","207874.1466000065","NA","107682.46250000084","NA","NA","207565.18450001022","NA","NA","113493.8639000029","NA","116437.29840000742","NA","118990.02660000406","NA","121158.05190001265","NA","NA","NA","125461.1128000106","NA","NA","NA","215473.67030000896","NA","24930.337100013276","208117.72440001369","207553.29770001117","207565.04970000242","212175.12610000267","212133.36950000667","128026.0416000092","208117.00300000666","7115.695300002699","3000","SceneViewing","9","15020.104299983359","9","2560"
"100","100","29_r.wav","1575","1575","#dadada","256","psycho","psycho","psycho","restrictive","1","undefined","undefined","1","NA","undefined","NA","undefined","NA","undefined","NA","undefined","NA","NA","undefined","NA","NA","NA","undefined","0","10","10","0","0","0","0","NA","10","10","10","NA","0","NA","NA","10","0","NA","0","NA","0","NA","0","NA","0","NA","NA","NA","0","NA","NA","NA","10","NA","0","10","10","10","10","10","0","10","0","participant_group6.csv","6","NA","NA","NA","Wed Jul 29 11:48:29 2026","NA","The main experiment item","False","VWP_finalSetup_22_7.osexp","C:\Users\plcm\Desktop\2026-EyeTracking\group-eyeconic\OS2\final_recordings_upl","False","mono","False","20","no","#0c0c0c","no","yes","1440","29","30_pos4_nosub.png","30_pos4_sub.png","psycho","10","10","C:\Users\plcm\Desktop\2026-EyeTracking\group-eyeconic\OS2\final_recordings_upl\subject-5.csv","psycho","Neonatal Nightingale","4.1.14","comb","eraser","tissue","newspaper","0","0","space","space","space","NA","space","NA","NA","space","NA","space","NA","space","NA","space","NA","NA","NA","space","NA","NA","NA","739.1347000084352","2442.57369999832","3352.997099995264","NA","739.1347000084352","NA","NA","2939.5003000099678","NA","2548.0024999997113","NA","2163.3257000066806","NA","4299.286999987089","NA","NA","NA","2564.207499992335","NA","NA","NA","17813.62739999895","c","11","2","psycho","The grandmother will read the newspaper","1024","2","24000","-16","experiment","5","odd","4","107682.3882000026","223263.9890999999","220538.60060000443","128026.01400000276","7088.438900012989","107686.7545000132","110136.37370000652","NA","216514.7827000037","220538.55020001356","216241.85180000495","NA","107682.46250000084","NA","NA","215502.1884000016","NA","NA","113493.8639000029","NA","116437.29840000742","NA","118990.02660000406","NA","121158.05190001265","NA","NA","NA","125461.1128000106","NA","NA","NA","223283.20260001055","NA","24930.337100013276","216498.71580000035","215491.38780000794","215502.066800007","220557.80950000917","220515.1263000007","128026.0416000092","216498.26960000792","7115.695300002699","3000","SceneViewing","10","15759.238999991794","10","2560"
"100","100","34_n.wav","1503","1503","#dadada","256","psycho","psycho","psycho","non-restrictive","1","undefined","undefined","1","NA","undefined","NA","undefined","NA","undefined","NA","undefined","NA","NA","undefined","NA","NA","NA","undefined","0","11","11","0","0","0","0","NA","11","11","11","NA","0","NA","NA","11","0","NA","0","NA","0","NA","0","NA","0","NA","NA","NA","0","NA","NA","NA","11","NA","0","11","11","11","11","11","0","11","0","participant_group6.csv","6","NA","NA","NA","Wed Jul 29 11:48:29 2026","NA","The main experiment item","False","VWP_finalSetup_22_7.osexp","C:\Users\plcm\Desktop\2026-EyeTracking\group-eyeconic\OS2\final_recordings_upl","False","mono","False","20","no","#0c0c0c","no","yes","1440","34","35_pos1_nosub.png","35_pos1_sub.png","psycho","11","11","C:\Users\plcm\Desktop\2026-EyeTracking\group-eyeconic\OS2\final_recordings_upl\subject-5.csv","psycho","Neonatal Nightingale","4.1.14","radio","puzzle","notebook","pillow","0","0","space","space","space","NA","space","NA","NA","space","NA","space","NA","space","NA","space","NA","NA","NA","space","NA","NA","NA","784.1541999951005","2442.57369999832","3352.997099995264","NA","784.1541999951005","NA","NA","2939.5003000099678","NA","2548.0024999997113","NA","2163.3257000066806","NA","4299.286999987089","NA","NA","NA","2564.207499992335","NA","NA","NA","17813.62739999895","c","12","2","psycho","The boy will move the radio","1024","2","24000","-16","experiment","5","odd","1","107682.3882000026","231094.27739999956","228357.72530001123","128026.01400000276","7088.438900012989","107686.7545000132","110136.37370000652","NA","224331.29680001002","228357.6613000041","224089.84490000876","NA","107682.46250000084","NA","NA","223305.17620001046","NA","NA","113493.8639000029","NA","116437.29840000742","NA","118990.02660000406","NA","121158.05190001265","NA","NA","NA","125461.1128000106","NA","NA","NA","231113.37030000868","NA","24930.337100013276","224314.66360000195","223294.85230000864","223305.03370000224","228377.30980000924","228331.52040001005","128026.0416000092","224313.49720001162","7115.695300002699","3000","SceneViewing","11","16543.393199986895","11","2560"
"100","100","40_n.wav","1429","1429","#dadada","256","psycho","psycho","psycho","non-restrictive","1","undefined","undefined","1","NA","undefined","NA","undefined","NA","undefined","NA","undefined","NA","NA","undefined","NA","NA","NA","undefined","0","12","12","0","0","0","0","NA","12","12","12","NA","0","NA","NA","12","0","NA","0","NA","0","NA","0","NA","0","NA","NA","NA","0","NA","NA","NA","12","NA","0","12","12","12","12","12","0","12","0","participant_group6.csv","6","NA","NA","NA","Wed Jul 29 11:48:29 2026","NA","The main experiment item","False","VWP_finalSetup_22_7.osexp","C:\Users\plcm\Desktop\2026-EyeTracking\group-eyeconic\OS2\final_recordings_upl","False","mono","False","20","no","#0c0c0c","no","yes","1440","40","41_pos3_nosub.png","41_pos3_sub.png","psycho","12","12","C:\Users\plcm\Desktop\2026-EyeTracking\group-eyeconic\OS2\final_recordings_upl\subject-5.csv","psycho","Neonatal Nightingale","4.1.14","toothbrish","iron","blouse","pin","0","0","space","space","space","NA","space","NA","NA","space","NA","space","NA","space","NA","space","NA","NA","NA","space","NA","NA","NA","616.595800005598","2442.57369999832","3352.997099995264","NA","616.595800005598","NA","NA","2939.5003000099678","NA","2548.0024999997113","NA","2163.3257000066806","NA","4299.286999987089","NA","NA","NA","2564.207499992335","NA","NA","NA","17813.62739999895","c","13","2","psycho","The girl will hold the blouse","1024","2","24000","-16","experiment","5","odd","3","107682.3882000026","238693.8710000104","236023.81500000774","128026.01400000276","7088.438900012989","107686.7545000132","110136.37370000652","NA","231999.810600013","236023.75150000444","231761.95740001276","NA","107682.46250000084","NA","NA","231144.7557000065","NA","NA","113493.8639000029","NA","116437.29840000742","NA","118990.02660000406","NA","121158.05190001265","NA","NA","NA","125461.1128000106","NA","NA","NA","238713.09490001295","NA","24930.337100013276","231983.69280000043","231133.1011000002","231144.59820000047","236043.7568000052","236000.08810000145","128026.0416000092","231983.05490000348","7115.695300002699","3000","SceneViewing","12","17159.988999992493","12","2560"
"100","100","39_r.wav","1371","1371","#dadada","256","psycho","psycho","psycho","restrictive","1","undefined","undefined","1","NA","undefined","NA","undefined","NA","undefined","NA","undefined","NA","NA","undefined","NA","NA","NA","undefined","0","13","13","0","0","0","0","NA","13","13","13","NA","0","NA","NA","13","0","NA","0","NA","0","NA","0","NA","0","NA","NA","NA","0","NA","NA","NA","13","NA","0","13","13","13","13","13","0","13","0","participant_group6.csv","6","NA","NA","NA","Wed Jul 29 11:48:29 2026","NA","The main experiment item","False","VWP_finalSetup_22_7.osexp","C:\Users\plcm\Desktop\2026-EyeTracking\group-eyeconic\OS2\final_recordings_upl","False","mono","False","20","no","#0c0c0c","no","yes","1440","39","40_pos2_nosub.png","40_pos2_sub.png","psycho","13","13","C:\Users\plcm\Desktop\2026-EyeTracking\group-eyeconic\OS2\final_recordings_upl\subject-5.csv","psycho","Neonatal Nightingale","4.1.14","buckle","shoelace","shampoo","mat","0","0","space","space","space","NA","space","NA","NA","space","NA","space","NA","space","NA","space","NA","NA","NA","space","NA","NA","NA","670.8545000001322","2442.57369999832","3352.997099995264","NA","670.8545000001322","NA","NA","2939.5003000099678","NA","2548.0024999997113","NA","2163.3257000066806","NA","4299.286999987089","NA","NA","NA","2564.207499992335","NA","NA","NA","17813.62739999895","c","14","2","psycho","The boy will tie the shoelace","1024","2","24000","-16","experiment","5","odd","2","107682.3882000026","246283.94610001124","243672.5737000088","128026.01400000276","7088.438900012989","107686.7545000132","110136.37370000652","NA","239649.7623000032","243672.5257000071","239402.09650000907","NA","107682.46250000084","NA","NA","238730.59540000395","NA","NA","113493.8639000029","NA","116437.29840000742","NA","118990.02660000406","NA","121158.05190001265","NA","NA","NA","125461.1128000106","NA","NA","NA","246302.7371000062","NA","24930.337100013276","239632.517200007","238721.00820000924","238730.47500000393","243691.9784000056","243650.1100000023","128026.0416000092","239632.01980000304","7115.695300002699","3000","SceneViewing","13","17830.843499992625","13","2560"
"100","100","4_n.wav","1298","1298","#dadada","256","psycho","psycho","psycho","non-restrictive","1","undefined","undefined","1","NA","undefined","NA","undefined","NA","undefined","NA","undefined","NA","NA","undefined","NA","NA","NA","undefined","0","14","14","0","0","0","0","NA","14","14","14","NA","0","NA","NA","14","0","NA","0","NA","0","NA","0","NA","0","NA","NA","NA","0","NA","NA","NA","14","NA","0","14","14","14","14","14","0","14","0","participant_group6.csv","6","NA","NA","NA","Wed Jul 29 11:48:29 2026","NA","The main experiment item","False","VWP_finalSetup_22_7.osexp","C:\Users\plcm\Desktop\2026-EyeTracking\group-eyeconic\OS2\final_recordings_upl","False","mono","False","20","no","#0c0c0c","no","yes","1440","4","5_pos3_nosub.png","5_pos3_sub.png","psycho","14","14","C:\Users\plcm\Desktop\2026-EyeTracking\group-eyeconic\OS2\final_recordings_upl\subject-5.csv","psycho","Neonatal Nightingale","4.1.14","acorns","shuttle-cock","ball","paper-plane","0","0","space","space","space","NA","space","NA","NA","space","NA","space","NA","space","NA","space","NA","NA","NA","space","NA","NA","NA","349.3946000089636","2442.57369999832","3352.997099995264","NA","349.3946000089636","NA","NA","2939.5003000099678","NA","2548.0024999997113","NA","2163.3257000066806","NA","4299.286999987089","NA","NA","NA","2564.207499992335","NA","NA","NA","17813.62739999895","c","15","2","psycho","The boy will throw the ball","1024","2","24000","-16","experiment","5","odd","3","107682.3882000026","253494.05470000056","250959.95300001232","128026.01400000276","7088.438900012989","107686.7545000132","110136.37370000652","NA","246936.44860001223","250959.87940000487","246682.1970000019","NA","107682.46250000084","NA","NA","246332.09300000453","NA","NA","113493.8639000029","NA","116437.29840000742","NA","118990.02660000406","NA","121158.05190001265","NA","NA","NA","125461.1128000106","NA","NA","NA","253513.20440000563","NA","24930.337100013276","246918.62070000207","246322.9149000108","246331.9835000002","250979.81030000665","250936.60620000446","128026.0416000092","246917.91980000562","7115.695300002699","3000","SceneViewing","14","18180.23810000159","14","2560"
"100","100","3_r.wav","1226","1226","#dadada","256","psycho","psycho","psycho","restrictive","1","undefined","undefined","1","NA","undefined","NA","undefined","NA","undefined","NA","undefined","NA","NA","undefined","NA","NA","NA","undefined","0","15","15","0","0","0","0","NA","15","15","15","NA","0","NA","NA","15","0","NA","0","NA","0","NA","0","NA","0","NA","NA","NA","0","NA","NA","NA","15","NA","0","15","15","15","15","15","0","15","0","participant_group6.csv","6","NA","NA","NA","Wed Jul 29 11:48:29 2026","NA","The main experiment item","False","VWP_finalSetup_22_7.osexp","C:\Users\plcm\Desktop\2026-EyeTracking\group-eyeconic\OS2\final_recordings_upl","False","mono","False","20","no","#0c0c0c","no","yes","1440","3","4_pos2_nosub.png","4_pos2_sub.png","psycho","15","15","C:\Users\plcm\Desktop\2026-EyeTracking\group-eyeconic\OS2\final_recordings_upl\subject-5.csv","psycho","Neonatal Nightingale","4.1.14","rocking-horse","baby","plant","stool","0","0","space","space","space","NA","space","NA","NA","space","NA","space","NA","space","NA","space","NA","NA","NA","space","NA","NA","NA","214.35070000006817","2442.57369999832","3352.997099995264","NA","214.35070000006817","NA","NA","2939.5003000099678","NA","2548.0024999997113","NA","2163.3257000066806","NA","4299.286999987089","NA","NA","NA","2564.207499992335","NA","NA","NA","17813.62739999895","c","16","2","psycho","The woman will bathe the baby","1024","2","24000","-16","experiment","5","odd","2","107682.3882000026","260894.1393999994","258021.05270000175","128026.01400000276","7088.438900012989","107686.7545000132","110136.37370000652","NA","253996.13860000682","258020.9950000135","253746.10080001003","NA","107682.46250000084","NA","NA","253530.9600000037","NA","NA","113493.8639000029","NA","116437.29840000742","NA","118990.02660000406","NA","121158.05190001265","NA","NA","NA","125461.1128000106","NA","NA","NA","260913.13930001343","NA","24930.337100013276","253979.94490001292","253520.61370000592","253530.82390000054","258040.6640000001","257997.09690001328","128026.0416000092","253979.4483000005","7115.695300002699","3000","SceneViewing","15","18394.588800001657","15","2560"
"100","100","36_n.wav","1157","1157","#dadada","256","psycho","psycho","psycho","non-restrictive","1","undefined","undefined","1","NA","undefined","NA","undefined","NA","undefined","NA","undefined","NA","NA","undefined","NA","NA","NA","undefined","0","16","16","0","0","0","0","NA","16","16","16","NA","0","NA","NA","16","0","NA","0","NA","0","NA","0","NA","0","NA","NA","NA","0","NA","NA","NA","16","NA","0","16","16","16","16","16","0","16","0","participant_group6.csv","6","NA","NA","NA","Wed Jul 29 11:48:29 2026","NA","The main experiment item","False","VWP_finalSetup_22_7.osexp","C:\Users\plcm\Desktop\2026-EyeTracking\group-eyeconic\OS2\final_recordings_upl","False","mono","False","20","no","#0c0c0c","no","yes","1440","36","37_pos3_nosub.png","37_pos3_sub.png","psycho","16","16","C:\Users\plcm\Desktop\2026-EyeTracking\group-eyeconic\OS2\final_recordings_upl\subject-5.csv","psycho","Neonatal Nightingale","4.1.14","boxes","clips","lego","papers","0","0","space","space","space","NA","space","NA","NA","space","NA","space","NA","space","NA","space","NA","NA","NA","space","NA","NA","NA","121.05299999529961","2442.57369999832","3352.997099995264","NA","121.05299999529961","NA","NA","2939.5003000099678","NA","2548.0024999997113","NA","2163.3257000066806","NA","4299.286999987089","NA","NA","NA","2564.207499992335","NA","NA","NA","17813.62739999895","c","17","2","psycho","The kid will stack the lego","1024","2","24000","-16","experiment","5","odd","3","107682.3882000026","268154.1659000068","265362.2396000137","128026.01400000276","7088.438900012989","107686.7545000132","110136.37370000652","NA","261338.175900004","265362.171700006","261066.09430001117","NA","107682.46250000084","NA","NA","260944.43140001385","NA","NA","113493.8639000029","NA","116437.29840000742","NA","118990.02660000406","NA","121158.05190001265","NA","NA","NA","125461.1128000106","NA","NA","NA","268173.7819000118","NA","24930.337100013276","261321.6182000033","260933.60770000436","260944.22950000444","265381.7609000107","265338.37160000985","128026.0416000092","261321.10540001304","7115.695300002699","3000","SceneViewing","16","18515.641799996956","16","2560"
"100","100","44_n.wav","1147","1147","#dadada","256","psycho","psycho","psycho","non-restrictive","1","undefined","undefined","1","NA","undefined","NA","undefined","NA","undefined","NA","undefined","NA","NA","undefined","NA","NA","NA","undefined","0","17","17","0","0","0","0","NA","17","17","17","NA","0","NA","NA","17","0","NA","0","NA","0","NA","0","NA","0","NA","NA","NA","0","NA","NA","NA","17","NA","0","17","17","17","17","17","0","17","0","participant_group6.csv","6","NA","NA","NA","Wed Jul 29 11:48:29 2026","NA","The main experiment item","False","VWP_finalSetup_22_7.osexp","C:\Users\plcm\Desktop\2026-EyeTracking\group-eyeconic\OS2\final_recordings_upl","False","mono","False","20","no","#0c0c0c","no","yes","1440","44","45_pos3_nosub.png","45_pos3_sub.png","psycho","17","17","C:\Users\plcm\Desktop\2026-EyeTracking\group-eyeconic\OS2\final_recordings_upl\subject-5.csv","psycho","Neonatal Nightingale","4.1.14","ladle","hammer","dough","glass","0","0","space","space","space","NA","space","NA","NA","space","NA","space","NA","space","NA","space","NA","NA","NA","space","NA","NA","NA","999.4834000099218","2442.57369999832","3352.997099995264","NA","999.4834000099218","NA","NA","2939.5003000099678","NA","2548.0024999997113","NA","2163.3257000066806","NA","4299.286999987089","NA","NA","NA","2564.207499992335","NA","NA","NA","17813.62739999895","c","18","2","psycho","The baker will inspect the dough","1024","2","24000","-16","experiment","5","odd","3","107682.3882000026","276344.3727000122","273440.07170000987","128026.01400000276","7088.438900012989","107686.7545000132","110136.37370000652","NA","269415.46910000034","273440.0139000063","269194.09319999977","NA","107682.46250000084","NA","NA","268193.8544000004","NA","NA","113493.8639000029","NA","116437.29840000742","NA","118990.02660000406","NA","121158.05190001265","NA","NA","NA","125461.1128000106","NA","NA","NA","276363.9358000073","NA","24930.337100013276","269399.35750000586","268184.5164000115","268193.74460000836","273459.5992000104","273415.6057000073","128026.0416000092","269398.69040000485","7115.695300002699","3000","SceneViewing","17","19515.125200006878","17","2560"
"100","100","31_r.wav","1105","1105","#dadada","256","psycho","psycho","psycho","restrictive","1","undefined","undefined","1","NA","undefined","NA","undefined","NA","undefined","NA","undefined","NA","NA","undefined","NA","NA","NA","undefined","0","18","18","0","0","0","0","NA","18","18","18","NA","0","NA","NA","18","0","NA","0","NA","0","NA","0","NA","0","NA","NA","NA","0","NA","NA","NA","18","NA","0","18","18","18","18","18","0","18","0","participant_group6.csv","6","NA","NA","NA","Wed Jul 29 11:48:29 2026","NA","The main experiment item","False","VWP_finalSetup_22_7.osexp","C:\Users\plcm\Desktop\2026-EyeTracking\group-eyeconic\OS2\final_recordings_upl","False","mono","False","20","no","#0c0c0c","no","yes","1440","31","32_pos2_nosub.png","32_pos2_sub.png","psycho","18","18","C:\Users\plcm\Desktop\2026-EyeTracking\group-eyeconic\OS2\final_recordings_upl\subject-5.csv","psycho","Neonatal Nightingale","4.1.14","seed","bottle","lemon","sponge","0","0","space","space","space","NA","space","NA","NA","space","NA","space","NA","space","NA","space","NA","NA","NA","space","NA","NA","NA","388.7549999926705","2442.57369999832","3352.997099995264","NA","388.7549999926705","NA","NA","2939.5003000099678","NA","2548.0024999997113","NA","2163.3257000066806","NA","4299.286999987089","NA","NA","NA","2564.207499992335","NA","NA","NA","17813.62739999895","c","19","2","psycho","The woman will open the bottle","1024","2","24000","-16","experiment","5","odd","2","107682.3882000026","283763.9785000065","281030.88600000774","128026.01400000276","7088.438900012989","107686.7545000132","110136.37370000652","NA","277007.20790000923","281030.8275000134","276785.96700000344","NA","107682.46250000084","NA","NA","276396.5465000074","NA","NA","113493.8639000029","NA","116437.29840000742","NA","118990.02660000406","NA","121158.05190001265","NA","NA","NA","125461.1128000106","NA","NA","NA","283782.91430001264","NA","24930.337100013276","276988.30029999954","276385.80610000645","276396.3785000087","281049.99240000325","281007.89870000153","128026.0416000092","276987.735600007","7115.695300002699","3000","SceneViewing","18","19903.88019999955","18","2560"
"100","100","6_n.wav","1061","1061","#dadada","256","psycho","psycho","psycho","non-restrictive","1","undefined","undefined","1","NA","undefined","NA","undefined","NA","undefined","NA","undefined","NA","NA","undefined","NA","NA","NA","undefined","0","19","19","0","0","0","0","NA","19","19","19","NA","0","NA","NA","19","0","NA","0","NA","0","NA","0","NA","0","NA","NA","NA","0","NA","NA","NA","19","NA","0","19","19","19","19","19","0","19","0","participant_group6.csv","6","NA","NA","NA","Wed Jul 29 11:48:29 2026","NA","The main experiment item","False","VWP_finalSetup_22_7.osexp","C:\Users\plcm\Desktop\2026-EyeTracking\group-eyeconic\OS2\final_recordings_upl","False","mono","False","20","no","#0c0c0c","no","yes","1440","6","7_pos1_nosub.png","7_pos1_sub.png","psycho","19","19","C:\Users\plcm\Desktop\2026-EyeTracking\group-eyeconic\OS2\final_recordings_upl\subject-5.csv","psycho","Neonatal Nightingale","4.1.14","mushrooms","knife","weighing-scales","jug","0","0","space","space","space","NA","space","NA","NA","space","NA","space","NA","space","NA","space","NA","NA","NA","space","NA","NA","NA","273.1408999970881","2442.57369999832","3352.997099995264","NA","273.1408999970881","NA","NA","2939.5003000099678","NA","2548.0024999997113","NA","2163.3257000066806","NA","4299.286999987089","NA","NA","NA","2564.207499992335","NA","NA","NA","17813.62739999895","c","20","2","psycho","The housewife will  wash the mushrooms","1024","2","24000","-16","experiment","5","odd","1","107682.3882000026","291613.9729000133","288306.9780000078","128026.01400000276","7088.438900012989","107686.7545000132","110136.37370000652","NA","284283.30220001226","288306.9295000023","284074.26790001045","NA","107682.46250000084","NA","NA","283800.30900001293","NA","NA","113493.8639000029","NA","116437.29840000742","NA","118990.02660000406","NA","121158.05190001265","NA","NA","NA","125461.1128000106","NA","NA","NA","291633.5919000121","NA","24930.337100013276","284267.42080000986","283790.3320000041","283800.2118000004","288326.0092000128","288283.7070000096","128026.0416000092","284267.0599000121","7115.695300002699","3000","SceneViewing","19","20177.021099996637","19","2560"
"100","100","32_n.wav","1044","1044","#dadada","256","psycho","psycho","psycho","non-restrictive","1","undefined","undefined","1","NA","undefined","NA","undefined","NA","undefined","NA","undefined","NA","NA","undefined","NA","NA","NA","undefined","0","20","20","0","0","0","0","NA","20","20","20","NA","0","NA","NA","20","0","NA","0","NA","0","NA","0","NA","0","NA","NA","NA","0","NA","NA","NA","20","NA","0","20","20","20","20","20","0","20","0","participant_group6.csv","6","NA","NA","NA","Wed Jul 29 11:48:29 2026","NA","The main experiment item","False","VWP_finalSetup_22_7.osexp","C:\Users\plcm\Desktop\2026-EyeTracking\group-eyeconic\OS2\final_recordings_upl","False","mono","False","20","no","#0c0c0c","no","yes","1440","32","33_pos3_nosub.png","33_pos3_sub.png","psycho","20","20","C:\Users\plcm\Desktop\2026-EyeTracking\group-eyeconic\OS2\final_recordings_upl\subject-5.csv","psycho","Neonatal Nightingale","4.1.14","biscuit","kettle","beer","mug","0","0","space","space","space","NA","space","NA","NA","space","NA","space","NA","space","NA","space","NA","NA","NA","space","NA","NA","NA","712.0418999984395","2442.57369999832","3352.997099995264","NA","712.0418999984395","NA","NA","2939.5003000099678","NA","2548.0024999997113","NA","2163.3257000066806","NA","4299.286999987089","NA","NA","NA","2564.207499992335","NA","NA","NA","17813.62739999895","c","21","2","psycho","The woman will carry the beer","1024","2","24000","-16","experiment","5","odd","3","107682.3882000026","299313.91100000474","296617.68710000615","128026.01400000276","7088.438900012989","107686.7545000132","110136.37370000652","NA","292593.6524000135","296617.62970000564","292378.02460000967","NA","107682.46250000084","NA","NA","291665.32470000675","NA","NA","113493.8639000029","NA","116437.29840000742","NA","118990.02660000406","NA","121158.05190001265","NA","NA","NA","125461.1128000106","NA","NA","NA","299333.2017000066","NA","24930.337100013276","292576.5955000097","291654.0461000113","291665.19530001096","296637.01580000634","296594.3516000116","128026.0416000092","292576.180700009","7115.695300002699","3000","SceneViewing","20","20889.062999995076","20","2560"
"100","100","18_n.wav","995","995","#dadada","256","psycho","psycho","psycho","non-restrictive","1","undefined","undefined","1","NA","undefined","NA","undefined","NA","undefined","NA","undefined","NA","NA","undefined","NA","NA","NA","undefined","0","21","21","0","0","0","0","NA","21","21","21","NA","0","NA","NA","21","0","NA","0","NA","0","NA","0","NA","0","NA","NA","NA","0","NA","NA","NA","21","NA","0","21","21","21","21","21","0","21","0","participant_group6.csv","6","NA","NA","NA","Wed Jul 29 11:48:29 2026","NA","The main experiment item","False","VWP_finalSetup_22_7.osexp","C:\Users\plcm\Desktop\2026-EyeTracking\group-eyeconic\OS2\final_recordings_upl","False","mono","False","20","no","#0c0c0c","no","yes","1440","18","19_pos1_nosub.png","19_pos1_sub.png","psycho","21","21","C:\Users\plcm\Desktop\2026-EyeTracking\group-eyeconic\OS2\final_recordings_upl\subject-5.csv","psycho","Neonatal Nightingale","4.1.14","football","stick","feather","leaf","0","0","space","space","space","NA","space","NA","NA","space","NA","space","NA","space","NA","space","NA","NA","NA","space","NA","NA","NA","26.91179999965243","2442.57369999832","3352.997099995264","NA","26.91179999965243","NA","NA","2939.5003000099678","NA","2548.0024999997113","NA","2163.3257000066806","NA","4299.286999987089","NA","NA","NA","2564.207499992335","NA","NA","NA","17813.62739999895","c","22","2","psycho","The boy will touch the football","1024","2","24000","-16","experiment","5","odd","1","107682.3882000026","306233.8871000102","303630.80280000577","128026.01400000276","7088.438900012989","107686.7545000132","110136.37370000652","NA","299606.2033000053","303630.7311000128","299377.97610000416","NA","107682.46250000084","NA","NA","299350.4294000013","NA","NA","113493.8639000029","NA","116437.29840000742","NA","118990.02660000406","NA","121158.05190001265","NA","NA","NA","125461.1128000106","NA","NA","NA","306253.12040001154","NA","24930.337100013276","299588.8641000056","299340.8976000064","299350.3303000034","303650.1171000127","303606.5283000062","128026.0416000092","299588.3826000063","7115.695300002699","3000","SceneViewing","21","20915.97479999473","21","2560"
"100","100","1_r.wav","955","955","#dadada","256","psycho","psycho","psycho","restrictive","1","undefined","undefined","1","NA","undefined","NA","undefined","NA","undefined","NA","undefined","NA","NA","undefined","NA","NA","NA","undefined","0","22","22","0","0","0","0","NA","22","22","22","NA","0","NA","NA","22","0","NA","0","NA","0","NA","0","NA","0","NA","NA","NA","0","NA","NA","NA","22","NA","0","22","22","22","22","22","0","22","0","participant_group6.csv","6","NA","NA","NA","Wed Jul 29 11:48:29 2026","NA","The main experiment item","False","VWP_finalSetup_22_7.osexp","C:\Users\plcm\Desktop\2026-EyeTracking\group-eyeconic\OS2\final_recordings_upl","False","mono","False","20","no","#0c0c0c","no","yes","1440","1","2_pos4_nosub.png","2_pos4_sub.png","psycho","22","22","C:\Users\plcm\Desktop\2026-EyeTracking\group-eyeconic\OS2\final_recordings_upl\subject-5.csv","psycho","Neonatal Nightingale","4.1.14","cheese","chair","lipstick","wine","0","0","space","space","space","NA","space","NA","NA","space","NA","space","NA","space","NA","space","NA","NA","NA","space","NA","NA","NA","98.15969999181107","2442.57369999832","3352.997099995264","NA","98.15969999181107","NA","NA","2939.5003000099678","NA","2548.0024999997113","NA","2163.3257000066806","NA","4299.286999987089","NA","NA","NA","2564.207499992335","NA","NA","NA","17813.62739999895","c","23","2","psycho","The woman will drink the wine","1024","2","24000","-16","experiment","5","odd","4","107682.3882000026","313314.1103000089","310645.425900002","128026.01400000276","7088.438900012989","107686.7545000132","110136.37370000652","NA","306620.60290000227","310645.33830000437","306370.0366000121","NA","107682.46250000084","NA","NA","306271.1801000114","NA","NA","113493.8639000029","NA","116437.29840000742","NA","118990.02660000406","NA","121158.05190001265","NA","NA","NA","125461.1128000106","NA","NA","NA","313332.9839000071","NA","24930.337100013276","306604.6919000073","306261.44290000957","306271.0761000053","310664.60180000286","310620.7742000115","128026.0416000092","306604.25250000844","7115.695300002699","3000","SceneViewing","22","21014.13449998654","22","2560"
"100","100","26_n.wav","953","953","#dadada","256","psycho","psycho","psycho","non-restrictive","1","undefined","undefined","1","NA","undefined","NA","undefined","NA","undefined","NA","undefined","NA","NA","undefined","NA","NA","NA","undefined","0","23","23","0","0","0","0","NA","23","23","23","NA","0","NA","NA","23","0","NA","0","NA","0","NA","0","NA","0","NA","NA","NA","0","NA","NA","NA","23","NA","0","23","23","23","23","23","0","23","0","participant_group6.csv","6","NA","NA","NA","Wed Jul 29 11:48:29 2026","NA","The main experiment item","False","VWP_finalSetup_22_7.osexp","C:\Users\plcm\Desktop\2026-EyeTracking\group-eyeconic\OS2\final_recordings_upl","False","mono","False","20","no","#0c0c0c","no","yes","1440","26","27_pos1_nosub.png","27_pos1_sub.png","psycho","23","23","C:\Users\plcm\Desktop\2026-EyeTracking\group-eyeconic\OS2\final_recordings_upl\subject-5.csv","psycho","Neonatal Nightingale","4.1.14","candle","package","coin","coaster","0","0","space","space","space","NA","space","NA","NA","space","NA","space","NA","space","NA","space","NA","NA","NA","space","NA","NA","NA","907.8190000000177","2442.57369999832","3352.997099995264","NA","907.8190000000177","NA","NA","2939.5003000099678","NA","2548.0024999997113","NA","2163.3257000066806","NA","4299.286999987089","NA","NA","NA","2564.207499992335","NA","NA","NA","17813.62739999895","c","24","2","psycho","The woman will blow grab the candle","1024","2","24000","-16","experiment","5","odd","1","107682.3882000026","321353.9937000023","318528.62370001094","128026.01400000276","7088.438900012989","107686.7545000132","110136.37370000652","NA","314503.4016000136","318528.55490001093","314274.2711000028","NA","107682.46250000084","NA","NA","313365.50920001173","NA","NA","113493.8639000029","NA","116437.29840000742","NA","118990.02660000406","NA","121158.05190001265","NA","NA","NA","125461.1128000106","NA","NA","NA","321372.8919000132","NA","24930.337100013276","314486.7377000046","313353.61340000236","313365.06760001066","318548.0348000128","318503.7680000096","128026.0416000092","314485.917900005","7115.695300002699","3000","SceneViewing","23","21921.953499986557","23","2560"
"100","100","45_r.wav","939","939","#dadada","256","psycho","psycho","psycho","restrictive","1","undefined","undefined","1","NA","undefined","NA","undefined","NA","undefined","NA","undefined","NA","NA","undefined","NA","NA","NA","undefined","0","24","24","0","0","0","0","NA","24","24","24","NA","0","NA","NA","24","0","NA","0","NA","0","NA","0","NA","0","NA","NA","NA","0","NA","NA","NA","24","NA","0","24","24","24","24","24","0","24","0","participant_group6.csv","6","NA","NA","NA","Wed Jul 29 11:48:29 2026","NA","The main experiment item","False","VWP_finalSetup_22_7.osexp","C:\Users\plcm\Desktop\2026-EyeTracking\group-eyeconic\OS2\final_recordings_upl","False","mono","False","20","no","#0c0c0c","no","yes","1440","45","46_pos4_nosub.png","46_pos4_sub.png","psycho","24","24","C:\Users\plcm\Desktop\2026-EyeTracking\group-eyeconic\OS2\final_recordings_upl\subject-5.csv","psycho","Neonatal Nightingale","4.1.14","laddle","peeler","pot","carrot","0","0","space","space","space","NA","space","NA","NA","space","NA","space","NA","space","NA","space","NA","NA","NA","space","NA","NA","NA","618.896300002234","2442.57369999832","3352.997099995264","NA","618.896300002234","NA","NA","2939.5003000099678","NA","2548.0024999997113","NA","2163.3257000066806","NA","4299.286999987089","NA","NA","NA","2564.207499992335","NA","NA","NA","17813.62739999895","c","25","2","psycho","The chef will grate the carrot","1024","2","24000","-16","experiment","5","odd","4","107682.3882000026","328863.8179000118","326258.531200001","128026.01400000276","7088.438900012989","107686.7545000132","110136.37370000652","NA","322233.47740000463","326258.4467000124","322010.0517000101","NA","107682.46250000084","NA","NA","321390.38280000386","NA","NA","113493.8639000029","NA","116437.29840000742","NA","118990.02660000406","NA","121158.05190001265","NA","NA","NA","125461.1128000106","NA","NA","NA","328883.46600001387","NA","24930.337100013276","322218.10130000813","321380.2905000048","321390.2633000107","326277.6217000064","326234.140200002","128026.0416000092","322217.50410000095","7115.695300002699","3000","SceneViewing","24","22540.84979998879","24","2560"
"100","100","47_r.wav","918","918","#dadada","256","psycho","psycho","psycho","restrictive","1","undefined","undefined","1","NA","undefined","NA","undefined","NA","undefined","NA","undefined","NA","NA","undefined","NA","NA","NA","undefined","0","25","25","0","0","0","0","NA","25","25","25","NA","0","NA","NA","25","0","NA","0","NA","0","NA","0","NA","0","NA","NA","NA","0","NA","NA","NA","25","NA","0","25","25","25","25","25","0","25","0","participant_group6.csv","6","NA","NA","NA","Wed Jul 29 11:48:29 2026","NA","The main experiment item","False","VWP_finalSetup_22_7.osexp","C:\Users\plcm\Desktop\2026-EyeTracking\group-eyeconic\OS2\final_recordings_upl","False","mono","False","20","no","#0c0c0c","no","yes","1440","47","48_pos2_nosub.png","48_pos2_sub.png","psycho","25","25","C:\Users\plcm\Desktop\2026-EyeTracking\group-eyeconic\OS2\final_recordings_upl\subject-5.csv","psycho","Neonatal Nightingale","4.1.14","footstool","carpet","dustpan","roller","0","0","space","space","space","NA","space","NA","NA","space","NA","space","NA","space","NA","space","NA","NA","NA","space","NA","NA","NA","412.31310000875965","2442.57369999832","3352.997099995264","NA","412.31310000875965","NA","NA","2939.5003000099678","NA","2548.0024999997113","NA","2163.3257000066806","NA","4299.286999987089","NA","NA","NA","2564.207499992335","NA","NA","NA","17813.62739999895","c","26","2","psycho","The girl will vacuum the carpet","1024","2","24000","-16","experiment","5","odd","2","107682.3882000026","336563.93890001345","333548.8256000099","128026.01400000276","7088.438900012989","107686.7545000132","110136.37370000652","NA","329524.26520000154","333548.7190000131","329314.3173999997","NA","107682.46250000084","NA","NA","328900.9780000051","NA","NA","113493.8639000029","NA","116437.29840000742","NA","118990.02660000406","NA","121158.05190001265","NA","NA","NA","125461.1128000106","NA","NA","NA","336583.2017000066","NA","24930.337100013276","329508.238800001","328891.02410001215","328900.79500000866","333568.2236000139","333525.4225000099","128026.0416000092","329507.6543000032","7115.695300002699","3000","SceneViewing","25","22953.16289999755","25","2560"
"100","100","10_n.wav","953","953","#dadada","256","psycho","psycho","psycho","non-restrictive","1","undefined","undefined","1","NA","undefined","NA","undefined","NA","undefined","NA","undefined","NA","NA","undefined","NA","NA","NA","undefined","0","26","26","0","0","0","0","NA","26","26","26","NA","0","NA","NA","26","0","NA","0","NA","0","NA","0","NA","0","NA","NA","NA","0","NA","NA","NA","26","NA","0","26","26","26","26","26","0","26","0","participant_group6.csv","6","NA","NA","NA","Wed Jul 29 11:48:29 2026","NA","The main experiment item","False","VWP_finalSetup_22_7.osexp","C:\Users\plcm\Desktop\2026-EyeTracking\group-eyeconic\OS2\final_recordings_upl","False","mono","False","20","no","#0c0c0c","no","yes","1440","10","11_pos1_nosub.png","11_pos1_sub.png","psycho","26","26","C:\Users\plcm\Desktop\2026-EyeTracking\group-eyeconic\OS2\final_recordings_upl\subject-5.csv","psycho","Neonatal Nightingale","4.1.14","washing-machine","mirror","dog","wastebin","0","0","space","space","space","NA","space","NA","NA","space","NA","space","NA","space","NA","space","NA","NA","NA","space","NA","NA","NA","1834.4901999953436","2442.57369999832","3352.997099995264","NA","1834.4901999953436","NA","NA","2939.5003000099678","NA","2548.0024999997113","NA","2163.3257000066806","NA","4299.286999987089","NA","NA","NA","2564.207499992335","NA","NA","NA","17813.62739999895","c","27","2","psycho","The man will wipe the washing machine","1024","2","24000","-16","experiment","5","odd","1","107682.3882000026","345953.7757000071","342687.87020001037","128026.01400000276","7088.438900012989","107686.7545000132","110136.37370000652","NA","338663.7733000098","342687.80090000655","338442.0822000102","NA","107682.46250000084","NA","NA","336606.83840001","NA","NA","113493.8639000029","NA","116437.29840000742","NA","118990.02660000406","NA","121158.05190001265","NA","NA","NA","125461.1128000106","NA","NA","NA","345974.1083000117","NA","24930.337100013276","338649.172800011","336596.37360001216","336606.50440001336","342707.0789000136","342664.27160000603","128026.0416000092","338648.64970000053","7115.695300002699","3000","SceneViewing","26","24787.653099992895","26","2560"
"100","100","9_r.wav","939","939","#dadada","256","psycho","psycho","psycho","restrictive","1","undefined","undefined","1","NA","undefined","NA","undefined","NA","undefined","NA","undefined","NA","NA","undefined","NA","NA","NA","undefined","0","27","27","0","0","0","0","NA","27","27","27","NA","0","NA","NA","27","0","NA","0","NA","0","NA","0","NA","0","NA","NA","NA","0","NA","NA","NA","27","NA","0","27","27","27","27","27","0","27","0","participant_group6.csv","6","NA","NA","NA","Wed Jul 29 11:48:29 2026","NA","The main experiment item","False","VWP_finalSetup_22_7.osexp","C:\Users\plcm\Desktop\2026-EyeTracking\group-eyeconic\OS2\final_recordings_upl","False","mono","False","20","no","#0c0c0c","no","yes","1440","9","10_pos4_nosub.png","10_pos4_sub.png","psycho","27","27","C:\Users\plcm\Desktop\2026-EyeTracking\group-eyeconic\OS2\final_recordings_upl\subject-5.csv","psycho","Neonatal Nightingale","4.1.14","door","cup","bag","book","0","0","space","space","space","NA","space","NA","NA","space","NA","space","NA","space","NA","space","NA","NA","NA","space","NA","NA","NA","572.0469999941997","2442.57369999832","3352.997099995264","NA","572.0469999941997","NA","NA","2939.5003000099678","NA","2548.0024999997113","NA","2163.3257000066806","NA","4299.286999987089","NA","NA","NA","2564.207499992335","NA","NA","NA","17813.62739999895","c","28","2","psycho","The woman will read the book","1024","2","24000","-16","experiment","5","odd","4","107682.3882000026","353223.96180000214","350830.1347000088","128026.01400000276","7088.438900012989","107686.7545000132","110136.37370000652","NA","346805.3721000033","350830.0608999998","346578.33550000214","NA","107682.46250000084","NA","NA","346005.26440000976","NA","NA","113493.8639000029","NA","116437.29840000742","NA","118990.02660000406","NA","121158.05190001265","NA","NA","NA","125461.1128000106","NA","NA","NA","353243.1455000042","NA","24930.337100013276","346789.1033000051","345994.86610000895","346005.1179000002","350849.0560000064","350805.50620000577","128026.0416000092","346788.45800001","7115.695300002699","3000","SceneViewing","27","25359.700099987094","27","2560"
"100","100","19_r.wav","912","912","#dadada","256","psycho","psycho","psycho","restrictive","1","undefined","undefined","1","NA","undefined","NA","undefined","NA","undefined","NA","undefined","NA","NA","undefined","NA","NA","NA","undefined","0","28","28","0","0","0","0","NA","28","28","28","NA","0","NA","NA","28","0","NA","0","NA","0","NA","0","NA","0","NA","NA","NA","0","NA","NA","NA","28","NA","0","28","28","28","28","28","0","28","0","participant_group6.csv","6","NA","NA","NA","Wed Jul 29 11:48:29 2026","NA","The main experiment item","False","VWP_finalSetup_22_7.osexp","C:\Users\plcm\Desktop\2026-EyeTracking\group-eyeconic\OS2\final_recordings_upl","False","mono","False","20","no","#0c0c0c","no","yes","1440","19","20_pos2_nosub.png","20_pos2_sub.png","psycho","28","28","C:\Users\plcm\Desktop\2026-EyeTracking\group-eyeconic\OS2\final_recordings_upl\subject-5.csv","psycho","Neonatal Nightingale","4.1.14","bowl","bread","spoon","spatula","0","0","space","space","space","NA","space","NA","NA","space","NA","space","NA","space","NA","space","NA","NA","NA","space","NA","NA","NA","180.14560001029167","2442.57369999832","3352.997099995264","NA","180.14560001029167","NA","NA","2939.5003000099678","NA","2548.0024999997113","NA","2163.3257000066806","NA","4299.286999987089","NA","NA","NA","2564.207499992335","NA","NA","NA","17813.62739999895","c","29","2","psycho","The chef will slice the bread","1024","2","24000","-16","experiment","5","odd","2","107682.3882000026","360293.86480001267","357725.60740000335","128026.01400000276","7088.438900012989","107686.7545000132","110136.37370000652","NA","353701.35480001045","357725.51920000114","353441.9709000067","NA","107682.46250000084","NA","NA","353261.14190000226","NA","NA","113493.8639000029","NA","116437.29840000742","NA","118990.02660000406","NA","121158.05190001265","NA","NA","NA","125461.1128000106","NA","NA","NA","360312.8587000101","NA","24930.337100013276","353686.07390001125","353250.4190000036","353260.9964000003","357745.01150001015","357701.64620000287","128026.0416000092","353685.54470001254","7115.695300002699","3000","SceneViewing","28","25539.845699997386","28","2560"
"100","100","8_n.wav","887","887","#dadada","256","psycho","psycho","psycho","non-restrictive","1","undefined","undefined","1","NA","undefined","NA","undefined","NA","undefined","NA","undefined","NA","NA","undefined","NA","NA","NA","undefined","0","29","29","0","0","0","0","NA","29","29","29","NA","0","NA","NA","29","0","NA","0","NA","0","NA","0","NA","0","NA","NA","NA","0","NA","NA","NA","29","NA","0","29","29","29","29","29","0","29","0","participant_group6.csv","6","NA","NA","NA","Wed Jul 29 11:48:29 2026","NA","The main experiment item","False","VWP_finalSetup_22_7.osexp","C:\Users\plcm\Desktop\2026-EyeTracking\group-eyeconic\OS2\final_recordings_upl","False","mono","False","20","no","#0c0c0c","no","yes","1440","8","9_pos3_nosub.png","9_pos3_sub.png","psycho","29","29","C:\Users\plcm\Desktop\2026-EyeTracking\group-eyeconic\OS2\final_recordings_upl\subject-5.csv","psycho","Neonatal Nightingale","4.1.14","telephone","television","piano","table","0","0","space","space","space","NA","space","NA","NA","space","NA","space","NA","space","NA","space","NA","NA","NA","space","NA","NA","NA","188.0381000082707","2442.57369999832","3352.997099995264","NA","188.0381000082707","NA","NA","2939.5003000099678","NA","2548.0024999997113","NA","2163.3257000066806","NA","4299.286999987089","NA","NA","NA","2564.207499992335","NA","NA","NA","17813.62739999895","c","30","2","psycho","The woman will dust the piano","1024","2","24000","-16","experiment","5","odd","3","107682.3882000026","367773.83680001367","364785.6815000123","128026.01400000276","7088.438900012989","107686.7545000132","110136.37370000652","NA","360759.6079000068","364785.62510000484","360530.02380000544","NA","107682.46250000084","NA","NA","360341.3289000018","NA","NA","113493.8639000029","NA","116437.29840000742","NA","118990.02660000406","NA","121158.05190001265","NA","NA","NA","125461.1128000106","NA","NA","NA","367792.70020000695","NA","24930.337100013276","360743.5007000022","360329.61179999984","360341.2201000028","364804.60410000524","364760.1859999995","128026.0416000092","360743.0829000077","7115.695300002699","3000","SceneViewing","29","25727.883800005657","29","2560"
"100","100","37_r.wav","859","859","#dadada","256","psycho","psycho","psycho","restrictive","1","undefined","undefined","1","NA","undefined","NA","undefined","NA","undefined","NA","undefined","NA","NA","undefined","NA","NA","NA","undefined","0","30","30","0","0","0","0","NA","30","30","30","NA","0","NA","NA","30","0","NA","0","NA","0","NA","0","NA","0","NA","NA","NA","0","NA","NA","NA","30","NA","0","30","30","30","30","30","0","30","0","participant_group6.csv","6","NA","NA","NA","Wed Jul 29 11:48:29 2026","NA","The main experiment item","False","VWP_finalSetup_22_7.osexp","C:\Users\plcm\Desktop\2026-EyeTracking\group-eyeconic\OS2\final_recordings_upl","False","mono","False","20","no","#0c0c0c","no","yes","1440","37","38_pos4_nosub.png","38_pos4_sub.png","psycho","30","30","C:\Users\plcm\Desktop\2026-EyeTracking\group-eyeconic\OS2\final_recordings_upl\subject-5.csv","psycho","Neonatal Nightingale","4.1.14","mitten","marker","key","banana","0","0","space","space","space","NA","space","NA","NA","space","NA","space","NA","space","NA","space","NA","NA","NA","space","NA","NA","NA","42.164800004684366","2442.57369999832","3352.997099995264","NA","42.164800004684366","NA","NA","2939.5003000099678","NA","2548.0024999997113","NA","2163.3257000066806","NA","4299.286999987089","NA","NA","NA","2564.207499992335","NA","NA","NA","17813.62739999895","c","31","2","psycho","The boy will peel the banana","1024","2","24000","-16","experiment","5","odd","4","107682.3882000026","374863.96020000393","372101.9345000095","128026.01400000276","7088.438900012989","107686.7545000132","110136.37370000652","NA","368078.078800012","372101.87120000774","367865.9396000003","NA","107682.46250000084","NA","NA","367823.14900000347","NA","NA","113493.8639000029","NA","116437.29840000742","NA","118990.02660000406","NA","121158.05190001265","NA","NA","NA","125461.1128000106","NA","NA","NA","374883.4227000043","NA","24930.337100013276","368061.97090000205","367812.9950000002","367823.02750000963","372121.5996000101","372078.36540001153","128026.0416000092","368061.3530000119","7115.695300002699","3000","SceneViewing","30","25770.04860001034","30","2560"
"100","100","41_r.wav","852","852","#dadada","256","psycho","psycho","psycho","restrictive","1","undefined","undefined","1","NA","undefined","NA","undefined","NA","undefined","NA","undefined","NA","NA","undefined","NA","NA","NA","undefined","0","31","31","0","0","0","0","NA","31","31","31","NA","0","NA","NA","31","0","NA","0","NA","0","NA","0","NA","0","NA","NA","NA","0","NA","NA","NA","31","NA","0","31","31","31","31","31","0","31","0","participant_group6.csv","6","NA","NA","NA","Wed Jul 29 11:48:29 2026","NA","The main experiment item","False","VWP_finalSetup_22_7.osexp","C:\Users\plcm\Desktop\2026-EyeTracking\group-eyeconic\OS2\final_recordings_upl","False","mono","False","20","no","#0c0c0c","no","yes","1440","41","42_pos4_nosub.png","42_pos4_sub.png","psycho","31","31","C:\Users\plcm\Desktop\2026-EyeTracking\group-eyeconic\OS2\final_recordings_upl\subject-5.csv","psycho","Neonatal Nightingale","4.1.14","stone","cone","shell","orange","0","0","space","space","space","NA","space","NA","NA","space","NA","space","NA","space","NA","space","NA","NA","NA","space","NA","NA","NA","654.6671000105562","2442.57369999832","3352.997099995264","NA","654.6671000105562","NA","NA","2939.5003000099678","NA","2548.0024999997113","NA","2163.3257000066806","NA","4299.286999987089","NA","NA","NA","2564.207499992335","NA","NA","NA","17813.62739999895","c","32","2","psycho","The boy will squeeze the orange","1024","2","24000","-16","experiment","5","odd","4","107682.3882000026","382733.8691000041","379819.8614000139","128026.01400000276","7088.438900012989","107686.7545000132","110136.37370000652","NA","375795.20170000615","379819.8065000033","375569.997300001","NA","107682.46250000084","NA","NA","374914.6094000025","NA","NA","113493.8639000029","NA","116437.29840000742","NA","118990.02660000406","NA","121158.05190001265","NA","NA","NA","125461.1128000106","NA","NA","NA","382752.8777000116","NA","24930.337100013276","375779.2124000116","374903.9577000076","374914.48720000335","379839.1979000007","379795.7594000036","128026.0416000092","375778.59730001364","7115.695300002699","3000","SceneViewing","31","26424.715700020897","31","2560"
"100","100","43_r.wav","849","849","#dadada","256","psycho","psycho","psycho","restrictive","1","undefined","undefined","1","NA","undefined","NA","undefined","NA","undefined","NA","undefined","NA","NA","undefined","NA","NA","NA","undefined","0","32","32","0","0","0","0","NA","32","32","32","NA","0","NA","NA","32","0","NA","0","NA","0","NA","0","NA","0","NA","NA","NA","0","NA","NA","NA","32","NA","0","32","32","32","32","32","0","32","0","participant_group6.csv","6","NA","NA","NA","Wed Jul 29 11:48:29 2026","NA","The main experiment item","False","VWP_finalSetup_22_7.osexp","C:\Users\plcm\Desktop\2026-EyeTracking\group-eyeconic\OS2\final_recordings_upl","False","mono","False","20","no","#0c0c0c","no","yes","1440","43","44_pos2_nosub.png","44_pos2_sub.png","psycho","32","32","C:\Users\plcm\Desktop\2026-EyeTracking\group-eyeconic\OS2\final_recordings_upl\subject-5.csv","psycho","Neonatal Nightingale","4.1.14","handle","safe","pan","bolt","0","0","space","space","space","NA","space","NA","NA","space","NA","space","NA","space","NA","space","NA","NA","NA","space","NA","NA","NA","744.984500008286","2442.57369999832","3352.997099995264","NA","744.984500008286","NA","NA","2939.5003000099678","NA","2548.0024999997113","NA","2163.3257000066806","NA","4299.286999987089","NA","NA","NA","2564.207499992335","NA","NA","NA","17813.62739999895","c","33","2","psycho","The man will lock the safe","1024","2","24000","-16","experiment","5","odd","2","107682.3882000026","390303.8293999998","387766.50530000916","128026.01400000276","7088.438900012989","107686.7545000132","110136.37370000652","NA","383742.0177000022","387766.43600000534","383529.9715000001","NA","107682.46250000084","NA","NA","382784.31940000155","NA","NA","113493.8639000029","NA","116437.29840000742","NA","118990.02660000406","NA","121158.05190001265","NA","NA","NA","125461.1128000106","NA","NA","NA","390323.8138000015","NA","24930.337100013276","383726.6038000089","382773.3664000116","382784.1969000001","387785.9196000063","387742.24420000974","128026.0416000092","383725.89710001193","7115.695300002699","3000","SceneViewing","32","27169.700200029183","32","2560"
"100","100","13_r.wav","827","827","#dadada","256","psycho","psycho","psycho","restrictive","1","undefined","undefined","1","NA","undefined","NA","undefined","NA","undefined","NA","undefined","NA","NA","undefined","NA","NA","NA","undefined","0","33","33","0","0","0","0","NA","33","33","33","NA","0","NA","NA","33","0","NA","0","NA","0","NA","0","NA","0","NA","NA","NA","0","NA","NA","NA","33","NA","0","33","33","33","33","33","0","33","0","participant_group6.csv","6","NA","NA","NA","Wed Jul 29 11:48:29 2026","NA","The main experiment item","False","VWP_finalSetup_22_7.osexp","C:\Users\plcm\Desktop\2026-EyeTracking\group-eyeconic\OS2\final_recordings_upl","False","mono","False","20","no","#0c0c0c","no","yes","1440","13","14_pos4_nosub.png","14_pos4_sub.png","psycho","33","33","C:\Users\plcm\Desktop\2026-EyeTracking\group-eyeconic\OS2\final_recordings_upl\subject-5.csv","psycho","Neonatal Nightingale","4.1.14","filofax","briefcase","glasses","cigarettes","0","0","space","space","space","NA","space","NA","NA","space","NA","space","NA","space","NA","space","NA","NA","NA","space","NA","NA","NA","138.66490000509657","2442.57369999832","3352.997099995264","NA","138.66490000509657","NA","NA","2939.5003000099678","NA","2548.0024999997113","NA","2163.3257000066806","NA","4299.286999987089","NA","NA","NA","2564.207499992335","NA","NA","NA","17813.62739999895","c","34","2","psycho","The man will smoke the cigarettes","1024","2","24000","-16","experiment","5","odd","4","107682.3882000026","397603.8399000099","394733.392500013","128026.01400000276","7088.438900012989","107686.7545000132","110136.37370000652","NA","390710.250300006","394733.335900004","390482.2300000087","NA","107682.46250000084","NA","NA","390342.66090000165","NA","NA","113493.8639000029","NA","116437.29840000742","NA","118990.02660000406","NA","121158.05190001265","NA","NA","NA","125461.1128000106","NA","NA","NA","397622.99860001076","NA","24930.337100013276","390693.63950000843","390331.88530000916","390342.5461000006","394753.0811000033","394710.7321000076","128026.0416000092","390693.1418000022","7115.695300002699","3000","SceneViewing","33","27308.36510003428","33","2560"
"100","100","15_r.wav","803","803","#dadada","256","psycho","psycho","psycho","restrictive","1","undefined","undefined","1","NA","undefined","NA","undefined","NA","undefined","NA","undefined","NA","NA","undefined","NA","NA","NA","undefined","0","34","34","0","0","0","0","NA","34","34","34","NA","0","NA","NA","34","0","NA","0","NA","0","NA","0","NA","0","NA","NA","NA","0","NA","NA","NA","34","NA","0","34","34","34","34","34","0","34","0","participant_group6.csv","6","NA","NA","NA","Wed Jul 29 11:48:29 2026","NA","The main experiment item","False","VWP_finalSetup_22_7.osexp","C:\Users\plcm\Desktop\2026-EyeTracking\group-eyeconic\OS2\final_recordings_upl","False","mono","False","20","no","#0c0c0c","no","yes","1440","15","16_pos2_nosub.png","16_pos2_sub.png","psycho","34","34","C:\Users\plcm\Desktop\2026-EyeTracking\group-eyeconic\OS2\final_recordings_upl\subject-5.csv","psycho","Neonatal Nightingale","4.1.14","folder","hat","wallet","magnifying-glass","0","0","space","space","space","NA","space","NA","NA","space","NA","space","NA","space","NA","space","NA","NA","NA","space","NA","NA","NA","2.688100008526817","2442.57369999832","3352.997099995264","NA","2.688100008526817","NA","NA","2939.5003000099678","NA","2548.0024999997113","NA","2163.3257000066806","NA","4299.286999987089","NA","NA","NA","2564.207499992335","NA","NA","NA","17813.62739999895","c","35","2","psycho","The businessman will wear the hat","1024","2","24000","-16","experiment","5","odd","2","107682.3882000026","404914.1560999997","401940.75140000496","128026.01400000276","7088.438900012989","107686.7545000132","110136.37370000652","NA","397916.5202000004","401940.64820000494","397657.94820000883","NA","107682.46250000084","NA","NA","397654.62420000404","NA","NA","113493.8639000029","NA","116437.29840000742","NA","118990.02660000406","NA","121158.05190001265","NA","NA","NA","125461.1128000106","NA","NA","NA","404933.4215000126","NA","24930.337100013276","397897.66280000913","397643.48170001176","397654.49790000275","401960.28540001134","401916.7254000058","128026.0416000092","397897.1312000067","7115.695300002699","3000","SceneViewing","34","27311.053200042807","34","2560"
"100","100","38_n.wav","793","793","#dadada","256","psycho","psycho","psycho","non-restrictive","1","undefined","undefined","1","NA","undefined","NA","undefined","NA","undefined","NA","undefined","NA","NA","undefined","NA","NA","NA","undefined","0","35","35","0","0","0","0","NA","35","35","35","NA","0","NA","NA","35","0","NA","0","NA","0","NA","0","NA","0","NA","NA","NA","0","NA","NA","NA","35","NA","0","35","35","35","35","35","0","35","0","participant_group6.csv","6","NA","NA","NA","Wed Jul 29 11:48:29 2026","NA","The main experiment item","False","VWP_finalSetup_22_7.osexp","C:\Users\plcm\Desktop\2026-EyeTracking\group-eyeconic\OS2\final_recordings_upl","False","mono","False","20","no","#0c0c0c","no","yes","1440","38","39_pos1_nosub.png","39_pos1_sub.png","psycho","35","35","C:\Users\plcm\Desktop\2026-EyeTracking\group-eyeconic\OS2\final_recordings_upl\subject-5.csv","psycho","Neonatal Nightingale","4.1.14","apron","mop","broom","cloth","0","0","space","space","space","NA","space","NA","NA","space","NA","space","NA","space","NA","space","NA","NA","NA","space","NA","NA","NA","463.2452999940142","2442.57369999832","3352.997099995264","NA","463.2452999940142","NA","NA","2939.5003000099678","NA","2548.0024999997113","NA","2163.3257000066806","NA","4299.286999987089","NA","NA","NA","2564.207499992335","NA","NA","NA","17813.62739999895","c","36","2","psycho","The woman will carry the apron","1024","2","24000","-16","experiment","5","odd","1","107682.3882000026","412533.9610000083","409677.9874000058","128026.01400000276","7088.438900012989","107686.7545000132","110136.37370000652","NA","405651.4967000112","409677.8970000014","405418.1983000017","NA","107682.46250000084","NA","NA","404954.15070001036","NA","NA","113493.8639000029","NA","116437.29840000742","NA","118990.02660000406","NA","121158.05190001265","NA","NA","NA","125461.1128000106","NA","NA","NA","412553.45760000637","NA","24930.337100013276","405633.32010000886","404944.3925000087","404954.03790001","409697.67360000696","409652.25690000807","128026.0416000092","405632.8450000001","7115.695300002699","3000","SceneViewing","35","27774.29850003682","35","2560"
"100","100","33_r.wav","783","783","#dadada","256","psycho","psycho","psycho","restrictive","1","undefined","undefined","1","NA","undefined","NA","undefined","NA","undefined","NA","undefined","NA","NA","undefined","NA","NA","NA","undefined","0","36","36","0","0","0","0","NA","36","36","36","NA","0","NA","NA","36","0","NA","0","NA","0","NA","0","NA","0","NA","NA","NA","0","NA","NA","NA","36","NA","0","36","36","36","36","36","0","36","0","participant_group6.csv","6","NA","NA","NA","Wed Jul 29 11:48:29 2026","NA","The main experiment item","False","VWP_finalSetup_22_7.osexp","C:\Users\plcm\Desktop\2026-EyeTracking\group-eyeconic\OS2\final_recordings_upl","False","mono","False","20","no","#0c0c0c","no","yes","1440","33","34_pos4_nosub.png","34_pos4_sub.png","psycho","36","36","C:\Users\plcm\Desktop\2026-EyeTracking\group-eyeconic\OS2\final_recordings_upl\subject-5.csv","psycho","Neonatal Nightingale","4.1.14","envelope","box","gift","suitcase","0","0","space","space","space","NA","space","NA","NA","space","NA","space","NA","space","NA","space","NA","NA","NA","space","NA","NA","NA","438.8139000075171","2442.57369999832","3352.997099995264","NA","438.8139000075171","NA","NA","2939.5003000099678","NA","2548.0024999997113","NA","2163.3257000066806","NA","4299.286999987089","NA","NA","NA","2564.207499992335","NA","NA","NA","17813.62739999895","c","37","2","psycho","The boy will unzip the suitcase","1024","2","24000","-16","experiment","5","odd","4","107682.3882000026","420363.9603000047","417281.6229000018","128026.01400000276","7088.438900012989","107686.7545000132","110136.37370000652","NA","413257.62220000615","417281.56180000224","413026.15530000185","NA","107682.46250000084","NA","NA","412586.5355999995","NA","NA","113493.8639000029","NA","116437.29840000742","NA","118990.02660000406","NA","121158.05190001265","NA","NA","NA","125461.1128000106","NA","NA","NA","420383.0130000133","NA","24930.337100013276","413239.9529000104","412573.3995000046","412586.39490000496","417301.2994000019","417258.14280001214","128026.0416000092","413239.2980000004","7115.695300002699","3000","SceneViewing","36","28213.112400044338","36","2560"
"100","100","49_r.wav","765","765","#dadada","256","psycho","psycho","psycho","restrictive","1","undefined","undefined","1","NA","undefined","NA","undefined","NA","undefined","NA","undefined","NA","NA","undefined","NA","NA","NA","undefined","0","37","37","0","0","0","0","NA","37","37","37","NA","0","NA","NA","37","0","NA","0","NA","0","NA","0","NA","0","NA","NA","NA","0","NA","NA","NA","37","NA","0","37","37","37","37","37","0","37","0","participant_group6.csv","6","NA","NA","NA","Wed Jul 29 11:48:29 2026","NA","The main experiment item","False","VWP_finalSetup_22_7.osexp","C:\Users\plcm\Desktop\2026-EyeTracking\group-eyeconic\OS2\final_recordings_upl","False","mono","False","20","no","#0c0c0c","no","yes","1440","49","50_pos4_nosub.png","50_pos4_sub.png","psycho","37","37","C:\Users\plcm\Desktop\2026-EyeTracking\group-eyeconic\OS2\final_recordings_upl\subject-5.csv","psycho","Neonatal Nightingale","4.1.14","envelope","rubberband","scissors","stamp","0","0","space","space","space","NA","space","NA","NA","space","NA","space","NA","space","NA","space","NA","NA","NA","space","NA","NA","NA","125.28049999673385","2442.57369999832","3352.997099995264","NA","125.28049999673385","NA","NA","2939.5003000099678","NA","2548.0024999997113","NA","2163.3257000066806","NA","4299.286999987089","NA","NA","NA","2564.207499992335","NA","NA","NA","17813.62739999895","c","38","2","psycho","The man will lick the stamp","1024","2","24000","-16","experiment","5","odd","4","107682.3882000026","427313.85520000185","424764.60430001316","128026.01400000276","7088.438900012989","107686.7545000132","110136.37370000652","NA","420740.8976000006","424764.4861000008","420538.1381000043","NA","107682.46250000084","NA","NA","420412.05450000416","NA","NA","113493.8639000029","NA","116437.29840000742","NA","118990.02660000406","NA","121158.05190001265","NA","NA","NA","125461.1128000106","NA","NA","NA","427333.34070000274","NA","24930.337100013276","420722.0834000036","420402.9772000067","420411.9533000048","424784.66320000007","424741.39390001073","128026.0416000092","420721.5883000026","7115.695300002699","3000","SceneViewing","37","28338.39290004107","37","2560"
"100","100","0_n.wav","750","750","#dadada","256","psycho","psycho","psycho","non-restrictive","1","undefined","undefined","1","NA","undefined","NA","undefined","NA","undefined","NA","undefined","NA","NA","undefined","NA","NA","NA","undefined","0","38","38","0","0","0","0","NA","38","38","38","NA","0","NA","NA","38","0","NA","0","NA","0","NA","0","NA","0","NA","NA","NA","0","NA","NA","NA","38","NA","0","38","38","38","38","38","0","38","0","participant_group6.csv","6","NA","NA","NA","Wed Jul 29 11:48:29 2026","NA","The main experiment item","False","VWP_finalSetup_22_7.osexp","C:\Users\plcm\Desktop\2026-EyeTracking\group-eyeconic\OS2\final_recordings_upl","False","mono","False","20","no","#0c0c0c","no","yes","1440","0","1_pos3_nosub.png","1_pos3_sub.png","psycho","38","38","C:\Users\plcm\Desktop\2026-EyeTracking\group-eyeconic\OS2\final_recordings_upl\subject-5.csv","psycho","Neonatal Nightingale","4.1.14","toy-train","ball","cake","toy-car","0","0","space","space","space","NA","space","NA","NA","space","NA","space","NA","space","NA","space","NA","NA","NA","space","NA","NA","NA","165.5116000038106","2442.57369999832","3352.997099995264","NA","165.5116000038106","NA","NA","2939.5003000099678","NA","2548.0024999997113","NA","2163.3257000066806","NA","4299.286999987089","NA","NA","NA","2564.207499992335","NA","NA","NA","17813.62739999895","c","39","2","psycho","The boy will move the cake","1024","2","24000","-16","experiment","5","odd","3","107682.3882000026","434183.83050001285","431763.4167000069","128026.01400000276","7088.438900012989","107686.7545000132","110136.37370000652","NA","427739.15500000294","431763.3581000118","427530.4366000055","NA","107682.46250000084","NA","NA","427363.8525999995","NA","NA","113493.8639000029","NA","116437.29840000742","NA","118990.02660000406","NA","121158.05190001265","NA","NA","NA","125461.1128000106","NA","NA","NA","434203.1782000122","NA","24930.337100013276","427722.71240000555","427353.50050000125","427363.68680000305","431782.86360000493","431739.4518000074","128026.0416000092","427722.0597000123","7115.695300002699","3000","SceneViewing","38","28503.904500044882","38","2560"
"100","100","12_n.wav","735","735","#dadada","256","psycho","psycho","psycho","non-restrictive","1","undefined","undefined","1","NA","undefined","NA","undefined","NA","undefined","NA","undefined","NA","NA","undefined","NA","NA","NA","undefined","0","39","39","0","0","0","0","NA","39","39","39","NA","0","NA","NA","39","0","NA","0","NA","0","NA","0","NA","0","NA","NA","NA","0","NA","NA","NA","39","NA","0","39","39","39","39","39","0","39","0","participant_group6.csv","6","NA","NA","NA","Wed Jul 29 11:48:29 2026","NA","The main experiment item","False","VWP_finalSetup_22_7.osexp","C:\Users\plcm\Desktop\2026-EyeTracking\group-eyeconic\OS2\final_recordings_upl","False","mono","False","20","no","#0c0c0c","no","yes","1440","12","13_pos3_nosub.png","13_pos3_sub.png","psycho","39","39","C:\Users\plcm\Desktop\2026-EyeTracking\group-eyeconic\OS2\final_recordings_upl\subject-5.csv","psycho","Neonatal Nightingale","4.1.14","sun","car","boat","birds","0","0","space","space","space","NA","space","NA","NA","space","NA","space","NA","space","NA","space","NA","NA","NA","space","NA","NA","NA","191.5761999989627","2442.57369999832","3352.997099995264","NA","191.5761999989627","NA","NA","2939.5003000099678","NA","2548.0024999997113","NA","2163.3257000066806","NA","4299.286999987089","NA","NA","NA","2564.207499992335","NA","NA","NA","17813.62739999895","c","40","2","psycho","The man will watch the boat","1024","2","24000","-16","experiment","5","odd","3","107682.3882000026","441144.06570000574","438649.28700000746","128026.01400000276","7088.438900012989","107686.7545000132","110136.37370000652","NA","434625.18490001094","438649.23010001075","434418.0739000003","NA","107682.46250000084","NA","NA","434225.73170000396","NA","NA","113493.8639000029","NA","116437.29840000742","NA","118990.02660000406","NA","121158.05190001265","NA","NA","NA","125461.1128000106","NA","NA","NA","441163.4112000029","NA","24930.337100013276","434608.04620001","434215.7033000112","434225.6305000046","438668.8385000016","438625.6679000071","128026.0416000092","434607.0858000021","7115.695300002699","3000","SceneViewing","39","28695.480700043845","39","2560"
"100","100","28_n.wav","718","718","#dadada","256","psycho","psycho","psycho","non-restrictive","1","undefined","undefined","1","NA","undefined","NA","undefined","NA","undefined","NA","undefined","NA","NA","undefined","NA","NA","NA","undefined","0","40","40","0","0","0","0","NA","40","40","40","NA","0","NA","NA","40","0","NA","0","NA","0","NA","0","NA","0","NA","NA","NA","0","NA","NA","NA","40","NA","0","40","40","40","40","40","0","40","0","participant_group6.csv","6","NA","NA","NA","Wed Jul 29 11:48:29 2026","NA","The main experiment item","False","VWP_finalSetup_22_7.osexp","C:\Users\plcm\Desktop\2026-EyeTracking\group-eyeconic\OS2\final_recordings_upl","False","mono","False","20","no","#0c0c0c","no","yes","1440","28","29_pos3_nosub.png","29_pos3_sub.png","psycho","40","40","C:\Users\plcm\Desktop\2026-EyeTracking\group-eyeconic\OS2\final_recordings_upl\subject-5.csv","psycho","Neonatal Nightingale","4.1.14","nut","sock","milk","glove","0","0","space","space","space","NA","space","NA","NA","space","NA","space","NA","space","NA","space","NA","NA","NA","space","NA","NA","NA","27.18599999207072","2442.57369999832","3352.997099995264","NA","27.18599999207072","NA","NA","2939.5003000099678","NA","2548.0024999997113","NA","2163.3257000066806","NA","4299.286999987089","NA","NA","NA","2564.207499992335","NA","NA","NA","17813.62739999895","c","41","2","psycho","The cat will push the milk","1024","2","24000","-16","experiment","5","odd","3","107682.3882000026","447903.8653000025","445490.627200008","128026.01400000276","7088.438900012989","107686.7545000132","110136.37370000652","NA","441465.0116000121","445490.5589000118","441210.3449000133","NA","107682.46250000084","NA","NA","441182.09270000807","NA","NA","113493.8639000029","NA","116437.29840000742","NA","118990.02660000406","NA","121158.05190001265","NA","NA","NA","125461.1128000106","NA","NA","NA","447923.30580001","NA","24930.337100013276","441448.0499000056","441171.66530000395","441181.9051000057","445510.4336000077","445465.5610000045","128026.0416000092","441447.2758000047","7115.695300002699","3000","SceneViewing","40","28722.666700035916","40","2560"
"100","100","25_r.wav","701","701","#dadada","256","psycho","psycho","psycho","restrictive","1","undefined","undefined","1","NA","undefined","NA","undefined","NA","undefined","NA","undefined","NA","NA","undefined","NA","NA","NA","undefined","0","41","41","0","0","0","0","NA","41","41","41","NA","0","NA","NA","41","0","NA","0","NA","0","NA","0","NA","0","NA","NA","NA","0","NA","NA","NA","41","NA","0","41","41","41","41","41","0","41","0","participant_group6.csv","6","NA","NA","NA","Wed Jul 29 11:48:29 2026","NA","The main experiment item","False","VWP_finalSetup_22_7.osexp","C:\Users\plcm\Desktop\2026-EyeTracking\group-eyeconic\OS2\final_recordings_upl","False","mono","False","20","no","#0c0c0c","no","yes","1440","25","26_pos4_nosub.png","26_pos4_sub.png","psycho","41","41","C:\Users\plcm\Desktop\2026-EyeTracking\group-eyeconic\OS2\final_recordings_upl\subject-5.csv","psycho","Neonatal Nightingale","4.1.14","keyboard","peach","rope","canvas","0","0","space","space","space","NA","space","NA","NA","space","NA","space","NA","space","NA","space","NA","NA","NA","space","NA","NA","NA","56.15180000313558","2442.57369999832","3352.997099995264","NA","56.15180000313558","NA","NA","2939.5003000099678","NA","2548.0024999997113","NA","2163.3257000066806","NA","4299.286999987089","NA","NA","NA","2564.207499992335","NA","NA","NA","17813.62739999895","c","42","2","psycho","The man will paint the canvas","1024","2","24000","-16","experiment","5","odd","4","107682.3882000026","455093.8223000121","452258.39700001234","128026.01400000276","7088.438900012989","107686.7545000132","110136.37370000652","NA","448232.6624000125","452258.34400000167","448002.0419000066","NA","107682.46250000084","NA","NA","447945.1435000083","NA","NA","113493.8639000029","NA","116437.29840000742","NA","118990.02660000406","NA","121158.05190001265","NA","NA","NA","125461.1128000106","NA","NA","NA","455113.25470000156","NA","24930.337100013276","448214.6400000056","447935.5659000139","447944.94630000554","452277.7660000138","452233.28230000334","128026.0416000092","448214.0054000047","7115.695300002699","3000","SceneViewing","41","28778.81850003905","41","2560"
"100","100","35_r.wav","717","717","#dadada","256","psycho","psycho","psycho","restrictive","1","undefined","undefined","1","NA","undefined","NA","undefined","NA","undefined","NA","undefined","NA","NA","undefined","NA","NA","NA","undefined","0","42","42","0","0","0","0","NA","42","42","42","NA","0","NA","NA","42","0","NA","0","NA","0","NA","0","NA","0","NA","NA","NA","0","NA","NA","NA","42","NA","0","42","42","42","42","42","0","42","0","participant_group6.csv","6","NA","NA","NA","Wed Jul 29 11:48:29 2026","NA","The main experiment item","False","VWP_finalSetup_22_7.osexp","C:\Users\plcm\Desktop\2026-EyeTracking\group-eyeconic\OS2\final_recordings_upl","False","mono","False","20","no","#0c0c0c","no","yes","1440","35","36_pos2_nosub.png","36_pos2_sub.png","psycho","42","42","C:\Users\plcm\Desktop\2026-EyeTracking\group-eyeconic\OS2\final_recordings_upl\subject-5.csv","psycho","Neonatal Nightingale","4.1.14","pot","mascara","brush","mirror","0","0","space","space","space","NA","space","NA","NA","space","NA","space","NA","space","NA","space","NA","NA","NA","space","NA","NA","NA","1343.1012000073679","2442.57369999832","3352.997099995264","NA","1343.1012000073679","NA","NA","2939.5003000099678","NA","2548.0024999997113","NA","2163.3257000066806","NA","4299.286999987089","NA","NA","NA","2564.207499992335","NA","NA","NA","17813.62739999895","c","43","2","psycho","The girl will apply the mascara","1024","2","24000","-16","experiment","5","odd","2","107682.3882000026","463793.85100000945","460739.8680000042","128026.01400000276","7088.438900012989","107686.7545000132","110136.37370000652","NA","456715.9740000061","460739.8009000026","456482.46740001196","NA","107682.46250000084","NA","NA","455138.21020000614","NA","NA","113493.8639000029","NA","116437.29840000742","NA","118990.02660000406","NA","121158.05190001265","NA","NA","NA","125461.1128000106","NA","NA","NA","463812.8102000046","NA","24930.337100013276","456698.7899000087","455127.0239000005","455137.66060001217","460759.3068000133","460716.4041000069","128026.0416000092","456698.3304000023","7115.695300002699","3000","SceneViewing","42","30121.91970004642","42","2560"
"100","100","2_n.wav","710","710","#dadada","256","psycho","psycho","psycho","non-restrictive","1","undefined","undefined","1","NA","undefined","NA","undefined","NA","undefined","NA","undefined","NA","NA","undefined","NA","NA","NA","undefined","0","43","43","0","0","0","0","NA","43","43","43","NA","0","NA","NA","43","0","NA","0","NA","0","NA","0","NA","0","NA","NA","NA","0","NA","NA","NA","43","NA","0","43","43","43","43","43","0","43","0","participant_group6.csv","6","NA","NA","NA","Wed Jul 29 11:48:29 2026","NA","The main experiment item","False","VWP_finalSetup_22_7.osexp","C:\Users\plcm\Desktop\2026-EyeTracking\group-eyeconic\OS2\final_recordings_upl","False","mono","False","20","no","#0c0c0c","no","yes","1440","2","3_pos1_nosub.png","3_pos1_sub.png","psycho","43","43","C:\Users\plcm\Desktop\2026-EyeTracking\group-eyeconic\OS2\final_recordings_upl\subject-5.csv","psycho","Neonatal Nightingale","4.1.14","man","car","houses","dustbin","0","0","space","space","space","NA","space","NA","NA","space","NA","space","NA","space","NA","space","NA","NA","NA","space","NA","NA","NA","410.7489000016358","2442.57369999832","3352.997099995264","NA","410.7489000016358","NA","NA","2939.5003000099678","NA","2548.0024999997113","NA","2163.3257000066806","NA","4299.286999987089","NA","NA","NA","2564.207499992335","NA","NA","NA","17813.62739999895","c","44","2","psycho","The policeman will search the man","1024","2","24000","-16","experiment","5","odd","1","107682.3882000026","471454.0529000078","468477.42560000916","128026.01400000276","7088.438900012989","107686.7545000132","110136.37370000652","NA","464452.99990000785","468477.367200001","464242.0975000132","NA","107682.46250000084","NA","NA","463830.59550001053","NA","NA","113493.8639000029","NA","116437.29840000742","NA","118990.02660000406","NA","121158.05190001265","NA","NA","NA","125461.1128000106","NA","NA","NA","471473.34150000825","NA","24930.337100013276","464436.93780001195","463821.0502000002","463830.4663000017","468497.2207000101","468453.66900000954","128026.0416000092","464436.5422000119","7115.695300002699","3000","SceneViewing","43","30532.668600048055","43","2560"
"100","100","30_n.wav","700","700","#dadada","256","psycho","psycho","psycho","non-restrictive","1","undefined","undefined","1","NA","undefined","NA","undefined","NA","undefined","NA","undefined","NA","NA","undefined","NA","NA","NA","undefined","0","44","44","0","0","0","0","NA","44","44","44","NA","0","NA","NA","44","0","NA","0","NA","0","NA","0","NA","0","NA","NA","NA","0","NA","NA","NA","44","NA","0","44","44","44","44","44","0","44","0","participant_group6.csv","6","NA","NA","NA","Wed Jul 29 11:48:29 2026","NA","The main experiment item","False","VWP_finalSetup_22_7.osexp","C:\Users\plcm\Desktop\2026-EyeTracking\group-eyeconic\OS2\final_recordings_upl","False","mono","False","20","no","#0c0c0c","no","yes","1440","30","31_pos1_nosub.png","31_pos1_sub.png","psycho","44","44","C:\Users\plcm\Desktop\2026-EyeTracking\group-eyeconic\OS2\final_recordings_upl\subject-5.csv","psycho","Neonatal Nightingale","4.1.14","dice","cap","watch","headphones","0","0","space","space","space","NA","space","NA","NA","space","NA","space","NA","space","NA","space","NA","NA","NA","space","NA","NA","NA","289.91960000712425","2442.57369999832","3352.997099995264","NA","289.91960000712425","NA","NA","2939.5003000099678","NA","2548.0024999997113","NA","2163.3257000066806","NA","4299.286999987089","NA","NA","NA","2564.207499992335","NA","NA","NA","17813.62739999895","c","45","2","psycho","The girl will grab the dice","1024","2","24000","-16","experiment","5","odd","1","107682.3882000026","478733.9015000034","476033.8233000075","128026.01400000276","7088.438900012989","107686.7545000132","110136.37370000652","NA","472009.51790000545","476033.73300000385","471794.3135000096","NA","107682.46250000084","NA","NA","471503.3853000059","NA","NA","113493.8639000029","NA","116437.29840000742","NA","118990.02660000406","NA","121158.05190001265","NA","NA","NA","125461.1128000106","NA","NA","NA","478752.87370001024","NA","24930.337100013276","471989.73300000944","471493.52580000414","471503.24580000597","476053.6778000096","476009.8979000031","128026.0416000092","471989.21850000625","7115.695300002699","3000","SceneViewing","44","30822.58820005518","44","2560"
"100","100","27_r.wav","695","695","#dadada","256","psycho","psycho","psycho","restrictive","1","undefined","undefined","1","NA","undefined","NA","undefined","NA","undefined","NA","undefined","NA","NA","undefined","NA","NA","NA","undefined","0","45","45","0","0","0","0","NA","45","45","45","NA","0","NA","NA","45","0","NA","0","NA","0","NA","0","NA","0","NA","NA","NA","0","NA","NA","NA","45","NA","0","45","45","45","45","45","0","45","0","participant_group6.csv","6","NA","NA","NA","Wed Jul 29 11:48:29 2026","NA","The main experiment item","False","VWP_finalSetup_22_7.osexp","C:\Users\plcm\Desktop\2026-EyeTracking\group-eyeconic\OS2\final_recordings_upl","False","mono","False","20","no","#0c0c0c","no","yes","1440","27","28_pos2_nosub.png","28_pos2_sub.png","psycho","45","45","C:\Users\plcm\Desktop\2026-EyeTracking\group-eyeconic\OS2\final_recordings_upl\subject-5.csv","psycho","Neonatal Nightingale","4.1.14","picture","lamp","switch","frame","0","0","space","space","space","NA","space","NA","NA","space","NA","space","NA","space","NA","space","NA","NA","NA","space","NA","NA","NA","456.49840000260156","2442.57369999832","3352.997099995264","NA","456.49840000260156","NA","NA","2939.5003000099678","NA","2548.0024999997113","NA","2163.3257000066806","NA","4299.286999987089","NA","NA","NA","2564.207499992335","NA","NA","NA","17813.62739999895","c","46","2","psycho","The boy will dim the lamp","1024","2","24000","-16","experiment","5","odd","2","107682.3882000026","485834.0482000058","483488.40890001156","128026.01400000276","7088.438900012989","107686.7545000132","110136.37370000652","NA","479463.7352999998","483488.35540001164","479234.3518000125","NA","107682.46250000084","NA","NA","478776.7995000031","NA","NA","113493.8639000029","NA","116437.29840000742","NA","118990.02660000406","NA","121158.05190001265","NA","NA","NA","125461.1128000106","NA","NA","NA","485852.99070000474","NA","24930.337100013276","479446.0592000105","478767.1345000126","478776.61790000275","483507.53700001223","483464.08210000664","128026.0416000092","479445.6538000086","7115.695300002699","3000","SceneViewing","45","31279.08660005778","45","2560"
"100","100","24_n.wav","700","700","#dadada","256","psycho","psycho","psycho","non-restrictive","1","undefined","undefined","1","NA","undefined","NA","undefined","NA","undefined","NA","undefined","NA","NA","undefined","NA","NA","NA","undefined","0","46","46","0","0","0","0","NA","46","46","46","NA","0","NA","NA","46","0","NA","0","NA","0","NA","0","NA","0","NA","NA","NA","0","NA","NA","NA","46","NA","0","46","46","46","46","46","0","46","0","participant_group6.csv","6","NA","NA","NA","Wed Jul 29 11:48:29 2026","NA","The main experiment item","False","VWP_finalSetup_22_7.osexp","C:\Users\plcm\Desktop\2026-EyeTracking\group-eyeconic\OS2\final_recordings_upl","False","mono","False","20","no","#0c0c0c","no","yes","1440","24","25_pos3_nosub.png","25_pos3_sub.png","psycho","46","46","C:\Users\plcm\Desktop\2026-EyeTracking\group-eyeconic\OS2\final_recordings_upl\subject-5.csv","psycho","Neonatal Nightingale","4.1.14","potato","glass","rabbit","plate","0","0","space","space","space","NA","space","NA","NA","space","NA","space","NA","space","NA","space","NA","NA","NA","space","NA","NA","NA","933.6974000034388","2442.57369999832","3352.997099995264","NA","933.6974000034388","NA","NA","2939.5003000099678","NA","2548.0024999997113","NA","2163.3257000066806","NA","4299.286999987089","NA","NA","NA","2564.207499992335","NA","NA","NA","17813.62739999895","c","47","2","psycho","The girl will lift the rabbit","1024","2","24000","-16","experiment","5","odd","3","107682.3882000026","493833.9860000124","491115.62250000134","128026.01400000276","7088.438900012989","107686.7545000132","110136.37370000652","NA","487092.27120000287","491115.55950000184","486850.69470001326","NA","107682.46250000084","NA","NA","485915.6832000008","NA","NA","113493.8639000029","NA","116437.29840000742","NA","118990.02660000406","NA","121158.05190001265","NA","NA","NA","125461.1128000106","NA","NA","NA","493853.531700006","NA","24930.337100013276","487075.1580000069","485905.23600000597","485915.5744000018","491134.77620000776","491092.3810000095","128026.0416000092","487074.4105000049","7115.695300002699","3000","SceneViewing","46","32212.78400006122","46","2560"
"100","100","11_r.wav","693","693","#dadada","256","psycho","psycho","psycho","restrictive","1","undefined","undefined","1","NA","undefined","NA","undefined","NA","undefined","NA","undefined","NA","NA","undefined","NA","NA","NA","undefined","0","47","47","0","0","0","0","NA","47","47","47","NA","0","NA","NA","47","0","NA","0","NA","0","NA","0","NA","0","NA","NA","NA","0","NA","NA","NA","47","NA","0","47","47","47","47","47","0","47","0","participant_group6.csv","6","NA","NA","NA","Wed Jul 29 11:48:29 2026","NA","The main experiment item","False","VWP_finalSetup_22_7.osexp","C:\Users\plcm\Desktop\2026-EyeTracking\group-eyeconic\OS2\final_recordings_upl","False","mono","False","20","no","#0c0c0c","no","yes","1440","11","12_pos2_nosub.png","12_pos2_sub.png","psycho","47","47","C:\Users\plcm\Desktop\2026-EyeTracking\group-eyeconic\OS2\final_recordings_upl\subject-5.csv","psycho","Neonatal Nightingale","4.1.14","bricks","bell","drum","duck","0","0","space","space","space","NA","space","NA","NA","space","NA","space","NA","space","NA","space","NA","NA","NA","space","NA","NA","NA","384.00379999075085","2442.57369999832","3352.997099995264","NA","384.00379999075085","NA","NA","2939.5003000099678","NA","2548.0024999997113","NA","2163.3257000066806","NA","4299.286999987089","NA","NA","NA","2564.207499992335","NA","NA","NA","17813.62739999895","c","48","2","psycho","The baby will ring the bell","1024","2","24000","-16","experiment","5","odd","2","107682.3882000026","500534.19970000687","498527.52300001157","128026.01400000276","7088.438900012989","107686.7545000132","110136.37370000652","NA","494502.2893000132","498527.46730000945","494266.1892000033","NA","107682.46250000084","NA","NA","493881.3119000115","NA","NA","113493.8639000029","NA","116437.29840000742","NA","118990.02660000406","NA","121158.05190001265","NA","NA","NA","125461.1128000106","NA","NA","NA","500554.0638000093","NA","24930.337100013276","494487.15680000896","493871.11040001037","493881.04710000334","498546.8918000115","498502.705100007","128026.0416000092","494486.47810000693","7115.695300002699","3000","SceneViewing","47","32596.78780005197","47","2560"
"100","100","22_n.wav","733","733","#dadada","256","psycho","psycho","psycho","non-restrictive","1","undefined","undefined","1","NA","undefined","NA","undefined","NA","undefined","NA","undefined","NA","NA","undefined","NA","NA","NA","undefined","0","48","48","0","0","0","0","NA","48","48","48","NA","0","NA","NA","48","0","NA","0","NA","0","NA","0","NA","0","NA","NA","NA","0","NA","NA","NA","48","NA","0","48","48","48","48","48","0","48","0","participant_group6.csv","6","NA","NA","NA","Wed Jul 29 11:48:29 2026","NA","The main experiment item","False","VWP_finalSetup_22_7.osexp","C:\Users\plcm\Desktop\2026-EyeTracking\group-eyeconic\OS2\final_recordings_upl","False","mono","False","20","no","#0c0c0c","no","yes","1440","22","23_pos1_nosub.png","23_pos1_sub.png","psycho","48","48","C:\Users\plcm\Desktop\2026-EyeTracking\group-eyeconic\OS2\final_recordings_upl\subject-5.csv","psycho","Neonatal Nightingale","4.1.14","coat","hook","poster","towel","0","0","space","space","space","NA","space","NA","NA","space","NA","space","NA","space","NA","space","NA","NA","NA","space","NA","NA","NA","2621.873300013249","2442.57369999832","3352.997099995264","NA","2621.873300013249","NA","NA","2939.5003000099678","NA","2548.0024999997113","NA","2163.3257000066806","NA","4299.286999987089","NA","NA","NA","2564.207499992335","NA","NA","NA","17813.62739999895","c","49","2","psycho","The girl will hang the coat","1024","2","24000","-16","experiment","5","odd","1","107682.3882000026","509943.92110001354","507462.05140001257","128026.01400000276","7088.438900012989","107686.7545000132","110136.37370000652","NA","503437.80500000867","507461.98300000106","503210.192700004","NA","107682.46250000084","NA","NA","500587.42809999967","NA","NA","113493.8639000029","NA","116437.29840000742","NA","118990.02660000406","NA","121158.05190001265","NA","NA","NA","125461.1128000106","NA","NA","NA","509963.96090000053","NA","24930.337100013276","503420.33880000236","500575.8891000005","500587.19890000066","507481.7599000089","507438.5267000034","128026.0416000092","503419.66500000854","7115.695300002699","3000","SceneViewing","48","35218.66110006522","48","2560"
"100","100","16_n.wav","726","726","#dadada","256","psycho","psycho","psycho","non-restrictive","1","undefined","undefined","1","NA","undefined","NA","undefined","NA","undefined","NA","undefined","NA","NA","undefined","NA","NA","NA","undefined","0","49","49","0","0","0","0","NA","49","49","49","NA","0","NA","NA","49","0","NA","0","NA","0","NA","0","NA","0","NA","NA","NA","0","NA","NA","NA","49","NA","0","49","49","49","49","49","0","49","0","participant_group6.csv","6","NA","NA","NA","Wed Jul 29 11:48:29 2026","NA","The main experiment item","False","VWP_finalSetup_22_7.osexp","C:\Users\plcm\Desktop\2026-EyeTracking\group-eyeconic\OS2\final_recordings_upl","False","mono","False","20","no","#0c0c0c","no","yes","1440","16","17_pos3_nosub.png","17_pos3_sub.png","psycho","49","49","C:\Users\plcm\Desktop\2026-EyeTracking\group-eyeconic\OS2\final_recordings_upl\subject-5.csv","psycho","Neonatal Nightingale","4.1.14","backpack","ribbon","dress","lantern","0","0","space","space","space","NA","space","NA","NA","space","NA","space","NA","space","NA","space","NA","NA","NA","space","NA","NA","NA","372.53409999539144","2442.57369999832","3352.997099995264","NA","372.53409999539144","NA","NA","2939.5003000099678","NA","2548.0024999997113","NA","2163.3257000066806","NA","4299.286999987089","NA","NA","NA","2564.207499992335","NA","NA","NA","17813.62739999895","c","50","2","psycho","The woman will  carry the dress","1024","2","24000","-16","experiment","5","odd","3","107682.3882000026","517323.86080001015","514586.5293000097","128026.01400000276","7088.438900012989","107686.7545000132","110136.37370000652","NA","510561.7195000086","514586.45960000285","510354.23840000294","NA","107682.46250000084","NA","NA","509980.82730000897","NA","NA","113493.8639000029","NA","116437.29840000742","NA","118990.02660000406","NA","121158.05190001265","NA","NA","NA","125461.1128000106","NA","NA","NA","517343.30860000046","NA","24930.337100013276","510544.561600007","509971.6025000089","509980.7159000047","514605.6038000097","514562.38270000904","128026.0416000092","510543.88460000337","7115.695300002699","3000","SceneViewing","49","35591.19520006061","49","2560"
