"acc","accuracy","audio_file","average_response_time","avg_rt","background","block_size","canvas_backend","clock_backend","color_backend","condition","correct","correct_experiment_intro","correct_experiment_intro2","correct_new_1_keyboard_response","correct_new_2_keyboard_response","correct_new_2_sketchpad","correct_new_3_keyboard_response","correct_new_3_sketchpad","correct_new_4_keyboard_response","correct_new_4_sketchpad","correct_new_5_keyboard_response","correct_new_5_sketchpad","correct_new_6_keyboard_response","correct_new_7_keyboard_response","correct_new_7_sketchpad","correct_new_8_keyboard_response","correct_new_keyboard_response","correct_new_mouse_response","correct_welcome","count_accuracy_output","count_audio_file_offset","count_audio_file_onset_log","count_definitions","count_experiment","count_experiment_intro","count_experiment_intro2","count_image_delay","count_image_nosub","count_image_sub","count_increment_roundCounter","count_instruction","count_instructions","count_log_instruction","count_new_1_inline_script","count_new_1_keyboard_response","count_new_1_sketchpad","count_new_2_keyboard_response","count_new_2_sketchpad","count_new_3_keyboard_response","count_new_3_sketchpad","count_new_4_keyboard_response","count_new_4_sketchpad","count_new_5_keyboard_response","count_new_5_sketchpad","count_new_6_keyboard_response","count_new_6_sketchpad","count_new_7_keyboard_response","count_new_7_sketchpad","count_new_8_keyboard_response","count_new_inline_script","count_new_keyboard_response","count_new_logger","count_new_mouse_response","count_new_pygaze_init","count_new_pygaze_start_recording","count_new_pygaze_stop_recording","count_new_sketchpad","count_sentence_audio","count_subject_onset_log","count_trial_loop","count_trial_sequence","count_welcome","csv_filepath","csv_id","cursor_roi","cursor_x","cursor_y","datetime","delay_image_delay","description","disable_garbage_collection","experiment_file","experiment_path","font_bold","font_family","font_italic","font_size","font_underline","foreground","form_clicks","fullscreen","height","id","image_nosub","image_sub","keyboard_backend","live_row","live_row_trial_loop","logfile","mouse_backend","opensesame_codename","opensesame_version","position1","position2","position3","position4","psychopy_screen","repeat_cycle","response","response_experiment_intro","response_experiment_intro2","response_instruction","response_new_1_keyboard_response","response_new_1_sketchpad","response_new_2_keyboard_response","response_new_2_sketchpad","response_new_3_keyboard_response","response_new_3_sketchpad","response_new_4_keyboard_response","response_new_4_sketchpad","response_new_5_keyboard_response","response_new_5_sketchpad","response_new_6_keyboard_response","response_new_6_sketchpad","response_new_7_keyboard_response","response_new_7_sketchpad","response_new_8_keyboard_response","response_new_keyboard_response","response_new_mouse_response","response_time","response_time_experiment_intro","response_time_experiment_intro2","response_time_instruction","response_time_new_1_keyboard_response","response_time_new_1_sketchpad","response_time_new_2_keyboard_response","response_time_new_2_sketchpad","response_time_new_3_keyboard_response","response_time_new_3_sketchpad","response_time_new_4_keyboard_response","response_time_new_4_sketchpad","response_time_new_5_keyboard_response","response_time_new_5_sketchpad","response_time_new_6_keyboard_response","response_time_new_6_sketchpad","response_time_new_7_keyboard_response","response_time_new_7_sketchpad","response_time_new_8_keyboard_response","response_time_new_keyboard_response","response_time_new_mouse_response","response_time_welcome","response_welcome","round","round_decimals","sampler_backend","sentence","sound_buf_size","sound_channels","sound_freq","sound_sample_size","start","subject_nr","subject_parity","target_position","time_accuracy_output","time_audio_file_offset","time_audio_file_onset_log","time_definitions","time_experiment","time_experiment_intro","time_experiment_intro2","time_image_delay","time_image_nosub","time_image_sub","time_increment_roundCounter","time_instruction","time_instructions","time_log_instruction","time_new_1_inline_script","time_new_1_keyboard_response","time_new_1_sketchpad","time_new_2_keyboard_response","time_new_2_sketchpad","time_new_3_keyboard_response","time_new_3_sketchpad","time_new_4_keyboard_response","time_new_4_sketchpad","time_new_5_keyboard_response","time_new_5_sketchpad","time_new_6_keyboard_response","time_new_6_sketchpad","time_new_7_keyboard_response","time_new_7_sketchpad","time_new_8_keyboard_response","time_new_inline_script","time_new_keyboard_response","time_new_logger","time_new_mouse_response","time_new_pygaze_init","time_new_pygaze_start_recording","time_new_pygaze_stop_recording","time_new_sketchpad","time_sentence_audio","time_subject_onset_log","time_trial_loop","time_trial_sequence","time_welcome","timeout","title","total_correct","total_response_time","total_responses","width"
"undefined","undefined","3_n.wav","undefined","undefined","#dadada","256","psycho","psycho","psycho","non-restrictive","undefined","undefined","undefined","NA","NA","undefined","NA","undefined","NA","undefined","NA","undefined","NA","NA","undefined","NA","NA","NA","undefined","0","0","0","0","0","0","0","NA","0","0","0","NA","0","NA","NA","0","0","NA","0","NA","0","NA","0","NA","0","NA","NA","NA","0","NA","NA","NA","0","NA","0","0","0","0","0","0","0","0","0","participant_group5.csv","5","NA","NA","NA","Fri Jul 24 14:46:04 2026","NA","The main experiment item","False","VWP_finalSetup_22_7.osexp","C:\Users\plcm\Desktop\2026-EyeTracking\group-eyeconic\OS2\final_recordings_upl","False","mono","False","20","no","#0c0c0c","no","yes","1440","3","4_pos2_nosub.png","4_pos2_sub.png","psycho","0","0","C:/Users/plcm/Desktop/2026-EyeTracking/group-eyeconic/OS2/final_recordings_upl/group 19-24/subject-20.csv","psycho","Neonatal Nightingale","4.1.14","rocking-horse","baby","plant","stool","0","0","space","space","space","NA","NA","NA","NA","space","NA","space","NA","space","NA","space","NA","NA","NA","space","NA","NA","NA","4291.042600001674","2153.256199992029","5714.2072999995435","NA","NA","NA","NA","7011.518500003149","NA","3028.0494000035105","NA","2547.864899999695","NA","3987.6211999944644","NA","NA","NA","4291.042600001674","NA","NA","NA","34204.791199998","c","1","2","psycho","The woman will touch the baby","1024","2","24000","-16","experiment","20","even","2","211787.3149000079","247584.21990000352","244856.19570000563","240554.5451000071","5033.499299999676","211792.7675000101","213951.80480000272","NA","240824.21550000436","244856.03049999918","NA","NA","211787.39379999752","NA","NA","NA","NA","NA","219670.5062999972","NA","226686.08090000635","NA","229718.1825000007","NA","232270.42870000878","NA","NA","NA","236262.95230000687","NA","NA","NA","247608.1872000068","NA","39251.38130001142","240776.20540000498","NA","NA","244881.99680000253","244824.72650001","240554.58029999863","240775.58169999975","5045.338000010815","3000","SceneViewing","0","0","0","2560"
"100","100","10_r.wav","2711","2711","#dadada","256","psycho","psycho","psycho","restrictive","1","undefined","undefined","1","NA","undefined","NA","undefined","NA","undefined","NA","undefined","NA","NA","undefined","NA","NA","NA","undefined","0","1","1","0","0","0","0","NA","1","1","1","NA","0","NA","NA","1","0","NA","0","NA","0","NA","0","NA","0","NA","NA","NA","0","NA","NA","NA","1","NA","0","1","1","1","1","1","0","1","0","participant_group5.csv","5","NA","NA","NA","Fri Jul 24 14:46:04 2026","NA","The main experiment item","False","VWP_finalSetup_22_7.osexp","C:\Users\plcm\Desktop\2026-EyeTracking\group-eyeconic\OS2\final_recordings_upl","False","mono","False","20","no","#0c0c0c","no","yes","1440","10","11_pos1_nosub.png","11_pos1_sub.png","psycho","1","1","C:/Users/plcm/Desktop/2026-EyeTracking/group-eyeconic/OS2/final_recordings_upl/group 19-24/subject-20.csv","psycho","Neonatal Nightingale","4.1.14","washing-machine","mirror","dog","wastebin","0","0","space","space","space","NA","space","NA","NA","space","NA","space","NA","space","NA","space","NA","NA","NA","space","NA","NA","NA","2711.3498999970034","2153.256199992029","5714.2072999995435","NA","2711.3498999970034","NA","NA","7011.518500003149","NA","3028.0494000035105","NA","2547.864899999695","NA","3987.6211999944644","NA","NA","NA","4291.042600001674","NA","NA","NA","34204.791199998","c","2","2","psycho","The man will repair the washing machine","1024","2","24000","-16","experiment","20","even","1","211787.3149000079","258104.3134000065","254618.42790000082","240554.5451000071","5033.499299999676","211792.7675000101","213951.80480000272","NA","250593.09239999857","254618.34860000818","250370.57690000802","NA","211787.39379999752","NA","NA","247658.64080000028","NA","NA","219670.5062999972","NA","226686.08090000635","NA","229718.1825000007","NA","232270.42870000878","NA","NA","NA","236262.95230000687","NA","NA","NA","258123.04240000958","NA","39251.38130001142","250578.24050000636","247631.34420001006","247658.50840001076","254638.0649000057","254593.5055000009","240554.58029999863","250577.60060000874","5045.338000010815","3000","SceneViewing","1","2711.3498999970034","1","2560"
"100","100","28_r.wav","6711","6711","#dadada","256","psycho","psycho","psycho","restrictive","1","undefined","undefined","1","NA","undefined","NA","undefined","NA","undefined","NA","undefined","NA","NA","undefined","NA","NA","NA","undefined","0","2","2","0","0","0","0","NA","2","2","2","NA","0","NA","NA","2","0","NA","0","NA","0","NA","0","NA","0","NA","NA","NA","0","NA","NA","NA","2","NA","0","2","2","2","2","2","0","2","0","participant_group5.csv","5","NA","NA","NA","Fri Jul 24 14:46:04 2026","NA","The main experiment item","False","VWP_finalSetup_22_7.osexp","C:\Users\plcm\Desktop\2026-EyeTracking\group-eyeconic\OS2\final_recordings_upl","False","mono","False","20","no","#0c0c0c","no","yes","1440","28","29_pos3_nosub.png","29_pos3_sub.png","psycho","2","2","C:/Users/plcm/Desktop/2026-EyeTracking/group-eyeconic/OS2/final_recordings_upl/group 19-24/subject-20.csv","psycho","Neonatal Nightingale","4.1.14","nut","sock","milk","glove","0","0","space","space","space","NA","space","NA","NA","space","NA","space","NA","space","NA","space","NA","NA","NA","space","NA","NA","NA","10712.182900009793","2153.256199992029","5714.2072999995435","NA","10712.182900009793","NA","NA","7011.518500003149","NA","3028.0494000035105","NA","2547.864899999695","NA","3987.6211999944644","NA","NA","NA","4291.042600001674","NA","NA","NA","34204.791199998","c","3","2","psycho","The cat will drink the milk","1024","2","24000","-16","experiment","20","even","3","211787.3149000079","275604.39900000347","273118.92290000105","240554.5451000071","5033.499299999676","211792.7675000101","213951.80480000272","NA","269094.9094000098","273118.839200004","268866.8309000059","NA","211787.39379999752","NA","NA","258153.86279999802","NA","NA","219670.5062999972","NA","226686.08090000635","NA","229718.1825000007","NA","232270.42870000878","NA","NA","NA","236262.95230000687","NA","NA","NA","275623.2785000029","NA","39251.38130001142","269079.25799999794","258143.9939999982","258153.7728000112","273138.3050000004","273095.22090000974","240554.58029999863","269078.7410000048","5045.338000010815","3000","SceneViewing","2","13423.532800006797","2","2560"
"100","100","6_r.wav","5334","5334","#dadada","256","psycho","psycho","psycho","restrictive","1","undefined","undefined","1","NA","undefined","NA","undefined","NA","undefined","NA","undefined","NA","NA","undefined","NA","NA","NA","undefined","0","3","3","0","0","0","0","NA","3","3","3","NA","0","NA","NA","3","0","NA","0","NA","0","NA","0","NA","0","NA","NA","NA","0","NA","NA","NA","3","NA","0","3","3","3","3","3","0","3","0","participant_group5.csv","5","NA","NA","NA","Fri Jul 24 14:46:04 2026","NA","The main experiment item","False","VWP_finalSetup_22_7.osexp","C:\Users\plcm\Desktop\2026-EyeTracking\group-eyeconic\OS2\final_recordings_upl","False","mono","False","20","no","#0c0c0c","no","yes","1440","6","7_pos1_nosub.png","7_pos1_sub.png","psycho","3","3","C:/Users/plcm/Desktop/2026-EyeTracking/group-eyeconic/OS2/final_recordings_upl/group 19-24/subject-20.csv","psycho","Neonatal Nightingale","4.1.14","mushrooms","knife","weighing-scales","jug","0","0","space","space","space","NA","space","NA","NA","space","NA","space","NA","space","NA","space","NA","NA","NA","space","NA","NA","NA","2579.521299994667","2153.256199992029","5714.2072999995435","NA","2579.521299994667","NA","NA","7011.518500003149","NA","3028.0494000035105","NA","2547.864899999695","NA","3987.6211999944644","NA","NA","NA","4291.042600001674","NA","NA","NA","34204.791199998","c","4","2","psycho","The housewife will fry the mushrooms","1024","2","24000","-16","experiment","20","even","1","211787.3149000079","285844.3694000016","282468.7338000076","240554.5451000071","5033.499299999676","211792.7675000101","213951.80480000272","NA","278444.7572000063","282468.6454000039","278234.73419999937","NA","211787.39379999752","NA","NA","275654.54470000986","NA","NA","219670.5062999972","NA","226686.08090000635","NA","229718.1825000007","NA","232270.42870000878","NA","NA","NA","236262.95230000687","NA","NA","NA","285863.72850000043","NA","39251.38130001142","278429.9585999979","275645.2435000101","275654.3919000105","282487.95940000855","282444.92300000275","240554.58029999863","278429.56520000007","5045.338000010815","3000","SceneViewing","3","16003.054100001464","3","2560"
"100","100","21_n.wav","4881","4881","#dadada","256","psycho","psycho","psycho","non-restrictive","1","undefined","undefined","1","NA","undefined","NA","undefined","NA","undefined","NA","undefined","NA","NA","undefined","NA","NA","NA","undefined","0","4","4","0","0","0","0","NA","4","4","4","NA","0","NA","NA","4","0","NA","0","NA","0","NA","0","NA","0","NA","NA","NA","0","NA","NA","NA","4","NA","0","4","4","4","4","4","0","4","0","participant_group5.csv","5","NA","NA","NA","Fri Jul 24 14:46:04 2026","NA","The main experiment item","False","VWP_finalSetup_22_7.osexp","C:\Users\plcm\Desktop\2026-EyeTracking\group-eyeconic\OS2\final_recordings_upl","False","mono","False","20","no","#0c0c0c","no","yes","1440","21","22_pos4_nosub.png","22_pos4_sub.png","psycho","4","4","C:/Users/plcm/Desktop/2026-EyeTracking/group-eyeconic/OS2/final_recordings_upl/group 19-24/subject-20.csv","psycho","Neonatal Nightingale","4.1.14","magazine","vase","cushion","flower","0","0","space","space","space","NA","space","NA","NA","space","NA","space","NA","space","NA","space","NA","NA","NA","space","NA","NA","NA","3523.2996999984607","2153.256199992029","5714.2072999995435","NA","3523.2996999984607","NA","NA","7011.518500003149","NA","3028.0494000035105","NA","2547.864899999695","NA","3987.6211999944644","NA","NA","NA","4291.042600001674","NA","NA","NA","34204.791199998","c","5","2","psycho","The woman will move the flower","1024","2","24000","-16","experiment","20","even","4","211787.3149000079","296354.37240000465","293652.93570001086","240554.5451000071","5033.499299999676","211792.7675000101","213951.80480000272","NA","289629.55820000207","293652.8729999991","289418.8520000025","NA","211787.39379999752","NA","NA","285894.7630000039","NA","NA","219670.5062999972","NA","226686.08090000635","NA","229718.1825000007","NA","232270.42870000878","NA","NA","NA","236262.95230000687","NA","NA","NA","296373.8641000091","NA","39251.38130001142","289615.00070001057","285883.91820000834","285894.6289000014","293672.4144000036","293629.8029000027","240554.58029999863","289614.1115000064","5045.338000010815","3000","SceneViewing","4","19526.353799999924","4","2560"
"100","100","12_r.wav","4036","4036","#dadada","256","psycho","psycho","psycho","restrictive","1","undefined","undefined","1","NA","undefined","NA","undefined","NA","undefined","NA","undefined","NA","NA","undefined","NA","NA","NA","undefined","0","5","5","0","0","0","0","NA","5","5","5","NA","0","NA","NA","5","0","NA","0","NA","0","NA","0","NA","0","NA","NA","NA","0","NA","NA","NA","5","NA","0","5","5","5","5","5","0","5","0","participant_group5.csv","5","NA","NA","NA","Fri Jul 24 14:46:04 2026","NA","The main experiment item","False","VWP_finalSetup_22_7.osexp","C:\Users\plcm\Desktop\2026-EyeTracking\group-eyeconic\OS2\final_recordings_upl","False","mono","False","20","no","#0c0c0c","no","yes","1440","12","13_pos3_nosub.png","13_pos3_sub.png","psycho","5","5","C:/Users/plcm/Desktop/2026-EyeTracking/group-eyeconic/OS2/final_recordings_upl/group 19-24/subject-20.csv","psycho","Neonatal Nightingale","4.1.14","sun","car","boat","birds","0","0","space","space","space","NA","space","NA","NA","space","NA","space","NA","space","NA","space","NA","NA","NA","space","NA","NA","NA","658.2658999977866","2153.256199992029","5714.2072999995435","NA","658.2658999977866","NA","NA","7011.518500003149","NA","3028.0494000035105","NA","2547.864899999695","NA","3987.6211999944644","NA","NA","NA","4291.042600001674","NA","NA","NA","34204.791199998","c","6","2","psycho","The man will sail the boat","1024","2","24000","-16","experiment","20","even","3","211787.3149000079","303764.20489999873","301284.24990001076","240554.5451000071","5033.499299999676","211792.7675000101","213951.80480000272","NA","297259.9058000051","301284.15060001134","297050.9650000022","NA","211787.39379999752","NA","NA","296391.83420001063","NA","NA","219670.5062999972","NA","226686.08090000635","NA","229718.1825000007","NA","232270.42870000878","NA","NA","NA","236262.95230000687","NA","NA","NA","303783.67720000097","NA","39251.38130001142","297244.31700000423","296382.47710000724","296391.6681999981","301303.2508000033","301260.14959999884","240554.58029999863","297243.6397999991","5045.338000010815","3000","SceneViewing","5","20184.61969999771","5","2560"
"100","100","5_n.wav","3482","3482","#dadada","256","psycho","psycho","psycho","non-restrictive","1","undefined","undefined","1","NA","undefined","NA","undefined","NA","undefined","NA","undefined","NA","NA","undefined","NA","NA","NA","undefined","0","6","6","0","0","0","0","NA","6","6","6","NA","0","NA","NA","6","0","NA","0","NA","0","NA","0","NA","0","NA","NA","NA","0","NA","NA","NA","6","NA","0","6","6","6","6","6","0","6","0","participant_group5.csv","5","NA","NA","NA","Fri Jul 24 14:46:04 2026","NA","The main experiment item","False","VWP_finalSetup_22_7.osexp","C:\Users\plcm\Desktop\2026-EyeTracking\group-eyeconic\OS2\final_recordings_upl","False","mono","False","20","no","#0c0c0c","no","yes","1440","5","6_pos4_nosub.png","6_pos4_sub.png","psycho","6","6","C:/Users/plcm/Desktop/2026-EyeTracking/group-eyeconic/OS2/final_recordings_upl/group 19-24/subject-20.csv","psycho","Neonatal Nightingale","4.1.14","animal","cactus","moon","mountain","0","0","space","space","space","NA","space","NA","NA","space","NA","space","NA","space","NA","space","NA","NA","NA","space","NA","NA","NA","707.8020000044489","2153.256199992029","5714.2072999995435","NA","707.8020000044489","NA","NA","7011.518500003149","NA","3028.0494000035105","NA","2547.864899999695","NA","3987.6211999944644","NA","NA","NA","4291.042600001674","NA","NA","NA","34204.791199998","c","7","2","psycho","The hiker will photograph the mountain","1024","2","24000","-16","experiment","20","even","4","211787.3149000079","312104.9774999992","308761.65300000866","240554.5451000071","5033.499299999676","211792.7675000101","213951.80480000272","NA","304737.23040000186","308761.5722000046","304522.87210000213","NA","211787.39379999752","NA","NA","303814.43020000006","NA","NA","219670.5062999972","NA","226686.08090000635","NA","229718.1825000007","NA","232270.42870000878","NA","NA","NA","236262.95230000687","NA","NA","NA","312124.48090000544","NA","39251.38130001142","304722.2197000083","303804.29630000435","303814.33480000123","308780.7266000018","308737.40710000857","240554.58029999863","304721.60590000567","5045.338000010815","3000","SceneViewing","6","20892.42170000216","6","2560"
"100","100","11_n.wav","3083","3083","#dadada","256","psycho","psycho","psycho","non-restrictive","1","undefined","undefined","1","NA","undefined","NA","undefined","NA","undefined","NA","undefined","NA","NA","undefined","NA","NA","NA","undefined","0","7","7","0","0","0","0","NA","7","7","7","NA","0","NA","NA","7","0","NA","0","NA","0","NA","0","NA","0","NA","NA","NA","0","NA","NA","NA","7","NA","0","7","7","7","7","7","0","7","0","participant_group5.csv","5","NA","NA","NA","Fri Jul 24 14:46:04 2026","NA","The main experiment item","False","VWP_finalSetup_22_7.osexp","C:\Users\plcm\Desktop\2026-EyeTracking\group-eyeconic\OS2\final_recordings_upl","False","mono","False","20","no","#0c0c0c","no","yes","1440","11","12_pos2_nosub.png","12_pos2_sub.png","psycho","7","7","C:/Users/plcm/Desktop/2026-EyeTracking/group-eyeconic/OS2/final_recordings_upl/group 19-24/subject-20.csv","psycho","Neonatal Nightingale","4.1.14","bricks","bell","drum","duck","0","0","space","space","space","NA","space","NA","NA","space","NA","space","NA","space","NA","space","NA","NA","NA","space","NA","NA","NA","695.2489000104833","2153.256199992029","5714.2072999995435","NA","695.2489000104833","NA","NA","7011.518500003149","NA","3028.0494000035105","NA","2547.864899999695","NA","3987.6211999944644","NA","NA","NA","4291.042600001674","NA","NA","NA","34204.791199998","c","8","2","psycho","The baby will kick the bell","1024","2","24000","-16","experiment","20","even","2","211787.3149000079","319564.2518000095","317111.419000008","240554.5451000071","5033.499299999676","211792.7675000101","213951.80480000272","NA","313087.28620001057","317111.3660999981","312851.23460000614","NA","211787.39379999752","NA","NA","312154.9484999996","NA","NA","219670.5062999972","NA","226686.08090000635","NA","229718.1825000007","NA","232270.42870000878","NA","NA","NA","236262.95230000687","NA","NA","NA","319584.01050000975","NA","39251.38130001142","313070.0064999983","312144.5386999985","312154.8393999983","317130.49010001123","317087.8922999982","240554.58029999863","313069.5126000064","5045.338000010815","3000","SceneViewing","7","21587.670600012643","7","2560"
"100","100","42_r.wav","2838","2838","#dadada","256","psycho","psycho","psycho","restrictive","1","undefined","undefined","1","NA","undefined","NA","undefined","NA","undefined","NA","undefined","NA","NA","undefined","NA","NA","NA","undefined","0","8","8","0","0","0","0","NA","8","8","8","NA","0","NA","NA","8","0","NA","0","NA","0","NA","0","NA","0","NA","NA","NA","0","NA","NA","NA","8","NA","0","8","8","8","8","8","0","8","0","participant_group5.csv","5","NA","NA","NA","Fri Jul 24 14:46:04 2026","NA","The main experiment item","False","VWP_finalSetup_22_7.osexp","C:\Users\plcm\Desktop\2026-EyeTracking\group-eyeconic\OS2\final_recordings_upl","False","mono","False","20","no","#0c0c0c","no","yes","1440","42","43_pos1_nosub.png","43_pos1_sub.png","psycho","8","8","C:/Users/plcm/Desktop/2026-EyeTracking/group-eyeconic/OS2/final_recordings_upl/group 19-24/subject-20.csv","psycho","Neonatal Nightingale","4.1.14","shirt","apple","chalk","ruler","0","0","space","space","space","NA","space","NA","NA","space","NA","space","NA","space","NA","space","NA","NA","NA","space","NA","NA","NA","1118.9952999993693","2153.256199992029","5714.2072999995435","NA","1118.9952999993693","NA","NA","7011.518500003149","NA","3028.0494000035105","NA","2547.864899999695","NA","3987.6211999944644","NA","NA","NA","4291.042600001674","NA","NA","NA","34204.791199998","c","9","2","psycho","The woman will sew the shirt","1024","2","24000","-16","experiment","20","even","1","211787.3149000079","327484.21770001005","324958.97800000967","240554.5451000071","5033.499299999676","211792.7675000101","213951.80480000272","NA","320935.4425000056","324958.924400009","320722.9171000072","NA","211787.39379999752","NA","NA","319603.1146000023","NA","NA","219670.5062999972","NA","226686.08090000635","NA","229718.1825000007","NA","232270.42870000878","NA","NA","NA","236262.95230000687","NA","NA","NA","327503.5199999984","NA","39251.38130001142","320919.1756000073","319592.92000001005","319602.99430000305","324978.83130000264","324935.6048000045","240554.58029999863","320918.61849999987","5045.338000010815","3000","SceneViewing","8","22706.665900012013","8","2560"
"100","100","23_n.wav","2562","2562","#dadada","256","psycho","psycho","psycho","non-restrictive","1","undefined","undefined","1","NA","undefined","NA","undefined","NA","undefined","NA","undefined","NA","NA","undefined","NA","NA","NA","undefined","0","9","9","0","0","0","0","NA","9","9","9","NA","0","NA","NA","9","0","NA","0","NA","0","NA","0","NA","0","NA","NA","NA","0","NA","NA","NA","9","NA","0","9","9","9","9","9","0","9","0","participant_group5.csv","5","NA","NA","NA","Fri Jul 24 14:46:04 2026","NA","The main experiment item","False","VWP_finalSetup_22_7.osexp","C:\Users\plcm\Desktop\2026-EyeTracking\group-eyeconic\OS2\final_recordings_upl","False","mono","False","20","no","#0c0c0c","no","yes","1440","23","24_pos2_nosub.png","24_pos2_sub.png","psycho","9","9","C:/Users/plcm/Desktop/2026-EyeTracking/group-eyeconic/OS2/final_recordings_upl/group 19-24/subject-20.csv","psycho","Neonatal Nightingale","4.1.14","card","scarf","pencil","needle","0","0","space","space","space","NA","space","NA","NA","space","NA","space","NA","space","NA","space","NA","NA","NA","space","NA","NA","NA","359.530799993081","2153.256199992029","5714.2072999995435","NA","359.530799993081","NA","NA","7011.518500003149","NA","3028.0494000035105","NA","2547.864899999695","NA","3987.6211999944644","NA","NA","NA","4291.042600001674","NA","NA","NA","34204.791199998","c","10","2","psycho","The girl will hold the scarf","1024","2","24000","-16","experiment","20","even","2","211787.3149000079","334824.16750000266","332150.06520001043","240554.5451000071","5033.499299999676","211792.7675000101","213951.80480000272","NA","328123.8049000094","332150.0037000078","327898.7458000047","NA","211787.39379999752","NA","NA","327538.54190000857","NA","NA","219670.5062999972","NA","226686.08090000635","NA","229718.1825000007","NA","232270.42870000878","NA","NA","NA","236262.95230000687","NA","NA","NA","334843.4202000062","NA","39251.38130001142","328106.69770000095","327528.35540000524","327538.43260000576","332169.55040000903","332123.9715999982","240554.58029999863","328106.1459000048","5045.338000010815","3000","SceneViewing","9","23066.196700005094","9","2560"
"100","100","49_n.wav","2368","2368","#dadada","256","psycho","psycho","psycho","non-restrictive","1","undefined","undefined","1","NA","undefined","NA","undefined","NA","undefined","NA","undefined","NA","NA","undefined","NA","NA","NA","undefined","0","10","10","0","0","0","0","NA","10","10","10","NA","0","NA","NA","10","0","NA","0","NA","0","NA","0","NA","0","NA","NA","NA","0","NA","NA","NA","10","NA","0","10","10","10","10","10","0","10","0","participant_group5.csv","5","NA","NA","NA","Fri Jul 24 14:46:04 2026","NA","The main experiment item","False","VWP_finalSetup_22_7.osexp","C:\Users\plcm\Desktop\2026-EyeTracking\group-eyeconic\OS2\final_recordings_upl","False","mono","False","20","no","#0c0c0c","no","yes","1440","49","50_pos4_nosub.png","50_pos4_sub.png","psycho","10","10","C:/Users/plcm/Desktop/2026-EyeTracking/group-eyeconic/OS2/final_recordings_upl/group 19-24/subject-20.csv","psycho","Neonatal Nightingale","4.1.14","envelope","rubberband","scissors","stamp","0","0","space","space","space","NA","space","NA","NA","space","NA","space","NA","space","NA","space","NA","NA","NA","space","NA","NA","NA","621.0222999943653","2153.256199992029","5714.2072999995435","NA","621.0222999943653","NA","NA","7011.518500003149","NA","3028.0494000035105","NA","2547.864899999695","NA","3987.6211999944644","NA","NA","NA","4291.042600001674","NA","NA","NA","34204.791199998","c","11","2","psycho","The man will pick up the stamp","1024","2","24000","-16","experiment","20","even","4","211787.3149000079","342454.23960000335","339723.7085000088","240554.5451000071","5033.499299999676","211792.7675000101","213951.80480000272","NA","335699.58260000567","339723.61510001065","335482.4961999984","NA","211787.39379999752","NA","NA","334860.929500006","NA","NA","219670.5062999972","NA","226686.08090000635","NA","229718.1825000007","NA","232270.42870000878","NA","NA","NA","236262.95230000687","NA","NA","NA","342473.4177000064","NA","39251.38130001142","335683.50330000976","334850.9921000077","334860.79950000567","339742.9897000111","339700.0228000106","240554.58029999863","335682.92370000563","5045.338000010815","3000","SceneViewing","10","23687.21899999946","10","2560"
"100","100","0_r.wav","2190","2190","#dadada","256","psycho","psycho","psycho","restrictive","1","undefined","undefined","1","NA","undefined","NA","undefined","NA","undefined","NA","undefined","NA","NA","undefined","NA","NA","NA","undefined","0","11","11","0","0","0","0","NA","11","11","11","NA","0","NA","NA","11","0","NA","0","NA","0","NA","0","NA","0","NA","NA","NA","0","NA","NA","NA","11","NA","0","11","11","11","11","11","0","11","0","participant_group5.csv","5","NA","NA","NA","Fri Jul 24 14:46:04 2026","NA","The main experiment item","False","VWP_finalSetup_22_7.osexp","C:\Users\plcm\Desktop\2026-EyeTracking\group-eyeconic\OS2\final_recordings_upl","False","mono","False","20","no","#0c0c0c","no","yes","1440","0","1_pos3_nosub.png","1_pos3_sub.png","psycho","11","11","C:/Users/plcm/Desktop/2026-EyeTracking/group-eyeconic/OS2/final_recordings_upl/group 19-24/subject-20.csv","psycho","Neonatal Nightingale","4.1.14","toy-train","ball","cake","toy-car","0","0","space","space","space","NA","space","NA","NA","space","NA","space","NA","space","NA","space","NA","NA","NA","space","NA","NA","NA","409.8748000105843","2153.256199992029","5714.2072999995435","NA","409.8748000105843","NA","NA","7011.518500003149","NA","3028.0494000035105","NA","2547.864899999695","NA","3987.6211999944644","NA","NA","NA","4291.042600001674","NA","NA","NA","34204.791199998","c","12","2","psycho","The boy will eat the cake","1024","2","24000","-16","experiment","20","even","3","211787.3149000079","349494.2649000004","347159.221599999","240554.5451000071","5033.499299999676","211792.7675000101","213951.80480000272","NA","343135.039700006","347159.1447000101","342914.8087000067","NA","211787.39379999752","NA","NA","342504.20250000025","NA","NA","219670.5062999972","NA","226686.08090000635","NA","229718.1825000007","NA","232270.42870000878","NA","NA","NA","236262.95230000687","NA","NA","NA","349513.3177000098","NA","39251.38130001142","343119.08770000446","342493.9025000058","342504.0704999992","347178.3015999972","347135.3705000074","240554.58029999863","343118.5903000005","5045.338000010815","3000","SceneViewing","11","24097.093800010043","11","2560"
"100","100","4_r.wav","2033","2033","#dadada","256","psycho","psycho","psycho","restrictive","1","undefined","undefined","1","NA","undefined","NA","undefined","NA","undefined","NA","undefined","NA","NA","undefined","NA","NA","NA","undefined","0","12","12","0","0","0","0","NA","12","12","12","NA","0","NA","NA","12","0","NA","0","NA","0","NA","0","NA","0","NA","NA","NA","0","NA","NA","NA","12","NA","0","12","12","12","12","12","0","12","0","participant_group5.csv","5","NA","NA","NA","Fri Jul 24 14:46:04 2026","NA","The main experiment item","False","VWP_finalSetup_22_7.osexp","C:\Users\plcm\Desktop\2026-EyeTracking\group-eyeconic\OS2\final_recordings_upl","False","mono","False","20","no","#0c0c0c","no","yes","1440","4","5_pos3_nosub.png","5_pos3_sub.png","psycho","12","12","C:/Users/plcm/Desktop/2026-EyeTracking/group-eyeconic/OS2/final_recordings_upl/group 19-24/subject-20.csv","psycho","Neonatal Nightingale","4.1.14","acorns","shuttle-cock","ball","paper-plane","0","0","space","space","space","NA","space","NA","NA","space","NA","space","NA","space","NA","space","NA","NA","NA","space","NA","NA","NA","299.5326000091154","2153.256199992029","5714.2072999995435","NA","299.5326000091154","NA","NA","7011.518500003149","NA","3028.0494000035105","NA","2547.864899999695","NA","3987.6211999944644","NA","NA","NA","4291.042600001674","NA","NA","NA","34204.791199998","c","13","2","psycho","The boy will bounce the ball","1024","2","24000","-16","experiment","20","even","3","211787.3149000079","356644.2916000087","354076.51030000125","240554.5451000071","5033.499299999676","211792.7675000101","213951.80480000272","NA","350051.93000000145","354076.44230000733","349842.59450000536","NA","211787.39379999752","NA","NA","349542.5269999978","NA","NA","219670.5062999972","NA","226686.08090000635","NA","229718.1825000007","NA","232270.42870000878","NA","NA","NA","236262.95230000687","NA","NA","NA","356663.9800999983","NA","39251.38130001142","350036.87130000617","349532.86770000705","349542.44160000235","354095.85060000245","354052.6074000081","240554.58029999863","350036.3214000099","5045.338000010815","3000","SceneViewing","12","24396.62640001916","12","2560"
"100","100","36_r.wav","1923","1923","#dadada","256","psycho","psycho","psycho","restrictive","1","undefined","undefined","1","NA","undefined","NA","undefined","NA","undefined","NA","undefined","NA","NA","undefined","NA","NA","NA","undefined","0","13","13","0","0","0","0","NA","13","13","13","NA","0","NA","NA","13","0","NA","0","NA","0","NA","0","NA","0","NA","NA","NA","0","NA","NA","NA","13","NA","0","13","13","13","13","13","0","13","0","participant_group5.csv","5","NA","NA","NA","Fri Jul 24 14:46:04 2026","NA","The main experiment item","False","VWP_finalSetup_22_7.osexp","C:\Users\plcm\Desktop\2026-EyeTracking\group-eyeconic\OS2\final_recordings_upl","False","mono","False","20","no","#0c0c0c","no","yes","1440","36","37_pos3_nosub.png","37_pos3_sub.png","psycho","13","13","C:/Users/plcm/Desktop/2026-EyeTracking/group-eyeconic/OS2/final_recordings_upl/group 19-24/subject-20.csv","psycho","Neonatal Nightingale","4.1.14","boxes","clips","lego","papers","0","0","space","space","space","NA","space","NA","NA","space","NA","space","NA","space","NA","space","NA","NA","NA","space","NA","NA","NA","608.5267000016756","2153.256199992029","5714.2072999995435","NA","608.5267000016756","NA","NA","7011.518500003149","NA","3028.0494000035105","NA","2547.864899999695","NA","3987.6211999944644","NA","NA","NA","4291.042600001674","NA","NA","NA","34204.791199998","c","14","2","psycho","The kid will build the lego","1024","2","24000","-16","experiment","20","even","3","211787.3149000079","364364.28490000253","361538.47790000145","240554.5451000071","5033.499299999676","211792.7675000101","213951.80480000272","NA","357513.6421000061","361538.4238000115","357290.8817999996","NA","211787.39379999752","NA","NA","356681.59960000776","NA","NA","219670.5062999972","NA","226686.08090000635","NA","229718.1825000007","NA","232270.42870000878","NA","NA","NA","236262.95230000687","NA","NA","NA","364383.9358000114","NA","39251.38130001142","357499.25000000803","356671.7272000096","356681.502300009","361557.84950000816","361513.89430000563","240554.58029999863","357498.28870000783","5045.338000010815","3000","SceneViewing","13","25005.153100020834","13","2560"
"100","100","22_r.wav","1804","1804","#dadada","256","psycho","psycho","psycho","restrictive","1","undefined","undefined","1","NA","undefined","NA","undefined","NA","undefined","NA","undefined","NA","NA","undefined","NA","NA","NA","undefined","0","14","14","0","0","0","0","NA","14","14","14","NA","0","NA","NA","14","0","NA","0","NA","0","NA","0","NA","0","NA","NA","NA","0","NA","NA","NA","14","NA","0","14","14","14","14","14","0","14","0","participant_group5.csv","5","NA","NA","NA","Fri Jul 24 14:46:04 2026","NA","The main experiment item","False","VWP_finalSetup_22_7.osexp","C:\Users\plcm\Desktop\2026-EyeTracking\group-eyeconic\OS2\final_recordings_upl","False","mono","False","20","no","#0c0c0c","no","yes","1440","22","23_pos1_nosub.png","23_pos1_sub.png","psycho","14","14","C:/Users/plcm/Desktop/2026-EyeTracking/group-eyeconic/OS2/final_recordings_upl/group 19-24/subject-20.csv","psycho","Neonatal Nightingale","4.1.14","coat","hook","poster","towel","0","0","space","space","space","NA","space","NA","NA","space","NA","space","NA","space","NA","space","NA","NA","NA","space","NA","NA","NA","251.14570000732783","2153.256199992029","5714.2072999995435","NA","251.14570000732783","NA","NA","7011.518500003149","NA","3028.0494000035105","NA","2547.864899999695","NA","3987.6211999944644","NA","NA","NA","4291.042600001674","NA","NA","NA","34204.791199998","c","15","2","psycho","The girl will zip the coat","1024","2","24000","-16","experiment","20","even","1","211787.3149000079","371404.25170000526","368905.3797000088","240554.5451000071","5033.499299999676","211792.7675000101","213951.80480000272","NA","364881.7990000098","368905.3217000037","364666.9813000044","NA","211787.39379999752","NA","NA","364414.88409999874","NA","NA","219670.5062999972","NA","226686.08090000635","NA","229718.1825000007","NA","232270.42870000878","NA","NA","NA","236262.95230000687","NA","NA","NA","371424.1144999978","NA","39251.38130001142","364866.25180000556","364404.87949999806","364414.7748000105","368924.86009999993","368882.411700004","240554.58029999863","364865.37580000004","5045.338000010815","3000","SceneViewing","14","25256.298800028162","14","2560"
"100","100","41_n.wav","1714","1714","#dadada","256","psycho","psycho","psycho","non-restrictive","1","undefined","undefined","1","NA","undefined","NA","undefined","NA","undefined","NA","undefined","NA","NA","undefined","NA","NA","NA","undefined","0","15","15","0","0","0","0","NA","15","15","15","NA","0","NA","NA","15","0","NA","0","NA","0","NA","0","NA","0","NA","NA","NA","0","NA","NA","NA","15","NA","0","15","15","15","15","15","0","15","0","participant_group5.csv","5","NA","NA","NA","Fri Jul 24 14:46:04 2026","NA","The main experiment item","False","VWP_finalSetup_22_7.osexp","C:\Users\plcm\Desktop\2026-EyeTracking\group-eyeconic\OS2\final_recordings_upl","False","mono","False","20","no","#0c0c0c","no","yes","1440","41","42_pos4_nosub.png","42_pos4_sub.png","psycho","15","15","C:/Users/plcm/Desktop/2026-EyeTracking/group-eyeconic/OS2/final_recordings_upl/group 19-24/subject-20.csv","psycho","Neonatal Nightingale","4.1.14","stone","cone","shell","orange","0","0","space","space","space","NA","space","NA","NA","space","NA","space","NA","space","NA","space","NA","NA","NA","space","NA","NA","NA","467.40730000601616","2153.256199992029","5714.2072999995435","NA","467.40730000601616","NA","NA","7011.518500003149","NA","3028.0494000035105","NA","2547.864899999695","NA","3987.6211999944644","NA","NA","NA","4291.042600001674","NA","NA","NA","34204.791199998","c","16","2","psycho","The boy will move the orange","1024","2","24000","-16","experiment","20","even","4","211787.3149000079","378784.3214000022","376173.19050000515","240554.5451000071","5033.499299999676","211792.7675000101","213951.80480000272","NA","372147.51070000057","376173.10169999837","371914.68690001057","NA","211787.39379999752","NA","NA","371446.6175999987","NA","NA","219670.5062999972","NA","226686.08090000635","NA","229718.1825000007","NA","232270.42870000878","NA","NA","NA","236262.95230000687","NA","NA","NA","378803.3907000063","NA","39251.38130001142","372132.196400009","371436.96590000764","371446.5244000021","376192.81750000664","376147.9945000028","240554.58029999863","372131.3549000042","5045.338000010815","3000","SceneViewing","15","25723.70610003418","15","2560"
"100","100","46_r.wav","1624","1624","#dadada","256","psycho","psycho","psycho","restrictive","1","undefined","undefined","1","NA","undefined","NA","undefined","NA","undefined","NA","undefined","NA","NA","undefined","NA","NA","NA","undefined","0","16","16","0","0","0","0","NA","16","16","16","NA","0","NA","NA","16","0","NA","0","NA","0","NA","0","NA","0","NA","NA","NA","0","NA","NA","NA","16","NA","0","16","16","16","16","16","0","16","0","participant_group5.csv","5","NA","NA","NA","Fri Jul 24 14:46:04 2026","NA","The main experiment item","False","VWP_finalSetup_22_7.osexp","C:\Users\plcm\Desktop\2026-EyeTracking\group-eyeconic\OS2\final_recordings_upl","False","mono","False","20","no","#0c0c0c","no","yes","1440","46","47_pos1_nosub.png","47_pos1_sub.png","psycho","16","16","C:/Users/plcm/Desktop/2026-EyeTracking/group-eyeconic/OS2/final_recordings_upl/group 19-24/subject-20.csv","psycho","Neonatal Nightingale","4.1.14","violin","bow","gum","stand","0","0","space","space","space","NA","space","NA","NA","space","NA","space","NA","space","NA","space","NA","NA","NA","space","NA","NA","NA","265.8081999979913","2153.256199992029","5714.2072999995435","NA","265.8081999979913","NA","NA","7011.518500003149","NA","3028.0494000035105","NA","2547.864899999695","NA","3987.6211999944644","NA","NA","NA","4291.042600001674","NA","NA","NA","34204.791199998","c","17","2","psycho","The musician will tune the violin","1024","2","24000","-16","experiment","20","even","1","211787.3149000079","386514.265100006","383337.58990000933","240554.5451000071","5033.499299999676","211792.7675000101","213951.80480000272","NA","379312.92500000563","383337.4865000078","379098.81960001076","NA","211787.39379999752","NA","NA","378832.2862000059","NA","NA","219670.5062999972","NA","226686.08090000635","NA","229718.1825000007","NA","232270.42870000878","NA","NA","NA","236262.95230000687","NA","NA","NA","386533.4148000111","NA","39251.38130001142","379296.80240000016","378823.06520000566","378832.1969000099","383357.15770001116","383313.4626000101","240554.58029999863","379296.2092000089","5045.338000010815","3000","SceneViewing","16","25989.51430003217","16","2560"
"100","100","26_r.wav","1604","1604","#dadada","256","psycho","psycho","psycho","restrictive","1","undefined","undefined","1","NA","undefined","NA","undefined","NA","undefined","NA","undefined","NA","NA","undefined","NA","NA","NA","undefined","0","17","17","0","0","0","0","NA","17","17","17","NA","0","NA","NA","17","0","NA","0","NA","0","NA","0","NA","0","NA","NA","NA","0","NA","NA","NA","17","NA","0","17","17","17","17","17","0","17","0","participant_group5.csv","5","NA","NA","NA","Fri Jul 24 14:46:04 2026","NA","The main experiment item","False","VWP_finalSetup_22_7.osexp","C:\Users\plcm\Desktop\2026-EyeTracking\group-eyeconic\OS2\final_recordings_upl","False","mono","False","20","no","#0c0c0c","no","yes","1440","26","27_pos1_nosub.png","27_pos1_sub.png","psycho","17","17","C:/Users/plcm/Desktop/2026-EyeTracking/group-eyeconic/OS2/final_recordings_upl/group 19-24/subject-20.csv","psycho","Neonatal Nightingale","4.1.14","candle","package","coin","coaster","0","0","space","space","space","NA","space","NA","NA","space","NA","space","NA","space","NA","space","NA","NA","NA","space","NA","NA","NA","1291.9045000016922","2153.256199992029","5714.2072999995435","NA","1291.9045000016922","NA","NA","7011.518500003149","NA","3028.0494000035105","NA","2547.864899999695","NA","3987.6211999944644","NA","NA","NA","4291.042600001674","NA","NA","NA","34204.791199998","c","18","2","psycho","The woman will blow out the candle","1024","2","24000","-16","experiment","20","even","1","211787.3149000079","395104.3101000105","392086.99570001045","240554.5451000071","5033.499299999676","211792.7675000101","213951.80480000272","NA","388063.38760000654","392086.9404000114","387842.59890000976","NA","211787.39379999752","NA","NA","386550.1168000046","NA","NA","219670.5062999972","NA","226686.08090000635","NA","229718.1825000007","NA","232270.42870000878","NA","NA","NA","236262.95230000687","NA","NA","NA","395123.7223000062","NA","39251.38130001142","388048.3811000013","386541.0488000052","386549.99100000714","392106.32750000514","392063.54270000884","240554.58029999863","388047.8027000063","5045.338000010815","3000","SceneViewing","17","27281.41880003386","17","2560"
"100","100","40_r.wav","1533","1533","#dadada","256","psycho","psycho","psycho","restrictive","1","undefined","undefined","1","NA","undefined","NA","undefined","NA","undefined","NA","undefined","NA","NA","undefined","NA","NA","NA","undefined","0","18","18","0","0","0","0","NA","18","18","18","NA","0","NA","NA","18","0","NA","0","NA","0","NA","0","NA","0","NA","NA","NA","0","NA","NA","NA","18","NA","0","18","18","18","18","18","0","18","0","participant_group5.csv","5","NA","NA","NA","Fri Jul 24 14:46:04 2026","NA","The main experiment item","False","VWP_finalSetup_22_7.osexp","C:\Users\plcm\Desktop\2026-EyeTracking\group-eyeconic\OS2\final_recordings_upl","False","mono","False","20","no","#0c0c0c","no","yes","1440","40","41_pos3_nosub.png","41_pos3_sub.png","psycho","18","18","C:/Users/plcm/Desktop/2026-EyeTracking/group-eyeconic/OS2/final_recordings_upl/group 19-24/subject-20.csv","psycho","Neonatal Nightingale","4.1.14","toothbrish","iron","blouse","pin","0","0","space","space","space","NA","space","NA","NA","space","NA","space","NA","space","NA","space","NA","NA","NA","space","NA","NA","NA","328.6863999965135","2153.256199992029","5714.2072999995435","NA","328.6863999965135","NA","NA","7011.518500003149","NA","3028.0494000035105","NA","2547.864899999695","NA","3987.6211999944644","NA","NA","NA","4291.042600001674","NA","NA","NA","34204.791199998","c","19","2","psycho","The girl will button the blouse","1024","2","24000","-16","experiment","20","even","3","211787.3149000079","402424.27270000917","399727.5112000061","240554.5451000071","5033.499299999676","211792.7675000101","213951.80480000272","NA","395703.4146000078","399727.42989999824","395482.77020000387","NA","211787.39379999752","NA","NA","395153.3729000075","NA","NA","219670.5062999972","NA","226686.08090000635","NA","229718.1825000007","NA","232270.42870000878","NA","NA","NA","236262.95230000687","NA","NA","NA","402444.3086000101","NA","39251.38130001142","395686.77190000017","395143.544400009","395153.2707000006","399747.30909999926","399703.75670000794","240554.58029999863","395686.2547000055","5045.338000010815","3000","SceneViewing","18","27610.105200030375","18","2560"
"100","100","9_n.wav","1472","1472","#dadada","256","psycho","psycho","psycho","non-restrictive","1","undefined","undefined","1","NA","undefined","NA","undefined","NA","undefined","NA","undefined","NA","NA","undefined","NA","NA","NA","undefined","0","19","19","0","0","0","0","NA","19","19","19","NA","0","NA","NA","19","0","NA","0","NA","0","NA","0","NA","0","NA","NA","NA","0","NA","NA","NA","19","NA","0","19","19","19","19","19","0","19","0","participant_group5.csv","5","NA","NA","NA","Fri Jul 24 14:46:04 2026","NA","The main experiment item","False","VWP_finalSetup_22_7.osexp","C:\Users\plcm\Desktop\2026-EyeTracking\group-eyeconic\OS2\final_recordings_upl","False","mono","False","20","no","#0c0c0c","no","yes","1440","9","10_pos4_nosub.png","10_pos4_sub.png","psycho","19","19","C:/Users/plcm/Desktop/2026-EyeTracking/group-eyeconic/OS2/final_recordings_upl/group 19-24/subject-20.csv","psycho","Neonatal Nightingale","4.1.14","door","cup","bag","book","0","0","space","space","space","NA","space","NA","NA","space","NA","space","NA","space","NA","space","NA","NA","NA","space","NA","NA","NA","371.8580999993719","2153.256199992029","5714.2072999995435","NA","371.8580999993719","NA","NA","7011.518500003149","NA","3028.0494000035105","NA","2547.864899999695","NA","3987.6211999944644","NA","NA","NA","4291.042600001674","NA","NA","NA","34204.791199998","c","20","2","psycho","The woman will open the book","1024","2","24000","-16","experiment","20","even","4","211787.3149000079","408914.23960000975","407069.96049999725","240554.5451000071","5033.499299999676","211792.7675000101","213951.80480000272","NA","403046.8508000049","407069.9126999971","402834.78350000223","NA","211787.39379999752","NA","NA","402462.2390000004","NA","NA","219670.5062999972","NA","226686.08090000635","NA","229718.1825000007","NA","232270.42870000878","NA","NA","NA","236262.95230000687","NA","NA","NA","408933.2149999973","NA","39251.38130001142","403029.92270000686","402452.7908000018","402462.1441000054","407089.298699997","407047.1064000012","240554.58029999863","403029.36580000096","5045.338000010815","3000","SceneViewing","19","27981.963300029747","19","2560"
"100","100","34_r.wav","1480","1480","#dadada","256","psycho","psycho","psycho","restrictive","1","undefined","undefined","1","NA","undefined","NA","undefined","NA","undefined","NA","undefined","NA","NA","undefined","NA","NA","NA","undefined","0","20","20","0","0","0","0","NA","20","20","20","NA","0","NA","NA","20","0","NA","0","NA","0","NA","0","NA","0","NA","NA","NA","0","NA","NA","NA","20","NA","0","20","20","20","20","20","0","20","0","participant_group5.csv","5","NA","NA","NA","Fri Jul 24 14:46:04 2026","NA","The main experiment item","False","VWP_finalSetup_22_7.osexp","C:\Users\plcm\Desktop\2026-EyeTracking\group-eyeconic\OS2\final_recordings_upl","False","mono","False","20","no","#0c0c0c","no","yes","1440","34","35_pos1_nosub.png","35_pos1_sub.png","psycho","20","20","C:/Users/plcm/Desktop/2026-EyeTracking/group-eyeconic/OS2/final_recordings_upl/group 19-24/subject-20.csv","psycho","Neonatal Nightingale","4.1.14","radio","puzzle","notebook","pillow","0","0","space","space","space","NA","space","NA","NA","space","NA","space","NA","space","NA","space","NA","NA","NA","space","NA","NA","NA","1635.8058000041638","2153.256199992029","5714.2072999995435","NA","1635.8058000041638","NA","NA","7011.518500003149","NA","3028.0494000035105","NA","2547.864899999695","NA","3987.6211999944644","NA","NA","NA","4291.042600001674","NA","NA","NA","34204.791199998","c","21","2","psycho","The boy will switch on the radio","1024","2","24000","-16","experiment","20","even","1","211787.3149000079","417894.1685000027","414837.5418000069","240554.5451000071","5033.499299999676","211792.7675000101","213951.80480000272","NA","410813.3383000095","414837.47280000534","410586.5974000044","NA","211787.39379999752","NA","NA","408950.21460000135","NA","NA","219670.5062999972","NA","226686.08090000635","NA","229718.1825000007","NA","232270.42870000878","NA","NA","NA","236262.95230000687","NA","NA","NA","417913.4539000079","NA","39251.38130001142","410795.41200000676","408940.6815000111","408950.1089999976","414856.83170000266","414813.9385000104","240554.58029999863","410794.8882000055","5045.338000010815","3000","SceneViewing","20","29617.76910003391","20","2560"
"100","100","18_r.wav","1441","1441","#dadada","256","psycho","psycho","psycho","restrictive","1","undefined","undefined","1","NA","undefined","NA","undefined","NA","undefined","NA","undefined","NA","NA","undefined","NA","NA","NA","undefined","0","21","21","0","0","0","0","NA","21","21","21","NA","0","NA","NA","21","0","NA","0","NA","0","NA","0","NA","0","NA","NA","NA","0","NA","NA","NA","21","NA","0","21","21","21","21","21","0","21","0","participant_group5.csv","5","NA","NA","NA","Fri Jul 24 14:46:04 2026","NA","The main experiment item","False","VWP_finalSetup_22_7.osexp","C:\Users\plcm\Desktop\2026-EyeTracking\group-eyeconic\OS2\final_recordings_upl","False","mono","False","20","no","#0c0c0c","no","yes","1440","18","19_pos1_nosub.png","19_pos1_sub.png","psycho","21","21","C:/Users/plcm/Desktop/2026-EyeTracking/group-eyeconic/OS2/final_recordings_upl/group 19-24/subject-20.csv","psycho","Neonatal Nightingale","4.1.14","football","stick","feather","leaf","0","0","space","space","space","NA","space","NA","NA","space","NA","space","NA","space","NA","space","NA","NA","NA","space","NA","NA","NA","651.2134999939008","2153.256199992029","5714.2072999995435","NA","651.2134999939008","NA","NA","7011.518500003149","NA","3028.0494000035105","NA","2547.864899999695","NA","3987.6211999944644","NA","NA","NA","4291.042600001674","NA","NA","NA","34204.791199998","c","22","2","psycho","The boy will kick the football","1024","2","24000","-16","experiment","20","even","1","211787.3149000079","425444.18849999784","422829.1164000111","240554.5451000071","5033.499299999676","211792.7675000101","213951.80480000272","NA","418803.45960000705","422829.0648000111","418586.8424000073","NA","211787.39379999752","NA","NA","417934.77350000467","NA","NA","219670.5062999972","NA","226686.08090000635","NA","229718.1825000007","NA","232270.42870000878","NA","NA","NA","236262.95230000687","NA","NA","NA","425463.8796000072","NA","39251.38130001142","418788.7996000063","417924.7966999974","417934.6622000012","422848.6009000044","422804.1449000011","240554.58029999863","418788.13909999735","5045.338000010815","3000","SceneViewing","21","30268.98260002781","21","2560"
"100","100","43_n.wav","1394","1394","#dadada","256","psycho","psycho","psycho","non-restrictive","1","undefined","undefined","1","NA","undefined","NA","undefined","NA","undefined","NA","undefined","NA","NA","undefined","NA","NA","NA","undefined","0","22","22","0","0","0","0","NA","22","22","22","NA","0","NA","NA","22","0","NA","0","NA","0","NA","0","NA","0","NA","NA","NA","0","NA","NA","NA","22","NA","0","22","22","22","22","22","0","22","0","participant_group5.csv","5","NA","NA","NA","Fri Jul 24 14:46:04 2026","NA","The main experiment item","False","VWP_finalSetup_22_7.osexp","C:\Users\plcm\Desktop\2026-EyeTracking\group-eyeconic\OS2\final_recordings_upl","False","mono","False","20","no","#0c0c0c","no","yes","1440","43","44_pos2_nosub.png","44_pos2_sub.png","psycho","22","22","C:/Users/plcm/Desktop/2026-EyeTracking/group-eyeconic/OS2/final_recordings_upl/group 19-24/subject-20.csv","psycho","Neonatal Nightingale","4.1.14","handle","safe","pan","bolt","0","0","space","space","space","NA","space","NA","NA","space","NA","space","NA","space","NA","space","NA","NA","NA","space","NA","NA","NA","412.0327999989968","2153.256199992029","5714.2072999995435","NA","412.0327999989968","NA","NA","7011.518500003149","NA","3028.0494000035105","NA","2547.864899999695","NA","3987.6211999944644","NA","NA","NA","4291.042600001674","NA","NA","NA","34204.791199998","c","23","2","psycho","The man will wipe the safe","1024","2","24000","-16","experiment","20","even","2","211787.3149000079","432574.29930000217","430142.62510000844","240554.5451000071","5033.499299999676","211792.7675000101","213951.80480000272","NA","426118.22109999775","430142.5434999983","425906.67609999946","NA","211787.39379999752","NA","NA","425493.967900009","NA","NA","219670.5062999972","NA","226686.08090000635","NA","229718.1825000007","NA","232270.42870000878","NA","NA","NA","236262.95230000687","NA","NA","NA","432594.31290000794","NA","39251.38130001142","426101.9306000089","425484.2990000034","425493.85120000807","430161.7646000086","430118.9461000031","240554.58029999863","426101.3595999975","5045.338000010815","3000","SceneViewing","22","30681.01540002681","22","2560"
"100","100","31_n.wav","1388","1388","#dadada","256","psycho","psycho","psycho","non-restrictive","1","undefined","undefined","1","NA","undefined","NA","undefined","NA","undefined","NA","undefined","NA","NA","undefined","NA","NA","NA","undefined","0","23","23","0","0","0","0","NA","23","23","23","NA","0","NA","NA","23","0","NA","0","NA","0","NA","0","NA","0","NA","NA","NA","0","NA","NA","NA","23","NA","0","23","23","23","23","23","0","23","0","participant_group5.csv","5","NA","NA","NA","Fri Jul 24 14:46:04 2026","NA","The main experiment item","False","VWP_finalSetup_22_7.osexp","C:\Users\plcm\Desktop\2026-EyeTracking\group-eyeconic\OS2\final_recordings_upl","False","mono","False","20","no","#0c0c0c","no","yes","1440","31","32_pos2_nosub.png","32_pos2_sub.png","psycho","23","23","C:/Users/plcm/Desktop/2026-EyeTracking/group-eyeconic/OS2/final_recordings_upl/group 19-24/subject-20.csv","psycho","Neonatal Nightingale","4.1.14","seed","bottle","lemon","sponge","0","0","space","space","space","NA","space","NA","NA","space","NA","space","NA","space","NA","space","NA","NA","NA","space","NA","NA","NA","1256.3307999953395","2153.256199992029","5714.2072999995435","NA","1256.3307999953395","NA","NA","7011.518500003149","NA","3028.0494000035105","NA","2547.864899999695","NA","3987.6211999944644","NA","NA","NA","4291.042600001674","NA","NA","NA","34204.791199998","c","24","2","psycho","The woman will examine the bottle","1024","2","24000","-16","experiment","20","even","2","211787.3149000079","441124.1851000086","438136.25510000566","240554.5451000071","5033.499299999676","211792.7675000101","213951.80480000272","NA","434112.29610000737","438136.20380000793","433882.7300999983","NA","211787.39379999752","NA","NA","432625.66030000744","NA","NA","219670.5062999972","NA","226686.08090000635","NA","229718.1825000007","NA","232270.42870000878","NA","NA","NA","236262.95230000687","NA","NA","NA","441143.58080000966","NA","39251.38130001142","434096.5111999976","432615.21150000044","432625.5641000025","438155.98399999726","438112.9399000056","240554.58029999863","434096.0380000033","5045.338000010815","3000","SceneViewing","23","31937.346200022148","23","2560"
"100","100","25_n.wav","1342","1342","#dadada","256","psycho","psycho","psycho","non-restrictive","1","undefined","undefined","1","NA","undefined","NA","undefined","NA","undefined","NA","undefined","NA","NA","undefined","NA","NA","NA","undefined","0","24","24","0","0","0","0","NA","24","24","24","NA","0","NA","NA","24","0","NA","0","NA","0","NA","0","NA","0","NA","NA","NA","0","NA","NA","NA","24","NA","0","24","24","24","24","24","0","24","0","participant_group5.csv","5","NA","NA","NA","Fri Jul 24 14:46:04 2026","NA","The main experiment item","False","VWP_finalSetup_22_7.osexp","C:\Users\plcm\Desktop\2026-EyeTracking\group-eyeconic\OS2\final_recordings_upl","False","mono","False","20","no","#0c0c0c","no","yes","1440","25","26_pos4_nosub.png","26_pos4_sub.png","psycho","24","24","C:/Users/plcm/Desktop/2026-EyeTracking/group-eyeconic/OS2/final_recordings_upl/group 19-24/subject-20.csv","psycho","Neonatal Nightingale","4.1.14","keyboard","peach","rope","canvas","0","0","space","space","space","NA","space","NA","NA","space","NA","space","NA","space","NA","space","NA","NA","NA","space","NA","NA","NA","291.66129999794066","2153.256199992029","5714.2072999995435","NA","291.66129999794066","NA","NA","7011.518500003149","NA","3028.0494000035105","NA","2547.864899999695","NA","3987.6211999944644","NA","NA","NA","4291.042600001674","NA","NA","NA","34204.791199998","c","25","2","psycho","The man will move the canvas","1024","2","24000","-16","experiment","20","even","4","211787.3149000079","448464.32939999795","445708.07420001074","240554.5451000071","5033.499299999676","211792.7675000101","213951.80480000272","NA","441683.0362000037","445707.9960999981","441466.7852999992","NA","211787.39379999752","NA","NA","441174.37520000385","NA","NA","219670.5062999972","NA","226686.08090000635","NA","229718.1825000007","NA","232270.42870000878","NA","NA","NA","236262.95230000687","NA","NA","NA","448483.85470001085","NA","39251.38130001142","441668.3606000006","441163.9543000056","441174.2634000111","445727.4566999986","445683.26720000186","240554.58029999863","441667.84819999884","5045.338000010815","3000","SceneViewing","24","32229.00750002009","24","2560"
"100","100","1_n.wav","1307","1307","#dadada","256","psycho","psycho","psycho","non-restrictive","1","undefined","undefined","1","NA","undefined","NA","undefined","NA","undefined","NA","undefined","NA","NA","undefined","NA","NA","NA","undefined","0","25","25","0","0","0","0","NA","25","25","25","NA","0","NA","NA","25","0","NA","0","NA","0","NA","0","NA","0","NA","NA","NA","0","NA","NA","NA","25","NA","0","25","25","25","25","25","0","25","0","participant_group5.csv","5","NA","NA","NA","Fri Jul 24 14:46:04 2026","NA","The main experiment item","False","VWP_finalSetup_22_7.osexp","C:\Users\plcm\Desktop\2026-EyeTracking\group-eyeconic\OS2\final_recordings_upl","False","mono","False","20","no","#0c0c0c","no","yes","1440","1","2_pos4_nosub.png","2_pos4_sub.png","psycho","25","25","C:/Users/plcm/Desktop/2026-EyeTracking/group-eyeconic/OS2/final_recordings_upl/group 19-24/subject-20.csv","psycho","Neonatal Nightingale","4.1.14","cheese","chair","lipstick","wine","0","0","space","space","space","NA","space","NA","NA","space","NA","space","NA","space","NA","space","NA","NA","NA","space","NA","NA","NA","464.12050000799354","2153.256199992029","5714.2072999995435","NA","464.12050000799354","NA","NA","7011.518500003149","NA","3028.0494000035105","NA","2547.864899999695","NA","3987.6211999944644","NA","NA","NA","4291.042600001674","NA","NA","NA","34204.791199998","c","26","2","psycho","The woman will try the wine","1024","2","24000","-16","experiment","20","even","4","211787.3149000079","455844.3447000027","453227.57270000875","240554.5451000071","5033.499299999676","211792.7675000101","213951.80480000272","NA","449202.72270000714","453227.4319999997","448978.763799998","NA","211787.39379999752","NA","NA","448513.90710000123","NA","NA","219670.5062999972","NA","226686.08090000635","NA","229718.1825000007","NA","232270.42870000878","NA","NA","NA","236262.95230000687","NA","NA","NA","455864.14920000243","NA","39251.38130001142","449186.18630000856","448503.80679999944","448513.801100009","453246.6060000006","453203.14399999916","240554.58029999863","449185.4100000055","5045.338000010815","3000","SceneViewing","25","32693.128000028082","25","2560"
"100","100","48_r.wav","1271","1271","#dadada","256","psycho","psycho","psycho","restrictive","1","undefined","undefined","1","NA","undefined","NA","undefined","NA","undefined","NA","undefined","NA","NA","undefined","NA","NA","NA","undefined","0","26","26","0","0","0","0","NA","26","26","26","NA","0","NA","NA","26","0","NA","0","NA","0","NA","0","NA","0","NA","NA","NA","0","NA","NA","NA","26","NA","0","26","26","26","26","26","0","26","0","participant_group5.csv","5","NA","NA","NA","Fri Jul 24 14:46:04 2026","NA","The main experiment item","False","VWP_finalSetup_22_7.osexp","C:\Users\plcm\Desktop\2026-EyeTracking\group-eyeconic\OS2\final_recordings_upl","False","mono","False","20","no","#0c0c0c","no","yes","1440","48","49_pos3_nosub.png","49_pos3_sub.png","psycho","26","26","C:/Users/plcm/Desktop/2026-EyeTracking/group-eyeconic/OS2/final_recordings_upl/group 19-24/subject-20.csv","psycho","Neonatal Nightingale","4.1.14","flag","pouch","balloon","pump","0","0","space","space","space","NA","space","NA","NA","space","NA","space","NA","space","NA","space","NA","NA","NA","space","NA","NA","NA","355.3725000092527","2153.256199992029","5714.2072999995435","NA","355.3725000092527","NA","NA","7011.518500003149","NA","3028.0494000035105","NA","2547.864899999695","NA","3987.6211999944644","NA","NA","NA","4291.042600001674","NA","NA","NA","34204.791199998","c","27","2","psycho","The child will inflate the balloon","1024","2","24000","-16","experiment","20","even","3","211787.3149000079","463564.374900001","460493.45860000176","240554.5451000071","5033.499299999676","211792.7675000101","213951.80480000272","NA","456469.34120000515","460493.36420001055","456251.02740000875","NA","211787.39379999752","NA","NA","455894.7640999977","NA","NA","219670.5062999972","NA","226686.08090000635","NA","229718.1825000007","NA","232270.42870000878","NA","NA","NA","236262.95230000687","NA","NA","NA","463583.7520000059","NA","39251.38130001142","456453.51170000504","455884.94830000855","455894.64320000843","460512.70760000625","460470.03350000887","240554.58029999863","456452.97110000683","5045.338000010815","3000","SceneViewing","26","33048.500500037335","26","2560"
"100","100","47_n.wav","1241","1241","#dadada","256","psycho","psycho","psycho","non-restrictive","1","undefined","undefined","1","NA","undefined","NA","undefined","NA","undefined","NA","undefined","NA","NA","undefined","NA","NA","NA","undefined","0","27","27","0","0","0","0","NA","27","27","27","NA","0","NA","NA","27","0","NA","0","NA","0","NA","0","NA","0","NA","NA","NA","0","NA","NA","NA","27","NA","0","27","27","27","27","27","0","27","0","participant_group5.csv","5","NA","NA","NA","Fri Jul 24 14:46:04 2026","NA","The main experiment item","False","VWP_finalSetup_22_7.osexp","C:\Users\plcm\Desktop\2026-EyeTracking\group-eyeconic\OS2\final_recordings_upl","False","mono","False","20","no","#0c0c0c","no","yes","1440","47","48_pos2_nosub.png","48_pos2_sub.png","psycho","27","27","C:/Users/plcm/Desktop/2026-EyeTracking/group-eyeconic/OS2/final_recordings_upl/group 19-24/subject-20.csv","psycho","Neonatal Nightingale","4.1.14","footstool","carpet","dustpan","roller","0","0","space","space","space","NA","space","NA","NA","space","NA","space","NA","space","NA","space","NA","NA","NA","space","NA","NA","NA","460.57399999699555","2153.256199992029","5714.2072999995435","NA","460.57399999699555","NA","NA","7011.518500003149","NA","3028.0494000035105","NA","2547.864899999695","NA","3987.6211999944644","NA","NA","NA","4291.042600001674","NA","NA","NA","34204.791199998","c","28","2","psycho","The girl will move the carpet","1024","2","24000","-16","experiment","20","even","2","211787.3149000079","471074.31460000225","468304.37680000614","240554.5451000071","5033.499299999676","211792.7675000101","213951.80480000272","NA","464279.2991000024","468304.32219999784","464066.9673000084","NA","211787.39379999752","NA","NA","463605.4148000112","NA","NA","219670.5062999972","NA","226686.08090000635","NA","229718.1825000007","NA","232270.42870000878","NA","NA","NA","236262.95230000687","NA","NA","NA","471094.13160000986","NA","39251.38130001142","464263.02870000654","463595.54530000605","463605.27070000535","468323.54340000893","468279.63990000717","240554.58029999863","464262.56250000733","5045.338000010815","3000","SceneViewing","27","33509.07450003433","27","2560"
"100","100","29_n.wav","1206","1206","#dadada","256","psycho","psycho","psycho","non-restrictive","1","undefined","undefined","1","NA","undefined","NA","undefined","NA","undefined","NA","undefined","NA","NA","undefined","NA","NA","NA","undefined","0","28","28","0","0","0","0","NA","28","28","28","NA","0","NA","NA","28","0","NA","0","NA","0","NA","0","NA","0","NA","NA","NA","0","NA","NA","NA","28","NA","0","28","28","28","28","28","0","28","0","participant_group5.csv","5","NA","NA","NA","Fri Jul 24 14:46:04 2026","NA","The main experiment item","False","VWP_finalSetup_22_7.osexp","C:\Users\plcm\Desktop\2026-EyeTracking\group-eyeconic\OS2\final_recordings_upl","False","mono","False","20","no","#0c0c0c","no","yes","1440","29","30_pos4_nosub.png","30_pos4_sub.png","psycho","28","28","C:/Users/plcm/Desktop/2026-EyeTracking/group-eyeconic/OS2/final_recordings_upl/group 19-24/subject-20.csv","psycho","Neonatal Nightingale","4.1.14","comb","eraser","tissue","newspaper","0","0","space","space","space","NA","space","NA","NA","space","NA","space","NA","space","NA","space","NA","NA","NA","space","NA","NA","NA","284.1439000039827","2153.256199992029","5714.2072999995435","NA","284.1439000039827","NA","NA","7011.518500003149","NA","3028.0494000035105","NA","2547.864899999695","NA","3987.6211999944644","NA","NA","NA","4291.042600001674","NA","NA","NA","34204.791199998","c","29","2","psycho","The grandmother will eadturn the newspaper","1024","2","24000","-16","experiment","20","even","4","211787.3149000079","478394.20500000415","475649.92290000373","240554.5451000071","5033.499299999676","211792.7675000101","213951.80480000272","NA","471626.5909000067","475649.8731000029","471402.73460000753","NA","211787.39379999752","NA","NA","471117.9220000049","NA","NA","219670.5062999972","NA","226686.08090000635","NA","229718.1825000007","NA","232270.42870000878","NA","NA","NA","236262.95230000687","NA","NA","NA","478413.55890000705","NA","39251.38130001142","471608.70760001126","471107.8763000114","471117.8190000064","475669.0942999994","475627.0383000083","240554.58029999863","471608.14300000493","5045.338000010815","3000","SceneViewing","28","33793.21840003831","28","2560"
"100","100","45_n.wav","1210","1210","#dadada","256","psycho","psycho","psycho","non-restrictive","1","undefined","undefined","1","NA","undefined","NA","undefined","NA","undefined","NA","undefined","NA","NA","undefined","NA","NA","NA","undefined","0","29","29","0","0","0","0","NA","29","29","29","NA","0","NA","NA","29","0","NA","0","NA","0","NA","0","NA","0","NA","NA","NA","0","NA","NA","NA","29","NA","0","29","29","29","29","29","0","29","0","participant_group5.csv","5","NA","NA","NA","Fri Jul 24 14:46:04 2026","NA","The main experiment item","False","VWP_finalSetup_22_7.osexp","C:\Users\plcm\Desktop\2026-EyeTracking\group-eyeconic\OS2\final_recordings_upl","False","mono","False","20","no","#0c0c0c","no","yes","1440","45","46_pos4_nosub.png","46_pos4_sub.png","psycho","29","29","C:/Users/plcm/Desktop/2026-EyeTracking/group-eyeconic/OS2/final_recordings_upl/group 19-24/subject-20.csv","psycho","Neonatal Nightingale","4.1.14","laddle","peeler","pot","carrot","0","0","space","space","space","NA","space","NA","NA","space","NA","space","NA","space","NA","space","NA","NA","NA","space","NA","NA","NA","1325.2573000063421","2153.256199992029","5714.2072999995435","NA","1325.2573000063421","NA","NA","7011.518500003149","NA","3028.0494000035105","NA","2547.864899999695","NA","3987.6211999944644","NA","NA","NA","4291.042600001674","NA","NA","NA","34204.791199998","c","30","2","psycho","The chef will carry the carrot","1024","2","24000","-16","experiment","20","even","4","211787.3149000079","486625.42609999946","484007.32560000324","240554.5451000071","5033.499299999676","211792.7675000101","213951.80480000272","NA","479982.7501000109","484007.25530000636","479770.82180000434","NA","211787.39379999752","NA","NA","478444.72820000374","NA","NA","219670.5062999972","NA","226686.08090000635","NA","229718.1825000007","NA","232270.42870000878","NA","NA","NA","236262.95230000687","NA","NA","NA","486644.678800003","NA","39251.38130001142","479967.1224000049","478434.6176000108","478444.60610000533","484027.2239000042","483983.45870000776","240554.58029999863","479966.6145000083","5045.338000010815","3000","SceneViewing","29","35118.475700044655","29","2560"
"100","100","30_r.wav","1188","1188","#dadada","256","psycho","psycho","psycho","restrictive","1","undefined","undefined","1","NA","undefined","NA","undefined","NA","undefined","NA","undefined","NA","NA","undefined","NA","NA","NA","undefined","0","30","30","0","0","0","0","NA","30","30","30","NA","0","NA","NA","30","0","NA","0","NA","0","NA","0","NA","0","NA","NA","NA","0","NA","NA","NA","30","NA","0","30","30","30","30","30","0","30","0","participant_group5.csv","5","NA","NA","NA","Fri Jul 24 14:46:04 2026","NA","The main experiment item","False","VWP_finalSetup_22_7.osexp","C:\Users\plcm\Desktop\2026-EyeTracking\group-eyeconic\OS2\final_recordings_upl","False","mono","False","20","no","#0c0c0c","no","yes","1440","30","31_pos1_nosub.png","31_pos1_sub.png","psycho","30","30","C:/Users/plcm/Desktop/2026-EyeTracking/group-eyeconic/OS2/final_recordings_upl/group 19-24/subject-20.csv","psycho","Neonatal Nightingale","4.1.14","dice","cap","watch","headphones","0","0","space","space","space","NA","space","NA","NA","space","NA","space","NA","space","NA","space","NA","NA","NA","space","NA","NA","NA","542.9827000043588","2153.256199992029","5714.2072999995435","NA","542.9827000043588","NA","NA","7011.518500003149","NA","3028.0494000035105","NA","2547.864899999695","NA","3987.6211999944644","NA","NA","NA","4291.042600001674","NA","NA","NA","34204.791199998","c","31","2","psycho","The girl will roll the dice","1024","2","24000","-16","experiment","20","even","1","211787.3149000079","494074.1743000108","491461.553000001","240554.5451000071","5033.499299999676","211792.7675000101","213951.80480000272","NA","487436.84999999823","491461.5029999986","487218.7951000087","NA","211787.39379999752","NA","NA","486675.0117000047","NA","NA","219670.5062999972","NA","226686.08090000635","NA","229718.1825000007","NA","232270.42870000878","NA","NA","NA","236262.95230000687","NA","NA","NA","494093.16540000145","NA","39251.38130001142","487421.0566999973","486664.77750000195","486674.9095999985","491480.98340000433","491436.9883000036","240554.58029999863","487420.509500007","5045.338000010815","3000","SceneViewing","30","35661.458400049014","30","2560"
"100","100","19_n.wav","1159","1159","#dadada","256","psycho","psycho","psycho","non-restrictive","1","undefined","undefined","1","NA","undefined","NA","undefined","NA","undefined","NA","undefined","NA","NA","undefined","NA","NA","NA","undefined","0","31","31","0","0","0","0","NA","31","31","31","NA","0","NA","NA","31","0","NA","0","NA","0","NA","0","NA","0","NA","NA","NA","0","NA","NA","NA","31","NA","0","31","31","31","31","31","0","31","0","participant_group5.csv","5","NA","NA","NA","Fri Jul 24 14:46:04 2026","NA","The main experiment item","False","VWP_finalSetup_22_7.osexp","C:\Users\plcm\Desktop\2026-EyeTracking\group-eyeconic\OS2\final_recordings_upl","False","mono","False","20","no","#0c0c0c","no","yes","1440","19","20_pos2_nosub.png","20_pos2_sub.png","psycho","31","31","C:/Users/plcm/Desktop/2026-EyeTracking/group-eyeconic/OS2/final_recordings_upl/group 19-24/subject-20.csv","psycho","Neonatal Nightingale","4.1.14","bowl","bread","spoon","spatula","0","0","space","space","space","NA","space","NA","NA","space","NA","space","NA","space","NA","space","NA","NA","NA","space","NA","NA","NA","275.99919999192934","2153.256199992029","5714.2072999995435","NA","275.99919999192934","NA","NA","7011.518500003149","NA","3028.0494000035105","NA","2547.864899999695","NA","3987.6211999944644","NA","NA","NA","4291.042600001674","NA","NA","NA","34204.791199998","c","32","2","psycho","The chef will clean the bread","1024","2","24000","-16","experiment","20","even","2","211787.3149000079","501154.2790000094","498624.9158999999","240554.5451000071","5033.499299999676","211792.7675000101","213951.80480000272","NA","494600.30650001136","498624.8531000019","494386.6815000074","NA","211787.39379999752","NA","NA","494109.96090000845","NA","NA","219670.5062999972","NA","226686.08090000635","NA","229718.1825000007","NA","232270.42870000878","NA","NA","NA","236262.95230000687","NA","NA","NA","501173.97390000406","NA","39251.38130001142","494584.9547000107","494100.7627000072","494109.87270000624","498644.0154000011","498601.11490001145","240554.58029999863","494584.30050000607","5045.338000010815","3000","SceneViewing","31","35937.45760004094","31","2560"
"100","100","33_n.wav","1136","1136","#dadada","256","psycho","psycho","psycho","non-restrictive","1","undefined","undefined","1","NA","undefined","NA","undefined","NA","undefined","NA","undefined","NA","NA","undefined","NA","NA","NA","undefined","0","32","32","0","0","0","0","NA","32","32","32","NA","0","NA","NA","32","0","NA","0","NA","0","NA","0","NA","0","NA","NA","NA","0","NA","NA","NA","32","NA","0","32","32","32","32","32","0","32","0","participant_group5.csv","5","NA","NA","NA","Fri Jul 24 14:46:04 2026","NA","The main experiment item","False","VWP_finalSetup_22_7.osexp","C:\Users\plcm\Desktop\2026-EyeTracking\group-eyeconic\OS2\final_recordings_upl","False","mono","False","20","no","#0c0c0c","no","yes","1440","33","34_pos4_nosub.png","34_pos4_sub.png","psycho","32","32","C:/Users/plcm/Desktop/2026-EyeTracking/group-eyeconic/OS2/final_recordings_upl/group 19-24/subject-20.csv","psycho","Neonatal Nightingale","4.1.14","envelope","box","gift","suitcase","0","0","space","space","space","NA","space","NA","NA","space","NA","space","NA","space","NA","space","NA","NA","NA","space","NA","NA","NA","420.2194999961648","2153.256199992029","5714.2072999995435","NA","420.2194999961648","NA","NA","7011.518500003149","NA","3028.0494000035105","NA","2547.864899999695","NA","3987.6211999944644","NA","NA","NA","4291.042600001674","NA","NA","NA","34204.791199998","c","33","2","psycho","The boy will open the suitcase","1024","2","24000","-16","experiment","20","even","4","211787.3149000079","508794.1309000016","505875.91590000375","240554.5451000071","5033.499299999676","211792.7675000101","213951.80480000272","NA","501852.03320000437","505875.84819999756","501626.79809999827","NA","211787.39379999752","NA","NA","501205.74810000835","NA","NA","219670.5062999972","NA","226686.08090000635","NA","229718.1825000007","NA","232270.42870000878","NA","NA","NA","236262.95230000687","NA","NA","NA","508813.4754000057","NA","39251.38130001142","501836.58640000795","501194.6450000105","501205.6556000025","505894.984700004","505852.4816999998","240554.58029999863","501836.11070000916","5045.338000010815","3000","SceneViewing","32","36357.67710003711","32","2560"
"100","100","8_r.wav","1109","1109","#dadada","256","psycho","psycho","psycho","restrictive","1","undefined","undefined","1","NA","undefined","NA","undefined","NA","undefined","NA","undefined","NA","NA","undefined","NA","NA","NA","undefined","0","33","33","0","0","0","0","NA","33","33","33","NA","0","NA","NA","33","0","NA","0","NA","0","NA","0","NA","0","NA","NA","NA","0","NA","NA","NA","33","NA","0","33","33","33","33","33","0","33","0","participant_group5.csv","5","NA","NA","NA","Fri Jul 24 14:46:04 2026","NA","The main experiment item","False","VWP_finalSetup_22_7.osexp","C:\Users\plcm\Desktop\2026-EyeTracking\group-eyeconic\OS2\final_recordings_upl","False","mono","False","20","no","#0c0c0c","no","yes","1440","8","9_pos3_nosub.png","9_pos3_sub.png","psycho","33","33","C:/Users/plcm/Desktop/2026-EyeTracking/group-eyeconic/OS2/final_recordings_upl/group 19-24/subject-20.csv","psycho","Neonatal Nightingale","4.1.14","telephone","television","piano","table","0","0","space","space","space","NA","space","NA","NA","space","NA","space","NA","space","NA","space","NA","NA","NA","space","NA","NA","NA","246.72260000079405","2153.256199992029","5714.2072999995435","NA","246.72260000079405","NA","NA","7011.518500003149","NA","3028.0494000035105","NA","2547.864899999695","NA","3987.6211999944644","NA","NA","NA","4291.042600001674","NA","NA","NA","34204.791199998","c","34","2","psycho","The woman will play the piano","1024","2","24000","-16","experiment","20","even","3","211787.3149000079","516174.17769999884","513330.9835000109","240554.5451000071","5033.499299999676","211792.7675000101","213951.80480000272","NA","509306.22620000213","513330.92990001023","509082.7863000013","NA","211787.39379999752","NA","NA","508835.22880000237","NA","NA","219670.5062999972","NA","226686.08090000635","NA","229718.1825000007","NA","232270.42870000878","NA","NA","NA","236262.95230000687","NA","NA","NA","516193.7253000069","NA","39251.38130001142","509291.3682000071","508825.47019999765","508835.0772999984","513350.5393000087","513306.3383999979","240554.58029999863","509290.83979999996","5045.338000010815","3000","SceneViewing","33","36604.3997000379","33","2560"
"100","100","15_n.wav","1083","1083","#dadada","256","psycho","psycho","psycho","non-restrictive","1","undefined","undefined","1","NA","undefined","NA","undefined","NA","undefined","NA","undefined","NA","NA","undefined","NA","NA","NA","undefined","0","34","34","0","0","0","0","NA","34","34","34","NA","0","NA","NA","34","0","NA","0","NA","0","NA","0","NA","0","NA","NA","NA","0","NA","NA","NA","34","NA","0","34","34","34","34","34","0","34","0","participant_group5.csv","5","NA","NA","NA","Fri Jul 24 14:46:04 2026","NA","The main experiment item","False","VWP_finalSetup_22_7.osexp","C:\Users\plcm\Desktop\2026-EyeTracking\group-eyeconic\OS2\final_recordings_upl","False","mono","False","20","no","#0c0c0c","no","yes","1440","15","16_pos2_nosub.png","16_pos2_sub.png","psycho","34","34","C:/Users/plcm/Desktop/2026-EyeTracking/group-eyeconic/OS2/final_recordings_upl/group 19-24/subject-20.csv","psycho","Neonatal Nightingale","4.1.14","folder","hat","wallet","magnifying-glass","0","0","space","space","space","NA","space","NA","NA","space","NA","space","NA","space","NA","space","NA","NA","NA","space","NA","NA","NA","244.88700000802055","2153.256199992029","5714.2072999995435","NA","244.88700000802055","NA","NA","7011.518500003149","NA","3028.0494000035105","NA","2547.864899999695","NA","3987.6211999944644","NA","NA","NA","4291.042600001674","NA","NA","NA","34204.791199998","c","35","2","psycho","The businessman will  forget the hat","1024","2","24000","-16","experiment","20","even","2","211787.3149000079","523854.1574999981","520705.65840000927","240554.5451000071","5033.499299999676","211792.7675000101","213951.80480000272","NA","516681.5262000018","520705.5701000063","516467.0557000063","NA","211787.39379999752","NA","NA","516221.1124000023","NA","NA","219670.5062999972","NA","226686.08090000635","NA","229718.1825000007","NA","232270.42870000878","NA","NA","NA","236262.95230000687","NA","NA","NA","523873.1797000073","NA","39251.38130001142","516666.20240001066","516211.7367000028","516221.02730000915","520725.3925999976","520681.7529000109","240554.58029999863","516665.608100011","5045.338000010815","3000","SceneViewing","34","36849.28670004592","34","2560"
"100","100","2_r.wav","1065","1065","#dadada","256","psycho","psycho","psycho","restrictive","1","undefined","undefined","1","NA","undefined","NA","undefined","NA","undefined","NA","undefined","NA","NA","undefined","NA","NA","NA","undefined","0","35","35","0","0","0","0","NA","35","35","35","NA","0","NA","NA","35","0","NA","0","NA","0","NA","0","NA","0","NA","NA","NA","0","NA","NA","NA","35","NA","0","35","35","35","35","35","0","35","0","participant_group5.csv","5","NA","NA","NA","Fri Jul 24 14:46:04 2026","NA","The main experiment item","False","VWP_finalSetup_22_7.osexp","C:\Users\plcm\Desktop\2026-EyeTracking\group-eyeconic\OS2\final_recordings_upl","False","mono","False","20","no","#0c0c0c","no","yes","1440","2","3_pos1_nosub.png","3_pos1_sub.png","psycho","35","35","C:/Users/plcm/Desktop/2026-EyeTracking/group-eyeconic/OS2/final_recordings_upl/group 19-24/subject-20.csv","psycho","Neonatal Nightingale","4.1.14","man","car","houses","dustbin","0","0","space","space","space","NA","space","NA","NA","space","NA","space","NA","space","NA","space","NA","NA","NA","space","NA","NA","NA","450.40240000525955","2153.256199992029","5714.2072999995435","NA","450.40240000525955","NA","NA","7011.518500003149","NA","3028.0494000035105","NA","2547.864899999695","NA","3987.6211999944644","NA","NA","NA","4291.042600001674","NA","NA","NA","34204.791199998","c","36","2","psycho","The policeman will arrest the man","1024","2","24000","-16","experiment","20","even","1","211787.3149000079","531664.2985000071","528592.7093000064","240554.5451000071","5033.499299999676","211792.7675000101","213951.80480000272","NA","524568.6526000063","528592.6385000057","524354.7722000076","NA","211787.39379999752","NA","NA","523903.60570000485","NA","NA","219670.5062999972","NA","226686.08090000635","NA","229718.1825000007","NA","232270.42870000878","NA","NA","NA","236262.95230000687","NA","NA","NA","531683.6424000066","NA","39251.38130001142","524552.5454000017","523893.48480000626","523903.5212000017","528611.7974000081","528569.4835000031","240554.58029999863","524551.7717000039","5045.338000010815","3000","SceneViewing","35","37299.68910005118","35","2560"
"100","100","44_r.wav","1044","1044","#dadada","256","psycho","psycho","psycho","restrictive","1","undefined","undefined","1","NA","undefined","NA","undefined","NA","undefined","NA","undefined","NA","NA","undefined","NA","NA","NA","undefined","0","36","36","0","0","0","0","NA","36","36","36","NA","0","NA","NA","36","0","NA","0","NA","0","NA","0","NA","0","NA","NA","NA","0","NA","NA","NA","36","NA","0","36","36","36","36","36","0","36","0","participant_group5.csv","5","NA","NA","NA","Fri Jul 24 14:46:04 2026","NA","The main experiment item","False","VWP_finalSetup_22_7.osexp","C:\Users\plcm\Desktop\2026-EyeTracking\group-eyeconic\OS2\final_recordings_upl","False","mono","False","20","no","#0c0c0c","no","yes","1440","44","45_pos3_nosub.png","45_pos3_sub.png","psycho","36","36","C:/Users/plcm/Desktop/2026-EyeTracking/group-eyeconic/OS2/final_recordings_upl/group 19-24/subject-20.csv","psycho","Neonatal Nightingale","4.1.14","ladle","hammer","dough","glass","0","0","space","space","space","NA","space","NA","NA","space","NA","space","NA","space","NA","space","NA","NA","NA","space","NA","NA","NA","309.34459999843966","2153.256199992029","5714.2072999995435","NA","309.34459999843966","NA","NA","7011.518500003149","NA","3028.0494000035105","NA","2547.864899999695","NA","3987.6211999944644","NA","NA","NA","4291.042600001674","NA","NA","NA","34204.791199998","c","37","2","psycho","The baker will knead the dough","1024","2","24000","-16","experiment","20","even","3","211787.3149000079","538894.3921000027","536259.9857000023","240554.5451000071","5033.499299999676","211792.7675000101","213951.80480000272","NA","532235.2742000076","536259.8880000005","532027.0790000068","NA","211787.39379999752","NA","NA","531716.708500011","NA","NA","219670.5062999972","NA","226686.08090000635","NA","229718.1825000007","NA","232270.42870000878","NA","NA","NA","236262.95230000687","NA","NA","NA","538913.6118000024","NA","39251.38130001142","532218.6909000011","531705.7722000027","531716.5972000075","536279.2008000106","536235.4927999986","240554.58029999863","532218.1777000078","5045.338000010815","3000","SceneViewing","36","37609.03370004962","36","2560"
"100","100","17_n.wav","1024","1024","#dadada","256","psycho","psycho","psycho","non-restrictive","1","undefined","undefined","1","NA","undefined","NA","undefined","NA","undefined","NA","undefined","NA","NA","undefined","NA","NA","NA","undefined","0","37","37","0","0","0","0","NA","37","37","37","NA","0","NA","NA","37","0","NA","0","NA","0","NA","0","NA","0","NA","NA","NA","0","NA","NA","NA","37","NA","0","37","37","37","37","37","0","37","0","participant_group5.csv","5","NA","NA","NA","Fri Jul 24 14:46:04 2026","NA","The main experiment item","False","VWP_finalSetup_22_7.osexp","C:\Users\plcm\Desktop\2026-EyeTracking\group-eyeconic\OS2\final_recordings_upl","False","mono","False","20","no","#0c0c0c","no","yes","1440","17","18_pos4_nosub.png","18_pos4_sub.png","psycho","37","37","C:/Users/plcm/Desktop/2026-EyeTracking/group-eyeconic/OS2/final_recordings_upl/group 19-24/subject-20.csv","psycho","Neonatal Nightingale","4.1.14","bucket","stone","rope","wood","0","0","space","space","space","NA","space","NA","NA","space","NA","space","NA","space","NA","space","NA","NA","NA","space","NA","NA","NA","294.6890000021085","2153.256199992029","5714.2072999995435","NA","294.6890000021085","NA","NA","7011.518500003149","NA","3028.0494000035105","NA","2547.864899999695","NA","3987.6211999944644","NA","NA","NA","4291.042600001674","NA","NA","NA","34204.791199998","c","38","2","psycho","The man will  move the wood","1024","2","24000","-16","experiment","20","even","4","211787.3149000079","545894.1749000078","543464.5405000047","240554.5451000071","5033.499299999676","211792.7675000101","213951.80480000272","NA","539440.5376000068","543464.486900004","539227.2436000057","NA","211787.39379999752","NA","NA","538931.3135999982","NA","NA","219670.5062999972","NA","226686.08090000635","NA","229718.1825000007","NA","232270.42870000878","NA","NA","NA","236262.95230000687","NA","NA","NA","545913.0822000006","NA","39251.38130001142","539425.6017000007","538921.7439000058","538931.2258999998","543483.5547999974","543441.0689000069","240554.58029999863","539425.0164999976","5045.338000010815","3000","SceneViewing","37","37903.72270005173","37","2560"
"100","100","27_n.wav","1007","1007","#dadada","256","psycho","psycho","psycho","non-restrictive","1","undefined","undefined","1","NA","undefined","NA","undefined","NA","undefined","NA","undefined","NA","NA","undefined","NA","NA","NA","undefined","0","38","38","0","0","0","0","NA","38","38","38","NA","0","NA","NA","38","0","NA","0","NA","0","NA","0","NA","0","NA","NA","NA","0","NA","NA","NA","38","NA","0","38","38","38","38","38","0","38","0","participant_group5.csv","5","NA","NA","NA","Fri Jul 24 14:46:04 2026","NA","The main experiment item","False","VWP_finalSetup_22_7.osexp","C:\Users\plcm\Desktop\2026-EyeTracking\group-eyeconic\OS2\final_recordings_upl","False","mono","False","20","no","#0c0c0c","no","yes","1440","27","28_pos2_nosub.png","28_pos2_sub.png","psycho","38","38","C:/Users/plcm/Desktop/2026-EyeTracking/group-eyeconic/OS2/final_recordings_upl/group 19-24/subject-20.csv","psycho","Neonatal Nightingale","4.1.14","picture","lamp","switch","frame","0","0","space","space","space","NA","space","NA","NA","space","NA","space","NA","space","NA","space","NA","NA","NA","space","NA","NA","NA","375.17379999917466","2153.256199992029","5714.2072999995435","NA","375.17379999917466","NA","NA","7011.518500003149","NA","3028.0494000035105","NA","2547.864899999695","NA","3987.6211999944644","NA","NA","NA","4291.042600001674","NA","NA","NA","34204.791199998","c","39","2","psycho","The boy will touch the lamp","1024","2","24000","-16","experiment","20","even","2","211787.3149000079","552974.0949999978","550549.8299000028","240554.5451000071","5033.499299999676","211792.7675000101","213951.80480000272","NA","546525.9326000087","550549.7765000036","546306.9116999977","NA","211787.39379999752","NA","NA","545930.8336000104","NA","NA","219670.5062999972","NA","226686.08090000635","NA","229718.1825000007","NA","232270.42870000878","NA","NA","NA","236262.95230000687","NA","NA","NA","552992.9801000108","NA","39251.38130001142","546509.4954000087","545920.7147999987","545930.7437000098","550569.153000004","550526.1941000063","240554.58029999863","546508.8596999994","5045.338000010815","3000","SceneViewing","38","38278.896500050905","38","2560"
"100","100","32_r.wav","1025","1025","#dadada","256","psycho","psycho","psycho","restrictive","1","undefined","undefined","1","NA","undefined","NA","undefined","NA","undefined","NA","undefined","NA","NA","undefined","NA","NA","NA","undefined","0","39","39","0","0","0","0","NA","39","39","39","NA","0","NA","NA","39","0","NA","0","NA","0","NA","0","NA","0","NA","NA","NA","0","NA","NA","NA","39","NA","0","39","39","39","39","39","0","39","0","participant_group5.csv","5","NA","NA","NA","Fri Jul 24 14:46:04 2026","NA","The main experiment item","False","VWP_finalSetup_22_7.osexp","C:\Users\plcm\Desktop\2026-EyeTracking\group-eyeconic\OS2\final_recordings_upl","False","mono","False","20","no","#0c0c0c","no","yes","1440","32","33_pos3_nosub.png","33_pos3_sub.png","psycho","39","39","C:/Users/plcm/Desktop/2026-EyeTracking/group-eyeconic/OS2/final_recordings_upl/group 19-24/subject-20.csv","psycho","Neonatal Nightingale","4.1.14","biscuit","kettle","beer","mug","0","0","space","space","space","NA","space","NA","NA","space","NA","space","NA","space","NA","space","NA","NA","NA","space","NA","NA","NA","1726.2480000063078","2153.256199992029","5714.2072999995435","NA","1726.2480000063078","NA","NA","7011.518500003149","NA","3028.0494000035105","NA","2547.864899999695","NA","3987.6211999944644","NA","NA","NA","4291.042600001674","NA","NA","NA","34204.791199998","c","40","2","psycho","The woman will brew the beer","1024","2","24000","-16","experiment","20","even","3","211787.3149000079","561574.3109000032","558982.0075000025","240554.5451000071","5033.499299999676","211792.7675000101","213951.80480000272","NA","554955.4280000011","558981.9581000047","554746.650400004","NA","211787.39379999752","NA","NA","553019.699299999","NA","NA","219670.5062999972","NA","226686.08090000635","NA","229718.1825000007","NA","232270.42870000878","NA","NA","NA","236262.95230000687","NA","NA","NA","561593.2522000076","NA","39251.38130001142","554940.1859000063","553009.8960000032","553019.4284000027","559001.2655000028","558955.9717000084","240554.58029999863","554939.6042000008","5045.338000010815","3000","SceneViewing","39","40005.14450005721","39","2560"
"100","100","37_n.wav","1015","1015","#dadada","256","psycho","psycho","psycho","non-restrictive","1","undefined","undefined","1","NA","undefined","NA","undefined","NA","undefined","NA","undefined","NA","NA","undefined","NA","NA","NA","undefined","0","40","40","0","0","0","0","NA","40","40","40","NA","0","NA","NA","40","0","NA","0","NA","0","NA","0","NA","0","NA","NA","NA","0","NA","NA","NA","40","NA","0","40","40","40","40","40","0","40","0","participant_group5.csv","5","NA","NA","NA","Fri Jul 24 14:46:04 2026","NA","The main experiment item","False","VWP_finalSetup_22_7.osexp","C:\Users\plcm\Desktop\2026-EyeTracking\group-eyeconic\OS2\final_recordings_upl","False","mono","False","20","no","#0c0c0c","no","yes","1440","37","38_pos4_nosub.png","38_pos4_sub.png","psycho","40","40","C:/Users/plcm/Desktop/2026-EyeTracking/group-eyeconic/OS2/final_recordings_upl/group 19-24/subject-20.csv","psycho","Neonatal Nightingale","4.1.14","mitten","marker","key","banana","0","0","space","space","space","NA","space","NA","NA","space","NA","space","NA","space","NA","space","NA","NA","NA","space","NA","NA","NA","623.4713999874657","2153.256199992029","5714.2072999995435","NA","623.4713999874657","NA","NA","7011.518500003149","NA","3028.0494000035105","NA","2547.864899999695","NA","3987.6211999944644","NA","NA","NA","4291.042600001674","NA","NA","NA","34204.791199998","c","41","2","psycho","The boy will move the banana","1024","2","24000","-16","experiment","20","even","4","211787.3149000079","569184.1849000048","566467.2356000083","240554.5451000071","5033.499299999676","211792.7675000101","213951.80480000272","NA","562443.1681999995","566467.1457000077","562234.7314000071","NA","211787.39379999752","NA","NA","561610.6242000096","NA","NA","219670.5062999972","NA","226686.08090000635","NA","229718.1825000007","NA","232270.42870000878","NA","NA","NA","236262.95230000687","NA","NA","NA","569203.7737000064","NA","39251.38130001142","562428.163900011","561600.568599999","561610.5189000082","566487.3796000029","566443.6487000057","240554.58029999863","562427.4929000094","5045.338000010815","3000","SceneViewing","40","40628.61590004468","40","2560"
"100","100","24_r.wav","1015","1015","#dadada","256","psycho","psycho","psycho","restrictive","1","undefined","undefined","1","NA","undefined","NA","undefined","NA","undefined","NA","undefined","NA","NA","undefined","NA","NA","NA","undefined","0","41","41","0","0","0","0","NA","41","41","41","NA","0","NA","NA","41","0","NA","0","NA","0","NA","0","NA","0","NA","NA","NA","0","NA","NA","NA","41","NA","0","41","41","41","41","41","0","41","0","participant_group5.csv","5","NA","NA","NA","Fri Jul 24 14:46:04 2026","NA","The main experiment item","False","VWP_finalSetup_22_7.osexp","C:\Users\plcm\Desktop\2026-EyeTracking\group-eyeconic\OS2\final_recordings_upl","False","mono","False","20","no","#0c0c0c","no","yes","1440","24","25_pos3_nosub.png","25_pos3_sub.png","psycho","41","41","C:/Users/plcm/Desktop/2026-EyeTracking/group-eyeconic/OS2/final_recordings_upl/group 19-24/subject-20.csv","psycho","Neonatal Nightingale","4.1.14","potato","glass","rabbit","plate","0","0","space","space","space","NA","space","NA","NA","space","NA","space","NA","space","NA","space","NA","NA","NA","space","NA","NA","NA","1003.2946999999695","2153.256199992029","5714.2072999995435","NA","1003.2946999999695","NA","NA","7011.518500003149","NA","3028.0494000035105","NA","2547.864899999695","NA","3987.6211999944644","NA","NA","NA","4291.042600001674","NA","NA","NA","34204.791199998","c","42","2","psycho","The girl will groom the rabbit","1024","2","24000","-16","experiment","20","even","3","211787.3149000079","577184.2042000062","574463.3580000082","240554.5451000071","5033.499299999676","211792.7675000101","213951.80480000272","NA","570438.7519000011","574463.2806000009","570226.8214000069","NA","211787.39379999752","NA","NA","569222.6526000013","NA","NA","219670.5062999972","NA","226686.08090000635","NA","229718.1825000007","NA","232270.42870000878","NA","NA","NA","236262.95230000687","NA","NA","NA","577203.1964000053","NA","39251.38130001142","570421.593600011","569213.4169000055","569222.5502000074","574483.155000009","574439.3130000099","240554.58029999863","570420.8683000033","5045.338000010815","3000","SceneViewing","41","41631.91060004465","41","2560"
"100","100","20_r.wav","1008","1008","#dadada","256","psycho","psycho","psycho","restrictive","1","undefined","undefined","1","NA","undefined","NA","undefined","NA","undefined","NA","undefined","NA","NA","undefined","NA","NA","NA","undefined","0","42","42","0","0","0","0","NA","42","42","42","NA","0","NA","NA","42","0","NA","0","NA","0","NA","0","NA","0","NA","NA","NA","0","NA","NA","NA","42","NA","0","42","42","42","42","42","0","42","0","participant_group5.csv","5","NA","NA","NA","Fri Jul 24 14:46:04 2026","NA","The main experiment item","False","VWP_finalSetup_22_7.osexp","C:\Users\plcm\Desktop\2026-EyeTracking\group-eyeconic\OS2\final_recordings_upl","False","mono","False","20","no","#0c0c0c","no","yes","1440","20","21_pos3_nosub.png","21_pos3_sub.png","psycho","42","42","C:/Users/plcm/Desktop/2026-EyeTracking/group-eyeconic/OS2/final_recordings_upl/group 19-24/subject-20.csv","psycho","Neonatal Nightingale","4.1.14","crayon","cup","kitten","block","0","0","space","space","space","NA","space","NA","NA","space","NA","space","NA","space","NA","space","NA","NA","NA","space","NA","NA","NA","721.9089999998687","2153.256199992029","5714.2072999995435","NA","721.9089999998687","NA","NA","7011.518500003149","NA","3028.0494000035105","NA","2547.864899999695","NA","3987.6211999944644","NA","NA","NA","4291.042600001674","NA","NA","NA","34204.791199998","c","43","2","psycho","The baby will hug the kitten","1024","2","24000","-16","experiment","20","even","3","211787.3149000079","584974.1694000113","582199.7099","240554.5451000071","5033.499299999676","211792.7675000101","213951.80480000272","NA","578175.9330000059","582199.6497000073","577954.9147000071","NA","211787.39379999752","NA","NA","577232.3070999992","NA","NA","219670.5062999972","NA","226686.08090000635","NA","229718.1825000007","NA","232270.42870000878","NA","NA","NA","236262.95230000687","NA","NA","NA","584993.1365000084","NA","39251.38130001142","578159.5608000061","577223.0822999991","577232.2236000036","582219.0367000003","582176.0800000047","240554.58029999863","578159.1199000104","5045.338000010815","3000","SceneViewing","42","42353.81960004452","42","2560"
"100","100","39_n.wav","1007","1007","#dadada","256","psycho","psycho","psycho","non-restrictive","1","undefined","undefined","1","NA","undefined","NA","undefined","NA","undefined","NA","undefined","NA","NA","undefined","NA","NA","NA","undefined","0","43","43","0","0","0","0","NA","43","43","43","NA","0","NA","NA","43","0","NA","0","NA","0","NA","0","NA","0","NA","NA","NA","0","NA","NA","NA","43","NA","0","43","43","43","43","43","0","43","0","participant_group5.csv","5","NA","NA","NA","Fri Jul 24 14:46:04 2026","NA","The main experiment item","False","VWP_finalSetup_22_7.osexp","C:\Users\plcm\Desktop\2026-EyeTracking\group-eyeconic\OS2\final_recordings_upl","False","mono","False","20","no","#0c0c0c","no","yes","1440","39","40_pos2_nosub.png","40_pos2_sub.png","psycho","43","43","C:/Users/plcm/Desktop/2026-EyeTracking/group-eyeconic/OS2/final_recordings_upl/group 19-24/subject-20.csv","psycho","Neonatal Nightingale","4.1.14","buckle","shoelace","shampoo","mat","0","0","space","space","space","NA","space","NA","NA","space","NA","space","NA","space","NA","space","NA","NA","NA","space","NA","NA","NA","971.3397000014083","2153.256199992029","5714.2072999995435","NA","971.3397000014083","NA","NA","7011.518500003149","NA","3028.0494000035105","NA","2547.864899999695","NA","3987.6211999944644","NA","NA","NA","4291.042600001674","NA","NA","NA","34204.791199998","c","44","2","psycho","The boy will move the shoelace","1024","2","24000","-16","experiment","20","even","2","211787.3149000079","592824.2585999978","590232.0564999973","240554.5451000071","5033.499299999676","211792.7675000101","213951.80480000272","NA","586207.0591000083","590231.9871000072","585994.8564000078","NA","211787.39379999752","NA","NA","585022.6798000076","NA","NA","219670.5062999972","NA","226686.08090000635","NA","229718.1825000007","NA","232270.42870000878","NA","NA","NA","236262.95230000687","NA","NA","NA","592843.9820000058","NA","39251.38130001142","586188.7344999996","585013.0975000066","585022.583900005","590251.7992000066","590207.5347000064","240554.58029999863","586188.2320000004","5045.338000010815","3000","SceneViewing","43","43325.159300045925","43","2560"
"100","100","7_n.wav","1007","1007","#dadada","256","psycho","psycho","psycho","non-restrictive","1","undefined","undefined","1","NA","undefined","NA","undefined","NA","undefined","NA","undefined","NA","NA","undefined","NA","NA","NA","undefined","0","44","44","0","0","0","0","NA","44","44","44","NA","0","NA","NA","44","0","NA","0","NA","0","NA","0","NA","0","NA","NA","NA","0","NA","NA","NA","44","NA","0","44","44","44","44","44","0","44","0","participant_group5.csv","5","NA","NA","NA","Fri Jul 24 14:46:04 2026","NA","The main experiment item","False","VWP_finalSetup_22_7.osexp","C:\Users\plcm\Desktop\2026-EyeTracking\group-eyeconic\OS2\final_recordings_upl","False","mono","False","20","no","#0c0c0c","no","yes","1440","7","8_pos2_nosub.png","8_pos2_sub.png","psycho","44","44","C:/Users/plcm/Desktop/2026-EyeTracking/group-eyeconic/OS2/final_recordings_upl/group 19-24/subject-20.csv","psycho","Neonatal Nightingale","4.1.14","microscope","child","tv-monitor","toy-bear","0","0","space","space","space","NA","space","NA","NA","space","NA","space","NA","space","NA","space","NA","NA","NA","space","NA","NA","NA","1020.6309999921359","2153.256199992029","5714.2072999995435","NA","1020.6309999921359","NA","NA","7011.518500003149","NA","3028.0494000035105","NA","2547.864899999695","NA","3987.6211999944644","NA","NA","NA","4291.042600001674","NA","NA","NA","34204.791199998","c","45","2","psycho","The doctor will check the child","1024","2","24000","-16","experiment","20","even","2","211787.3149000079","601044.754100003","598133.5353000031","240554.5451000071","5033.499299999676","211792.7675000101","213951.80480000272","NA","594109.3536999979","598133.4721000021","593882.9957999988","NA","211787.39379999752","NA","NA","592861.4499000105","NA","NA","219670.5062999972","NA","226686.08090000635","NA","229718.1825000007","NA","232270.42870000878","NA","NA","NA","236262.95230000687","NA","NA","NA","601063.6327000102","NA","39251.38130001142","594091.1627000023","592851.8888000108","592861.3333000103","598153.2370000059","598109.5917000057","240554.58029999863","594090.583199999","5045.338000010815","3000","SceneViewing","44","44345.79030003806","44","2560"
"100","100","13_n.wav","998","998","#dadada","256","psycho","psycho","psycho","non-restrictive","1","undefined","undefined","1","NA","undefined","NA","undefined","NA","undefined","NA","undefined","NA","NA","undefined","NA","NA","NA","undefined","0","45","45","0","0","0","0","NA","45","45","45","NA","0","NA","NA","45","0","NA","0","NA","0","NA","0","NA","0","NA","NA","NA","0","NA","NA","NA","45","NA","0","45","45","45","45","45","0","45","0","participant_group5.csv","5","NA","NA","NA","Fri Jul 24 14:46:04 2026","NA","The main experiment item","False","VWP_finalSetup_22_7.osexp","C:\Users\plcm\Desktop\2026-EyeTracking\group-eyeconic\OS2\final_recordings_upl","False","mono","False","20","no","#0c0c0c","no","yes","1440","13","14_pos4_nosub.png","14_pos4_sub.png","psycho","45","45","C:/Users/plcm/Desktop/2026-EyeTracking/group-eyeconic/OS2/final_recordings_upl/group 19-24/subject-20.csv","psycho","Neonatal Nightingale","4.1.14","filofax","briefcase","glasses","cigarettes","0","0","space","space","space","NA","space","NA","NA","space","NA","space","NA","space","NA","space","NA","NA","NA","space","NA","NA","NA","583.7469999969471","2153.256199992029","5714.2072999995435","NA","583.7469999969471","NA","NA","7011.518500003149","NA","3028.0494000035105","NA","2547.864899999695","NA","3987.6211999944644","NA","NA","NA","4291.042600001674","NA","NA","NA","34204.791199998","c","46","2","psycho","The man will  collect the cigarettes","1024","2","24000","-16","experiment","20","even","4","211787.3149000079","608954.1309000051","605925.7999999973","240554.5451000071","5033.499299999676","211792.7675000101","213951.80480000272","NA","601900.6857000059","605925.7385000092","601682.5946000026","NA","211787.39379999752","NA","NA","601098.1832000107","NA","NA","219670.5062999972","NA","226686.08090000635","NA","229718.1825000007","NA","232270.42870000878","NA","NA","NA","236262.95230000687","NA","NA","NA","608973.1541000074","NA","39251.38130001142","601884.5877999993","601087.4579000083","601098.0382999987","605945.2029000095","605900.9519000101","240554.58029999863","601883.9089000103","5045.338000010815","3000","SceneViewing","45","44929.53730003501","45","2560"
"100","100","14_r.wav","991","991","#dadada","256","psycho","psycho","psycho","restrictive","1","undefined","undefined","1","NA","undefined","NA","undefined","NA","undefined","NA","undefined","NA","NA","undefined","NA","NA","NA","undefined","0","46","46","0","0","0","0","NA","46","46","46","NA","0","NA","NA","46","0","NA","0","NA","0","NA","0","NA","0","NA","NA","NA","0","NA","NA","NA","46","NA","0","46","46","46","46","46","0","46","0","participant_group5.csv","5","NA","NA","NA","Fri Jul 24 14:46:04 2026","NA","The main experiment item","False","VWP_finalSetup_22_7.osexp","C:\Users\plcm\Desktop\2026-EyeTracking\group-eyeconic\OS2\final_recordings_upl","False","mono","False","20","no","#0c0c0c","no","yes","1440","14","15_pos1_nosub.png","15_pos1_sub.png","psycho","46","46","C:/Users/plcm/Desktop/2026-EyeTracking/group-eyeconic/OS2/final_recordings_upl/group 19-24/subject-20.csv","psycho","Neonatal Nightingale","4.1.14","dog","bird","ball","hen","0","0","space","space","space","NA","space","NA","NA","space","NA","space","NA","space","NA","space","NA","NA","NA","space","NA","NA","NA","687.1348999993643","2153.256199992029","5714.2072999995435","NA","687.1348999993643","NA","NA","7011.518500003149","NA","3028.0494000035105","NA","2547.864899999695","NA","3987.6211999944644","NA","NA","NA","4291.042600001674","NA","NA","NA","34204.791199998","c","47","2","psycho","The boy will walk the dog","1024","2","24000","-16","experiment","20","even","1","211787.3149000079","616544.7157000017","613928.6321999971","240554.5451000071","5033.499299999676","211792.7675000101","213951.80480000272","NA","609903.7109000055","613928.5787999979","609690.8292000007","NA","211787.39379999752","NA","NA","609002.8963000077","NA","NA","219670.5062999972","NA","226686.08090000635","NA","229718.1825000007","NA","232270.42870000878","NA","NA","NA","236262.95230000687","NA","NA","NA","616563.7360999972","NA","39251.38130001142","609886.8781000056","608993.6567000113","609002.8064000071","613947.874999998","613903.9809000096","240554.58029999863","609886.4011000114","5045.338000010815","3000","SceneViewing","46","45616.67220003437","46","2560"
"100","100","38_r.wav","991","991","#dadada","256","psycho","psycho","psycho","restrictive","1","undefined","undefined","1","NA","undefined","NA","undefined","NA","undefined","NA","undefined","NA","NA","undefined","NA","NA","NA","undefined","0","47","47","0","0","0","0","NA","47","47","47","NA","0","NA","NA","47","0","NA","0","NA","0","NA","0","NA","0","NA","NA","NA","0","NA","NA","NA","47","NA","0","47","47","47","47","47","0","47","0","participant_group5.csv","5","NA","NA","NA","Fri Jul 24 14:46:04 2026","NA","The main experiment item","False","VWP_finalSetup_22_7.osexp","C:\Users\plcm\Desktop\2026-EyeTracking\group-eyeconic\OS2\final_recordings_upl","False","mono","False","20","no","#0c0c0c","no","yes","1440","38","39_pos1_nosub.png","39_pos1_sub.png","psycho","47","47","C:/Users/plcm/Desktop/2026-EyeTracking/group-eyeconic/OS2/final_recordings_upl/group 19-24/subject-20.csv","psycho","Neonatal Nightingale","4.1.14","apron","mop","broom","cloth","0","0","space","space","space","NA","space","NA","NA","space","NA","space","NA","space","NA","space","NA","NA","NA","space","NA","NA","NA","964.6999000106007","2153.256199992029","5714.2072999995435","NA","964.6999000106007","NA","NA","7011.518500003149","NA","3028.0494000035105","NA","2547.864899999695","NA","3987.6211999944644","NA","NA","NA","4291.042600001674","NA","NA","NA","34204.791199998","c","48","2","psycho","The woman will tie the apron","1024","2","24000","-16","experiment","20","even","1","211787.3149000079","624484.165300004","621785.8572999976","240554.5451000071","5033.499299999676","211792.7675000101","213951.80480000272","NA","617762.3759999988","621785.7396000036","617546.803899997","NA","211787.39379999752","NA","NA","616581.2320999976","NA","NA","219670.5062999972","NA","226686.08090000635","NA","229718.1825000007","NA","232270.42870000878","NA","NA","NA","236262.95230000687","NA","NA","NA","624503.5942000104","NA","39251.38130001142","617745.5790000095","616571.6167000064","616581.1457000091","621805.9197000111","621762.7219999995","240554.58029999863","617744.9864000082","5045.338000010815","3000","SceneViewing","47","46581.37210004497","47","2560"
"100","100","35_n.wav","987","987","#dadada","256","psycho","psycho","psycho","non-restrictive","1","undefined","undefined","1","NA","undefined","NA","undefined","NA","undefined","NA","undefined","NA","NA","undefined","NA","NA","NA","undefined","0","48","48","0","0","0","0","NA","48","48","48","NA","0","NA","NA","48","0","NA","0","NA","0","NA","0","NA","0","NA","NA","NA","0","NA","NA","NA","48","NA","0","48","48","48","48","48","0","48","0","participant_group5.csv","5","NA","NA","NA","Fri Jul 24 14:46:04 2026","NA","The main experiment item","False","VWP_finalSetup_22_7.osexp","C:\Users\plcm\Desktop\2026-EyeTracking\group-eyeconic\OS2\final_recordings_upl","False","mono","False","20","no","#0c0c0c","no","yes","1440","35","36_pos2_nosub.png","36_pos2_sub.png","psycho","48","48","C:/Users/plcm/Desktop/2026-EyeTracking/group-eyeconic/OS2/final_recordings_upl/group 19-24/subject-20.csv","psycho","Neonatal Nightingale","4.1.14","pot","mascara","brush","mirror","0","0","space","space","space","NA","space","NA","NA","space","NA","space","NA","space","NA","space","NA","NA","NA","space","NA","NA","NA","820.7345000118949","2153.256199992029","5714.2072999995435","NA","820.7345000118949","NA","NA","7011.518500003149","NA","3028.0494000035105","NA","2547.864899999695","NA","3987.6211999944644","NA","NA","NA","4291.042600001674","NA","NA","NA","34204.791199998","c","49","2","psycho","The girl will squeeze the mascara","1024","2","24000","-16","experiment","20","even","2","211787.3149000079","632744.2389000062","629588.7545000005","240554.5451000071","5033.499299999676","211792.7675000101","213951.80480000272","NA","625565.0948000111","629588.700200009","625354.6732000104","NA","211787.39379999752","NA","NA","624533.2562999974","NA","NA","219670.5062999972","NA","226686.08090000635","NA","229718.1825000007","NA","232270.42870000878","NA","NA","NA","236262.95230000687","NA","NA","NA","632763.6388000101","NA","39251.38130001142","625548.7820999988","624523.9586000098","624533.1133","629607.9114000022","629565.6158000056","240554.58029999863","625548.3009000018","5045.338000010815","3000","SceneViewing","48","47402.10660005687","48","2560"
"100","100","16_r.wav","983","983","#dadada","256","psycho","psycho","psycho","restrictive","1","undefined","undefined","1","NA","undefined","NA","undefined","NA","undefined","NA","undefined","NA","NA","undefined","NA","NA","NA","undefined","0","49","49","0","0","0","0","NA","49","49","49","NA","0","NA","NA","49","0","NA","0","NA","0","NA","0","NA","0","NA","NA","NA","0","NA","NA","NA","49","NA","0","49","49","49","49","49","0","49","0","participant_group5.csv","5","NA","NA","NA","Fri Jul 24 14:46:04 2026","NA","The main experiment item","False","VWP_finalSetup_22_7.osexp","C:\Users\plcm\Desktop\2026-EyeTracking\group-eyeconic\OS2\final_recordings_upl","False","mono","False","20","no","#0c0c0c","no","yes","1440","16","17_pos3_nosub.png","17_pos3_sub.png","psycho","49","49","C:/Users/plcm/Desktop/2026-EyeTracking/group-eyeconic/OS2/final_recordings_upl/group 19-24/subject-20.csv","psycho","Neonatal Nightingale","4.1.14","backpack","ribbon","dress","lantern","0","0","space","space","space","NA","space","NA","NA","space","NA","space","NA","space","NA","space","NA","NA","NA","space","NA","NA","NA","789.9787000060314","2153.256199992029","5714.2072999995435","NA","789.9787000060314","NA","NA","7011.518500003149","NA","3028.0494000035105","NA","2547.864899999695","NA","3987.6211999944644","NA","NA","NA","4291.042600001674","NA","NA","NA","34204.791199998","c","50","2","psycho","The woman will wear the dress","1024","2","24000","-16","experiment","20","even","3","211787.3149000079","640424.3499000004","637803.407200001","240554.5451000071","5033.499299999676","211792.7675000101","213951.80480000272","NA","633779.3249000097","637803.3122000052","633571.1013999971","NA","211787.39379999752","NA","NA","632780.0094999984","NA","NA","219670.5062999972","NA","226686.08090000635","NA","229718.1825000007","NA","232270.42870000878","NA","NA","NA","236262.95230000687","NA","NA","NA","640443.5727000091","NA","39251.38130001142","633763.050900001","632771.3504999992","632779.9246000068","637823.1753","637779.6001000097","240554.58029999863","633762.4842000077","5045.338000010815","3000","SceneViewing","49","48192.0853000629","49","2560"
