"acc","accuracy","audio_file","average_response_time","avg_rt","background","block_size","canvas_backend","clock_backend","color_backend","condition","correct","correct_experiment_intro","correct_experiment_intro2","correct_new_1_keyboard_response","correct_new_2_keyboard_response","correct_new_2_sketchpad","correct_new_3_keyboard_response","correct_new_3_sketchpad","correct_new_4_keyboard_response","correct_new_4_sketchpad","correct_new_5_keyboard_response","correct_new_5_sketchpad","correct_new_6_keyboard_response","correct_new_7_keyboard_response","correct_new_7_sketchpad","correct_new_8_keyboard_response","correct_new_keyboard_response","correct_new_mouse_response","correct_welcome","count_accuracy_output","count_audio_file_offset","count_audio_file_onset_log","count_definitions","count_experiment","count_experiment_intro","count_experiment_intro2","count_image_delay","count_image_nosub","count_image_sub","count_increment_roundCounter","count_instruction","count_instructions","count_log_instruction","count_new_1_inline_script","count_new_1_keyboard_response","count_new_1_sketchpad","count_new_2_keyboard_response","count_new_2_sketchpad","count_new_3_keyboard_response","count_new_3_sketchpad","count_new_4_keyboard_response","count_new_4_sketchpad","count_new_5_keyboard_response","count_new_5_sketchpad","count_new_6_keyboard_response","count_new_6_sketchpad","count_new_7_keyboard_response","count_new_7_sketchpad","count_new_8_keyboard_response","count_new_inline_script","count_new_keyboard_response","count_new_logger","count_new_mouse_response","count_new_pygaze_init","count_new_pygaze_start_recording","count_new_pygaze_stop_recording","count_new_sketchpad","count_sentence_audio","count_subject_onset_log","count_trial_loop","count_trial_sequence","count_welcome","csv_filepath","csv_id","cursor_roi","cursor_x","cursor_y","datetime","delay_image_delay","description","disable_garbage_collection","experiment_file","experiment_path","font_bold","font_family","font_italic","font_size","font_underline","foreground","form_clicks","fullscreen","height","id","image_nosub","image_sub","keyboard_backend","live_row","live_row_trial_loop","logfile","mouse_backend","opensesame_codename","opensesame_version","position1","position2","position3","position4","psychopy_screen","repeat_cycle","response","response_experiment_intro","response_experiment_intro2","response_instruction","response_new_1_keyboard_response","response_new_1_sketchpad","response_new_2_keyboard_response","response_new_2_sketchpad","response_new_3_keyboard_response","response_new_3_sketchpad","response_new_4_keyboard_response","response_new_4_sketchpad","response_new_5_keyboard_response","response_new_5_sketchpad","response_new_6_keyboard_response","response_new_6_sketchpad","response_new_7_keyboard_response","response_new_7_sketchpad","response_new_8_keyboard_response","response_new_keyboard_response","response_new_mouse_response","response_time","response_time_experiment_intro","response_time_experiment_intro2","response_time_instruction","response_time_new_1_keyboard_response","response_time_new_1_sketchpad","response_time_new_2_keyboard_response","response_time_new_2_sketchpad","response_time_new_3_keyboard_response","response_time_new_3_sketchpad","response_time_new_4_keyboard_response","response_time_new_4_sketchpad","response_time_new_5_keyboard_response","response_time_new_5_sketchpad","response_time_new_6_keyboard_response","response_time_new_6_sketchpad","response_time_new_7_keyboard_response","response_time_new_7_sketchpad","response_time_new_8_keyboard_response","response_time_new_keyboard_response","response_time_new_mouse_response","response_time_welcome","response_welcome","round","round_decimals","sampler_backend","sentence","sound_buf_size","sound_channels","sound_freq","sound_sample_size","start","subject_nr","subject_parity","target_position","time_accuracy_output","time_audio_file_offset","time_audio_file_onset_log","time_definitions","time_experiment","time_experiment_intro","time_experiment_intro2","time_image_delay","time_image_nosub","time_image_sub","time_increment_roundCounter","time_instruction","time_instructions","time_log_instruction","time_new_1_inline_script","time_new_1_keyboard_response","time_new_1_sketchpad","time_new_2_keyboard_response","time_new_2_sketchpad","time_new_3_keyboard_response","time_new_3_sketchpad","time_new_4_keyboard_response","time_new_4_sketchpad","time_new_5_keyboard_response","time_new_5_sketchpad","time_new_6_keyboard_response","time_new_6_sketchpad","time_new_7_keyboard_response","time_new_7_sketchpad","time_new_8_keyboard_response","time_new_inline_script","time_new_keyboard_response","time_new_logger","time_new_mouse_response","time_new_pygaze_init","time_new_pygaze_start_recording","time_new_pygaze_stop_recording","time_new_sketchpad","time_sentence_audio","time_subject_onset_log","time_trial_loop","time_trial_sequence","time_welcome","timeout","title","total_correct","total_response_time","total_responses","width"
"undefined","undefined","10_n.wav","undefined","undefined","#dadada","256","psycho","psycho","psycho","non-restrictive","undefined","undefined","undefined","NA","NA","undefined","NA","undefined","NA","undefined","NA","undefined","NA","NA","undefined","NA","NA","NA","undefined","0","0","0","0","0","0","0","NA","0","0","0","NA","0","NA","NA","0","0","NA","0","NA","0","NA","0","NA","0","NA","NA","NA","0","NA","NA","NA","0","NA","0","0","0","0","0","0","0","0","0","participant_group4.csv","4","NA","NA","NA","Thu Aug  6 20:33:36 2026","NA","The main experiment item","False","VWP_finalSetup_22_7.osexp","C:\Users\plcm\Desktop\2026-EyeTracking\group-eyeconic\OS2\final_recordings_upl","False","mono","False","20","no","#0c0c0c","no","yes","1440","10","11_pos4_nosub.png","11_pos4_sub.png","psycho","0","0","C:\Users\plcm\Desktop\2026-EyeTracking\group-eyeconic\OS2\final_recordings_upl\subject-11.csv","psycho","Neonatal Nightingale","4.1.14","mirror","dog","wastebin","washing-machine","0","0","space","space","space","NA","NA","NA","NA","space","NA","space","NA","space","NA","space","NA","NA","NA","space","NA","NA","NA","4723.698300000251","1450.2938000005088","5146.346400000766","NA","NA","NA","NA","3211.5918999988935","NA","3652.1651999973983","NA","3147.9959999996936","NA","4603.971999997157","NA","NA","NA","4723.698300000251","NA","NA","NA","5666.30190000069","space","1","2","psycho","The man will wipe the washing machine","1024","2","24000","-16","experiment","11","odd","4","116421.66749999888","150315.89650000024","147039.89450000154","142389.26709999942","4823.220199999923","116426.11179999949","117882.03739999881","NA","143009.8994","147039.84420000052","NA","NA","116421.7419000015","NA","NA","NA","NA","NA","123032.87550000096","NA","126248.3968000015","NA","129904.55769999971","NA","133056.53050000183","NA","NA","NA","137664.8251000006","NA","NA","NA","150341.55230000033","NA","10501.56920000154","142627.9687999995","NA","NA","147065.47860000137","147010.24189999953","142389.29370000187","142627.58580000082","4834.109700001136","3000","SceneViewing","0","0","0","2560"
"100","100","32_n.wav","1758","1758","#dadada","256","psycho","psycho","psycho","non-restrictive","1","undefined","undefined","1","NA","undefined","NA","undefined","NA","undefined","NA","undefined","NA","NA","undefined","NA","NA","NA","undefined","0","1","1","0","0","0","0","NA","1","1","1","NA","0","NA","NA","1","0","NA","0","NA","0","NA","0","NA","0","NA","NA","NA","0","NA","NA","NA","1","NA","0","1","1","1","1","1","0","1","0","participant_group4.csv","4","NA","NA","NA","Thu Aug  6 20:33:36 2026","NA","The main experiment item","False","VWP_finalSetup_22_7.osexp","C:\Users\plcm\Desktop\2026-EyeTracking\group-eyeconic\OS2\final_recordings_upl","False","mono","False","20","no","#0c0c0c","no","yes","1440","32","33_pos2_nosub.png","33_pos2_sub.png","psycho","1","1","C:\Users\plcm\Desktop\2026-EyeTracking\group-eyeconic\OS2\final_recordings_upl\subject-11.csv","psycho","Neonatal Nightingale","4.1.14","kettle","beer","mug","biscuit","0","0","space","space","space","NA","space","NA","NA","space","NA","space","NA","space","NA","space","NA","NA","NA","space","NA","NA","NA","1758.8547000013932","1450.2938000005088","5146.346400000766","NA","1758.8547000013932","NA","NA","3211.5918999988935","NA","3652.1651999973983","NA","3147.9959999996936","NA","4603.971999997157","NA","NA","NA","4723.698300000251","NA","NA","NA","5666.30190000069","space","2","2","psycho","The woman will carry the beer","1024","2","24000","-16","experiment","11","odd","2","116421.66749999888","159065.80219999887","156374.91139999838","142389.26709999942","4823.220199999923","116426.11179999949","117882.03739999881","NA","152351.04409999985","156374.85319999905","152133.10439999987","NA","116421.7419000015","NA","NA","150373.67950000043","NA","NA","123032.87550000096","NA","126248.3968000015","NA","129904.55769999971","NA","133056.53050000183","NA","NA","NA","137664.8251000006","NA","NA","NA","159085.66150000115","NA","10501.56920000154","152334.4141000016","150351.1827000002","150373.58270000186","156394.6118999993","156351.59510000085","142389.29370000187","152333.58339999904","4834.109700001136","3000","SceneViewing","1","1758.8547000013932","1","2560"
"100","100","14_n.wav","1573","1573","#dadada","256","psycho","psycho","psycho","non-restrictive","1","undefined","undefined","1","NA","undefined","NA","undefined","NA","undefined","NA","undefined","NA","NA","undefined","NA","NA","NA","undefined","0","2","2","0","0","0","0","NA","2","2","2","NA","0","NA","NA","2","0","NA","0","NA","0","NA","0","NA","0","NA","NA","NA","0","NA","NA","NA","2","NA","0","2","2","2","2","2","0","2","0","participant_group4.csv","4","NA","NA","NA","Thu Aug  6 20:33:36 2026","NA","The main experiment item","False","VWP_finalSetup_22_7.osexp","C:\Users\plcm\Desktop\2026-EyeTracking\group-eyeconic\OS2\final_recordings_upl","False","mono","False","20","no","#0c0c0c","no","yes","1440","14","15_pos4_nosub.png","15_pos4_sub.png","psycho","2","2","C:\Users\plcm\Desktop\2026-EyeTracking\group-eyeconic\OS2\final_recordings_upl\subject-11.csv","psycho","Neonatal Nightingale","4.1.14","bird","ball","hen","dog","0","0","space","space","space","NA","space","NA","NA","space","NA","space","NA","space","NA","space","NA","NA","NA","space","NA","NA","NA","1388.5303000024578","1450.2938000005088","5146.346400000766","NA","1388.5303000024578","NA","NA","3211.5918999988935","NA","3652.1651999973983","NA","3147.9959999996936","NA","4603.971999997157","NA","NA","NA","4723.698300000251","NA","NA","NA","5666.30190000069","space","3","2","psycho","The boy will feed the dog","1024","2","24000","-16","experiment","11","odd","4","116421.66749999888","167235.71660000016","164727.38169999866","142389.26709999942","4823.220199999923","116426.11179999949","117882.03739999881","NA","160704.10020000054","164727.32909999831","160493.05079999976","NA","116421.7419000015","NA","NA","159103.94409999935","NA","NA","123032.87550000096","NA","126248.3968000015","NA","129904.55769999971","NA","133056.53050000183","NA","NA","NA","137664.8251000006","NA","NA","NA","167255.65669999924","NA","10501.56920000154","160689.11519999892","159093.2060999985","159103.79290000128","164746.84269999852","164704.33400000184","142389.29370000187","160688.4957000002","4834.109700001136","3000","SceneViewing","2","3147.385000003851","2","2560"
"100","100","43_r.wav","1647","1647","#dadada","256","psycho","psycho","psycho","restrictive","1","undefined","undefined","1","NA","undefined","NA","undefined","NA","undefined","NA","undefined","NA","NA","undefined","NA","NA","NA","undefined","0","3","3","0","0","0","0","NA","3","3","3","NA","0","NA","NA","3","0","NA","0","NA","0","NA","0","NA","0","NA","NA","NA","0","NA","NA","NA","3","NA","0","3","3","3","3","3","0","3","0","participant_group4.csv","4","NA","NA","NA","Thu Aug  6 20:33:36 2026","NA","The main experiment item","False","VWP_finalSetup_22_7.osexp","C:\Users\plcm\Desktop\2026-EyeTracking\group-eyeconic\OS2\final_recordings_upl","False","mono","False","20","no","#0c0c0c","no","yes","1440","43","44_pos1_nosub.png","44_pos1_sub.png","psycho","3","3","C:\Users\plcm\Desktop\2026-EyeTracking\group-eyeconic\OS2\final_recordings_upl\subject-11.csv","psycho","Neonatal Nightingale","4.1.14","safe","pan","bolt","handle","0","0","space","space","space","NA","space","NA","NA","space","NA","space","NA","space","NA","space","NA","NA","NA","space","NA","NA","NA","1793.9377000002423","1450.2938000005088","5146.346400000766","NA","1793.9377000002423","NA","NA","3211.5918999988935","NA","3652.1651999973983","NA","3147.9959999996936","NA","4603.971999997157","NA","NA","NA","4723.698300000251","NA","NA","NA","5666.30190000069","space","4","2","psycho","The man will lock the safe","1024","2","24000","-16","experiment","11","odd","1","116421.66749999888","175825.77010000023","173304.41380000048","142389.26709999942","4823.220199999923","116426.11179999949","117882.03739999881","NA","169276.5619999991","173304.28369999936","169069.13550000172","NA","116421.7419000015","NA","NA","167274.52130000165","NA","NA","123032.87550000096","NA","126248.3968000015","NA","129904.55769999971","NA","133056.53050000183","NA","NA","NA","137664.8251000006","NA","NA","NA","175845.47530000054","NA","10501.56920000154","169260.72019999992","167264.24490000136","167274.39859999868","173324.2547000009","173277.25700000155","142389.29370000187","169259.77839999905","4834.109700001136","3000","SceneViewing","3","4941.322700004093","3","2560"
"100","100","19_r.wav","1605","1605","#dadada","256","psycho","psycho","psycho","restrictive","1","undefined","undefined","1","NA","undefined","NA","undefined","NA","undefined","NA","undefined","NA","NA","undefined","NA","NA","NA","undefined","0","4","4","0","0","0","0","NA","4","4","4","NA","0","NA","NA","4","0","NA","0","NA","0","NA","0","NA","0","NA","NA","NA","0","NA","NA","NA","4","NA","0","4","4","4","4","4","0","4","0","participant_group4.csv","4","NA","NA","NA","Thu Aug  6 20:33:36 2026","NA","The main experiment item","False","VWP_finalSetup_22_7.osexp","C:\Users\plcm\Desktop\2026-EyeTracking\group-eyeconic\OS2\final_recordings_upl","False","mono","False","20","no","#0c0c0c","no","yes","1440","19","20_pos1_nosub.png","20_pos1_sub.png","psycho","4","4","C:\Users\plcm\Desktop\2026-EyeTracking\group-eyeconic\OS2\final_recordings_upl\subject-11.csv","psycho","Neonatal Nightingale","4.1.14","bread","spoon","spatula","bowl","0","0","space","space","space","NA","space","NA","NA","space","NA","space","NA","space","NA","space","NA","NA","NA","space","NA","NA","NA","1479.5193000027211","1450.2938000005088","5146.346400000766","NA","1479.5193000027211","NA","NA","3211.5918999988935","NA","3652.1651999973983","NA","3147.9959999996936","NA","4603.971999997157","NA","NA","NA","4723.698300000251","NA","NA","NA","5666.30190000069","space","5","2","psycho","The chef will slice the bread","1024","2","24000","-16","experiment","11","odd","1","116421.66749999888","184165.71420000037","181589.57379999993","142389.26709999942","4823.220199999923","116426.11179999949","117882.03739999881","NA","177565.0741999998","181589.43989999898","177357.24200000186","NA","116421.7419000015","NA","NA","175877.06329999855","NA","NA","123032.87550000096","NA","126248.3968000015","NA","129904.55769999971","NA","133056.53050000183","NA","NA","NA","137664.8251000006","NA","NA","NA","184185.4029999995","NA","10501.56920000154","177548.55070000121","175865.87489999874","175876.9465000005","181608.85720000078","181565.4871000006","142389.29370000187","177548.04280000099","4834.109700001136","3000","SceneViewing","4","6420.8420000068145","4","2560"
"100","100","30_n.wav","1650","1650","#dadada","256","psycho","psycho","psycho","non-restrictive","1","undefined","undefined","1","NA","undefined","NA","undefined","NA","undefined","NA","undefined","NA","NA","undefined","NA","NA","NA","undefined","0","5","5","0","0","0","0","NA","5","5","5","NA","0","NA","NA","5","0","NA","0","NA","0","NA","0","NA","0","NA","NA","NA","0","NA","NA","NA","5","NA","0","5","5","5","5","5","0","5","0","participant_group4.csv","4","NA","NA","NA","Thu Aug  6 20:33:36 2026","NA","The main experiment item","False","VWP_finalSetup_22_7.osexp","C:\Users\plcm\Desktop\2026-EyeTracking\group-eyeconic\OS2\final_recordings_upl","False","mono","False","20","no","#0c0c0c","no","yes","1440","30","31_pos4_nosub.png","31_pos4_sub.png","psycho","5","5","C:\Users\plcm\Desktop\2026-EyeTracking\group-eyeconic\OS2\final_recordings_upl\subject-11.csv","psycho","Neonatal Nightingale","4.1.14","cap","watch","headphones","dice","0","0","space","space","space","NA","space","NA","NA","space","NA","space","NA","space","NA","space","NA","NA","NA","space","NA","NA","NA","1833.9783000010357","1450.2938000005088","5146.346400000766","NA","1833.9783000010357","NA","NA","3211.5918999988935","NA","3652.1651999973983","NA","3147.9959999996936","NA","4603.971999997157","NA","NA","NA","4723.698300000251","NA","NA","NA","5666.30190000069","space","6","2","psycho","The girl will grab the dice","1024","2","24000","-16","experiment","11","odd","4","116421.66749999888","192955.55840000088","190274.43190000122","142389.26709999942","4823.220199999923","116426.11179999949","117882.03739999881","NA","186251.53059999866","190274.3620000001","186036.98689999874","NA","116421.7419000015","NA","NA","184202.52400000027","NA","NA","123032.87550000096","NA","126248.3968000015","NA","129904.55769999971","NA","133056.53050000183","NA","NA","NA","137664.8251000006","NA","NA","NA","192975.28189999866","NA","10501.56920000154","186236.1724000002","184193.02700000117","184202.4194000005","190294.15990000052","190251.7712000008","142389.29370000187","186235.31509999884","4834.109700001136","3000","SceneViewing","5","8254.82030000785","5","2560"
"100","100","1_r.wav","1539","1539","#dadada","256","psycho","psycho","psycho","restrictive","1","undefined","undefined","1","NA","undefined","NA","undefined","NA","undefined","NA","undefined","NA","NA","undefined","NA","NA","NA","undefined","0","6","6","0","0","0","0","NA","6","6","6","NA","0","NA","NA","6","0","NA","0","NA","0","NA","0","NA","0","NA","NA","NA","0","NA","NA","NA","6","NA","0","6","6","6","6","6","0","6","0","participant_group4.csv","4","NA","NA","NA","Thu Aug  6 20:33:36 2026","NA","The main experiment item","False","VWP_finalSetup_22_7.osexp","C:\Users\plcm\Desktop\2026-EyeTracking\group-eyeconic\OS2\final_recordings_upl","False","mono","False","20","no","#0c0c0c","no","yes","1440","1","2_pos3_nosub.png","2_pos3_sub.png","psycho","6","6","C:\Users\plcm\Desktop\2026-EyeTracking\group-eyeconic\OS2\final_recordings_upl\subject-11.csv","psycho","Neonatal Nightingale","4.1.14","chair","lipstick","wine","cheese","0","0","space","space","space","NA","space","NA","NA","space","NA","space","NA","space","NA","space","NA","NA","NA","space","NA","NA","NA","982.1838999996544","1450.2938000005088","5146.346400000766","NA","982.1838999996544","NA","NA","3211.5918999988935","NA","3652.1651999973983","NA","3147.9959999996936","NA","4603.971999997157","NA","NA","NA","4723.698300000251","NA","NA","NA","5666.30190000069","space","7","2","psycho","The woman will drink the wine","1024","2","24000","-16","experiment","11","odd","3","116421.66749999888","200895.61030000186","198232.5168999996","142389.26709999942","4823.220199999923","116426.11179999949","117882.03739999881","NA","194209.16790000047","198232.46759999893","193988.95450000055","NA","116421.7419000015","NA","NA","193006.2758999993","NA","NA","123032.87550000096","NA","126248.3968000015","NA","129904.55769999971","NA","133056.53050000183","NA","NA","NA","137664.8251000006","NA","NA","NA","200915.11460000038","NA","10501.56920000154","194194.03089999832","192996.226700001","193006.17630000124","198252.47279999894","198209.30650000082","142389.29370000187","194193.60769999912","4834.109700001136","3000","SceneViewing","6","9237.004200007505","6","2560"
"100","100","22_n.wav","1428","1428","#dadada","256","psycho","psycho","psycho","non-restrictive","1","undefined","undefined","1","NA","undefined","NA","undefined","NA","undefined","NA","undefined","NA","NA","undefined","NA","NA","NA","undefined","0","7","7","0","0","0","0","NA","7","7","7","NA","0","NA","NA","7","0","NA","0","NA","0","NA","0","NA","0","NA","NA","NA","0","NA","NA","NA","7","NA","0","7","7","7","7","7","0","7","0","participant_group4.csv","4","NA","NA","NA","Thu Aug  6 20:33:36 2026","NA","The main experiment item","False","VWP_finalSetup_22_7.osexp","C:\Users\plcm\Desktop\2026-EyeTracking\group-eyeconic\OS2\final_recordings_upl","False","mono","False","20","no","#0c0c0c","no","yes","1440","22","23_pos4_nosub.png","23_pos4_sub.png","psycho","7","7","C:\Users\plcm\Desktop\2026-EyeTracking\group-eyeconic\OS2\final_recordings_upl\subject-11.csv","psycho","Neonatal Nightingale","4.1.14","hook","poster","towel","coat","0","0","space","space","space","NA","space","NA","NA","space","NA","space","NA","space","NA","space","NA","NA","NA","space","NA","NA","NA","759.5828999983496","1450.2938000005088","5146.346400000766","NA","759.5828999983496","NA","NA","3211.5918999988935","NA","3652.1651999973983","NA","3147.9959999996936","NA","4603.971999997157","NA","NA","NA","4723.698300000251","NA","NA","NA","5666.30190000069","space","8","2","psycho","The girl will hang the coat","1024","2","24000","-16","experiment","11","odd","4","116421.66749999888","208425.7147999997","205951.40240000183","142389.26709999942","4823.220199999923","116426.11179999949","117882.03739999881","NA","201927.06700000053","205951.3455999986","201716.97979999954","NA","116421.7419000015","NA","NA","200956.8442000018","NA","NA","123032.87550000096","NA","126248.3968000015","NA","129904.55769999971","NA","133056.53050000183","NA","NA","NA","137664.8251000006","NA","NA","NA","208445.22549999965","NA","10501.56920000154","201911.75999999905","200947.01160000113","200956.75349999874","205970.6068000014","205927.6221","142389.29370000187","201911.24219999983","4834.109700001136","3000","SceneViewing","7","9996.587100005854","7","2560"
"100","100","5_r.wav","1429","1429","#dadada","256","psycho","psycho","psycho","restrictive","1","undefined","undefined","1","NA","undefined","NA","undefined","NA","undefined","NA","undefined","NA","NA","undefined","NA","NA","NA","undefined","0","8","8","0","0","0","0","NA","8","8","8","NA","0","NA","NA","8","0","NA","0","NA","0","NA","0","NA","0","NA","NA","NA","0","NA","NA","NA","8","NA","0","8","8","8","8","8","0","8","0","participant_group4.csv","4","NA","NA","NA","Thu Aug  6 20:33:36 2026","NA","The main experiment item","False","VWP_finalSetup_22_7.osexp","C:\Users\plcm\Desktop\2026-EyeTracking\group-eyeconic\OS2\final_recordings_upl","False","mono","False","20","no","#0c0c0c","no","yes","1440","5","6_pos3_nosub.png","6_pos3_sub.png","psycho","8","8","C:\Users\plcm\Desktop\2026-EyeTracking\group-eyeconic\OS2\final_recordings_upl\subject-11.csv","psycho","Neonatal Nightingale","4.1.14","cactus","moon","mountain","animal","0","0","space","space","space","NA","space","NA","NA","space","NA","space","NA","space","NA","space","NA","NA","NA","space","NA","NA","NA","1437.7370000001974","1450.2938000005088","5146.346400000766","NA","1437.7370000001974","NA","NA","3211.5918999988935","NA","3652.1651999973983","NA","3147.9959999996936","NA","4603.971999997157","NA","NA","NA","4723.698300000251","NA","NA","NA","5666.30190000069","space","9","2","psycho","The hiker will climb the mountain","1024","2","24000","-16","experiment","11","odd","3","116421.66749999888","216915.64279999875","214134.36229999934","142389.26709999942","4823.220199999923","116426.11179999949","117882.03739999881","NA","210110.5095999992","214134.31140000102","209901.1728000005","NA","116421.7419000015","NA","NA","208462.69010000105","NA","NA","123032.87550000096","NA","126248.3968000015","NA","129904.55769999971","NA","133056.53050000183","NA","NA","NA","137664.8251000006","NA","NA","NA","216934.56009999863","NA","10501.56920000154","210096.17330000037","208453.097900001","208462.57269999842","214153.69609999834","214110.83270000017","142389.29370000187","210095.67089999837","4834.109700001136","3000","SceneViewing","8","11434.324100006052","8","2560"
"100","100","29_r.wav","1381","1381","#dadada","256","psycho","psycho","psycho","restrictive","1","undefined","undefined","1","NA","undefined","NA","undefined","NA","undefined","NA","undefined","NA","NA","undefined","NA","NA","NA","undefined","0","9","9","0","0","0","0","NA","9","9","9","NA","0","NA","NA","9","0","NA","0","NA","0","NA","0","NA","0","NA","NA","NA","0","NA","NA","NA","9","NA","0","9","9","9","9","9","0","9","0","participant_group4.csv","4","NA","NA","NA","Thu Aug  6 20:33:36 2026","NA","The main experiment item","False","VWP_finalSetup_22_7.osexp","C:\Users\plcm\Desktop\2026-EyeTracking\group-eyeconic\OS2\final_recordings_upl","False","mono","False","20","no","#0c0c0c","no","yes","1440","29","30_pos3_nosub.png","30_pos3_sub.png","psycho","9","9","C:\Users\plcm\Desktop\2026-EyeTracking\group-eyeconic\OS2\final_recordings_upl\subject-11.csv","psycho","Neonatal Nightingale","4.1.14","eraser","tissue","newspaper","comb","0","0","space","space","space","NA","space","NA","NA","space","NA","space","NA","space","NA","space","NA","NA","NA","space","NA","NA","NA","996.512999998231","1450.2938000005088","5146.346400000766","NA","996.512999998231","NA","NA","3211.5918999988935","NA","3652.1651999973983","NA","3147.9959999996936","NA","4603.971999997157","NA","NA","NA","4723.698300000251","NA","NA","NA","5666.30190000069","space","10","2","psycho","The grandmother will read the newspaper","1024","2","24000","-16","experiment","11","odd","3","116421.66749999888","224935.6114000002","222207.2447999999","142389.26709999942","4823.220199999923","116426.11179999949","117882.03739999881","NA","218181.8502999995","222207.18739999938","217965.0857000015","NA","116421.7419000015","NA","NA","216967.8969000015","NA","NA","123032.87550000096","NA","126248.3968000015","NA","129904.55769999971","NA","133056.53050000183","NA","NA","NA","137664.8251000006","NA","NA","NA","224954.86660000097","NA","10501.56920000154","218166.13860000143","216958.6664999988","216967.8090999987","222226.40840000167","222182.27470000056","142389.29370000187","218165.59549999874","4834.109700001136","3000","SceneViewing","9","12430.837100004283","9","2560"
"100","100","37_r.wav","1367","1367","#dadada","256","psycho","psycho","psycho","restrictive","1","undefined","undefined","1","NA","undefined","NA","undefined","NA","undefined","NA","undefined","NA","NA","undefined","NA","NA","NA","undefined","0","10","10","0","0","0","0","NA","10","10","10","NA","0","NA","NA","10","0","NA","0","NA","0","NA","0","NA","0","NA","NA","NA","0","NA","NA","NA","10","NA","0","10","10","10","10","10","0","10","0","participant_group4.csv","4","NA","NA","NA","Thu Aug  6 20:33:36 2026","NA","The main experiment item","False","VWP_finalSetup_22_7.osexp","C:\Users\plcm\Desktop\2026-EyeTracking\group-eyeconic\OS2\final_recordings_upl","False","mono","False","20","no","#0c0c0c","no","yes","1440","37","38_pos3_nosub.png","38_pos3_sub.png","psycho","10","10","C:\Users\plcm\Desktop\2026-EyeTracking\group-eyeconic\OS2\final_recordings_upl\subject-11.csv","psycho","Neonatal Nightingale","4.1.14","marker","key","banana","mitten","0","0","space","space","space","NA","space","NA","NA","space","NA","space","NA","space","NA","space","NA","NA","NA","space","NA","NA","NA","1242.531500000041","1450.2938000005088","5146.346400000766","NA","1242.531500000041","NA","NA","3211.5918999988935","NA","3652.1651999973983","NA","3147.9959999996936","NA","4603.971999997157","NA","NA","NA","4723.698300000251","NA","NA","NA","5666.30190000069","space","11","2","psycho","The boy will peel the banana","1024","2","24000","-16","experiment","11","odd","3","116421.66749999888","233235.9811999995","230473.6918000017","142389.26709999942","4823.220199999923","116426.11179999949","117882.03739999881","NA","226450.03580000048","230473.62449999855","226229.36919999847","NA","116421.7419000015","NA","NA","224985.95410000053","NA","NA","123032.87550000096","NA","126248.3968000015","NA","129904.55769999971","NA","133056.53050000183","NA","NA","NA","137664.8251000006","NA","NA","NA","233255.19970000096","NA","10501.56920000154","226433.02830000175","224975.3716999985","224985.8529000012","230492.81429999974","230450.32680000077","142389.29370000187","226432.39090000134","4834.109700001136","3000","SceneViewing","10","13673.368600004324","10","2560"
"100","100","23_r.wav","1244","1244","#dadada","256","psycho","psycho","psycho","restrictive","1","undefined","undefined","1","NA","undefined","NA","undefined","NA","undefined","NA","undefined","NA","NA","undefined","NA","NA","NA","undefined","0","11","11","0","0","0","0","NA","11","11","11","NA","0","NA","NA","11","0","NA","0","NA","0","NA","0","NA","0","NA","NA","NA","0","NA","NA","NA","11","NA","0","11","11","11","11","11","0","11","0","participant_group4.csv","4","NA","NA","NA","Thu Aug  6 20:33:36 2026","NA","The main experiment item","False","VWP_finalSetup_22_7.osexp","C:\Users\plcm\Desktop\2026-EyeTracking\group-eyeconic\OS2\final_recordings_upl","False","mono","False","20","no","#0c0c0c","no","yes","1440","23","24_pos1_nosub.png","24_pos1_sub.png","psycho","11","11","C:\Users\plcm\Desktop\2026-EyeTracking\group-eyeconic\OS2\final_recordings_upl\subject-11.csv","psycho","Neonatal Nightingale","4.1.14","scarf","pencil","needle","card","0","0","space","space","space","NA","space","NA","NA","space","NA","space","NA","space","NA","space","NA","NA","NA","space","NA","NA","NA","19.427699997322634","1450.2938000005088","5146.346400000766","NA","19.427699997322634","NA","NA","3211.5918999988935","NA","3652.1651999973983","NA","3147.9959999996936","NA","4603.971999997157","NA","NA","NA","4723.698300000251","NA","NA","NA","5666.30190000069","space","12","2","psycho","The girl will knit the scarf","1024","2","24000","-16","experiment","11","odd","1","116421.66749999888","240065.6138000013","237536.5993000014","142389.26709999942","4823.220199999923","116426.11179999949","117882.03739999881","NA","233511.422399999","237536.51979999995","233301.71400000108","NA","116421.7419000015","NA","NA","233281.17230000134","NA","NA","123032.87550000096","NA","126248.3968000015","NA","129904.55769999971","NA","133056.53050000183","NA","NA","NA","137664.8251000006","NA","NA","NA","240085.00039999853","NA","10501.56920000154","233496.65989999994","233271.14269999947","233281.0720000016","237556.15670000043","237512.03270000042","142389.29370000187","233496.02420000156","4834.109700001136","3000","SceneViewing","11","13692.796300001646","11","2560"
"100","100","41_r.wav","1141","1141","#dadada","256","psycho","psycho","psycho","restrictive","1","undefined","undefined","1","NA","undefined","NA","undefined","NA","undefined","NA","undefined","NA","NA","undefined","NA","NA","NA","undefined","0","12","12","0","0","0","0","NA","12","12","12","NA","0","NA","NA","12","0","NA","0","NA","0","NA","0","NA","0","NA","NA","NA","0","NA","NA","NA","12","NA","0","12","12","12","12","12","0","12","0","participant_group4.csv","4","NA","NA","NA","Thu Aug  6 20:33:36 2026","NA","The main experiment item","False","VWP_finalSetup_22_7.osexp","C:\Users\plcm\Desktop\2026-EyeTracking\group-eyeconic\OS2\final_recordings_upl","False","mono","False","20","no","#0c0c0c","no","yes","1440","41","42_pos3_nosub.png","42_pos3_sub.png","psycho","12","12","C:\Users\plcm\Desktop\2026-EyeTracking\group-eyeconic\OS2\final_recordings_upl\subject-11.csv","psycho","Neonatal Nightingale","4.1.14","cone","shell","orange","stone","0","0","space","space","space","NA","space","NA","NA","space","NA","space","NA","space","NA","space","NA","NA","NA","space","NA","NA","NA","0.7190999967860989","1450.2938000005088","5146.346400000766","NA","0.7190999967860989","NA","NA","3211.5918999988935","NA","3652.1651999973983","NA","3147.9959999996936","NA","4603.971999997157","NA","NA","NA","4723.698300000251","NA","NA","NA","5666.30190000069","space","13","2","psycho","The boy will squeeze the orange","1024","2","24000","-16","experiment","11","odd","3","116421.66749999888","247275.57539999907","244369.46850000095","142389.26709999942","4823.220199999923","116426.11179999949","117882.03739999881","NA","240345.30509999968","244369.41680000018","240116.95260000124","NA","116421.7419000015","NA","NA","240115.69900000177","NA","NA","123032.87550000096","NA","126248.3968000015","NA","129904.55769999971","NA","133056.53050000183","NA","NA","NA","137664.8251000006","NA","NA","NA","247295.16339999827","NA","10501.56920000154","240321.97860000088","240105.918199999","240115.58570000125","244389.054700001","244346.1481000013","142389.29370000187","240320.80459999997","4834.109700001136","3000","SceneViewing","12","13693.515399998432","12","2560"
"100","100","2_n.wav","1069","1069","#dadada","256","psycho","psycho","psycho","non-restrictive","1","undefined","undefined","1","NA","undefined","NA","undefined","NA","undefined","NA","undefined","NA","NA","undefined","NA","NA","NA","undefined","0","13","13","0","0","0","0","NA","13","13","13","NA","0","NA","NA","13","0","NA","0","NA","0","NA","0","NA","0","NA","NA","NA","0","NA","NA","NA","13","NA","0","13","13","13","13","13","0","13","0","participant_group4.csv","4","NA","NA","NA","Thu Aug  6 20:33:36 2026","NA","The main experiment item","False","VWP_finalSetup_22_7.osexp","C:\Users\plcm\Desktop\2026-EyeTracking\group-eyeconic\OS2\final_recordings_upl","False","mono","False","20","no","#0c0c0c","no","yes","1440","2","3_pos4_nosub.png","3_pos4_sub.png","psycho","13","13","C:\Users\plcm\Desktop\2026-EyeTracking\group-eyeconic\OS2\final_recordings_upl\subject-11.csv","psycho","Neonatal Nightingale","4.1.14","car","houses","dustbin","man","0","0","space","space","space","NA","space","NA","NA","space","NA","space","NA","space","NA","space","NA","NA","NA","space","NA","NA","NA","208.04560000033234","1450.2938000005088","5146.346400000766","NA","208.04560000033234","NA","NA","3211.5918999988935","NA","3652.1651999973983","NA","3147.9959999996936","NA","4603.971999997157","NA","NA","NA","4723.698300000251","NA","NA","NA","5666.30190000069","space","14","2","psycho","The policeman will search the man","1024","2","24000","-16","experiment","11","odd","4","116421.66749999888","254745.80190000052","251761.06810000056","142389.26709999942","4823.220199999923","116426.11179999949","117882.03739999881","NA","247736.83170000004","251761.0186999991","247525.1844000013","NA","116421.7419000015","NA","NA","247316.40980000157","NA","NA","123032.87550000096","NA","126248.3968000015","NA","129904.55769999971","NA","133056.53050000183","NA","NA","NA","137664.8251000006","NA","NA","NA","254765.21760000105","NA","10501.56920000154","247722.45119999934","247303.65750000055","247316.15109999984","251779.95100000044","251737.52329999843","142389.29370000187","247721.8283000002","4834.109700001136","3000","SceneViewing","13","13901.560999998765","13","2560"
"100","100","40_n.wav","1086","1086","#dadada","256","psycho","psycho","psycho","non-restrictive","1","undefined","undefined","1","NA","undefined","NA","undefined","NA","undefined","NA","undefined","NA","NA","undefined","NA","NA","NA","undefined","0","14","14","0","0","0","0","NA","14","14","14","NA","0","NA","NA","14","0","NA","0","NA","0","NA","0","NA","0","NA","NA","NA","0","NA","NA","NA","14","NA","0","14","14","14","14","14","0","14","0","participant_group4.csv","4","NA","NA","NA","Thu Aug  6 20:33:36 2026","NA","The main experiment item","False","VWP_finalSetup_22_7.osexp","C:\Users\plcm\Desktop\2026-EyeTracking\group-eyeconic\OS2\final_recordings_upl","False","mono","False","20","no","#0c0c0c","no","yes","1440","40","41_pos2_nosub.png","41_pos2_sub.png","psycho","14","14","C:\Users\plcm\Desktop\2026-EyeTracking\group-eyeconic\OS2\final_recordings_upl\subject-11.csv","psycho","Neonatal Nightingale","4.1.14","iron","blouse","pin","toothbrish","0","0","space","space","space","NA","space","NA","NA","space","NA","space","NA","space","NA","space","NA","NA","NA","space","NA","NA","NA","1302.7715999996872","1450.2938000005088","5146.346400000766","NA","1302.7715999996872","NA","NA","3211.5918999988935","NA","3652.1651999973983","NA","3147.9959999996936","NA","4603.971999997157","NA","NA","NA","4723.698300000251","NA","NA","NA","5666.30190000069","space","15","2","psycho","The girl will hold the blouse","1024","2","24000","-16","experiment","11","odd","2","116421.66749999888","262975.6288999997","260330.2947000011","142389.26709999942","4823.220199999923","116426.11179999949","117882.03739999881","NA","256303.72400000124","260330.17019999897","256085.37670000078","NA","116421.7419000015","NA","NA","254781.69939999862","NA","NA","123032.87550000096","NA","126248.3968000015","NA","129904.55769999971","NA","133056.53050000183","NA","NA","NA","137664.8251000006","NA","NA","NA","262994.87809999846","NA","10501.56920000154","256282.78940000018","254772.82919999925","254781.61159999945","260349.88240000166","260304.14759999985","142389.29370000187","256282.3185999987","4834.109700001136","3000","SceneViewing","14","15204.332599998452","14","2560"
"100","100","16_n.wav","1033","1033","#dadada","256","psycho","psycho","psycho","non-restrictive","1","undefined","undefined","1","NA","undefined","NA","undefined","NA","undefined","NA","undefined","NA","NA","undefined","NA","NA","NA","undefined","0","15","15","0","0","0","0","NA","15","15","15","NA","0","NA","NA","15","0","NA","0","NA","0","NA","0","NA","0","NA","NA","NA","0","NA","NA","NA","15","NA","0","15","15","15","15","15","0","15","0","participant_group4.csv","4","NA","NA","NA","Thu Aug  6 20:33:36 2026","NA","The main experiment item","False","VWP_finalSetup_22_7.osexp","C:\Users\plcm\Desktop\2026-EyeTracking\group-eyeconic\OS2\final_recordings_upl","False","mono","False","20","no","#0c0c0c","no","yes","1440","16","17_pos2_nosub.png","17_pos2_sub.png","psycho","15","15","C:\Users\plcm\Desktop\2026-EyeTracking\group-eyeconic\OS2\final_recordings_upl\subject-11.csv","psycho","Neonatal Nightingale","4.1.14","ribbon","dress","lantern","backpack","0","0","space","space","space","NA","space","NA","NA","space","NA","space","NA","space","NA","space","NA","NA","NA","space","NA","NA","NA","304.20269999746233","1450.2938000005088","5146.346400000766","NA","304.20269999746233","NA","NA","3211.5918999988935","NA","3652.1651999973983","NA","3147.9959999996936","NA","4603.971999997157","NA","NA","NA","4723.698300000251","NA","NA","NA","5666.30190000069","space","16","2","psycho","The woman will  carry the dress","1024","2","24000","-16","experiment","11","odd","2","116421.66749999888","270295.8340000005","267562.0817999989","142389.26709999942","4823.220199999923","116426.11179999949","117882.03739999881","NA","263535.65650000016","267561.9856000012","263333.19800000027","NA","116421.7419000015","NA","NA","263028.3583000018","NA","NA","123032.87550000096","NA","126248.3968000015","NA","129904.55769999971","NA","133056.53050000183","NA","NA","NA","137664.8251000006","NA","NA","NA","270315.30890000064","NA","10501.56920000154","263521.57200000144","263018.41219999915","263028.25310000114","267581.29460000055","267536.15490000084","142389.29370000187","263520.8466000004","4834.109700001136","3000","SceneViewing","15","15508.535299995914","15","2560"
"100","100","9_r.wav","1023","1023","#dadada","256","psycho","psycho","psycho","restrictive","1","undefined","undefined","1","NA","undefined","NA","undefined","NA","undefined","NA","undefined","NA","NA","undefined","NA","NA","NA","undefined","0","16","16","0","0","0","0","NA","16","16","16","NA","0","NA","NA","16","0","NA","0","NA","0","NA","0","NA","0","NA","NA","NA","0","NA","NA","NA","16","NA","0","16","16","16","16","16","0","16","0","participant_group4.csv","4","NA","NA","NA","Thu Aug  6 20:33:36 2026","NA","The main experiment item","False","VWP_finalSetup_22_7.osexp","C:\Users\plcm\Desktop\2026-EyeTracking\group-eyeconic\OS2\final_recordings_upl","False","mono","False","20","no","#0c0c0c","no","yes","1440","9","10_pos3_nosub.png","10_pos3_sub.png","psycho","16","16","C:\Users\plcm\Desktop\2026-EyeTracking\group-eyeconic\OS2\final_recordings_upl\subject-11.csv","psycho","Neonatal Nightingale","4.1.14","cup","bag","book","door","0","0","space","space","space","NA","space","NA","NA","space","NA","space","NA","space","NA","space","NA","NA","NA","space","NA","NA","NA","864.5247000022791","1450.2938000005088","5146.346400000766","NA","864.5247000022791","NA","NA","3211.5918999988935","NA","3652.1651999973983","NA","3147.9959999996936","NA","4603.971999997157","NA","NA","NA","4723.698300000251","NA","NA","NA","5666.30190000069","space","17","2","psycho","The woman will read the book","1024","2","24000","-16","experiment","11","odd","3","116421.66749999888","277865.6513999995","275458.602499999","142389.26709999942","4823.220199999923","116426.11179999949","117882.03739999881","NA","271433.70800000045","275458.54060000053","271213.26390000107","NA","116421.7419000015","NA","NA","270347.89459999953","NA","NA","123032.87550000096","NA","126248.3968000015","NA","129904.55769999971","NA","133056.53050000183","NA","NA","NA","137664.8251000006","NA","NA","NA","277885.4924000007","NA","10501.56920000154","271419.28679999907","270337.8712000012","270347.79759999947","275478.2457000001","275434.05480000004","142389.29370000187","271418.86140000133","4834.109700001136","3000","SceneViewing","16","16373.059999998193","16","2560"
"100","100","3_r.wav","1218","1218","#dadada","256","psycho","psycho","psycho","restrictive","1","undefined","undefined","1","NA","undefined","NA","undefined","NA","undefined","NA","undefined","NA","NA","undefined","NA","NA","NA","undefined","0","17","17","0","0","0","0","NA","17","17","17","NA","0","NA","NA","17","0","NA","0","NA","0","NA","0","NA","0","NA","NA","NA","0","NA","NA","NA","17","NA","0","17","17","17","17","17","0","17","0","participant_group4.csv","4","NA","NA","NA","Thu Aug  6 20:33:36 2026","NA","The main experiment item","False","VWP_finalSetup_22_7.osexp","C:\Users\plcm\Desktop\2026-EyeTracking\group-eyeconic\OS2\final_recordings_upl","False","mono","False","20","no","#0c0c0c","no","yes","1440","3","4_pos1_nosub.png","4_pos1_sub.png","psycho","17","17","C:\Users\plcm\Desktop\2026-EyeTracking\group-eyeconic\OS2\final_recordings_upl\subject-11.csv","psycho","Neonatal Nightingale","4.1.14","baby","plant","stool","rocking-horse","0","0","space","space","space","NA","space","NA","NA","space","NA","space","NA","space","NA","space","NA","NA","NA","space","NA","NA","NA","4340.8650000019115","1450.2938000005088","5146.346400000766","NA","4340.8650000019115","NA","NA","3211.5918999988935","NA","3652.1651999973983","NA","3147.9959999996936","NA","4603.971999997157","NA","NA","NA","4723.698300000251","NA","NA","NA","5666.30190000069","space","18","2","psycho","The woman will bathe the baby","1024","2","24000","-16","experiment","11","odd","1","116421.66749999888","289365.68439999974","286495.7046000018","142389.26709999942","4823.220199999923","116426.11179999949","117882.03739999881","NA","282471.5872000015","286495.6467000011","282245.1346999988","NA","116421.7419000015","NA","NA","277903.5695999992","NA","NA","123032.87550000096","NA","126248.3968000015","NA","129904.55769999971","NA","133056.53050000183","NA","NA","NA","137664.8251000006","NA","NA","NA","289384.3703999992","NA","10501.56920000154","282455.67410000146","277893.06809999835","277903.35219999903","286514.83340000047","286472.2269999984","142389.29370000187","282454.7090000014","4834.109700001136","3000","SceneViewing","17","20713.925000000105","17","2560"
"100","100","6_n.wav","1191","1191","#dadada","256","psycho","psycho","psycho","non-restrictive","1","undefined","undefined","1","NA","undefined","NA","undefined","NA","undefined","NA","undefined","NA","NA","undefined","NA","NA","NA","undefined","0","18","18","0","0","0","0","NA","18","18","18","NA","0","NA","NA","18","0","NA","0","NA","0","NA","0","NA","0","NA","NA","NA","0","NA","NA","NA","18","NA","0","18","18","18","18","18","0","18","0","participant_group4.csv","4","NA","NA","NA","Thu Aug  6 20:33:36 2026","NA","The main experiment item","False","VWP_finalSetup_22_7.osexp","C:\Users\plcm\Desktop\2026-EyeTracking\group-eyeconic\OS2\final_recordings_upl","False","mono","False","20","no","#0c0c0c","no","yes","1440","6","7_pos4_nosub.png","7_pos4_sub.png","psycho","18","18","C:\Users\plcm\Desktop\2026-EyeTracking\group-eyeconic\OS2\final_recordings_upl\subject-11.csv","psycho","Neonatal Nightingale","4.1.14","knife","weighing-scales","jug","mushrooms","0","0","space","space","space","NA","space","NA","NA","space","NA","space","NA","space","NA","space","NA","NA","NA","space","NA","NA","NA","738.8637000003946","1450.2938000005088","5146.346400000766","NA","738.8637000003946","NA","NA","3211.5918999988935","NA","3652.1651999973983","NA","3147.9959999996936","NA","4603.971999997157","NA","NA","NA","4723.698300000251","NA","NA","NA","5666.30190000069","space","19","2","psycho","The housewife will  wash the mushrooms","1024","2","24000","-16","experiment","11","odd","4","116421.66749999888","297705.6794000018","294379.810800001","142389.26709999942","4823.220199999923","116426.11179999949","117882.03739999881","NA","290356.02429999923","294379.7373999987","290141.07720000175","NA","116421.7419000015","NA","NA","289401.5728000013","NA","NA","123032.87550000096","NA","126248.3968000015","NA","129904.55769999971","NA","133056.53050000183","NA","NA","NA","137664.8251000006","NA","NA","NA","297725.82160000096","NA","10501.56920000154","290338.1633999997","289391.5779000017","289401.40619999875","294398.80469999847","294356.19869999937","142389.29370000187","290337.1369000015","4834.109700001136","3000","SceneViewing","18","21452.7887000005","18","2560"
"100","100","21_r.wav","1177","1177","#dadada","256","psycho","psycho","psycho","restrictive","1","undefined","undefined","1","NA","undefined","NA","undefined","NA","undefined","NA","undefined","NA","NA","undefined","NA","NA","NA","undefined","0","19","19","0","0","0","0","NA","19","19","19","NA","0","NA","NA","19","0","NA","0","NA","0","NA","0","NA","0","NA","NA","NA","0","NA","NA","NA","19","NA","0","19","19","19","19","19","0","19","0","participant_group4.csv","4","NA","NA","NA","Thu Aug  6 20:33:36 2026","NA","The main experiment item","False","VWP_finalSetup_22_7.osexp","C:\Users\plcm\Desktop\2026-EyeTracking\group-eyeconic\OS2\final_recordings_upl","False","mono","False","20","no","#0c0c0c","no","yes","1440","21","22_pos3_nosub.png","22_pos3_sub.png","psycho","19","19","C:\Users\plcm\Desktop\2026-EyeTracking\group-eyeconic\OS2\final_recordings_upl\subject-11.csv","psycho","Neonatal Nightingale","4.1.14","vase","cushion","flower","magazine","0","0","space","space","space","NA","space","NA","NA","space","NA","space","NA","space","NA","space","NA","NA","NA","space","NA","NA","NA","920.278800000262","1450.2938000005088","5146.346400000766","NA","920.278800000262","NA","NA","3211.5918999988935","NA","3652.1651999973983","NA","3147.9959999996936","NA","4603.971999997157","NA","NA","NA","4723.698300000251","NA","NA","NA","5666.30190000069","space","20","2","psycho","The woman will water the flower","1024","2","24000","-16","experiment","11","odd","3","116421.66749999888","305815.62549999944","302911.2677000012","142389.26709999942","4823.220199999923","116426.11179999949","117882.03739999881","NA","298887.2902000003","302911.2138000019","298676.9859000015","NA","116421.7419000015","NA","NA","297756.1373999997","NA","NA","123032.87550000096","NA","126248.3968000015","NA","129904.55769999971","NA","133056.53050000183","NA","NA","NA","137664.8251000006","NA","NA","NA","305834.6879000019","NA","10501.56920000154","298871.4379000012","297746.77489999885","297756.04899999965","302930.4035999994","302887.96050000016","142389.29370000187","298870.7413000011","4834.109700001136","3000","SceneViewing","19","22373.06750000076","19","2560"
"100","100","27_r.wav","1119","1119","#dadada","256","psycho","psycho","psycho","restrictive","1","undefined","undefined","1","NA","undefined","NA","undefined","NA","undefined","NA","undefined","NA","NA","undefined","NA","NA","NA","undefined","0","20","20","0","0","0","0","NA","20","20","20","NA","0","NA","NA","20","0","NA","0","NA","0","NA","0","NA","0","NA","NA","NA","0","NA","NA","NA","20","NA","0","20","20","20","20","20","0","20","0","participant_group4.csv","4","NA","NA","NA","Thu Aug  6 20:33:36 2026","NA","The main experiment item","False","VWP_finalSetup_22_7.osexp","C:\Users\plcm\Desktop\2026-EyeTracking\group-eyeconic\OS2\final_recordings_upl","False","mono","False","20","no","#0c0c0c","no","yes","1440","27","28_pos1_nosub.png","28_pos1_sub.png","psycho","20","20","C:\Users\plcm\Desktop\2026-EyeTracking\group-eyeconic\OS2\final_recordings_upl\subject-11.csv","psycho","Neonatal Nightingale","4.1.14","lamp","switch","frame","picture","0","0","space","space","space","NA","space","NA","NA","space","NA","space","NA","space","NA","space","NA","NA","NA","space","NA","NA","NA","17.01139999931911","1450.2938000005088","5146.346400000766","NA","17.01139999931911","NA","NA","3211.5918999988935","NA","3652.1651999973983","NA","3147.9959999996936","NA","4603.971999997157","NA","NA","NA","4723.698300000251","NA","NA","NA","5666.30190000069","space","21","2","psycho","The boy will dim the lamp","1024","2","24000","-16","experiment","11","odd","1","116421.66749999888","312465.59960000013","310109.22950000165","142389.26709999942","4823.220199999923","116426.11179999949","117882.03739999881","NA","306085.1470999987","310109.1525000011","305869.3457000009","NA","116421.7419000015","NA","NA","305851.46019999956","NA","NA","123032.87550000096","NA","126248.3968000015","NA","129904.55769999971","NA","133056.53050000183","NA","NA","NA","137664.8251000006","NA","NA","NA","312484.69839999964","NA","10501.56920000154","306070.12770000077","305842.32840000186","305851.3705000005","310128.5683999995","310085.713299999","142389.29370000187","306069.5650000016","4834.109700001136","3000","SceneViewing","20","22390.07890000008","20","2560"
"100","100","26_n.wav","1164","1164","#dadada","256","psycho","psycho","psycho","non-restrictive","1","undefined","undefined","1","NA","undefined","NA","undefined","NA","undefined","NA","undefined","NA","NA","undefined","NA","NA","NA","undefined","0","21","21","0","0","0","0","NA","21","21","21","NA","0","NA","NA","21","0","NA","0","NA","0","NA","0","NA","0","NA","NA","NA","0","NA","NA","NA","21","NA","0","21","21","21","21","21","0","21","0","participant_group4.csv","4","NA","NA","NA","Thu Aug  6 20:33:36 2026","NA","The main experiment item","False","VWP_finalSetup_22_7.osexp","C:\Users\plcm\Desktop\2026-EyeTracking\group-eyeconic\OS2\final_recordings_upl","False","mono","False","20","no","#0c0c0c","no","yes","1440","26","27_pos4_nosub.png","27_pos4_sub.png","psycho","21","21","C:\Users\plcm\Desktop\2026-EyeTracking\group-eyeconic\OS2\final_recordings_upl\subject-11.csv","psycho","Neonatal Nightingale","4.1.14","package","coin","coaster","candle","0","0","space","space","space","NA","space","NA","NA","space","NA","space","NA","space","NA","space","NA","NA","NA","space","NA","NA","NA","2064.753499998944","1450.2938000005088","5146.346400000766","NA","2064.753499998944","NA","NA","3211.5918999988935","NA","3652.1651999973983","NA","3147.9959999996936","NA","4603.971999997157","NA","NA","NA","4723.698300000251","NA","NA","NA","5666.30190000069","space","22","2","psycho","The woman will blow grab the candle","1024","2","24000","-16","experiment","11","odd","4","116421.66749999888","321645.8721999988","318809.6880000012","142389.26709999942","4823.220199999923","116426.11179999949","117882.03739999881","NA","314784.18199999945","318809.6332999994","314573.16160000116","NA","116421.7419000015","NA","NA","312507.6502000011","NA","NA","123032.87550000096","NA","126248.3968000015","NA","129904.55769999971","NA","133056.53050000183","NA","NA","NA","137664.8251000006","NA","NA","NA","321665.2095999998","NA","10501.56920000154","314766.5976999997","312497.90299999947","312507.56009999895","318828.9270999994","318784.46370000165","142389.29370000187","314766.18489999964","4834.109700001136","3000","SceneViewing","21","24454.832399999024","21","2560"
"100","100","44_n.wav","1122","1122","#dadada","256","psycho","psycho","psycho","non-restrictive","1","undefined","undefined","1","NA","undefined","NA","undefined","NA","undefined","NA","undefined","NA","NA","undefined","NA","NA","NA","undefined","0","22","22","0","0","0","0","NA","22","22","22","NA","0","NA","NA","22","0","NA","0","NA","0","NA","0","NA","0","NA","NA","NA","0","NA","NA","NA","22","NA","0","22","22","22","22","22","0","22","0","participant_group4.csv","4","NA","NA","NA","Thu Aug  6 20:33:36 2026","NA","The main experiment item","False","VWP_finalSetup_22_7.osexp","C:\Users\plcm\Desktop\2026-EyeTracking\group-eyeconic\OS2\final_recordings_upl","False","mono","False","20","no","#0c0c0c","no","yes","1440","44","45_pos2_nosub.png","45_pos2_sub.png","psycho","22","22","C:\Users\plcm\Desktop\2026-EyeTracking\group-eyeconic\OS2\final_recordings_upl\subject-11.csv","psycho","Neonatal Nightingale","4.1.14","hammer","dough","glass","ladle","0","0","space","space","space","NA","space","NA","NA","space","NA","space","NA","space","NA","space","NA","NA","NA","space","NA","NA","NA","232.90590000036173","1450.2938000005088","5146.346400000766","NA","232.90590000036173","NA","NA","3211.5918999988935","NA","3652.1651999973983","NA","3147.9959999996936","NA","4603.971999997157","NA","NA","NA","4723.698300000251","NA","NA","NA","5666.30190000069","space","23","2","psycho","The baker will inspect the dough","1024","2","24000","-16","experiment","11","odd","2","116421.66749999888","329065.6239999989","326150.5662999989","142389.26709999942","4823.220199999923","116426.11179999949","117882.03739999881","NA","322125.9637000003","326150.50680000056","321917.0446999997","NA","116421.7419000015","NA","NA","321683.5204999988","NA","NA","123032.87550000096","NA","126248.3968000015","NA","129904.55769999971","NA","133056.53050000183","NA","NA","NA","137664.8251000006","NA","NA","NA","329085.0715999986","NA","10501.56920000154","322109.9627000003","321673.5289999997","321683.42180000036","326170.37509999867","326126.4416999984","142389.29370000187","322109.3722000005","4834.109700001136","3000","SceneViewing","22","24687.738299999386","22","2560"
"100","100","24_n.wav","1091","1091","#dadada","256","psycho","psycho","psycho","non-restrictive","1","undefined","undefined","1","NA","undefined","NA","undefined","NA","undefined","NA","undefined","NA","NA","undefined","NA","NA","NA","undefined","0","23","23","0","0","0","0","NA","23","23","23","NA","0","NA","NA","23","0","NA","0","NA","0","NA","0","NA","0","NA","NA","NA","0","NA","NA","NA","23","NA","0","23","23","23","23","23","0","23","0","participant_group4.csv","4","NA","NA","NA","Thu Aug  6 20:33:36 2026","NA","The main experiment item","False","VWP_finalSetup_22_7.osexp","C:\Users\plcm\Desktop\2026-EyeTracking\group-eyeconic\OS2\final_recordings_upl","False","mono","False","20","no","#0c0c0c","no","yes","1440","24","25_pos2_nosub.png","25_pos2_sub.png","psycho","23","23","C:\Users\plcm\Desktop\2026-EyeTracking\group-eyeconic\OS2\final_recordings_upl\subject-11.csv","psycho","Neonatal Nightingale","4.1.14","glass","rabbit","plate","potato","0","0","space","space","space","NA","space","NA","NA","space","NA","space","NA","space","NA","space","NA","NA","NA","space","NA","NA","NA","406.7216000003391","1450.2938000005088","5146.346400000766","NA","406.7216000003391","NA","NA","3211.5918999988935","NA","3652.1651999973983","NA","3147.9959999996936","NA","4603.971999997157","NA","NA","NA","4723.698300000251","NA","NA","NA","5666.30190000069","space","24","2","psycho","The girl will lift the rabbit","1024","2","24000","-16","experiment","11","odd","2","116421.66749999888","336465.73079999874","333738.3962999993","142389.26709999942","4823.220199999923","116426.11179999949","117882.03739999881","NA","329714.0604000015","333738.3210000007","329509.40640000044","NA","116421.7419000015","NA","NA","329101.7415999995","NA","NA","123032.87550000096","NA","126248.3968000015","NA","129904.55769999971","NA","133056.53050000183","NA","NA","NA","137664.8251000006","NA","NA","NA","336484.55000000104","NA","10501.56920000154","329698.1100999983","329092.7001999989","329101.654099999","333758.1745999996","333714.44319999864","142389.29370000187","329697.3281999999","4834.109700001136","3000","SceneViewing","23","25094.459899999725","23","2560"
"100","100","20_n.wav","1097","1097","#dadada","256","psycho","psycho","psycho","non-restrictive","1","undefined","undefined","1","NA","undefined","NA","undefined","NA","undefined","NA","undefined","NA","NA","undefined","NA","NA","NA","undefined","0","24","24","0","0","0","0","NA","24","24","24","NA","0","NA","NA","24","0","NA","0","NA","0","NA","0","NA","0","NA","NA","NA","0","NA","NA","NA","24","NA","0","24","24","24","24","24","0","24","0","participant_group4.csv","4","NA","NA","NA","Thu Aug  6 20:33:36 2026","NA","The main experiment item","False","VWP_finalSetup_22_7.osexp","C:\Users\plcm\Desktop\2026-EyeTracking\group-eyeconic\OS2\final_recordings_upl","False","mono","False","20","no","#0c0c0c","no","yes","1440","20","21_pos2_nosub.png","21_pos2_sub.png","psycho","24","24","C:\Users\plcm\Desktop\2026-EyeTracking\group-eyeconic\OS2\final_recordings_upl\subject-11.csv","psycho","Neonatal Nightingale","4.1.14","cup","kitten","block","crayon","0","0","space","space","space","NA","space","NA","NA","space","NA","space","NA","space","NA","space","NA","NA","NA","space","NA","NA","NA","1239.2800000015995","1450.2938000005088","5146.346400000766","NA","1239.2800000015995","NA","NA","3211.5918999988935","NA","3652.1651999973983","NA","3147.9959999996936","NA","4603.971999997157","NA","NA","NA","4723.698300000251","NA","NA","NA","5666.30190000069","space","25","2","psycho","The baby will grab the kitten","1024","2","24000","-16","experiment","11","odd","2","116421.66749999888","344875.84929999866","341981.8421000018","142389.26709999942","4823.220199999923","116426.11179999949","117882.03739999881","NA","337958.31520000135","341981.79789999995","337741.0811000009","NA","116421.7419000015","NA","NA","336501.11209999886","NA","NA","123032.87550000096","NA","126248.3968000015","NA","129904.55769999971","NA","133056.53050000183","NA","NA","NA","137664.8251000006","NA","NA","NA","344895.4197999992","NA","10501.56920000154","337943.8121999992","336491.84500000044","336501.00480000034","342001.2123000015","341958.6356","142389.29370000187","337943.20489999885","4834.109700001136","3000","SceneViewing","24","26333.739900001325","24","2560"
"100","100","17_r.wav","1097","1097","#dadada","256","psycho","psycho","psycho","restrictive","1","undefined","undefined","1","NA","undefined","NA","undefined","NA","undefined","NA","undefined","NA","NA","undefined","NA","NA","NA","undefined","0","25","25","0","0","0","0","NA","25","25","25","NA","0","NA","NA","25","0","NA","0","NA","0","NA","0","NA","0","NA","NA","NA","0","NA","NA","NA","25","NA","0","25","25","25","25","25","0","25","0","participant_group4.csv","4","NA","NA","NA","Thu Aug  6 20:33:36 2026","NA","The main experiment item","False","VWP_finalSetup_22_7.osexp","C:\Users\plcm\Desktop\2026-EyeTracking\group-eyeconic\OS2\final_recordings_upl","False","mono","False","20","no","#0c0c0c","no","yes","1440","17","18_pos3_nosub.png","18_pos3_sub.png","psycho","25","25","C:\Users\plcm\Desktop\2026-EyeTracking\group-eyeconic\OS2\final_recordings_upl\subject-11.csv","psycho","Neonatal Nightingale","4.1.14","stone","rope","wood","bucket","0","0","space","space","space","NA","space","NA","NA","space","NA","space","NA","space","NA","space","NA","NA","NA","space","NA","NA","NA","1115.9251999997068","1450.2938000005088","5146.346400000766","NA","1115.9251999997068","NA","NA","3211.5918999988935","NA","3652.1651999973983","NA","3147.9959999996936","NA","4603.971999997157","NA","NA","NA","4723.698300000251","NA","NA","NA","5666.30190000069","space","26","2","psycho","The man will chop the wood","1024","2","24000","-16","experiment","11","odd","3","116421.66749999888","352725.74330000137","350258.92219999875","142389.26709999942","4823.220199999923","116426.11179999949","117882.03739999881","NA","346235.7082999988","350258.8729000017","346029.44489999936","NA","116421.7419000015","NA","NA","344912.5744000012","NA","NA","123032.87550000096","NA","126248.3968000015","NA","129904.55769999971","NA","133056.53050000183","NA","NA","NA","137664.8251000006","NA","NA","NA","352745.25609999907","NA","10501.56920000154","346219.90290000034","344903.1811999994","344912.4884000012","350278.51029999874","350235.8547000004","142389.29370000187","346219.305300001","4834.109700001136","3000","SceneViewing","25","27449.66510000103","25","2560"
"100","100","8_n.wav","1057","1057","#dadada","256","psycho","psycho","psycho","non-restrictive","1","undefined","undefined","1","NA","undefined","NA","undefined","NA","undefined","NA","undefined","NA","NA","undefined","NA","NA","NA","undefined","0","26","26","0","0","0","0","NA","26","26","26","NA","0","NA","NA","26","0","NA","0","NA","0","NA","0","NA","0","NA","NA","NA","0","NA","NA","NA","26","NA","0","26","26","26","26","26","0","26","0","participant_group4.csv","4","NA","NA","NA","Thu Aug  6 20:33:36 2026","NA","The main experiment item","False","VWP_finalSetup_22_7.osexp","C:\Users\plcm\Desktop\2026-EyeTracking\group-eyeconic\OS2\final_recordings_upl","False","mono","False","20","no","#0c0c0c","no","yes","1440","8","9_pos2_nosub.png","9_pos2_sub.png","psycho","26","26","C:\Users\plcm\Desktop\2026-EyeTracking\group-eyeconic\OS2\final_recordings_upl\subject-11.csv","psycho","Neonatal Nightingale","4.1.14","television","piano","table","telephone","0","0","space","space","space","NA","space","NA","NA","space","NA","space","NA","space","NA","space","NA","NA","NA","space","NA","NA","NA","53.05890000087675","1450.2938000005088","5146.346400000766","NA","53.05890000087675","NA","NA","3211.5918999988935","NA","3652.1651999973983","NA","3147.9959999996936","NA","4603.971999997157","NA","NA","NA","4723.698300000251","NA","NA","NA","5666.30190000069","space","27","2","psycho","The woman will dust the piano","1024","2","24000","-16","experiment","11","odd","2","116421.66749999888","360065.5603999985","357057.5306999999","142389.26709999942","4823.220199999923","116426.11179999949","117882.03739999881","NA","353033.43690000114","357057.4602000015","352821.20660000143","NA","116421.7419000015","NA","NA","352767.3641000001","NA","NA","123032.87550000096","NA","126248.3968000015","NA","129904.55769999971","NA","133056.53050000183","NA","NA","NA","137664.8251000006","NA","NA","NA","360084.8928999985","NA","10501.56920000154","353017.8947999993","352757.7516999991","352767.2684999998","357076.6914000014","357033.6338000016","142389.29370000187","353017.36449999956","4834.109700001136","3000","SceneViewing","26","27502.72400000191","26","2560"
"100","100","42_n.wav","1046","1046","#dadada","256","psycho","psycho","psycho","non-restrictive","1","undefined","undefined","1","NA","undefined","NA","undefined","NA","undefined","NA","undefined","NA","NA","undefined","NA","NA","NA","undefined","0","27","27","0","0","0","0","NA","27","27","27","NA","0","NA","NA","27","0","NA","0","NA","0","NA","0","NA","0","NA","NA","NA","0","NA","NA","NA","27","NA","0","27","27","27","27","27","0","27","0","participant_group4.csv","4","NA","NA","NA","Thu Aug  6 20:33:36 2026","NA","The main experiment item","False","VWP_finalSetup_22_7.osexp","C:\Users\plcm\Desktop\2026-EyeTracking\group-eyeconic\OS2\final_recordings_upl","False","mono","False","20","no","#0c0c0c","no","yes","1440","42","43_pos4_nosub.png","43_pos4_sub.png","psycho","27","27","C:\Users\plcm\Desktop\2026-EyeTracking\group-eyeconic\OS2\final_recordings_upl\subject-11.csv","psycho","Neonatal Nightingale","4.1.14","apple","chalk","ruler","shirt","0","0","space","space","space","NA","space","NA","NA","space","NA","space","NA","space","NA","space","NA","NA","NA","space","NA","NA","NA","739.6488000013633","1450.2938000005088","5146.346400000766","NA","739.6488000013633","NA","NA","3211.5918999988935","NA","3652.1651999973983","NA","3147.9959999996936","NA","4603.971999997157","NA","NA","NA","4723.698300000251","NA","NA","NA","5666.30190000069","space","28","2","psycho","The woman will wash the shirt","1024","2","24000","-16","experiment","11","odd","4","116421.66749999888","367805.76179999846","365083.03050000174","142389.26709999942","4823.220199999923","116426.11179999949","117882.03739999881","NA","361057.64890000137","365082.98300000024","360845.1750999993","NA","116421.7419000015","NA","NA","360104.82620000036","NA","NA","123032.87550000096","NA","126248.3968000015","NA","129904.55769999971","NA","133056.53050000183","NA","NA","NA","137664.8251000006","NA","NA","NA","367824.85770000133","NA","10501.56920000154","361043.1038999995","360095.6259999984","360104.73049999925","365102.7886000011","365058.0252","142389.29370000187","361042.40090000164","4834.109700001136","3000","SceneViewing","27","28242.37280000327","27","2560"
"100","100","18_n.wav","1034","1034","#dadada","256","psycho","psycho","psycho","non-restrictive","1","undefined","undefined","1","NA","undefined","NA","undefined","NA","undefined","NA","undefined","NA","NA","undefined","NA","NA","NA","undefined","0","28","28","0","0","0","0","NA","28","28","28","NA","0","NA","NA","28","0","NA","0","NA","0","NA","0","NA","0","NA","NA","NA","0","NA","NA","NA","28","NA","0","28","28","28","28","28","0","28","0","participant_group4.csv","4","NA","NA","NA","Thu Aug  6 20:33:36 2026","NA","The main experiment item","False","VWP_finalSetup_22_7.osexp","C:\Users\plcm\Desktop\2026-EyeTracking\group-eyeconic\OS2\final_recordings_upl","False","mono","False","20","no","#0c0c0c","no","yes","1440","18","19_pos4_nosub.png","19_pos4_sub.png","psycho","28","28","C:\Users\plcm\Desktop\2026-EyeTracking\group-eyeconic\OS2\final_recordings_upl\subject-11.csv","psycho","Neonatal Nightingale","4.1.14","stick","feather","leaf","football","0","0","space","space","space","NA","space","NA","NA","space","NA","space","NA","space","NA","space","NA","NA","NA","space","NA","NA","NA","713.8326999993296","1450.2938000005088","5146.346400000766","NA","713.8326999993296","NA","NA","3211.5918999988935","NA","3652.1651999973983","NA","3147.9959999996936","NA","4603.971999997157","NA","NA","NA","4723.698300000251","NA","NA","NA","5666.30190000069","space","29","2","psycho","The boy will touch the football","1024","2","24000","-16","experiment","11","odd","4","116421.66749999888","375405.60650000046","372794.70690000016","142389.26709999942","4823.220199999923","116426.11179999949","117882.03739999881","NA","368769.8606999984","372794.60449999897","368557.0880000014","NA","116421.7419000015","NA","NA","367842.5864000019","NA","NA","123032.87550000096","NA","126248.3968000015","NA","129904.55769999971","NA","133056.53050000183","NA","NA","NA","137664.8251000006","NA","NA","NA","375424.67970000143","NA","10501.56920000154","368754.3700999995","367832.3345999997","367842.4889999988","372814.0351000002","372770.44380000007","142389.29370000187","368753.84480000136","4834.109700001136","3000","SceneViewing","28","28956.2055000026","28","2560"
"100","100","4_n.wav","1022","1022","#dadada","256","psycho","psycho","psycho","non-restrictive","1","undefined","undefined","1","NA","undefined","NA","undefined","NA","undefined","NA","undefined","NA","NA","undefined","NA","NA","NA","undefined","0","29","29","0","0","0","0","NA","29","29","29","NA","0","NA","NA","29","0","NA","0","NA","0","NA","0","NA","0","NA","NA","NA","0","NA","NA","NA","29","NA","0","29","29","29","29","29","0","29","0","participant_group4.csv","4","NA","NA","NA","Thu Aug  6 20:33:36 2026","NA","The main experiment item","False","VWP_finalSetup_22_7.osexp","C:\Users\plcm\Desktop\2026-EyeTracking\group-eyeconic\OS2\final_recordings_upl","False","mono","False","20","no","#0c0c0c","no","yes","1440","4","5_pos2_nosub.png","5_pos2_sub.png","psycho","29","29","C:\Users\plcm\Desktop\2026-EyeTracking\group-eyeconic\OS2\final_recordings_upl\subject-11.csv","psycho","Neonatal Nightingale","4.1.14","shuttle-cock","ball","paper-plane","acorns","0","0","space","space","space","NA","space","NA","NA","space","NA","space","NA","space","NA","space","NA","NA","NA","space","NA","NA","NA","690.5137000030954","1450.2938000005088","5146.346400000766","NA","690.5137000030954","NA","NA","3211.5918999988935","NA","3652.1651999973983","NA","3147.9959999996936","NA","4603.971999997157","NA","NA","NA","4723.698300000251","NA","NA","NA","5666.30190000069","space","30","2","psycho","The boy will throw the ball","1024","2","24000","-16","experiment","11","odd","2","116421.66749999888","382885.6890999996","380375.43079999887","142389.26709999942","4823.220199999923","116426.11179999949","117882.03739999881","NA","376352.09100000066","380375.3813000003","376133.0783000012","NA","116421.7419000015","NA","NA","375441.9248999984","NA","NA","123032.87550000096","NA","126248.3968000015","NA","129904.55769999971","NA","133056.53050000183","NA","NA","NA","137664.8251000006","NA","NA","NA","382904.6052000013","NA","10501.56920000154","376336.73289999936","375431.9657999986","375441.8097000016","380395.4326999992","380352.50209999864","142389.29370000187","376336.1068000013","4834.109700001136","3000","SceneViewing","29","29646.719200005697","29","2560"
"100","100","7_r.wav","1023","1023","#dadada","256","psycho","psycho","psycho","restrictive","1","undefined","undefined","1","NA","undefined","NA","undefined","NA","undefined","NA","undefined","NA","NA","undefined","NA","NA","NA","undefined","0","30","30","0","0","0","0","NA","30","30","30","NA","0","NA","NA","30","0","NA","0","NA","0","NA","0","NA","0","NA","NA","NA","0","NA","NA","NA","30","NA","0","30","30","30","30","30","0","30","0","participant_group4.csv","4","NA","NA","NA","Thu Aug  6 20:33:36 2026","NA","The main experiment item","False","VWP_finalSetup_22_7.osexp","C:\Users\plcm\Desktop\2026-EyeTracking\group-eyeconic\OS2\final_recordings_upl","False","mono","False","20","no","#0c0c0c","no","yes","1440","7","8_pos1_nosub.png","8_pos1_sub.png","psycho","30","30","C:\Users\plcm\Desktop\2026-EyeTracking\group-eyeconic\OS2\final_recordings_upl\subject-11.csv","psycho","Neonatal Nightingale","4.1.14","child","tv-monitor","toy-bear","microscope","0","0","space","space","space","NA","space","NA","NA","space","NA","space","NA","space","NA","space","NA","NA","NA","space","NA","NA","NA","1054.1933999992907","1450.2938000005088","5146.346400000766","NA","1054.1933999992907","NA","NA","3211.5918999988935","NA","3652.1651999973983","NA","3147.9959999996936","NA","4603.971999997157","NA","NA","NA","4723.698300000251","NA","NA","NA","5666.30190000069","space","31","2","psycho","The doctor will inject the child","1024","2","24000","-16","experiment","11","odd","1","116421.66749999888","391275.6889000011","388221.20300000097","142389.26709999942","4823.220199999923","116426.11179999949","117882.03739999881","NA","384197.8546999999","388221.14919999876","383989.10420000175","NA","116421.7419000015","NA","NA","382934.2422000009","NA","NA","123032.87550000096","NA","126248.3968000015","NA","129904.55769999971","NA","133056.53050000183","NA","NA","NA","137664.8251000006","NA","NA","NA","391295.4946999998","NA","10501.56920000154","384182.99630000186","382924.9005999991","382934.12140000146","388240.80129999854","388197.96000000136","142389.29370000187","384182.40359999985","4834.109700001136","3000","SceneViewing","30","30700.912600004987","30","2560"
"100","100","46_n.wav","1011","1011","#dadada","256","psycho","psycho","psycho","non-restrictive","1","undefined","undefined","1","NA","undefined","NA","undefined","NA","undefined","NA","undefined","NA","NA","undefined","NA","NA","NA","undefined","0","31","31","0","0","0","0","NA","31","31","31","NA","0","NA","NA","31","0","NA","0","NA","0","NA","0","NA","0","NA","NA","NA","0","NA","NA","NA","31","NA","0","31","31","31","31","31","0","31","0","participant_group4.csv","4","NA","NA","NA","Thu Aug  6 20:33:36 2026","NA","The main experiment item","False","VWP_finalSetup_22_7.osexp","C:\Users\plcm\Desktop\2026-EyeTracking\group-eyeconic\OS2\final_recordings_upl","False","mono","False","20","no","#0c0c0c","no","yes","1440","46","47_pos4_nosub.png","47_pos4_sub.png","psycho","31","31","C:\Users\plcm\Desktop\2026-EyeTracking\group-eyeconic\OS2\final_recordings_upl\subject-11.csv","psycho","Neonatal Nightingale","4.1.14","bow","gum","stand","violin","0","0","space","space","space","NA","space","NA","NA","space","NA","space","NA","space","NA","space","NA","NA","NA","space","NA","NA","NA","663.1626999987639","1450.2938000005088","5146.346400000766","NA","663.1626999987639","NA","NA","3211.5918999988935","NA","3652.1651999973983","NA","3147.9959999996936","NA","4603.971999997157","NA","NA","NA","4723.698300000251","NA","NA","NA","5666.30190000069","space","32","2","psycho","The musician will move the violin","1024","2","24000","-16","experiment","11","odd","4","116421.66749999888","399505.5183000004","396213.78099999856","142389.26709999942","4823.220199999923","116426.11179999949","117882.03739999881","NA","392190.17900000105","396213.7092999983","391981.2447000004","NA","116421.7419000015","NA","NA","391317.3648000011","NA","NA","123032.87550000096","NA","126248.3968000015","NA","129904.55769999971","NA","133056.53050000183","NA","NA","NA","137664.8251000006","NA","NA","NA","399524.6058999983","NA","10501.56920000154","392175.0921999992","391304.96530000167","391317.1590999991","396233.5686000006","396190.5828999989","142389.29370000187","392174.5203999999","4834.109700001136","3000","SceneViewing","31","31364.07530000375","31","2560"
"100","100","48_n.wav","1054","1054","#dadada","256","psycho","psycho","psycho","non-restrictive","1","undefined","undefined","1","NA","undefined","NA","undefined","NA","undefined","NA","undefined","NA","NA","undefined","NA","NA","NA","undefined","0","32","32","0","0","0","0","NA","32","32","32","NA","0","NA","NA","32","0","NA","0","NA","0","NA","0","NA","0","NA","NA","NA","0","NA","NA","NA","32","NA","0","32","32","32","32","32","0","32","0","participant_group4.csv","4","NA","NA","NA","Thu Aug  6 20:33:36 2026","NA","The main experiment item","False","VWP_finalSetup_22_7.osexp","C:\Users\plcm\Desktop\2026-EyeTracking\group-eyeconic\OS2\final_recordings_upl","False","mono","False","20","no","#0c0c0c","no","yes","1440","48","49_pos2_nosub.png","49_pos2_sub.png","psycho","32","32","C:\Users\plcm\Desktop\2026-EyeTracking\group-eyeconic\OS2\final_recordings_upl\subject-11.csv","psycho","Neonatal Nightingale","4.1.14","pouch","balloon","pump","flag","0","0","space","space","space","NA","space","NA","NA","space","NA","space","NA","space","NA","space","NA","NA","NA","space","NA","NA","NA","2389.874599997769","1450.2938000005088","5146.346400000766","NA","2389.874599997769","NA","NA","3211.5918999988935","NA","3652.1651999973983","NA","3147.9959999996936","NA","4603.971999997157","NA","NA","NA","4723.698300000251","NA","NA","NA","5666.30190000069","space","33","2","psycho","The child will carry the balloon","1024","2","24000","-16","experiment","11","odd","2","116421.66749999888","409175.93090000085","406160.10280000046","142389.26709999942","4823.220199999923","116426.11179999949","117882.03739999881","NA","402136.4734000017","406160.0464000003","401933.1899999997","NA","116421.7419000015","NA","NA","399542.5423000015","NA","NA","123032.87550000096","NA","126248.3968000015","NA","129904.55769999971","NA","133056.53050000183","NA","NA","NA","137664.8251000006","NA","NA","NA","409195.1085000001","NA","10501.56920000154","402121.2078999997","399532.0987999985","399542.39360000065","406179.79280000145","406136.60099999834","142389.29370000187","402120.4857999983","4834.109700001136","3000","SceneViewing","32","33753.94990000152","32","2560"
"100","100","36_n.wav","1023","1023","#dadada","256","psycho","psycho","psycho","non-restrictive","1","undefined","undefined","1","NA","undefined","NA","undefined","NA","undefined","NA","undefined","NA","NA","undefined","NA","NA","NA","undefined","0","33","33","0","0","0","0","NA","33","33","33","NA","0","NA","NA","33","0","NA","0","NA","0","NA","0","NA","0","NA","NA","NA","0","NA","NA","NA","33","NA","0","33","33","33","33","33","0","33","0","participant_group4.csv","4","NA","NA","NA","Thu Aug  6 20:33:36 2026","NA","The main experiment item","False","VWP_finalSetup_22_7.osexp","C:\Users\plcm\Desktop\2026-EyeTracking\group-eyeconic\OS2\final_recordings_upl","False","mono","False","20","no","#0c0c0c","no","yes","1440","36","37_pos2_nosub.png","37_pos2_sub.png","psycho","33","33","C:\Users\plcm\Desktop\2026-EyeTracking\group-eyeconic\OS2\final_recordings_upl\subject-11.csv","psycho","Neonatal Nightingale","4.1.14","clips","lego","papers","boxes","0","0","space","space","space","NA","space","NA","NA","space","NA","space","NA","space","NA","space","NA","NA","NA","space","NA","NA","NA","5.070600000210106","1450.2938000005088","5146.346400000766","NA","5.070600000210106","NA","NA","3211.5918999988935","NA","3652.1651999973983","NA","3147.9959999996936","NA","4603.971999997157","NA","NA","NA","4723.698300000251","NA","NA","NA","5666.30190000069","space","34","2","psycho","The kid will stack the lego","1024","2","24000","-16","experiment","11","odd","2","116421.66749999888","416296.03259999934","413514.9186999988","142389.26709999942","4823.220199999923","116426.11179999949","117882.03739999881","NA","409490.0820000003","413514.85780000075","409253.3016000016","NA","116421.7419000015","NA","NA","409247.4255999987","NA","NA","123032.87550000096","NA","126248.3968000015","NA","129904.55769999971","NA","133056.53050000183","NA","NA","NA","137664.8251000006","NA","NA","NA","416315.4285000019","NA","10501.56920000154","409475.9924999998","409237.85789999965","409247.29049999954","413533.7967999985","413490.4932999998","142389.29370000187","409475.390399999","4834.109700001136","3000","SceneViewing","33","33759.02050000173","33","2560"
"100","100","31_r.wav","999","999","#dadada","256","psycho","psycho","psycho","restrictive","1","undefined","undefined","1","NA","undefined","NA","undefined","NA","undefined","NA","undefined","NA","NA","undefined","NA","NA","NA","undefined","0","34","34","0","0","0","0","NA","34","34","34","NA","0","NA","NA","34","0","NA","0","NA","0","NA","0","NA","0","NA","NA","NA","0","NA","NA","NA","34","NA","0","34","34","34","34","34","0","34","0","participant_group4.csv","4","NA","NA","NA","Thu Aug  6 20:33:36 2026","NA","The main experiment item","False","VWP_finalSetup_22_7.osexp","C:\Users\plcm\Desktop\2026-EyeTracking\group-eyeconic\OS2\final_recordings_upl","False","mono","False","20","no","#0c0c0c","no","yes","1440","31","32_pos1_nosub.png","32_pos1_sub.png","psycho","34","34","C:\Users\plcm\Desktop\2026-EyeTracking\group-eyeconic\OS2\final_recordings_upl\subject-11.csv","psycho","Neonatal Nightingale","4.1.14","bottle","lemon","sponge","seed","0","0","space","space","space","NA","space","NA","NA","space","NA","space","NA","space","NA","space","NA","NA","NA","space","NA","NA","NA","213.9683999994304","1450.2938000005088","5146.346400000766","NA","213.9683999994304","NA","NA","3211.5918999988935","NA","3652.1651999973983","NA","3147.9959999996936","NA","4603.971999997157","NA","NA","NA","4723.698300000251","NA","NA","NA","5666.30190000069","space","35","2","psycho","The woman will open the bottle","1024","2","24000","-16","experiment","11","odd","1","116421.66749999888","423525.5692999999","420797.4838000009","142389.26709999942","4823.220199999923","116426.11179999949","117882.03739999881","NA","416773.0106999988","420797.40429999947","416557.2195999994","NA","116421.7419000015","NA","NA","416342.55330000084","NA","NA","123032.87550000096","NA","126248.3968000015","NA","129904.55769999971","NA","133056.53050000183","NA","NA","NA","137664.8251000006","NA","NA","NA","423544.6589999992","NA","10501.56920000154","416757.71879999957","416332.55940000166","416342.4660000019","420817.31719999877","420773.3520000002","142389.29370000187","416757.1212000003","4834.109700001136","3000","SceneViewing","34","33972.98890000116","34","2560"
"100","100","15_r.wav","1005","1005","#dadada","256","psycho","psycho","psycho","restrictive","1","undefined","undefined","1","NA","undefined","NA","undefined","NA","undefined","NA","undefined","NA","NA","undefined","NA","NA","NA","undefined","0","35","35","0","0","0","0","NA","35","35","35","NA","0","NA","NA","35","0","NA","0","NA","0","NA","0","NA","0","NA","NA","NA","0","NA","NA","NA","35","NA","0","35","35","35","35","35","0","35","0","participant_group4.csv","4","NA","NA","NA","Thu Aug  6 20:33:36 2026","NA","The main experiment item","False","VWP_finalSetup_22_7.osexp","C:\Users\plcm\Desktop\2026-EyeTracking\group-eyeconic\OS2\final_recordings_upl","False","mono","False","20","no","#0c0c0c","no","yes","1440","15","16_pos1_nosub.png","16_pos1_sub.png","psycho","35","35","C:\Users\plcm\Desktop\2026-EyeTracking\group-eyeconic\OS2\final_recordings_upl\subject-11.csv","psycho","Neonatal Nightingale","4.1.14","hat","wallet","magnifying-glass","folder","0","0","space","space","space","NA","space","NA","NA","space","NA","space","NA","space","NA","space","NA","NA","NA","space","NA","NA","NA","1226.5490999998292","1450.2938000005088","5146.346400000766","NA","1226.5490999998292","NA","NA","3211.5918999988935","NA","3652.1651999973983","NA","3147.9959999996936","NA","4603.971999997157","NA","NA","NA","4723.698300000251","NA","NA","NA","5666.30190000069","space","36","2","psycho","The businessman will wear the hat","1024","2","24000","-16","experiment","11","odd","1","116421.66749999888","431995.63209999906","429022.802200001","142389.26709999942","4823.220199999923","116426.11179999949","117882.03739999881","NA","424998.4805999993","429022.7491000005","424789.1032000007","NA","116421.7419000015","NA","NA","423561.899100001","NA","NA","123032.87550000096","NA","126248.3968000015","NA","129904.55769999971","NA","133056.53050000183","NA","NA","NA","137664.8251000006","NA","NA","NA","432015.0252999993","NA","10501.56920000154","424983.28899999976","423552.43340000015","423561.8132999989","429043.11959999905","428998.8001999991","142389.29370000187","424982.78420000133","4834.109700001136","3000","SceneViewing","35","35199.53800000099","35","2560"
"100","100","0_n.wav","1005","1005","#dadada","256","psycho","psycho","psycho","non-restrictive","1","undefined","undefined","1","NA","undefined","NA","undefined","NA","undefined","NA","undefined","NA","NA","undefined","NA","NA","NA","undefined","0","36","36","0","0","0","0","NA","36","36","36","NA","0","NA","NA","36","0","NA","0","NA","0","NA","0","NA","0","NA","NA","NA","0","NA","NA","NA","36","NA","0","36","36","36","36","36","0","36","0","participant_group4.csv","4","NA","NA","NA","Thu Aug  6 20:33:36 2026","NA","The main experiment item","False","VWP_finalSetup_22_7.osexp","C:\Users\plcm\Desktop\2026-EyeTracking\group-eyeconic\OS2\final_recordings_upl","False","mono","False","20","no","#0c0c0c","no","yes","1440","0","1_pos2_nosub.png","1_pos2_sub.png","psycho","36","36","C:\Users\plcm\Desktop\2026-EyeTracking\group-eyeconic\OS2\final_recordings_upl\subject-11.csv","psycho","Neonatal Nightingale","4.1.14","ball","cake","toy-car","toy-train","0","0","space","space","space","NA","space","NA","NA","space","NA","space","NA","space","NA","space","NA","NA","NA","space","NA","NA","NA","983.7900000020745","1450.2938000005088","5146.346400000766","NA","983.7900000020745","NA","NA","3211.5918999988935","NA","3652.1651999973983","NA","3147.9959999996936","NA","4603.971999997157","NA","NA","NA","4723.698300000251","NA","NA","NA","5666.30190000069","space","37","2","psycho","The boy will move the cake","1024","2","24000","-16","experiment","11","odd","2","116421.66749999888","439706.0535000019","437266.8532999996","142389.26709999942","4823.220199999923","116426.11179999949","117882.03739999881","NA","433243.09930000163","437266.7962000014","433029.18629999843","NA","116421.7419000015","NA","NA","432044.68619999895","NA","NA","123032.87550000096","NA","126248.3968000015","NA","129904.55769999971","NA","133056.53050000183","NA","NA","NA","137664.8251000006","NA","NA","NA","439725.5562999999","NA","10501.56920000154","433218.2710000016","432035.02189999924","432044.59230000066","437286.4393999989","437243.72289999883","142389.29370000187","433217.7398999993","4834.109700001136","3000","SceneViewing","36","36183.328000003065","36","2560"
"100","100","11_r.wav","991","991","#dadada","256","psycho","psycho","psycho","restrictive","1","undefined","undefined","1","NA","undefined","NA","undefined","NA","undefined","NA","undefined","NA","NA","undefined","NA","NA","NA","undefined","0","37","37","0","0","0","0","NA","37","37","37","NA","0","NA","NA","37","0","NA","0","NA","0","NA","0","NA","0","NA","NA","NA","0","NA","NA","NA","37","NA","0","37","37","37","37","37","0","37","0","participant_group4.csv","4","NA","NA","NA","Thu Aug  6 20:33:36 2026","NA","The main experiment item","False","VWP_finalSetup_22_7.osexp","C:\Users\plcm\Desktop\2026-EyeTracking\group-eyeconic\OS2\final_recordings_upl","False","mono","False","20","no","#0c0c0c","no","yes","1440","11","12_pos1_nosub.png","12_pos1_sub.png","psycho","37","37","C:\Users\plcm\Desktop\2026-EyeTracking\group-eyeconic\OS2\final_recordings_upl\subject-11.csv","psycho","Neonatal Nightingale","4.1.14","bell","drum","duck","bricks","0","0","space","space","space","NA","space","NA","NA","space","NA","space","NA","space","NA","space","NA","NA","NA","space","NA","NA","NA","504.63780000060797","1450.2938000005088","5146.346400000766","NA","504.63780000060797","NA","NA","3211.5918999988935","NA","3652.1651999973983","NA","3147.9959999996936","NA","4603.971999997157","NA","NA","NA","4723.698300000251","NA","NA","NA","5666.30190000069","space","38","2","psycho","The baby will ring the bell","1024","2","24000","-16","experiment","11","odd","1","116421.66749999888","446525.72539999895","444517.99369999935","142389.26709999942","4823.220199999923","116426.11179999949","117882.03739999881","NA","440494.13830000046","444517.93629999884","440261.3154999999","NA","116421.7419000015","NA","NA","439755.8633000008","NA","NA","123032.87550000096","NA","126248.3968000015","NA","129904.55769999971","NA","133056.53050000183","NA","NA","NA","137664.8251000006","NA","NA","NA","446545.15679999895","NA","10501.56920000154","440478.5594999994","439745.73310000054","439755.7783000011","444537.9090999995","444494.31209999963","142389.29370000187","440478.0238999992","4834.109700001136","3000","SceneViewing","37","36687.96580000367","37","2560"
"100","100","35_r.wav","967","967","#dadada","256","psycho","psycho","psycho","restrictive","1","undefined","undefined","1","NA","undefined","NA","undefined","NA","undefined","NA","undefined","NA","NA","undefined","NA","NA","NA","undefined","0","38","38","0","0","0","0","NA","38","38","38","NA","0","NA","NA","38","0","NA","0","NA","0","NA","0","NA","0","NA","NA","NA","0","NA","NA","NA","38","NA","0","38","38","38","38","38","0","38","0","participant_group4.csv","4","NA","NA","NA","Thu Aug  6 20:33:36 2026","NA","The main experiment item","False","VWP_finalSetup_22_7.osexp","C:\Users\plcm\Desktop\2026-EyeTracking\group-eyeconic\OS2\final_recordings_upl","False","mono","False","20","no","#0c0c0c","no","yes","1440","35","36_pos1_nosub.png","36_pos1_sub.png","psycho","38","38","C:\Users\plcm\Desktop\2026-EyeTracking\group-eyeconic\OS2\final_recordings_upl\subject-11.csv","psycho","Neonatal Nightingale","4.1.14","mascara","brush","mirror","pot","0","0","space","space","space","NA","space","NA","NA","space","NA","space","NA","space","NA","space","NA","NA","NA","space","NA","NA","NA","89.69400000205496","1450.2938000005088","5146.346400000766","NA","89.69400000205496","NA","NA","3211.5918999988935","NA","3652.1651999973983","NA","3147.9959999996936","NA","4603.971999997157","NA","NA","NA","4723.698300000251","NA","NA","NA","5666.30190000069","space","39","2","psycho","The girl will apply the mascara","1024","2","24000","-16","experiment","11","odd","1","116421.66749999888","453925.85770000005","450883.7334000018","142389.26709999942","4823.220199999923","116426.11179999949","117882.03739999881","NA","446859.86970000155","450883.6357","446653.2613999989","NA","116421.7419000015","NA","NA","446562.78849999944","NA","NA","123032.87550000096","NA","126248.3968000015","NA","129904.55769999971","NA","133056.53050000183","NA","NA","NA","137664.8251000006","NA","NA","NA","453945.64850000094","NA","10501.56920000154","446844.47809999983","446552.7844999997","446562.63440000114","450903.47069999913","450860.00509999937","142389.29370000187","446843.8888000019","4834.109700001136","3000","SceneViewing","38","36777.65980000573","38","2560"
"100","100","33_r.wav","959","959","#dadada","256","psycho","psycho","psycho","restrictive","1","undefined","undefined","1","NA","undefined","NA","undefined","NA","undefined","NA","undefined","NA","NA","undefined","NA","NA","NA","undefined","0","39","39","0","0","0","0","NA","39","39","39","NA","0","NA","NA","39","0","NA","0","NA","0","NA","0","NA","0","NA","NA","NA","0","NA","NA","NA","39","NA","0","39","39","39","39","39","0","39","0","participant_group4.csv","4","NA","NA","NA","Thu Aug  6 20:33:36 2026","NA","The main experiment item","False","VWP_finalSetup_22_7.osexp","C:\Users\plcm\Desktop\2026-EyeTracking\group-eyeconic\OS2\final_recordings_upl","False","mono","False","20","no","#0c0c0c","no","yes","1440","33","34_pos3_nosub.png","34_pos3_sub.png","psycho","39","39","C:\Users\plcm\Desktop\2026-EyeTracking\group-eyeconic\OS2\final_recordings_upl\subject-11.csv","psycho","Neonatal Nightingale","4.1.14","box","gift","suitcase","envelope","0","0","space","space","space","NA","space","NA","NA","space","NA","space","NA","space","NA","space","NA","NA","NA","space","NA","NA","NA","629.3140999987372","1450.2938000005088","5146.346400000766","NA","629.3140999987372","NA","NA","3211.5918999988935","NA","3652.1651999973983","NA","3147.9959999996936","NA","4603.971999997157","NA","NA","NA","4723.698300000251","NA","NA","NA","5666.30190000069","space","40","2","psycho","The boy will unzip the suitcase","1024","2","24000","-16","experiment","11","odd","3","116421.66749999888","461925.69269999873","458837.2167000016","142389.26709999942","4823.220199999923","116426.11179999949","117882.03739999881","NA","454811.41280000156","458837.16149999964","454597.061299999","NA","116421.7419000015","NA","NA","453967.1018000008","NA","NA","123032.87550000096","NA","126248.3968000015","NA","129904.55769999971","NA","133056.53050000183","NA","NA","NA","137664.8251000006","NA","NA","NA","461945.4487000003","NA","10501.56920000154","454796.5203999993","453957.32409999985","453966.94410000055","458856.1828999991","458811.8298000009","142389.29370000187","454796.13940000127","4834.109700001136","3000","SceneViewing","39","37406.973900004465","39","2560"
"100","100","39_r.wav","935","935","#dadada","256","psycho","psycho","psycho","restrictive","1","undefined","undefined","1","NA","undefined","NA","undefined","NA","undefined","NA","undefined","NA","NA","undefined","NA","NA","NA","undefined","0","40","40","0","0","0","0","NA","40","40","40","NA","0","NA","NA","40","0","NA","0","NA","0","NA","0","NA","0","NA","NA","NA","0","NA","NA","NA","40","NA","0","40","40","40","40","40","0","40","0","participant_group4.csv","4","NA","NA","NA","Thu Aug  6 20:33:36 2026","NA","The main experiment item","False","VWP_finalSetup_22_7.osexp","C:\Users\plcm\Desktop\2026-EyeTracking\group-eyeconic\OS2\final_recordings_upl","False","mono","False","20","no","#0c0c0c","no","yes","1440","39","40_pos1_nosub.png","40_pos1_sub.png","psycho","40","40","C:\Users\plcm\Desktop\2026-EyeTracking\group-eyeconic\OS2\final_recordings_upl\subject-11.csv","psycho","Neonatal Nightingale","4.1.14","shoelace","shampoo","mat","buckle","0","0","space","space","space","NA","space","NA","NA","space","NA","space","NA","space","NA","space","NA","NA","NA","space","NA","NA","NA","12.685500001651235","1450.2938000005088","5146.346400000766","NA","12.685500001651235","NA","NA","3211.5918999988935","NA","3652.1651999973983","NA","3147.9959999996936","NA","4603.971999997157","NA","NA","NA","4723.698300000251","NA","NA","NA","5666.30190000069","space","41","2","psycho","The boy will tie the shoelace","1024","2","24000","-16","experiment","11","odd","1","116421.66749999888","468845.70520000125","466223.8928000006","142389.26709999942","4823.220199999923","116426.11179999949","117882.03739999881","NA","462199.81740000006","466223.8319999997","461989.21699999843","NA","116421.7419000015","NA","NA","461975.76029999985","NA","NA","123032.87550000096","NA","126248.3968000015","NA","129904.55769999971","NA","133056.53050000183","NA","NA","NA","137664.8251000006","NA","NA","NA","468864.55719999864","NA","10501.56920000154","462182.77529999975","461965.9371000016","461975.61420000053","466243.50609999965","466200.4487000013","142389.29370000187","462182.1887000005","4834.109700001136","3000","SceneViewing","40","37419.659400006116","40","2560"
"100","100","38_n.wav","937","937","#dadada","256","psycho","psycho","psycho","non-restrictive","1","undefined","undefined","1","NA","undefined","NA","undefined","NA","undefined","NA","undefined","NA","NA","undefined","NA","NA","NA","undefined","0","41","41","0","0","0","0","NA","41","41","41","NA","0","NA","NA","41","0","NA","0","NA","0","NA","0","NA","0","NA","NA","NA","0","NA","NA","NA","41","NA","0","41","41","41","41","41","0","41","0","participant_group4.csv","4","NA","NA","NA","Thu Aug  6 20:33:36 2026","NA","The main experiment item","False","VWP_finalSetup_22_7.osexp","C:\Users\plcm\Desktop\2026-EyeTracking\group-eyeconic\OS2\final_recordings_upl","False","mono","False","20","no","#0c0c0c","no","yes","1440","38","39_pos4_nosub.png","39_pos4_sub.png","psycho","41","41","C:\Users\plcm\Desktop\2026-EyeTracking\group-eyeconic\OS2\final_recordings_upl\subject-11.csv","psycho","Neonatal Nightingale","4.1.14","mop","broom","cloth","apron","0","0","space","space","space","NA","space","NA","NA","space","NA","space","NA","space","NA","space","NA","NA","NA","space","NA","NA","NA","1002.9748999986914","1450.2938000005088","5146.346400000766","NA","1002.9748999986914","NA","NA","3211.5918999988935","NA","3652.1651999973983","NA","3147.9959999996936","NA","4603.971999997157","NA","NA","NA","4723.698300000251","NA","NA","NA","5666.30190000069","space","42","2","psycho","The woman will carry the apron","1024","2","24000","-16","experiment","11","odd","4","116421.66749999888","476965.7589999988","474116.8483000001","142389.26709999942","4823.220199999923","116426.11179999949","117882.03739999881","NA","470093.3182000008","474116.7945999987","469885.4429999992","NA","116421.7419000015","NA","NA","468881.5641000001","NA","NA","123032.87550000096","NA","126248.3968000015","NA","129904.55769999971","NA","133056.53050000183","NA","NA","NA","137664.8251000006","NA","NA","NA","476985.0688000006","NA","10501.56920000154","470077.0649000006","468872.4016999986","468881.4725000011","474136.40749999834","474093.6203999991","142389.29370000187","470076.6616000001","4834.109700001136","3000","SceneViewing","41","38422.63430000481","41","2560"
"100","100","34_n.wav","937","937","#dadada","256","psycho","psycho","psycho","non-restrictive","1","undefined","undefined","1","NA","undefined","NA","undefined","NA","undefined","NA","undefined","NA","NA","undefined","NA","NA","NA","undefined","0","42","42","0","0","0","0","NA","42","42","42","NA","0","NA","NA","42","0","NA","0","NA","0","NA","0","NA","0","NA","NA","NA","0","NA","NA","NA","42","NA","0","42","42","42","42","42","0","42","0","participant_group4.csv","4","NA","NA","NA","Thu Aug  6 20:33:36 2026","NA","The main experiment item","False","VWP_finalSetup_22_7.osexp","C:\Users\plcm\Desktop\2026-EyeTracking\group-eyeconic\OS2\final_recordings_upl","False","mono","False","20","no","#0c0c0c","no","yes","1440","34","35_pos4_nosub.png","35_pos4_sub.png","psycho","42","42","C:\Users\plcm\Desktop\2026-EyeTracking\group-eyeconic\OS2\final_recordings_upl\subject-11.csv","psycho","Neonatal Nightingale","4.1.14","puzzle","notebook","pillow","radio","0","0","space","space","space","NA","space","NA","NA","space","NA","space","NA","space","NA","space","NA","NA","NA","space","NA","NA","NA","955.4920000009588","1450.2938000005088","5146.346400000766","NA","955.4920000009588","NA","NA","3211.5918999988935","NA","3652.1651999973983","NA","3147.9959999996936","NA","4603.971999997157","NA","NA","NA","4723.698300000251","NA","NA","NA","5666.30190000069","space","43","2","psycho","The boy will move the radio","1024","2","24000","-16","experiment","11","odd","4","116421.66749999888","484995.7211000001","482246.64470000064","142389.26709999942","4823.220199999923","116426.11179999949","117882.03739999881","NA","478222.53329999873","482246.5908000013","477989.16000000096","NA","116421.7419000015","NA","NA","477032.9593999995","NA","NA","123032.87550000096","NA","126248.3968000015","NA","129904.55769999971","NA","133056.53050000183","NA","NA","NA","137664.8251000006","NA","NA","NA","485015.19570000167","NA","10501.56920000154","478197.4179999997","477023.6689000012","477032.84139999957","482265.8875999987","482223.23310000135","142389.29370000187","478195.956399999","4834.109700001136","3000","SceneViewing","42","39378.126300005766","42","2560"
"100","100","12_n.wav","929","929","#dadada","256","psycho","psycho","psycho","non-restrictive","1","undefined","undefined","1","NA","undefined","NA","undefined","NA","undefined","NA","undefined","NA","NA","undefined","NA","NA","NA","undefined","0","43","43","0","0","0","0","NA","43","43","43","NA","0","NA","NA","43","0","NA","0","NA","0","NA","0","NA","0","NA","NA","NA","0","NA","NA","NA","43","NA","0","43","43","43","43","43","0","43","0","participant_group4.csv","4","NA","NA","NA","Thu Aug  6 20:33:36 2026","NA","The main experiment item","False","VWP_finalSetup_22_7.osexp","C:\Users\plcm\Desktop\2026-EyeTracking\group-eyeconic\OS2\final_recordings_upl","False","mono","False","20","no","#0c0c0c","no","yes","1440","12","13_pos2_nosub.png","13_pos2_sub.png","psycho","43","43","C:\Users\plcm\Desktop\2026-EyeTracking\group-eyeconic\OS2\final_recordings_upl\subject-11.csv","psycho","Neonatal Nightingale","4.1.14","car","boat","birds","sun","0","0","space","space","space","NA","space","NA","NA","space","NA","space","NA","space","NA","space","NA","NA","NA","space","NA","NA","NA","595.8657000010135","1450.2938000005088","5146.346400000766","NA","595.8657000010135","NA","NA","3211.5918999988935","NA","3652.1651999973983","NA","3147.9959999996936","NA","4603.971999997157","NA","NA","NA","4723.698300000251","NA","NA","NA","5666.30190000069","space","44","2","psycho","The man will watch the boat","1024","2","24000","-16","experiment","11","odd","2","116421.66749999888","492326.77809999953","489851.06340000127","142389.26709999942","4823.220199999923","116426.11179999949","117882.03739999881","NA","485826.1191999991","489851.0038999993","485629.0985000014","NA","116421.7419000015","NA","NA","485032.5601000004","NA","NA","123032.87550000096","NA","126248.3968000015","NA","129904.55769999971","NA","133056.53050000183","NA","NA","NA","137664.8251000006","NA","NA","NA","492346.75699999934","NA","10501.56920000154","485811.7391000014","485022.7854000004","485032.45980000065","489870.5138000005","489826.24779999966","142389.29370000187","485810.9442999994","4834.109700001136","3000","SceneViewing","43","39973.99200000678","43","2560"
"100","100","45_r.wav","941","941","#dadada","256","psycho","psycho","psycho","restrictive","1","undefined","undefined","1","NA","undefined","NA","undefined","NA","undefined","NA","undefined","NA","NA","undefined","NA","NA","NA","undefined","0","44","44","0","0","0","0","NA","44","44","44","NA","0","NA","NA","44","0","NA","0","NA","0","NA","0","NA","0","NA","NA","NA","0","NA","NA","NA","44","NA","0","44","44","44","44","44","0","44","0","participant_group4.csv","4","NA","NA","NA","Thu Aug  6 20:33:36 2026","NA","The main experiment item","False","VWP_finalSetup_22_7.osexp","C:\Users\plcm\Desktop\2026-EyeTracking\group-eyeconic\OS2\final_recordings_upl","False","mono","False","20","no","#0c0c0c","no","yes","1440","45","46_pos3_nosub.png","46_pos3_sub.png","psycho","44","44","C:\Users\plcm\Desktop\2026-EyeTracking\group-eyeconic\OS2\final_recordings_upl\subject-11.csv","psycho","Neonatal Nightingale","4.1.14","peeler","pot","carrot","laddle","0","0","space","space","space","NA","space","NA","NA","space","NA","space","NA","space","NA","space","NA","NA","NA","space","NA","NA","NA","1440.523299999768","1450.2938000005088","5146.346400000766","NA","1440.523299999768","NA","NA","3211.5918999988935","NA","3652.1651999973983","NA","3147.9959999996936","NA","4603.971999997157","NA","NA","NA","4723.698300000251","NA","NA","NA","5666.30190000069","space","45","2","psycho","The chef will grate the carrot","1024","2","24000","-16","experiment","11","odd","3","116421.66749999888","500645.73110000126","498038.3832000007","142389.26709999942","4823.220199999923","116426.11179999949","117882.03739999881","NA","494014.2969000008","498038.3370000018","493805.80620000185","NA","116421.7419000015","NA","NA","492363.992300001","NA","NA","123032.87550000096","NA","126248.3968000015","NA","129904.55769999971","NA","133056.53050000183","NA","NA","NA","137664.8251000006","NA","NA","NA","500665.07020000066","NA","10501.56920000154","493998.91379999823","492354.78620000137","492363.9031999992","498057.7478999985","498014.86369999836","142389.29370000187","493998.3463999997","4834.109700001136","3000","SceneViewing","44","41414.51530000655","44","2560"
"100","100","49_r.wav","933","933","#dadada","256","psycho","psycho","psycho","restrictive","1","undefined","undefined","1","NA","undefined","NA","undefined","NA","undefined","NA","undefined","NA","NA","undefined","NA","NA","NA","undefined","0","45","45","0","0","0","0","NA","45","45","45","NA","0","NA","NA","45","0","NA","0","NA","0","NA","0","NA","0","NA","NA","NA","0","NA","NA","NA","45","NA","0","45","45","45","45","45","0","45","0","participant_group4.csv","4","NA","NA","NA","Thu Aug  6 20:33:36 2026","NA","The main experiment item","False","VWP_finalSetup_22_7.osexp","C:\Users\plcm\Desktop\2026-EyeTracking\group-eyeconic\OS2\final_recordings_upl","False","mono","False","20","no","#0c0c0c","no","yes","1440","49","50_pos3_nosub.png","50_pos3_sub.png","psycho","45","45","C:\Users\plcm\Desktop\2026-EyeTracking\group-eyeconic\OS2\final_recordings_upl\subject-11.csv","psycho","Neonatal Nightingale","4.1.14","rubberband","scissors","stamp","envelope","0","0","space","space","space","NA","space","NA","NA","space","NA","space","NA","space","NA","space","NA","NA","NA","space","NA","NA","NA","593.654800002696","1450.2938000005088","5146.346400000766","NA","593.654800002696","NA","NA","3211.5918999988935","NA","3652.1651999973983","NA","3147.9959999996936","NA","4603.971999997157","NA","NA","NA","4723.698300000251","NA","NA","NA","5666.30190000069","space","46","2","psycho","The man will lick the stamp","1024","2","24000","-16","experiment","11","odd","3","116421.66749999888","508075.6435000003","505520.3643999994","142389.26709999942","4823.220199999923","116426.11179999949","117882.03739999881","NA","501494.7517","505520.30870000087","501293.56940000074","NA","116421.7419000015","NA","NA","500698.9547999983","NA","NA","123032.87550000096","NA","126248.3968000015","NA","129904.55769999971","NA","133056.53050000183","NA","NA","NA","137664.8251000006","NA","NA","NA","508095.1332000004","NA","10501.56920000154","501479.30809999886","500688.5326000011","500698.8638000003","505540.0765000013","505495.47950000124","142389.29370000187","501478.6488999998","4834.109700001136","3000","SceneViewing","45","42008.17010000924","45","2560"
"100","100","25_r.wav","943","943","#dadada","256","psycho","psycho","psycho","restrictive","1","undefined","undefined","1","NA","undefined","NA","undefined","NA","undefined","NA","undefined","NA","NA","undefined","NA","NA","NA","undefined","0","46","46","0","0","0","0","NA","46","46","46","NA","0","NA","NA","46","0","NA","0","NA","0","NA","0","NA","0","NA","NA","NA","0","NA","NA","NA","46","NA","0","46","46","46","46","46","0","46","0","participant_group4.csv","4","NA","NA","NA","Thu Aug  6 20:33:36 2026","NA","The main experiment item","False","VWP_finalSetup_22_7.osexp","C:\Users\plcm\Desktop\2026-EyeTracking\group-eyeconic\OS2\final_recordings_upl","False","mono","False","20","no","#0c0c0c","no","yes","1440","25","26_pos3_nosub.png","26_pos3_sub.png","psycho","46","46","C:\Users\plcm\Desktop\2026-EyeTracking\group-eyeconic\OS2\final_recordings_upl\subject-11.csv","psycho","Neonatal Nightingale","4.1.14","peach","rope","canvas","keyboard","0","0","space","space","space","NA","space","NA","NA","space","NA","space","NA","space","NA","space","NA","NA","NA","space","NA","NA","NA","1412.6498000004794","1450.2938000005088","5146.346400000766","NA","1412.6498000004794","NA","NA","3211.5918999988935","NA","3652.1651999973983","NA","3147.9959999996936","NA","4603.971999997157","NA","NA","NA","4723.698300000251","NA","NA","NA","5666.30190000069","space","47","2","psycho","The man will paint the canvas","1024","2","24000","-16","experiment","11","odd","3","116421.66749999888","516585.70089999924","513754.74119999853","142389.26709999942","4823.220199999923","116426.11179999949","117882.03739999881","NA","509730.7691999995","513754.6798000003","509525.2274999984","NA","116421.7419000015","NA","NA","508111.87879999855","NA","NA","123032.87550000096","NA","126248.3968000015","NA","129904.55769999971","NA","133056.53050000183","NA","NA","NA","137664.8251000006","NA","NA","NA","516605.05449999985","NA","10501.56920000154","509714.9553000018","508102.7375000012","508111.75039999944","513774.60710000014","513731.19660000154","142389.29370000187","509714.3278000003","4834.109700001136","3000","SceneViewing","46","43420.81990000972","46","2560"
"100","100","47_r.wav","1002","1002","#dadada","256","psycho","psycho","psycho","restrictive","1","undefined","undefined","1","NA","undefined","NA","undefined","NA","undefined","NA","undefined","NA","NA","undefined","NA","NA","NA","undefined","0","47","47","0","0","0","0","NA","47","47","47","NA","0","NA","NA","47","0","NA","0","NA","0","NA","0","NA","0","NA","NA","NA","0","NA","NA","NA","47","NA","0","47","47","47","47","47","0","47","0","participant_group4.csv","4","NA","NA","NA","Thu Aug  6 20:33:36 2026","NA","The main experiment item","False","VWP_finalSetup_22_7.osexp","C:\Users\plcm\Desktop\2026-EyeTracking\group-eyeconic\OS2\final_recordings_upl","False","mono","False","20","no","#0c0c0c","no","yes","1440","47","48_pos1_nosub.png","48_pos1_sub.png","psycho","47","47","C:\Users\plcm\Desktop\2026-EyeTracking\group-eyeconic\OS2\final_recordings_upl\subject-11.csv","psycho","Neonatal Nightingale","4.1.14","carpet","dustpan","roller","footstool","0","0","space","space","space","NA","space","NA","NA","space","NA","space","NA","space","NA","space","NA","NA","NA","space","NA","NA","NA","3705.425000000163","1450.2938000005088","5146.346400000766","NA","3705.425000000163","NA","NA","3211.5918999988935","NA","3652.1651999973983","NA","3147.9959999996936","NA","4603.971999997157","NA","NA","NA","4723.698300000251","NA","NA","NA","5666.30190000069","space","48","2","psycho","The girl will vacuum the carpet","1024","2","24000","-16","experiment","11","odd","1","116421.66749999888","527595.6480999994","524574.8916000011","142389.26709999942","4823.220199999923","116426.11179999949","117882.03739999881","NA","520551.0491999994","524574.8461000003","520341.5279000001","NA","116421.7419000015","NA","NA","516635.08999999973","NA","NA","123032.87550000096","NA","126248.3968000015","NA","129904.55769999971","NA","133056.53050000183","NA","NA","NA","137664.8251000006","NA","NA","NA","527614.7152999984","NA","10501.56920000154","520533.91449999984","516625.53520000074","516634.9833999993","524594.2772000016","524551.5416000016","142389.29370000187","520533.35739999963","4834.109700001136","3000","SceneViewing","47","47126.244900009886","47","2560"
"100","100","13_r.wav","1018","1018","#dadada","256","psycho","psycho","psycho","restrictive","1","undefined","undefined","1","NA","undefined","NA","undefined","NA","undefined","NA","undefined","NA","NA","undefined","NA","NA","NA","undefined","0","48","48","0","0","0","0","NA","48","48","48","NA","0","NA","NA","48","0","NA","0","NA","0","NA","0","NA","0","NA","NA","NA","0","NA","NA","NA","48","NA","0","48","48","48","48","48","0","48","0","participant_group4.csv","4","NA","NA","NA","Thu Aug  6 20:33:36 2026","NA","The main experiment item","False","VWP_finalSetup_22_7.osexp","C:\Users\plcm\Desktop\2026-EyeTracking\group-eyeconic\OS2\final_recordings_upl","False","mono","False","20","no","#0c0c0c","no","yes","1440","13","14_pos3_nosub.png","14_pos3_sub.png","psycho","48","48","C:\Users\plcm\Desktop\2026-EyeTracking\group-eyeconic\OS2\final_recordings_upl\subject-11.csv","psycho","Neonatal Nightingale","4.1.14","briefcase","glasses","cigarettes","filofax","0","0","space","space","space","NA","space","NA","NA","space","NA","space","NA","space","NA","space","NA","NA","NA","space","NA","NA","NA","1748.873000000487","1450.2938000005088","5146.346400000766","NA","1748.873000000487","NA","NA","3211.5918999988935","NA","3652.1651999973983","NA","3147.9959999996936","NA","4603.971999997157","NA","NA","NA","4723.698300000251","NA","NA","NA","5666.30190000069","space","49","2","psycho","The man will smoke the cigarettes","1024","2","24000","-16","experiment","11","odd","3","116421.66749999888","536465.7184999996","533613.3293999992","142389.26709999942","4823.220199999923","116426.11179999949","117882.03739999881","NA","529589.3383000002","533613.2773999998","529381.4639000011","NA","116421.7419000015","NA","NA","527631.6456999993","NA","NA","123032.87550000096","NA","126248.3968000015","NA","129904.55769999971","NA","133056.53050000183","NA","NA","NA","137664.8251000006","NA","NA","NA","536485.0967999991","NA","10501.56920000154","529574.2654999995","527621.7982000017","527631.3373000012","533632.4877000006","533589.9465000002","142389.29370000187","529573.6655000001","4834.109700001136","3000","SceneViewing","48","48875.11790001037","48","2560"
"100","100","28_n.wav","1008","1008","#dadada","256","psycho","psycho","psycho","non-restrictive","1","undefined","undefined","1","NA","undefined","NA","undefined","NA","undefined","NA","undefined","NA","NA","undefined","NA","NA","NA","undefined","0","49","49","0","0","0","0","NA","49","49","49","NA","0","NA","NA","49","0","NA","0","NA","0","NA","0","NA","0","NA","NA","NA","0","NA","NA","NA","49","NA","0","49","49","49","49","49","0","49","0","participant_group4.csv","4","NA","NA","NA","Thu Aug  6 20:33:36 2026","NA","The main experiment item","False","VWP_finalSetup_22_7.osexp","C:\Users\plcm\Desktop\2026-EyeTracking\group-eyeconic\OS2\final_recordings_upl","False","mono","False","20","no","#0c0c0c","no","yes","1440","28","29_pos2_nosub.png","29_pos2_sub.png","psycho","49","49","C:\Users\plcm\Desktop\2026-EyeTracking\group-eyeconic\OS2\final_recordings_upl\subject-11.csv","psycho","Neonatal Nightingale","4.1.14","sock","milk","glove","nut","0","0","space","space","space","NA","space","NA","NA","space","NA","space","NA","space","NA","space","NA","NA","NA","space","NA","NA","NA","558.8210000023246","1450.2938000005088","5146.346400000766","NA","558.8210000023246","NA","NA","3211.5918999988935","NA","3652.1651999973983","NA","3147.9959999996936","NA","4603.971999997157","NA","NA","NA","4723.698300000251","NA","NA","NA","5666.30190000069","space","50","2","psycho","The cat will push the milk","1024","2","24000","-16","experiment","11","odd","2","116421.66749999888","543745.6047999986","541318.2672000002","142389.26709999942","4823.220199999923","116426.11179999949","117882.03739999881","NA","537293.1626999998","541318.1660000009","537061.4370000003","NA","116421.7419000015","NA","NA","536501.5831999991","NA","NA","123032.87550000096","NA","126248.3968000015","NA","129904.55769999971","NA","133056.53050000183","NA","NA","NA","137664.8251000006","NA","NA","NA","543764.5769000009","NA","10501.56920000154","537276.0218000003","536492.2966999984","536501.4741000014","541337.765799999","541293.7039999997","142389.29370000187","537275.2751000007","4834.109700001136","3000","SceneViewing","49","49433.9389000127","49","2560"
