"acc","accuracy","audio_file","average_response_time","avg_rt","background","block_size","canvas_backend","clock_backend","color_backend","condition","correct","correct_experiment_intro","correct_experiment_intro2","correct_new_1_keyboard_response","correct_new_2_keyboard_response","correct_new_2_sketchpad","correct_new_3_keyboard_response","correct_new_3_sketchpad","correct_new_4_keyboard_response","correct_new_4_sketchpad","correct_new_5_keyboard_response","correct_new_5_sketchpad","correct_new_6_keyboard_response","correct_new_7_keyboard_response","correct_new_7_sketchpad","correct_new_8_keyboard_response","correct_new_keyboard_response","correct_new_mouse_response","correct_welcome","count_accuracy_output","count_audio_file_offset","count_audio_file_onset_log","count_definitions","count_experiment","count_experiment_intro","count_experiment_intro2","count_image_delay","count_image_nosub","count_image_sub","count_increment_roundCounter","count_instruction","count_instructions","count_log_instruction","count_new_1_inline_script","count_new_1_keyboard_response","count_new_1_sketchpad","count_new_2_keyboard_response","count_new_2_sketchpad","count_new_3_keyboard_response","count_new_3_sketchpad","count_new_4_keyboard_response","count_new_4_sketchpad","count_new_5_keyboard_response","count_new_5_sketchpad","count_new_6_keyboard_response","count_new_6_sketchpad","count_new_7_keyboard_response","count_new_7_sketchpad","count_new_8_keyboard_response","count_new_inline_script","count_new_keyboard_response","count_new_logger","count_new_mouse_response","count_new_pygaze_init","count_new_pygaze_start_recording","count_new_pygaze_stop_recording","count_new_sketchpad","count_sentence_audio","count_subject_onset_log","count_trial_loop","count_trial_sequence","count_welcome","csv_filepath","csv_id","cursor_roi","cursor_x","cursor_y","datetime","delay_image_delay","description","disable_garbage_collection","experiment_file","experiment_path","font_bold","font_family","font_italic","font_size","font_underline","foreground","form_clicks","fullscreen","height","id","image_nosub","image_sub","keyboard_backend","live_row","live_row_trial_loop","logfile","mouse_backend","opensesame_codename","opensesame_version","position1","position2","position3","position4","psychopy_screen","repeat_cycle","response","response_experiment_intro","response_experiment_intro2","response_instruction","response_new_1_keyboard_response","response_new_1_sketchpad","response_new_2_keyboard_response","response_new_2_sketchpad","response_new_3_keyboard_response","response_new_3_sketchpad","response_new_4_keyboard_response","response_new_4_sketchpad","response_new_5_keyboard_response","response_new_5_sketchpad","response_new_6_keyboard_response","response_new_6_sketchpad","response_new_7_keyboard_response","response_new_7_sketchpad","response_new_8_keyboard_response","response_new_keyboard_response","response_new_mouse_response","response_time","response_time_experiment_intro","response_time_experiment_intro2","response_time_instruction","response_time_new_1_keyboard_response","response_time_new_1_sketchpad","response_time_new_2_keyboard_response","response_time_new_2_sketchpad","response_time_new_3_keyboard_response","response_time_new_3_sketchpad","response_time_new_4_keyboard_response","response_time_new_4_sketchpad","response_time_new_5_keyboard_response","response_time_new_5_sketchpad","response_time_new_6_keyboard_response","response_time_new_6_sketchpad","response_time_new_7_keyboard_response","response_time_new_7_sketchpad","response_time_new_8_keyboard_response","response_time_new_keyboard_response","response_time_new_mouse_response","response_time_welcome","response_welcome","round","round_decimals","sampler_backend","sentence","sound_buf_size","sound_channels","sound_freq","sound_sample_size","start","subject_nr","subject_parity","target_position","time_accuracy_output","time_audio_file_offset","time_audio_file_onset_log","time_definitions","time_experiment","time_experiment_intro","time_experiment_intro2","time_image_delay","time_image_nosub","time_image_sub","time_increment_roundCounter","time_instruction","time_instructions","time_log_instruction","time_new_1_inline_script","time_new_1_keyboard_response","time_new_1_sketchpad","time_new_2_keyboard_response","time_new_2_sketchpad","time_new_3_keyboard_response","time_new_3_sketchpad","time_new_4_keyboard_response","time_new_4_sketchpad","time_new_5_keyboard_response","time_new_5_sketchpad","time_new_6_keyboard_response","time_new_6_sketchpad","time_new_7_keyboard_response","time_new_7_sketchpad","time_new_8_keyboard_response","time_new_inline_script","time_new_keyboard_response","time_new_logger","time_new_mouse_response","time_new_pygaze_init","time_new_pygaze_start_recording","time_new_pygaze_stop_recording","time_new_sketchpad","time_sentence_audio","time_subject_onset_log","time_trial_loop","time_trial_sequence","time_welcome","timeout","title","total_correct","total_response_time","total_responses","width"
"undefined","undefined","16_n.wav","undefined","undefined","#dadada","256","psycho","psycho","psycho","non-restrictive","undefined","undefined","undefined","NA","NA","undefined","NA","undefined","NA","undefined","NA","undefined","NA","NA","undefined","NA","NA","NA","undefined","0","0","0","0","0","0","0","NA","0","0","0","NA","0","NA","NA","0","0","NA","0","NA","0","NA","0","NA","0","NA","NA","NA","0","NA","NA","NA","0","NA","0","0","0","0","0","0","0","0","0","participant_group8.csv","8","NA","NA","NA","Fri Jul 24 11:14:23 2026","NA","The main experiment item","False","VWP_finalSetup_22_7.osexp","C:\Users\plcm\Desktop\2026-EyeTracking\group-eyeconic\OS2\final_recordings_upl","False","mono","False","20","no","#0c0c0c","no","yes","1440","16","17_pos4_nosub.png","17_pos4_sub.png","psycho","0","0","C:/Users/plcm/Desktop/2026-EyeTracking/group-eyeconic/OS2/final_recordings_upl/group 7-13/subject-7.csv","psycho","Neonatal Nightingale","4.1.14","lantern","backpack","ribbon","dress","0","0","space","space","space","NA","NA","NA","NA","space","NA","space","NA","space","NA","space","NA","NA","NA","space","NA","NA","NA","4403.0242000008","2225.07630000473","6729.909500005306","NA","NA","NA","NA","3299.5740000042133","NA","3891.845399994054","NA","4804.047400000854","NA","4650.259300004109","NA","NA","NA","4403.0242000008","NA","NA","NA","7694.224899998517","c","1","2","psycho","The woman will  carry the dress","1024","2","24000","-16","experiment","7","odd","4","48719.77060000063","86780.68009999697","84029.27369999816","78759.07790000201","4900.636799997301","48725.23860000365","50956.36640000157","NA","79995.31230000139","84029.18130000762","NA","NA","48719.86569999717","NA","NA","NA","NA","NA","57690.708499998436","NA","60994.47990000772","NA","64890.28170000529","NA","69700.19370000227","NA","NA","NA","74355.31290000654","NA","NA","NA","86808.42370000028","NA","12607.702200009953","78989.71059999894","NA","NA","84052.06050000561","83995.5678999977","78759.11450000422","78989.01540000224","4912.207700006547","3000","SceneViewing","0","0","0","2560"
"100","100","17_r.wav","3334","3334","#dadada","256","psycho","psycho","psycho","restrictive","1","undefined","undefined","1","NA","undefined","NA","undefined","NA","undefined","NA","undefined","NA","NA","undefined","NA","NA","NA","undefined","0","1","1","0","0","0","0","NA","1","1","1","NA","0","NA","NA","1","0","NA","0","NA","0","NA","0","NA","0","NA","NA","NA","0","NA","NA","NA","1","NA","0","1","1","1","1","1","0","1","0","participant_group8.csv","8","NA","NA","NA","Fri Jul 24 11:14:23 2026","NA","The main experiment item","False","VWP_finalSetup_22_7.osexp","C:\Users\plcm\Desktop\2026-EyeTracking\group-eyeconic\OS2\final_recordings_upl","False","mono","False","20","no","#0c0c0c","no","yes","1440","17","18_pos1_nosub.png","18_pos1_sub.png","psycho","1","1","C:/Users/plcm/Desktop/2026-EyeTracking/group-eyeconic/OS2/final_recordings_upl/group 7-13/subject-7.csv","psycho","Neonatal Nightingale","4.1.14","wood","bucket","stone","rope","0","0","space","space","space","NA","space","NA","NA","space","NA","space","NA","space","NA","space","NA","NA","NA","space","NA","NA","NA","3334.3263999995543","2225.07630000473","6729.909500005306","NA","3334.3263999995543","NA","NA","3299.5740000042133","NA","3891.845399994054","NA","4804.047400000854","NA","4650.259300004109","NA","NA","NA","4403.0242000008","NA","NA","NA","7694.224899998517","c","2","2","psycho","The man will chop the wood","1024","2","24000","-16","experiment","7","odd","1","48719.77060000063","96890.96299999801","94420.06600000605","78759.07790000201","4900.636799997301","48725.23860000365","50956.36640000157","NA","90396.23280000524","94419.99470000155","90182.83540000266","NA","48719.86569999717","NA","NA","86847.93790000549","NA","NA","57690.708499998436","NA","60994.47990000772","NA","64890.28170000529","NA","69700.19370000227","NA","NA","NA","74355.31290000654","NA","NA","NA","96910.85220000241","NA","12607.702200009953","90380.41569999768","86826.5578999999","86847.83919999609","94439.35280000733","94396.38350000314","78759.11450000422","90379.76759999583","4912.207700006547","3000","SceneViewing","1","3334.3263999995543","1","2560"
"100","100","44_n.wav","2301","2301","#dadada","256","psycho","psycho","psycho","non-restrictive","1","undefined","undefined","1","NA","undefined","NA","undefined","NA","undefined","NA","undefined","NA","NA","undefined","NA","NA","NA","undefined","0","2","2","0","0","0","0","NA","2","2","2","NA","0","NA","NA","2","0","NA","0","NA","0","NA","0","NA","0","NA","NA","NA","0","NA","NA","NA","2","NA","0","2","2","2","2","2","0","2","0","participant_group8.csv","8","NA","NA","NA","Fri Jul 24 11:14:23 2026","NA","The main experiment item","False","VWP_finalSetup_22_7.osexp","C:\Users\plcm\Desktop\2026-EyeTracking\group-eyeconic\OS2\final_recordings_upl","False","mono","False","20","no","#0c0c0c","no","yes","1440","44","45_pos4_nosub.png","45_pos4_sub.png","psycho","2","2","C:/Users/plcm/Desktop/2026-EyeTracking/group-eyeconic/OS2/final_recordings_upl/group 7-13/subject-7.csv","psycho","Neonatal Nightingale","4.1.14","glass","ladle","hammer","dough","0","0","space","space","space","NA","space","NA","NA","space","NA","space","NA","space","NA","space","NA","NA","NA","space","NA","NA","NA","1268.521400008467","2225.07630000473","6729.909500005306","NA","1268.521400008467","NA","NA","3299.5740000042133","NA","3891.845399994054","NA","4804.047400000854","NA","4650.259300004109","NA","NA","NA","4403.0242000008","NA","NA","NA","7694.224899998517","c","3","2","psycho","The baker will inspect the dough","1024","2","24000","-16","experiment","7","odd","4","48719.77060000063","105340.79430000565","102440.18020000658","78759.07790000201","4900.636799997301","48725.23860000365","50956.36640000157","NA","98416.30209999857","102440.1235999976","98199.11210000282","NA","48719.86569999717","NA","NA","96929.8517999996","NA","NA","57690.708499998436","NA","60994.47990000772","NA","64890.28170000529","NA","69700.19370000227","NA","NA","NA","74355.31290000654","NA","NA","NA","105360.0041000027","NA","12607.702200009953","98400.16040000774","96918.9153000043","96929.71110000508","102459.75380000891","102416.76200000802","78759.11450000422","98399.59159999853","4912.207700006547","3000","SceneViewing","2","4602.847800008021","2","2560"
"100","100","43_r.wav","1986","1986","#dadada","256","psycho","psycho","psycho","restrictive","1","undefined","undefined","1","NA","undefined","NA","undefined","NA","undefined","NA","undefined","NA","NA","undefined","NA","NA","NA","undefined","0","3","3","0","0","0","0","NA","3","3","3","NA","0","NA","NA","3","0","NA","0","NA","0","NA","0","NA","0","NA","NA","NA","0","NA","NA","NA","3","NA","0","3","3","3","3","3","0","3","0","participant_group8.csv","8","NA","NA","NA","Fri Jul 24 11:14:23 2026","NA","The main experiment item","False","VWP_finalSetup_22_7.osexp","C:\Users\plcm\Desktop\2026-EyeTracking\group-eyeconic\OS2\final_recordings_upl","False","mono","False","20","no","#0c0c0c","no","yes","1440","43","44_pos3_nosub.png","44_pos3_sub.png","psycho","3","3","C:/Users/plcm/Desktop/2026-EyeTracking/group-eyeconic/OS2/final_recordings_upl/group 7-13/subject-7.csv","psycho","Neonatal Nightingale","4.1.14","bolt","handle","safe","pan","0","0","space","space","space","NA","space","NA","NA","space","NA","space","NA","space","NA","space","NA","NA","NA","space","NA","NA","NA","1356.8614999967394","2225.07630000473","6729.909500005306","NA","1356.8614999967394","NA","NA","3299.5740000042133","NA","3891.845399994054","NA","4804.047400000854","NA","4650.259300004109","NA","NA","NA","4403.0242000008","NA","NA","NA","7694.224899998517","c","4","2","psycho","The man will lock the safe","1024","2","24000","-16","experiment","7","odd","3","48719.77060000063","113510.67070000863","110984.32329999923","78759.07790000201","4900.636799997301","48725.23860000365","50956.36640000157","NA","106960.19749999687","110984.2581999983","106735.19160000433","NA","48719.86569999717","NA","NA","105377.50670000969","NA","NA","57690.708499998436","NA","60994.47990000772","NA","64890.28170000529","NA","69700.19370000227","NA","NA","NA","74355.31290000654","NA","NA","NA","113529.56370000902","NA","12607.702200009953","106943.38130000688","105367.51589999767","105377.33260000823","111004.01380000403","110960.8933999989","78759.11450000422","106942.64570000814","4912.207700006547","3000","SceneViewing","3","5959.709300004761","3","2560"
"100","100","46_n.wav","1888","1888","#dadada","256","psycho","psycho","psycho","non-restrictive","1","undefined","undefined","1","NA","undefined","NA","undefined","NA","undefined","NA","undefined","NA","NA","undefined","NA","NA","NA","undefined","0","4","4","0","0","0","0","NA","4","4","4","NA","0","NA","NA","4","0","NA","0","NA","0","NA","0","NA","0","NA","NA","NA","0","NA","NA","NA","4","NA","0","4","4","4","4","4","0","4","0","participant_group8.csv","8","NA","NA","NA","Fri Jul 24 11:14:23 2026","NA","The main experiment item","False","VWP_finalSetup_22_7.osexp","C:\Users\plcm\Desktop\2026-EyeTracking\group-eyeconic\OS2\final_recordings_upl","False","mono","False","20","no","#0c0c0c","no","yes","1440","46","47_pos2_nosub.png","47_pos2_sub.png","psycho","4","4","C:/Users/plcm/Desktop/2026-EyeTracking/group-eyeconic/OS2/final_recordings_upl/group 7-13/subject-7.csv","psycho","Neonatal Nightingale","4.1.14","stand","violin","bow","gum","0","0","space","space","space","NA","space","NA","NA","space","NA","space","NA","space","NA","space","NA","NA","NA","space","NA","NA","NA","1595.086999994237","2225.07630000473","6729.909500005306","NA","1595.086999994237","NA","NA","3299.5740000042133","NA","3891.845399994054","NA","4804.047400000854","NA","4650.259300004109","NA","NA","NA","4403.0242000008","NA","NA","NA","7694.224899998517","c","5","2","psycho","The musician will move the violin","1024","2","24000","-16","experiment","7","odd","2","48719.77060000063","122681.0003999999","119391.80250000209","78759.07790000201","4900.636799997301","48725.23860000365","50956.36640000157","NA","115367.88790000719","119391.75080000132","115143.17900000606","NA","48719.86569999717","NA","NA","113547.23350000859","NA","NA","57690.708499998436","NA","60994.47990000772","NA","64890.28170000529","NA","69700.19370000227","NA","NA","NA","74355.31290000654","NA","NA","NA","122700.7195000042","NA","12607.702200009953","115352.22590000194","113536.98319999967","113547.04830000992","119411.40300000552","119368.04539999866","78759.11450000422","115351.43580001022","4912.207700006547","3000","SceneViewing","4","7554.796299998998","4","2560"
"100","100","19_r.wav","1718","1718","#dadada","256","psycho","psycho","psycho","restrictive","1","undefined","undefined","1","NA","undefined","NA","undefined","NA","undefined","NA","undefined","NA","NA","undefined","NA","NA","NA","undefined","0","5","5","0","0","0","0","NA","5","5","5","NA","0","NA","NA","5","0","NA","0","NA","0","NA","0","NA","0","NA","NA","NA","0","NA","NA","NA","5","NA","0","5","5","5","5","5","0","5","0","participant_group8.csv","8","NA","NA","NA","Fri Jul 24 11:14:23 2026","NA","The main experiment item","False","VWP_finalSetup_22_7.osexp","C:\Users\plcm\Desktop\2026-EyeTracking\group-eyeconic\OS2\final_recordings_upl","False","mono","False","20","no","#0c0c0c","no","yes","1440","19","20_pos3_nosub.png","20_pos3_sub.png","psycho","5","5","C:/Users/plcm/Desktop/2026-EyeTracking/group-eyeconic/OS2/final_recordings_upl/group 7-13/subject-7.csv","psycho","Neonatal Nightingale","4.1.14","spatula","bowl","bread","spoon","0","0","space","space","space","NA","space","NA","NA","space","NA","space","NA","space","NA","space","NA","NA","NA","space","NA","NA","NA","1035.6800999870757","2225.07630000473","6729.909500005306","NA","1035.6800999870757","NA","NA","3299.5740000042133","NA","3891.845399994054","NA","4804.047400000854","NA","4650.259300004109","NA","NA","NA","4403.0242000008","NA","NA","NA","7694.224899998517","c","6","2","psycho","The chef will slice the bread","1024","2","24000","-16","experiment","7","odd","3","48719.77060000063","130570.9050000005","128003.20659999852","78759.07790000201","4900.636799997301","48725.23860000365","50956.36640000157","NA","123976.88470000867","128003.140300003","123758.90680000884","NA","48719.86569999717","NA","NA","122722.58670000883","NA","NA","57690.708499998436","NA","60994.47990000772","NA","64890.28170000529","NA","69700.19370000227","NA","NA","NA","74355.31290000654","NA","NA","NA","130590.38770000916","NA","12607.702200009953","123961.70900001016","122711.09520000755","122722.46889999951","128022.4229000014","127977.39359999832","78759.11450000422","123960.97519999603","4912.207700006547","3000","SceneViewing","5","8590.476399986073","5","2560"
"100","100","13_r.wav","1610","1610","#dadada","256","psycho","psycho","psycho","restrictive","1","undefined","undefined","1","NA","undefined","NA","undefined","NA","undefined","NA","undefined","NA","NA","undefined","NA","NA","NA","undefined","0","6","6","0","0","0","0","NA","6","6","6","NA","0","NA","NA","6","0","NA","0","NA","0","NA","0","NA","0","NA","NA","NA","0","NA","NA","NA","6","NA","0","6","6","6","6","6","0","6","0","participant_group8.csv","8","NA","NA","NA","Fri Jul 24 11:14:23 2026","NA","The main experiment item","False","VWP_finalSetup_22_7.osexp","C:\Users\plcm\Desktop\2026-EyeTracking\group-eyeconic\OS2\final_recordings_upl","False","mono","False","20","no","#0c0c0c","no","yes","1440","13","14_pos1_nosub.png","14_pos1_sub.png","psycho","6","6","C:/Users/plcm/Desktop/2026-EyeTracking/group-eyeconic/OS2/final_recordings_upl/group 7-13/subject-7.csv","psycho","Neonatal Nightingale","4.1.14","cigarettes","filofax","briefcase","glasses","0","0","space","space","space","NA","space","NA","NA","space","NA","space","NA","space","NA","space","NA","NA","NA","space","NA","NA","NA","1073.3524000097532","2225.07630000473","6729.909500005306","NA","1073.3524000097532","NA","NA","3299.5740000042133","NA","3891.845399994054","NA","4804.047400000854","NA","4650.259300004109","NA","NA","NA","4403.0242000008","NA","NA","NA","7694.224899998517","c","7","2","psycho","The man will smoke the cigarettes","1024","2","24000","-16","experiment","7","odd","1","48719.77060000063","138810.6805999996","135936.75130000338","78759.07790000201","4900.636799997301","48725.23860000365","50956.36640000157","NA","131913.077300007","135936.68040000193","131695.03400000394","NA","48719.86569999717","NA","NA","130620.97899999935","NA","NA","57690.708499998436","NA","60994.47990000772","NA","64890.28170000529","NA","69700.19370000227","NA","NA","NA","74355.31290000654","NA","NA","NA","138830.2907000034","NA","12607.702200009953","131896.6511000035","130610.75659999915","130620.85629999638","135955.77430000412","135913.28960000828","78759.11450000422","131896.0122999997","4912.207700006547","3000","SceneViewing","6","9663.828799995827","6","2560"
"100","100","18_n.wav","1487","1487","#dadada","256","psycho","psycho","psycho","non-restrictive","1","undefined","undefined","1","NA","undefined","NA","undefined","NA","undefined","NA","undefined","NA","NA","undefined","NA","NA","NA","undefined","0","7","7","0","0","0","0","NA","7","7","7","NA","0","NA","NA","7","0","NA","0","NA","0","NA","0","NA","0","NA","NA","NA","0","NA","NA","NA","7","NA","0","7","7","7","7","7","0","7","0","participant_group8.csv","8","NA","NA","NA","Fri Jul 24 11:14:23 2026","NA","The main experiment item","False","VWP_finalSetup_22_7.osexp","C:\Users\plcm\Desktop\2026-EyeTracking\group-eyeconic\OS2\final_recordings_upl","False","mono","False","20","no","#0c0c0c","no","yes","1440","18","19_pos2_nosub.png","19_pos2_sub.png","psycho","7","7","C:/Users/plcm/Desktop/2026-EyeTracking/group-eyeconic/OS2/final_recordings_upl/group 7-13/subject-7.csv","psycho","Neonatal Nightingale","4.1.14","leaf","football","stick","feather","0","0","space","space","space","NA","space","NA","NA","space","NA","space","NA","space","NA","space","NA","NA","NA","space","NA","NA","NA","751.0183999984292","2225.07630000473","6729.909500005306","NA","751.0183999984292","NA","NA","3299.5740000042133","NA","3891.845399994054","NA","4804.047400000854","NA","4650.259300004109","NA","NA","NA","4403.0242000008","NA","NA","NA","7694.224899998517","c","8","2","psycho","The boy will touch the football","1024","2","24000","-16","experiment","7","odd","2","48719.77060000063","146450.8235999965","143838.17319999798","78759.07790000201","4900.636799997301","48725.23860000365","50956.36640000157","NA","139814.6226000099","143838.09689999907","139599.097600003","NA","48719.86569999717","NA","NA","138847.31740001007","NA","NA","57690.708499998436","NA","60994.47990000772","NA","64890.28170000529","NA","69700.19370000227","NA","NA","NA","74355.31290000654","NA","NA","NA","146470.26000000187","NA","12607.702200009953","139798.6946000019","138837.29730000778","138847.0354000019","143857.43489999732","143814.84099999943","78759.11450000422","139798.0305000092","4912.207700006547","3000","SceneViewing","7","10414.847199994256","7","2560"
"100","100","29_r.wav","1385","1385","#dadada","256","psycho","psycho","psycho","restrictive","1","undefined","undefined","1","NA","undefined","NA","undefined","NA","undefined","NA","undefined","NA","NA","undefined","NA","NA","NA","undefined","0","8","8","0","0","0","0","NA","8","8","8","NA","0","NA","NA","8","0","NA","0","NA","0","NA","0","NA","0","NA","NA","NA","0","NA","NA","NA","8","NA","0","8","8","8","8","8","0","8","0","participant_group8.csv","8","NA","NA","NA","Fri Jul 24 11:14:23 2026","NA","The main experiment item","False","VWP_finalSetup_22_7.osexp","C:\Users\plcm\Desktop\2026-EyeTracking\group-eyeconic\OS2\final_recordings_upl","False","mono","False","20","no","#0c0c0c","no","yes","1440","29","30_pos1_nosub.png","30_pos1_sub.png","psycho","8","8","C:/Users/plcm/Desktop/2026-EyeTracking/group-eyeconic/OS2/final_recordings_upl/group 7-13/subject-7.csv","psycho","Neonatal Nightingale","4.1.14","newspaper","comb","eraser","tissue","0","0","space","space","space","NA","space","NA","NA","space","NA","space","NA","space","NA","space","NA","NA","NA","space","NA","NA","NA","672.974000000977","2225.07630000473","6729.909500005306","NA","672.974000000977","NA","NA","3299.5740000042133","NA","3891.845399994054","NA","4804.047400000854","NA","4650.259300004109","NA","NA","NA","4403.0242000008","NA","NA","NA","7694.224899998517","c","9","2","psycho","The grandmother will read the newspaper","1024","2","24000","-16","experiment","7","odd","1","48719.77060000063","154150.6381000072","151428.69290000817","78759.07790000201","4900.636799997301","48725.23860000365","50956.36640000157","NA","147404.86029999738","151428.58120000164","147175.17750000115","NA","48719.86569999717","NA","NA","146501.3620999962","NA","NA","57690.708499998436","NA","60994.47990000772","NA","64890.28170000529","NA","69700.19370000227","NA","NA","NA","74355.31290000654","NA","NA","NA","154169.87430000154","NA","12607.702200009953","147388.79029999953","146491.08459999843","146501.2327000004","151447.65070000722","151405.03740000713","78759.11450000422","147388.2156000036","4912.207700006547","3000","SceneViewing","8","11087.821199995233","8","2560"
"100","100","40_n.wav","1331","1331","#dadada","256","psycho","psycho","psycho","non-restrictive","1","undefined","undefined","1","NA","undefined","NA","undefined","NA","undefined","NA","undefined","NA","NA","undefined","NA","NA","NA","undefined","0","9","9","0","0","0","0","NA","9","9","9","NA","0","NA","NA","9","0","NA","0","NA","0","NA","0","NA","0","NA","NA","NA","0","NA","NA","NA","9","NA","0","9","9","9","9","9","0","9","0","participant_group8.csv","8","NA","NA","NA","Fri Jul 24 11:14:23 2026","NA","The main experiment item","False","VWP_finalSetup_22_7.osexp","C:\Users\plcm\Desktop\2026-EyeTracking\group-eyeconic\OS2\final_recordings_upl","False","mono","False","20","no","#0c0c0c","no","yes","1440","40","41_pos4_nosub.png","41_pos4_sub.png","psycho","9","9","C:/Users/plcm/Desktop/2026-EyeTracking/group-eyeconic/OS2/final_recordings_upl/group 7-13/subject-7.csv","psycho","Neonatal Nightingale","4.1.14","pin","toothbrish","iron","blouse","0","0","space","space","space","NA","space","NA","NA","space","NA","space","NA","space","NA","space","NA","NA","NA","space","NA","NA","NA","898.7396000011358","2225.07630000473","6729.909500005306","NA","898.7396000011358","NA","NA","3299.5740000042133","NA","3891.845399994054","NA","4804.047400000854","NA","4650.259300004109","NA","NA","NA","4403.0242000008","NA","NA","NA","7694.224899998517","c","10","2","psycho","The girl will hold the blouse","1024","2","24000","-16","experiment","7","odd","4","48719.77060000063","162000.71990001015","159336.34970001003","78759.07790000201","4900.636799997301","48725.23860000365","50956.36640000157","NA","155312.07580000046","159336.25410000968","155095.02120000252","NA","48719.86569999717","NA","NA","154195.60030000866","NA","NA","57690.708499998436","NA","60994.47990000772","NA","64890.28170000529","NA","69700.19370000227","NA","NA","NA","74355.31290000654","NA","NA","NA","162019.92810000957","NA","12607.702200009953","155296.67890000565","154185.45810000796","154195.49559999723","159355.81059999822","159312.48570000753","78759.11450000422","155296.1098000087","4912.207700006547","3000","SceneViewing","9","11986.560799996369","9","2560"
"100","100","22_n.wav","1296","1296","#dadada","256","psycho","psycho","psycho","non-restrictive","1","undefined","undefined","1","NA","undefined","NA","undefined","NA","undefined","NA","undefined","NA","NA","undefined","NA","NA","NA","undefined","0","10","10","0","0","0","0","NA","10","10","10","NA","0","NA","NA","10","0","NA","0","NA","0","NA","0","NA","0","NA","NA","NA","0","NA","NA","NA","10","NA","0","10","10","10","10","10","0","10","0","participant_group8.csv","8","NA","NA","NA","Fri Jul 24 11:14:23 2026","NA","The main experiment item","False","VWP_finalSetup_22_7.osexp","C:\Users\plcm\Desktop\2026-EyeTracking\group-eyeconic\OS2\final_recordings_upl","False","mono","False","20","no","#0c0c0c","no","yes","1440","22","23_pos2_nosub.png","23_pos2_sub.png","psycho","10","10","C:/Users/plcm/Desktop/2026-EyeTracking/group-eyeconic/OS2/final_recordings_upl/group 7-13/subject-7.csv","psycho","Neonatal Nightingale","4.1.14","towel","coat","hook","poster","0","0","space","space","space","NA","space","NA","NA","space","NA","space","NA","space","NA","space","NA","NA","NA","space","NA","NA","NA","976.632600009907","2225.07630000473","6729.909500005306","NA","976.632600009907","NA","NA","3299.5740000042133","NA","3891.845399994054","NA","4804.047400000854","NA","4650.259300004109","NA","NA","NA","4403.0242000008","NA","NA","NA","7694.224899998517","c","11","2","psycho","The girl will hang the coat","1024","2","24000","-16","experiment","7","odd","2","48719.77060000063","169740.99639999622","167257.7137000044","78759.07790000201","4900.636799997301","48725.23860000365","50956.36640000157","NA","163233.66720000922","167257.654800007","163015.23400000588","NA","48719.86569999717","NA","NA","162037.64809999848","NA","NA","57690.708499998436","NA","60994.47990000772","NA","64890.28170000529","NA","69700.19370000227","NA","NA","NA","74355.31290000654","NA","NA","NA","169760.7444000023","NA","12607.702200009953","163217.833600007","162027.43650000775","162037.45280001021","167276.82359999744","167233.96420000063","78759.11450000422","163216.86770000088","4912.207700006547","3000","SceneViewing","10","12963.193400006276","10","2560"
"100","100","47_r.wav","1240","1240","#dadada","256","psycho","psycho","psycho","restrictive","1","undefined","undefined","1","NA","undefined","NA","undefined","NA","undefined","NA","undefined","NA","NA","undefined","NA","NA","NA","undefined","0","11","11","0","0","0","0","NA","11","11","11","NA","0","NA","NA","11","0","NA","0","NA","0","NA","0","NA","0","NA","NA","NA","0","NA","NA","NA","11","NA","0","11","11","11","11","11","0","11","0","participant_group8.csv","8","NA","NA","NA","Fri Jul 24 11:14:23 2026","NA","The main experiment item","False","VWP_finalSetup_22_7.osexp","C:\Users\plcm\Desktop\2026-EyeTracking\group-eyeconic\OS2\final_recordings_upl","False","mono","False","20","no","#0c0c0c","no","yes","1440","47","48_pos3_nosub.png","48_pos3_sub.png","psycho","11","11","C:/Users/plcm/Desktop/2026-EyeTracking/group-eyeconic/OS2/final_recordings_upl/group 7-13/subject-7.csv","psycho","Neonatal Nightingale","4.1.14","roller","footstool","carpet","dustpan","0","0","space","space","space","NA","space","NA","NA","space","NA","space","NA","space","NA","space","NA","NA","NA","space","NA","NA","NA","687.7732999855652","2225.07630000473","6729.909500005306","NA","687.7732999855652","NA","NA","3299.5740000042133","NA","3891.845399994054","NA","4804.047400000854","NA","4650.259300004109","NA","NA","NA","4403.0242000008","NA","NA","NA","7694.224899998517","c","12","2","psycho","The girl will vacuum the carpet","1024","2","24000","-16","experiment","7","odd","3","48719.77060000063","177720.64970000065","174709.95240000775","78759.07790000201","4900.636799997301","48725.23860000365","50956.36640000157","NA","170684.5536000037","174709.85420000216","170471.19620000012","NA","48719.86569999717","NA","NA","169782.50310001022","NA","NA","57690.708499998436","NA","60994.47990000772","NA","64890.28170000529","NA","69700.19370000227","NA","NA","NA","74355.31290000654","NA","NA","NA","177739.79740000505","NA","12607.702200009953","170668.89709999668","169772.63069999753","169782.39510000276","174729.09930000606","174684.76119999832","78759.11450000422","170668.26330000185","4912.207700006547","3000","SceneViewing","11","13650.96669999184","11","2560"
"100","100","3_r.wav","1188","1188","#dadada","256","psycho","psycho","psycho","restrictive","1","undefined","undefined","1","NA","undefined","NA","undefined","NA","undefined","NA","undefined","NA","NA","undefined","NA","NA","NA","undefined","0","12","12","0","0","0","0","NA","12","12","12","NA","0","NA","NA","12","0","NA","0","NA","0","NA","0","NA","0","NA","NA","NA","0","NA","NA","NA","12","NA","0","12","12","12","12","12","0","12","0","participant_group8.csv","8","NA","NA","NA","Fri Jul 24 11:14:23 2026","NA","The main experiment item","False","VWP_finalSetup_22_7.osexp","C:\Users\plcm\Desktop\2026-EyeTracking\group-eyeconic\OS2\final_recordings_upl","False","mono","False","20","no","#0c0c0c","no","yes","1440","3","4_pos3_nosub.png","4_pos3_sub.png","psycho","12","12","C:/Users/plcm/Desktop/2026-EyeTracking/group-eyeconic/OS2/final_recordings_upl/group 7-13/subject-7.csv","psycho","Neonatal Nightingale","4.1.14","stool","rocking-horse","baby","plant","0","0","space","space","space","NA","space","NA","NA","space","NA","space","NA","space","NA","space","NA","NA","NA","space","NA","NA","NA","611.3897000032011","2225.07630000473","6729.909500005306","NA","611.3897000032011","NA","NA","3299.5740000042133","NA","3891.845399994054","NA","4804.047400000854","NA","4650.259300004109","NA","NA","NA","4403.0242000008","NA","NA","NA","7694.224899998517","c","13","2","psycho","The woman will bathe the baby","1024","2","24000","-16","experiment","7","odd","3","48719.77060000063","185490.66460000176","182621.576000005","78759.07790000201","4900.636799997301","48725.23860000365","50956.36640000157","NA","178597.17370000726","182621.4963000093","178383.0275000073","NA","48719.86569999717","NA","NA","177770.8927000058","NA","NA","57690.708499998436","NA","60994.47990000772","NA","64890.28170000529","NA","69700.19370000227","NA","NA","NA","74355.31290000654","NA","NA","NA","185509.77720000083","NA","12607.702200009953","178580.65740000166","177759.91370000702","177770.75710000645","182641.0474000004","182597.68849999818","78759.11450000422","178580.0556000031","4912.207700006547","3000","SceneViewing","12","14262.356399995042","12","2560"
"100","100","9_r.wav","1133","1133","#dadada","256","psycho","psycho","psycho","restrictive","1","undefined","undefined","1","NA","undefined","NA","undefined","NA","undefined","NA","undefined","NA","NA","undefined","NA","NA","NA","undefined","0","13","13","0","0","0","0","NA","13","13","13","NA","0","NA","NA","13","0","NA","0","NA","0","NA","0","NA","0","NA","NA","NA","0","NA","NA","NA","13","NA","0","13","13","13","13","13","0","13","0","participant_group8.csv","8","NA","NA","NA","Fri Jul 24 11:14:23 2026","NA","The main experiment item","False","VWP_finalSetup_22_7.osexp","C:\Users\plcm\Desktop\2026-EyeTracking\group-eyeconic\OS2\final_recordings_upl","False","mono","False","20","no","#0c0c0c","no","yes","1440","9","10_pos1_nosub.png","10_pos1_sub.png","psycho","13","13","C:/Users/plcm/Desktop/2026-EyeTracking/group-eyeconic/OS2/final_recordings_upl/group 7-13/subject-7.csv","psycho","Neonatal Nightingale","4.1.14","book","door","cup","bag","0","0","space","space","space","NA","space","NA","NA","space","NA","space","NA","space","NA","space","NA","NA","NA","space","NA","NA","NA","478.6943000071915","2225.07630000473","6729.909500005306","NA","478.6943000071915","NA","NA","3299.5740000042133","NA","3891.845399994054","NA","4804.047400000854","NA","4650.259300004109","NA","NA","NA","4403.0242000008","NA","NA","NA","7694.224899998517","c","14","2","psycho","The woman will read the book","1024","2","24000","-16","experiment","7","odd","1","48719.77060000063","192650.91240000038","190242.58120000013","78759.07790000201","4900.636799997301","48725.23860000365","50956.36640000157","NA","186218.7707999983","190242.5149000046","186007.18880000932","NA","48719.86569999717","NA","NA","185527.6187999989","NA","NA","57690.708499998436","NA","60994.47990000772","NA","64890.28170000529","NA","69700.19370000227","NA","NA","NA","74355.31290000654","NA","NA","NA","192670.44929999975","NA","12607.702200009953","186201.4666000032","185517.60560000548","185527.51070000522","190262.28219999757","190219.0724000102","78759.11450000422","186200.96529999864","4912.207700006547","3000","SceneViewing","13","14741.050700002233","13","2560"
"100","100","34_n.wav","1095","1095","#dadada","256","psycho","psycho","psycho","non-restrictive","1","undefined","undefined","1","NA","undefined","NA","undefined","NA","undefined","NA","undefined","NA","NA","undefined","NA","NA","NA","undefined","0","14","14","0","0","0","0","NA","14","14","14","NA","0","NA","NA","14","0","NA","0","NA","0","NA","0","NA","0","NA","NA","NA","0","NA","NA","NA","14","NA","0","14","14","14","14","14","0","14","0","participant_group8.csv","8","NA","NA","NA","Fri Jul 24 11:14:23 2026","NA","The main experiment item","False","VWP_finalSetup_22_7.osexp","C:\Users\plcm\Desktop\2026-EyeTracking\group-eyeconic\OS2\final_recordings_upl","False","mono","False","20","no","#0c0c0c","no","yes","1440","34","35_pos2_nosub.png","35_pos2_sub.png","psycho","14","14","C:/Users/plcm/Desktop/2026-EyeTracking/group-eyeconic/OS2/final_recordings_upl/group 7-13/subject-7.csv","psycho","Neonatal Nightingale","4.1.14","pillow","radio","puzzle","notebook","0","0","space","space","space","NA","space","NA","NA","space","NA","space","NA","space","NA","space","NA","NA","NA","space","NA","NA","NA","591.7462999932468","2225.07630000473","6729.909500005306","NA","591.7462999932468","NA","NA","3299.5740000042133","NA","3891.845399994054","NA","4804.047400000854","NA","4650.259300004109","NA","NA","NA","4403.0242000008","NA","NA","NA","7694.224899998517","c","15","2","psycho","The boy will move the radio","1024","2","24000","-16","experiment","7","odd","2","48719.77060000063","200291.17199999746","197550.25410000235","78759.07790000201","4900.636799997301","48725.23860000365","50956.36640000157","NA","193525.57969999907","197550.17159999989","193294.89200000535","NA","48719.86569999717","NA","NA","192702.53770001","NA","NA","57690.708499998436","NA","60994.47990000772","NA","64890.28170000529","NA","69700.19370000227","NA","NA","NA","74355.31290000654","NA","NA","NA","200310.37839999772","NA","12607.702200009953","193506.6288000089","192691.44660000165","192702.33130000997","197570.13300000108","197525.85360000376","78759.11450000422","193505.8924000041","4912.207700006547","3000","SceneViewing","14","15332.79699999548","14","2560"
"100","100","12_n.wav","1044","1044","#dadada","256","psycho","psycho","psycho","non-restrictive","1","undefined","undefined","1","NA","undefined","NA","undefined","NA","undefined","NA","undefined","NA","NA","undefined","NA","NA","NA","undefined","0","15","15","0","0","0","0","NA","15","15","15","NA","0","NA","NA","15","0","NA","0","NA","0","NA","0","NA","0","NA","NA","NA","0","NA","NA","NA","15","NA","0","15","15","15","15","15","0","15","0","participant_group8.csv","8","NA","NA","NA","Fri Jul 24 11:14:23 2026","NA","The main experiment item","False","VWP_finalSetup_22_7.osexp","C:\Users\plcm\Desktop\2026-EyeTracking\group-eyeconic\OS2\final_recordings_upl","False","mono","False","20","no","#0c0c0c","no","yes","1440","12","13_pos4_nosub.png","13_pos4_sub.png","psycho","15","15","C:/Users/plcm/Desktop/2026-EyeTracking/group-eyeconic/OS2/final_recordings_upl/group 7-13/subject-7.csv","psycho","Neonatal Nightingale","4.1.14","birds","sun","car","boat","0","0","space","space","space","NA","space","NA","NA","space","NA","space","NA","space","NA","space","NA","NA","NA","space","NA","NA","NA","341.6598000039812","2225.07630000473","6729.909500005306","NA","341.6598000039812","NA","NA","3299.5740000042133","NA","3891.845399994054","NA","4804.047400000854","NA","4650.259300004109","NA","NA","NA","4403.0242000008","NA","NA","NA","7694.224899998517","c","16","2","psycho","The man will watch the boat","1024","2","24000","-16","experiment","7","odd","4","48719.77060000063","207390.94890000706","204905.24310000183","78759.07790000201","4900.636799997301","48725.23860000365","50956.36640000157","NA","200880.9065999958","204905.1582999964","200671.17309999594","NA","48719.86569999717","NA","NA","200328.72000000498","NA","NA","57690.708499998436","NA","60994.47990000772","NA","64890.28170000529","NA","69700.19370000227","NA","NA","NA","74355.31290000654","NA","NA","NA","207410.0766000047","NA","12607.702200009953","200864.94569999923","200318.7684000004","200328.61460000277","204924.26490000798","204881.07899999886","78759.11450000422","200864.17100000835","4912.207700006547","3000","SceneViewing","15","15674.456799999462","15","2560"
"100","100","1_r.wav","1007","1007","#dadada","256","psycho","psycho","psycho","restrictive","1","undefined","undefined","1","NA","undefined","NA","undefined","NA","undefined","NA","undefined","NA","NA","undefined","NA","NA","NA","undefined","0","16","16","0","0","0","0","NA","16","16","16","NA","0","NA","NA","16","0","NA","0","NA","0","NA","0","NA","0","NA","NA","NA","0","NA","NA","NA","16","NA","0","16","16","16","16","16","0","16","0","participant_group8.csv","8","NA","NA","NA","Fri Jul 24 11:14:23 2026","NA","The main experiment item","False","VWP_finalSetup_22_7.osexp","C:\Users\plcm\Desktop\2026-EyeTracking\group-eyeconic\OS2\final_recordings_upl","False","mono","False","20","no","#0c0c0c","no","yes","1440","1","2_pos1_nosub.png","2_pos1_sub.png","psycho","16","16","C:/Users/plcm/Desktop/2026-EyeTracking/group-eyeconic/OS2/final_recordings_upl/group 7-13/subject-7.csv","psycho","Neonatal Nightingale","4.1.14","wine","cheese","chair","lipstick","0","0","space","space","space","NA","space","NA","NA","space","NA","space","NA","space","NA","space","NA","NA","NA","space","NA","NA","NA","442.0529000053648","2225.07630000473","6729.909500005306","NA","442.0529000053648","NA","NA","3299.5740000042133","NA","3891.845399994054","NA","4804.047400000854","NA","4650.259300004109","NA","NA","NA","4403.0242000008","NA","NA","NA","7694.224899998517","c","17","2","psycho","The woman will drink the wine","1024","2","24000","-16","experiment","7","odd","1","48719.77060000063","214780.96560000267","212118.0686000007","78759.07790000201","4900.636799997301","48725.23860000365","50956.36640000157","NA","208094.15610000724","212117.9620000039","207870.91820000205","NA","48719.86569999717","NA","NA","207428.27200000465","NA","NA","57690.708499998436","NA","60994.47990000772","NA","64890.28170000529","NA","69700.19370000227","NA","NA","NA","74355.31290000654","NA","NA","NA","214800.1942999981","NA","12607.702200009953","208077.49490000424","207418.00839999632","207428.1725000037","212137.65260000946","212094.36650000862","78759.11450000422","208077.11990000098","4912.207700006547","3000","SceneViewing","16","16116.509700004826","16","2560"
"100","100","41_r.wav","970","970","#dadada","256","psycho","psycho","psycho","restrictive","1","undefined","undefined","1","NA","undefined","NA","undefined","NA","undefined","NA","undefined","NA","NA","undefined","NA","NA","NA","undefined","0","17","17","0","0","0","0","NA","17","17","17","NA","0","NA","NA","17","0","NA","0","NA","0","NA","0","NA","0","NA","NA","NA","0","NA","NA","NA","17","NA","0","17","17","17","17","17","0","17","0","participant_group8.csv","8","NA","NA","NA","Fri Jul 24 11:14:23 2026","NA","The main experiment item","False","VWP_finalSetup_22_7.osexp","C:\Users\plcm\Desktop\2026-EyeTracking\group-eyeconic\OS2\final_recordings_upl","False","mono","False","20","no","#0c0c0c","no","yes","1440","41","42_pos1_nosub.png","42_pos1_sub.png","psycho","17","17","C:/Users/plcm/Desktop/2026-EyeTracking/group-eyeconic/OS2/final_recordings_upl/group 7-13/subject-7.csv","psycho","Neonatal Nightingale","4.1.14","orange","stone","cone","shell","0","0","space","space","space","NA","space","NA","NA","space","NA","space","NA","space","NA","space","NA","NA","NA","space","NA","NA","NA","376.5419999981532","2225.07630000473","6729.909500005306","NA","376.5419999981532","NA","NA","3299.5740000042133","NA","3891.845399994054","NA","4804.047400000854","NA","4650.259300004109","NA","NA","NA","4403.0242000008","NA","NA","NA","7694.224899998517","c","18","2","psycho","The boy will squeeze the orange","1024","2","24000","-16","experiment","7","odd","1","48719.77060000063","222370.6702000054","219458.31230000476","78759.07790000201","4900.636799997301","48725.23860000365","50956.36640000157","NA","215433.7693999987","219458.24300000095","215198.92090000212","NA","48719.86569999717","NA","NA","214821.79040000483","NA","NA","57690.708499998436","NA","60994.47990000772","NA","64890.28170000529","NA","69700.19370000227","NA","NA","NA","74355.31290000654","NA","NA","NA","222389.69910000742","NA","12607.702200009953","215417.46189999685","214811.4585000003","214821.66460000735","219477.74830000708","219433.8909000071","78759.11450000422","215416.999699999","4912.207700006547","3000","SceneViewing","17","16493.05170000298","17","2560"
"100","100","42_n.wav","928","928","#dadada","256","psycho","psycho","psycho","non-restrictive","1","undefined","undefined","1","NA","undefined","NA","undefined","NA","undefined","NA","undefined","NA","NA","undefined","NA","NA","NA","undefined","0","18","18","0","0","0","0","NA","18","18","18","NA","0","NA","NA","18","0","NA","0","NA","0","NA","0","NA","0","NA","NA","NA","0","NA","NA","NA","18","NA","0","18","18","18","18","18","0","18","0","participant_group8.csv","8","NA","NA","NA","Fri Jul 24 11:14:23 2026","NA","The main experiment item","False","VWP_finalSetup_22_7.osexp","C:\Users\plcm\Desktop\2026-EyeTracking\group-eyeconic\OS2\final_recordings_upl","False","mono","False","20","no","#0c0c0c","no","yes","1440","42","43_pos2_nosub.png","43_pos2_sub.png","psycho","18","18","C:/Users/plcm/Desktop/2026-EyeTracking/group-eyeconic/OS2/final_recordings_upl/group 7-13/subject-7.csv","psycho","Neonatal Nightingale","4.1.14","ruler","shirt","apple","chalk","0","0","space","space","space","NA","space","NA","NA","space","NA","space","NA","space","NA","space","NA","NA","NA","space","NA","NA","NA","219.1346000035992","2225.07630000473","6729.909500005306","NA","219.1346000035992","NA","NA","3299.5740000042133","NA","3891.845399994054","NA","4804.047400000854","NA","4650.259300004109","NA","NA","NA","4403.0242000008","NA","NA","NA","7694.224899998517","c","19","2","psycho","The woman will wash the shirt","1024","2","24000","-16","experiment","7","odd","2","48719.77060000063","229600.74870000244","226875.1823000057","78759.07790000201","4900.636799997301","48725.23860000365","50956.36640000157","NA","222850.16440000618","226875.09800000407","222639.21490000212","NA","48719.86569999717","NA","NA","222419.38170000503","NA","NA","57690.708499998436","NA","60994.47990000772","NA","64890.28170000529","NA","69700.19370000227","NA","NA","NA","74355.31290000654","NA","NA","NA","229620.63250000938","NA","12607.702200009953","222833.46439999877","222409.71089999948","222419.2755999975","226894.67950000835","226850.77119999914","78759.11450000422","222832.87860000564","4912.207700006547","3000","SceneViewing","18","16712.18630000658","18","2560"
"100","100","35_r.wav","895","895","#dadada","256","psycho","psycho","psycho","restrictive","1","undefined","undefined","1","NA","undefined","NA","undefined","NA","undefined","NA","undefined","NA","NA","undefined","NA","NA","NA","undefined","0","19","19","0","0","0","0","NA","19","19","19","NA","0","NA","NA","19","0","NA","0","NA","0","NA","0","NA","0","NA","NA","NA","0","NA","NA","NA","19","NA","0","19","19","19","19","19","0","19","0","participant_group8.csv","8","NA","NA","NA","Fri Jul 24 11:14:23 2026","NA","The main experiment item","False","VWP_finalSetup_22_7.osexp","C:\Users\plcm\Desktop\2026-EyeTracking\group-eyeconic\OS2\final_recordings_upl","False","mono","False","20","no","#0c0c0c","no","yes","1440","35","36_pos3_nosub.png","36_pos3_sub.png","psycho","19","19","C:/Users/plcm/Desktop/2026-EyeTracking/group-eyeconic/OS2/final_recordings_upl/group 7-13/subject-7.csv","psycho","Neonatal Nightingale","4.1.14","mirror","pot","mascara","brush","0","0","space","space","space","NA","space","NA","NA","space","NA","space","NA","space","NA","space","NA","NA","NA","space","NA","NA","NA","295.72989999724086","2225.07630000473","6729.909500005306","NA","295.72989999724086","NA","NA","3299.5740000042133","NA","3891.845399994054","NA","4804.047400000854","NA","4650.259300004109","NA","NA","NA","4403.0242000008","NA","NA","NA","7694.224899998517","c","20","2","psycho","The girl will apply the mascara","1024","2","24000","-16","experiment","7","odd","3","48719.77060000063","237240.75630000152","234172.27520000597","78759.07790000201","4900.636799997301","48725.23860000365","50956.36640000157","NA","230148.4388999961","234172.2226999991","229934.85859999782","NA","48719.86569999717","NA","NA","229638.50790000288","NA","NA","57690.708499998436","NA","60994.47990000772","NA","64890.28170000529","NA","69700.19370000227","NA","NA","NA","74355.31290000654","NA","NA","NA","237260.20620000781","NA","12607.702200009953","230132.4278999964","229627.9865999968","229638.36480000464","234191.36959999742","234148.835400003","78759.11450000422","230131.8345000036","4912.207700006547","3000","SceneViewing","19","17007.91620000382","19","2560"
"100","100","37_r.wav","878","878","#dadada","256","psycho","psycho","psycho","restrictive","1","undefined","undefined","1","NA","undefined","NA","undefined","NA","undefined","NA","undefined","NA","NA","undefined","NA","NA","NA","undefined","0","20","20","0","0","0","0","NA","20","20","20","NA","0","NA","NA","20","0","NA","0","NA","0","NA","0","NA","0","NA","NA","NA","0","NA","NA","NA","20","NA","0","20","20","20","20","20","0","20","0","participant_group8.csv","8","NA","NA","NA","Fri Jul 24 11:14:23 2026","NA","The main experiment item","False","VWP_finalSetup_22_7.osexp","C:\Users\plcm\Desktop\2026-EyeTracking\group-eyeconic\OS2\final_recordings_upl","False","mono","False","20","no","#0c0c0c","no","yes","1440","37","38_pos1_nosub.png","38_pos1_sub.png","psycho","20","20","C:/Users/plcm/Desktop/2026-EyeTracking/group-eyeconic/OS2/final_recordings_upl/group 7-13/subject-7.csv","psycho","Neonatal Nightingale","4.1.14","banana","mitten","marker","key","0","0","space","space","space","NA","space","NA","NA","space","NA","space","NA","space","NA","space","NA","NA","NA","space","NA","NA","NA","570.7478999975137","2225.07630000473","6729.909500005306","NA","570.7478999975137","NA","NA","3299.5740000042133","NA","3891.845399994054","NA","4804.047400000854","NA","4650.259300004109","NA","NA","NA","4403.0242000008","NA","NA","NA","7694.224899998517","c","21","2","psycho","The boy will peel the banana","1024","2","24000","-16","experiment","7","odd","1","48719.77060000063","244860.94810000213","242109.4948999962","78759.07790000201","4900.636799997301","48725.23860000365","50956.36640000157","NA","238085.23160000914","242109.41970000567","237863.14210000273","NA","48719.86569999717","NA","NA","237291.60930000944","NA","NA","57690.708499998436","NA","60994.47990000772","NA","64890.28170000529","NA","69700.19370000227","NA","NA","NA","74355.31290000654","NA","NA","NA","244880.4228000081","NA","12607.702200009953","238068.84819999686","237280.77050000138","237291.4487000089","242128.6478999973","242085.73869999964","78759.11450000422","238068.05349999922","4912.207700006547","3000","SceneViewing","20","17578.664100001333","20","2560"
"100","100","24_n.wav","856","856","#dadada","256","psycho","psycho","psycho","non-restrictive","1","undefined","undefined","1","NA","undefined","NA","undefined","NA","undefined","NA","undefined","NA","NA","undefined","NA","NA","NA","undefined","0","21","21","0","0","0","0","NA","21","21","21","NA","0","NA","NA","21","0","NA","0","NA","0","NA","0","NA","0","NA","NA","NA","0","NA","NA","NA","21","NA","0","21","21","21","21","21","0","21","0","participant_group8.csv","8","NA","NA","NA","Fri Jul 24 11:14:23 2026","NA","The main experiment item","False","VWP_finalSetup_22_7.osexp","C:\Users\plcm\Desktop\2026-EyeTracking\group-eyeconic\OS2\final_recordings_upl","False","mono","False","20","no","#0c0c0c","no","yes","1440","24","25_pos4_nosub.png","25_pos4_sub.png","psycho","21","21","C:/Users/plcm/Desktop/2026-EyeTracking/group-eyeconic/OS2/final_recordings_upl/group 7-13/subject-7.csv","psycho","Neonatal Nightingale","4.1.14","plate","potato","glass","rabbit","0","0","space","space","space","NA","space","NA","NA","space","NA","space","NA","space","NA","space","NA","NA","NA","space","NA","NA","NA","413.90010000031907","2225.07630000473","6729.909500005306","NA","413.90010000031907","NA","NA","3299.5740000042133","NA","3891.845399994054","NA","4804.047400000854","NA","4650.259300004109","NA","NA","NA","4403.0242000008","NA","NA","NA","7694.224899998517","c","22","2","psycho","The girl will lift the rabbit","1024","2","24000","-16","experiment","7","odd","4","48719.77060000063","252300.83980000927","249574.44920000853","78759.07790000201","4900.636799997301","48725.23860000365","50956.36640000157","NA","245549.4183999981","249574.38760000514","245319.31299999997","NA","48719.86569999717","NA","NA","244904.4142000057","NA","NA","57690.708499998436","NA","60994.47990000772","NA","64890.28170000529","NA","69700.19370000227","NA","NA","NA","74355.31290000654","NA","NA","NA","252319.7935000062","NA","12607.702200009953","245533.5294999968","244894.6600000054","244904.31260000332","249594.10670000943","249549.66240000795","78759.11450000422","245532.71900000982","4912.207700006547","3000","SceneViewing","21","17992.564200001652","21","2560"
"100","100","11_r.wav","843","843","#dadada","256","psycho","psycho","psycho","restrictive","1","undefined","undefined","1","NA","undefined","NA","undefined","NA","undefined","NA","undefined","NA","NA","undefined","NA","NA","NA","undefined","0","22","22","0","0","0","0","NA","22","22","22","NA","0","NA","NA","22","0","NA","0","NA","0","NA","0","NA","0","NA","NA","NA","0","NA","NA","NA","22","NA","0","22","22","22","22","22","0","22","0","participant_group8.csv","8","NA","NA","NA","Fri Jul 24 11:14:23 2026","NA","The main experiment item","False","VWP_finalSetup_22_7.osexp","C:\Users\plcm\Desktop\2026-EyeTracking\group-eyeconic\OS2\final_recordings_upl","False","mono","False","20","no","#0c0c0c","no","yes","1440","11","12_pos3_nosub.png","12_pos3_sub.png","psycho","22","22","C:/Users/plcm/Desktop/2026-EyeTracking/group-eyeconic/OS2/final_recordings_upl/group 7-13/subject-7.csv","psycho","Neonatal Nightingale","4.1.14","duck","bricks","bell","drum","0","0","space","space","space","NA","space","NA","NA","space","NA","space","NA","space","NA","space","NA","NA","NA","space","NA","NA","NA","573.4067000012146","2225.07630000473","6729.909500005306","NA","573.4067000012146","NA","NA","3299.5740000042133","NA","3891.845399994054","NA","4804.047400000854","NA","4650.259300004109","NA","NA","NA","4403.0242000008","NA","NA","NA","7694.224899998517","c","23","2","psycho","The baby will ring the bell","1024","2","24000","-16","experiment","7","odd","3","48719.77060000063","259170.82640000444","257169.64120000193","78759.07790000201","4900.636799997301","48725.23860000365","50956.36640000157","NA","253145.5730000016","257169.58709999744","252911.06630000286","NA","48719.86569999717","NA","NA","252336.91009999893","NA","NA","57690.708499998436","NA","60994.47990000772","NA","64890.28170000529","NA","69700.19370000227","NA","NA","NA","74355.31290000654","NA","NA","NA","259190.25860000693","NA","12607.702200009953","253129.0200000076","252326.86820000526","252336.74379999866","257188.8528999989","257145.70059999824","78759.11450000422","253128.42600001022","4912.207700006547","3000","SceneViewing","22","18565.970900002867","22","2560"
"100","100","28_n.wav","847","847","#dadada","256","psycho","psycho","psycho","non-restrictive","1","undefined","undefined","1","NA","undefined","NA","undefined","NA","undefined","NA","undefined","NA","NA","undefined","NA","NA","NA","undefined","0","23","23","0","0","0","0","NA","23","23","23","NA","0","NA","NA","23","0","NA","0","NA","0","NA","0","NA","0","NA","NA","NA","0","NA","NA","NA","23","NA","0","23","23","23","23","23","0","23","0","participant_group8.csv","8","NA","NA","NA","Fri Jul 24 11:14:23 2026","NA","The main experiment item","False","VWP_finalSetup_22_7.osexp","C:\Users\plcm\Desktop\2026-EyeTracking\group-eyeconic\OS2\final_recordings_upl","False","mono","False","20","no","#0c0c0c","no","yes","1440","28","29_pos4_nosub.png","29_pos4_sub.png","psycho","23","23","C:/Users/plcm/Desktop/2026-EyeTracking/group-eyeconic/OS2/final_recordings_upl/group 7-13/subject-7.csv","psycho","Neonatal Nightingale","4.1.14","glove","nut","sock","milk","0","0","space","space","space","NA","space","NA","NA","space","NA","space","NA","space","NA","space","NA","NA","NA","space","NA","NA","NA","919.7876999969594","2225.07630000473","6729.909500005306","NA","919.7876999969594","NA","NA","3299.5740000042133","NA","3891.845399994054","NA","4804.047400000854","NA","4650.259300004109","NA","NA","NA","4403.0242000008","NA","NA","NA","7694.224899998517","c","24","2","psycho","The cat will push the milk","1024","2","24000","-16","experiment","7","odd","4","48719.77060000063","266830.6672000035","264403.41980000085","78759.07790000201","4900.636799997301","48725.23860000365","50956.36640000157","NA","260377.46260000858","264403.3630000049","260151.20629999728","NA","48719.86569999717","NA","NA","259230.7462000026","NA","NA","57690.708499998436","NA","60994.47990000772","NA","64890.28170000529","NA","69700.19370000227","NA","NA","NA","74355.31290000654","NA","NA","NA","266850.28440000315","NA","12607.702200009953","260358.95629999868","259217.65930000402","259230.63750000438","264422.8903000039","264378.22040000174","78759.11450000422","260358.41800000344","4912.207700006547","3000","SceneViewing","23","19485.758599999826","23","2560"
"100","100","45_r.wav","834","834","#dadada","256","psycho","psycho","psycho","restrictive","1","undefined","undefined","1","NA","undefined","NA","undefined","NA","undefined","NA","undefined","NA","NA","undefined","NA","NA","NA","undefined","0","24","24","0","0","0","0","NA","24","24","24","NA","0","NA","NA","24","0","NA","0","NA","0","NA","0","NA","0","NA","NA","NA","0","NA","NA","NA","24","NA","0","24","24","24","24","24","0","24","0","participant_group8.csv","8","NA","NA","NA","Fri Jul 24 11:14:23 2026","NA","The main experiment item","False","VWP_finalSetup_22_7.osexp","C:\Users\plcm\Desktop\2026-EyeTracking\group-eyeconic\OS2\final_recordings_upl","False","mono","False","20","no","#0c0c0c","no","yes","1440","45","46_pos1_nosub.png","46_pos1_sub.png","psycho","24","24","C:/Users/plcm/Desktop/2026-EyeTracking/group-eyeconic/OS2/final_recordings_upl/group 7-13/subject-7.csv","psycho","Neonatal Nightingale","4.1.14","carrot","laddle","peeler","pot","0","0","space","space","space","NA","space","NA","NA","space","NA","space","NA","space","NA","space","NA","NA","NA","space","NA","NA","NA","533.6001999967266","2225.07630000473","6729.909500005306","NA","533.6001999967266","NA","NA","3299.5740000042133","NA","3891.845399994054","NA","4804.047400000854","NA","4650.259300004109","NA","NA","NA","4403.0242000008","NA","NA","NA","7694.224899998517","c","25","2","psycho","The chef will grate the carrot","1024","2","24000","-16","experiment","7","odd","1","48719.77060000063","274270.6701999996","271654.11050000694","78759.07790000201","4900.636799997301","48725.23860000365","50956.36640000157","NA","267629.69119999616","271654.0357000049","267415.09690000385","NA","48719.86569999717","NA","NA","266880.81149999925","NA","NA","57690.708499998436","NA","60994.47990000772","NA","64890.28170000529","NA","69700.19370000227","NA","NA","NA","74355.31290000654","NA","NA","NA","274290.4191999987","NA","12607.702200009953","267612.87720000837","266870.7555000001","266880.70690000313","271673.49390000163","271629.9372000067","78759.11450000422","267612.2755999968","4912.207700006547","3000","SceneViewing","24","20019.358799996553","24","2560"
"100","100","31_r.wav","814","814","#dadada","256","psycho","psycho","psycho","restrictive","1","undefined","undefined","1","NA","undefined","NA","undefined","NA","undefined","NA","undefined","NA","NA","undefined","NA","NA","NA","undefined","0","25","25","0","0","0","0","NA","25","25","25","NA","0","NA","NA","25","0","NA","0","NA","0","NA","0","NA","0","NA","NA","NA","0","NA","NA","NA","25","NA","0","25","25","25","25","25","0","25","0","participant_group8.csv","8","NA","NA","NA","Fri Jul 24 11:14:23 2026","NA","The main experiment item","False","VWP_finalSetup_22_7.osexp","C:\Users\plcm\Desktop\2026-EyeTracking\group-eyeconic\OS2\final_recordings_upl","False","mono","False","20","no","#0c0c0c","no","yes","1440","31","32_pos3_nosub.png","32_pos3_sub.png","psycho","25","25","C:/Users/plcm/Desktop/2026-EyeTracking/group-eyeconic/OS2/final_recordings_upl/group 7-13/subject-7.csv","psycho","Neonatal Nightingale","4.1.14","sponge","seed","bottle","lemon","0","0","space","space","space","NA","space","NA","NA","space","NA","space","NA","space","NA","space","NA","NA","NA","space","NA","NA","NA","342.02759999607224","2225.07630000473","6729.909500005306","NA","342.02759999607224","NA","NA","3299.5740000042133","NA","3891.845399994054","NA","4804.047400000854","NA","4650.259300004109","NA","NA","NA","4403.0242000008","NA","NA","NA","7694.224899998517","c","26","2","psycho","The woman will open the bottle","1024","2","24000","-16","experiment","7","odd","3","48719.77060000063","281660.58840000187","278919.66810000304","78759.07790000201","4900.636799997301","48725.23860000365","50956.36640000157","NA","274895.66809999815","278919.58040000463","274663.04729999683","NA","48719.86569999717","NA","NA","274320.2392000094","NA","NA","57690.708499998436","NA","60994.47990000772","NA","64890.28170000529","NA","69700.19370000227","NA","NA","NA","74355.31290000654","NA","NA","NA","281680.8747000032","NA","12607.702200009953","274878.6972000089","274310.3426000016","274320.12360000226","278938.93080001","278895.86370000325","78759.11450000422","274877.794","4912.207700006547","3000","SceneViewing","25","20361.386399992625","25","2560"
"100","100","2_n.wav","803","803","#dadada","256","psycho","psycho","psycho","non-restrictive","1","undefined","undefined","1","NA","undefined","NA","undefined","NA","undefined","NA","undefined","NA","NA","undefined","NA","NA","NA","undefined","0","26","26","0","0","0","0","NA","26","26","26","NA","0","NA","NA","26","0","NA","0","NA","0","NA","0","NA","0","NA","NA","NA","0","NA","NA","NA","26","NA","0","26","26","26","26","26","0","26","0","participant_group8.csv","8","NA","NA","NA","Fri Jul 24 11:14:23 2026","NA","The main experiment item","False","VWP_finalSetup_22_7.osexp","C:\Users\plcm\Desktop\2026-EyeTracking\group-eyeconic\OS2\final_recordings_upl","False","mono","False","20","no","#0c0c0c","no","yes","1440","2","3_pos2_nosub.png","3_pos2_sub.png","psycho","26","26","C:/Users/plcm/Desktop/2026-EyeTracking/group-eyeconic/OS2/final_recordings_upl/group 7-13/subject-7.csv","psycho","Neonatal Nightingale","4.1.14","dustbin","man","car","houses","0","0","space","space","space","NA","space","NA","NA","space","NA","space","NA","space","NA","space","NA","NA","NA","space","NA","NA","NA","532.311100003426","2225.07630000473","6729.909500005306","NA","532.311100003426","NA","NA","3299.5740000042133","NA","3891.845399994054","NA","4804.047400000854","NA","4650.259300004109","NA","NA","NA","4403.0242000008","NA","NA","NA","7694.224899998517","c","27","2","psycho","The policeman will search the man","1024","2","24000","-16","experiment","7","odd","2","48719.77060000063","289460.7972000085","286483.66850000457","78759.07790000201","4900.636799997301","48725.23860000365","50956.36640000157","NA","282458.97920000425","286483.5890999966","282239.3657000066","NA","48719.86569999717","NA","NA","281705.9770000051","NA","NA","57690.708499998436","NA","60994.47990000772","NA","64890.28170000529","NA","69700.19370000227","NA","NA","NA","74355.31290000654","NA","NA","NA","289480.20469999756","NA","12607.702200009953","282442.29800000903","281695.46660000924","281705.79310000176","286502.96399999934","286459.5086000045","78759.11450000422","282441.79599999916","4912.207700006547","3000","SceneViewing","26","20893.69749999605","26","2560"
"100","100","21_r.wav","795","795","#dadada","256","psycho","psycho","psycho","restrictive","1","undefined","undefined","1","NA","undefined","NA","undefined","NA","undefined","NA","undefined","NA","NA","undefined","NA","NA","NA","undefined","0","27","27","0","0","0","0","NA","27","27","27","NA","0","NA","NA","27","0","NA","0","NA","0","NA","0","NA","0","NA","NA","NA","0","NA","NA","NA","27","NA","0","27","27","27","27","27","0","27","0","participant_group8.csv","8","NA","NA","NA","Fri Jul 24 11:14:23 2026","NA","The main experiment item","False","VWP_finalSetup_22_7.osexp","C:\Users\plcm\Desktop\2026-EyeTracking\group-eyeconic\OS2\final_recordings_upl","False","mono","False","20","no","#0c0c0c","no","yes","1440","21","22_pos1_nosub.png","22_pos1_sub.png","psycho","27","27","C:/Users/plcm/Desktop/2026-EyeTracking/group-eyeconic/OS2/final_recordings_upl/group 7-13/subject-7.csv","psycho","Neonatal Nightingale","4.1.14","flower","magazine","vase","cushion","0","0","space","space","space","NA","space","NA","NA","space","NA","space","NA","space","NA","space","NA","NA","NA","space","NA","NA","NA","594.9198000016622","2225.07630000473","6729.909500005306","NA","594.9198000016622","NA","NA","3299.5740000042133","NA","3891.845399994054","NA","4804.047400000854","NA","4650.259300004109","NA","NA","NA","4403.0242000008","NA","NA","NA","7694.224899998517","c","28","2","psycho","The woman will water the flower","1024","2","24000","-16","experiment","7","odd","1","48719.77060000063","297250.7667000027","294336.07669999765","78759.07790000201","4900.636799997301","48725.23860000365","50956.36640000157","NA","290312.08660000993","294336.00570001","290095.15269999974","NA","48719.86569999717","NA","NA","289499.2893000017","NA","NA","57690.708499998436","NA","60994.47990000772","NA","64890.28170000529","NA","69700.19370000227","NA","NA","NA","74355.31290000654","NA","NA","NA","297269.6211000002","NA","12607.702200009953","290296.3196000055","289487.7947000059","289499.0756000043","294355.4925000062","294312.6117000065","78759.11450000422","290295.472400001","4912.207700006547","3000","SceneViewing","27","21488.617299997713","27","2560"
"100","100","38_n.wav","789","789","#dadada","256","psycho","psycho","psycho","non-restrictive","1","undefined","undefined","1","NA","undefined","NA","undefined","NA","undefined","NA","undefined","NA","NA","undefined","NA","NA","NA","undefined","0","28","28","0","0","0","0","NA","28","28","28","NA","0","NA","NA","28","0","NA","0","NA","0","NA","0","NA","0","NA","NA","NA","0","NA","NA","NA","28","NA","0","28","28","28","28","28","0","28","0","participant_group8.csv","8","NA","NA","NA","Fri Jul 24 11:14:23 2026","NA","The main experiment item","False","VWP_finalSetup_22_7.osexp","C:\Users\plcm\Desktop\2026-EyeTracking\group-eyeconic\OS2\final_recordings_upl","False","mono","False","20","no","#0c0c0c","no","yes","1440","38","39_pos2_nosub.png","39_pos2_sub.png","psycho","28","28","C:/Users/plcm/Desktop/2026-EyeTracking/group-eyeconic/OS2/final_recordings_upl/group 7-13/subject-7.csv","psycho","Neonatal Nightingale","4.1.14","cloth","apron","mop","broom","0","0","space","space","space","NA","space","NA","NA","space","NA","space","NA","space","NA","space","NA","NA","NA","space","NA","NA","NA","607.6288000040222","2225.07630000473","6729.909500005306","NA","607.6288000040222","NA","NA","3299.5740000042133","NA","3891.845399994054","NA","4804.047400000854","NA","4650.259300004109","NA","NA","NA","4403.0242000008","NA","NA","NA","7694.224899998517","c","29","2","psycho","The woman will carry the apron","1024","2","24000","-16","experiment","7","odd","2","48719.77060000063","304971.0622999992","302137.36010000866","78759.07790000201","4900.636799997301","48725.23860000365","50956.36640000157","NA","298113.92350000096","302137.3076000018","297894.99090000754","NA","48719.86569999717","NA","NA","297286.700800003","NA","NA","57690.708499998436","NA","60994.47990000772","NA","64890.28170000529","NA","69700.19370000227","NA","NA","NA","74355.31290000654","NA","NA","NA","304990.5437999987","NA","12607.702200009953","298098.41950000555","297277.32580000884","297286.52140000486","302156.72100000666","302114.1263000027","78759.11450000422","298097.8280999989","4912.207700006547","3000","SceneViewing","28","22096.246100001736","28","2560"
"100","100","48_n.wav","786","786","#dadada","256","psycho","psycho","psycho","non-restrictive","1","undefined","undefined","1","NA","undefined","NA","undefined","NA","undefined","NA","undefined","NA","NA","undefined","NA","NA","NA","undefined","0","29","29","0","0","0","0","NA","29","29","29","NA","0","NA","NA","29","0","NA","0","NA","0","NA","0","NA","0","NA","NA","NA","0","NA","NA","NA","29","NA","0","29","29","29","29","29","0","29","0","participant_group8.csv","8","NA","NA","NA","Fri Jul 24 11:14:23 2026","NA","The main experiment item","False","VWP_finalSetup_22_7.osexp","C:\Users\plcm\Desktop\2026-EyeTracking\group-eyeconic\OS2\final_recordings_upl","False","mono","False","20","no","#0c0c0c","no","yes","1440","48","49_pos4_nosub.png","49_pos4_sub.png","psycho","29","29","C:/Users/plcm/Desktop/2026-EyeTracking/group-eyeconic/OS2/final_recordings_upl/group 7-13/subject-7.csv","psycho","Neonatal Nightingale","4.1.14","pump","flag","pouch","balloon","0","0","space","space","space","NA","space","NA","NA","space","NA","space","NA","space","NA","space","NA","NA","NA","space","NA","NA","NA","714.3961999972817","2225.07630000473","6729.909500005306","NA","714.3961999972817","NA","NA","3299.5740000042133","NA","3891.845399994054","NA","4804.047400000854","NA","4650.259300004109","NA","NA","NA","4403.0242000008","NA","NA","NA","7694.224899998517","c","30","2","psycho","The child will carry the balloon","1024","2","24000","-16","experiment","7","odd","4","48719.77060000063","312990.79229999916","309985.4508999997","78759.07790000201","4900.636799997301","48725.23860000365","50956.36640000157","NA","305959.66550000594","309985.394000003","305742.94710000686","NA","48719.86569999717","NA","NA","305027.946400005","NA","NA","57690.708499998436","NA","60994.47990000772","NA","64890.28170000529","NA","69700.19370000227","NA","NA","NA","74355.31290000654","NA","NA","NA","313010.5706000031","NA","12607.702200009953","305944.4790999987","305015.8467000001","305027.82119999756","310004.4826000085","309960.21770000516","78759.11450000422","305943.66309999896","4912.207700006547","3000","SceneViewing","29","22810.642299999017","29","2560"
"100","100","5_r.wav","770","770","#dadada","256","psycho","psycho","psycho","restrictive","1","undefined","undefined","1","NA","undefined","NA","undefined","NA","undefined","NA","undefined","NA","NA","undefined","NA","NA","NA","undefined","0","30","30","0","0","0","0","NA","30","30","30","NA","0","NA","NA","30","0","NA","0","NA","0","NA","0","NA","0","NA","NA","NA","0","NA","NA","NA","30","NA","0","30","30","30","30","30","0","30","0","participant_group8.csv","8","NA","NA","NA","Fri Jul 24 11:14:23 2026","NA","The main experiment item","False","VWP_finalSetup_22_7.osexp","C:\Users\plcm\Desktop\2026-EyeTracking\group-eyeconic\OS2\final_recordings_upl","False","mono","False","20","no","#0c0c0c","no","yes","1440","5","6_pos1_nosub.png","6_pos1_sub.png","psycho","30","30","C:/Users/plcm/Desktop/2026-EyeTracking/group-eyeconic/OS2/final_recordings_upl/group 7-13/subject-7.csv","psycho","Neonatal Nightingale","4.1.14","mountain","animal","cactus","moon","0","0","space","space","space","NA","space","NA","NA","space","NA","space","NA","space","NA","space","NA","NA","NA","space","NA","NA","NA","313.8875000004191","2225.07630000473","6729.909500005306","NA","313.8875000004191","NA","NA","3299.5740000042133","NA","3891.845399994054","NA","4804.047400000854","NA","4650.259300004109","NA","NA","NA","4403.0242000008","NA","NA","NA","7694.224899998517","c","31","2","psycho","The hiker will climb the mountain","1024","2","24000","-16","experiment","7","odd","1","48719.77060000063","320380.6789000082","317584.88530000614","78759.07790000201","4900.636799997301","48725.23860000365","50956.36640000157","NA","313560.4858000006","317584.8205000075","313342.89230000286","NA","48719.86569999717","NA","NA","313028.31570000853","NA","NA","57690.708499998436","NA","60994.47990000772","NA","64890.28170000529","NA","69700.19370000227","NA","NA","NA","74355.31290000654","NA","NA","NA","320400.5482000066","NA","12607.702200009953","313545.07570000715","313017.9333999986","313028.200700006","317604.3012000009","317560.8865999966","78759.11450000422","313544.4744999986","4912.207700006547","3000","SceneViewing","30","23124.529799999436","30","2560"
"100","100","14_n.wav","754","754","#dadada","256","psycho","psycho","psycho","non-restrictive","1","undefined","undefined","1","NA","undefined","NA","undefined","NA","undefined","NA","undefined","NA","NA","undefined","NA","NA","NA","undefined","0","31","31","0","0","0","0","NA","31","31","31","NA","0","NA","NA","31","0","NA","0","NA","0","NA","0","NA","0","NA","NA","NA","0","NA","NA","NA","31","NA","0","31","31","31","31","31","0","31","0","participant_group8.csv","8","NA","NA","NA","Fri Jul 24 11:14:23 2026","NA","The main experiment item","False","VWP_finalSetup_22_7.osexp","C:\Users\plcm\Desktop\2026-EyeTracking\group-eyeconic\OS2\final_recordings_upl","False","mono","False","20","no","#0c0c0c","no","yes","1440","14","15_pos2_nosub.png","15_pos2_sub.png","psycho","31","31","C:/Users/plcm/Desktop/2026-EyeTracking/group-eyeconic/OS2/final_recordings_upl/group 7-13/subject-7.csv","psycho","Neonatal Nightingale","4.1.14","hen","dog","bird","ball","0","0","space","space","space","NA","space","NA","NA","space","NA","space","NA","space","NA","space","NA","NA","NA","space","NA","NA","NA","259.7399999940535","2225.07630000473","6729.909500005306","NA","259.7399999940535","NA","NA","3299.5740000042133","NA","3891.845399994054","NA","4804.047400000854","NA","4650.259300004109","NA","NA","NA","4403.0242000008","NA","NA","NA","7694.224899998517","c","32","2","psycho","The boy will feed the dog","1024","2","24000","-16","experiment","7","odd","2","48719.77060000063","327440.7657999982","324922.55780000414","78759.07790000201","4900.636799997301","48725.23860000365","50956.36640000157","NA","320898.2399000088","324922.450500002","320679.49720000615","NA","48719.86569999717","NA","NA","320418.6036000028","NA","NA","57690.708499998436","NA","60994.47990000772","NA","64890.28170000529","NA","69700.19370000227","NA","NA","NA","74355.31290000654","NA","NA","NA","327460.34200000577","NA","12607.702200009953","320882.9082000011","320408.11410000606","320418.3921000076","324942.1701999963","324898.5726999963","78759.11450000422","320882.38720000663","4912.207700006547","3000","SceneViewing","31","23384.26979999349","31","2560"
"100","100","27_r.wav","753","753","#dadada","256","psycho","psycho","psycho","restrictive","1","undefined","undefined","1","NA","undefined","NA","undefined","NA","undefined","NA","undefined","NA","NA","undefined","NA","NA","NA","undefined","0","32","32","0","0","0","0","NA","32","32","32","NA","0","NA","NA","32","0","NA","0","NA","0","NA","0","NA","0","NA","NA","NA","0","NA","NA","NA","32","NA","0","32","32","32","32","32","0","32","0","participant_group8.csv","8","NA","NA","NA","Fri Jul 24 11:14:23 2026","NA","The main experiment item","False","VWP_finalSetup_22_7.osexp","C:\Users\plcm\Desktop\2026-EyeTracking\group-eyeconic\OS2\final_recordings_upl","False","mono","False","20","no","#0c0c0c","no","yes","1440","27","28_pos3_nosub.png","28_pos3_sub.png","psycho","32","32","C:/Users/plcm/Desktop/2026-EyeTracking/group-eyeconic/OS2/final_recordings_upl/group 7-13/subject-7.csv","psycho","Neonatal Nightingale","4.1.14","frame","picture","lamp","switch","0","0","space","space","space","NA","space","NA","NA","space","NA","space","NA","space","NA","space","NA","NA","NA","space","NA","NA","NA","719.4749999907799","2225.07630000473","6729.909500005306","NA","719.4749999907799","NA","NA","3299.5740000042133","NA","3891.845399994054","NA","4804.047400000854","NA","4650.259300004109","NA","NA","NA","4403.0242000008","NA","NA","NA","7694.224899998517","c","33","2","psycho","The boy will dim the lamp","1024","2","24000","-16","experiment","7","odd","3","48719.77060000063","334800.7792999997","332446.52700000734","78759.07790000201","4900.636799997301","48725.23860000365","50956.36640000157","NA","328422.2779999982","332446.4708000014","328199.0070000029","NA","48719.86569999717","NA","NA","327478.8528000063","NA","NA","57690.708499998436","NA","60994.47990000772","NA","64890.28170000529","NA","69700.19370000227","NA","NA","NA","74355.31290000654","NA","NA","NA","334820.65069999953","NA","12607.702200009953","328406.6722999996","327467.9948999983","327478.70190000685","332465.8771999966","332422.953900008","78759.11450000422","328406.0848000081","4912.207700006547","3000","SceneViewing","32","24103.74479998427","32","2560"
"100","100","39_r.wav","750","750","#dadada","256","psycho","psycho","psycho","restrictive","1","undefined","undefined","1","NA","undefined","NA","undefined","NA","undefined","NA","undefined","NA","NA","undefined","NA","NA","NA","undefined","0","33","33","0","0","0","0","NA","33","33","33","NA","0","NA","NA","33","0","NA","0","NA","0","NA","0","NA","0","NA","NA","NA","0","NA","NA","NA","33","NA","0","33","33","33","33","33","0","33","0","participant_group8.csv","8","NA","NA","NA","Fri Jul 24 11:14:23 2026","NA","The main experiment item","False","VWP_finalSetup_22_7.osexp","C:\Users\plcm\Desktop\2026-EyeTracking\group-eyeconic\OS2\final_recordings_upl","False","mono","False","20","no","#0c0c0c","no","yes","1440","39","40_pos3_nosub.png","40_pos3_sub.png","psycho","33","33","C:/Users/plcm/Desktop/2026-EyeTracking/group-eyeconic/OS2/final_recordings_upl/group 7-13/subject-7.csv","psycho","Neonatal Nightingale","4.1.14","mat","buckle","shoelace","shampoo","0","0","space","space","space","NA","space","NA","NA","space","NA","space","NA","space","NA","space","NA","NA","NA","space","NA","NA","NA","671.940000000177","2225.07630000473","6729.909500005306","NA","671.940000000177","NA","NA","3299.5740000042133","NA","3891.845399994054","NA","4804.047400000854","NA","4650.259300004109","NA","NA","NA","4403.0242000008","NA","NA","NA","7694.224899998517","c","34","2","psycho","The boy will tie the shoelace","1024","2","24000","-16","experiment","7","odd","3","48719.77060000063","342370.72120000084","339754.0403000021","78759.07790000201","4900.636799997301","48725.23860000365","50956.36640000157","NA","335730.1365000021","339753.98629999836","335511.0601000051","NA","48719.86569999717","NA","NA","334838.3182999969","NA","NA","57690.708499998436","NA","60994.47990000772","NA","64890.28170000529","NA","69700.19370000227","NA","NA","NA","74355.31290000654","NA","NA","NA","342389.8971000017","NA","12607.702200009953","335714.4543000031","334828.18810000026","334838.12970000145","339773.07380001","339730.2409999975","78759.11450000422","335714.0955000068","4912.207700006547","3000","SceneViewing","33","24775.684799984447","33","2560"
"100","100","26_n.wav","743","743","#dadada","256","psycho","psycho","psycho","non-restrictive","1","undefined","undefined","1","NA","undefined","NA","undefined","NA","undefined","NA","undefined","NA","NA","undefined","NA","NA","NA","undefined","0","34","34","0","0","0","0","NA","34","34","34","NA","0","NA","NA","34","0","NA","0","NA","0","NA","0","NA","0","NA","NA","NA","0","NA","NA","NA","34","NA","0","34","34","34","34","34","0","34","0","participant_group8.csv","8","NA","NA","NA","Fri Jul 24 11:14:23 2026","NA","The main experiment item","False","VWP_finalSetup_22_7.osexp","C:\Users\plcm\Desktop\2026-EyeTracking\group-eyeconic\OS2\final_recordings_upl","False","mono","False","20","no","#0c0c0c","no","yes","1440","26","27_pos2_nosub.png","27_pos2_sub.png","psycho","34","34","C:/Users/plcm/Desktop/2026-EyeTracking/group-eyeconic/OS2/final_recordings_upl/group 7-13/subject-7.csv","psycho","Neonatal Nightingale","4.1.14","coaster","candle","package","coin","0","0","space","space","space","NA","space","NA","NA","space","NA","space","NA","space","NA","space","NA","NA","NA","space","NA","NA","NA","495.0509000045713","2225.07630000473","6729.909500005306","NA","495.0509000045713","NA","NA","3299.5740000042133","NA","3891.845399994054","NA","4804.047400000854","NA","4650.259300004109","NA","NA","NA","4403.0242000008","NA","NA","NA","7694.224899998517","c","35","2","psycho","The woman will blow grab the candle","1024","2","24000","-16","experiment","7","odd","2","48719.77060000063","349990.7996999973","347159.5764000085","78759.07790000201","4900.636799997301","48725.23860000365","50956.36640000157","NA","343135.31710000825","347159.524600007","342903.2707000006","NA","48719.86569999717","NA","NA","342407.51530000125","NA","NA","57690.708499998436","NA","60994.47990000772","NA","64890.28170000529","NA","69700.19370000227","NA","NA","NA","74355.31290000654","NA","NA","NA","350010.1161000057","NA","12607.702200009953","343117.6039999991","342397.1428000077","342407.3250000074","347179.4138999976","347135.44840000395","78759.11450000422","343116.9735000003","4912.207700006547","3000","SceneViewing","34","25270.735699989018","34","2560"
"100","100","32_n.wav","733","733","#dadada","256","psycho","psycho","psycho","non-restrictive","1","undefined","undefined","1","NA","undefined","NA","undefined","NA","undefined","NA","undefined","NA","NA","undefined","NA","NA","NA","undefined","0","35","35","0","0","0","0","NA","35","35","35","NA","0","NA","NA","35","0","NA","0","NA","0","NA","0","NA","0","NA","NA","NA","0","NA","NA","NA","35","NA","0","35","35","35","35","35","0","35","0","participant_group8.csv","8","NA","NA","NA","Fri Jul 24 11:14:23 2026","NA","The main experiment item","False","VWP_finalSetup_22_7.osexp","C:\Users\plcm\Desktop\2026-EyeTracking\group-eyeconic\OS2\final_recordings_upl","False","mono","False","20","no","#0c0c0c","no","yes","1440","32","33_pos4_nosub.png","33_pos4_sub.png","psycho","35","35","C:/Users/plcm/Desktop/2026-EyeTracking/group-eyeconic/OS2/final_recordings_upl/group 7-13/subject-7.csv","psycho","Neonatal Nightingale","4.1.14","mug","biscuit","kettle","beer","0","0","space","space","space","NA","space","NA","NA","space","NA","space","NA","space","NA","space","NA","NA","NA","space","NA","NA","NA","416.2718000006862","2225.07630000473","6729.909500005306","NA","416.2718000006862","NA","NA","3299.5740000042133","NA","3891.845399994054","NA","4804.047400000854","NA","4650.259300004109","NA","NA","NA","4403.0242000008","NA","NA","NA","7694.224899998517","c","36","2","psycho","The woman will carry the beer","1024","2","24000","-16","experiment","7","odd","4","48719.77060000063","357410.7493000047","354708.9666000102","78759.07790000201","4900.636799997301","48725.23860000365","50956.36640000157","NA","350683.3708000049","354708.90179999697","350462.95790000295","NA","48719.86569999717","NA","NA","350045.964200006","NA","NA","57690.708499998436","NA","60994.47990000772","NA","64890.28170000529","NA","69700.19370000227","NA","NA","NA","74355.31290000654","NA","NA","NA","357429.65180000465","NA","12607.702200009953","350666.20020000846","350034.757100002","350045.7463000057","354728.3497000026","354684.2229000031","78759.11450000422","350665.6584000011","4912.207700006547","3000","SceneViewing","35","25687.007499989704","35","2560"
"100","100","30_n.wav","719","719","#dadada","256","psycho","psycho","psycho","non-restrictive","1","undefined","undefined","1","NA","undefined","NA","undefined","NA","undefined","NA","undefined","NA","NA","undefined","NA","NA","NA","undefined","0","36","36","0","0","0","0","NA","36","36","36","NA","0","NA","NA","36","0","NA","0","NA","0","NA","0","NA","0","NA","NA","NA","0","NA","NA","NA","36","NA","0","36","36","36","36","36","0","36","0","participant_group8.csv","8","NA","NA","NA","Fri Jul 24 11:14:23 2026","NA","The main experiment item","False","VWP_finalSetup_22_7.osexp","C:\Users\plcm\Desktop\2026-EyeTracking\group-eyeconic\OS2\final_recordings_upl","False","mono","False","20","no","#0c0c0c","no","yes","1440","30","31_pos2_nosub.png","31_pos2_sub.png","psycho","36","36","C:/Users/plcm/Desktop/2026-EyeTracking/group-eyeconic/OS2/final_recordings_upl/group 7-13/subject-7.csv","psycho","Neonatal Nightingale","4.1.14","headphones","dice","cap","watch","0","0","space","space","space","NA","space","NA","NA","space","NA","space","NA","space","NA","space","NA","NA","NA","space","NA","NA","NA","231.43459999118932","2225.07630000473","6729.909500005306","NA","231.43459999118932","NA","NA","3299.5740000042133","NA","3891.845399994054","NA","4804.047400000854","NA","4650.259300004109","NA","NA","NA","4403.0242000008","NA","NA","NA","7694.224899998517","c","37","2","psycho","The girl will grab the dice","1024","2","24000","-16","experiment","7","odd","2","48719.77060000063","364621.0129000101","361918.7273999996","78759.07790000201","4900.636799997301","48725.23860000365","50956.36640000157","NA","357894.71480000066","361918.654699999","357679.0638000093","NA","48719.86569999717","NA","NA","357446.8731000088","NA","NA","57690.708499998436","NA","60994.47990000772","NA","64890.28170000529","NA","69700.19370000227","NA","NA","NA","74355.31290000654","NA","NA","NA","364640.2412000025","NA","12607.702200009953","357879.712199996","357436.8467000022","357446.68150000507","361937.7922999993","361895.0576000061","78759.11450000422","357879.05420000607","4912.207700006547","3000","SceneViewing","36","25918.442099980894","36","2560"
"100","100","7_r.wav","710","710","#dadada","256","psycho","psycho","psycho","restrictive","1","undefined","undefined","1","NA","undefined","NA","undefined","NA","undefined","NA","undefined","NA","NA","undefined","NA","NA","NA","undefined","0","37","37","0","0","0","0","NA","37","37","37","NA","0","NA","NA","37","0","NA","0","NA","0","NA","0","NA","0","NA","NA","NA","0","NA","NA","NA","37","NA","0","37","37","37","37","37","0","37","0","participant_group8.csv","8","NA","NA","NA","Fri Jul 24 11:14:23 2026","NA","The main experiment item","False","VWP_finalSetup_22_7.osexp","C:\Users\plcm\Desktop\2026-EyeTracking\group-eyeconic\OS2\final_recordings_upl","False","mono","False","20","no","#0c0c0c","no","yes","1440","7","8_pos3_nosub.png","8_pos3_sub.png","psycho","37","37","C:/Users/plcm/Desktop/2026-EyeTracking/group-eyeconic/OS2/final_recordings_upl/group 7-13/subject-7.csv","psycho","Neonatal Nightingale","4.1.14","toy-bear","microscope","child","tv-monitor","0","0","space","space","space","NA","space","NA","NA","space","NA","space","NA","space","NA","space","NA","NA","NA","space","NA","NA","NA","360.85100000491366","2225.07630000473","6729.909500005306","NA","360.85100000491366","NA","NA","3299.5740000042133","NA","3891.845399994054","NA","4804.047400000854","NA","4650.259300004109","NA","NA","NA","4403.0242000008","NA","NA","NA","7694.224899998517","c","38","2","psycho","The doctor will inject the child","1024","2","24000","-16","experiment","7","odd","3","48719.77060000063","372320.83989999956","369269.1563999979","78759.07790000201","4900.636799997301","48725.23860000365","50956.36640000157","NA","365244.95829999796","369269.0752000053","365023.06520000275","NA","48719.86569999717","NA","NA","364661.36969999934","NA","NA","57690.708499998436","NA","60994.47990000772","NA","64890.28170000529","NA","69700.19370000227","NA","NA","NA","74355.31290000654","NA","NA","NA","372340.615100009","NA","12607.702200009953","365227.3767000006","364650.0051000039","364661.26310000254","369288.2335000031","369245.59269999736","78759.11450000422","365226.73799999757","4912.207700006547","3000","SceneViewing","37","26279.293099985807","37","2560"
"100","100","25_r.wav","705","705","#dadada","256","psycho","psycho","psycho","restrictive","1","undefined","undefined","1","NA","undefined","NA","undefined","NA","undefined","NA","undefined","NA","NA","undefined","NA","NA","NA","undefined","0","38","38","0","0","0","0","NA","38","38","38","NA","0","NA","NA","38","0","NA","0","NA","0","NA","0","NA","0","NA","NA","NA","0","NA","NA","NA","38","NA","0","38","38","38","38","38","0","38","0","participant_group8.csv","8","NA","NA","NA","Fri Jul 24 11:14:23 2026","NA","The main experiment item","False","VWP_finalSetup_22_7.osexp","C:\Users\plcm\Desktop\2026-EyeTracking\group-eyeconic\OS2\final_recordings_upl","False","mono","False","20","no","#0c0c0c","no","yes","1440","25","26_pos1_nosub.png","26_pos1_sub.png","psycho","38","38","C:/Users/plcm/Desktop/2026-EyeTracking/group-eyeconic/OS2/final_recordings_upl/group 7-13/subject-7.csv","psycho","Neonatal Nightingale","4.1.14","canvas","keyboard","peach","rope","0","0","space","space","space","NA","space","NA","NA","space","NA","space","NA","space","NA","space","NA","NA","NA","space","NA","NA","NA","524.3794999987585","2225.07630000473","6729.909500005306","NA","524.3794999987585","NA","NA","3299.5740000042133","NA","3891.845399994054","NA","4804.047400000854","NA","4650.259300004109","NA","NA","NA","4403.0242000008","NA","NA","NA","7694.224899998517","c","39","2","psycho","The man will paint the canvas","1024","2","24000","-16","experiment","7","odd","1","48719.77060000063","379960.7553000096","377136.11160000437","78759.07790000201","4900.636799997301","48725.23860000365","50956.36640000157","NA","373111.83910000545","377136.058899996","372887.0070999983","NA","48719.86569999717","NA","NA","372361.8611999991","NA","NA","57690.708499998436","NA","60994.47990000772","NA","64890.28170000529","NA","69700.19370000227","NA","NA","NA","74355.31290000654","NA","NA","NA","379980.3886000009","NA","12607.702200009953","373095.87649999594","372351.2195000076","372361.72670000815","377155.88330000173","377112.0496000076","78759.11450000422","373095.02249999787","4912.207700006547","3000","SceneViewing","38","26803.672599984566","38","2560"
"100","100","6_n.wav","701","701","#dadada","256","psycho","psycho","psycho","non-restrictive","1","undefined","undefined","1","NA","undefined","NA","undefined","NA","undefined","NA","undefined","NA","NA","undefined","NA","NA","NA","undefined","0","39","39","0","0","0","0","NA","39","39","39","NA","0","NA","NA","39","0","NA","0","NA","0","NA","0","NA","0","NA","NA","NA","0","NA","NA","NA","39","NA","0","39","39","39","39","39","0","39","0","participant_group8.csv","8","NA","NA","NA","Fri Jul 24 11:14:23 2026","NA","The main experiment item","False","VWP_finalSetup_22_7.osexp","C:\Users\plcm\Desktop\2026-EyeTracking\group-eyeconic\OS2\final_recordings_upl","False","mono","False","20","no","#0c0c0c","no","yes","1440","6","7_pos2_nosub.png","7_pos2_sub.png","psycho","39","39","C:/Users/plcm/Desktop/2026-EyeTracking/group-eyeconic/OS2/final_recordings_upl/group 7-13/subject-7.csv","psycho","Neonatal Nightingale","4.1.14","jug","mushrooms","knife","weighing-scales","0","0","space","space","space","NA","space","NA","NA","space","NA","space","NA","space","NA","space","NA","NA","NA","space","NA","NA","NA","544.0679999883287","2225.07630000473","6729.909500005306","NA","544.0679999883287","NA","NA","3299.5740000042133","NA","3891.845399994054","NA","4804.047400000854","NA","4650.259300004109","NA","NA","NA","4403.0242000008","NA","NA","NA","7694.224899998517","c","40","2","psycho","The housewife will  wash the mushrooms","1024","2","24000","-16","experiment","7","odd","2","48719.77060000063","388090.64260000014","384775.9978999966","78759.07790000201","4900.636799997301","48725.23860000365","50956.36640000157","NA","380751.92860000243","384775.92169999843","380543.0018000043","NA","48719.86569999717","NA","NA","379998.1858000101","NA","NA","57690.708499998436","NA","60994.47990000772","NA","64890.28170000529","NA","69700.19370000227","NA","NA","NA","74355.31290000654","NA","NA","NA","388110.0254000048","NA","12607.702200009953","380735.96140000154","379987.7053000091","379997.9847000068","384795.5069000018","384752.50100000994","78759.11450000422","380735.1223000005","4912.207700006547","3000","SceneViewing","39","27347.740599972894","39","2560"
"100","100","36_n.wav","691","691","#dadada","256","psycho","psycho","psycho","non-restrictive","1","undefined","undefined","1","NA","undefined","NA","undefined","NA","undefined","NA","undefined","NA","NA","undefined","NA","NA","NA","undefined","0","40","40","0","0","0","0","NA","40","40","40","NA","0","NA","NA","40","0","NA","0","NA","0","NA","0","NA","0","NA","NA","NA","0","NA","NA","NA","40","NA","0","40","40","40","40","40","0","40","0","participant_group8.csv","8","NA","NA","NA","Fri Jul 24 11:14:23 2026","NA","The main experiment item","False","VWP_finalSetup_22_7.osexp","C:\Users\plcm\Desktop\2026-EyeTracking\group-eyeconic\OS2\final_recordings_upl","False","mono","False","20","no","#0c0c0c","no","yes","1440","36","37_pos4_nosub.png","37_pos4_sub.png","psycho","40","40","C:/Users/plcm/Desktop/2026-EyeTracking/group-eyeconic/OS2/final_recordings_upl/group 7-13/subject-7.csv","psycho","Neonatal Nightingale","4.1.14","papers","boxes","clips","lego","0","0","space","space","space","NA","space","NA","NA","space","NA","space","NA","space","NA","space","NA","NA","NA","space","NA","NA","NA","294.48510000656825","2225.07630000473","6729.909500005306","NA","294.48510000656825","NA","NA","3299.5740000042133","NA","3891.845399994054","NA","4804.047400000854","NA","4650.259300004109","NA","NA","NA","4403.0242000008","NA","NA","NA","7694.224899998517","c","41","2","psycho","The kid will stack the lego","1024","2","24000","-16","experiment","7","odd","4","48719.77060000063","395451.2342000089","392672.0473000023","78759.07790000201","4900.636799997301","48725.23860000365","50956.36640000157","NA","388647.33220000926","392671.9368000049","388423.1079000019","NA","48719.86569999717","NA","NA","388127.73330000346","NA","NA","57690.708499998436","NA","60994.47990000772","NA","64890.28170000529","NA","69700.19370000227","NA","NA","NA","74355.31290000654","NA","NA","NA","395470.0142000074","NA","12607.702200009953","388630.782200009","388117.9256000032","388127.6238999999","392691.7614999984","392647.8594000073","78759.11450000422","388630.3542999958","4912.207700006547","3000","SceneViewing","40","27642.225699979463","40","2560"
"100","100","10_n.wav","677","677","#dadada","256","psycho","psycho","psycho","non-restrictive","1","undefined","undefined","1","NA","undefined","NA","undefined","NA","undefined","NA","undefined","NA","NA","undefined","NA","NA","NA","undefined","0","41","41","0","0","0","0","NA","41","41","41","NA","0","NA","NA","41","0","NA","0","NA","0","NA","0","NA","0","NA","NA","NA","0","NA","NA","NA","41","NA","0","41","41","41","41","41","0","41","0","participant_group8.csv","8","NA","NA","NA","Fri Jul 24 11:14:23 2026","NA","The main experiment item","False","VWP_finalSetup_22_7.osexp","C:\Users\plcm\Desktop\2026-EyeTracking\group-eyeconic\OS2\final_recordings_upl","False","mono","False","20","no","#0c0c0c","no","yes","1440","10","11_pos2_nosub.png","11_pos2_sub.png","psycho","41","41","C:/Users/plcm/Desktop/2026-EyeTracking/group-eyeconic/OS2/final_recordings_upl/group 7-13/subject-7.csv","psycho","Neonatal Nightingale","4.1.14","wastebin","washing-machine","mirror","dog","0","0","space","space","space","NA","space","NA","NA","space","NA","space","NA","space","NA","space","NA","NA","NA","space","NA","NA","NA","117.46239999774843","2225.07630000473","6729.909500005306","NA","117.46239999774843","NA","NA","3299.5740000042133","NA","3891.845399994054","NA","4804.047400000854","NA","4650.259300004109","NA","NA","NA","4403.0242000008","NA","NA","NA","7694.224899998517","c","42","2","psycho","The man will wipe the washing machine","1024","2","24000","-16","experiment","7","odd","2","48719.77060000063","403131.1304999981","399868.1179999985","78759.07790000201","4900.636799997301","48725.23860000365","50956.36640000157","NA","395842.444000009","399868.0369000067","395622.87079999805","NA","48719.86569999717","NA","NA","395504.77559999854","NA","NA","57690.708499998436","NA","60994.47990000772","NA","64890.28170000529","NA","69700.19370000227","NA","NA","NA","74355.31290000654","NA","NA","NA","403150.1647999976","NA","12607.702200009953","395825.35800000187","395494.78120000276","395504.61930000165","399887.39430000714","399842.97199999855","78759.11450000422","395824.98370000394","4912.207700006547","3000","SceneViewing","41","27759.68809997721","41","2560"
"100","100","20_n.wav","667","667","#dadada","256","psycho","psycho","psycho","non-restrictive","1","undefined","undefined","1","NA","undefined","NA","undefined","NA","undefined","NA","undefined","NA","NA","undefined","NA","NA","NA","undefined","0","42","42","0","0","0","0","NA","42","42","42","NA","0","NA","NA","42","0","NA","0","NA","0","NA","0","NA","0","NA","NA","NA","0","NA","NA","NA","42","NA","0","42","42","42","42","42","0","42","0","participant_group8.csv","8","NA","NA","NA","Fri Jul 24 11:14:23 2026","NA","The main experiment item","False","VWP_finalSetup_22_7.osexp","C:\Users\plcm\Desktop\2026-EyeTracking\group-eyeconic\OS2\final_recordings_upl","False","mono","False","20","no","#0c0c0c","no","yes","1440","20","21_pos4_nosub.png","21_pos4_sub.png","psycho","42","42","C:/Users/plcm/Desktop/2026-EyeTracking/group-eyeconic/OS2/final_recordings_upl/group 7-13/subject-7.csv","psycho","Neonatal Nightingale","4.1.14","block","crayon","cup","kitten","0","0","space","space","space","NA","space","NA","NA","space","NA","space","NA","space","NA","space","NA","NA","NA","space","NA","NA","NA","276.74539999861736","2225.07630000473","6729.909500005306","NA","276.74539999861736","NA","NA","3299.5740000042133","NA","3891.845399994054","NA","4804.047400000854","NA","4650.259300004109","NA","NA","NA","4403.0242000008","NA","NA","NA","7694.224899998517","c","43","2","psycho","The baby will grab the kitten","1024","2","24000","-16","experiment","7","odd","4","48719.77060000063","410590.69749999617","407692.4200000067","78759.07790000201","4900.636799997301","48725.23860000365","50956.36640000157","NA","403669.0110000054","407692.3742000072","403446.90860000264","NA","48719.86569999717","NA","NA","403169.45070000656","NA","NA","57690.708499998436","NA","60994.47990000772","NA","64890.28170000529","NA","69700.19370000227","NA","NA","NA","74355.31290000654","NA","NA","NA","410610.63360000844","NA","12607.702200009953","403652.38240000326","403157.5855999981","403169.27340000984","407711.95660000376","407669.5028999966","78759.11450000422","403651.9307999988","4912.207700006547","3000","SceneViewing","42","28036.43349997583","42","2560"
"100","100","15_r.wav","672","672","#dadada","256","psycho","psycho","psycho","restrictive","1","undefined","undefined","1","NA","undefined","NA","undefined","NA","undefined","NA","undefined","NA","NA","undefined","NA","NA","NA","undefined","0","43","43","0","0","0","0","NA","43","43","43","NA","0","NA","NA","43","0","NA","0","NA","0","NA","0","NA","0","NA","NA","NA","0","NA","NA","NA","43","NA","0","43","43","43","43","43","0","43","0","participant_group8.csv","8","NA","NA","NA","Fri Jul 24 11:14:23 2026","NA","The main experiment item","False","VWP_finalSetup_22_7.osexp","C:\Users\plcm\Desktop\2026-EyeTracking\group-eyeconic\OS2\final_recordings_upl","False","mono","False","20","no","#0c0c0c","no","yes","1440","15","16_pos3_nosub.png","16_pos3_sub.png","psycho","43","43","C:/Users/plcm/Desktop/2026-EyeTracking/group-eyeconic/OS2/final_recordings_upl/group 7-13/subject-7.csv","psycho","Neonatal Nightingale","4.1.14","magnifying-glass","folder","hat","wallet","0","0","space","space","space","NA","space","NA","NA","space","NA","space","NA","space","NA","space","NA","NA","NA","space","NA","NA","NA","874.7331000049599","2225.07630000473","6729.909500005306","NA","874.7331000049599","NA","NA","3299.5740000042133","NA","3891.845399994054","NA","4804.047400000854","NA","4650.259300004109","NA","NA","NA","4403.0242000008","NA","NA","NA","7694.224899998517","c","44","2","psycho","The businessman will wear the hat","1024","2","24000","-16","experiment","7","odd","3","48719.77060000063","418700.8870999998","415740.028500004","78759.07790000201","4900.636799997301","48725.23860000365","50956.36640000157","NA","411715.924899996","415739.97009999584","411503.2482000097","NA","48719.86569999717","NA","NA","410627.54410000343","NA","NA","57690.708499998436","NA","60994.47990000772","NA","64890.28170000529","NA","69700.19370000227","NA","NA","NA","74355.31290000654","NA","NA","NA","418720.1451000001","NA","12607.702200009953","411700.0210999977","410618.10750000586","410627.44940000994","415759.2561000056","415716.6147000098","78759.11450000422","411699.4691","4912.207700006547","3000","SceneViewing","43","28911.16659998079","43","2560"
"100","100","0_n.wav","675","675","#dadada","256","psycho","psycho","psycho","non-restrictive","1","undefined","undefined","1","NA","undefined","NA","undefined","NA","undefined","NA","undefined","NA","NA","undefined","NA","NA","NA","undefined","0","44","44","0","0","0","0","NA","44","44","44","NA","0","NA","NA","44","0","NA","0","NA","0","NA","0","NA","0","NA","NA","NA","0","NA","NA","NA","44","NA","0","44","44","44","44","44","0","44","0","participant_group8.csv","8","NA","NA","NA","Fri Jul 24 11:14:23 2026","NA","The main experiment item","False","VWP_finalSetup_22_7.osexp","C:\Users\plcm\Desktop\2026-EyeTracking\group-eyeconic\OS2\final_recordings_upl","False","mono","False","20","no","#0c0c0c","no","yes","1440","0","1_pos4_nosub.png","1_pos4_sub.png","psycho","44","44","C:/Users/plcm/Desktop/2026-EyeTracking/group-eyeconic/OS2/final_recordings_upl/group 7-13/subject-7.csv","psycho","Neonatal Nightingale","4.1.14","toy-car","toy-train","ball","cake","0","0","space","space","space","NA","space","NA","NA","space","NA","space","NA","space","NA","space","NA","NA","NA","space","NA","NA","NA","830.425500011188","2225.07630000473","6729.909500005306","NA","830.425500011188","NA","NA","3299.5740000042133","NA","3891.845399994054","NA","4804.047400000854","NA","4650.259300004109","NA","NA","NA","4403.0242000008","NA","NA","NA","7694.224899998517","c","45","2","psycho","The boy will move the cake","1024","2","24000","-16","experiment","7","odd","4","48719.77060000063","426230.85010000796","423814.52700000955","78759.07790000201","4900.636799997301","48725.23860000365","50956.36640000157","NA","419790.5909999972","423814.452000006","419583.19530000153","NA","48719.86569999717","NA","NA","418751.7713999987","NA","NA","57690.708499998436","NA","60994.47990000772","NA","64890.28170000529","NA","69700.19370000227","NA","NA","NA","74355.31290000654","NA","NA","NA","426250.0551999983","NA","12607.702200009953","419774.7001000098","418740.988000005","418751.6109999997","423834.1279000015","423790.7377000083","78759.11450000422","419774.2175000021","4912.207700006547","3000","SceneViewing","44","29741.592099991976","44","2560"
"100","100","8_n.wav","671","671","#dadada","256","psycho","psycho","psycho","non-restrictive","1","undefined","undefined","1","NA","undefined","NA","undefined","NA","undefined","NA","undefined","NA","NA","undefined","NA","NA","NA","undefined","0","45","45","0","0","0","0","NA","45","45","45","NA","0","NA","NA","45","0","NA","0","NA","0","NA","0","NA","0","NA","NA","NA","0","NA","NA","NA","45","NA","0","45","45","45","45","45","0","45","0","participant_group8.csv","8","NA","NA","NA","Fri Jul 24 11:14:23 2026","NA","The main experiment item","False","VWP_finalSetup_22_7.osexp","C:\Users\plcm\Desktop\2026-EyeTracking\group-eyeconic\OS2\final_recordings_upl","False","mono","False","20","no","#0c0c0c","no","yes","1440","8","9_pos4_nosub.png","9_pos4_sub.png","psycho","45","45","C:/Users/plcm/Desktop/2026-EyeTracking/group-eyeconic/OS2/final_recordings_upl/group 7-13/subject-7.csv","psycho","Neonatal Nightingale","4.1.14","table","telephone","television","piano","0","0","space","space","space","NA","space","NA","NA","space","NA","space","NA","space","NA","space","NA","NA","NA","space","NA","NA","NA","456.46560000022873","2225.07630000473","6729.909500005306","NA","456.46560000022873","NA","NA","3299.5740000042133","NA","3891.845399994054","NA","4804.047400000854","NA","4650.259300004109","NA","NA","NA","4403.0242000008","NA","NA","NA","7694.224899998517","c","46","2","psycho","The woman will dust the piano","1024","2","24000","-16","experiment","7","odd","4","48719.77060000063","433950.7222999964","430969.39700000803","78759.07790000201","4900.636799997301","48725.23860000365","50956.36640000157","NA","426946.26559999597","430969.34170000895","426727.3317000072","NA","48719.86569999717","NA","NA","426269.9197000038","NA","NA","57690.708499998436","NA","60994.47990000772","NA","64890.28170000529","NA","69700.19370000227","NA","NA","NA","74355.31290000654","NA","NA","NA","433970.05940000236","NA","12607.702200009953","426929.96819999826","426260.5142000102","426269.8107000033","430989.041599998","430946.6836000065","78759.11450000422","426929.2112999974","4912.207700006547","3000","SceneViewing","45","30198.057699992205","45","2560"
"100","100","33_r.wav","658","658","#dadada","256","psycho","psycho","psycho","restrictive","1","undefined","undefined","1","NA","undefined","NA","undefined","NA","undefined","NA","undefined","NA","NA","undefined","NA","NA","NA","undefined","0","46","46","0","0","0","0","NA","46","46","46","NA","0","NA","NA","46","0","NA","0","NA","0","NA","0","NA","0","NA","NA","NA","0","NA","NA","NA","46","NA","0","46","46","46","46","46","0","46","0","participant_group8.csv","8","NA","NA","NA","Fri Jul 24 11:14:23 2026","NA","The main experiment item","False","VWP_finalSetup_22_7.osexp","C:\Users\plcm\Desktop\2026-EyeTracking\group-eyeconic\OS2\final_recordings_upl","False","mono","False","20","no","#0c0c0c","no","yes","1440","33","34_pos1_nosub.png","34_pos1_sub.png","psycho","46","46","C:/Users/plcm/Desktop/2026-EyeTracking/group-eyeconic/OS2/final_recordings_upl/group 7-13/subject-7.csv","psycho","Neonatal Nightingale","4.1.14","suitcase","envelope","box","gift","0","0","space","space","space","NA","space","NA","NA","space","NA","space","NA","space","NA","space","NA","NA","NA","space","NA","NA","NA","75.77809999929741","2225.07630000473","6729.909500005306","NA","75.77809999929741","NA","NA","3299.5740000042133","NA","3891.845399994054","NA","4804.047400000854","NA","4650.259300004109","NA","NA","NA","4403.0242000008","NA","NA","NA","7694.224899998517","c","47","2","psycho","The boy will unzip the suitcase","1024","2","24000","-16","experiment","7","odd","1","48719.77060000063","441400.7366000005","438317.6028000016","78759.07790000201","4900.636799997301","48725.23860000365","50956.36640000157","NA","434294.2105999973","438317.5529","434071.3332000014","NA","48719.86569999717","NA","NA","433994.57890000485","NA","NA","57690.708499998436","NA","60994.47990000772","NA","64890.28170000529","NA","69700.19370000227","NA","NA","NA","74355.31290000654","NA","NA","NA","441420.06659999606","NA","12607.702200009953","434277.2130000085","433985.30980000214","433994.4442999986","438336.9340000063","438294.5894000004","78759.11450000422","434276.6379999957","4912.207700006547","3000","SceneViewing","46","30273.835799991502","46","2560"
"100","100","4_n.wav","646","646","#dadada","256","psycho","psycho","psycho","non-restrictive","1","undefined","undefined","1","NA","undefined","NA","undefined","NA","undefined","NA","undefined","NA","NA","undefined","NA","NA","NA","undefined","0","47","47","0","0","0","0","NA","47","47","47","NA","0","NA","NA","47","0","NA","0","NA","0","NA","0","NA","0","NA","NA","NA","0","NA","NA","NA","47","NA","0","47","47","47","47","47","0","47","0","participant_group8.csv","8","NA","NA","NA","Fri Jul 24 11:14:23 2026","NA","The main experiment item","False","VWP_finalSetup_22_7.osexp","C:\Users\plcm\Desktop\2026-EyeTracking\group-eyeconic\OS2\final_recordings_upl","False","mono","False","20","no","#0c0c0c","no","yes","1440","4","5_pos4_nosub.png","5_pos4_sub.png","psycho","47","47","C:/Users/plcm/Desktop/2026-EyeTracking/group-eyeconic/OS2/final_recordings_upl/group 7-13/subject-7.csv","psycho","Neonatal Nightingale","4.1.14","paper-plane","acorns","shuttle-cock","ball","0","0","space","space","space","NA","space","NA","NA","space","NA","space","NA","space","NA","space","NA","NA","NA","space","NA","NA","NA","108.55380000430159","2225.07630000473","6729.909500005306","NA","108.55380000430159","NA","NA","3299.5740000042133","NA","3891.845399994054","NA","4804.047400000854","NA","4650.259300004109","NA","NA","NA","4403.0242000008","NA","NA","NA","7694.224899998517","c","48","2","psycho","The boy will throw the ball","1024","2","24000","-16","experiment","7","odd","4","48719.77060000063","448310.89839999913","445797.95490000106","78759.07790000201","4900.636799997301","48725.23860000365","50956.36640000157","NA","441772.0233","445797.8926000069","441559.10949999816","NA","48719.86569999717","NA","NA","441449.6819000051","NA","NA","57690.708499998436","NA","60994.47990000772","NA","64890.28170000529","NA","69700.19370000227","NA","NA","NA","74355.31290000654","NA","NA","NA","448329.93120000174","NA","12607.702200009953","441756.56960000924","441438.6866999994","441449.50460000837","445817.6456000074","445772.2697999998","78759.11450000422","441755.9889999975","4912.207700006547","3000","SceneViewing","47","30382.389599995804","47","2560"
"100","100","49_r.wav","643","643","#dadada","256","psycho","psycho","psycho","restrictive","1","undefined","undefined","1","NA","undefined","NA","undefined","NA","undefined","NA","undefined","NA","NA","undefined","NA","NA","NA","undefined","0","48","48","0","0","0","0","NA","48","48","48","NA","0","NA","NA","48","0","NA","0","NA","0","NA","0","NA","0","NA","NA","NA","0","NA","NA","NA","48","NA","0","48","48","48","48","48","0","48","0","participant_group8.csv","8","NA","NA","NA","Fri Jul 24 11:14:23 2026","NA","The main experiment item","False","VWP_finalSetup_22_7.osexp","C:\Users\plcm\Desktop\2026-EyeTracking\group-eyeconic\OS2\final_recordings_upl","False","mono","False","20","no","#0c0c0c","no","yes","1440","49","50_pos1_nosub.png","50_pos1_sub.png","psycho","48","48","C:/Users/plcm/Desktop/2026-EyeTracking/group-eyeconic/OS2/final_recordings_upl/group 7-13/subject-7.csv","psycho","Neonatal Nightingale","4.1.14","stamp","envelope","rubberband","scissors","0","0","space","space","space","NA","space","NA","NA","space","NA","space","NA","space","NA","space","NA","NA","NA","space","NA","NA","NA","509.4307999970624","2225.07630000473","6729.909500005306","NA","509.4307999970624","NA","NA","3299.5740000042133","NA","3891.845399994054","NA","4804.047400000854","NA","4650.259300004109","NA","NA","NA","4403.0242000008","NA","NA","NA","7694.224899998517","c","49","2","psycho","The man will lick the stamp","1024","2","24000","-16","experiment","7","odd","1","48719.77060000063","455650.69219999714","453109.11869999836","78759.07790000201","4900.636799997301","48725.23860000365","50956.36640000157","NA","449084.64990000357","453109.0547000058","448871.4719999989","NA","48719.86569999717","NA","NA","448361.00580000493","NA","NA","57690.708499998436","NA","60994.47990000772","NA","64890.28170000529","NA","69700.19370000227","NA","NA","NA","74355.31290000654","NA","NA","NA","455670.2712999977","NA","12607.702200009953","449068.0250000005","448350.9392999986","448360.73430000397","453129.3299999961","453084.772000002","78759.11450000422","449066.9825000077","4912.207700006547","3000","SceneViewing","48","30891.820399992866","48","2560"
"100","100","23_r.wav","655","655","#dadada","256","psycho","psycho","psycho","restrictive","1","undefined","undefined","1","NA","undefined","NA","undefined","NA","undefined","NA","undefined","NA","NA","undefined","NA","NA","NA","undefined","0","49","49","0","0","0","0","NA","49","49","49","NA","0","NA","NA","49","0","NA","0","NA","0","NA","0","NA","0","NA","NA","NA","0","NA","NA","NA","49","NA","0","49","49","49","49","49","0","49","0","participant_group8.csv","8","NA","NA","NA","Fri Jul 24 11:14:23 2026","NA","The main experiment item","False","VWP_finalSetup_22_7.osexp","C:\Users\plcm\Desktop\2026-EyeTracking\group-eyeconic\OS2\final_recordings_upl","False","mono","False","20","no","#0c0c0c","no","yes","1440","23","24_pos3_nosub.png","24_pos3_sub.png","psycho","49","49","C:/Users/plcm/Desktop/2026-EyeTracking/group-eyeconic/OS2/final_recordings_upl/group 7-13/subject-7.csv","psycho","Neonatal Nightingale","4.1.14","needle","card","scarf","pencil","0","0","space","space","space","NA","space","NA","NA","space","NA","space","NA","space","NA","space","NA","NA","NA","space","NA","NA","NA","1221.08859999571","2225.07630000473","6729.909500005306","NA","1221.08859999571","NA","NA","3299.5740000042133","NA","3891.845399994054","NA","4804.047400000854","NA","4650.259300004109","NA","NA","NA","4403.0242000008","NA","NA","NA","7694.224899998517","c","50","2","psycho","The girl will knit the scarf","1024","2","24000","-16","experiment","7","odd","3","48719.77060000063","463670.6147000077","461144.5720000047","78759.07790000201","4900.636799997301","48725.23860000365","50956.36640000157","NA","457119.4461999985","461144.5065000007","456911.1889000051","NA","48719.86569999717","NA","NA","455689.14650000806","NA","NA","57690.708499998436","NA","60994.47990000772","NA","64890.28170000529","NA","69700.19370000227","NA","NA","NA","74355.31290000654","NA","NA","NA","463690.26109999686","NA","12607.702200009953","457103.88390001026","455678.68640000233","455689.01110001025","461163.6314000061","461119.8535000003","78759.11450000422","457103.3299999981","4912.207700006547","3000","SceneViewing","49","32112.908999988576","49","2560"
