"acc","accuracy","audio_file","average_response_time","avg_rt","background","block_size","canvas_backend","clock_backend","color_backend","condition","correct","correct_experiment_intro","correct_experiment_intro2","correct_new_1_keyboard_response","correct_new_2_keyboard_response","correct_new_2_sketchpad","correct_new_3_keyboard_response","correct_new_3_sketchpad","correct_new_4_keyboard_response","correct_new_4_sketchpad","correct_new_5_keyboard_response","correct_new_5_sketchpad","correct_new_6_keyboard_response","correct_new_7_keyboard_response","correct_new_7_sketchpad","correct_new_8_keyboard_response","correct_new_keyboard_response","correct_new_mouse_response","correct_welcome","count_accuracy_output","count_audio_file_offset","count_audio_file_onset_log","count_definitions","count_experiment","count_experiment_intro","count_experiment_intro2","count_image_delay","count_image_nosub","count_image_sub","count_increment_roundCounter","count_instruction","count_instructions","count_log_instruction","count_new_1_inline_script","count_new_1_keyboard_response","count_new_1_sketchpad","count_new_2_keyboard_response","count_new_2_sketchpad","count_new_3_keyboard_response","count_new_3_sketchpad","count_new_4_keyboard_response","count_new_4_sketchpad","count_new_5_keyboard_response","count_new_5_sketchpad","count_new_6_keyboard_response","count_new_6_sketchpad","count_new_7_keyboard_response","count_new_7_sketchpad","count_new_8_keyboard_response","count_new_inline_script","count_new_keyboard_response","count_new_logger","count_new_mouse_response","count_new_pygaze_init","count_new_pygaze_start_recording","count_new_pygaze_stop_recording","count_new_sketchpad","count_sentence_audio","count_subject_onset_log","count_trial_loop","count_trial_sequence","count_welcome","csv_filepath","csv_id","cursor_roi","cursor_x","cursor_y","datetime","delay_image_delay","description","disable_garbage_collection","experiment_file","experiment_path","font_bold","font_family","font_italic","font_size","font_underline","foreground","form_clicks","fullscreen","height","id","image_nosub","image_sub","keyboard_backend","live_row","live_row_trial_loop","logfile","mouse_backend","opensesame_codename","opensesame_version","position1","position2","position3","position4","psychopy_screen","repeat_cycle","response","response_experiment_intro","response_experiment_intro2","response_instruction","response_new_1_keyboard_response","response_new_1_sketchpad","response_new_2_keyboard_response","response_new_2_sketchpad","response_new_3_keyboard_response","response_new_3_sketchpad","response_new_4_keyboard_response","response_new_4_sketchpad","response_new_5_keyboard_response","response_new_5_sketchpad","response_new_6_keyboard_response","response_new_6_sketchpad","response_new_7_keyboard_response","response_new_7_sketchpad","response_new_8_keyboard_response","response_new_keyboard_response","response_new_mouse_response","response_time","response_time_experiment_intro","response_time_experiment_intro2","response_time_instruction","response_time_new_1_keyboard_response","response_time_new_1_sketchpad","response_time_new_2_keyboard_response","response_time_new_2_sketchpad","response_time_new_3_keyboard_response","response_time_new_3_sketchpad","response_time_new_4_keyboard_response","response_time_new_4_sketchpad","response_time_new_5_keyboard_response","response_time_new_5_sketchpad","response_time_new_6_keyboard_response","response_time_new_6_sketchpad","response_time_new_7_keyboard_response","response_time_new_7_sketchpad","response_time_new_8_keyboard_response","response_time_new_keyboard_response","response_time_new_mouse_response","response_time_welcome","response_welcome","round","round_decimals","sampler_backend","sentence","sound_buf_size","sound_channels","sound_freq","sound_sample_size","start","subject_nr","subject_parity","target_position","time_accuracy_output","time_audio_file_offset","time_audio_file_onset_log","time_definitions","time_experiment","time_experiment_intro","time_experiment_intro2","time_image_delay","time_image_nosub","time_image_sub","time_increment_roundCounter","time_instruction","time_instructions","time_log_instruction","time_new_1_inline_script","time_new_1_keyboard_response","time_new_1_sketchpad","time_new_2_keyboard_response","time_new_2_sketchpad","time_new_3_keyboard_response","time_new_3_sketchpad","time_new_4_keyboard_response","time_new_4_sketchpad","time_new_5_keyboard_response","time_new_5_sketchpad","time_new_6_keyboard_response","time_new_6_sketchpad","time_new_7_keyboard_response","time_new_7_sketchpad","time_new_8_keyboard_response","time_new_inline_script","time_new_keyboard_response","time_new_logger","time_new_mouse_response","time_new_pygaze_init","time_new_pygaze_start_recording","time_new_pygaze_stop_recording","time_new_sketchpad","time_sentence_audio","time_subject_onset_log","time_trial_loop","time_trial_sequence","time_welcome","timeout","title","total_correct","total_response_time","total_responses","width"
"undefined","undefined","36_n.wav","undefined","undefined","#dadada","256","psycho","psycho","psycho","non-restrictive","undefined","undefined","undefined","NA","NA","undefined","NA","undefined","NA","undefined","NA","undefined","NA","NA","undefined","NA","NA","NA","undefined","0","0","0","0","0","0","0","NA","0","0","0","NA","0","NA","NA","0","0","NA","0","NA","0","NA","0","NA","0","NA","NA","NA","0","NA","NA","NA","0","NA","0","0","0","0","0","0","0","0","0","participant_group2.csv","2","NA","NA","NA","Fri Aug  7 16:49:31 2026","NA","The main experiment item","False","VWP_finalSetup_22_7.osexp","C:\Users\plcm\Desktop\2026-EyeTracking\group-eyeconic\OS2\final_recordings_upl","False","mono","False","20","no","#0c0c0c","no","yes","1440","36","37_pos1_nosub.png","37_pos1_sub.png","psycho","0","0","C:\Users\plcm\Desktop\2026-EyeTracking\group-eyeconic\OS2\final_recordings_upl\subject-17.csv","psycho","Neonatal Nightingale","4.1.14","lego","papers","boxes","clips","0","0","space","space","space","NA","NA","NA","NA","space","NA","space","NA","space","NA","space","NA","NA","NA","space","NA","NA","NA","3907.900799997151","6513.083400001051","4762.000900009298","NA","NA","NA","NA","3852.0774000062374","NA","4667.989199995645","NA","4539.6260999987135","NA","6219.575399998575","NA","NA","NA","3907.900799997151","NA","NA","NA","11429.057500005001","c","1","2","psycho","The kid will stack the lego","1024","2","24000","-16","experiment","17","odd","1","63121.796799998265","104963.84849998867","102167.01919998741","97617.67119998694","6208.453799990821","63127.48489998921","69646.59349998692","NA","98138.21129999997","102166.95329999493","NA","NA","63121.87759998778","NA","NA","NA","NA","NA","74412.50339998805","NA","78268.55189999333","NA","82940.93449998763","NA","87485.0327999884","NA","NA","NA","93708.86159999645","NA","NA","NA","104987.6457999926","NA","17665.481799995177","97856.84649999894","NA","NA","102195.33419999061","102138.54739999806","97617.71519998729","97856.1800999887","6235.453899993445","3000","SceneViewing","0","0","0","2560"
"100","100","3_r.wav","5574","5574","#dadada","256","psycho","psycho","psycho","restrictive","1","undefined","undefined","1","NA","undefined","NA","undefined","NA","undefined","NA","undefined","NA","NA","undefined","NA","NA","NA","undefined","0","1","1","0","0","0","0","NA","1","1","1","NA","0","NA","NA","1","0","NA","0","NA","0","NA","0","NA","0","NA","NA","NA","0","NA","NA","NA","1","NA","0","1","1","1","1","1","0","1","0","participant_group2.csv","2","NA","NA","NA","Fri Aug  7 16:49:31 2026","NA","The main experiment item","False","VWP_finalSetup_22_7.osexp","C:\Users\plcm\Desktop\2026-EyeTracking\group-eyeconic\OS2\final_recordings_upl","False","mono","False","20","no","#0c0c0c","no","yes","1440","3","4_pos4_nosub.png","4_pos4_sub.png","psycho","1","1","C:\Users\plcm\Desktop\2026-EyeTracking\group-eyeconic\OS2\final_recordings_upl\subject-17.csv","psycho","Neonatal Nightingale","4.1.14","plant","stool","rocking-horse","baby","0","0","space","space","space","NA","space","NA","NA","space","NA","space","NA","space","NA","space","NA","NA","NA","space","NA","NA","NA","5574.21570000588","6513.083400001051","4762.000900009298","NA","5574.21570000588","NA","NA","3852.0774000062374","NA","4667.989199995645","NA","4539.6260999987135","NA","6219.575399998575","NA","NA","NA","3907.900799997151","NA","NA","NA","11429.057500005001","c","2","2","psycho","The woman will bathe the baby","1024","2","24000","-16","experiment","17","odd","4","63121.796799998265","117723.76470000017","114856.14150000038","97617.67119998694","6208.453799990821","63127.48489998921","69646.59349998692","NA","110832.45409998926","114856.05209998903","110617.68689999008","NA","63121.87759998778","NA","NA","105042.65039999154","NA","NA","74412.50339998805","NA","78268.55189999333","NA","82940.93449998763","NA","87485.0327999884","NA","NA","NA","93708.86159999645","NA","NA","NA","117743.3769999916","NA","17665.481799995177","110815.59790000028","105015.47019999998","105042.54679998849","114875.6696999917","114832.5957999914","97617.71519998729","110814.9376999936","6235.453899993445","3000","SceneViewing","1","5574.21570000588","1","2560"
"100","100","11_r.wav","4468","4468","#dadada","256","psycho","psycho","psycho","restrictive","1","undefined","undefined","1","NA","undefined","NA","undefined","NA","undefined","NA","undefined","NA","NA","undefined","NA","NA","NA","undefined","0","2","2","0","0","0","0","NA","2","2","2","NA","0","NA","NA","2","0","NA","0","NA","0","NA","0","NA","0","NA","NA","NA","0","NA","NA","NA","2","NA","0","2","2","2","2","2","0","2","0","participant_group2.csv","2","NA","NA","NA","Fri Aug  7 16:49:31 2026","NA","The main experiment item","False","VWP_finalSetup_22_7.osexp","C:\Users\plcm\Desktop\2026-EyeTracking\group-eyeconic\OS2\final_recordings_upl","False","mono","False","20","no","#0c0c0c","no","yes","1440","11","12_pos4_nosub.png","12_pos4_sub.png","psycho","2","2","C:\Users\plcm\Desktop\2026-EyeTracking\group-eyeconic\OS2\final_recordings_upl\subject-17.csv","psycho","Neonatal Nightingale","4.1.14","drum","duck","bricks","bell","0","0","space","space","space","NA","space","NA","NA","space","NA","space","NA","space","NA","space","NA","NA","NA","space","NA","NA","NA","3362.9611000069417","6513.083400001051","4762.000900009298","NA","3362.9611000069417","NA","NA","3852.0774000062374","NA","4667.989199995645","NA","4539.6260999987135","NA","6219.575399998575","NA","NA","NA","3907.900799997151","NA","NA","NA","11429.057500005001","c","3","2","psycho","The baby will ring the bell","1024","2","24000","-16","experiment","17","odd","4","63121.796799998265","127404.03769999102","125384.95079999848","97617.67119998694","6208.453799990821","63127.48489998921","69646.59349998692","NA","121360.31509999884","125384.86339998781","121137.16739999654","NA","63121.87759998778","NA","NA","117773.6789999908","NA","NA","74412.50339998805","NA","78268.55189999333","NA","82940.93449998763","NA","87485.0327999884","NA","NA","NA","93708.86159999645","NA","NA","NA","127423.42079999798","NA","17665.481799995177","121344.0777999931","117763.13699998718","117773.56469999359","125404.243699988","125360.82659999374","97617.71519998729","121343.50699999777","6235.453899993445","3000","SceneViewing","2","8937.176800012821","2","2560"
"100","100","48_n.wav","4185","4185","#dadada","256","psycho","psycho","psycho","non-restrictive","1","undefined","undefined","1","NA","undefined","NA","undefined","NA","undefined","NA","undefined","NA","NA","undefined","NA","NA","NA","undefined","0","3","3","0","0","0","0","NA","3","3","3","NA","0","NA","NA","3","0","NA","0","NA","0","NA","0","NA","0","NA","NA","NA","0","NA","NA","NA","3","NA","0","3","3","3","3","3","0","3","0","participant_group2.csv","2","NA","NA","NA","Fri Aug  7 16:49:31 2026","NA","The main experiment item","False","VWP_finalSetup_22_7.osexp","C:\Users\plcm\Desktop\2026-EyeTracking\group-eyeconic\OS2\final_recordings_upl","False","mono","False","20","no","#0c0c0c","no","yes","1440","48","49_pos1_nosub.png","49_pos1_sub.png","psycho","3","3","C:\Users\plcm\Desktop\2026-EyeTracking\group-eyeconic\OS2\final_recordings_upl\subject-17.csv","psycho","Neonatal Nightingale","4.1.14","balloon","pump","flag","pouch","0","0","space","space","space","NA","space","NA","NA","space","NA","space","NA","space","NA","space","NA","NA","NA","space","NA","NA","NA","3619.5753999927547","6513.083400001051","4762.000900009298","NA","3619.5753999927547","NA","NA","3852.0774000062374","NA","4667.989199995645","NA","4539.6260999987135","NA","6219.575399998575","NA","NA","NA","3907.900799997151","NA","NA","NA","11429.057500005001","c","4","2","psycho","The child will carry the balloon","1024","2","24000","-16","experiment","17","odd","1","63121.796799998265","138303.76079998678","135302.66589998791","97617.67119998694","6208.453799990821","63127.48489998921","69646.59349998692","NA","131278.89469999354","135302.6155999978","131073.24420000077","NA","63121.87759998778","NA","NA","127453.0694999994","NA","NA","74412.50339998805","NA","78268.55189999333","NA","82940.93449998763","NA","87485.0327999884","NA","NA","NA","93708.86159999645","NA","NA","NA","138323.27839999925","NA","17665.481799995177","131263.0605999875","127443.26139999612","127452.96949999465","135321.87949999934","135279.3304999941","97617.71519998729","131262.39169998735","6235.453899993445","3000","SceneViewing","3","12556.752200005576","3","2560"
"100","100","9_r.wav","3806","3806","#dadada","256","psycho","psycho","psycho","restrictive","1","undefined","undefined","1","NA","undefined","NA","undefined","NA","undefined","NA","undefined","NA","NA","undefined","NA","NA","NA","undefined","0","4","4","0","0","0","0","NA","4","4","4","NA","0","NA","NA","4","0","NA","0","NA","0","NA","0","NA","0","NA","NA","NA","0","NA","NA","NA","4","NA","0","4","4","4","4","4","0","4","0","participant_group2.csv","2","NA","NA","NA","Fri Aug  7 16:49:31 2026","NA","The main experiment item","False","VWP_finalSetup_22_7.osexp","C:\Users\plcm\Desktop\2026-EyeTracking\group-eyeconic\OS2\final_recordings_upl","False","mono","False","20","no","#0c0c0c","no","yes","1440","9","10_pos2_nosub.png","10_pos2_sub.png","psycho","4","4","C:\Users\plcm\Desktop\2026-EyeTracking\group-eyeconic\OS2\final_recordings_upl\subject-17.csv","psycho","Neonatal Nightingale","4.1.14","bag","book","door","cup","0","0","space","space","space","NA","space","NA","NA","space","NA","space","NA","space","NA","space","NA","NA","NA","space","NA","NA","NA","2668.0649999907473","6513.083400001051","4762.000900009298","NA","2668.0649999907473","NA","NA","3852.0774000062374","NA","4667.989199995645","NA","4539.6260999987135","NA","6219.575399998575","NA","NA","NA","3907.900799997151","NA","NA","NA","11429.057500005001","c","5","2","psycho","The woman will read the book","1024","2","24000","-16","experiment","17","odd","2","63121.796799998265","147633.95659999514","145236.13959999057","97617.67119998694","6208.453799990821","63127.48489998921","69646.59349998692","NA","141212.06869999878","145236.04269999487","141009.16169999982","NA","63121.87759998778","NA","NA","138340.52220000012","NA","NA","74412.50339998805","NA","78268.55189999333","NA","82940.93449998763","NA","87485.0327999884","NA","NA","NA","93708.86159999645","NA","NA","NA","147653.08599999116","NA","17665.481799995177","141197.81329999387","138330.81119999406","138340.41689999867","145255.77019999037","145212.57669999613","97617.71519998729","141197.40629999433","6235.453899993445","3000","SceneViewing","4","15224.817199996323","4","2560"
"100","100","41_r.wav","3526","3526","#dadada","256","psycho","psycho","psycho","restrictive","1","undefined","undefined","1","NA","undefined","NA","undefined","NA","undefined","NA","undefined","NA","NA","undefined","NA","NA","NA","undefined","0","5","5","0","0","0","0","NA","5","5","5","NA","0","NA","NA","5","0","NA","0","NA","0","NA","0","NA","0","NA","NA","NA","0","NA","NA","NA","5","NA","0","5","5","5","5","5","0","5","0","participant_group2.csv","2","NA","NA","NA","Fri Aug  7 16:49:31 2026","NA","The main experiment item","False","VWP_finalSetup_22_7.osexp","C:\Users\plcm\Desktop\2026-EyeTracking\group-eyeconic\OS2\final_recordings_upl","False","mono","False","20","no","#0c0c0c","no","yes","1440","41","42_pos2_nosub.png","42_pos2_sub.png","psycho","5","5","C:\Users\plcm\Desktop\2026-EyeTracking\group-eyeconic\OS2\final_recordings_upl\subject-17.csv","psycho","Neonatal Nightingale","4.1.14","shell","orange","stone","cone","0","0","space","space","space","NA","space","NA","NA","space","NA","space","NA","space","NA","space","NA","NA","NA","space","NA","NA","NA","2405.9273000020767","6513.083400001051","4762.000900009298","NA","2405.9273000020767","NA","NA","3852.0774000062374","NA","4667.989199995645","NA","4539.6260999987135","NA","6219.575399998575","NA","NA","NA","3907.900799997151","NA","NA","NA","11429.057500005001","c","6","2","psycho","The boy will squeeze the orange","1024","2","24000","-16","experiment","17","odd","2","63121.796799998265","157253.93839999742","154334.4933999906","97617.67119998694","6208.453799990821","63127.48489998921","69646.59349998692","NA","150310.39669999154","154334.4356999878","150089.35799999745","NA","63121.87759998778","NA","NA","147682.71119998826","NA","NA","74412.50339998805","NA","78268.55189999333","NA","82940.93449998763","NA","87485.0327999884","NA","NA","NA","93708.86159999645","NA","NA","NA","157272.77109998977","NA","17665.481799995177","150295.36129999906","147672.628299988","147682.56599998858","154354.53519999282","154310.573499999","97617.71519998729","150294.33939998853","6235.453899993445","3000","SceneViewing","5","17630.7444999984","5","2560"
"100","100","34_n.wav","3262","3262","#dadada","256","psycho","psycho","psycho","non-restrictive","1","undefined","undefined","1","NA","undefined","NA","undefined","NA","undefined","NA","undefined","NA","NA","undefined","NA","NA","NA","undefined","0","6","6","0","0","0","0","NA","6","6","6","NA","0","NA","NA","6","0","NA","0","NA","0","NA","0","NA","0","NA","NA","NA","0","NA","NA","NA","6","NA","0","6","6","6","6","6","0","6","0","participant_group2.csv","2","NA","NA","NA","Fri Aug  7 16:49:31 2026","NA","The main experiment item","False","VWP_finalSetup_22_7.osexp","C:\Users\plcm\Desktop\2026-EyeTracking\group-eyeconic\OS2\final_recordings_upl","False","mono","False","20","no","#0c0c0c","no","yes","1440","34","35_pos3_nosub.png","35_pos3_sub.png","psycho","6","6","C:\Users\plcm\Desktop\2026-EyeTracking\group-eyeconic\OS2\final_recordings_upl\subject-17.csv","psycho","Neonatal Nightingale","4.1.14","notebook","pillow","radio","puzzle","0","0","space","space","space","NA","space","NA","NA","space","NA","space","NA","space","NA","space","NA","NA","NA","space","NA","NA","NA","1946.034199994756","6513.083400001051","4762.000900009298","NA","1946.034199994756","NA","NA","3852.0774000062374","NA","4667.989199995645","NA","4539.6260999987135","NA","6219.575399998575","NA","NA","NA","3907.900799997151","NA","NA","NA","11429.057500005001","c","7","2","psycho","The boy will move the radio","1024","2","24000","-16","experiment","17","odd","3","63121.796799998265","166234.215199991","163498.59739998647","97617.67119998694","6208.453799990821","63127.48489998921","69646.59349998692","NA","159473.42039999785","163498.5464999918","159241.07209999056","NA","63121.87759998778","NA","NA","157294.51799999515","NA","NA","74412.50339998805","NA","78268.55189999333","NA","82940.93449998763","NA","87485.0327999884","NA","NA","NA","93708.86159999645","NA","NA","NA","166253.69089999003","NA","17665.481799995177","159449.20459999412","157284.1608999879","157294.36509999505","163517.9141999979","163474.25829998974","97617.71519998729","159448.58099998964","6235.453899993445","3000","SceneViewing","6","19576.778699993156","6","2560"
"100","100","31_r.wav","3023","3023","#dadada","256","psycho","psycho","psycho","restrictive","1","undefined","undefined","1","NA","undefined","NA","undefined","NA","undefined","NA","undefined","NA","NA","undefined","NA","NA","NA","undefined","0","7","7","0","0","0","0","NA","7","7","7","NA","0","NA","NA","7","0","NA","0","NA","0","NA","0","NA","0","NA","NA","NA","0","NA","NA","NA","7","NA","0","7","7","7","7","7","0","7","0","participant_group2.csv","2","NA","NA","NA","Fri Aug  7 16:49:31 2026","NA","The main experiment item","False","VWP_finalSetup_22_7.osexp","C:\Users\plcm\Desktop\2026-EyeTracking\group-eyeconic\OS2\final_recordings_upl","False","mono","False","20","no","#0c0c0c","no","yes","1440","31","32_pos4_nosub.png","32_pos4_sub.png","psycho","7","7","C:\Users\plcm\Desktop\2026-EyeTracking\group-eyeconic\OS2\final_recordings_upl\subject-17.csv","psycho","Neonatal Nightingale","4.1.14","lemon","sponge","seed","bottle","0","0","space","space","space","NA","space","NA","NA","space","NA","space","NA","space","NA","space","NA","NA","NA","space","NA","NA","NA","1585.4095999966376","6513.083400001051","4762.000900009298","NA","1585.4095999966376","NA","NA","3852.0774000062374","NA","4667.989199995645","NA","4539.6260999987135","NA","6219.575399998575","NA","NA","NA","3907.900799997151","NA","NA","NA","11429.057500005001","c","8","2","psycho","The woman will open the bottle","1024","2","24000","-16","experiment","17","odd","4","63121.796799998265","174833.76839999983","172102.12049999973","97617.67119998694","6208.453799990821","63127.48489998921","69646.59349998692","NA","168077.97779999964","172102.06549998838","167857.0747999911","NA","63121.87759998778","NA","NA","166271.11739999964","NA","NA","74412.50339998805","NA","78268.55189999333","NA","82940.93449998763","NA","87485.0327999884","NA","NA","NA","93708.86159999645","NA","NA","NA","174852.79349998746","NA","17665.481799995177","168059.680499995","166261.31459999306","166270.98639999167","172121.30489999254","172078.6020999949","97617.71519998729","168059.1287999996","6235.453899993445","3000","SceneViewing","7","21162.188299989793","7","2560"
"100","100","30_n.wav","2852","2852","#dadada","256","psycho","psycho","psycho","non-restrictive","1","undefined","undefined","1","NA","undefined","NA","undefined","NA","undefined","NA","undefined","NA","NA","undefined","NA","NA","NA","undefined","0","8","8","0","0","0","0","NA","8","8","8","NA","0","NA","NA","8","0","NA","0","NA","0","NA","0","NA","0","NA","NA","NA","0","NA","NA","NA","8","NA","0","8","8","8","8","8","0","8","0","participant_group2.csv","2","NA","NA","NA","Fri Aug  7 16:49:31 2026","NA","The main experiment item","False","VWP_finalSetup_22_7.osexp","C:\Users\plcm\Desktop\2026-EyeTracking\group-eyeconic\OS2\final_recordings_upl","False","mono","False","20","no","#0c0c0c","no","yes","1440","30","31_pos3_nosub.png","31_pos3_sub.png","psycho","8","8","C:\Users\plcm\Desktop\2026-EyeTracking\group-eyeconic\OS2\final_recordings_upl\subject-17.csv","psycho","Neonatal Nightingale","4.1.14","watch","headphones","dice","cap","0","0","space","space","space","NA","space","NA","NA","space","NA","space","NA","space","NA","space","NA","NA","NA","space","NA","NA","NA","1658.1702000112273","6513.083400001051","4762.000900009298","NA","1658.1702000112273","NA","NA","3852.0774000062374","NA","4667.989199995645","NA","4539.6260999987135","NA","6219.575399998575","NA","NA","NA","3907.900799997151","NA","NA","NA","11429.057500005001","c","9","2","psycho","The girl will grab the dice","1024","2","24000","-16","experiment","17","odd","3","63121.796799998265","183473.79889999866","180778.97149999626","97617.67119998694","6208.453799990821","63127.48489998921","69646.59349998692","NA","176755.0457999896","180778.91999999702","176529.1956000001","NA","63121.87759998778","NA","NA","174870.38499998744","NA","NA","74412.50339998805","NA","78268.55189999333","NA","82940.93449998763","NA","87485.0327999884","NA","NA","NA","93708.86159999645","NA","NA","NA","183493.1765999936","NA","17665.481799995177","176739.17380000057","174860.89129999164","174870.25699998776","180798.0045000004","180755.56449999567","97617.71519998729","176738.68719999155","6235.453899993445","3000","SceneViewing","8","22820.35850000102","8","2560"
"100","100","44_n.wav","2720","2720","#dadada","256","psycho","psycho","psycho","non-restrictive","1","undefined","undefined","1","NA","undefined","NA","undefined","NA","undefined","NA","undefined","NA","NA","undefined","NA","NA","NA","undefined","0","9","9","0","0","0","0","NA","9","9","9","NA","0","NA","NA","9","0","NA","0","NA","0","NA","0","NA","0","NA","NA","NA","0","NA","NA","NA","9","NA","0","9","9","9","9","9","0","9","0","participant_group2.csv","2","NA","NA","NA","Fri Aug  7 16:49:31 2026","NA","The main experiment item","False","VWP_finalSetup_22_7.osexp","C:\Users\plcm\Desktop\2026-EyeTracking\group-eyeconic\OS2\final_recordings_upl","False","mono","False","20","no","#0c0c0c","no","yes","1440","44","45_pos1_nosub.png","45_pos1_sub.png","psycho","9","9","C:\Users\plcm\Desktop\2026-EyeTracking\group-eyeconic\OS2\final_recordings_upl\subject-17.csv","psycho","Neonatal Nightingale","4.1.14","dough","glass","ladle","hammer","0","0","space","space","space","NA","space","NA","NA","space","NA","space","NA","space","NA","space","NA","NA","NA","space","NA","NA","NA","1661.677600000985","6513.083400001051","4762.000900009298","NA","1661.677600000985","NA","NA","3852.0774000062374","NA","4667.989199995645","NA","4539.6260999987135","NA","6219.575399998575","NA","NA","NA","3907.900799997151","NA","NA","NA","11429.057500005001","c","10","2","psycho","The baker will inspect the dough","1024","2","24000","-16","experiment","17","odd","1","63121.796799998265","192323.79989999754","189420.4374999972","97617.67119998694","6208.453799990821","63127.48489998921","69646.59349998692","NA","185395.59709999594","189420.37680000067","185185.43179999688","NA","63121.87759998778","NA","NA","183522.87999998953","NA","NA","74412.50339998805","NA","78268.55189999333","NA","82940.93449998763","NA","87485.0327999884","NA","NA","NA","93708.86159999645","NA","NA","NA","192342.77669999574","NA","17665.481799995177","185379.21109999297","183513.07479999377","183522.78379999916","189440.06289998651","189396.16489999753","97617.71519998729","185378.68199999502","6235.453899993445","3000","SceneViewing","9","24482.036100002006","9","2560"
"100","100","37_r.wav","2637","2637","#dadada","256","psycho","psycho","psycho","restrictive","1","undefined","undefined","1","NA","undefined","NA","undefined","NA","undefined","NA","undefined","NA","NA","undefined","NA","NA","NA","undefined","0","10","10","0","0","0","0","NA","10","10","10","NA","0","NA","NA","10","0","NA","0","NA","0","NA","0","NA","0","NA","NA","NA","0","NA","NA","NA","10","NA","0","10","10","10","10","10","0","10","0","participant_group2.csv","2","NA","NA","NA","Fri Aug  7 16:49:31 2026","NA","The main experiment item","False","VWP_finalSetup_22_7.osexp","C:\Users\plcm\Desktop\2026-EyeTracking\group-eyeconic\OS2\final_recordings_upl","False","mono","False","20","no","#0c0c0c","no","yes","1440","37","38_pos2_nosub.png","38_pos2_sub.png","psycho","10","10","C:\Users\plcm\Desktop\2026-EyeTracking\group-eyeconic\OS2\final_recordings_upl\subject-17.csv","psycho","Neonatal Nightingale","4.1.14","key","banana","mitten","marker","0","0","space","space","space","NA","space","NA","NA","space","NA","space","NA","space","NA","space","NA","NA","NA","space","NA","NA","NA","1897.763600005419","6513.083400001051","4762.000900009298","NA","1897.763600005419","NA","NA","3852.0774000062374","NA","4667.989199995645","NA","4539.6260999987135","NA","6219.575399998575","NA","NA","NA","3907.900799997151","NA","NA","NA","11429.057500005001","c","11","2","psycho","The boy will peel the banana","1024","2","24000","-16","experiment","17","odd","2","63121.796799998265","201283.78419998626","198515.92649999657","97617.67119998694","6208.453799990821","63127.48489998921","69646.59349998692","NA","194492.64149999362","198515.8633999963","194273.33119999093","NA","63121.87759998778","NA","NA","192374.88779998966","NA","NA","74412.50339998805","NA","78268.55189999333","NA","82940.93449998763","NA","87485.0327999884","NA","NA","NA","93708.86159999645","NA","NA","NA","201303.5103000002","NA","17665.481799995177","194476.67340000044","192363.63949999213","192374.7338999965","198534.9070999946","198492.83319999813","97617.71519998729","194476.05029999977","6235.453899993445","3000","SceneViewing","10","26379.799700007425","10","2560"
"100","100","15_r.wav","2593","2593","#dadada","256","psycho","psycho","psycho","restrictive","1","undefined","undefined","1","NA","undefined","NA","undefined","NA","undefined","NA","undefined","NA","NA","undefined","NA","NA","NA","undefined","0","11","11","0","0","0","0","NA","11","11","11","NA","0","NA","NA","11","0","NA","0","NA","0","NA","0","NA","0","NA","NA","NA","0","NA","NA","NA","11","NA","0","11","11","11","11","11","0","11","0","participant_group2.csv","2","NA","NA","NA","Fri Aug  7 16:49:31 2026","NA","The main experiment item","False","VWP_finalSetup_22_7.osexp","C:\Users\plcm\Desktop\2026-EyeTracking\group-eyeconic\OS2\final_recordings_upl","False","mono","False","20","no","#0c0c0c","no","yes","1440","15","16_pos4_nosub.png","16_pos4_sub.png","psycho","11","11","C:\Users\plcm\Desktop\2026-EyeTracking\group-eyeconic\OS2\final_recordings_upl\subject-17.csv","psycho","Neonatal Nightingale","4.1.14","wallet","magnifying-glass","folder","hat","0","0","space","space","space","NA","space","NA","NA","space","NA","space","NA","space","NA","space","NA","NA","NA","space","NA","NA","NA","2143.4603000088828","6513.083400001051","4762.000900009298","NA","2143.4603000088828","NA","NA","3852.0774000062374","NA","4667.989199995645","NA","4539.6260999987135","NA","6219.575399998575","NA","NA","NA","3907.900799997151","NA","NA","NA","11429.057500005001","c","12","2","psycho","The businessman will wear the hat","1024","2","24000","-16","experiment","17","odd","4","63121.796799998265","210693.77600000007","207718.277699998","97617.67119998694","6208.453799990821","63127.48489998921","69646.59349998692","NA","203694.15279998793","207718.20209998987","203466.06369999063","NA","63121.87759998778","NA","NA","201321.38909999048","NA","NA","74412.50339998805","NA","78268.55189999333","NA","82940.93449998763","NA","87485.0327999884","NA","NA","NA","93708.86159999645","NA","NA","NA","210713.4071999899","NA","17665.481799995177","203678.10520000057","201311.59269998898","201321.2773999985","207737.6077999943","207694.73659999494","97617.71519998729","203677.30199999642","6235.453899993445","3000","SceneViewing","11","28523.260000016307","11","2560"
"100","100","24_n.wav","2529","2529","#dadada","256","psycho","psycho","psycho","non-restrictive","1","undefined","undefined","1","NA","undefined","NA","undefined","NA","undefined","NA","undefined","NA","NA","undefined","NA","NA","NA","undefined","0","12","12","0","0","0","0","NA","12","12","12","NA","0","NA","NA","12","0","NA","0","NA","0","NA","0","NA","0","NA","NA","NA","0","NA","NA","NA","12","NA","0","12","12","12","12","12","0","12","0","participant_group2.csv","2","NA","NA","NA","Fri Aug  7 16:49:31 2026","NA","The main experiment item","False","VWP_finalSetup_22_7.osexp","C:\Users\plcm\Desktop\2026-EyeTracking\group-eyeconic\OS2\final_recordings_upl","False","mono","False","20","no","#0c0c0c","no","yes","1440","24","25_pos1_nosub.png","25_pos1_sub.png","psycho","12","12","C:\Users\plcm\Desktop\2026-EyeTracking\group-eyeconic\OS2\final_recordings_upl\subject-17.csv","psycho","Neonatal Nightingale","4.1.14","rabbit","plate","potato","glass","0","0","space","space","space","NA","space","NA","NA","space","NA","space","NA","space","NA","space","NA","NA","NA","space","NA","NA","NA","1832.7240999933565","6513.083400001051","4762.000900009298","NA","1832.7240999933565","NA","NA","3852.0774000062374","NA","4667.989199995645","NA","4539.6260999987135","NA","6219.575399998575","NA","NA","NA","3907.900799997151","NA","NA","NA","11429.057500005001","c","13","2","psycho","The girl will lift the rabbit","1024","2","24000","-16","experiment","17","odd","1","63121.796799998265","219543.67539999657","216818.34269998944","97617.67119998694","6208.453799990821","63127.48489998921","69646.59349998692","NA","212791.8292999966","216818.2153999951","212585.38769998995","NA","63121.87759998778","NA","NA","210751.92989999778","NA","NA","74412.50339998805","NA","78268.55189999333","NA","82940.93449998763","NA","87485.0327999884","NA","NA","NA","93708.86159999645","NA","NA","NA","219563.09759999567","NA","17665.481799995177","212775.77929999097","210739.9532999989","210751.78019999294","216838.00489999703","216792.31479999726","97617.71519998729","212775.27449998888","6235.453899993445","3000","SceneViewing","12","30355.984100009664","12","2560"
"100","100","27_r.wav","2459","2459","#dadada","256","psycho","psycho","psycho","restrictive","1","undefined","undefined","1","NA","undefined","NA","undefined","NA","undefined","NA","undefined","NA","NA","undefined","NA","NA","NA","undefined","0","13","13","0","0","0","0","NA","13","13","13","NA","0","NA","NA","13","0","NA","0","NA","0","NA","0","NA","0","NA","NA","NA","0","NA","NA","NA","13","NA","0","13","13","13","13","13","0","13","0","participant_group2.csv","2","NA","NA","NA","Fri Aug  7 16:49:31 2026","NA","The main experiment item","False","VWP_finalSetup_22_7.osexp","C:\Users\plcm\Desktop\2026-EyeTracking\group-eyeconic\OS2\final_recordings_upl","False","mono","False","20","no","#0c0c0c","no","yes","1440","27","28_pos4_nosub.png","28_pos4_sub.png","psycho","13","13","C:\Users\plcm\Desktop\2026-EyeTracking\group-eyeconic\OS2\final_recordings_upl\subject-17.csv","psycho","Neonatal Nightingale","4.1.14","switch","frame","picture","lamp","0","0","space","space","space","NA","space","NA","NA","space","NA","space","NA","space","NA","space","NA","NA","NA","space","NA","NA","NA","1620.7242000091355","6513.083400001051","4762.000900009298","NA","1620.7242000091355","NA","NA","3852.0774000062374","NA","4667.989199995645","NA","4539.6260999987135","NA","6219.575399998575","NA","NA","NA","3907.900799997151","NA","NA","NA","11429.057500005001","c","14","2","psycho","The boy will dim the lamp","1024","2","24000","-16","experiment","17","odd","4","63121.796799998265","227823.84040000034","225455.18869999796","97617.67119998694","6208.453799990821","63127.48489998921","69646.59349998692","NA","221430.8474999998","225455.1330999966","221201.4177999954","NA","63121.87759998778","NA","NA","219579.86079998955","NA","NA","74412.50339998805","NA","78268.55189999333","NA","82940.93449998763","NA","87485.0327999884","NA","NA","NA","93708.86159999645","NA","NA","NA","227843.55939998932","NA","17665.481799995177","221413.90390000015","219570.50839999283","219579.6835999936","225474.79999999632","225431.29169999156","97617.71519998729","221413.31669999636","6235.453899993445","3000","SceneViewing","13","31976.7083000188","13","2560"
"100","100","20_n.wav","2522","2522","#dadada","256","psycho","psycho","psycho","non-restrictive","1","undefined","undefined","1","NA","undefined","NA","undefined","NA","undefined","NA","undefined","NA","NA","undefined","NA","NA","NA","undefined","0","14","14","0","0","0","0","NA","14","14","14","NA","0","NA","NA","14","0","NA","0","NA","0","NA","0","NA","0","NA","NA","NA","0","NA","NA","NA","14","NA","0","14","14","14","14","14","0","14","0","participant_group2.csv","2","NA","NA","NA","Fri Aug  7 16:49:31 2026","NA","The main experiment item","False","VWP_finalSetup_22_7.osexp","C:\Users\plcm\Desktop\2026-EyeTracking\group-eyeconic\OS2\final_recordings_upl","False","mono","False","20","no","#0c0c0c","no","yes","1440","20","21_pos1_nosub.png","21_pos1_sub.png","psycho","14","14","C:\Users\plcm\Desktop\2026-EyeTracking\group-eyeconic\OS2\final_recordings_upl\subject-17.csv","psycho","Neonatal Nightingale","4.1.14","kitten","block","crayon","cup","0","0","space","space","space","NA","space","NA","NA","space","NA","space","NA","space","NA","space","NA","NA","NA","space","NA","NA","NA","3333.8611999934074","6513.083400001051","4762.000900009298","NA","3333.8611999934074","NA","NA","3852.0774000062374","NA","4667.989199995645","NA","4539.6260999987135","NA","6219.575399998575","NA","NA","NA","3907.900799997151","NA","NA","NA","11429.057500005001","c","15","2","psycho","The baby will grab the kitten","1024","2","24000","-16","experiment","17","odd","1","63121.796799998265","238343.80479999527","235453.71439999144","97617.67119998694","6208.453799990821","63127.48489998921","69646.59349998692","NA","231429.53419999685","235453.6558999971","231209.2782999971","NA","63121.87759998778","NA","NA","227874.74549999752","NA","NA","74412.50339998805","NA","78268.55189999333","NA","82940.93449998763","NA","87485.0327999884","NA","NA","NA","93708.86159999645","NA","NA","NA","238362.67159999989","NA","17665.481799995177","231411.90149998874","227864.14999999397","227874.5784999919","235473.181999987","235430.10119999235","97617.71519998729","231411.3837999903","6235.453899993445","3000","SceneViewing","14","35310.56950001221","14","2560"
"100","100","40_n.wav","2509","2509","#dadada","256","psycho","psycho","psycho","non-restrictive","1","undefined","undefined","1","NA","undefined","NA","undefined","NA","undefined","NA","undefined","NA","NA","undefined","NA","NA","NA","undefined","0","15","15","0","0","0","0","NA","15","15","15","NA","0","NA","NA","15","0","NA","0","NA","0","NA","0","NA","0","NA","NA","NA","0","NA","NA","NA","15","NA","0","15","15","15","15","15","0","15","0","participant_group2.csv","2","NA","NA","NA","Fri Aug  7 16:49:31 2026","NA","The main experiment item","False","VWP_finalSetup_22_7.osexp","C:\Users\plcm\Desktop\2026-EyeTracking\group-eyeconic\OS2\final_recordings_upl","False","mono","False","20","no","#0c0c0c","no","yes","1440","40","41_pos1_nosub.png","41_pos1_sub.png","psycho","15","15","C:\Users\plcm\Desktop\2026-EyeTracking\group-eyeconic\OS2\final_recordings_upl\subject-17.csv","psycho","Neonatal Nightingale","4.1.14","blouse","pin","toothbrish","iron","0","0","space","space","space","NA","space","NA","NA","space","NA","space","NA","space","NA","space","NA","NA","NA","space","NA","NA","NA","2324.451799999224","6513.083400001051","4762.000900009298","NA","2324.451799999224","NA","NA","3852.0774000062374","NA","4667.989199995645","NA","4539.6260999987135","NA","6219.575399998575","NA","NA","NA","3907.900799997151","NA","NA","NA","11429.057500005001","c","16","2","psycho","The girl will hold the blouse","1024","2","24000","-16","experiment","17","odd","1","63121.796799998265","247624.48739999672","244960.56699998735","97617.67119998694","6208.453799990821","63127.48489998921","69646.59349998692","NA","240936.32660000003","244960.50639999157","240721.23309999006","NA","63121.87759998778","NA","NA","238396.15689999482","NA","NA","74412.50339998805","NA","78268.55189999333","NA","82940.93449998763","NA","87485.0327999884","NA","NA","NA","93708.86159999645","NA","NA","NA","247644.06999999483","NA","17665.481799995177","240921.06039999635","238383.01439999486","238395.96339999116","244980.12989999552","244936.72479999077","97617.71519998729","240920.53319999832","6235.453899993445","3000","SceneViewing","15","37635.02130001143","15","2560"
"100","100","14_n.wav","2508","2508","#dadada","256","psycho","psycho","psycho","non-restrictive","1","undefined","undefined","1","NA","undefined","NA","undefined","NA","undefined","NA","undefined","NA","NA","undefined","NA","NA","NA","undefined","0","16","16","0","0","0","0","NA","16","16","16","NA","0","NA","NA","16","0","NA","0","NA","0","NA","0","NA","0","NA","NA","NA","0","NA","NA","NA","16","NA","0","16","16","16","16","16","0","16","0","participant_group2.csv","2","NA","NA","NA","Fri Aug  7 16:49:31 2026","NA","The main experiment item","False","VWP_finalSetup_22_7.osexp","C:\Users\plcm\Desktop\2026-EyeTracking\group-eyeconic\OS2\final_recordings_upl","False","mono","False","20","no","#0c0c0c","no","yes","1440","14","15_pos3_nosub.png","15_pos3_sub.png","psycho","16","16","C:\Users\plcm\Desktop\2026-EyeTracking\group-eyeconic\OS2\final_recordings_upl\subject-17.csv","psycho","Neonatal Nightingale","4.1.14","ball","hen","dog","bird","0","0","space","space","space","NA","space","NA","NA","space","NA","space","NA","space","NA","space","NA","NA","NA","space","NA","NA","NA","2499.0899999975227","6513.083400001051","4762.000900009298","NA","2499.0899999975227","NA","NA","3852.0774000062374","NA","4667.989199995645","NA","4539.6260999987135","NA","6219.575399998575","NA","NA","NA","3907.900799997151","NA","NA","NA","11429.057500005001","c","17","2","psycho","The boy will feed the dog","1024","2","24000","-16","experiment","17","odd","3","63121.796799998265","256903.78449999844","254398.76829998684","97617.67119998694","6208.453799990821","63127.48489998921","69646.59349998692","NA","250375.28789999487","254398.71529999073","250161.24349999882","NA","63121.87759998778","NA","NA","247661.48519999115","NA","NA","74412.50339998805","NA","78268.55189999333","NA","82940.93449998763","NA","87485.0327999884","NA","NA","NA","93708.86159999645","NA","NA","NA","256923.11769998923","NA","17665.481799995177","250359.57529999723","247651.42609999748","247661.38579999097","254418.29389998748","254375.7501999935","97617.71519998729","250358.89849999512","6235.453899993445","3000","SceneViewing","16","40134.11130000895","16","2560"
"100","100","33_r.wav","2486","2486","#dadada","256","psycho","psycho","psycho","restrictive","1","undefined","undefined","1","NA","undefined","NA","undefined","NA","undefined","NA","undefined","NA","NA","undefined","NA","NA","NA","undefined","0","17","17","0","0","0","0","NA","17","17","17","NA","0","NA","NA","17","0","NA","0","NA","0","NA","0","NA","0","NA","NA","NA","0","NA","NA","NA","17","NA","0","17","17","17","17","17","0","17","0","participant_group2.csv","2","NA","NA","NA","Fri Aug  7 16:49:31 2026","NA","The main experiment item","False","VWP_finalSetup_22_7.osexp","C:\Users\plcm\Desktop\2026-EyeTracking\group-eyeconic\OS2\final_recordings_upl","False","mono","False","20","no","#0c0c0c","no","yes","1440","33","34_pos2_nosub.png","34_pos2_sub.png","psycho","17","17","C:\Users\plcm\Desktop\2026-EyeTracking\group-eyeconic\OS2\final_recordings_upl\subject-17.csv","psycho","Neonatal Nightingale","4.1.14","gift","suitcase","envelope","box","0","0","space","space","space","NA","space","NA","NA","space","NA","space","NA","space","NA","space","NA","NA","NA","space","NA","NA","NA","2132.224800006952","6513.083400001051","4762.000900009298","NA","2132.224800006952","NA","NA","3852.0774000062374","NA","4667.989199995645","NA","4539.6260999987135","NA","6219.575399998575","NA","NA","NA","3907.900799997151","NA","NA","NA","11429.057500005001","c","18","2","psycho","The boy will unzip the suitcase","1024","2","24000","-16","experiment","17","odd","2","63121.796799998265","266393.88899999904","263320.20999999077","97617.67119998694","6208.453799990821","63127.48489998921","69646.59349998692","NA","259296.391699987","263320.15069999034","259073.30379998893","NA","63121.87759998778","NA","NA","256940.4394999874","NA","NA","74412.50339998805","NA","78268.55189999333","NA","82940.93449998763","NA","87485.0327999884","NA","NA","NA","93708.86159999645","NA","NA","NA","266412.8125999996","NA","17665.481799995177","259278.8753999921","256930.46350000077","256940.3147999983","263339.46339999966","263296.97559999477","97617.71519998729","259277.998199992","6235.453899993445","3000","SceneViewing","17","42266.336100015906","17","2560"
"100","100","10_n.wav","2457","2457","#dadada","256","psycho","psycho","psycho","non-restrictive","1","undefined","undefined","1","NA","undefined","NA","undefined","NA","undefined","NA","undefined","NA","NA","undefined","NA","NA","NA","undefined","0","18","18","0","0","0","0","NA","18","18","18","NA","0","NA","NA","18","0","NA","0","NA","0","NA","0","NA","0","NA","NA","NA","0","NA","NA","NA","18","NA","0","18","18","18","18","18","0","18","0","participant_group2.csv","2","NA","NA","NA","Fri Aug  7 16:49:31 2026","NA","The main experiment item","False","VWP_finalSetup_22_7.osexp","C:\Users\plcm\Desktop\2026-EyeTracking\group-eyeconic\OS2\final_recordings_upl","False","mono","False","20","no","#0c0c0c","no","yes","1440","10","11_pos3_nosub.png","11_pos3_sub.png","psycho","18","18","C:\Users\plcm\Desktop\2026-EyeTracking\group-eyeconic\OS2\final_recordings_upl\subject-17.csv","psycho","Neonatal Nightingale","4.1.14","dog","wastebin","washing-machine","mirror","0","0","space","space","space","NA","space","NA","NA","space","NA","space","NA","space","NA","space","NA","NA","NA","space","NA","NA","NA","1966.4878999901703","6513.083400001051","4762.000900009298","NA","1966.4878999901703","NA","NA","3852.0774000062374","NA","4667.989199995645","NA","4539.6260999987135","NA","6219.575399998575","NA","NA","NA","3907.900799997151","NA","NA","NA","11429.057500005001","c","19","2","psycho","The man will wipe the washing machine","1024","2","24000","-16","experiment","17","odd","3","63121.796799998265","275933.6792999966","272656.0371999949","97617.67119998694","6208.453799990821","63127.48489998921","69646.59349998692","NA","268630.02389999747","272655.95219998795","268401.1989999999","NA","63121.87759998778","NA","NA","266434.0752999997","NA","NA","74412.50339998805","NA","78268.55189999333","NA","82940.93449998763","NA","87485.0327999884","NA","NA","NA","93708.86159999645","NA","NA","NA","275952.6965999976","NA","17665.481799995177","268615.2258999937","266424.5329999976","266433.88799999957","272675.447799993","272630.68159999966","97617.71519998729","268614.479699987","6235.453899993445","3000","SceneViewing","18","44232.824000006076","18","2560"
"100","100","49_r.wav","2423","2423","#dadada","256","psycho","psycho","psycho","restrictive","1","undefined","undefined","1","NA","undefined","NA","undefined","NA","undefined","NA","undefined","NA","NA","undefined","NA","NA","NA","undefined","0","19","19","0","0","0","0","NA","19","19","19","NA","0","NA","NA","19","0","NA","0","NA","0","NA","0","NA","0","NA","NA","NA","0","NA","NA","NA","19","NA","0","19","19","19","19","19","0","19","0","participant_group2.csv","2","NA","NA","NA","Fri Aug  7 16:49:31 2026","NA","The main experiment item","False","VWP_finalSetup_22_7.osexp","C:\Users\plcm\Desktop\2026-EyeTracking\group-eyeconic\OS2\final_recordings_upl","False","mono","False","20","no","#0c0c0c","no","yes","1440","49","50_pos2_nosub.png","50_pos2_sub.png","psycho","19","19","C:\Users\plcm\Desktop\2026-EyeTracking\group-eyeconic\OS2\final_recordings_upl\subject-17.csv","psycho","Neonatal Nightingale","4.1.14","scissors","stamp","envelope","rubberband","0","0","space","space","space","NA","space","NA","NA","space","NA","space","NA","space","NA","space","NA","NA","NA","space","NA","NA","NA","1822.1131000027526","6513.083400001051","4762.000900009298","NA","1822.1131000027526","NA","NA","3852.0774000062374","NA","4667.989199995645","NA","4539.6260999987135","NA","6219.575399998575","NA","NA","NA","3907.900799997151","NA","NA","NA","11429.057500005001","c","20","2","psycho","The man will lick the stamp","1024","2","24000","-16","experiment","17","odd","2","63121.796799998265","284574.0092999913","282022.5888999994","97617.67119998694","6208.453799990821","63127.48489998921","69646.59349998692","NA","277998.62429998757","282022.5253999961","277793.21929998696","NA","63121.87759998778","NA","NA","275970.47609998845","NA","NA","74412.50339998805","NA","78268.55189999333","NA","82940.93449998763","NA","87485.0327999884","NA","NA","NA","93708.86159999645","NA","NA","NA","284593.2363999891","NA","17665.481799995177","277982.84309999144","275960.3356000007","275970.3038000007","282042.0448999939","281998.7942999869","97617.71519998729","277982.2002000001","6235.453899993445","3000","SceneViewing","19","46054.93710000883","19","2560"
"100","100","38_n.wav","2494","2494","#dadada","256","psycho","psycho","psycho","non-restrictive","1","undefined","undefined","1","NA","undefined","NA","undefined","NA","undefined","NA","undefined","NA","NA","undefined","NA","NA","NA","undefined","0","20","20","0","0","0","0","NA","20","20","20","NA","0","NA","NA","20","0","NA","0","NA","0","NA","0","NA","0","NA","NA","NA","0","NA","NA","NA","20","NA","0","20","20","20","20","20","0","20","0","participant_group2.csv","2","NA","NA","NA","Fri Aug  7 16:49:31 2026","NA","The main experiment item","False","VWP_finalSetup_22_7.osexp","C:\Users\plcm\Desktop\2026-EyeTracking\group-eyeconic\OS2\final_recordings_upl","False","mono","False","20","no","#0c0c0c","no","yes","1440","38","39_pos3_nosub.png","39_pos3_sub.png","psycho","20","20","C:\Users\plcm\Desktop\2026-EyeTracking\group-eyeconic\OS2\final_recordings_upl\subject-17.csv","psycho","Neonatal Nightingale","4.1.14","broom","cloth","apron","mop","0","0","space","space","space","NA","space","NA","NA","space","NA","space","NA","space","NA","space","NA","NA","NA","space","NA","NA","NA","3830.696300006821","6513.083400001051","4762.000900009298","NA","3830.696300006821","NA","NA","3852.0774000062374","NA","4667.989199995645","NA","4539.6260999987135","NA","6219.575399998575","NA","NA","NA","3907.900799997151","NA","NA","NA","11429.057500005001","c","21","2","psycho","The woman will carry the apron","1024","2","24000","-16","experiment","17","odd","3","63121.796799998265","295553.731299995","292708.7455000001","97617.67119998694","6208.453799990821","63127.48489998921","69646.59349998692","NA","288684.56279998645","292708.6879999988","288449.1849999904","NA","63121.87759998778","NA","NA","284617.8685999912","NA","NA","74412.50339998805","NA","78268.55189999333","NA","82940.93449998763","NA","87485.0327999884","NA","NA","NA","93708.86159999645","NA","NA","NA","295573.02109999","NA","17665.481799995177","288667.67869998876","284603.20800000045","284617.60589999903","292728.4942999977","292685.332699999","97617.71519998729","288667.0723999996","6235.453899993445","3000","SceneViewing","20","49885.63340001565","20","2560"
"100","100","19_r.wav","2484","2484","#dadada","256","psycho","psycho","psycho","restrictive","1","undefined","undefined","1","NA","undefined","NA","undefined","NA","undefined","NA","undefined","NA","NA","undefined","NA","NA","NA","undefined","0","21","21","0","0","0","0","NA","21","21","21","NA","0","NA","NA","21","0","NA","0","NA","0","NA","0","NA","0","NA","NA","NA","0","NA","NA","NA","21","NA","0","21","21","21","21","21","0","21","0","participant_group2.csv","2","NA","NA","NA","Fri Aug  7 16:49:31 2026","NA","The main experiment item","False","VWP_finalSetup_22_7.osexp","C:\Users\plcm\Desktop\2026-EyeTracking\group-eyeconic\OS2\final_recordings_upl","False","mono","False","20","no","#0c0c0c","no","yes","1440","19","20_pos4_nosub.png","20_pos4_sub.png","psycho","21","21","C:\Users\plcm\Desktop\2026-EyeTracking\group-eyeconic\OS2\final_recordings_upl\subject-17.csv","psycho","Neonatal Nightingale","4.1.14","spoon","spatula","bowl","bread","0","0","space","space","space","NA","space","NA","NA","space","NA","space","NA","space","NA","space","NA","NA","NA","space","NA","NA","NA","2298.0934000079287","6513.083400001051","4762.000900009298","NA","2298.0934000079287","NA","NA","3852.0774000062374","NA","4667.989199995645","NA","4539.6260999987135","NA","6219.575399998575","NA","NA","NA","3907.900799997151","NA","NA","NA","11429.057500005001","c","22","2","psycho","The chef will slice the bread","1024","2","24000","-16","experiment","17","odd","4","63121.796799998265","304703.7241999933","302126.06219999725","97617.67119998694","6208.453799990821","63127.48489998921","69646.59349998692","NA","298101.5927999979","302125.97879998793","297889.15219999035","NA","63121.87759998778","NA","NA","295590.4579999915","NA","NA","74412.50339998805","NA","78268.55189999333","NA","82940.93449998763","NA","87485.0327999884","NA","NA","NA","93708.86159999645","NA","NA","NA","304723.75069999543","NA","17665.481799995177","298086.75329999824","295580.6319999974","295590.3485999879","302145.2280999947","302101.8499999918","97617.71519998729","298086.2223000004","6235.453899993445","3000","SceneViewing","21","52183.72680002358","21","2560"
"100","100","29_r.wav","2420","2420","#dadada","256","psycho","psycho","psycho","restrictive","1","undefined","undefined","1","NA","undefined","NA","undefined","NA","undefined","NA","undefined","NA","NA","undefined","NA","NA","NA","undefined","0","22","22","0","0","0","0","NA","22","22","22","NA","0","NA","NA","22","0","NA","0","NA","0","NA","0","NA","0","NA","NA","NA","0","NA","NA","NA","22","NA","0","22","22","22","22","22","0","22","0","participant_group2.csv","2","NA","NA","NA","Fri Aug  7 16:49:31 2026","NA","The main experiment item","False","VWP_finalSetup_22_7.osexp","C:\Users\plcm\Desktop\2026-EyeTracking\group-eyeconic\OS2\final_recordings_upl","False","mono","False","20","no","#0c0c0c","no","yes","1440","29","30_pos2_nosub.png","30_pos2_sub.png","psycho","22","22","C:\Users\plcm\Desktop\2026-EyeTracking\group-eyeconic\OS2\final_recordings_upl\subject-17.csv","psycho","Neonatal Nightingale","4.1.14","tissue","newspaper","comb","eraser","0","0","space","space","space","NA","space","NA","NA","space","NA","space","NA","space","NA","space","NA","NA","NA","space","NA","NA","NA","1062.6845999940997","6513.083400001051","4762.000900009298","NA","1062.6845999940997","NA","NA","3852.0774000062374","NA","4667.989199995645","NA","4539.6260999987135","NA","6219.575399998575","NA","NA","NA","3907.900799997151","NA","NA","NA","11429.057500005001","c","23","2","psycho","The grandmother will read the newspaper","1024","2","24000","-16","experiment","17","odd","2","63121.796799998265","312793.6132999894","310072.2351999866","97617.67119998694","6208.453799990821","63127.48489998921","69646.59349998692","NA","306047.69849999866","310072.17479999235","305817.4325","NA","63121.87759998778","NA","NA","304753.93669999903","NA","NA","74412.50339998805","NA","78268.55189999333","NA","82940.93449998763","NA","87485.0327999884","NA","NA","NA","93708.86159999645","NA","NA","NA","312813.3622999885","NA","17665.481799995177","306032.39909998956","304742.6080000005","304753.6637999874","310091.5294999868","310048.28939998697","97617.71519998729","306031.51199998683","6235.453899993445","3000","SceneViewing","22","53246.41140001768","22","2560"
"100","100","32_n.wav","2407","2407","#dadada","256","psycho","psycho","psycho","non-restrictive","1","undefined","undefined","1","NA","undefined","NA","undefined","NA","undefined","NA","undefined","NA","NA","undefined","NA","NA","NA","undefined","0","23","23","0","0","0","0","NA","23","23","23","NA","0","NA","NA","23","0","NA","0","NA","0","NA","0","NA","0","NA","NA","NA","0","NA","NA","NA","23","NA","0","23","23","23","23","23","0","23","0","participant_group2.csv","2","NA","NA","NA","Fri Aug  7 16:49:31 2026","NA","The main experiment item","False","VWP_finalSetup_22_7.osexp","C:\Users\plcm\Desktop\2026-EyeTracking\group-eyeconic\OS2\final_recordings_upl","False","mono","False","20","no","#0c0c0c","no","yes","1440","32","33_pos1_nosub.png","33_pos1_sub.png","psycho","23","23","C:\Users\plcm\Desktop\2026-EyeTracking\group-eyeconic\OS2\final_recordings_upl\subject-17.csv","psycho","Neonatal Nightingale","4.1.14","beer","mug","biscuit","kettle","0","0","space","space","space","NA","space","NA","NA","space","NA","space","NA","space","NA","space","NA","NA","NA","space","NA","NA","NA","2116.4243000093848","6513.083400001051","4762.000900009298","NA","2116.4243000093848","NA","NA","3852.0774000062374","NA","4667.989199995645","NA","4539.6260999987135","NA","6219.575399998575","NA","NA","NA","3907.900799997151","NA","NA","NA","11429.057500005001","c","24","2","psycho","The woman will carry the beer","1024","2","24000","-16","experiment","17","odd","1","63121.796799998265","321903.7554999959","319199.3458999932","97617.67119998694","6208.453799990821","63127.48489998921","69646.59349998692","NA","315175.4069999879","319199.29589999083","314961.3720999914","NA","63121.87759998778","NA","NA","312844.30669998983","NA","NA","74412.50339998805","NA","78268.55189999333","NA","82940.93449998763","NA","87485.0327999884","NA","NA","NA","93708.86159999645","NA","NA","NA","321922.9981999961","NA","17665.481799995177","315156.7726999929","312833.5103999998","312844.19039999193","319218.65439999965","319175.92629999854","97617.71519998729","315156.1984","6235.453899993445","3000","SceneViewing","23","55362.83570002706","23","2560"
"100","100","5_r.wav","2379","2379","#dadada","256","psycho","psycho","psycho","restrictive","1","undefined","undefined","1","NA","undefined","NA","undefined","NA","undefined","NA","undefined","NA","NA","undefined","NA","NA","NA","undefined","0","24","24","0","0","0","0","NA","24","24","24","NA","0","NA","NA","24","0","NA","0","NA","0","NA","0","NA","0","NA","NA","NA","0","NA","NA","NA","24","NA","0","24","24","24","24","24","0","24","0","participant_group2.csv","2","NA","NA","NA","Fri Aug  7 16:49:31 2026","NA","The main experiment item","False","VWP_finalSetup_22_7.osexp","C:\Users\plcm\Desktop\2026-EyeTracking\group-eyeconic\OS2\final_recordings_upl","False","mono","False","20","no","#0c0c0c","no","yes","1440","5","6_pos2_nosub.png","6_pos2_sub.png","psycho","24","24","C:\Users\plcm\Desktop\2026-EyeTracking\group-eyeconic\OS2\final_recordings_upl\subject-17.csv","psycho","Neonatal Nightingale","4.1.14","moon","mountain","animal","cactus","0","0","space","space","space","NA","space","NA","NA","space","NA","space","NA","space","NA","space","NA","NA","NA","space","NA","NA","NA","1747.7547000016784","6513.083400001051","4762.000900009298","NA","1747.7547000016784","NA","NA","3852.0774000062374","NA","4667.989199995645","NA","4539.6260999987135","NA","6219.575399998575","NA","NA","NA","3907.900799997151","NA","NA","NA","11429.057500005001","c","25","2","psycho","The hiker will climb the mountain","1024","2","24000","-16","experiment","17","odd","2","63121.796799998265","330714.0728999948","327941.1437999952","97617.67119998694","6208.453799990821","63127.48489998921","69646.59349998692","NA","323915.85679999844","327941.0696999985","323705.1865999965","NA","63121.87759998778","NA","NA","321956.81369998783","NA","NA","74412.50339998805","NA","78268.55189999333","NA","82940.93449998763","NA","87485.0327999884","NA","NA","NA","93708.86159999645","NA","NA","NA","330733.8244999992","NA","17665.481799995177","323900.1261999947","321947.24119998864","321956.6100999946","327961.0881999979","327916.27589998825","97617.71519998729","323899.59769998677","6235.453899993445","3000","SceneViewing","24","57110.59040002874","24","2560"
"100","100","8_n.wav","2324","2324","#dadada","256","psycho","psycho","psycho","non-restrictive","1","undefined","undefined","1","NA","undefined","NA","undefined","NA","undefined","NA","undefined","NA","NA","undefined","NA","NA","NA","undefined","0","25","25","0","0","0","0","NA","25","25","25","NA","0","NA","NA","25","0","NA","0","NA","0","NA","0","NA","0","NA","NA","NA","0","NA","NA","NA","25","NA","0","25","25","25","25","25","0","25","0","participant_group2.csv","2","NA","NA","NA","Fri Aug  7 16:49:31 2026","NA","The main experiment item","False","VWP_finalSetup_22_7.osexp","C:\Users\plcm\Desktop\2026-EyeTracking\group-eyeconic\OS2\final_recordings_upl","False","mono","False","20","no","#0c0c0c","no","yes","1440","8","9_pos1_nosub.png","9_pos1_sub.png","psycho","25","25","C:\Users\plcm\Desktop\2026-EyeTracking\group-eyeconic\OS2\final_recordings_upl\subject-17.csv","psycho","Neonatal Nightingale","4.1.14","piano","table","telephone","television","0","0","space","space","space","NA","space","NA","NA","space","NA","space","NA","space","NA","space","NA","NA","NA","space","NA","NA","NA","1004.1452000004938","6513.083400001051","4762.000900009298","NA","1004.1452000004938","NA","NA","3852.0774000062374","NA","4667.989199995645","NA","4539.6260999987135","NA","6219.575399998575","NA","NA","NA","3907.900799997151","NA","NA","NA","11429.057500005001","c","26","2","psycho","The woman will dust the piano","1024","2","24000","-16","experiment","17","odd","1","63121.796799998265","338993.84989999817","336000.4276999971","97617.67119998694","6208.453799990821","63127.48489998921","69646.59349998692","NA","331975.5957999878","336000.34509999387","331769.35539999977","NA","63121.87759998778","NA","NA","330764.4175999885","NA","NA","74412.50339998805","NA","78268.55189999333","NA","82940.93449998763","NA","87485.0327999884","NA","NA","NA","93708.86159999645","NA","NA","NA","339013.3153999923","NA","17665.481799995177","331959.22849999624","330754.2507999897","330764.3092999933","336019.83339998696","335975.8132999996","97617.71519998729","331958.69599998696","6235.453899993445","3000","SceneViewing","25","58114.735600029235","25","2560"
"100","100","4_n.wav","2279","2279","#dadada","256","psycho","psycho","psycho","non-restrictive","1","undefined","undefined","1","NA","undefined","NA","undefined","NA","undefined","NA","undefined","NA","NA","undefined","NA","NA","NA","undefined","0","26","26","0","0","0","0","NA","26","26","26","NA","0","NA","NA","26","0","NA","0","NA","0","NA","0","NA","0","NA","NA","NA","0","NA","NA","NA","26","NA","0","26","26","26","26","26","0","26","0","participant_group2.csv","2","NA","NA","NA","Fri Aug  7 16:49:31 2026","NA","The main experiment item","False","VWP_finalSetup_22_7.osexp","C:\Users\plcm\Desktop\2026-EyeTracking\group-eyeconic\OS2\final_recordings_upl","False","mono","False","20","no","#0c0c0c","no","yes","1440","4","5_pos1_nosub.png","5_pos1_sub.png","psycho","26","26","C:\Users\plcm\Desktop\2026-EyeTracking\group-eyeconic\OS2\final_recordings_upl\subject-17.csv","psycho","Neonatal Nightingale","4.1.14","ball","paper-plane","acorns","shuttle-cock","0","0","space","space","space","NA","space","NA","NA","space","NA","space","NA","space","NA","space","NA","NA","NA","space","NA","NA","NA","1161.9865000102436","6513.083400001051","4762.000900009298","NA","1161.9865000102436","NA","NA","3852.0774000062374","NA","4667.989199995645","NA","4539.6260999987135","NA","6219.575399998575","NA","NA","NA","3907.900799997151","NA","NA","NA","11429.057500005001","c","27","2","psycho","The boy will throw the ball","1024","2","24000","-16","experiment","17","odd","1","63121.796799998265","346973.71700000076","344441.93309999537","97617.67119998694","6208.453799990821","63127.48489998921","69646.59349998692","NA","340416.69569999794","344441.87179999426","340193.50999999733","NA","63121.87759998778","NA","NA","339030.58559999045","NA","NA","74412.50339998805","NA","78268.55189999333","NA","82940.93449998763","NA","87485.0327999884","NA","NA","NA","93708.86159999645","NA","NA","NA","346992.7767999907","NA","17665.481799995177","340390.34419998643","339020.8958999865","339030.4863999918","344461.0270999983","344417.68229998706","97617.71519998729","340389.8502999946","6235.453899993445","3000","SceneViewing","26","59276.72210003948","26","2560"
"100","100","45_r.wav","2249","2249","#dadada","256","psycho","psycho","psycho","restrictive","1","undefined","undefined","1","NA","undefined","NA","undefined","NA","undefined","NA","undefined","NA","NA","undefined","NA","NA","NA","undefined","0","27","27","0","0","0","0","NA","27","27","27","NA","0","NA","NA","27","0","NA","0","NA","0","NA","0","NA","0","NA","NA","NA","0","NA","NA","NA","27","NA","0","27","27","27","27","27","0","27","0","participant_group2.csv","2","NA","NA","NA","Fri Aug  7 16:49:31 2026","NA","The main experiment item","False","VWP_finalSetup_22_7.osexp","C:\Users\plcm\Desktop\2026-EyeTracking\group-eyeconic\OS2\final_recordings_upl","False","mono","False","20","no","#0c0c0c","no","yes","1440","45","46_pos2_nosub.png","46_pos2_sub.png","psycho","27","27","C:\Users\plcm\Desktop\2026-EyeTracking\group-eyeconic\OS2\final_recordings_upl\subject-17.csv","psycho","Neonatal Nightingale","4.1.14","pot","carrot","laddle","peeler","0","0","space","space","space","NA","space","NA","NA","space","NA","space","NA","space","NA","space","NA","NA","NA","space","NA","NA","NA","1461.9242000044324","6513.083400001051","4762.000900009298","NA","1461.9242000044324","NA","NA","3852.0774000062374","NA","4667.989199995645","NA","4539.6260999987135","NA","6219.575399998575","NA","NA","NA","3907.900799997151","NA","NA","NA","11429.057500005001","c","28","2","psycho","The chef will grate the carrot","1024","2","24000","-16","experiment","17","odd","2","63121.796799998265","355333.74379998713","352722.01539999514","97617.67119998694","6208.453799990821","63127.48489998921","69646.59349998692","NA","348698.05759999144","352721.96099998837","348473.41429999506","NA","63121.87759998778","NA","NA","347010.6662999897","NA","NA","74412.50339998805","NA","78268.55189999333","NA","82940.93449998763","NA","87485.0327999884","NA","NA","NA","93708.86159999645","NA","NA","NA","355353.2897999976","NA","17665.481799995177","348682.90709999565","347000.4416999873","347010.56529999187","352741.1706999992","352698.6565999978","97617.71519998729","348682.3405999894","6235.453899993445","3000","SceneViewing","27","60738.64630004391","27","2560"
"100","100","42_n.wav","2210","2210","#dadada","256","psycho","psycho","psycho","non-restrictive","1","undefined","undefined","1","NA","undefined","NA","undefined","NA","undefined","NA","undefined","NA","NA","undefined","NA","NA","NA","undefined","0","28","28","0","0","0","0","NA","28","28","28","NA","0","NA","NA","28","0","NA","0","NA","0","NA","0","NA","0","NA","NA","NA","0","NA","NA","NA","28","NA","0","28","28","28","28","28","0","28","0","participant_group2.csv","2","NA","NA","NA","Fri Aug  7 16:49:31 2026","NA","The main experiment item","False","VWP_finalSetup_22_7.osexp","C:\Users\plcm\Desktop\2026-EyeTracking\group-eyeconic\OS2\final_recordings_upl","False","mono","False","20","no","#0c0c0c","no","yes","1440","42","43_pos3_nosub.png","43_pos3_sub.png","psycho","28","28","C:\Users\plcm\Desktop\2026-EyeTracking\group-eyeconic\OS2\final_recordings_upl\subject-17.csv","psycho","Neonatal Nightingale","4.1.14","chalk","ruler","shirt","apple","0","0","space","space","space","NA","space","NA","NA","space","NA","space","NA","space","NA","space","NA","NA","NA","space","NA","NA","NA","1157.357799995225","6513.083400001051","4762.000900009298","NA","1157.357799995225","NA","NA","3852.0774000062374","NA","4667.989199995645","NA","4539.6260999987135","NA","6219.575399998575","NA","NA","NA","3907.900799997151","NA","NA","NA","11429.057500005001","c","29","2","psycho","The woman will wash the shirt","1024","2","24000","-16","experiment","17","odd","3","63121.796799998265","363523.83890000056","360799.5685999922","97617.67119998694","6208.453799990821","63127.48489998921","69646.59349998692","NA","356776.51359999436","360799.5116999955","356529.2851999984","NA","63121.87759998778","NA","NA","355371.19579999126","NA","NA","74412.50339998805","NA","78268.55189999333","NA","82940.93449998763","NA","87485.0327999884","NA","NA","NA","93708.86159999645","NA","NA","NA","363542.99170000013","NA","17665.481799995177","356759.42309999664","355360.80719999154","355371.0107999941","360818.76479998755","360776.78059999016","97617.71519998729","356758.9322999993","6235.453899993445","3000","SceneViewing","28","61896.004100039136","28","2560"
"100","100","46_n.wav","2160","2160","#dadada","256","psycho","psycho","psycho","non-restrictive","1","undefined","undefined","1","NA","undefined","NA","undefined","NA","undefined","NA","undefined","NA","NA","undefined","NA","NA","NA","undefined","0","29","29","0","0","0","0","NA","29","29","29","NA","0","NA","NA","29","0","NA","0","NA","0","NA","0","NA","0","NA","NA","NA","0","NA","NA","NA","29","NA","0","29","29","29","29","29","0","29","0","participant_group2.csv","2","NA","NA","NA","Fri Aug  7 16:49:31 2026","NA","The main experiment item","False","VWP_finalSetup_22_7.osexp","C:\Users\plcm\Desktop\2026-EyeTracking\group-eyeconic\OS2\final_recordings_upl","False","mono","False","20","no","#0c0c0c","no","yes","1440","46","47_pos3_nosub.png","47_pos3_sub.png","psycho","29","29","C:\Users\plcm\Desktop\2026-EyeTracking\group-eyeconic\OS2\final_recordings_upl\subject-17.csv","psycho","Neonatal Nightingale","4.1.14","gum","stand","violin","bow","0","0","space","space","space","NA","space","NA","NA","space","NA","space","NA","space","NA","space","NA","NA","NA","space","NA","NA","NA","760.4721000097925","6513.083400001051","4762.000900009298","NA","760.4721000097925","NA","NA","3852.0774000062374","NA","4667.989199995645","NA","4539.6260999987135","NA","6219.575399998575","NA","NA","NA","3907.900799997151","NA","NA","NA","11429.057500005001","c","30","2","psycho","The musician will move the violin","1024","2","24000","-16","experiment","17","odd","3","63121.796799998265","371863.841399987","368567.3800999939","97617.67119998694","6208.453799990821","63127.48489998921","69646.59349998692","NA","364542.53049999534","368567.3281999916","364321.1747999885","NA","63121.87759998778","NA","NA","363560.04869999015","NA","NA","74412.50339998805","NA","78268.55189999333","NA","82940.93449998763","NA","87485.0327999884","NA","NA","NA","93708.86159999645","NA","NA","NA","371883.3924999926","NA","17665.481799995177","364527.4772999983","363550.56589999003","363559.94649999775","368586.8829999963","368543.0439999909","97617.71519998729","364526.8950999889","6235.453899993445","3000","SceneViewing","29","62656.47620004893","29","2560"
"100","100","25_r.wav","2140","2140","#dadada","256","psycho","psycho","psycho","restrictive","1","undefined","undefined","1","NA","undefined","NA","undefined","NA","undefined","NA","undefined","NA","NA","undefined","NA","NA","NA","undefined","0","30","30","0","0","0","0","NA","30","30","30","NA","0","NA","NA","30","0","NA","0","NA","0","NA","0","NA","0","NA","NA","NA","0","NA","NA","NA","30","NA","0","30","30","30","30","30","0","30","0","participant_group2.csv","2","NA","NA","NA","Fri Aug  7 16:49:31 2026","NA","The main experiment item","False","VWP_finalSetup_22_7.osexp","C:\Users\plcm\Desktop\2026-EyeTracking\group-eyeconic\OS2\final_recordings_upl","False","mono","False","20","no","#0c0c0c","no","yes","1440","25","26_pos2_nosub.png","26_pos2_sub.png","psycho","30","30","C:\Users\plcm\Desktop\2026-EyeTracking\group-eyeconic\OS2\final_recordings_upl\subject-17.csv","psycho","Neonatal Nightingale","4.1.14","rope","canvas","keyboard","peach","0","0","space","space","space","NA","space","NA","NA","space","NA","space","NA","space","NA","space","NA","NA","NA","space","NA","NA","NA","1561.2920999992639","6513.083400001051","4762.000900009298","NA","1561.2920999992639","NA","NA","3852.0774000062374","NA","4667.989199995645","NA","4539.6260999987135","NA","6219.575399998575","NA","NA","NA","3907.900799997151","NA","NA","NA","11429.057500005001","c","31","2","psycho","The man will paint the canvas","1024","2","24000","-16","experiment","17","odd","2","63121.796799998265","380543.84079999","377722.3235999991","97617.67119998694","6208.453799990821","63127.48489998921","69646.59349998692","NA","373696.40669999353","377722.2614999919","373465.5697999988","NA","63121.87759998778","NA","NA","371903.42819999205","NA","NA","74412.50339998805","NA","78268.55189999333","NA","82940.93449998763","NA","87485.0327999884","NA","NA","NA","93708.86159999645","NA","NA","NA","380563.31089999","NA","17665.481799995177","373681.5089999873","371893.7006999913","371903.2518999884","377741.5275999956","377696.9451999903","97617.71519998729","373680.9610999917","6235.453899993445","3000","SceneViewing","30","64217.76830004819","30","2560"
"100","100","17_r.wav","2131","2131","#dadada","256","psycho","psycho","psycho","restrictive","1","undefined","undefined","1","NA","undefined","NA","undefined","NA","undefined","NA","undefined","NA","NA","undefined","NA","NA","NA","undefined","0","31","31","0","0","0","0","NA","31","31","31","NA","0","NA","NA","31","0","NA","0","NA","0","NA","0","NA","0","NA","NA","NA","0","NA","NA","NA","31","NA","0","31","31","31","31","31","0","31","0","participant_group2.csv","2","NA","NA","NA","Fri Aug  7 16:49:31 2026","NA","The main experiment item","False","VWP_finalSetup_22_7.osexp","C:\Users\plcm\Desktop\2026-EyeTracking\group-eyeconic\OS2\final_recordings_upl","False","mono","False","20","no","#0c0c0c","no","yes","1440","17","18_pos2_nosub.png","18_pos2_sub.png","psycho","31","31","C:\Users\plcm\Desktop\2026-EyeTracking\group-eyeconic\OS2\final_recordings_upl\subject-17.csv","psycho","Neonatal Nightingale","4.1.14","rope","wood","bucket","stone","0","0","space","space","space","NA","space","NA","NA","space","NA","space","NA","space","NA","space","NA","NA","NA","space","NA","NA","NA","1846.3240999990376","6513.083400001051","4762.000900009298","NA","1846.3240999990376","NA","NA","3852.0774000062374","NA","4667.989199995645","NA","4539.6260999987135","NA","6219.575399998575","NA","NA","NA","3907.900799997151","NA","NA","NA","11429.057500005001","c","32","2","psycho","The man will chop the wood","1024","2","24000","-16","experiment","17","odd","2","63121.796799998265","389143.9257999882","386676.42059999343","97617.67119998694","6208.453799990821","63127.48489998921","69646.59349998692","NA","382652.83989999443","386676.352399998","382433.4063999995","NA","63121.87759998778","NA","NA","380586.32619999116","NA","NA","74412.50339998805","NA","78268.55189999333","NA","82940.93449998763","NA","87485.0327999884","NA","NA","NA","93708.86159999645","NA","NA","NA","389163.687799999","NA","17665.481799995177","382637.0394999976","380575.7144999952","380586.2070000003","386695.76919999963","386653.3727999922","97617.71519998729","382636.49879999866","6235.453899993445","3000","SceneViewing","31","66064.09240004723","31","2560"
"100","100","35_r.wav","2112","2112","#dadada","256","psycho","psycho","psycho","restrictive","1","undefined","undefined","1","NA","undefined","NA","undefined","NA","undefined","NA","undefined","NA","NA","undefined","NA","NA","NA","undefined","0","32","32","0","0","0","0","NA","32","32","32","NA","0","NA","NA","32","0","NA","0","NA","0","NA","0","NA","0","NA","NA","NA","0","NA","NA","NA","32","NA","0","32","32","32","32","32","0","32","0","participant_group2.csv","2","NA","NA","NA","Fri Aug  7 16:49:31 2026","NA","The main experiment item","False","VWP_finalSetup_22_7.osexp","C:\Users\plcm\Desktop\2026-EyeTracking\group-eyeconic\OS2\final_recordings_upl","False","mono","False","20","no","#0c0c0c","no","yes","1440","35","36_pos4_nosub.png","36_pos4_sub.png","psycho","32","32","C:\Users\plcm\Desktop\2026-EyeTracking\group-eyeconic\OS2\final_recordings_upl\subject-17.csv","psycho","Neonatal Nightingale","4.1.14","brush","mirror","pot","mascara","0","0","space","space","space","NA","space","NA","NA","space","NA","space","NA","space","NA","space","NA","NA","NA","space","NA","NA","NA","1534.6773000055691","6513.083400001051","4762.000900009298","NA","1534.6773000055691","NA","NA","3852.0774000062374","NA","4667.989199995645","NA","4539.6260999987135","NA","6219.575399998575","NA","NA","NA","3907.900799997151","NA","NA","NA","11429.057500005001","c","33","2","psycho","The girl will apply the mascara","1024","2","24000","-16","experiment","17","odd","4","63121.796799998265","398023.7652999931","394964.64029999333","97617.67119998694","6208.453799990821","63127.48489998921","69646.59349998692","NA","390941.4168999938","394964.5904999925","390729.4544999895","NA","63121.87759998778","NA","NA","389193.96619999316","NA","NA","74412.50339998805","NA","78268.55189999333","NA","82940.93449998763","NA","87485.0327999884","NA","NA","NA","93708.86159999645","NA","NA","NA","398042.8174999979","NA","17665.481799995177","390925.4132999922","389183.7959999975","389193.85409999813","394983.604699999","394941.63789998856","97617.71519998729","390924.7300999996","6235.453899993445","3000","SceneViewing","32","67598.7697000528","32","2560"
"100","100","6_n.wav","2097","2097","#dadada","256","psycho","psycho","psycho","non-restrictive","1","undefined","undefined","1","NA","undefined","NA","undefined","NA","undefined","NA","undefined","NA","NA","undefined","NA","NA","NA","undefined","0","33","33","0","0","0","0","NA","33","33","33","NA","0","NA","NA","33","0","NA","0","NA","0","NA","0","NA","0","NA","NA","NA","0","NA","NA","NA","33","NA","0","33","33","33","33","33","0","33","0","participant_group2.csv","2","NA","NA","NA","Fri Aug  7 16:49:31 2026","NA","The main experiment item","False","VWP_finalSetup_22_7.osexp","C:\Users\plcm\Desktop\2026-EyeTracking\group-eyeconic\OS2\final_recordings_upl","False","mono","False","20","no","#0c0c0c","no","yes","1440","6","7_pos3_nosub.png","7_pos3_sub.png","psycho","33","33","C:\Users\plcm\Desktop\2026-EyeTracking\group-eyeconic\OS2\final_recordings_upl\subject-17.csv","psycho","Neonatal Nightingale","4.1.14","weighing-scales","jug","mushrooms","knife","0","0","space","space","space","NA","space","NA","NA","space","NA","space","NA","space","NA","space","NA","NA","NA","space","NA","NA","NA","1613.790199990035","6513.083400001051","4762.000900009298","NA","1613.790199990035","NA","NA","3852.0774000062374","NA","4667.989199995645","NA","4539.6260999987135","NA","6219.575399998575","NA","NA","NA","3907.900799997151","NA","NA","NA","11429.057500005001","c","34","2","psycho","The housewife will  wash the mushrooms","1024","2","24000","-16","experiment","17","odd","3","63121.796799998265","407233.7059999991","403925.64489999495","97617.67119998694","6208.453799990821","63127.48489998921","69646.59349998692","NA","399901.7740999989","403925.5744999973","399689.3342999974","NA","63121.87759998778","NA","NA","398074.7936999978","NA","NA","74412.50339998805","NA","78268.55189999333","NA","82940.93449998763","NA","87485.0327999884","NA","NA","NA","93708.86159999645","NA","NA","NA","407253.3809999877","NA","17665.481799995177","399884.8558999889","398063.6769999983","398074.66049998766","403945.0827999972","403902.2463000001","97617.71519998729","399884.30819999485","6235.453899993445","3000","SceneViewing","33","69212.55990004283","33","2560"
"100","100","47_r.wav","2090","2090","#dadada","256","psycho","psycho","psycho","restrictive","1","undefined","undefined","1","NA","undefined","NA","undefined","NA","undefined","NA","undefined","NA","NA","undefined","NA","NA","NA","undefined","0","34","34","0","0","0","0","NA","34","34","34","NA","0","NA","NA","34","0","NA","0","NA","0","NA","0","NA","0","NA","NA","NA","0","NA","NA","NA","34","NA","0","34","34","34","34","34","0","34","0","participant_group2.csv","2","NA","NA","NA","Fri Aug  7 16:49:31 2026","NA","The main experiment item","False","VWP_finalSetup_22_7.osexp","C:\Users\plcm\Desktop\2026-EyeTracking\group-eyeconic\OS2\final_recordings_upl","False","mono","False","20","no","#0c0c0c","no","yes","1440","47","48_pos4_nosub.png","48_pos4_sub.png","psycho","34","34","C:\Users\plcm\Desktop\2026-EyeTracking\group-eyeconic\OS2\final_recordings_upl\subject-17.csv","psycho","Neonatal Nightingale","4.1.14","dustpan","roller","footstool","carpet","0","0","space","space","space","NA","space","NA","NA","space","NA","space","NA","space","NA","space","NA","NA","NA","space","NA","NA","NA","1863.6464000010164","6513.083400001051","4762.000900009298","NA","1863.6464000010164","NA","NA","3852.0774000062374","NA","4667.989199995645","NA","4539.6260999987135","NA","6219.575399998575","NA","NA","NA","3907.900799997151","NA","NA","NA","11429.057500005001","c","35","2","psycho","The girl will vacuum the carpet","1024","2","24000","-16","experiment","17","odd","4","63121.796799998265","416383.83699998667","413380.28559999657","97617.67119998694","6208.453799990821","63127.48489998921","69646.59349998692","NA","409356.231999991","413380.20219998725","409137.4891999876","NA","63121.87759998778","NA","NA","407273.0363999872","NA","NA","74412.50339998805","NA","78268.55189999333","NA","82940.93449998763","NA","87485.0327999884","NA","NA","NA","93708.86159999645","NA","NA","NA","416403.20589998737","NA","17665.481799995177","409341.1042999942","407263.4003999992","407272.91569999943","413399.0567000001","413356.73469999165","97617.71519998729","409340.6549999927","6235.453899993445","3000","SceneViewing","34","71076.20630004385","34","2560"
"100","100","12_n.wav","2079","2079","#dadada","256","psycho","psycho","psycho","non-restrictive","1","undefined","undefined","1","NA","undefined","NA","undefined","NA","undefined","NA","undefined","NA","NA","undefined","NA","NA","NA","undefined","0","35","35","0","0","0","0","NA","35","35","35","NA","0","NA","NA","35","0","NA","0","NA","0","NA","0","NA","0","NA","NA","NA","0","NA","NA","NA","35","NA","0","35","35","35","35","35","0","35","0","participant_group2.csv","2","NA","NA","NA","Fri Aug  7 16:49:31 2026","NA","The main experiment item","False","VWP_finalSetup_22_7.osexp","C:\Users\plcm\Desktop\2026-EyeTracking\group-eyeconic\OS2\final_recordings_upl","False","mono","False","20","no","#0c0c0c","no","yes","1440","12","13_pos1_nosub.png","13_pos1_sub.png","psycho","35","35","C:\Users\plcm\Desktop\2026-EyeTracking\group-eyeconic\OS2\final_recordings_upl\subject-17.csv","psycho","Neonatal Nightingale","4.1.14","boat","birds","sun","car","0","0","space","space","space","NA","space","NA","NA","space","NA","space","NA","space","NA","space","NA","NA","NA","space","NA","NA","NA","1706.7172000097344","6513.083400001051","4762.000900009298","NA","1706.7172000097344","NA","NA","3852.0774000062374","NA","4667.989199995645","NA","4539.6260999987135","NA","6219.575399998575","NA","NA","NA","3907.900799997151","NA","NA","NA","11429.057500005001","c","36","2","psycho","The man will watch the boat","1024","2","24000","-16","experiment","17","odd","1","63121.796799998265","424853.86899999867","422379.83369998983","97617.67119998694","6208.453799990821","63127.48489998921","69646.59349998692","NA","418356.0124999931","422379.76589999744","418129.3194999889","NA","63121.87759998778","NA","NA","416421.86609999044","NA","NA","74412.50339998805","NA","78268.55189999333","NA","82940.93449998763","NA","87485.0327999884","NA","NA","NA","93708.86159999645","NA","NA","NA","424873.68309999874","NA","17665.481799995177","418340.98929999163","416410.33079999033","416421.4249999932","422398.8657999871","422356.62639999646","97617.71519998729","418340.4363999871","6235.453899993445","3000","SceneViewing","35","72782.92350005358","35","2560"
"100","100","28_n.wav","2120","2120","#dadada","256","psycho","psycho","psycho","non-restrictive","1","undefined","undefined","1","NA","undefined","NA","undefined","NA","undefined","NA","undefined","NA","NA","undefined","NA","NA","NA","undefined","0","36","36","0","0","0","0","NA","36","36","36","NA","0","NA","NA","36","0","NA","0","NA","0","NA","0","NA","0","NA","NA","NA","0","NA","NA","NA","36","NA","0","36","36","36","36","36","0","36","0","participant_group2.csv","2","NA","NA","NA","Fri Aug  7 16:49:31 2026","NA","The main experiment item","False","VWP_finalSetup_22_7.osexp","C:\Users\plcm\Desktop\2026-EyeTracking\group-eyeconic\OS2\final_recordings_upl","False","mono","False","20","no","#0c0c0c","no","yes","1440","28","29_pos1_nosub.png","29_pos1_sub.png","psycho","36","36","C:\Users\plcm\Desktop\2026-EyeTracking\group-eyeconic\OS2\final_recordings_upl\subject-17.csv","psycho","Neonatal Nightingale","4.1.14","milk","glove","nut","sock","0","0","space","space","space","NA","space","NA","NA","space","NA","space","NA","space","NA","space","NA","NA","NA","space","NA","NA","NA","3554.745000001276","6513.083400001051","4762.000900009298","NA","3554.745000001276","NA","NA","3852.0774000062374","NA","4667.989199995645","NA","4539.6260999987135","NA","6219.575399998575","NA","NA","NA","3907.900799997151","NA","NA","NA","11429.057500005001","c","37","2","psycho","The cat will push the milk","1024","2","24000","-16","experiment","17","odd","1","63121.796799998265","435123.9375999867","432691.56599999405","97617.67119998694","6208.453799990821","63127.48489998921","69646.59349998692","NA","428665.7351999893","432691.5089999966","428449.3086000002","NA","63121.87759998778","NA","NA","424893.82639998803","NA","NA","74412.50339998805","NA","78268.55189999333","NA","82940.93449998763","NA","87485.0327999884","NA","NA","NA","93708.86159999645","NA","NA","NA","435143.12169999175","NA","17665.481799995177","428649.1773999878","424884.09369999135","424893.6936999962","432710.7943999872","432666.1813999963","97617.71519998729","428648.9348999894","6235.453899993445","3000","SceneViewing","36","76337.66850005486","36","2560"
"100","100","23_r.wav","2092","2092","#dadada","256","psycho","psycho","psycho","restrictive","1","undefined","undefined","1","NA","undefined","NA","undefined","NA","undefined","NA","undefined","NA","NA","undefined","NA","NA","NA","undefined","0","37","37","0","0","0","0","NA","37","37","37","NA","0","NA","NA","37","0","NA","0","NA","0","NA","0","NA","0","NA","NA","NA","0","NA","NA","NA","37","NA","0","37","37","37","37","37","0","37","0","participant_group2.csv","2","NA","NA","NA","Fri Aug  7 16:49:31 2026","NA","The main experiment item","False","VWP_finalSetup_22_7.osexp","C:\Users\plcm\Desktop\2026-EyeTracking\group-eyeconic\OS2\final_recordings_upl","False","mono","False","20","no","#0c0c0c","no","yes","1440","23","24_pos4_nosub.png","24_pos4_sub.png","psycho","37","37","C:\Users\plcm\Desktop\2026-EyeTracking\group-eyeconic\OS2\final_recordings_upl\subject-17.csv","psycho","Neonatal Nightingale","4.1.14","pencil","needle","card","scarf","0","0","space","space","space","NA","space","NA","NA","space","NA","space","NA","space","NA","space","NA","NA","NA","space","NA","NA","NA","1099.2729999998119","6513.083400001051","4762.000900009298","NA","1099.2729999998119","NA","NA","3852.0774000062374","NA","4667.989199995645","NA","4539.6260999987135","NA","6219.575399998575","NA","NA","NA","3907.900799997151","NA","NA","NA","11429.057500005001","c","38","2","psycho","The girl will knit the scarf","1024","2","24000","-16","experiment","17","odd","4","63121.796799998265","443053.85009999736","440516.7736999865","97617.67119998694","6208.453799990821","63127.48489998921","69646.59349998692","NA","436492.36059999384","440516.7155999952","436273.3378999983","NA","63121.87759998778","NA","NA","435173.2902999938","NA","NA","74412.50339998805","NA","78268.55189999333","NA","82940.93449998763","NA","87485.0327999884","NA","NA","NA","93708.86159999645","NA","NA","NA","443073.5577999876","NA","17665.481799995177","436476.04599999613","435163.72449998744","435173.13869998907","440536.40749999613","440492.5163000007","97617.71519998729","436475.66279998864","6235.453899993445","3000","SceneViewing","37","77436.94150005467","37","2560"
"100","100","21_r.wav","2060","2060","#dadada","256","psycho","psycho","psycho","restrictive","1","undefined","undefined","1","NA","undefined","NA","undefined","NA","undefined","NA","undefined","NA","NA","undefined","NA","NA","NA","undefined","0","38","38","0","0","0","0","NA","38","38","38","NA","0","NA","NA","38","0","NA","0","NA","0","NA","0","NA","0","NA","NA","NA","0","NA","NA","NA","38","NA","0","38","38","38","38","38","0","38","0","participant_group2.csv","2","NA","NA","NA","Fri Aug  7 16:49:31 2026","NA","The main experiment item","False","VWP_finalSetup_22_7.osexp","C:\Users\plcm\Desktop\2026-EyeTracking\group-eyeconic\OS2\final_recordings_upl","False","mono","False","20","no","#0c0c0c","no","yes","1440","21","22_pos2_nosub.png","22_pos2_sub.png","psycho","38","38","C:\Users\plcm\Desktop\2026-EyeTracking\group-eyeconic\OS2\final_recordings_upl\subject-17.csv","psycho","Neonatal Nightingale","4.1.14","cushion","flower","magazine","vase","0","0","space","space","space","NA","space","NA","NA","space","NA","space","NA","space","NA","space","NA","NA","NA","space","NA","NA","NA","854.1682999930345","6513.083400001051","4762.000900009298","NA","854.1682999930345","NA","NA","3852.0774000062374","NA","4667.989199995645","NA","4539.6260999987135","NA","6219.575399998575","NA","NA","NA","3907.900799997151","NA","NA","NA","11429.057500005001","c","39","2","psycho","The woman will water the flower","1024","2","24000","-16","experiment","17","odd","2","63121.796799998265","451073.75279998814","448170.87170000013","97617.67119998694","6208.453799990821","63127.48489998921","69646.59349998692","NA","444146.7410999903","448170.8140999981","443945.45649999054","NA","63121.87759998778","NA","NA","443090.48529999563","NA","NA","74412.50339998805","NA","78268.55189999333","NA","82940.93449998763","NA","87485.0327999884","NA","NA","NA","93708.86159999645","NA","NA","NA","451093.04149998934","NA","17665.481799995177","444131.4491999947","443081.19389999774","443090.31879999384","448190.41989999823","448147.2775999864","97617.71519998729","444130.6990999874","6235.453899993445","3000","SceneViewing","38","78291.1098000477","38","2560"
"100","100","22_n.wav","2031","2031","#dadada","256","psycho","psycho","psycho","non-restrictive","1","undefined","undefined","1","NA","undefined","NA","undefined","NA","undefined","NA","undefined","NA","NA","undefined","NA","NA","NA","undefined","0","39","39","0","0","0","0","NA","39","39","39","NA","0","NA","NA","39","0","NA","0","NA","0","NA","0","NA","0","NA","NA","NA","0","NA","NA","NA","39","NA","0","39","39","39","39","39","0","39","0","participant_group2.csv","2","NA","NA","NA","Fri Aug  7 16:49:31 2026","NA","The main experiment item","False","VWP_finalSetup_22_7.osexp","C:\Users\plcm\Desktop\2026-EyeTracking\group-eyeconic\OS2\final_recordings_upl","False","mono","False","20","no","#0c0c0c","no","yes","1440","22","23_pos3_nosub.png","23_pos3_sub.png","psycho","39","39","C:\Users\plcm\Desktop\2026-EyeTracking\group-eyeconic\OS2\final_recordings_upl\subject-17.csv","psycho","Neonatal Nightingale","4.1.14","poster","towel","coat","hook","0","0","space","space","space","NA","space","NA","NA","space","NA","space","NA","space","NA","space","NA","NA","NA","space","NA","NA","NA","953.9196999976411","6513.083400001051","4762.000900009298","NA","953.9196999976411","NA","NA","3852.0774000062374","NA","4667.989199995645","NA","4539.6260999987135","NA","6219.575399998575","NA","NA","NA","3907.900799997151","NA","NA","NA","11429.057500005001","c","40","2","psycho","The girl will hang the coat","1024","2","24000","-16","experiment","17","odd","3","63121.796799998265","458803.8830000005","456313.36879999435","97617.67119998694","6208.453799990821","63127.48489998921","69646.59349998692","NA","452288.19189999194","456313.2549000002","452065.2739999932","NA","63121.87759998778","NA","NA","451110.6818999979","NA","NA","74412.50339998805","NA","78268.55189999333","NA","82940.93449998763","NA","87485.0327999884","NA","NA","NA","93708.86159999645","NA","NA","NA","458823.0622999981","NA","17665.481799995177","452271.75659999193","451100.47679999843","451110.5255000002","456332.71930000046","456289.60629999347","97617.71519998729","452271.1863000004","6235.453899993445","3000","SceneViewing","39","79245.02950004535","39","2560"
"100","100","1_r.wav","2022","2022","#dadada","256","psycho","psycho","psycho","restrictive","1","undefined","undefined","1","NA","undefined","NA","undefined","NA","undefined","NA","undefined","NA","NA","undefined","NA","NA","NA","undefined","0","40","40","0","0","0","0","NA","40","40","40","NA","0","NA","NA","40","0","NA","0","NA","0","NA","0","NA","0","NA","NA","NA","0","NA","NA","NA","40","NA","0","40","40","40","40","40","0","40","0","participant_group2.csv","2","NA","NA","NA","Fri Aug  7 16:49:31 2026","NA","The main experiment item","False","VWP_finalSetup_22_7.osexp","C:\Users\plcm\Desktop\2026-EyeTracking\group-eyeconic\OS2\final_recordings_upl","False","mono","False","20","no","#0c0c0c","no","yes","1440","1","2_pos2_nosub.png","2_pos2_sub.png","psycho","40","40","C:\Users\plcm\Desktop\2026-EyeTracking\group-eyeconic\OS2\final_recordings_upl\subject-17.csv","psycho","Neonatal Nightingale","4.1.14","lipstick","wine","cheese","chair","0","0","space","space","space","NA","space","NA","NA","space","NA","space","NA","space","NA","space","NA","NA","NA","space","NA","NA","NA","1642.1291000006022","6513.083400001051","4762.000900009298","NA","1642.1291000006022","NA","NA","3852.0774000062374","NA","4667.989199995645","NA","4539.6260999987135","NA","6219.575399998575","NA","NA","NA","3907.900799997151","NA","NA","NA","11429.057500005001","c","41","2","psycho","The woman will drink the wine","1024","2","24000","-16","experiment","17","odd","2","63121.796799998265","467393.74109999335","464738.7086999952","97617.67119998694","6208.453799990821","63127.48489998921","69646.59349998692","NA","460714.81839999615","464738.65029998706","460505.5394999945","NA","63121.87759998778","NA","NA","458862.4764999986","NA","NA","74412.50339998805","NA","78268.55189999333","NA","82940.93449998763","NA","87485.0327999884","NA","NA","NA","93708.86159999645","NA","NA","NA","467413.10489999887","NA","17665.481799995177","460700.0444000005","458851.376599996","458862.3435999907","464758.4124999994","464715.4212999885","97617.71519998729","460699.58549999865","6235.453899993445","3000","SceneViewing","40","80887.15860004595","40","2560"
"100","100","13_r.wav","1998","1998","#dadada","256","psycho","psycho","psycho","restrictive","1","undefined","undefined","1","NA","undefined","NA","undefined","NA","undefined","NA","undefined","NA","NA","undefined","NA","NA","NA","undefined","0","41","41","0","0","0","0","NA","41","41","41","NA","0","NA","NA","41","0","NA","0","NA","0","NA","0","NA","0","NA","NA","NA","0","NA","NA","NA","41","NA","0","41","41","41","41","41","0","41","0","participant_group2.csv","2","NA","NA","NA","Fri Aug  7 16:49:31 2026","NA","The main experiment item","False","VWP_finalSetup_22_7.osexp","C:\Users\plcm\Desktop\2026-EyeTracking\group-eyeconic\OS2\final_recordings_upl","False","mono","False","20","no","#0c0c0c","no","yes","1440","13","14_pos2_nosub.png","14_pos2_sub.png","psycho","41","41","C:\Users\plcm\Desktop\2026-EyeTracking\group-eyeconic\OS2\final_recordings_upl\subject-17.csv","psycho","Neonatal Nightingale","4.1.14","glasses","cigarettes","filofax","briefcase","0","0","space","space","space","NA","space","NA","NA","space","NA","space","NA","space","NA","space","NA","NA","NA","space","NA","NA","NA","1061.8504000012763","6513.083400001051","4762.000900009298","NA","1061.8504000012763","NA","NA","3852.0774000062374","NA","4667.989199995645","NA","4539.6260999987135","NA","6219.575399998575","NA","NA","NA","3907.900799997151","NA","NA","NA","11429.057500005001","c","42","2","psycho","The man will smoke the cigarettes","1024","2","24000","-16","experiment","17","odd","2","63121.796799998265","475613.8442999945","472747.1338999894","97617.67119998694","6208.453799990821","63127.48489998921","69646.59349998692","NA","468723.2168999908","472747.0774999965","468505.3370999958","NA","63121.87759998778","NA","NA","467442.68459999876","NA","NA","74412.50339998805","NA","78268.55189999333","NA","82940.93449998763","NA","87485.0327999884","NA","NA","NA","93708.86159999645","NA","NA","NA","475633.13379998726","NA","17665.481799995177","468707.66009998624","467432.882299996","467442.56949999544","472766.4619999996","472723.5536999942","97617.71519998729","468707.07669999683","6235.453899993445","3000","SceneViewing","41","81949.00900004723","41","2560"
"100","100","2_n.wav","1995","1995","#dadada","256","psycho","psycho","psycho","non-restrictive","1","undefined","undefined","1","NA","undefined","NA","undefined","NA","undefined","NA","undefined","NA","NA","undefined","NA","NA","NA","undefined","0","42","42","0","0","0","0","NA","42","42","42","NA","0","NA","NA","42","0","NA","0","NA","0","NA","0","NA","0","NA","NA","NA","0","NA","NA","NA","42","NA","0","42","42","42","42","42","0","42","0","participant_group2.csv","2","NA","NA","NA","Fri Aug  7 16:49:31 2026","NA","The main experiment item","False","VWP_finalSetup_22_7.osexp","C:\Users\plcm\Desktop\2026-EyeTracking\group-eyeconic\OS2\final_recordings_upl","False","mono","False","20","no","#0c0c0c","no","yes","1440","2","3_pos3_nosub.png","3_pos3_sub.png","psycho","42","42","C:\Users\plcm\Desktop\2026-EyeTracking\group-eyeconic\OS2\final_recordings_upl\subject-17.csv","psycho","Neonatal Nightingale","4.1.14","houses","dustbin","man","car","0","0","space","space","space","NA","space","NA","NA","space","NA","space","NA","space","NA","space","NA","NA","NA","space","NA","NA","NA","1851.220900003682","6513.083400001051","4762.000900009298","NA","1851.220900003682","NA","NA","3852.0774000062374","NA","4667.989199995645","NA","4539.6260999987135","NA","6219.575399998575","NA","NA","NA","3907.900799997151","NA","NA","NA","11429.057500005001","c","43","2","psycho","The policeman will search the man","1024","2","24000","-16","experiment","17","odd","3","63121.796799998265","484723.79309999815","481739.9535999866","97617.67119998694","6208.453799990821","63127.48489998921","69646.59349998692","NA","477714.75780000037","481739.8957999976","477505.3723999881","NA","63121.87759998778","NA","NA","475653.3684999886","NA","NA","74412.50339998805","NA","78268.55189999333","NA","82940.93449998763","NA","87485.0327999884","NA","NA","NA","93708.86159999645","NA","NA","NA","484743.0161999946","NA","17665.481799995177","477699.17199999327","475644.1167999874","475653.23999999964","481759.049699991","481715.0105999899","97617.71519998729","477698.67389999854","6235.453899993445","3000","SceneViewing","42","83800.22990005091","42","2560"
"100","100","7_r.wav","1981","1981","#dadada","256","psycho","psycho","psycho","restrictive","1","undefined","undefined","1","NA","undefined","NA","undefined","NA","undefined","NA","undefined","NA","NA","undefined","NA","NA","NA","undefined","0","43","43","0","0","0","0","NA","43","43","43","NA","0","NA","NA","43","0","NA","0","NA","0","NA","0","NA","0","NA","NA","NA","0","NA","NA","NA","43","NA","0","43","43","43","43","43","0","43","0","participant_group2.csv","2","NA","NA","NA","Fri Aug  7 16:49:31 2026","NA","The main experiment item","False","VWP_finalSetup_22_7.osexp","C:\Users\plcm\Desktop\2026-EyeTracking\group-eyeconic\OS2\final_recordings_upl","False","mono","False","20","no","#0c0c0c","no","yes","1440","7","8_pos4_nosub.png","8_pos4_sub.png","psycho","43","43","C:\Users\plcm\Desktop\2026-EyeTracking\group-eyeconic\OS2\final_recordings_upl\subject-17.csv","psycho","Neonatal Nightingale","4.1.14","tv-monitor","toy-bear","microscope","child","0","0","space","space","space","NA","space","NA","NA","space","NA","space","NA","space","NA","space","NA","NA","NA","space","NA","NA","NA","1392.7066000032937","6513.083400001051","4762.000900009298","NA","1392.7066000032937","NA","NA","3852.0774000062374","NA","4667.989199995645","NA","4539.6260999987135","NA","6219.575399998575","NA","NA","NA","3907.900799997151","NA","NA","NA","11429.057500005001","c","44","2","psycho","The doctor will inject the child","1024","2","24000","-16","experiment","17","odd","4","63121.796799998265","493483.905599991","490427.3197000002","97617.67119998694","6208.453799990821","63127.48489998921","69646.59349998692","NA","486402.45460000006","490427.2556999931","486186.4820999908","NA","63121.87759998778","NA","NA","484792.10809999495","NA","NA","74412.50339998805","NA","78268.55189999333","NA","82940.93449998763","NA","87485.0327999884","NA","NA","NA","93708.86159999645","NA","NA","NA","493503.20680000004","NA","17665.481799995177","486386.259699997","484781.82549998746","484791.9346999988","490446.5510999871","490402.6421999879","97617.71519998729","486385.6623999891","6235.453899993445","3000","SceneViewing","43","85192.9365000542","43","2560"
"100","100","39_r.wav","1984","1984","#dadada","256","psycho","psycho","psycho","restrictive","1","undefined","undefined","1","NA","undefined","NA","undefined","NA","undefined","NA","undefined","NA","NA","undefined","NA","NA","NA","undefined","0","44","44","0","0","0","0","NA","44","44","44","NA","0","NA","NA","44","0","NA","0","NA","0","NA","0","NA","0","NA","NA","NA","0","NA","NA","NA","44","NA","0","44","44","44","44","44","0","44","0","participant_group2.csv","2","NA","NA","NA","Fri Aug  7 16:49:31 2026","NA","The main experiment item","False","VWP_finalSetup_22_7.osexp","C:\Users\plcm\Desktop\2026-EyeTracking\group-eyeconic\OS2\final_recordings_upl","False","mono","False","20","no","#0c0c0c","no","yes","1440","39","40_pos4_nosub.png","40_pos4_sub.png","psycho","44","44","C:\Users\plcm\Desktop\2026-EyeTracking\group-eyeconic\OS2\final_recordings_upl\subject-17.csv","psycho","Neonatal Nightingale","4.1.14","shampoo","mat","buckle","shoelace","0","0","space","space","space","NA","space","NA","NA","space","NA","space","NA","space","NA","space","NA","NA","NA","space","NA","NA","NA","2115.3501000080723","6513.083400001051","4762.000900009298","NA","2115.3501000080723","NA","NA","3852.0774000062374","NA","4667.989199995645","NA","4539.6260999987135","NA","6219.575399998575","NA","NA","NA","3907.900799997151","NA","NA","NA","11429.057500005001","c","45","2","psycho","The boy will tie the shoelace","1024","2","24000","-16","experiment","17","odd","4","63121.796799998265","502493.84359999385","499881.63659999555","97617.67119998694","6208.453799990821","63127.48489998921","69646.59349998692","NA","495857.04029999033","499881.55279999773","495649.18779999425","NA","63121.87759998778","NA","NA","493533.18419998686","NA","NA","74412.50339998805","NA","78268.55189999333","NA","82940.93449998763","NA","87485.0327999884","NA","NA","NA","93708.86159999645","NA","NA","NA","502513.21339998685","NA","17665.481799995177","495842.55349999876","493519.6043999895","493532.8928999952","499901.2797999894","499857.65269999683","97617.71519998729","495841.7910999997","6235.453899993445","3000","SceneViewing","44","87308.28660006227","44","2560"
"100","100","0_n.wav","2017","2017","#dadada","256","psycho","psycho","psycho","non-restrictive","1","undefined","undefined","1","NA","undefined","NA","undefined","NA","undefined","NA","undefined","NA","NA","undefined","NA","NA","NA","undefined","0","45","45","0","0","0","0","NA","45","45","45","NA","0","NA","NA","45","0","NA","0","NA","0","NA","0","NA","0","NA","NA","NA","0","NA","NA","NA","45","NA","0","45","45","45","45","45","0","45","0","participant_group2.csv","2","NA","NA","NA","Fri Aug  7 16:49:31 2026","NA","The main experiment item","False","VWP_finalSetup_22_7.osexp","C:\Users\plcm\Desktop\2026-EyeTracking\group-eyeconic\OS2\final_recordings_upl","False","mono","False","20","no","#0c0c0c","no","yes","1440","0","1_pos1_nosub.png","1_pos1_sub.png","psycho","45","45","C:\Users\plcm\Desktop\2026-EyeTracking\group-eyeconic\OS2\final_recordings_upl\subject-17.csv","psycho","Neonatal Nightingale","4.1.14","cake","toy-car","toy-train","ball","0","0","space","space","space","NA","space","NA","NA","space","NA","space","NA","space","NA","space","NA","NA","NA","space","NA","NA","NA","3485.5469000031007","6513.083400001051","4762.000900009298","NA","3485.5469000031007","NA","NA","3852.0774000062374","NA","4667.989199995645","NA","4539.6260999987135","NA","6219.575399998575","NA","NA","NA","3907.900799997151","NA","NA","NA","11429.057500005001","c","46","2","psycho","The boy will move the cake","1024","2","24000","-16","experiment","17","odd","1","63121.796799998265","512663.9106999937","510249.4347999891","97617.67119998694","6208.453799990821","63127.48489998921","69646.59349998692","NA","506225.65139998915","510249.38329998986","506017.57240000006","NA","63121.87759998778","NA","NA","502531.00959998847","NA","NA","74412.50339998805","NA","78268.55189999333","NA","82940.93449998763","NA","87485.0327999884","NA","NA","NA","93708.86159999645","NA","NA","NA","512682.8003999981","NA","17665.481799995177","506207.2674999945","502520.83739999216","502530.7952000003","510268.3764999965","510226.0546999896","97617.71519998729","506206.82799999486","6235.453899993445","3000","SceneViewing","45","90793.83350006538","45","2560"
"100","100","26_n.wav","2012","2012","#dadada","256","psycho","psycho","psycho","non-restrictive","1","undefined","undefined","1","NA","undefined","NA","undefined","NA","undefined","NA","undefined","NA","NA","undefined","NA","NA","NA","undefined","0","46","46","0","0","0","0","NA","46","46","46","NA","0","NA","NA","46","0","NA","0","NA","0","NA","0","NA","0","NA","NA","NA","0","NA","NA","NA","46","NA","0","46","46","46","46","46","0","46","0","participant_group2.csv","2","NA","NA","NA","Fri Aug  7 16:49:31 2026","NA","The main experiment item","False","VWP_finalSetup_22_7.osexp","C:\Users\plcm\Desktop\2026-EyeTracking\group-eyeconic\OS2\final_recordings_upl","False","mono","False","20","no","#0c0c0c","no","yes","1440","26","27_pos3_nosub.png","27_pos3_sub.png","psycho","46","46","C:\Users\plcm\Desktop\2026-EyeTracking\group-eyeconic\OS2\final_recordings_upl\subject-17.csv","psycho","Neonatal Nightingale","4.1.14","coin","coaster","candle","package","0","0","space","space","space","NA","space","NA","NA","space","NA","space","NA","space","NA","space","NA","NA","NA","space","NA","NA","NA","1789.374100000714","6513.083400001051","4762.000900009298","NA","1789.374100000714","NA","NA","3852.0774000062374","NA","4667.989199995645","NA","4539.6260999987135","NA","6219.575399998575","NA","NA","NA","3907.900799997151","NA","NA","NA","11429.057500005001","c","47","2","psycho","The woman will blow grab the candle","1024","2","24000","-16","experiment","17","odd","3","63121.796799998265","521583.8473999902","518758.62359999155","97617.67119998694","6208.453799990821","63127.48489998921","69646.59349998692","NA","514734.8401999916","518758.5660999903","514521.4238999906","NA","63121.87759998778","NA","NA","512731.2307999964","NA","NA","74412.50339998805","NA","78268.55189999333","NA","82940.93449998763","NA","87485.0327999884","NA","NA","NA","93708.86159999645","NA","NA","NA","521603.45649998635","NA","17665.481799995177","514718.55289999803","512721.54039998713","512731.1190999899","518777.52629999304","518735.1209999906","97617.71519998729","514718.1780999963","6235.453899993445","3000","SceneViewing","46","92583.20760006609","46","2560"
"100","100","43_r.wav","1994","1994","#dadada","256","psycho","psycho","psycho","restrictive","1","undefined","undefined","1","NA","undefined","NA","undefined","NA","undefined","NA","undefined","NA","NA","undefined","NA","NA","NA","undefined","0","47","47","0","0","0","0","NA","47","47","47","NA","0","NA","NA","47","0","NA","0","NA","0","NA","0","NA","0","NA","NA","NA","0","NA","NA","NA","47","NA","0","47","47","47","47","47","0","47","0","participant_group2.csv","2","NA","NA","NA","Fri Aug  7 16:49:31 2026","NA","The main experiment item","False","VWP_finalSetup_22_7.osexp","C:\Users\plcm\Desktop\2026-EyeTracking\group-eyeconic\OS2\final_recordings_upl","False","mono","False","20","no","#0c0c0c","no","yes","1440","43","44_pos4_nosub.png","44_pos4_sub.png","psycho","47","47","C:\Users\plcm\Desktop\2026-EyeTracking\group-eyeconic\OS2\final_recordings_upl\subject-17.csv","psycho","Neonatal Nightingale","4.1.14","pan","bolt","handle","safe","0","0","space","space","space","NA","space","NA","NA","space","NA","space","NA","space","NA","space","NA","NA","NA","space","NA","NA","NA","1158.9008000009926","6513.083400001051","4762.000900009298","NA","1158.9008000009926","NA","NA","3852.0774000062374","NA","4667.989199995645","NA","4539.6260999987135","NA","6219.575399998575","NA","NA","NA","3907.900799997151","NA","NA","NA","11429.057500005001","c","48","2","psycho","The man will lock the safe","1024","2","24000","-16","experiment","17","odd","4","63121.796799998265","529563.7012999941","527028.3070999867","97617.67119998694","6208.453799990821","63127.48489998921","69646.59349998692","NA","523003.1677999941","527028.2363999868","522793.437299988","NA","63121.87759998778","NA","NA","521633.77819999005","NA","NA","74412.50339998805","NA","78268.55189999333","NA","82940.93449998763","NA","87485.0327999884","NA","NA","NA","93708.86159999645","NA","NA","NA","529582.6418999932","NA","17665.481799995177","522981.0207999981","521624.1494999995","521633.51949999924","527047.8590999992","527003.7541999918","97617.71519998729","522980.4441999877","6235.453899993445","3000","SceneViewing","47","93742.10840006708","47","2560"
"100","100","18_n.wav","1970","1970","#dadada","256","psycho","psycho","psycho","non-restrictive","1","undefined","undefined","1","NA","undefined","NA","undefined","NA","undefined","NA","undefined","NA","NA","undefined","NA","NA","NA","undefined","0","48","48","0","0","0","0","NA","48","48","48","NA","0","NA","NA","48","0","NA","0","NA","0","NA","0","NA","0","NA","NA","NA","0","NA","NA","NA","48","NA","0","48","48","48","48","48","0","48","0","participant_group2.csv","2","NA","NA","NA","Fri Aug  7 16:49:31 2026","NA","The main experiment item","False","VWP_finalSetup_22_7.osexp","C:\Users\plcm\Desktop\2026-EyeTracking\group-eyeconic\OS2\final_recordings_upl","False","mono","False","20","no","#0c0c0c","no","yes","1440","18","19_pos3_nosub.png","19_pos3_sub.png","psycho","48","48","C:\Users\plcm\Desktop\2026-EyeTracking\group-eyeconic\OS2\final_recordings_upl\subject-17.csv","psycho","Neonatal Nightingale","4.1.14","feather","leaf","football","stick","0","0","space","space","space","NA","space","NA","NA","space","NA","space","NA","space","NA","space","NA","NA","NA","space","NA","NA","NA","854.7281999926781","6513.083400001051","4762.000900009298","NA","854.7281999926781","NA","NA","3852.0774000062374","NA","4667.989199995645","NA","4539.6260999987135","NA","6219.575399998575","NA","NA","NA","3907.900799997151","NA","NA","NA","11429.057500005001","c","49","2","psycho","The boy will touch the football","1024","2","24000","-16","experiment","17","odd","3","63121.796799998265","537324.0967999882","534716.9798999967","97617.67119998694","6208.453799990821","63127.48489998921","69646.59349998692","NA","530691.2849999935","534716.9321999972","530473.3650999988","NA","63121.87759998778","NA","NA","529617.8956999938","NA","NA","74412.50339998805","NA","78268.55189999333","NA","82940.93449998763","NA","87485.0327999884","NA","NA","NA","93708.86159999645","NA","NA","NA","537343.2257999957","NA","17665.481799995177","530674.2433999898","529606.7213999922","529617.7495999873","534736.1695","534691.8547999958","97617.71519998729","530673.3881999971","6235.453899993445","3000","SceneViewing","48","94596.83660005976","48","2560"
"100","100","16_n.wav","1954","1954","#dadada","256","psycho","psycho","psycho","non-restrictive","1","undefined","undefined","1","NA","undefined","NA","undefined","NA","undefined","NA","undefined","NA","NA","undefined","NA","NA","NA","undefined","0","49","49","0","0","0","0","NA","49","49","49","NA","0","NA","NA","49","0","NA","0","NA","0","NA","0","NA","0","NA","NA","NA","0","NA","NA","NA","49","NA","0","49","49","49","49","49","0","49","0","participant_group2.csv","2","NA","NA","NA","Fri Aug  7 16:49:31 2026","NA","The main experiment item","False","VWP_finalSetup_22_7.osexp","C:\Users\plcm\Desktop\2026-EyeTracking\group-eyeconic\OS2\final_recordings_upl","False","mono","False","20","no","#0c0c0c","no","yes","1440","16","17_pos1_nosub.png","17_pos1_sub.png","psycho","49","49","C:\Users\plcm\Desktop\2026-EyeTracking\group-eyeconic\OS2\final_recordings_upl\subject-17.csv","psycho","Neonatal Nightingale","4.1.14","dress","lantern","backpack","ribbon","0","0","space","space","space","NA","space","NA","NA","space","NA","space","NA","space","NA","space","NA","NA","NA","space","NA","NA","NA","1177.5583999988157","6513.083400001051","4762.000900009298","NA","1177.5583999988157","NA","NA","3852.0774000062374","NA","4667.989199995645","NA","4539.6260999987135","NA","6219.575399998575","NA","NA","NA","3907.900799997151","NA","NA","NA","11429.057500005001","c","50","2","psycho","The woman will  carry the dress","1024","2","24000","-16","experiment","17","odd","1","63121.796799998265","545523.9058999869","542783.8773999974","97617.67119998694","6208.453799990821","63127.48489998921","69646.59349998692","NA","538759.5867999917","542783.8105999981","538553.3477999998","NA","63121.87759998778","NA","NA","537375.0252999889","NA","NA","74412.50339998805","NA","78268.55189999333","NA","82940.93449998763","NA","87485.0327999884","NA","NA","NA","93708.86159999645","NA","NA","NA","545543.7123999873","NA","17665.481799995177","538743.5616999865","537364.396799996","537374.8847999959","542802.7906999923","542760.0003999978","97617.71519998729","538743.0910999974","6235.453899993445","3000","SceneViewing","49","95774.39500005858","49","2560"
