"acc","accuracy","audio_file","average_response_time","avg_rt","background","block_size","canvas_backend","clock_backend","color_backend","condition","correct","correct_experiment_intro","correct_experiment_intro2","correct_new_1_keyboard_response","correct_new_2_keyboard_response","correct_new_2_sketchpad","correct_new_3_keyboard_response","correct_new_3_sketchpad","correct_new_4_keyboard_response","correct_new_4_sketchpad","correct_new_5_keyboard_response","correct_new_5_sketchpad","correct_new_6_keyboard_response","correct_new_7_keyboard_response","correct_new_7_sketchpad","correct_new_8_keyboard_response","correct_new_keyboard_response","correct_new_mouse_response","correct_welcome","count_accuracy_output","count_audio_file_offset","count_audio_file_onset_log","count_definitions","count_experiment","count_experiment_intro","count_experiment_intro2","count_image_delay","count_image_nosub","count_image_sub","count_increment_roundCounter","count_instruction","count_instructions","count_log_instruction","count_new_1_inline_script","count_new_1_keyboard_response","count_new_1_sketchpad","count_new_2_keyboard_response","count_new_2_sketchpad","count_new_3_keyboard_response","count_new_3_sketchpad","count_new_4_keyboard_response","count_new_4_sketchpad","count_new_5_keyboard_response","count_new_5_sketchpad","count_new_6_keyboard_response","count_new_6_sketchpad","count_new_7_keyboard_response","count_new_7_sketchpad","count_new_8_keyboard_response","count_new_inline_script","count_new_keyboard_response","count_new_logger","count_new_mouse_response","count_new_pygaze_init","count_new_pygaze_start_recording","count_new_pygaze_stop_recording","count_new_sketchpad","count_sentence_audio","count_subject_onset_log","count_trial_loop","count_trial_sequence","count_welcome","csv_filepath","csv_id","cursor_roi","cursor_x","cursor_y","datetime","delay_image_delay","description","disable_garbage_collection","experiment_file","experiment_path","font_bold","font_family","font_italic","font_size","font_underline","foreground","form_clicks","fullscreen","height","id","image_nosub","image_sub","keyboard_backend","live_row","live_row_trial_loop","logfile","mouse_backend","opensesame_codename","opensesame_version","position1","position2","position3","position4","psychopy_screen","repeat_cycle","response","response_experiment_intro","response_experiment_intro2","response_instruction","response_new_1_keyboard_response","response_new_1_sketchpad","response_new_2_keyboard_response","response_new_2_sketchpad","response_new_3_keyboard_response","response_new_3_sketchpad","response_new_4_keyboard_response","response_new_4_sketchpad","response_new_5_keyboard_response","response_new_5_sketchpad","response_new_6_keyboard_response","response_new_6_sketchpad","response_new_7_keyboard_response","response_new_7_sketchpad","response_new_8_keyboard_response","response_new_keyboard_response","response_new_mouse_response","response_time","response_time_experiment_intro","response_time_experiment_intro2","response_time_instruction","response_time_new_1_keyboard_response","response_time_new_1_sketchpad","response_time_new_2_keyboard_response","response_time_new_2_sketchpad","response_time_new_3_keyboard_response","response_time_new_3_sketchpad","response_time_new_4_keyboard_response","response_time_new_4_sketchpad","response_time_new_5_keyboard_response","response_time_new_5_sketchpad","response_time_new_6_keyboard_response","response_time_new_6_sketchpad","response_time_new_7_keyboard_response","response_time_new_7_sketchpad","response_time_new_8_keyboard_response","response_time_new_keyboard_response","response_time_new_mouse_response","response_time_welcome","response_welcome","round","round_decimals","sampler_backend","sentence","sound_buf_size","sound_channels","sound_freq","sound_sample_size","start","subject_nr","subject_parity","target_position","time_accuracy_output","time_audio_file_offset","time_audio_file_onset_log","time_definitions","time_experiment","time_experiment_intro","time_experiment_intro2","time_image_delay","time_image_nosub","time_image_sub","time_increment_roundCounter","time_instruction","time_instructions","time_log_instruction","time_new_1_inline_script","time_new_1_keyboard_response","time_new_1_sketchpad","time_new_2_keyboard_response","time_new_2_sketchpad","time_new_3_keyboard_response","time_new_3_sketchpad","time_new_4_keyboard_response","time_new_4_sketchpad","time_new_5_keyboard_response","time_new_5_sketchpad","time_new_6_keyboard_response","time_new_6_sketchpad","time_new_7_keyboard_response","time_new_7_sketchpad","time_new_8_keyboard_response","time_new_inline_script","time_new_keyboard_response","time_new_logger","time_new_mouse_response","time_new_pygaze_init","time_new_pygaze_start_recording","time_new_pygaze_stop_recording","time_new_sketchpad","time_sentence_audio","time_subject_onset_log","time_trial_loop","time_trial_sequence","time_welcome","timeout","title","total_correct","total_response_time","total_responses","width"
"undefined","undefined","48_n.wav","undefined","undefined","#dadada","256","psycho","psycho","psycho","non-restrictive","undefined","undefined","undefined","NA","NA","undefined","NA","undefined","NA","undefined","NA","undefined","NA","NA","undefined","NA","NA","NA","undefined","0","0","0","0","0","0","0","NA","0","0","0","NA","0","NA","NA","0","0","NA","0","NA","0","NA","0","NA","0","NA","NA","NA","0","NA","NA","NA","0","NA","0","0","0","0","0","0","0","0","0","participant_group2.csv","2","NA","NA","NA","Thu Aug  6 14:03:23 2026","NA","The main experiment item","False","VWP_finalSetup_22_7.osexp","C:\Users\plcm\Desktop\2026-EyeTracking\group-eyeconic\OS2\final_recordings_upl","False","mono","False","20","no","#0c0c0c","no","yes","1440","48","49_pos1_nosub.png","49_pos1_sub.png","psycho","0","0","C:\Users\plcm\Desktop\2026-EyeTracking\group-eyeconic\OS2\final_recordings_upl\subject-9.csv","psycho","Neonatal Nightingale","4.1.14","balloon","pump","flag","pouch","0","0","space","space","space","NA","NA","NA","NA","space","NA","space","NA","space","NA","space","NA","NA","NA","space","NA","NA","NA","4515.713500004495","2537.3704000085127","4370.431000017561","NA","NA","NA","NA","2971.4329999987967","NA","4132.006800005911","NA","3124.2522000102326","NA","5155.86080000503","NA","NA","NA","4515.713500004495","NA","NA","NA","15391.853899986017","space","1","2","psycho","The child will carry the balloon","1024","2","24000","-16","experiment","9","odd","1","57958.07250001235","92862.5330000068","89831.2855999975","84797.38410000573","4951.42530000885","57963.60640000785","60506.55849999748","NA","85802.94350002077","89831.23400001205","NA","NA","57958.1461000198","NA","NA","NA","NA","NA","64881.55859999824","NA","67856.92670001299","NA","71992.71170000429","NA","75121.13770001451","NA","NA","NA","80281.21220000321","NA","NA","NA","92889.98560002074","NA","20358.456000016304","85069.5604000066","NA","NA","89854.91340002045","89803.11390000861","84797.41359999753","85069.06070001423","4965.23130001151","3000","SceneViewing","0","0","0","2560"
"100","100","28_n.wav","2357","2357","#dadada","256","psycho","psycho","psycho","non-restrictive","1","undefined","undefined","1","NA","undefined","NA","undefined","NA","undefined","NA","undefined","NA","NA","undefined","NA","NA","NA","undefined","0","1","1","0","0","0","0","NA","1","1","1","NA","0","NA","NA","1","0","NA","0","NA","0","NA","0","NA","0","NA","NA","NA","0","NA","NA","NA","1","NA","0","1","1","1","1","1","0","1","0","participant_group2.csv","2","NA","NA","NA","Thu Aug  6 14:03:23 2026","NA","The main experiment item","False","VWP_finalSetup_22_7.osexp","C:\Users\plcm\Desktop\2026-EyeTracking\group-eyeconic\OS2\final_recordings_upl","False","mono","False","20","no","#0c0c0c","no","yes","1440","28","29_pos1_nosub.png","29_pos1_sub.png","psycho","1","1","C:\Users\plcm\Desktop\2026-EyeTracking\group-eyeconic\OS2\final_recordings_upl\subject-9.csv","psycho","Neonatal Nightingale","4.1.14","milk","glove","nut","sock","0","0","space","space","space","NA","space","NA","NA","space","NA","space","NA","space","NA","space","NA","NA","NA","space","NA","NA","NA","2357.921799994074","2537.3704000085127","4370.431000017561","NA","2357.921799994074","NA","NA","2971.4329999987967","NA","4132.006800005911","NA","3124.2522000102326","NA","5155.86080000503","NA","NA","NA","4515.713500004495","NA","NA","NA","15391.853899986017","space","2","2","psycho","The cat will push the milk","1024","2","24000","-16","experiment","9","odd","1","57958.07250001235","101992.39780000062","99575.48920001136","84797.38410000573","4951.42530000885","57963.60640000785","60506.55849999748","NA","95551.61759999464","99575.43460000306","95293.50030000205","NA","57958.1461000198","NA","NA","92935.02750000334","NA","NA","64881.55859999824","NA","67856.92670001299","NA","71992.71170000429","NA","75121.13770001451","NA","NA","NA","80281.21220000321","NA","NA","NA","102012.08600000245","NA","20358.456000016304","95535.15070001595","92912.22330002347","92934.93119999766","99594.86470001866","99552.14929999784","84797.41359999753","95534.62420002325","4965.23130001151","3000","SceneViewing","1","2357.921799994074","1","2560"
"100","100","8_n.wav","2724","2724","#dadada","256","psycho","psycho","psycho","non-restrictive","1","undefined","undefined","1","NA","undefined","NA","undefined","NA","undefined","NA","undefined","NA","NA","undefined","NA","NA","NA","undefined","0","2","2","0","0","0","0","NA","2","2","2","NA","0","NA","NA","2","0","NA","0","NA","0","NA","0","NA","0","NA","NA","NA","0","NA","NA","NA","2","NA","0","2","2","2","2","2","0","2","0","participant_group2.csv","2","NA","NA","NA","Thu Aug  6 14:03:23 2026","NA","The main experiment item","False","VWP_finalSetup_22_7.osexp","C:\Users\plcm\Desktop\2026-EyeTracking\group-eyeconic\OS2\final_recordings_upl","False","mono","False","20","no","#0c0c0c","no","yes","1440","8","9_pos1_nosub.png","9_pos1_sub.png","psycho","2","2","C:\Users\plcm\Desktop\2026-EyeTracking\group-eyeconic\OS2\final_recordings_upl\subject-9.csv","psycho","Neonatal Nightingale","4.1.14","piano","table","telephone","television","0","0","space","space","space","NA","space","NA","NA","space","NA","space","NA","space","NA","space","NA","NA","NA","space","NA","NA","NA","3090.70729999803","2537.3704000085127","4370.431000017561","NA","3090.70729999803","NA","NA","2971.4329999987967","NA","4132.006800005911","NA","3124.2522000102326","NA","5155.86080000503","NA","NA","NA","4515.713500004495","NA","NA","NA","15391.853899986017","space","3","2","psycho","The woman will dust the piano","1024","2","24000","-16","experiment","9","odd","1","57958.07250001235","112422.3490000004","109416.94340002141","84797.38410000573","4951.42530000885","57963.60640000785","60506.55849999748","NA","105393.12360002077","109416.89320001751","105133.61240000813","NA","57958.1461000198","NA","NA","102042.27060000994","NA","NA","64881.55859999824","NA","67856.92670001299","NA","71992.71170000429","NA","75121.13770001451","NA","NA","NA","80281.21220000321","NA","NA","NA","112441.7519000126","NA","20358.456000016304","105377.00760000735","102032.02700000838","102042.16710000765","109436.00899999728","109393.28820002265","84797.41359999753","105376.4931000187","4965.23130001151","3000","SceneViewing","2","5448.629099992104","2","2560"
"100","100","44_n.wav","2297","2297","#dadada","256","psycho","psycho","psycho","non-restrictive","1","undefined","undefined","1","NA","undefined","NA","undefined","NA","undefined","NA","undefined","NA","NA","undefined","NA","NA","NA","undefined","0","3","3","0","0","0","0","NA","3","3","3","NA","0","NA","NA","3","0","NA","0","NA","0","NA","0","NA","0","NA","NA","NA","0","NA","NA","NA","3","NA","0","3","3","3","3","3","0","3","0","participant_group2.csv","2","NA","NA","NA","Thu Aug  6 14:03:23 2026","NA","The main experiment item","False","VWP_finalSetup_22_7.osexp","C:\Users\plcm\Desktop\2026-EyeTracking\group-eyeconic\OS2\final_recordings_upl","False","mono","False","20","no","#0c0c0c","no","yes","1440","44","45_pos1_nosub.png","45_pos1_sub.png","psycho","3","3","C:\Users\plcm\Desktop\2026-EyeTracking\group-eyeconic\OS2\final_recordings_upl\subject-9.csv","psycho","Neonatal Nightingale","4.1.14","dough","glass","ladle","hammer","0","0","space","space","space","NA","space","NA","NA","space","NA","space","NA","space","NA","space","NA","NA","NA","space","NA","NA","NA","1445.2301999845076","2537.3704000085127","4370.431000017561","NA","1445.2301999845076","NA","NA","2971.4329999987967","NA","4132.006800005911","NA","3124.2522000102326","NA","5155.86080000503","NA","NA","NA","4515.713500004495","NA","NA","NA","15391.853899986017","space","4","2","psycho","The baker will inspect the dough","1024","2","24000","-16","experiment","9","odd","1","57958.07250001235","121122.43010001839","118206.60190001945","84797.38410000573","4951.42530000885","57963.60640000785","60506.55849999748","NA","114182.98949999735","118206.54660000582","113917.62350001954","NA","57958.1461000198","NA","NA","112471.71900002286","NA","NA","64881.55859999824","NA","67856.92670001299","NA","71992.71170000429","NA","75121.13770001451","NA","NA","NA","80281.21220000321","NA","NA","NA","121141.89020000049","NA","20358.456000016304","114166.94480000297","112461.66500000982","112471.62490000483","118225.51280001062","118183.4133999946","84797.41359999753","114166.21960001066","4965.23130001151","3000","SceneViewing","3","6893.8592999766115","3","2560"
"100","100","33_r.wav","2152","2152","#dadada","256","psycho","psycho","psycho","restrictive","1","undefined","undefined","1","NA","undefined","NA","undefined","NA","undefined","NA","undefined","NA","NA","undefined","NA","NA","NA","undefined","0","4","4","0","0","0","0","NA","4","4","4","NA","0","NA","NA","4","0","NA","0","NA","0","NA","0","NA","0","NA","NA","NA","0","NA","NA","NA","4","NA","0","4","4","4","4","4","0","4","0","participant_group2.csv","2","NA","NA","NA","Thu Aug  6 14:03:23 2026","NA","The main experiment item","False","VWP_finalSetup_22_7.osexp","C:\Users\plcm\Desktop\2026-EyeTracking\group-eyeconic\OS2\final_recordings_upl","False","mono","False","20","no","#0c0c0c","no","yes","1440","33","34_pos2_nosub.png","34_pos2_sub.png","psycho","4","4","C:\Users\plcm\Desktop\2026-EyeTracking\group-eyeconic\OS2\final_recordings_upl\subject-9.csv","psycho","Neonatal Nightingale","4.1.14","gift","suitcase","envelope","box","0","0","space","space","space","NA","space","NA","NA","space","NA","space","NA","space","NA","space","NA","NA","NA","space","NA","NA","NA","1717.9785000043921","2537.3704000085127","4370.431000017561","NA","1717.9785000043921","NA","NA","2971.4329999987967","NA","4132.006800005911","NA","3124.2522000102326","NA","5155.86080000503","NA","NA","NA","4515.713500004495","NA","NA","NA","15391.853899986017","space","5","2","psycho","The boy will unzip the suitcase","1024","2","24000","-16","experiment","9","odd","2","57958.07250001235","130252.55490001291","127166.21399999713","84797.38410000573","4951.42530000885","57963.60640000785","60506.55849999748","NA","123141.86110001174","127166.16350002005","122877.43870000122","NA","57958.1461000198","NA","NA","121158.96699999576","NA","NA","64881.55859999824","NA","67856.92670001299","NA","71992.71170000429","NA","75121.13770001451","NA","NA","NA","80281.21220000321","NA","NA","NA","130271.87310002046","NA","20358.456000016304","123126.28710002173","121149.45180001087","121158.87500002282","127185.56440001703","127142.22670000163","84797.41359999753","123125.79770002048","4965.23130001151","3000","SceneViewing","4","8611.837799981004","4","2560"
"100","100","41_r.wav","1796","1796","#dadada","256","psycho","psycho","psycho","restrictive","1","undefined","undefined","1","NA","undefined","NA","undefined","NA","undefined","NA","undefined","NA","NA","undefined","NA","NA","NA","undefined","0","5","5","0","0","0","0","NA","5","5","5","NA","0","NA","NA","5","0","NA","0","NA","0","NA","0","NA","0","NA","NA","NA","0","NA","NA","NA","5","NA","0","5","5","5","5","5","0","5","0","participant_group2.csv","2","NA","NA","NA","Thu Aug  6 14:03:23 2026","NA","The main experiment item","False","VWP_finalSetup_22_7.osexp","C:\Users\plcm\Desktop\2026-EyeTracking\group-eyeconic\OS2\final_recordings_upl","False","mono","False","20","no","#0c0c0c","no","yes","1440","41","42_pos2_nosub.png","42_pos2_sub.png","psycho","5","5","C:\Users\plcm\Desktop\2026-EyeTracking\group-eyeconic\OS2\final_recordings_upl\subject-9.csv","psycho","Neonatal Nightingale","4.1.14","shell","orange","stone","cone","0","0","space","space","space","NA","space","NA","NA","space","NA","space","NA","space","NA","space","NA","NA","NA","space","NA","NA","NA","370.0019000098109","2537.3704000085127","4370.431000017561","NA","370.0019000098109","NA","NA","2971.4329999987967","NA","4132.006800005911","NA","3124.2522000102326","NA","5155.86080000503","NA","NA","NA","4515.713500004495","NA","NA","NA","15391.853899986017","space","6","2","psycho","The boy will squeeze the orange","1024","2","24000","-16","experiment","9","odd","2","57958.07250001235","137872.56430002162","134956.49630000116","84797.38410000573","4951.42530000885","57963.60640000785","60506.55849999748","NA","130931.58330000006","134956.434599997","130661.55650001019","NA","57958.1461000198","NA","NA","130290.95890000463","NA","NA","64881.55859999824","NA","67856.92670001299","NA","71992.71170000429","NA","75121.13770001451","NA","NA","NA","80281.21220000321","NA","NA","NA","137891.38960000128","NA","20358.456000016304","130916.7970000126","130279.36840002076","130290.76760000316","134976.03310001432","134932.3058000009","84797.41359999753","130916.2270000088","4965.23130001151","3000","SceneViewing","5","8981.839699990815","5","2560"
"100","100","34_n.wav","1646","1646","#dadada","256","psycho","psycho","psycho","non-restrictive","1","undefined","undefined","1","NA","undefined","NA","undefined","NA","undefined","NA","undefined","NA","NA","undefined","NA","NA","NA","undefined","0","6","6","0","0","0","0","NA","6","6","6","NA","0","NA","NA","6","0","NA","0","NA","0","NA","0","NA","0","NA","NA","NA","0","NA","NA","NA","6","NA","0","6","6","6","6","6","0","6","0","participant_group2.csv","2","NA","NA","NA","Thu Aug  6 14:03:23 2026","NA","The main experiment item","False","VWP_finalSetup_22_7.osexp","C:\Users\plcm\Desktop\2026-EyeTracking\group-eyeconic\OS2\final_recordings_upl","False","mono","False","20","no","#0c0c0c","no","yes","1440","34","35_pos3_nosub.png","35_pos3_sub.png","psycho","6","6","C:\Users\plcm\Desktop\2026-EyeTracking\group-eyeconic\OS2\final_recordings_upl\subject-9.csv","psycho","Neonatal Nightingale","4.1.14","notebook","pillow","radio","puzzle","0","0","space","space","space","NA","space","NA","NA","space","NA","space","NA","space","NA","space","NA","NA","NA","space","NA","NA","NA","894.829299999401","2537.3704000085127","4370.431000017561","NA","894.829299999401","NA","NA","2971.4329999987967","NA","4132.006800005911","NA","3124.2522000102326","NA","5155.86080000503","NA","NA","NA","4515.713500004495","NA","NA","NA","15391.853899986017","space","7","2","psycho","The boy will move the radio","1024","2","24000","-16","experiment","9","odd","3","57958.07250001235","145812.3731999949","143073.3075000171","84797.38410000573","4951.42530000885","57963.60640000785","60506.55849999748","NA","139048.83210000116","143073.2513999974","138821.73540000804","NA","57958.1461000198","NA","NA","137926.242800022","NA","NA","64881.55859999824","NA","67856.92670001299","NA","71992.71170000429","NA","75121.13770001451","NA","NA","NA","80281.21220000321","NA","NA","NA","145831.9873000146","NA","20358.456000016304","139031.57500000088","137915.42870001285","137926.1215000006","143092.97600001446","143048.9957999962","84797.41359999753","139031.18280001217","4965.23130001151","3000","SceneViewing","6","9876.668999990216","6","2560"
"100","100","35_r.wav","1425","1425","#dadada","256","psycho","psycho","psycho","restrictive","1","undefined","undefined","1","NA","undefined","NA","undefined","NA","undefined","NA","undefined","NA","NA","undefined","NA","NA","NA","undefined","0","7","7","0","0","0","0","NA","7","7","7","NA","0","NA","NA","7","0","NA","0","NA","0","NA","0","NA","0","NA","NA","NA","0","NA","NA","NA","7","NA","0","7","7","7","7","7","0","7","0","participant_group2.csv","2","NA","NA","NA","Thu Aug  6 14:03:23 2026","NA","The main experiment item","False","VWP_finalSetup_22_7.osexp","C:\Users\plcm\Desktop\2026-EyeTracking\group-eyeconic\OS2\final_recordings_upl","False","mono","False","20","no","#0c0c0c","no","yes","1440","35","36_pos4_nosub.png","36_pos4_sub.png","psycho","7","7","C:\Users\plcm\Desktop\2026-EyeTracking\group-eyeconic\OS2\final_recordings_upl\subject-9.csv","psycho","Neonatal Nightingale","4.1.14","brush","mirror","pot","mascara","0","0","space","space","space","NA","space","NA","NA","space","NA","space","NA","space","NA","space","NA","NA","NA","space","NA","NA","NA","99.09869998227805","2537.3704000085127","4370.431000017561","NA","99.09869998227805","NA","NA","2971.4329999987967","NA","4132.006800005911","NA","3124.2522000102326","NA","5155.86080000503","NA","NA","NA","4515.713500004495","NA","NA","NA","15391.853899986017","space","8","2","psycho","The girl will apply the mascara","1024","2","24000","-16","experiment","9","odd","4","57958.07250001235","153252.3652999953","150188.32889999612","84797.38410000573","4951.42530000885","57963.60640000785","60506.55849999748","NA","146164.72220001742","150188.27969999984","145949.67210001778","NA","57958.1461000198","NA","NA","145849.8492000217","NA","NA","64881.55859999824","NA","67856.92670001299","NA","71992.71170000429","NA","75121.13770001451","NA","NA","NA","80281.21220000321","NA","NA","NA","153271.52150002075","NA","20358.456000016304","146148.51890000864","145839.20000001672","145849.72150000976","150207.51210002345","150165.1634000009","84797.41359999753","146148.0021000025","4965.23130001151","3000","SceneViewing","7","9975.767699972494","7","2560"
"100","100","1_r.wav","1353","1353","#dadada","256","psycho","psycho","psycho","restrictive","1","undefined","undefined","1","NA","undefined","NA","undefined","NA","undefined","NA","undefined","NA","NA","undefined","NA","NA","NA","undefined","0","8","8","0","0","0","0","NA","8","8","8","NA","0","NA","NA","8","0","NA","0","NA","0","NA","0","NA","0","NA","NA","NA","0","NA","NA","NA","8","NA","0","8","8","8","8","8","0","8","0","participant_group2.csv","2","NA","NA","NA","Thu Aug  6 14:03:23 2026","NA","The main experiment item","False","VWP_finalSetup_22_7.osexp","C:\Users\plcm\Desktop\2026-EyeTracking\group-eyeconic\OS2\final_recordings_upl","False","mono","False","20","no","#0c0c0c","no","yes","1440","1","2_pos2_nosub.png","2_pos2_sub.png","psycho","8","8","C:\Users\plcm\Desktop\2026-EyeTracking\group-eyeconic\OS2\final_recordings_upl\subject-9.csv","psycho","Neonatal Nightingale","4.1.14","lipstick","wine","cheese","chair","0","0","space","space","space","NA","space","NA","NA","space","NA","space","NA","space","NA","space","NA","NA","NA","space","NA","NA","NA","851.2714000244159","2537.3704000085127","4370.431000017561","NA","851.2714000244159","NA","NA","2971.4329999987967","NA","4132.006800005911","NA","3124.2522000102326","NA","5155.86080000503","NA","NA","NA","4515.713500004495","NA","NA","NA","15391.853899986017","space","9","2","psycho","The woman will drink the wine","1024","2","24000","-16","experiment","9","odd","2","57958.07250001235","161062.46000001556","158409.492900013","84797.38410000573","4951.42530000885","57963.60640000785","60506.55849999748","NA","154384.93450000533","158409.4216999947","154141.4769999974","NA","57958.1461000198","NA","NA","153289.6699999983","NA","NA","64881.55859999824","NA","67856.92670001299","NA","71992.71170000429","NA","75121.13770001451","NA","NA","NA","80281.21220000321","NA","NA","NA","161081.65520001785","NA","20358.456000016304","154368.13620000612","153278.9520000224","153289.5528000081","158429.07100002049","158385.12459999765","84797.41359999753","154367.47870000545","4965.23130001151","3000","SceneViewing","8","10827.03909999691","8","2560"
"100","100","42_n.wav","1226","1226","#dadada","256","psycho","psycho","psycho","non-restrictive","1","undefined","undefined","1","NA","undefined","NA","undefined","NA","undefined","NA","undefined","NA","NA","undefined","NA","NA","NA","undefined","0","9","9","0","0","0","0","NA","9","9","9","NA","0","NA","NA","9","0","NA","0","NA","0","NA","0","NA","0","NA","NA","NA","0","NA","NA","NA","9","NA","0","9","9","9","9","9","0","9","0","participant_group2.csv","2","NA","NA","NA","Thu Aug  6 14:03:23 2026","NA","The main experiment item","False","VWP_finalSetup_22_7.osexp","C:\Users\plcm\Desktop\2026-EyeTracking\group-eyeconic\OS2\final_recordings_upl","False","mono","False","20","no","#0c0c0c","no","yes","1440","42","43_pos3_nosub.png","43_pos3_sub.png","psycho","9","9","C:\Users\plcm\Desktop\2026-EyeTracking\group-eyeconic\OS2\final_recordings_upl\subject-9.csv","psycho","Neonatal Nightingale","4.1.14","chalk","ruler","shirt","apple","0","0","space","space","space","NA","space","NA","NA","space","NA","space","NA","space","NA","space","NA","NA","NA","space","NA","NA","NA","210.61060001375154","2537.3704000085127","4370.431000017561","NA","210.61060001375154","NA","NA","2971.4329999987967","NA","4132.006800005911","NA","3124.2522000102326","NA","5155.86080000503","NA","NA","NA","4515.713500004495","NA","NA","NA","15391.853899986017","space","10","2","psycho","The woman will wash the shirt","1024","2","24000","-16","experiment","9","odd","3","57958.07250001235","168312.30900000082","165599.7434000019","84797.38410000573","4951.42530000885","57963.60640000785","60506.55849999748","NA","161575.32240002183","165599.66960002203","161325.7481000037","NA","57958.1461000198","NA","NA","161114.4351999974","NA","NA","64881.55859999824","NA","67856.92670001299","NA","71992.71170000429","NA","75121.13770001451","NA","NA","NA","80281.21220000321","NA","NA","NA","168331.27330002026","NA","20358.456000016304","161559.1342000116","161103.22540000197","161114.31390000507","165619.1999000148","165575.79299999634","84797.41359999753","161558.671900013","4965.23130001151","3000","SceneViewing","9","11037.649700010661","9","2560"
"100","100","0_n.wav","1520","1520","#dadada","256","psycho","psycho","psycho","non-restrictive","1","undefined","undefined","1","NA","undefined","NA","undefined","NA","undefined","NA","undefined","NA","NA","undefined","NA","NA","NA","undefined","0","10","10","0","0","0","0","NA","10","10","10","NA","0","NA","NA","10","0","NA","0","NA","0","NA","0","NA","0","NA","NA","NA","0","NA","NA","NA","10","NA","0","10","10","10","10","10","0","10","0","participant_group2.csv","2","NA","NA","NA","Thu Aug  6 14:03:23 2026","NA","The main experiment item","False","VWP_finalSetup_22_7.osexp","C:\Users\plcm\Desktop\2026-EyeTracking\group-eyeconic\OS2\final_recordings_upl","False","mono","False","20","no","#0c0c0c","no","yes","1440","0","1_pos1_nosub.png","1_pos1_sub.png","psycho","10","10","C:\Users\plcm\Desktop\2026-EyeTracking\group-eyeconic\OS2\final_recordings_upl\subject-9.csv","psycho","Neonatal Nightingale","4.1.14","cake","toy-car","toy-train","ball","0","0","space","space","space","NA","space","NA","NA","space","NA","space","NA","space","NA","space","NA","NA","NA","space","NA","NA","NA","4167.755200003739","2537.3704000085127","4370.431000017561","NA","4167.755200003739","NA","NA","2971.4329999987967","NA","4132.006800005911","NA","3124.2522000102326","NA","5155.86080000503","NA","NA","NA","4515.713500004495","NA","NA","NA","15391.853899986017","space","11","2","psycho","The boy will move the cake","1024","2","24000","-16","experiment","9","odd","1","57958.07250001235","179212.40050002234","176787.70499999519","84797.38410000573","4951.42530000885","57963.60640000785","60506.55849999748","NA","172763.40730002266","176787.65549999662","172517.55839999532","NA","57958.1461000198","NA","NA","168349.17380000115","NA","NA","64881.55859999824","NA","67856.92670001299","NA","71992.71170000429","NA","75121.13770001451","NA","NA","NA","80281.21220000321","NA","NA","NA","179231.60630001803","NA","20358.456000016304","172747.46460001916","168338.7064000126","168349.05380001874","176806.99320000713","176763.87670001714","84797.41359999753","172747.0360000152","4965.23130001151","3000","SceneViewing","10","15205.4049000144","10","2560"
"100","100","5_r.wav","1385","1385","#dadada","256","psycho","psycho","psycho","restrictive","1","undefined","undefined","1","NA","undefined","NA","undefined","NA","undefined","NA","undefined","NA","NA","undefined","NA","NA","NA","undefined","0","11","11","0","0","0","0","NA","11","11","11","NA","0","NA","NA","11","0","NA","0","NA","0","NA","0","NA","0","NA","NA","NA","0","NA","NA","NA","11","NA","0","11","11","11","11","11","0","11","0","participant_group2.csv","2","NA","NA","NA","Thu Aug  6 14:03:23 2026","NA","The main experiment item","False","VWP_finalSetup_22_7.osexp","C:\Users\plcm\Desktop\2026-EyeTracking\group-eyeconic\OS2\final_recordings_upl","False","mono","False","20","no","#0c0c0c","no","yes","1440","5","6_pos2_nosub.png","6_pos2_sub.png","psycho","11","11","C:\Users\plcm\Desktop\2026-EyeTracking\group-eyeconic\OS2\final_recordings_upl\subject-9.csv","psycho","Neonatal Nightingale","4.1.14","moon","mountain","animal","cactus","0","0","space","space","space","NA","space","NA","NA","space","NA","space","NA","space","NA","space","NA","NA","NA","space","NA","NA","NA","30.483599985018373","2537.3704000085127","4370.431000017561","NA","30.483599985018373","NA","NA","2971.4329999987967","NA","4132.006800005911","NA","3124.2522000102326","NA","5155.86080000503","NA","NA","NA","4515.713500004495","NA","NA","NA","15391.853899986017","space","12","2","psycho","The hiker will climb the mountain","1024","2","24000","-16","experiment","9","odd","2","57958.07250001235","186362.5374000112","183580.0850999949","84797.38410000573","4951.42530000885","57963.60640000785","60506.55849999748","NA","179556.37860001298","183580.02890000353","179293.71030000038","NA","57958.1461000198","NA","NA","179262.42500002263","NA","NA","64881.55859999824","NA","67856.92670001299","NA","71992.71170000429","NA","75121.13770001451","NA","NA","NA","80281.21220000321","NA","NA","NA","186381.68930000393","NA","20358.456000016304","179539.82659999747","179251.96570000844","179262.23290001508","183599.62650001398","183556.81850001565","84797.41359999753","179538.94990001572","4965.23130001151","3000","SceneViewing","11","15235.888499999419","11","2560"
"100","100","7_r.wav","1400","1400","#dadada","256","psycho","psycho","psycho","restrictive","1","undefined","undefined","1","NA","undefined","NA","undefined","NA","undefined","NA","undefined","NA","NA","undefined","NA","NA","NA","undefined","0","12","12","0","0","0","0","NA","12","12","12","NA","0","NA","NA","12","0","NA","0","NA","0","NA","0","NA","0","NA","NA","NA","0","NA","NA","NA","12","NA","0","12","12","12","12","12","0","12","0","participant_group2.csv","2","NA","NA","NA","Thu Aug  6 14:03:23 2026","NA","The main experiment item","False","VWP_finalSetup_22_7.osexp","C:\Users\plcm\Desktop\2026-EyeTracking\group-eyeconic\OS2\final_recordings_upl","False","mono","False","20","no","#0c0c0c","no","yes","1440","7","8_pos4_nosub.png","8_pos4_sub.png","psycho","12","12","C:\Users\plcm\Desktop\2026-EyeTracking\group-eyeconic\OS2\final_recordings_upl\subject-9.csv","psycho","Neonatal Nightingale","4.1.14","tv-monitor","toy-bear","microscope","child","0","0","space","space","space","NA","space","NA","NA","space","NA","space","NA","space","NA","space","NA","NA","NA","space","NA","NA","NA","1573.031699983403","2537.3704000085127","4370.431000017561","NA","1573.031699983403","NA","NA","2971.4329999987967","NA","4132.006800005911","NA","3124.2522000102326","NA","5155.86080000503","NA","NA","NA","4515.713500004495","NA","NA","NA","15391.853899986017","space","13","2","psycho","The doctor will inject the child","1024","2","24000","-16","experiment","9","odd","4","57958.07250001235","195302.56020001252","192241.1482000025","84797.38410000573","4951.42530000885","57963.60640000785","60506.55849999748","NA","188214.97970001656","192241.09640001552","187981.6972000117","NA","57958.1461000198","NA","NA","186407.8660000232","NA","NA","64881.55859999824","NA","67856.92670001299","NA","71992.71170000429","NA","75121.13770001451","NA","NA","NA","80281.21220000321","NA","NA","NA","195321.92519999808","NA","20358.456000016304","188198.5956999997","186395.75980001246","186407.73470001295","192260.68010000745","192215.31610001693","84797.41359999753","188198.08719999855","4965.23130001151","3000","SceneViewing","12","16808.920199982822","12","2560"
"100","100","25_r.wav","1378","1378","#dadada","256","psycho","psycho","psycho","restrictive","1","undefined","undefined","1","NA","undefined","NA","undefined","NA","undefined","NA","undefined","NA","NA","undefined","NA","NA","NA","undefined","0","13","13","0","0","0","0","NA","13","13","13","NA","0","NA","NA","13","0","NA","0","NA","0","NA","0","NA","0","NA","NA","NA","0","NA","NA","NA","13","NA","0","13","13","13","13","13","0","13","0","participant_group2.csv","2","NA","NA","NA","Thu Aug  6 14:03:23 2026","NA","The main experiment item","False","VWP_finalSetup_22_7.osexp","C:\Users\plcm\Desktop\2026-EyeTracking\group-eyeconic\OS2\final_recordings_upl","False","mono","False","20","no","#0c0c0c","no","yes","1440","25","26_pos2_nosub.png","26_pos2_sub.png","psycho","13","13","C:\Users\plcm\Desktop\2026-EyeTracking\group-eyeconic\OS2\final_recordings_upl\subject-9.csv","psycho","Neonatal Nightingale","4.1.14","rope","canvas","keyboard","peach","0","0","space","space","space","NA","space","NA","NA","space","NA","space","NA","space","NA","space","NA","NA","NA","space","NA","NA","NA","1109.9410000024363","2537.3704000085127","4370.431000017561","NA","1109.9410000024363","NA","NA","2971.4329999987967","NA","4132.006800005911","NA","3124.2522000102326","NA","5155.86080000503","NA","NA","NA","4515.713500004495","NA","NA","NA","15391.853899986017","space","14","2","psycho","The man will paint the canvas","1024","2","24000","-16","experiment","9","odd","2","57958.07250001235","203512.3850000091","200690.34319999628","84797.38410000573","4951.42530000885","57963.60640000785","60506.55849999748","NA","196666.17020001286","200690.28550002258","196453.3837000199","NA","57958.1461000198","NA","NA","195342.94110001065","NA","NA","64881.55859999824","NA","67856.92670001299","NA","71992.71170000429","NA","75121.13770001451","NA","NA","NA","80281.21220000321","NA","NA","NA","203531.93620001548","NA","20358.456000016304","196649.21390000382","195329.9832000048","195342.7309000108","200709.64549999917","200666.5165000013","84797.41359999753","196648.69500001078","4965.23130001151","3000","SceneViewing","13","17918.86119998526","13","2560"
"100","100","46_n.wav","1297","1297","#dadada","256","psycho","psycho","psycho","non-restrictive","1","undefined","undefined","1","NA","undefined","NA","undefined","NA","undefined","NA","undefined","NA","NA","undefined","NA","NA","NA","undefined","0","14","14","0","0","0","0","NA","14","14","14","NA","0","NA","NA","14","0","NA","0","NA","0","NA","0","NA","0","NA","NA","NA","0","NA","NA","NA","14","NA","0","14","14","14","14","14","0","14","0","participant_group2.csv","2","NA","NA","NA","Thu Aug  6 14:03:23 2026","NA","The main experiment item","False","VWP_finalSetup_22_7.osexp","C:\Users\plcm\Desktop\2026-EyeTracking\group-eyeconic\OS2\final_recordings_upl","False","mono","False","20","no","#0c0c0c","no","yes","1440","46","47_pos3_nosub.png","47_pos3_sub.png","psycho","14","14","C:\Users\plcm\Desktop\2026-EyeTracking\group-eyeconic\OS2\final_recordings_upl\subject-9.csv","psycho","Neonatal Nightingale","4.1.14","gum","stand","violin","bow","0","0","space","space","space","NA","space","NA","NA","space","NA","space","NA","space","NA","space","NA","NA","NA","space","NA","NA","NA","250.129799998831","2537.3704000085127","4370.431000017561","NA","250.129799998831","NA","NA","2971.4329999987967","NA","4132.006800005911","NA","3124.2522000102326","NA","5155.86080000503","NA","NA","NA","4515.713500004495","NA","NA","NA","15391.853899986017","space","15","2","psycho","The musician will move the violin","1024","2","24000","-16","experiment","9","odd","3","57958.07250001235","211342.24830000312","208056.2435000029","84797.38410000573","4951.42530000885","57963.60640000785","60506.55849999748","NA","204031.8606000219","208056.16130001727","203813.49130001036","NA","57958.1461000198","NA","NA","203562.78550002025","NA","NA","64881.55859999824","NA","67856.92670001299","NA","71992.71170000429","NA","75121.13770001451","NA","NA","NA","80281.21220000321","NA","NA","NA","211361.89339999692","NA","20358.456000016304","204014.9645000056","203552.52880000626","203562.59499999578","208076.1138999951","208032.19880000688","84797.41359999753","204014.40110002295","4965.23130001151","3000","SceneViewing","14","18168.99099998409","14","2560"
"100","100","26_n.wav","1215","1215","#dadada","256","psycho","psycho","psycho","non-restrictive","1","undefined","undefined","1","NA","undefined","NA","undefined","NA","undefined","NA","undefined","NA","NA","undefined","NA","NA","NA","undefined","0","15","15","0","0","0","0","NA","15","15","15","NA","0","NA","NA","15","0","NA","0","NA","0","NA","0","NA","0","NA","NA","NA","0","NA","NA","NA","15","NA","0","15","15","15","15","15","0","15","0","participant_group2.csv","2","NA","NA","NA","Thu Aug  6 14:03:23 2026","NA","The main experiment item","False","VWP_finalSetup_22_7.osexp","C:\Users\plcm\Desktop\2026-EyeTracking\group-eyeconic\OS2\final_recordings_upl","False","mono","False","20","no","#0c0c0c","no","yes","1440","26","27_pos3_nosub.png","27_pos3_sub.png","psycho","15","15","C:\Users\plcm\Desktop\2026-EyeTracking\group-eyeconic\OS2\final_recordings_upl\subject-9.csv","psycho","Neonatal Nightingale","4.1.14","coin","coaster","candle","package","0","0","space","space","space","NA","space","NA","NA","space","NA","space","NA","space","NA","space","NA","NA","NA","space","NA","NA","NA","56.91000001388602","2537.3704000085127","4370.431000017561","NA","56.91000001388602","NA","NA","2971.4329999987967","NA","4132.006800005911","NA","3124.2522000102326","NA","5155.86080000503","NA","NA","NA","4515.713500004495","NA","NA","NA","15391.853899986017","space","16","2","psycho","The woman will blow grab the candle","1024","2","24000","-16","experiment","9","odd","3","57958.07250001235","218512.72200001404","215699.92360001197","84797.38410000573","4951.42530000885","57963.60640000785","60506.55849999748","NA","211675.05040002288","215699.7885000019","211437.5859000138","NA","57958.1461000198","NA","NA","211380.00020000618","NA","NA","64881.55859999824","NA","67856.92670001299","NA","71992.71170000429","NA","75121.13770001451","NA","NA","NA","80281.21220000321","NA","NA","NA","218532.17809999478","NA","20358.456000016304","211657.67800001777","211369.83860001783","211379.85050000134","215719.88770001917","215675.71160002262","84797.41359999753","211656.83480000007","4965.23130001151","3000","SceneViewing","15","18225.900999997975","15","2560"
"100","100","45_r.wav","1152","1152","#dadada","256","psycho","psycho","psycho","restrictive","1","undefined","undefined","1","NA","undefined","NA","undefined","NA","undefined","NA","undefined","NA","NA","undefined","NA","NA","NA","undefined","0","16","16","0","0","0","0","NA","16","16","16","NA","0","NA","NA","16","0","NA","0","NA","0","NA","0","NA","0","NA","NA","NA","0","NA","NA","NA","16","NA","0","16","16","16","16","16","0","16","0","participant_group2.csv","2","NA","NA","NA","Thu Aug  6 14:03:23 2026","NA","The main experiment item","False","VWP_finalSetup_22_7.osexp","C:\Users\plcm\Desktop\2026-EyeTracking\group-eyeconic\OS2\final_recordings_upl","False","mono","False","20","no","#0c0c0c","no","yes","1440","45","46_pos2_nosub.png","46_pos2_sub.png","psycho","16","16","C:\Users\plcm\Desktop\2026-EyeTracking\group-eyeconic\OS2\final_recordings_upl\subject-9.csv","psycho","Neonatal Nightingale","4.1.14","pot","carrot","laddle","peeler","0","0","space","space","space","NA","space","NA","NA","space","NA","space","NA","space","NA","space","NA","NA","NA","space","NA","NA","NA","207.4140000040643","2537.3704000085127","4370.431000017561","NA","207.4140000040643","NA","NA","2971.4329999987967","NA","4132.006800005911","NA","3124.2522000102326","NA","5155.86080000503","NA","NA","NA","4515.713500004495","NA","NA","NA","15391.853899986017","space","17","2","psycho","The chef will grate the carrot","1024","2","24000","-16","experiment","9","odd","2","57958.07250001235","225662.33710001688","223050.51610001829","84797.38410000573","4951.42530000885","57963.60640000785","60506.55849999748","NA","219026.03810001165","223050.4343000066","218757.735399995","NA","57958.1461000198","NA","NA","218549.51280000387","NA","NA","64881.55859999824","NA","67856.92670001299","NA","71992.71170000429","NA","75121.13770001451","NA","NA","NA","80281.21220000321","NA","NA","NA","225681.31780001568","NA","20358.456000016304","219008.32330001867","218539.81250000652","218549.39719999675","223069.8956999986","223026.47270000307","84797.41359999753","219007.75370001793","4965.23130001151","3000","SceneViewing","16","18433.31500000204","16","2560"
"100","100","49_r.wav","1084","1084","#dadada","256","psycho","psycho","psycho","restrictive","1","undefined","undefined","1","NA","undefined","NA","undefined","NA","undefined","NA","undefined","NA","NA","undefined","NA","NA","NA","undefined","0","17","17","0","0","0","0","NA","17","17","17","NA","0","NA","NA","17","0","NA","0","NA","0","NA","0","NA","0","NA","NA","NA","0","NA","NA","NA","17","NA","0","17","17","17","17","17","0","17","0","participant_group2.csv","2","NA","NA","NA","Thu Aug  6 14:03:23 2026","NA","The main experiment item","False","VWP_finalSetup_22_7.osexp","C:\Users\plcm\Desktop\2026-EyeTracking\group-eyeconic\OS2\final_recordings_upl","False","mono","False","20","no","#0c0c0c","no","yes","1440","49","50_pos2_nosub.png","50_pos2_sub.png","psycho","17","17","C:\Users\plcm\Desktop\2026-EyeTracking\group-eyeconic\OS2\final_recordings_upl\subject-9.csv","psycho","Neonatal Nightingale","4.1.14","scissors","stamp","envelope","rubberband","0","0","space","space","space","NA","space","NA","NA","space","NA","space","NA","space","NA","space","NA","NA","NA","space","NA","NA","NA","1.5596000012010336","2537.3704000085127","4370.431000017561","NA","1.5596000012010336","NA","NA","2971.4329999987967","NA","4132.006800005911","NA","3124.2522000102326","NA","5155.86080000503","NA","NA","NA","4515.713500004495","NA","NA","NA","15391.853899986017","space","18","2","psycho","The man will lick the stamp","1024","2","24000","-16","experiment","9","odd","2","57958.07250001235","232532.2589999996","229974.54789999756","84797.38410000573","4951.42530000885","57963.60640000785","60506.55849999748","NA","225950.7939000032","229974.48450000957","225701.79240001016","NA","57958.1461000198","NA","NA","225699.39809999778","NA","NA","64881.55859999824","NA","67856.92670001299","NA","71992.71170000429","NA","75121.13770001451","NA","NA","NA","80281.21220000321","NA","NA","NA","232551.51469999691","NA","20358.456000016304","225934.65050001396","225688.8500000059","225699.23050000216","229994.14720002096","229951.1049000139","84797.41359999753","225934.23210000037","4965.23130001151","3000","SceneViewing","17","18434.87460000324","17","2560"
"100","100","17_r.wav","1031","1031","#dadada","256","psycho","psycho","psycho","restrictive","1","undefined","undefined","1","NA","undefined","NA","undefined","NA","undefined","NA","undefined","NA","NA","undefined","NA","NA","NA","undefined","0","18","18","0","0","0","0","NA","18","18","18","NA","0","NA","NA","18","0","NA","0","NA","0","NA","0","NA","0","NA","NA","NA","0","NA","NA","NA","18","NA","0","18","18","18","18","18","0","18","0","participant_group2.csv","2","NA","NA","NA","Thu Aug  6 14:03:23 2026","NA","The main experiment item","False","VWP_finalSetup_22_7.osexp","C:\Users\plcm\Desktop\2026-EyeTracking\group-eyeconic\OS2\final_recordings_upl","False","mono","False","20","no","#0c0c0c","no","yes","1440","17","18_pos2_nosub.png","18_pos2_sub.png","psycho","18","18","C:\Users\plcm\Desktop\2026-EyeTracking\group-eyeconic\OS2\final_recordings_upl\subject-9.csv","psycho","Neonatal Nightingale","4.1.14","rope","wood","bucket","stone","0","0","space","space","space","NA","space","NA","NA","space","NA","space","NA","space","NA","space","NA","NA","NA","space","NA","NA","NA","137.79230002546683","2537.3704000085127","4370.431000017561","NA","137.79230002546683","NA","NA","2971.4329999987967","NA","4132.006800005911","NA","3124.2522000102326","NA","5155.86080000503","NA","NA","NA","4515.713500004495","NA","NA","NA","15391.853899986017","space","19","2","psycho","The man will chop the wood","1024","2","24000","-16","experiment","9","odd","2","57958.07250001235","239442.27210001554","236983.33610000554","84797.38410000573","4951.42530000885","57963.60640000785","60506.55849999748","NA","232958.25960001093","236983.27340002288","232725.7682000054","NA","57958.1461000198","NA","NA","232587.12589999777","NA","NA","64881.55859999824","NA","67856.92670001299","NA","71992.71170000429","NA","75121.13770001451","NA","NA","NA","80281.21220000321","NA","NA","NA","239461.40980001655","NA","20358.456000016304","232939.1980000073","232576.3439000002","232586.90530000604","237002.31100001838","236958.50690000225","84797.41359999753","232938.56660000165","4965.23130001151","3000","SceneViewing","18","18572.666900028707","18","2560"
"100","100","14_n.wav","1017","1017","#dadada","256","psycho","psycho","psycho","non-restrictive","1","undefined","undefined","1","NA","undefined","NA","undefined","NA","undefined","NA","undefined","NA","NA","undefined","NA","NA","NA","undefined","0","19","19","0","0","0","0","NA","19","19","19","NA","0","NA","NA","19","0","NA","0","NA","0","NA","0","NA","0","NA","NA","NA","0","NA","NA","NA","19","NA","0","19","19","19","19","19","0","19","0","participant_group2.csv","2","NA","NA","NA","Thu Aug  6 14:03:23 2026","NA","The main experiment item","False","VWP_finalSetup_22_7.osexp","C:\Users\plcm\Desktop\2026-EyeTracking\group-eyeconic\OS2\final_recordings_upl","False","mono","False","20","no","#0c0c0c","no","yes","1440","14","15_pos3_nosub.png","15_pos3_sub.png","psycho","19","19","C:\Users\plcm\Desktop\2026-EyeTracking\group-eyeconic\OS2\final_recordings_upl\subject-9.csv","psycho","Neonatal Nightingale","4.1.14","ball","hen","dog","bird","0","0","space","space","space","NA","space","NA","NA","space","NA","space","NA","space","NA","space","NA","NA","NA","space","NA","NA","NA","752.8036999865435","2537.3704000085127","4370.431000017561","NA","752.8036999865435","NA","NA","2971.4329999987967","NA","4132.006800005911","NA","3124.2522000102326","NA","5155.86080000503","NA","NA","NA","4515.713500004495","NA","NA","NA","15391.853899986017","space","20","2","psycho","The boy will feed the dog","1024","2","24000","-16","experiment","9","odd","3","57958.07250001235","247012.25620001787","244503.3911000064","84797.38410000573","4951.42530000885","57963.60640000785","60506.55849999748","NA","240479.4778000214","244503.30720000784","240245.58529999922","NA","57958.1461000198","NA","NA","239492.09030001657","NA","NA","64881.55859999824","NA","67856.92670001299","NA","71992.71170000429","NA","75121.13770001451","NA","NA","NA","80281.21220000321","NA","NA","NA","247031.56120001222","NA","20358.456000016304","240463.46080000512","239481.65729999891","239491.93899999955","244522.51260000048","244479.65200000908","84797.41359999753","240462.5393000024","4965.23130001151","3000","SceneViewing","19","19325.47060001525","19","2560"
"100","100","15_r.wav","1011","1011","#dadada","256","psycho","psycho","psycho","restrictive","1","undefined","undefined","1","NA","undefined","NA","undefined","NA","undefined","NA","undefined","NA","NA","undefined","NA","NA","NA","undefined","0","20","20","0","0","0","0","NA","20","20","20","NA","0","NA","NA","20","0","NA","0","NA","0","NA","0","NA","0","NA","NA","NA","0","NA","NA","NA","20","NA","0","20","20","20","20","20","0","20","0","participant_group2.csv","2","NA","NA","NA","Thu Aug  6 14:03:23 2026","NA","The main experiment item","False","VWP_finalSetup_22_7.osexp","C:\Users\plcm\Desktop\2026-EyeTracking\group-eyeconic\OS2\final_recordings_upl","False","mono","False","20","no","#0c0c0c","no","yes","1440","15","16_pos4_nosub.png","16_pos4_sub.png","psycho","20","20","C:\Users\plcm\Desktop\2026-EyeTracking\group-eyeconic\OS2\final_recordings_upl\subject-9.csv","psycho","Neonatal Nightingale","4.1.14","wallet","magnifying-glass","folder","hat","0","0","space","space","space","NA","space","NA","NA","space","NA","space","NA","space","NA","space","NA","NA","NA","space","NA","NA","NA","895.4900000244379","2537.3704000085127","4370.431000017561","NA","895.4900000244379","NA","NA","2971.4329999987967","NA","4132.006800005911","NA","3124.2522000102326","NA","5155.86080000503","NA","NA","NA","4515.713500004495","NA","NA","NA","15391.853899986017","space","21","2","psycho","The businessman will wear the hat","1024","2","24000","-16","experiment","9","odd","4","57958.07250001235","255162.57670000778","252193.0272000027","84797.38410000573","4951.42530000885","57963.60640000785","60506.55849999748","NA","248168.3483000088","252192.962000001","247957.66240000376","NA","57958.1461000198","NA","NA","247061.4257999987","NA","NA","64881.55859999824","NA","67856.92670001299","NA","71992.71170000429","NA","75121.13770001451","NA","NA","NA","80281.21220000321","NA","NA","NA","255182.22519999836","NA","20358.456000016304","248153.13869999954","247051.62310000742","247061.27840001136","252212.85280000302","252168.76600001706","84797.41359999753","248152.38820001832","4965.23130001151","3000","SceneViewing","20","20220.96060003969","20","2560"
"100","100","30_n.wav","975","975","#dadada","256","psycho","psycho","psycho","non-restrictive","1","undefined","undefined","1","NA","undefined","NA","undefined","NA","undefined","NA","undefined","NA","NA","undefined","NA","NA","NA","undefined","0","21","21","0","0","0","0","NA","21","21","21","NA","0","NA","NA","21","0","NA","0","NA","0","NA","0","NA","0","NA","NA","NA","0","NA","NA","NA","21","NA","0","21","21","21","21","21","0","21","0","participant_group2.csv","2","NA","NA","NA","Thu Aug  6 14:03:23 2026","NA","The main experiment item","False","VWP_finalSetup_22_7.osexp","C:\Users\plcm\Desktop\2026-EyeTracking\group-eyeconic\OS2\final_recordings_upl","False","mono","False","20","no","#0c0c0c","no","yes","1440","30","31_pos3_nosub.png","31_pos3_sub.png","psycho","21","21","C:\Users\plcm\Desktop\2026-EyeTracking\group-eyeconic\OS2\final_recordings_upl\subject-9.csv","psycho","Neonatal Nightingale","4.1.14","watch","headphones","dice","cap","0","0","space","space","space","NA","space","NA","NA","space","NA","space","NA","space","NA","space","NA","NA","NA","space","NA","NA","NA","260.6763000076171","2537.3704000085127","4370.431000017561","NA","260.6763000076171","NA","NA","2971.4329999987967","NA","4132.006800005911","NA","3124.2522000102326","NA","5155.86080000503","NA","NA","NA","4515.713500004495","NA","NA","NA","15391.853899986017","space","22","2","psycho","The girl will grab the dice","1024","2","24000","-16","experiment","9","odd","3","57958.07250001235","262392.24740001373","259704.54040000914","84797.38410000573","4951.42530000885","57963.60640000785","60506.55849999748","NA","255680.22080001538","259704.48010001564","255461.62899999763","NA","57958.1461000198","NA","NA","255200.23509999737","NA","NA","64881.55859999824","NA","67856.92670001299","NA","71992.71170000429","NA","75121.13770001451","NA","NA","NA","80281.21220000321","NA","NA","NA","262411.60580000724","NA","20358.456000016304","255663.867700001","255189.87910001306","255200.07560000522","259724.04830000596","259680.95229999744","84797.41359999753","255662.97010000562","4965.23130001151","3000","SceneViewing","21","20481.636900047306","21","2560"
"100","100","16_n.wav","963","963","#dadada","256","psycho","psycho","psycho","non-restrictive","1","undefined","undefined","1","NA","undefined","NA","undefined","NA","undefined","NA","undefined","NA","NA","undefined","NA","NA","NA","undefined","0","22","22","0","0","0","0","NA","22","22","22","NA","0","NA","NA","22","0","NA","0","NA","0","NA","0","NA","0","NA","NA","NA","0","NA","NA","NA","22","NA","0","22","22","22","22","22","0","22","0","participant_group2.csv","2","NA","NA","NA","Thu Aug  6 14:03:23 2026","NA","The main experiment item","False","VWP_finalSetup_22_7.osexp","C:\Users\plcm\Desktop\2026-EyeTracking\group-eyeconic\OS2\final_recordings_upl","False","mono","False","20","no","#0c0c0c","no","yes","1440","16","17_pos1_nosub.png","17_pos1_sub.png","psycho","22","22","C:\Users\plcm\Desktop\2026-EyeTracking\group-eyeconic\OS2\final_recordings_upl\subject-9.csv","psycho","Neonatal Nightingale","4.1.14","dress","lantern","backpack","ribbon","0","0","space","space","space","NA","space","NA","NA","space","NA","space","NA","space","NA","space","NA","NA","NA","space","NA","NA","NA","705.5567000061274","2537.3704000085127","4370.431000017561","NA","705.5567000061274","NA","NA","2971.4329999987967","NA","4132.006800005911","NA","3124.2522000102326","NA","5155.86080000503","NA","NA","NA","4515.713500004495","NA","NA","NA","15391.853899986017","space","23","2","psycho","The woman will  carry the dress","1024","2","24000","-16","experiment","9","odd","1","57958.07250001235","270142.30920001864","267408.7542000052","84797.38410000573","4951.42530000885","57963.60640000785","60506.55849999748","NA","263385.38360001985","267408.69969999767","263149.6724000026","NA","57958.1461000198","NA","NA","262443.3099000016","NA","NA","64881.55859999824","NA","67856.92670001299","NA","71992.71170000429","NA","75121.13770001451","NA","NA","NA","80281.21220000321","NA","NA","NA","270161.1810000031","NA","20358.456000016304","263368.78400002024","262432.4057000049","262443.1089000136","267427.8508000134","267385.6916000077","84797.41359999753","263368.11670000316","4965.23130001151","3000","SceneViewing","22","21187.193600053433","22","2560"
"100","100","10_n.wav","965","965","#dadada","256","psycho","psycho","psycho","non-restrictive","1","undefined","undefined","1","NA","undefined","NA","undefined","NA","undefined","NA","undefined","NA","NA","undefined","NA","NA","NA","undefined","0","23","23","0","0","0","0","NA","23","23","23","NA","0","NA","NA","23","0","NA","0","NA","0","NA","0","NA","0","NA","NA","NA","0","NA","NA","NA","23","NA","0","23","23","23","23","23","0","23","0","participant_group2.csv","2","NA","NA","NA","Thu Aug  6 14:03:23 2026","NA","The main experiment item","False","VWP_finalSetup_22_7.osexp","C:\Users\plcm\Desktop\2026-EyeTracking\group-eyeconic\OS2\final_recordings_upl","False","mono","False","20","no","#0c0c0c","no","yes","1440","10","11_pos3_nosub.png","11_pos3_sub.png","psycho","23","23","C:\Users\plcm\Desktop\2026-EyeTracking\group-eyeconic\OS2\final_recordings_upl\subject-9.csv","psycho","Neonatal Nightingale","4.1.14","dog","wastebin","washing-machine","mirror","0","0","space","space","space","NA","space","NA","NA","space","NA","space","NA","space","NA","space","NA","NA","NA","space","NA","NA","NA","1025.0195999979042","2537.3704000085127","4370.431000017561","NA","1025.0195999979042","NA","NA","2971.4329999987967","NA","4132.006800005911","NA","3124.2522000102326","NA","5155.86080000503","NA","NA","NA","4515.713500004495","NA","NA","NA","15391.853899986017","space","24","2","psycho","The man will wipe the washing machine","1024","2","24000","-16","experiment","9","odd","3","57958.07250001235","278762.3576000042","275487.7257000189","84797.38410000573","4951.42530000885","57963.60640000785","60506.55849999748","NA","271463.7496000214","275487.6690999954","271205.42130002286","NA","57958.1461000198","NA","NA","270179.8433000222","NA","NA","64881.55859999824","NA","67856.92670001299","NA","71992.71170000429","NA","75121.13770001451","NA","NA","NA","80281.21220000321","NA","NA","NA","278781.96290001506","NA","20358.456000016304","271447.2775000031","270169.6900000097","270179.71140000736","275507.0332000032","275463.96029999596","84797.41359999753","271446.9083000149","4965.23130001151","3000","SceneViewing","23","22212.213200051337","23","2560"
"100","100","31_r.wav","959","959","#dadada","256","psycho","psycho","psycho","restrictive","1","undefined","undefined","1","NA","undefined","NA","undefined","NA","undefined","NA","undefined","NA","NA","undefined","NA","NA","NA","undefined","0","24","24","0","0","0","0","NA","24","24","24","NA","0","NA","NA","24","0","NA","0","NA","0","NA","0","NA","0","NA","NA","NA","0","NA","NA","NA","24","NA","0","24","24","24","24","24","0","24","0","participant_group2.csv","2","NA","NA","NA","Thu Aug  6 14:03:23 2026","NA","The main experiment item","False","VWP_finalSetup_22_7.osexp","C:\Users\plcm\Desktop\2026-EyeTracking\group-eyeconic\OS2\final_recordings_upl","False","mono","False","20","no","#0c0c0c","no","yes","1440","31","32_pos4_nosub.png","32_pos4_sub.png","psycho","24","24","C:\Users\plcm\Desktop\2026-EyeTracking\group-eyeconic\OS2\final_recordings_upl\subject-9.csv","psycho","Neonatal Nightingale","4.1.14","lemon","sponge","seed","bottle","0","0","space","space","space","NA","space","NA","NA","space","NA","space","NA","space","NA","space","NA","NA","NA","space","NA","NA","NA","811.2580000015441","2537.3704000085127","4370.431000017561","NA","811.2580000015441","NA","NA","2971.4329999987967","NA","4132.006800005911","NA","3124.2522000102326","NA","5155.86080000503","NA","NA","NA","4515.713500004495","NA","NA","NA","15391.853899986017","space","25","2","psycho","The woman will open the bottle","1024","2","24000","-16","experiment","9","odd","4","57958.07250001235","286632.29400001","283886.13670002087","84797.38410000573","4951.42530000885","57963.60640000785","60506.55849999748","NA","279860.2061000129","283886.0631000134","279629.6141000057","NA","57958.1461000198","NA","NA","278817.6056999946","NA","NA","64881.55859999824","NA","67856.92670001299","NA","71992.71170000429","NA","75121.13770001451","NA","NA","NA","80281.21220000321","NA","NA","NA","286651.657600014","NA","20358.456000016304","279844.5495000051","278806.13080001785","278817.3689999967","283905.42630001437","283860.3895000124","84797.41359999753","279844.09400000004","4965.23130001151","3000","SceneViewing","24","23023.47120005288","24","2560"
"100","100","24_n.wav","951","951","#dadada","256","psycho","psycho","psycho","non-restrictive","1","undefined","undefined","1","NA","undefined","NA","undefined","NA","undefined","NA","undefined","NA","NA","undefined","NA","NA","NA","undefined","0","25","25","0","0","0","0","NA","25","25","25","NA","0","NA","NA","25","0","NA","0","NA","0","NA","0","NA","0","NA","NA","NA","0","NA","NA","NA","25","NA","0","25","25","25","25","25","0","25","0","participant_group2.csv","2","NA","NA","NA","Thu Aug  6 14:03:23 2026","NA","The main experiment item","False","VWP_finalSetup_22_7.osexp","C:\Users\plcm\Desktop\2026-EyeTracking\group-eyeconic\OS2\final_recordings_upl","False","mono","False","20","no","#0c0c0c","no","yes","1440","24","25_pos1_nosub.png","25_pos1_sub.png","psycho","25","25","C:\Users\plcm\Desktop\2026-EyeTracking\group-eyeconic\OS2\final_recordings_upl\subject-9.csv","psycho","Neonatal Nightingale","4.1.14","rabbit","plate","potato","glass","0","0","space","space","space","NA","space","NA","NA","space","NA","space","NA","space","NA","space","NA","NA","NA","space","NA","NA","NA","768.7598000047728","2537.3704000085127","4370.431000017561","NA","768.7598000047728","NA","NA","2971.4329999987967","NA","4132.006800005911","NA","3124.2522000102326","NA","5155.86080000503","NA","NA","NA","4515.713500004495","NA","NA","NA","15391.853899986017","space","26","2","psycho","The girl will lift the rabbit","1024","2","24000","-16","experiment","9","odd","1","57958.07250001235","294412.63860001345","291691.6456000181","84797.38410000573","4951.42530000885","57963.60640000785","60506.55849999748","NA","287668.155100022","291691.58780001453","287445.8397999988","NA","57958.1461000198","NA","NA","286676.1178000015","NA","NA","64881.55859999824","NA","67856.92670001299","NA","71992.71170000429","NA","75121.13770001451","NA","NA","NA","80281.21220000321","NA","NA","NA","294431.8645000167","NA","20358.456000016304","287652.42900000885","286665.9631000075","286676.00880001555","291710.92310000677","291668.32440000144","84797.41359999753","287651.49530000053","4965.23130001151","3000","SceneViewing","25","23792.231000057654","25","2560"
"100","100","19_r.wav","943","943","#dadada","256","psycho","psycho","psycho","restrictive","1","undefined","undefined","1","NA","undefined","NA","undefined","NA","undefined","NA","undefined","NA","NA","undefined","NA","NA","NA","undefined","0","26","26","0","0","0","0","NA","26","26","26","NA","0","NA","NA","26","0","NA","0","NA","0","NA","0","NA","0","NA","NA","NA","0","NA","NA","NA","26","NA","0","26","26","26","26","26","0","26","0","participant_group2.csv","2","NA","NA","NA","Thu Aug  6 14:03:23 2026","NA","The main experiment item","False","VWP_finalSetup_22_7.osexp","C:\Users\plcm\Desktop\2026-EyeTracking\group-eyeconic\OS2\final_recordings_upl","False","mono","False","20","no","#0c0c0c","no","yes","1440","19","20_pos4_nosub.png","20_pos4_sub.png","psycho","26","26","C:\Users\plcm\Desktop\2026-EyeTracking\group-eyeconic\OS2\final_recordings_upl\subject-9.csv","psycho","Neonatal Nightingale","4.1.14","spoon","spatula","bowl","bread","0","0","space","space","space","NA","space","NA","NA","space","NA","space","NA","space","NA","space","NA","NA","NA","space","NA","NA","NA","731.8356000178028","2537.3704000085127","4370.431000017561","NA","731.8356000178028","NA","NA","2971.4329999987967","NA","4132.006800005911","NA","3124.2522000102326","NA","5155.86080000503","NA","NA","NA","4515.713500004495","NA","NA","NA","15391.853899986017","space","27","2","psycho","The chef will slice the bread","1024","2","24000","-16","experiment","9","odd","4","57958.07250001235","301992.3723000102","299420.6178000022","84797.38410000573","4951.42530000885","57963.60640000785","60506.55849999748","NA","295396.29020000575","299420.56680002133","295181.6712","NA","57958.1461000198","NA","NA","294449.0042999969","NA","NA","64881.55859999824","NA","67856.92670001299","NA","71992.71170000429","NA","75121.13770001451","NA","NA","NA","80281.21220000321","NA","NA","NA","302011.44980001845","NA","20358.456000016304","295381.25020000734","294439.42480001715","294448.8905000035","299440.4554000066","299396.734000009","84797.41359999753","295380.6130000157","4965.23130001151","3000","SceneViewing","26","24524.066600075457","26","2560"
"100","100","37_r.wav","949","949","#dadada","256","psycho","psycho","psycho","restrictive","1","undefined","undefined","1","NA","undefined","NA","undefined","NA","undefined","NA","undefined","NA","NA","undefined","NA","NA","NA","undefined","0","27","27","0","0","0","0","NA","27","27","27","NA","0","NA","NA","27","0","NA","0","NA","0","NA","0","NA","0","NA","NA","NA","0","NA","NA","NA","27","NA","0","27","27","27","27","27","0","27","0","participant_group2.csv","2","NA","NA","NA","Thu Aug  6 14:03:23 2026","NA","The main experiment item","False","VWP_finalSetup_22_7.osexp","C:\Users\plcm\Desktop\2026-EyeTracking\group-eyeconic\OS2\final_recordings_upl","False","mono","False","20","no","#0c0c0c","no","yes","1440","37","38_pos2_nosub.png","38_pos2_sub.png","psycho","27","27","C:\Users\plcm\Desktop\2026-EyeTracking\group-eyeconic\OS2\final_recordings_upl\subject-9.csv","psycho","Neonatal Nightingale","4.1.14","key","banana","mitten","marker","0","0","space","space","space","NA","space","NA","NA","space","NA","space","NA","space","NA","space","NA","NA","NA","space","NA","NA","NA","1120.653299993137","2537.3704000085127","4370.431000017561","NA","1120.653299993137","NA","NA","2971.4329999987967","NA","4132.006800005911","NA","3124.2522000102326","NA","5155.86080000503","NA","NA","NA","4515.713500004495","NA","NA","NA","15391.853899986017","space","28","2","psycho","The boy will peel the banana","1024","2","24000","-16","experiment","9","odd","2","57958.07250001235","310162.548399996","307410.5790000176","84797.38410000573","4951.42530000885","57963.60640000785","60506.55849999748","NA","303387.3147999984","307410.518699995","303165.71930001373","NA","57958.1461000198","NA","NA","302044.2199000099","NA","NA","64881.55859999824","NA","67856.92670001299","NA","71992.71170000429","NA","75121.13770001451","NA","NA","NA","80281.21220000321","NA","NA","NA","310181.5795000002","NA","20358.456000016304","303370.22969999816","302032.4999000004","302044.0913000202","307430.20510001224","307387.6026000071","84797.41359999753","303369.2934999999","4965.23130001151","3000","SceneViewing","27","25644.719900068594","27","2560"
"100","100","22_n.wav","936","936","#dadada","256","psycho","psycho","psycho","non-restrictive","1","undefined","undefined","1","NA","undefined","NA","undefined","NA","undefined","NA","undefined","NA","NA","undefined","NA","NA","NA","undefined","0","28","28","0","0","0","0","NA","28","28","28","NA","0","NA","NA","28","0","NA","0","NA","0","NA","0","NA","0","NA","NA","NA","0","NA","NA","NA","28","NA","0","28","28","28","28","28","0","28","0","participant_group2.csv","2","NA","NA","NA","Thu Aug  6 14:03:23 2026","NA","The main experiment item","False","VWP_finalSetup_22_7.osexp","C:\Users\plcm\Desktop\2026-EyeTracking\group-eyeconic\OS2\final_recordings_upl","False","mono","False","20","no","#0c0c0c","no","yes","1440","22","23_pos3_nosub.png","23_pos3_sub.png","psycho","28","28","C:\Users\plcm\Desktop\2026-EyeTracking\group-eyeconic\OS2\final_recordings_upl\subject-9.csv","psycho","Neonatal Nightingale","4.1.14","poster","towel","coat","hook","0","0","space","space","space","NA","space","NA","NA","space","NA","space","NA","space","NA","space","NA","NA","NA","space","NA","NA","NA","583.2854999753181","2537.3704000085127","4370.431000017561","NA","583.2854999753181","NA","NA","2971.4329999987967","NA","4132.006800005911","NA","3124.2522000102326","NA","5155.86080000503","NA","NA","NA","4515.713500004495","NA","NA","NA","15391.853899986017","space","29","2","psycho","The girl will hang the coat","1024","2","24000","-16","experiment","9","odd","3","57958.07250001235","317542.29850001866","315052.3276000167","84797.38410000573","4951.42530000885","57963.60640000785","60506.55849999748","NA","311027.73280002293","315052.25480001536","310797.4375000049","NA","57958.1461000198","NA","NA","310213.5470000212","NA","NA","64881.55859999824","NA","67856.92670001299","NA","71992.71170000429","NA","75121.13770001451","NA","NA","NA","80281.21220000321","NA","NA","NA","317561.9386000035","NA","20358.456000016304","311011.4586999989","310202.55620000535","310213.3532000007","315071.09350000974","315028.1275000016","84797.41359999753","311010.82779999706","4965.23130001151","3000","SceneViewing","28","26228.005400043912","28","2560"
"100","100","47_r.wav","1020","1020","#dadada","256","psycho","psycho","psycho","restrictive","1","undefined","undefined","1","NA","undefined","NA","undefined","NA","undefined","NA","undefined","NA","NA","undefined","NA","NA","NA","undefined","0","29","29","0","0","0","0","NA","29","29","29","NA","0","NA","NA","29","0","NA","0","NA","0","NA","0","NA","0","NA","NA","NA","0","NA","NA","NA","29","NA","0","29","29","29","29","29","0","29","0","participant_group2.csv","2","NA","NA","NA","Thu Aug  6 14:03:23 2026","NA","The main experiment item","False","VWP_finalSetup_22_7.osexp","C:\Users\plcm\Desktop\2026-EyeTracking\group-eyeconic\OS2\final_recordings_upl","False","mono","False","20","no","#0c0c0c","no","yes","1440","47","48_pos4_nosub.png","48_pos4_sub.png","psycho","29","29","C:\Users\plcm\Desktop\2026-EyeTracking\group-eyeconic\OS2\final_recordings_upl\subject-9.csv","psycho","Neonatal Nightingale","4.1.14","dustpan","roller","footstool","carpet","0","0","space","space","space","NA","space","NA","NA","space","NA","space","NA","space","NA","space","NA","NA","NA","space","NA","NA","NA","3372.239200019976","2537.3704000085127","4370.431000017561","NA","3372.239200019976","NA","NA","2971.4329999987967","NA","4132.006800005911","NA","3124.2522000102326","NA","5155.86080000503","NA","NA","NA","4515.713500004495","NA","NA","NA","15391.853899986017","space","30","2","psycho","The girl will vacuum the carpet","1024","2","24000","-16","experiment","9","odd","4","57958.07250001235","328272.28940001805","325243.4733000118","84797.38410000573","4951.42530000885","57963.60640000785","60506.55849999748","NA","321219.6297000046","325243.40130001656","320965.4161000217","NA","57958.1461000198","NA","NA","317592.584500002","NA","NA","64881.55859999824","NA","67856.92670001299","NA","71992.71170000429","NA","75121.13770001451","NA","NA","NA","80281.21220000321","NA","NA","NA","328291.43880002084","NA","20358.456000016304","321201.60329999635","317582.70150001044","317592.46810001787","325262.7690000227","325220.1490000007","84797.41359999753","321200.87390000117","4965.23130001151","3000","SceneViewing","29","29600.24460006389","29","2560"
"100","100","36_n.wav","1007","1007","#dadada","256","psycho","psycho","psycho","non-restrictive","1","undefined","undefined","1","NA","undefined","NA","undefined","NA","undefined","NA","undefined","NA","NA","undefined","NA","NA","NA","undefined","0","30","30","0","0","0","0","NA","30","30","30","NA","0","NA","NA","30","0","NA","0","NA","0","NA","0","NA","0","NA","NA","NA","0","NA","NA","NA","30","NA","0","30","30","30","30","30","0","30","0","participant_group2.csv","2","NA","NA","NA","Thu Aug  6 14:03:23 2026","NA","The main experiment item","False","VWP_finalSetup_22_7.osexp","C:\Users\plcm\Desktop\2026-EyeTracking\group-eyeconic\OS2\final_recordings_upl","False","mono","False","20","no","#0c0c0c","no","yes","1440","36","37_pos1_nosub.png","37_pos1_sub.png","psycho","30","30","C:\Users\plcm\Desktop\2026-EyeTracking\group-eyeconic\OS2\final_recordings_upl\subject-9.csv","psycho","Neonatal Nightingale","4.1.14","lego","papers","boxes","clips","0","0","space","space","space","NA","space","NA","NA","space","NA","space","NA","space","NA","space","NA","NA","NA","space","NA","NA","NA","612.5990000145976","2537.3704000085127","4370.431000017561","NA","612.5990000145976","NA","NA","2971.4329999987967","NA","4132.006800005911","NA","3124.2522000102326","NA","5155.86080000503","NA","NA","NA","4515.713500004495","NA","NA","NA","15391.853899986017","space","31","2","psycho","The kid will stack the lego","1024","2","24000","-16","experiment","9","odd","1","57958.07250001235","335952.78490000055","333181.16320000263","84797.38410000573","4951.42530000885","57963.60640000785","60506.55849999748","NA","329156.24370001024","333181.1091999989","328933.4450000024","NA","57958.1461000198","NA","NA","328320.2255000069","NA","NA","64881.55859999824","NA","67856.92670001299","NA","71992.71170000429","NA","75121.13770001451","NA","NA","NA","80281.21220000321","NA","NA","NA","335972.13530002045","NA","20358.456000016304","329139.07070001005","328310.44580001617","328320.105300023","333200.04290001816","333156.8344999978","84797.41359999753","329138.6044000101","4965.23130001151","3000","SceneViewing","30","30212.843600078486","30","2560"
"100","100","23_r.wav","1030","1030","#dadada","256","psycho","psycho","psycho","restrictive","1","undefined","undefined","1","NA","undefined","NA","undefined","NA","undefined","NA","undefined","NA","NA","undefined","NA","NA","NA","undefined","0","31","31","0","0","0","0","NA","31","31","31","NA","0","NA","NA","31","0","NA","0","NA","0","NA","0","NA","0","NA","NA","NA","0","NA","NA","NA","31","NA","0","31","31","31","31","31","0","31","0","participant_group2.csv","2","NA","NA","NA","Thu Aug  6 14:03:23 2026","NA","The main experiment item","False","VWP_finalSetup_22_7.osexp","C:\Users\plcm\Desktop\2026-EyeTracking\group-eyeconic\OS2\final_recordings_upl","False","mono","False","20","no","#0c0c0c","no","yes","1440","23","24_pos4_nosub.png","24_pos4_sub.png","psycho","31","31","C:\Users\plcm\Desktop\2026-EyeTracking\group-eyeconic\OS2\final_recordings_upl\subject-9.csv","psycho","Neonatal Nightingale","4.1.14","pencil","needle","card","scarf","0","0","space","space","space","NA","space","NA","NA","space","NA","space","NA","space","NA","space","NA","NA","NA","space","NA","NA","NA","1742.9662000213284","2537.3704000085127","4370.431000017561","NA","1742.9662000213284","NA","NA","2971.4329999987967","NA","4132.006800005911","NA","3124.2522000102326","NA","5155.86080000503","NA","NA","NA","4515.713500004495","NA","NA","NA","15391.853899986017","space","32","2","psycho","The girl will knit the scarf","1024","2","24000","-16","experiment","9","odd","4","57958.07250001235","344502.3210000072","341973.6727999989","84797.38410000573","4951.42530000885","57963.60640000785","60506.55849999748","NA","337949.82720000553","341973.6278000055","337733.5703000135","NA","57958.1461000198","NA","NA","335989.8366999987","NA","NA","64881.55859999824","NA","67856.92670001299","NA","71992.71170000429","NA","75121.13770001451","NA","NA","NA","80281.21220000321","NA","NA","NA","344521.295500017","NA","20358.456000016304","337931.9625000062","335979.91470000125","335989.6723999991","341993.08640000527","341950.359200011","84797.41359999753","337931.47470001713","4965.23130001151","3000","SceneViewing","31","31955.809800099814","31","2560"
"100","100","29_r.wav","1020","1020","#dadada","256","psycho","psycho","psycho","restrictive","1","undefined","undefined","1","NA","undefined","NA","undefined","NA","undefined","NA","undefined","NA","NA","undefined","NA","NA","NA","undefined","0","32","32","0","0","0","0","NA","32","32","32","NA","0","NA","NA","32","0","NA","0","NA","0","NA","0","NA","0","NA","NA","NA","0","NA","NA","NA","32","NA","0","32","32","32","32","32","0","32","0","participant_group2.csv","2","NA","NA","NA","Thu Aug  6 14:03:23 2026","NA","The main experiment item","False","VWP_finalSetup_22_7.osexp","C:\Users\plcm\Desktop\2026-EyeTracking\group-eyeconic\OS2\final_recordings_upl","False","mono","False","20","no","#0c0c0c","no","yes","1440","29","30_pos2_nosub.png","30_pos2_sub.png","psycho","32","32","C:\Users\plcm\Desktop\2026-EyeTracking\group-eyeconic\OS2\final_recordings_upl\subject-9.csv","psycho","Neonatal Nightingale","4.1.14","tissue","newspaper","comb","eraser","0","0","space","space","space","NA","space","NA","NA","space","NA","space","NA","space","NA","space","NA","NA","NA","space","NA","NA","NA","690.1721000031102","2537.3704000085127","4370.431000017561","NA","690.1721000031102","NA","NA","2971.4329999987967","NA","4132.006800005911","NA","3124.2522000102326","NA","5155.86080000503","NA","NA","NA","4515.713500004495","NA","NA","NA","15391.853899986017","space","33","2","psycho","The grandmother will read the newspaper","1024","2","24000","-16","experiment","9","odd","2","57958.07250001235","352182.389900001","349473.7576000043","84797.38410000573","4951.42530000885","57963.60640000785","60506.55849999748","NA","345450.2141000121","349473.71170000406","345229.58710000967","NA","57958.1461000198","NA","NA","344538.6706000136","NA","NA","64881.55859999824","NA","67856.92670001299","NA","71992.71170000429","NA","75121.13770001451","NA","NA","NA","80281.21220000321","NA","NA","NA","352202.24179999786","NA","20358.456000016304","345433.2502000034","344528.9285000181","344538.5194999981","349493.5822999978","349450.6647000089","84797.41359999753","345432.85080001806","4965.23130001151","3000","SceneViewing","32","32645.981900102925","32","2560"
"100","100","3_r.wav","1007","1007","#dadada","256","psycho","psycho","psycho","restrictive","1","undefined","undefined","1","NA","undefined","NA","undefined","NA","undefined","NA","undefined","NA","NA","undefined","NA","NA","NA","undefined","0","33","33","0","0","0","0","NA","33","33","33","NA","0","NA","NA","33","0","NA","0","NA","0","NA","0","NA","0","NA","NA","NA","0","NA","NA","NA","33","NA","0","33","33","33","33","33","0","33","0","participant_group2.csv","2","NA","NA","NA","Thu Aug  6 14:03:23 2026","NA","The main experiment item","False","VWP_finalSetup_22_7.osexp","C:\Users\plcm\Desktop\2026-EyeTracking\group-eyeconic\OS2\final_recordings_upl","False","mono","False","20","no","#0c0c0c","no","yes","1440","3","4_pos4_nosub.png","4_pos4_sub.png","psycho","33","33","C:\Users\plcm\Desktop\2026-EyeTracking\group-eyeconic\OS2\final_recordings_upl\subject-9.csv","psycho","Neonatal Nightingale","4.1.14","plant","stool","rocking-horse","baby","0","0","space","space","space","NA","space","NA","NA","space","NA","space","NA","space","NA","space","NA","NA","NA","space","NA","NA","NA","612.784199998714","2537.3704000085127","4370.431000017561","NA","612.784199998714","NA","NA","2971.4329999987967","NA","4132.006800005911","NA","3124.2522000102326","NA","5155.86080000503","NA","NA","NA","4515.713500004495","NA","NA","NA","15391.853899986017","space","34","2","psycho","The woman will bathe the baby","1024","2","24000","-16","experiment","9","odd","4","57958.07250001235","359952.44360002107","357089.03510001255","84797.38410000573","4951.42530000885","57963.60640000785","60506.55849999748","NA","353065.17330001225","357088.9693000063","352853.75690000365","NA","57958.1461000198","NA","NA","352240.1373000175","NA","NA","64881.55859999824","NA","67856.92670001299","NA","71992.71170000429","NA","75121.13770001451","NA","NA","NA","80281.21220000321","NA","NA","NA","359971.74920002","NA","20358.456000016304","353047.2681999963","352230.6739000196","352240.0254000095","357108.36460001883","357065.54170002346","84797.41359999753","353046.5754000179","4965.23130001151","3000","SceneViewing","33","33258.76610010164","33","2560"
"100","100","2_n.wav","1003","1003","#dadada","256","psycho","psycho","psycho","non-restrictive","1","undefined","undefined","1","NA","undefined","NA","undefined","NA","undefined","NA","undefined","NA","NA","undefined","NA","NA","NA","undefined","0","34","34","0","0","0","0","NA","34","34","34","NA","0","NA","NA","34","0","NA","0","NA","0","NA","0","NA","0","NA","NA","NA","0","NA","NA","NA","34","NA","0","34","34","34","34","34","0","34","0","participant_group2.csv","2","NA","NA","NA","Thu Aug  6 14:03:23 2026","NA","The main experiment item","False","VWP_finalSetup_22_7.osexp","C:\Users\plcm\Desktop\2026-EyeTracking\group-eyeconic\OS2\final_recordings_upl","False","mono","False","20","no","#0c0c0c","no","yes","1440","2","3_pos3_nosub.png","3_pos3_sub.png","psycho","34","34","C:\Users\plcm\Desktop\2026-EyeTracking\group-eyeconic\OS2\final_recordings_upl\subject-9.csv","psycho","Neonatal Nightingale","4.1.14","houses","dustbin","man","car","0","0","space","space","space","NA","space","NA","NA","space","NA","space","NA","space","NA","space","NA","NA","NA","space","NA","NA","NA","863.6466000170913","2537.3704000085127","4370.431000017561","NA","863.6466000170913","NA","NA","2971.4329999987967","NA","4132.006800005911","NA","3124.2522000102326","NA","5155.86080000503","NA","NA","NA","4515.713500004495","NA","NA","NA","15391.853899986017","space","35","2","psycho","The policeman will search the man","1024","2","24000","-16","experiment","9","odd","3","57958.07250001235","368082.15689999633","365095.40030002245","84797.38410000573","4951.42530000885","57963.60640000785","60506.55849999748","NA","361071.4299000101","365095.34880000865","360853.60190001666","NA","57958.1461000198","NA","NA","359989.20189999626","NA","NA","64881.55859999824","NA","67856.92670001299","NA","71992.71170000429","NA","75121.13770001451","NA","NA","NA","80281.21220000321","NA","NA","NA","368101.5565000125","NA","20358.456000016304","361053.7478000042","359979.2662000109","359988.9990000229","365115.0622999994","365071.8734000111","84797.41359999753","361053.3217000193","4965.23130001151","3000","SceneViewing","34","34122.41270011873","34","2560"
"100","100","27_r.wav","980","980","#dadada","256","psycho","psycho","psycho","restrictive","1","undefined","undefined","1","NA","undefined","NA","undefined","NA","undefined","NA","undefined","NA","NA","undefined","NA","NA","NA","undefined","0","35","35","0","0","0","0","NA","35","35","35","NA","0","NA","NA","35","0","NA","0","NA","0","NA","0","NA","0","NA","NA","NA","0","NA","NA","NA","35","NA","0","35","35","35","35","35","0","35","0","participant_group2.csv","2","NA","NA","NA","Thu Aug  6 14:03:23 2026","NA","The main experiment item","False","VWP_finalSetup_22_7.osexp","C:\Users\plcm\Desktop\2026-EyeTracking\group-eyeconic\OS2\final_recordings_upl","False","mono","False","20","no","#0c0c0c","no","yes","1440","27","28_pos4_nosub.png","28_pos4_sub.png","psycho","35","35","C:\Users\plcm\Desktop\2026-EyeTracking\group-eyeconic\OS2\final_recordings_upl\subject-9.csv","psycho","Neonatal Nightingale","4.1.14","switch","frame","picture","lamp","0","0","space","space","space","NA","space","NA","NA","space","NA","space","NA","space","NA","space","NA","NA","NA","space","NA","NA","NA","190.61530000180937","2537.3704000085127","4370.431000017561","NA","190.61530000180937","NA","NA","2971.4329999987967","NA","4132.006800005911","NA","3124.2522000102326","NA","5155.86080000503","NA","NA","NA","4515.713500004495","NA","NA","NA","15391.853899986017","space","36","2","psycho","The boy will dim the lamp","1024","2","24000","-16","experiment","9","odd","4","57958.07250001235","374952.24130002316","372601.70080000535","84797.38410000573","4951.42530000885","57963.60640000785","60506.55849999748","NA","368578.1481000013","372601.64470001473","368309.633900004","NA","57958.1461000198","NA","NA","368118.23320001713","NA","NA","64881.55859999824","NA","67856.92670001299","NA","71992.71170000429","NA","75121.13770001451","NA","NA","NA","80281.21220000321","NA","NA","NA","374972.50090001035","NA","20358.456000016304","368560.58869999833","368108.8129999989","368118.0719000113","372620.66830002004","372578.79780000076","84797.41359999753","368560.0198000029","4965.23130001151","3000","SceneViewing","35","34313.02800012054","35","2560"
"100","100","9_r.wav","957","957","#dadada","256","psycho","psycho","psycho","restrictive","1","undefined","undefined","1","NA","undefined","NA","undefined","NA","undefined","NA","undefined","NA","NA","undefined","NA","NA","NA","undefined","0","36","36","0","0","0","0","NA","36","36","36","NA","0","NA","NA","36","0","NA","0","NA","0","NA","0","NA","0","NA","NA","NA","0","NA","NA","NA","36","NA","0","36","36","36","36","36","0","36","0","participant_group2.csv","2","NA","NA","NA","Thu Aug  6 14:03:23 2026","NA","The main experiment item","False","VWP_finalSetup_22_7.osexp","C:\Users\plcm\Desktop\2026-EyeTracking\group-eyeconic\OS2\final_recordings_upl","False","mono","False","20","no","#0c0c0c","no","yes","1440","9","10_pos2_nosub.png","10_pos2_sub.png","psycho","36","36","C:\Users\plcm\Desktop\2026-EyeTracking\group-eyeconic\OS2\final_recordings_upl\subject-9.csv","psycho","Neonatal Nightingale","4.1.14","bag","book","door","cup","0","0","space","space","space","NA","space","NA","NA","space","NA","space","NA","space","NA","space","NA","NA","NA","space","NA","NA","NA","139.66639997670427","2537.3704000085127","4370.431000017561","NA","139.66639997670427","NA","NA","2971.4329999987967","NA","4132.006800005911","NA","3124.2522000102326","NA","5155.86080000503","NA","NA","NA","4515.713500004495","NA","NA","NA","15391.853899986017","space","37","2","psycho","The woman will read the book","1024","2","24000","-16","experiment","9","odd","2","57958.07250001235","381772.2446999978","379387.7767000231","84797.38410000573","4951.42530000885","57963.60640000785","60506.55849999748","NA","375361.5797999955","379387.72590001463","375149.70490001724","NA","57958.1461000198","NA","NA","375009.19140002225","NA","NA","64881.55859999824","NA","67856.92670001299","NA","71992.71170000429","NA","75121.13770001451","NA","NA","NA","80281.21220000321","NA","NA","NA","381791.9884000148","NA","20358.456000016304","375345.70770000573","374999.1812000226","375009.082900011","379407.37150001223","379362.1325000131","84797.41359999753","375345.209799998","4965.23130001151","3000","SceneViewing","36","34452.69440009724","36","2560"
"100","100","6_n.wav","949","949","#dadada","256","psycho","psycho","psycho","non-restrictive","1","undefined","undefined","1","NA","undefined","NA","undefined","NA","undefined","NA","undefined","NA","NA","undefined","NA","NA","NA","undefined","0","37","37","0","0","0","0","NA","37","37","37","NA","0","NA","NA","37","0","NA","0","NA","0","NA","0","NA","0","NA","NA","NA","0","NA","NA","NA","37","NA","0","37","37","37","37","37","0","37","0","participant_group2.csv","2","NA","NA","NA","Thu Aug  6 14:03:23 2026","NA","The main experiment item","False","VWP_finalSetup_22_7.osexp","C:\Users\plcm\Desktop\2026-EyeTracking\group-eyeconic\OS2\final_recordings_upl","False","mono","False","20","no","#0c0c0c","no","yes","1440","6","7_pos3_nosub.png","7_pos3_sub.png","psycho","37","37","C:\Users\plcm\Desktop\2026-EyeTracking\group-eyeconic\OS2\final_recordings_upl\subject-9.csv","psycho","Neonatal Nightingale","4.1.14","weighing-scales","jug","mushrooms","knife","0","0","space","space","space","NA","space","NA","NA","space","NA","space","NA","space","NA","space","NA","NA","NA","space","NA","NA","NA","678.4689000051003","2537.3704000085127","4370.431000017561","NA","678.4689000051003","NA","NA","2971.4329999987967","NA","4132.006800005911","NA","3124.2522000102326","NA","5155.86080000503","NA","NA","NA","4515.713500004495","NA","NA","NA","15391.853899986017","space","38","2","psycho","The housewife will  wash the mushrooms","1024","2","24000","-16","experiment","9","odd","3","57958.07250001235","390052.2849000117","386738.67000002065","84797.38410000573","4951.42530000885","57963.60640000785","60506.55849999748","NA","382715.1384000026","386738.60790001345","382493.54160000803","NA","57958.1461000198","NA","NA","381814.3853000074","NA","NA","64881.55859999824","NA","67856.92670001299","NA","71992.71170000429","NA","75121.13770001451","NA","NA","NA","80281.21220000321","NA","NA","NA","390071.1044000054","NA","20358.456000016304","382698.7973000214","381804.5304999978","381814.2674000119","386757.5967000157","386715.70000000065","84797.41359999753","382698.1887000147","4965.23130001151","3000","SceneViewing","37","35131.163300102344","37","2560"
"100","100","20_n.wav","927","927","#dadada","256","psycho","psycho","psycho","non-restrictive","1","undefined","undefined","1","NA","undefined","NA","undefined","NA","undefined","NA","undefined","NA","NA","undefined","NA","NA","NA","undefined","0","38","38","0","0","0","0","NA","38","38","38","NA","0","NA","NA","38","0","NA","0","NA","0","NA","0","NA","0","NA","NA","NA","0","NA","NA","NA","38","NA","0","38","38","38","38","38","0","38","0","participant_group2.csv","2","NA","NA","NA","Thu Aug  6 14:03:23 2026","NA","The main experiment item","False","VWP_finalSetup_22_7.osexp","C:\Users\plcm\Desktop\2026-EyeTracking\group-eyeconic\OS2\final_recordings_upl","False","mono","False","20","no","#0c0c0c","no","yes","1440","20","21_pos1_nosub.png","21_pos1_sub.png","psycho","38","38","C:\Users\plcm\Desktop\2026-EyeTracking\group-eyeconic\OS2\final_recordings_upl\subject-9.csv","psycho","Neonatal Nightingale","4.1.14","kitten","block","crayon","cup","0","0","space","space","space","NA","space","NA","NA","space","NA","space","NA","space","NA","space","NA","NA","NA","space","NA","NA","NA","129.2362999811303","2537.3704000085127","4370.431000017561","NA","129.2362999811303","NA","NA","2971.4329999987967","NA","4132.006800005911","NA","3124.2522000102326","NA","5155.86080000503","NA","NA","NA","4515.713500004495","NA","NA","NA","15391.853899986017","space","39","2","psycho","The baby will grab the kitten","1024","2","24000","-16","experiment","9","odd","1","57958.07250001235","397352.1933000011","394465.4675000056","84797.38410000573","4951.42530000885","57963.60640000785","60506.55849999748","NA","390441.9753999973","394465.3927000181","390221.8855000101","NA","57958.1461000198","NA","NA","390091.64250001777","NA","NA","64881.55859999824","NA","67856.92670001299","NA","71992.71170000429","NA","75121.13770001451","NA","NA","NA","80281.21220000321","NA","NA","NA","397371.4880000043","NA","20358.456000016304","390425.0304000161","390080.78899999964","390091.3130000117","394484.91150001064","394442.1237000206","84797.41359999753","390424.4788000069","4965.23130001151","3000","SceneViewing","38","35260.399600083474","38","2560"
"100","100","12_n.wav","918","918","#dadada","256","psycho","psycho","psycho","non-restrictive","1","undefined","undefined","1","NA","undefined","NA","undefined","NA","undefined","NA","undefined","NA","NA","undefined","NA","NA","NA","undefined","0","39","39","0","0","0","0","NA","39","39","39","NA","0","NA","NA","39","0","NA","0","NA","0","NA","0","NA","0","NA","NA","NA","0","NA","NA","NA","39","NA","0","39","39","39","39","39","0","39","0","participant_group2.csv","2","NA","NA","NA","Thu Aug  6 14:03:23 2026","NA","The main experiment item","False","VWP_finalSetup_22_7.osexp","C:\Users\plcm\Desktop\2026-EyeTracking\group-eyeconic\OS2\final_recordings_upl","False","mono","False","20","no","#0c0c0c","no","yes","1440","12","13_pos1_nosub.png","13_pos1_sub.png","psycho","39","39","C:\Users\plcm\Desktop\2026-EyeTracking\group-eyeconic\OS2\final_recordings_upl\subject-9.csv","psycho","Neonatal Nightingale","4.1.14","boat","birds","sun","car","0","0","space","space","space","NA","space","NA","NA","space","NA","space","NA","space","NA","space","NA","NA","NA","space","NA","NA","NA","553.4165000135545","2537.3704000085127","4370.431000017561","NA","553.4165000135545","NA","NA","2971.4329999987967","NA","4132.006800005911","NA","3124.2522000102326","NA","5155.86080000503","NA","NA","NA","4515.713500004495","NA","NA","NA","15391.853899986017","space","40","2","psycho","The man will watch the boat","1024","2","24000","-16","experiment","9","odd","1","57958.07250001235","404692.4404000165","402194.10620001145","84797.38410000573","4951.42530000885","57963.60640000785","60506.55849999748","NA","398169.9793000007","402194.04560001567","397957.56589999655","NA","57958.1461000198","NA","NA","397403.501599998","NA","NA","64881.55859999824","NA","67856.92670001299","NA","71992.71170000429","NA","75121.13770001451","NA","NA","NA","80281.21220000321","NA","NA","NA","404711.90940000815","NA","20358.456000016304","398153.39120000135","397391.5815000073","397403.317600023","402213.0316999974","402170.5456000054","84797.41359999753","398152.71650001523","4965.23130001151","3000","SceneViewing","39","35813.81610009703","39","2560"
"100","100","4_n.wav","945","945","#dadada","256","psycho","psycho","psycho","non-restrictive","1","undefined","undefined","1","NA","undefined","NA","undefined","NA","undefined","NA","undefined","NA","NA","undefined","NA","NA","NA","undefined","0","40","40","0","0","0","0","NA","40","40","40","NA","0","NA","NA","40","0","NA","0","NA","0","NA","0","NA","0","NA","NA","NA","0","NA","NA","NA","40","NA","0","40","40","40","40","40","0","40","0","participant_group2.csv","2","NA","NA","NA","Thu Aug  6 14:03:23 2026","NA","The main experiment item","False","VWP_finalSetup_22_7.osexp","C:\Users\plcm\Desktop\2026-EyeTracking\group-eyeconic\OS2\final_recordings_upl","False","mono","False","20","no","#0c0c0c","no","yes","1440","4","5_pos1_nosub.png","5_pos1_sub.png","psycho","40","40","C:\Users\plcm\Desktop\2026-EyeTracking\group-eyeconic\OS2\final_recordings_upl\subject-9.csv","psycho","Neonatal Nightingale","4.1.14","ball","paper-plane","acorns","shuttle-cock","0","0","space","space","space","NA","space","NA","NA","space","NA","space","NA","space","NA","space","NA","NA","NA","space","NA","NA","NA","1987.1650999994017","2537.3704000085127","4370.431000017561","NA","1987.1650999994017","NA","NA","2971.4329999987967","NA","4132.006800005911","NA","3124.2522000102326","NA","5155.86080000503","NA","NA","NA","4515.713500004495","NA","NA","NA","15391.853899986017","space","41","2","psycho","The boy will throw the ball","1024","2","24000","-16","experiment","9","odd","1","57958.07250001235","413502.18609999865","410979.4895000232","84797.38410000573","4951.42530000885","57963.60640000785","60506.55849999748","NA","406955.55300000706","410979.4385000132","406717.63550001197","NA","57958.1461000198","NA","NA","404729.67850000714","NA","NA","64881.55859999824","NA","67856.92670001299","NA","71992.71170000429","NA","75121.13770001451","NA","NA","NA","80281.21220000321","NA","NA","NA","413521.28549999907","NA","20358.456000016304","406939.26929999725","404719.7450000094","404729.53690000577","410998.6262000166","410956.26560001983","84797.41359999753","406938.853700005","4965.23130001151","3000","SceneViewing","40","37800.98120009643","40","2560"
"100","100","39_r.wav","941","941","#dadada","256","psycho","psycho","psycho","restrictive","1","undefined","undefined","1","NA","undefined","NA","undefined","NA","undefined","NA","undefined","NA","NA","undefined","NA","NA","NA","undefined","0","41","41","0","0","0","0","NA","41","41","41","NA","0","NA","NA","41","0","NA","0","NA","0","NA","0","NA","0","NA","NA","NA","0","NA","NA","NA","41","NA","0","41","41","41","41","41","0","41","0","participant_group2.csv","2","NA","NA","NA","Thu Aug  6 14:03:23 2026","NA","The main experiment item","False","VWP_finalSetup_22_7.osexp","C:\Users\plcm\Desktop\2026-EyeTracking\group-eyeconic\OS2\final_recordings_upl","False","mono","False","20","no","#0c0c0c","no","yes","1440","39","40_pos4_nosub.png","40_pos4_sub.png","psycho","41","41","C:\Users\plcm\Desktop\2026-EyeTracking\group-eyeconic\OS2\final_recordings_upl\subject-9.csv","psycho","Neonatal Nightingale","4.1.14","shampoo","mat","buckle","shoelace","0","0","space","space","space","NA","space","NA","NA","space","NA","space","NA","space","NA","space","NA","NA","NA","space","NA","NA","NA","797.2641999949701","2537.3704000085127","4370.431000017561","NA","797.2641999949701","NA","NA","2971.4329999987967","NA","4132.006800005911","NA","3124.2522000102326","NA","5155.86080000503","NA","NA","NA","4515.713500004495","NA","NA","NA","15391.853899986017","space","42","2","psycho","The boy will tie the shoelace","1024","2","24000","-16","experiment","9","odd","4","57958.07250001235","421242.33229999663","418635.6735000154","84797.38410000573","4951.42530000885","57963.60640000785","60506.55849999748","NA","414611.9123999961","418635.6184000033","414349.51610001735","NA","57958.1461000198","NA","NA","413551.5556000173","NA","NA","64881.55859999824","NA","67856.92670001299","NA","71992.71170000429","NA","75121.13770001451","NA","NA","NA","80281.21220000321","NA","NA","NA","421262.0897000015","NA","20358.456000016304","414594.7805000178","413541.8171000201","413551.4454000222","418655.1546000119","418612.30490001617","84797.41359999753","414594.1837000137","4965.23130001151","3000","SceneViewing","41","38598.2454000914","41","2560"
"100","100","38_n.wav","935","935","#dadada","256","psycho","psycho","psycho","non-restrictive","1","undefined","undefined","1","NA","undefined","NA","undefined","NA","undefined","NA","undefined","NA","NA","undefined","NA","NA","NA","undefined","0","42","42","0","0","0","0","NA","42","42","42","NA","0","NA","NA","42","0","NA","0","NA","0","NA","0","NA","0","NA","NA","NA","0","NA","NA","NA","42","NA","0","42","42","42","42","42","0","42","0","participant_group2.csv","2","NA","NA","NA","Thu Aug  6 14:03:23 2026","NA","The main experiment item","False","VWP_finalSetup_22_7.osexp","C:\Users\plcm\Desktop\2026-EyeTracking\group-eyeconic\OS2\final_recordings_upl","False","mono","False","20","no","#0c0c0c","no","yes","1440","38","39_pos3_nosub.png","39_pos3_sub.png","psycho","42","42","C:\Users\plcm\Desktop\2026-EyeTracking\group-eyeconic\OS2\final_recordings_upl\subject-9.csv","psycho","Neonatal Nightingale","4.1.14","broom","cloth","apron","mop","0","0","space","space","space","NA","space","NA","NA","space","NA","space","NA","space","NA","space","NA","NA","NA","space","NA","NA","NA","697.2491000196896","2537.3704000085127","4370.431000017561","NA","697.2491000196896","NA","NA","2971.4329999987967","NA","4132.006800005911","NA","3124.2522000102326","NA","5155.86080000503","NA","NA","NA","4515.713500004495","NA","NA","NA","15391.853899986017","space","43","2","psycho","The woman will carry the apron","1024","2","24000","-16","experiment","9","odd","3","57958.07250001235","429092.19440000015","426234.45610000635","84797.38410000573","4951.42530000885","57963.60640000785","60506.55849999748","NA","422208.68280000286","426234.38760000863","421981.8860999949","NA","57958.1461000198","NA","NA","421283.6848000006","NA","NA","64881.55859999824","NA","67856.92670001299","NA","71992.71170000429","NA","75121.13770001451","NA","NA","NA","80281.21220000321","NA","NA","NA","429111.4595000108","NA","20358.456000016304","422190.27570000617","421272.62030000566","421283.5089","426253.664799995","426209.2147000076","84797.41359999753","422189.6298000065","4965.23130001151","3000","SceneViewing","42","39295.49450011109","42","2560"
"100","100","21_r.wav","934","934","#dadada","256","psycho","psycho","psycho","restrictive","1","undefined","undefined","1","NA","undefined","NA","undefined","NA","undefined","NA","undefined","NA","NA","undefined","NA","NA","NA","undefined","0","43","43","0","0","0","0","NA","43","43","43","NA","0","NA","NA","43","0","NA","0","NA","0","NA","0","NA","0","NA","NA","NA","0","NA","NA","NA","43","NA","0","43","43","43","43","43","0","43","0","participant_group2.csv","2","NA","NA","NA","Thu Aug  6 14:03:23 2026","NA","The main experiment item","False","VWP_finalSetup_22_7.osexp","C:\Users\plcm\Desktop\2026-EyeTracking\group-eyeconic\OS2\final_recordings_upl","False","mono","False","20","no","#0c0c0c","no","yes","1440","21","22_pos2_nosub.png","22_pos2_sub.png","psycho","43","43","C:\Users\plcm\Desktop\2026-EyeTracking\group-eyeconic\OS2\final_recordings_upl\subject-9.csv","psycho","Neonatal Nightingale","4.1.14","cushion","flower","magazine","vase","0","0","space","space","space","NA","space","NA","NA","space","NA","space","NA","space","NA","space","NA","NA","NA","space","NA","NA","NA","908.2691000076011","2537.3704000085127","4370.431000017561","NA","908.2691000076011","NA","NA","2971.4329999987967","NA","4132.006800005911","NA","3124.2522000102326","NA","5155.86080000503","NA","NA","NA","4515.713500004495","NA","NA","NA","15391.853899986017","space","44","2","psycho","The woman will water the flower","1024","2","24000","-16","experiment","9","odd","2","57958.07250001235","437182.3645000113","434278.879999998","84797.38410000573","4951.42530000885","57963.60640000785","60506.55849999748","NA","430255.1487000019","434278.8303999987","430037.66450000694","NA","57958.1461000198","NA","NA","429128.5795000149","NA","NA","64881.55859999824","NA","67856.92670001299","NA","71992.71170000429","NA","75121.13770001451","NA","NA","NA","80281.21220000321","NA","NA","NA","437202.15260001714","NA","20358.456000016304","430238.9972000092","429118.63260000246","429128.45310001285","434297.6064000104","434255.33250000444","84797.41359999753","430238.58880001353","4965.23130001151","3000","SceneViewing","43","40203.76360011869","43","2560"
"100","100","11_r.wav","924","924","#dadada","256","psycho","psycho","psycho","restrictive","1","undefined","undefined","1","NA","undefined","NA","undefined","NA","undefined","NA","undefined","NA","NA","undefined","NA","NA","NA","undefined","0","44","44","0","0","0","0","NA","44","44","44","NA","0","NA","NA","44","0","NA","0","NA","0","NA","0","NA","0","NA","NA","NA","0","NA","NA","NA","44","NA","0","44","44","44","44","44","0","44","0","participant_group2.csv","2","NA","NA","NA","Thu Aug  6 14:03:23 2026","NA","The main experiment item","False","VWP_finalSetup_22_7.osexp","C:\Users\plcm\Desktop\2026-EyeTracking\group-eyeconic\OS2\final_recordings_upl","False","mono","False","20","no","#0c0c0c","no","yes","1440","11","12_pos4_nosub.png","12_pos4_sub.png","psycho","44","44","C:\Users\plcm\Desktop\2026-EyeTracking\group-eyeconic\OS2\final_recordings_upl\subject-9.csv","psycho","Neonatal Nightingale","4.1.14","drum","duck","bricks","bell","0","0","space","space","space","NA","space","NA","NA","space","NA","space","NA","space","NA","space","NA","NA","NA","space","NA","NA","NA","456.6493000020273","2537.3704000085127","4370.431000017561","NA","456.6493000020273","NA","NA","2971.4329999987967","NA","4132.006800005911","NA","3124.2522000102326","NA","5155.86080000503","NA","NA","NA","4515.713500004495","NA","NA","NA","15391.853899986017","space","45","2","psycho","The baby will ring the bell","1024","2","24000","-16","experiment","9","odd","4","57958.07250001235","443942.55120001617","441920.47880002065","84797.38410000573","4951.42530000885","57963.60640000785","60506.55849999748","NA","437896.2468999962","441920.41570000583","437677.40460002096","NA","57958.1461000198","NA","NA","437220.1139999961","NA","NA","64881.55859999824","NA","67856.92670001299","NA","71992.71170000429","NA","75121.13770001451","NA","NA","NA","80281.21220000321","NA","NA","NA","443961.8762000173","NA","20358.456000016304","437881.2580000085","437209.4807999965","437219.9890000047","441939.6547000215","441896.44000001135","84797.41359999753","437880.62330000685","4965.23130001151","3000","SceneViewing","44","40660.41290012072","44","2560"
"100","100","13_r.wav","934","934","#dadada","256","psycho","psycho","psycho","restrictive","1","undefined","undefined","1","NA","undefined","NA","undefined","NA","undefined","NA","undefined","NA","NA","undefined","NA","NA","NA","undefined","0","45","45","0","0","0","0","NA","45","45","45","NA","0","NA","NA","45","0","NA","0","NA","0","NA","0","NA","0","NA","NA","NA","0","NA","NA","NA","45","NA","0","45","45","45","45","45","0","45","0","participant_group2.csv","2","NA","NA","NA","Thu Aug  6 14:03:23 2026","NA","The main experiment item","False","VWP_finalSetup_22_7.osexp","C:\Users\plcm\Desktop\2026-EyeTracking\group-eyeconic\OS2\final_recordings_upl","False","mono","False","20","no","#0c0c0c","no","yes","1440","13","14_pos2_nosub.png","14_pos2_sub.png","psycho","45","45","C:\Users\plcm\Desktop\2026-EyeTracking\group-eyeconic\OS2\final_recordings_upl\subject-9.csv","psycho","Neonatal Nightingale","4.1.14","glasses","cigarettes","filofax","briefcase","0","0","space","space","space","NA","space","NA","NA","space","NA","space","NA","space","NA","space","NA","NA","NA","space","NA","NA","NA","1384.6388999954797","2537.3704000085127","4370.431000017561","NA","1384.6388999954797","NA","NA","2971.4329999987967","NA","4132.006800005911","NA","3124.2522000102326","NA","5155.86080000503","NA","NA","NA","4515.713500004495","NA","NA","NA","15391.853899986017","space","46","2","psycho","The man will smoke the cigarettes","1024","2","24000","-16","experiment","9","odd","2","57958.07250001235","452472.5755999971","449618.31960000563","84797.38410000573","4951.42530000885","57963.60640000785","60506.55849999748","NA","445594.6901999996","449618.2672000141","445381.6972000059","NA","57958.1461000198","NA","NA","443996.1866000085","NA","NA","64881.55859999824","NA","67856.92670001299","NA","71992.71170000429","NA","75121.13770001451","NA","NA","NA","80281.21220000321","NA","NA","NA","452491.62590000196","NA","20358.456000016304","445578.5455000005","443986.7892000184","443995.9845000121","449637.73129999754","449594.87280002213","84797.41359999753","445577.8872000228","4965.23130001151","3000","SceneViewing","45","42045.0518001162","45","2560"
"100","100","32_n.wav","931","931","#dadada","256","psycho","psycho","psycho","non-restrictive","1","undefined","undefined","1","NA","undefined","NA","undefined","NA","undefined","NA","undefined","NA","NA","undefined","NA","NA","NA","undefined","0","46","46","0","0","0","0","NA","46","46","46","NA","0","NA","NA","46","0","NA","0","NA","0","NA","0","NA","0","NA","NA","NA","0","NA","NA","NA","46","NA","0","46","46","46","46","46","0","46","0","participant_group2.csv","2","NA","NA","NA","Thu Aug  6 14:03:23 2026","NA","The main experiment item","False","VWP_finalSetup_22_7.osexp","C:\Users\plcm\Desktop\2026-EyeTracking\group-eyeconic\OS2\final_recordings_upl","False","mono","False","20","no","#0c0c0c","no","yes","1440","32","33_pos1_nosub.png","33_pos1_sub.png","psycho","46","46","C:\Users\plcm\Desktop\2026-EyeTracking\group-eyeconic\OS2\final_recordings_upl\subject-9.csv","psycho","Neonatal Nightingale","4.1.14","beer","mug","biscuit","kettle","0","0","space","space","space","NA","space","NA","NA","space","NA","space","NA","space","NA","space","NA","NA","NA","space","NA","NA","NA","803.4620999824256","2537.3704000085127","4370.431000017561","NA","803.4620999824256","NA","NA","2971.4329999987967","NA","4132.006800005911","NA","3124.2522000102326","NA","5155.86080000503","NA","NA","NA","4515.713500004495","NA","NA","NA","15391.853899986017","space","47","2","psycho","The woman will carry the beer","1024","2","24000","-16","experiment","9","odd","1","57958.07250001235","460282.2321999993","457573.1226000062","84797.38410000573","4951.42530000885","57963.60640000785","60506.55849999748","NA","453548.6977999972","457573.06160000735","453325.53890001145","NA","57958.1461000198","NA","NA","452521.3372000144","NA","NA","64881.55859999824","NA","67856.92670001299","NA","71992.71170000429","NA","75121.13770001451","NA","NA","NA","80281.21220000321","NA","NA","NA","460301.1848000169","NA","20358.456000016304","453531.921900023","452511.61620000494","452521.12560000387","457592.6196000073","457549.0858000121","84797.41359999753","453531.4114000066","4965.23130001151","3000","SceneViewing","46","42848.513900098624","46","2560"
"100","100","43_r.wav","916","916","#dadada","256","psycho","psycho","psycho","restrictive","1","undefined","undefined","1","NA","undefined","NA","undefined","NA","undefined","NA","undefined","NA","NA","undefined","NA","NA","NA","undefined","0","47","47","0","0","0","0","NA","47","47","47","NA","0","NA","NA","47","0","NA","0","NA","0","NA","0","NA","0","NA","NA","NA","0","NA","NA","NA","47","NA","0","47","47","47","47","47","0","47","0","participant_group2.csv","2","NA","NA","NA","Thu Aug  6 14:03:23 2026","NA","The main experiment item","False","VWP_finalSetup_22_7.osexp","C:\Users\plcm\Desktop\2026-EyeTracking\group-eyeconic\OS2\final_recordings_upl","False","mono","False","20","no","#0c0c0c","no","yes","1440","43","44_pos4_nosub.png","44_pos4_sub.png","psycho","47","47","C:\Users\plcm\Desktop\2026-EyeTracking\group-eyeconic\OS2\final_recordings_upl\subject-9.csv","psycho","Neonatal Nightingale","4.1.14","pan","bolt","handle","safe","0","0","space","space","space","NA","space","NA","NA","space","NA","space","NA","space","NA","space","NA","NA","NA","space","NA","NA","NA","205.84010001039132","2537.3704000085127","4370.431000017561","NA","205.84010001039132","NA","NA","2971.4329999987967","NA","4132.006800005911","NA","3124.2522000102326","NA","5155.86080000503","NA","NA","NA","4515.713500004495","NA","NA","NA","15391.853899986017","space","48","2","psycho","The man will lock the safe","1024","2","24000","-16","experiment","9","odd","4","57958.07250001235","467342.2481000016","464809.7478999989","84797.38410000573","4951.42530000885","57963.60640000785","60506.55849999748","NA","460784.7770000226","464809.6790999989","460525.80990002025","NA","57958.1461000198","NA","NA","460318.99729999714","NA","NA","64881.55859999824","NA","67856.92670001299","NA","71992.71170000429","NA","75121.13770001451","NA","NA","NA","80281.21220000321","NA","NA","NA","467361.86299999827","NA","20358.456000016304","460766.6806000052","460308.66840001545","460318.8596999971","464829.35430001817","464785.3857000009","84797.41359999753","460766.18400000734","4965.23130001151","3000","SceneViewing","47","43054.354000109015","47","2560"
"100","100","40_n.wav","907","907","#dadada","256","psycho","psycho","psycho","non-restrictive","1","undefined","undefined","1","NA","undefined","NA","undefined","NA","undefined","NA","undefined","NA","NA","undefined","NA","NA","NA","undefined","0","48","48","0","0","0","0","NA","48","48","48","NA","0","NA","NA","48","0","NA","0","NA","0","NA","0","NA","0","NA","NA","NA","0","NA","NA","NA","48","NA","0","48","48","48","48","48","0","48","0","participant_group2.csv","2","NA","NA","NA","Thu Aug  6 14:03:23 2026","NA","The main experiment item","False","VWP_finalSetup_22_7.osexp","C:\Users\plcm\Desktop\2026-EyeTracking\group-eyeconic\OS2\final_recordings_upl","False","mono","False","20","no","#0c0c0c","no","yes","1440","40","41_pos1_nosub.png","41_pos1_sub.png","psycho","48","48","C:\Users\plcm\Desktop\2026-EyeTracking\group-eyeconic\OS2\final_recordings_upl\subject-9.csv","psycho","Neonatal Nightingale","4.1.14","blouse","pin","toothbrish","iron","0","0","space","space","space","NA","space","NA","NA","space","NA","space","NA","space","NA","space","NA","NA","NA","space","NA","NA","NA","518.1671000027563","2537.3704000085127","4370.431000017561","NA","518.1671000027563","NA","NA","2971.4329999987967","NA","4132.006800005911","NA","3124.2522000102326","NA","5155.86080000503","NA","NA","NA","4515.713500004495","NA","NA","NA","15391.853899986017","space","49","2","psycho","The girl will hold the blouse","1024","2","24000","-16","experiment","9","odd","1","57958.07250001235","474832.09550002357","472187.27320001926","84797.38410000573","4951.42530000885","57963.60640000785","60506.55849999748","NA","468161.55770001933","472187.2156000172","467917.79940002016","NA","57958.1461000198","NA","NA","467398.64150001085","NA","NA","64881.55859999824","NA","67856.92670001299","NA","71992.71170000429","NA","75121.13770001451","NA","NA","NA","80281.21220000321","NA","NA","NA","474851.25289999996","NA","20358.456000016304","468142.8109999979","467388.1132999959","467398.3988999971","472206.6104999976","472161.94190000533","84797.41359999753","468141.87300001504","4965.23130001151","3000","SceneViewing","48","43572.52110011177","48","2560"
"100","100","18_n.wav","909","909","#dadada","256","psycho","psycho","psycho","non-restrictive","1","undefined","undefined","1","NA","undefined","NA","undefined","NA","undefined","NA","undefined","NA","NA","undefined","NA","NA","NA","undefined","0","49","49","0","0","0","0","NA","49","49","49","NA","0","NA","NA","49","0","NA","0","NA","0","NA","0","NA","0","NA","NA","NA","0","NA","NA","NA","49","NA","0","49","49","49","49","49","0","49","0","participant_group2.csv","2","NA","NA","NA","Thu Aug  6 14:03:23 2026","NA","The main experiment item","False","VWP_finalSetup_22_7.osexp","C:\Users\plcm\Desktop\2026-EyeTracking\group-eyeconic\OS2\final_recordings_upl","False","mono","False","20","no","#0c0c0c","no","yes","1440","18","19_pos3_nosub.png","19_pos3_sub.png","psycho","49","49","C:\Users\plcm\Desktop\2026-EyeTracking\group-eyeconic\OS2\final_recordings_upl\subject-9.csv","psycho","Neonatal Nightingale","4.1.14","feather","leaf","football","stick","0","0","space","space","space","NA","space","NA","NA","space","NA","space","NA","space","NA","space","NA","NA","NA","space","NA","NA","NA","973.5610999923665","2537.3704000085127","4370.431000017561","NA","973.5610999923665","NA","NA","2971.4329999987967","NA","4132.006800005911","NA","3124.2522000102326","NA","5155.86080000503","NA","NA","NA","4515.713500004495","NA","NA","NA","15391.853899986017","space","50","2","psycho","The boy will touch the football","1024","2","24000","-16","experiment","9","odd","3","57958.07250001235","482702.1778000053","480093.0662000028","84797.38410000573","4951.42530000885","57963.60640000785","60506.55849999748","NA","476067.64230001136","480093.01120002056","475845.5840999959","NA","57958.1461000198","NA","NA","474871.24030000996","NA","NA","64881.55859999824","NA","67856.92670001299","NA","71992.71170000429","NA","75121.13770001451","NA","NA","NA","80281.21220000321","NA","NA","NA","482721.9121000089","NA","20358.456000016304","476050.8568000223","474859.8151000042","474871.0790000041","480111.9693000219","480068.0730000022","84797.41359999753","476050.3757999977","4965.23130001151","3000","SceneViewing","49","44546.08220010414","49","2560"
