"acc","accuracy","audio_file","average_response_time","avg_rt","background","block_size","canvas_backend","clock_backend","color_backend","condition","correct","correct_experiment_intro","correct_experiment_intro2","correct_new_1_keyboard_response","correct_new_2_keyboard_response","correct_new_2_sketchpad","correct_new_3_keyboard_response","correct_new_3_sketchpad","correct_new_4_keyboard_response","correct_new_4_sketchpad","correct_new_5_keyboard_response","correct_new_5_sketchpad","correct_new_6_keyboard_response","correct_new_7_keyboard_response","correct_new_7_sketchpad","correct_new_8_keyboard_response","correct_new_keyboard_response","correct_new_mouse_response","correct_welcome","count_accuracy_output","count_audio_file_offset","count_audio_file_onset_log","count_definitions","count_experiment","count_experiment_intro","count_experiment_intro2","count_image_delay","count_image_nosub","count_image_sub","count_increment_roundCounter","count_instruction","count_instructions","count_log_instruction","count_new_1_inline_script","count_new_1_keyboard_response","count_new_1_sketchpad","count_new_2_keyboard_response","count_new_2_sketchpad","count_new_3_keyboard_response","count_new_3_sketchpad","count_new_4_keyboard_response","count_new_4_sketchpad","count_new_5_keyboard_response","count_new_5_sketchpad","count_new_6_keyboard_response","count_new_6_sketchpad","count_new_7_keyboard_response","count_new_7_sketchpad","count_new_8_keyboard_response","count_new_inline_script","count_new_keyboard_response","count_new_logger","count_new_mouse_response","count_new_pygaze_init","count_new_pygaze_start_recording","count_new_pygaze_stop_recording","count_new_sketchpad","count_sentence_audio","count_subject_onset_log","count_trial_loop","count_trial_sequence","count_welcome","csv_filepath","csv_id","cursor_roi","cursor_x","cursor_y","datetime","delay_image_delay","description","disable_garbage_collection","experiment_file","experiment_path","font_bold","font_family","font_italic","font_size","font_underline","foreground","form_clicks","fullscreen","height","id","image_nosub","image_sub","keyboard_backend","live_row","live_row_trial_loop","logfile","mouse_backend","opensesame_codename","opensesame_version","position1","position2","position3","position4","psychopy_screen","repeat_cycle","response","response_experiment_intro","response_experiment_intro2","response_instruction","response_new_1_keyboard_response","response_new_1_sketchpad","response_new_2_keyboard_response","response_new_2_sketchpad","response_new_3_keyboard_response","response_new_3_sketchpad","response_new_4_keyboard_response","response_new_4_sketchpad","response_new_5_keyboard_response","response_new_5_sketchpad","response_new_6_keyboard_response","response_new_6_sketchpad","response_new_7_keyboard_response","response_new_7_sketchpad","response_new_8_keyboard_response","response_new_keyboard_response","response_new_mouse_response","response_time","response_time_experiment_intro","response_time_experiment_intro2","response_time_instruction","response_time_new_1_keyboard_response","response_time_new_1_sketchpad","response_time_new_2_keyboard_response","response_time_new_2_sketchpad","response_time_new_3_keyboard_response","response_time_new_3_sketchpad","response_time_new_4_keyboard_response","response_time_new_4_sketchpad","response_time_new_5_keyboard_response","response_time_new_5_sketchpad","response_time_new_6_keyboard_response","response_time_new_6_sketchpad","response_time_new_7_keyboard_response","response_time_new_7_sketchpad","response_time_new_8_keyboard_response","response_time_new_keyboard_response","response_time_new_mouse_response","response_time_welcome","response_welcome","round","round_decimals","sampler_backend","sentence","sound_buf_size","sound_channels","sound_freq","sound_sample_size","start","subject_nr","subject_parity","target_position","time_accuracy_output","time_audio_file_offset","time_audio_file_onset_log","time_definitions","time_experiment","time_experiment_intro","time_experiment_intro2","time_image_delay","time_image_nosub","time_image_sub","time_increment_roundCounter","time_instruction","time_instructions","time_log_instruction","time_new_1_inline_script","time_new_1_keyboard_response","time_new_1_sketchpad","time_new_2_keyboard_response","time_new_2_sketchpad","time_new_3_keyboard_response","time_new_3_sketchpad","time_new_4_keyboard_response","time_new_4_sketchpad","time_new_5_keyboard_response","time_new_5_sketchpad","time_new_6_keyboard_response","time_new_6_sketchpad","time_new_7_keyboard_response","time_new_7_sketchpad","time_new_8_keyboard_response","time_new_inline_script","time_new_keyboard_response","time_new_logger","time_new_mouse_response","time_new_pygaze_init","time_new_pygaze_start_recording","time_new_pygaze_stop_recording","time_new_sketchpad","time_sentence_audio","time_subject_onset_log","time_trial_loop","time_trial_sequence","time_welcome","timeout","title","total_correct","total_response_time","total_responses","width"
"undefined","undefined","48_n.wav","undefined","undefined","#dadada","256","psycho","psycho","psycho","non-restrictive","undefined","undefined","undefined","NA","NA","undefined","NA","undefined","NA","undefined","NA","undefined","NA","NA","undefined","NA","NA","NA","undefined","0","0","0","0","0","0","0","NA","0","0","0","NA","0","NA","NA","0","0","NA","0","NA","0","NA","0","NA","0","NA","NA","NA","0","NA","NA","NA","0","NA","0","0","0","0","0","0","0","0","0","participant_group4.csv","4","NA","NA","NA","Fri Jul 24 14:12:43 2026","NA","The main experiment item","False","VWP_finalSetup_22_7.osexp","C:\Users\plcm\Desktop\2026-EyeTracking\group-eyeconic\OS2\final_recordings_upl","False","mono","False","20","no","#0c0c0c","no","yes","1440","48","49_pos2_nosub.png","49_pos2_sub.png","psycho","0","0","C:/Users/plcm/Desktop/2026-EyeTracking/group-eyeconic/OS2/final_recordings_upl/group 19-24/subject-19.csv","psycho","Neonatal Nightingale","4.1.14","pouch","balloon","pump","flag","0","0","space","space","space","NA","NA","NA","NA","space","NA","space","NA","space","NA","space","NA","NA","NA","space","NA","NA","NA","4243.720700003905","2136.416100009228","3274.0562000108184","NA","NA","NA","NA","2338.967399991816","NA","2460.050899986527","NA","2044.3177999986801","NA","2939.409999991767","NA","NA","NA","4243.720700003905","NA","NA","NA","27910.77360000054","c","1","2","psycho","The child will carry the balloon","1024","2","24000","-16","experiment","19","odd","2","358806.7277999944","386375.75809999544","383357.90659999475","378278.01510000427","4934.929800001555","358812.83569999505","360955.21149999695","NA","379328.788800005","383357.8189999971","NA","NA","358806.80410000787","NA","NA","NA","NA","NA","364234.25690000295","NA","366577.203000008","NA","369040.91060000064","NA","371089.78140000545","NA","NA","NA","374033.5546999995","NA","NA","NA","386399.70249999897","NA","32857.288800005335","378495.8370999957","NA","NA","383383.187200001","383329.16720000503","378278.0486999982","378495.17840000044","4944.606999997632","3000","SceneViewing","0","0","0","2560"
"100","100","31_r.wav","1841","1841","#dadada","256","psycho","psycho","psycho","restrictive","1","undefined","undefined","1","NA","undefined","NA","undefined","NA","undefined","NA","undefined","NA","NA","undefined","NA","NA","NA","undefined","0","1","1","0","0","0","0","NA","1","1","1","NA","0","NA","NA","1","0","NA","0","NA","0","NA","0","NA","0","NA","NA","NA","0","NA","NA","NA","1","NA","0","1","1","1","1","1","0","1","0","participant_group4.csv","4","NA","NA","NA","Fri Jul 24 14:12:43 2026","NA","The main experiment item","False","VWP_finalSetup_22_7.osexp","C:\Users\plcm\Desktop\2026-EyeTracking\group-eyeconic\OS2\final_recordings_upl","False","mono","False","20","no","#0c0c0c","no","yes","1440","31","32_pos1_nosub.png","32_pos1_sub.png","psycho","1","1","C:/Users/plcm/Desktop/2026-EyeTracking/group-eyeconic/OS2/final_recordings_upl/group 19-24/subject-19.csv","psycho","Neonatal Nightingale","4.1.14","bottle","lemon","sponge","seed","0","0","space","space","space","NA","space","NA","NA","space","NA","space","NA","space","NA","space","NA","NA","NA","space","NA","NA","NA","1841.0830000066198","2136.416100009228","3274.0562000108184","NA","1841.0830000066198","NA","NA","2338.967399991816","NA","2460.050899986527","NA","2044.3177999986801","NA","2939.409999991767","NA","NA","NA","4243.720700003905","NA","NA","NA","27910.77360000054","c","2","2","psycho","The woman will open the bottle","1024","2","24000","-16","experiment","19","odd","1","358806.7277999944","395285.75110000384","392537.8752999968","378278.01510000427","4934.929800001555","358812.83569999505","360955.21149999695","NA","388513.1603000045","392537.79190000205","388286.2041000044","NA","358806.80410000787","NA","NA","386444.18629999564","NA","NA","364234.25690000295","NA","366577.203000008","NA","369040.91060000064","NA","371089.78140000545","NA","NA","NA","374033.5546999995","NA","NA","NA","395305.0605000026","NA","32857.288800005335","388497.8250999993","386423.36369999975","386444.08650000696","392557.1729000076","392513.8331000053","378278.0486999982","388497.0858000015","4944.606999997632","3000","SceneViewing","1","1841.0830000066198","1","2560"
"100","100","23_r.wav","1593","1593","#dadada","256","psycho","psycho","psycho","restrictive","1","undefined","undefined","1","NA","undefined","NA","undefined","NA","undefined","NA","undefined","NA","NA","undefined","NA","NA","NA","undefined","0","2","2","0","0","0","0","NA","2","2","2","NA","0","NA","NA","2","0","NA","0","NA","0","NA","0","NA","0","NA","NA","NA","0","NA","NA","NA","2","NA","0","2","2","2","2","2","0","2","0","participant_group4.csv","4","NA","NA","NA","Fri Jul 24 14:12:43 2026","NA","The main experiment item","False","VWP_finalSetup_22_7.osexp","C:\Users\plcm\Desktop\2026-EyeTracking\group-eyeconic\OS2\final_recordings_upl","False","mono","False","20","no","#0c0c0c","no","yes","1440","23","24_pos1_nosub.png","24_pos1_sub.png","psycho","2","2","C:/Users/plcm/Desktop/2026-EyeTracking/group-eyeconic/OS2/final_recordings_upl/group 19-24/subject-19.csv","psycho","Neonatal Nightingale","4.1.14","scarf","pencil","needle","card","0","0","space","space","space","NA","space","NA","NA","space","NA","space","NA","space","NA","space","NA","NA","NA","space","NA","NA","NA","1345.095399999991","2136.416100009228","3274.0562000108184","NA","1345.095399999991","NA","NA","2338.967399991816","NA","2460.050899986527","NA","2044.3177999986801","NA","2939.409999991767","NA","NA","NA","4243.720700003905","NA","NA","NA","27910.77360000054","c","3","2","psycho","The girl will knit the scarf","1024","2","24000","-16","experiment","19","odd","1","358806.7277999944","403435.9101000009","400910.1640000008","378278.01510000427","4934.929800001555","358812.83569999505","360955.21149999695","NA","396885.6983000005","400910.10860000097","396669.8374999978","NA","358806.80410000787","NA","NA","395324.09750000807","NA","NA","364234.25690000295","NA","366577.203000008","NA","369040.91060000064","NA","371089.78140000545","NA","NA","NA","374033.5546999995","NA","NA","NA","403455.25389999966","NA","32857.288800005335","396869.4899999973","395313.10709999525","395323.94050000585","400929.55080000684","400886.0505000048","378278.0486999982","396868.8422999985","4944.606999997632","3000","SceneViewing","2","3186.178400006611","2","2560"
"100","100","40_n.wav","1793","1793","#dadada","256","psycho","psycho","psycho","non-restrictive","1","undefined","undefined","1","NA","undefined","NA","undefined","NA","undefined","NA","undefined","NA","NA","undefined","NA","NA","NA","undefined","0","3","3","0","0","0","0","NA","3","3","3","NA","0","NA","NA","3","0","NA","0","NA","0","NA","0","NA","0","NA","NA","NA","0","NA","NA","NA","3","NA","0","3","3","3","3","3","0","3","0","participant_group4.csv","4","NA","NA","NA","Fri Jul 24 14:12:43 2026","NA","The main experiment item","False","VWP_finalSetup_22_7.osexp","C:\Users\plcm\Desktop\2026-EyeTracking\group-eyeconic\OS2\final_recordings_upl","False","mono","False","20","no","#0c0c0c","no","yes","1440","40","41_pos2_nosub.png","41_pos2_sub.png","psycho","3","3","C:/Users/plcm/Desktop/2026-EyeTracking/group-eyeconic/OS2/final_recordings_upl/group 19-24/subject-19.csv","psycho","Neonatal Nightingale","4.1.14","iron","blouse","pin","toothbrish","0","0","space","space","space","NA","space","NA","NA","space","NA","space","NA","space","NA","space","NA","NA","NA","space","NA","NA","NA","2193.1860000040615","2136.416100009228","3274.0562000108184","NA","2193.1860000040615","NA","NA","2338.967399991816","NA","2460.050899986527","NA","2044.3177999986801","NA","2939.409999991767","NA","NA","NA","4243.720700003905","NA","NA","NA","27910.77360000054","c","4","2","psycho","The girl will hold the blouse","1024","2","24000","-16","experiment","19","odd","2","358806.7277999944","412565.78509999963","409922.3020000063","378278.01510000427","4934.929800001555","358812.83569999505","360955.21149999695","NA","405898.14950000437","409922.2349000047","405685.87030000344","NA","358806.80410000787","NA","NA","403492.0914999966","NA","NA","364234.25690000295","NA","366577.203000008","NA","369040.91060000064","NA","371089.78140000545","NA","NA","NA","374033.5546999995","NA","NA","NA","412584.703600005","NA","32857.288800005335","405882.3820999969","403481.5557999973","403491.92319999565","409941.36029999936","409898.74620000774","378278.0486999982","405881.9729999959","4944.606999997632","3000","SceneViewing","3","5379.364400010672","3","2560"
"100","100","36_n.wav","1930","1930","#dadada","256","psycho","psycho","psycho","non-restrictive","1","undefined","undefined","1","NA","undefined","NA","undefined","NA","undefined","NA","undefined","NA","NA","undefined","NA","NA","NA","undefined","0","4","4","0","0","0","0","NA","4","4","4","NA","0","NA","NA","4","0","NA","0","NA","0","NA","0","NA","0","NA","NA","NA","0","NA","NA","NA","4","NA","0","4","4","4","4","4","0","4","0","participant_group4.csv","4","NA","NA","NA","Fri Jul 24 14:12:43 2026","NA","The main experiment item","False","VWP_finalSetup_22_7.osexp","C:\Users\plcm\Desktop\2026-EyeTracking\group-eyeconic\OS2\final_recordings_upl","False","mono","False","20","no","#0c0c0c","no","yes","1440","36","37_pos2_nosub.png","37_pos2_sub.png","psycho","4","4","C:/Users/plcm/Desktop/2026-EyeTracking/group-eyeconic/OS2/final_recordings_upl/group 19-24/subject-19.csv","psycho","Neonatal Nightingale","4.1.14","clips","lego","papers","boxes","0","0","space","space","space","NA","space","NA","NA","space","NA","space","NA","space","NA","space","NA","NA","NA","space","NA","NA","NA","2341.4291000080993","2136.416100009228","3274.0562000108184","NA","2341.4291000080993","NA","NA","2338.967399991816","NA","2460.050899986527","NA","2044.3177999986801","NA","2939.409999991767","NA","NA","NA","4243.720700003905","NA","NA","NA","27910.77360000054","c","5","2","psycho","The kid will stack the lego","1024","2","24000","-16","experiment","19","odd","2","358806.7277999944","421975.7979999995","419200.7045000064","378278.01510000427","4934.929800001555","358812.83569999505","360955.21149999695","NA","415176.4453000069","419200.63920000393","414957.9484999995","NA","358806.80410000787","NA","NA","412615.8490999951","NA","NA","364234.25690000295","NA","366577.203000008","NA","369040.91060000064","NA","371089.78140000545","NA","NA","NA","374033.5546999995","NA","NA","NA","421995.40200000047","NA","32857.288800005335","415160.07539999555","412605.80249999475","412615.7116999966","419219.95369999786","419176.71549999795","378278.0486999982","415159.5770999993","4944.606999997632","3000","SceneViewing","4","7720.793500018772","4","2560"
"100","100","35_r.wav","1859","1859","#dadada","256","psycho","psycho","psycho","restrictive","1","undefined","undefined","1","NA","undefined","NA","undefined","NA","undefined","NA","undefined","NA","NA","undefined","NA","NA","NA","undefined","0","5","5","0","0","0","0","NA","5","5","5","NA","0","NA","NA","5","0","NA","0","NA","0","NA","0","NA","0","NA","NA","NA","0","NA","NA","NA","5","NA","0","5","5","5","5","5","0","5","0","participant_group4.csv","4","NA","NA","NA","Fri Jul 24 14:12:43 2026","NA","The main experiment item","False","VWP_finalSetup_22_7.osexp","C:\Users\plcm\Desktop\2026-EyeTracking\group-eyeconic\OS2\final_recordings_upl","False","mono","False","20","no","#0c0c0c","no","yes","1440","35","36_pos1_nosub.png","36_pos1_sub.png","psycho","5","5","C:/Users/plcm/Desktop/2026-EyeTracking/group-eyeconic/OS2/final_recordings_upl/group 19-24/subject-19.csv","psycho","Neonatal Nightingale","4.1.14","mascara","brush","mirror","pot","0","0","space","space","space","NA","space","NA","NA","space","NA","space","NA","space","NA","space","NA","NA","NA","space","NA","NA","NA","1578.7494999967748","2136.416100009228","3274.0562000108184","NA","1578.7494999967748","NA","NA","2338.967399991816","NA","2460.050899986527","NA","2044.3177999986801","NA","2939.409999991767","NA","NA","NA","4243.720700003905","NA","NA","NA","27910.77360000054","c","6","2","psycho","The girl will apply the mascara","1024","2","24000","-16","experiment","19","odd","1","358806.7277999944","430895.68359999976","427845.7472000009","378278.01510000427","4934.929800001555","358812.83569999505","360955.21149999695","NA","423820.9779000026","427845.6770000048","423605.96169999917","NA","358806.80410000787","NA","NA","422026.45220000704","NA","NA","364234.25690000295","NA","366577.203000008","NA","369040.91060000064","NA","371089.78140000545","NA","NA","NA","374033.5546999995","NA","NA","NA","430914.88959999697","NA","32857.288800005335","423804.4968000031","422016.0468999966","422026.2517999945","427865.29660000815","427822.03239999944","378278.0486999982","423803.9044000034","4944.606999997632","3000","SceneViewing","5","9299.543000015547","5","2560"
"100","100","33_r.wav","1708","1708","#dadada","256","psycho","psycho","psycho","restrictive","1","undefined","undefined","1","NA","undefined","NA","undefined","NA","undefined","NA","undefined","NA","NA","undefined","NA","NA","NA","undefined","0","6","6","0","0","0","0","NA","6","6","6","NA","0","NA","NA","6","0","NA","0","NA","0","NA","0","NA","0","NA","NA","NA","0","NA","NA","NA","6","NA","0","6","6","6","6","6","0","6","0","participant_group4.csv","4","NA","NA","NA","Fri Jul 24 14:12:43 2026","NA","The main experiment item","False","VWP_finalSetup_22_7.osexp","C:\Users\plcm\Desktop\2026-EyeTracking\group-eyeconic\OS2\final_recordings_upl","False","mono","False","20","no","#0c0c0c","no","yes","1440","33","34_pos3_nosub.png","34_pos3_sub.png","psycho","6","6","C:/Users/plcm/Desktop/2026-EyeTracking/group-eyeconic/OS2/final_recordings_upl/group 19-24/subject-19.csv","psycho","Neonatal Nightingale","4.1.14","box","gift","suitcase","envelope","0","0","space","space","space","NA","space","NA","NA","space","NA","space","NA","space","NA","space","NA","NA","NA","space","NA","NA","NA","954.0115999989212","2136.416100009228","3274.0562000108184","NA","954.0115999989212","NA","NA","2338.967399991816","NA","2460.050899986527","NA","2044.3177999986801","NA","2939.409999991767","NA","NA","NA","4243.720700003905","NA","NA","NA","27910.77360000054","c","7","2","psycho","The boy will unzip the suitcase","1024","2","24000","-16","experiment","19","odd","3","358806.7277999944","439235.95170000044","436149.7672999976","378278.01510000427","4934.929800001555","358812.83569999505","360955.21149999695","NA","432125.6169999979","436149.717399996","431902.1103999985","NA","358806.80410000787","NA","NA","430947.33599999745","NA","NA","364234.25690000295","NA","366577.203000008","NA","369040.91060000064","NA","371089.78140000545","NA","NA","NA","374033.5546999995","NA","NA","NA","439255.3581999964","NA","32857.288800005335","432109.31499999424","430936.26129999757","430947.1773999976","436168.67329999513","436125.8477999945","378278.0486999982","432108.7711","4944.606999997632","3000","SceneViewing","6","10253.554600014468","6","2560"
"100","100","37_r.wav","1680","1680","#dadada","256","psycho","psycho","psycho","restrictive","1","undefined","undefined","1","NA","undefined","NA","undefined","NA","undefined","NA","undefined","NA","NA","undefined","NA","NA","NA","undefined","0","7","7","0","0","0","0","NA","7","7","7","NA","0","NA","NA","7","0","NA","0","NA","0","NA","0","NA","0","NA","NA","NA","0","NA","NA","NA","7","NA","0","7","7","7","7","7","0","7","0","participant_group4.csv","4","NA","NA","NA","Fri Jul 24 14:12:43 2026","NA","The main experiment item","False","VWP_finalSetup_22_7.osexp","C:\Users\plcm\Desktop\2026-EyeTracking\group-eyeconic\OS2\final_recordings_upl","False","mono","False","20","no","#0c0c0c","no","yes","1440","37","38_pos3_nosub.png","38_pos3_sub.png","psycho","7","7","C:/Users/plcm/Desktop/2026-EyeTracking/group-eyeconic/OS2/final_recordings_upl/group 19-24/subject-19.csv","psycho","Neonatal Nightingale","4.1.14","marker","key","banana","mitten","0","0","space","space","space","NA","space","NA","NA","space","NA","space","NA","space","NA","space","NA","NA","NA","space","NA","NA","NA","1508.4054000035394","2136.416100009228","3274.0562000108184","NA","1508.4054000035394","NA","NA","2338.967399991816","NA","2460.050899986527","NA","2044.3177999986801","NA","2939.409999991767","NA","NA","NA","4243.720700003905","NA","NA","NA","27910.77360000054","c","8","2","psycho","The boy will peel the banana","1024","2","24000","-16","experiment","19","odd","3","358806.7277999944","447785.7614999957","445021.09429999837","378278.01510000427","4934.929800001555","358812.83569999505","360955.21149999695","NA","440997.22030000703","445021.02820000437","440782.22399999504","NA","358806.80410000787","NA","NA","439272.93089999876","NA","NA","364234.25690000295","NA","366577.203000008","NA","369040.91060000064","NA","371089.78140000545","NA","NA","NA","374033.5546999995","NA","NA","NA","447805.1462000003","NA","32857.288800005335","440980.6061999989","439262.7424999955","439272.83090000856","445040.5909999972","444997.44780000765","378278.0486999982","440979.93600000336","4944.606999997632","3000","SceneViewing","7","11761.960000018007","7","2560"
"100","100","44_n.wav","1594","1594","#dadada","256","psycho","psycho","psycho","non-restrictive","1","undefined","undefined","1","NA","undefined","NA","undefined","NA","undefined","NA","undefined","NA","NA","undefined","NA","NA","NA","undefined","0","8","8","0","0","0","0","NA","8","8","8","NA","0","NA","NA","8","0","NA","0","NA","0","NA","0","NA","0","NA","NA","NA","0","NA","NA","NA","8","NA","0","8","8","8","8","8","0","8","0","participant_group4.csv","4","NA","NA","NA","Fri Jul 24 14:12:43 2026","NA","The main experiment item","False","VWP_finalSetup_22_7.osexp","C:\Users\plcm\Desktop\2026-EyeTracking\group-eyeconic\OS2\final_recordings_upl","False","mono","False","20","no","#0c0c0c","no","yes","1440","44","45_pos2_nosub.png","45_pos2_sub.png","psycho","8","8","C:/Users/plcm/Desktop/2026-EyeTracking/group-eyeconic/OS2/final_recordings_upl/group 19-24/subject-19.csv","psycho","Neonatal Nightingale","4.1.14","hammer","dough","glass","ladle","0","0","space","space","space","NA","space","NA","NA","space","NA","space","NA","space","NA","space","NA","NA","NA","space","NA","NA","NA","994.148599987966","2136.416100009228","3274.0562000108184","NA","994.148599987966","NA","NA","2338.967399991816","NA","2460.050899986527","NA","2044.3177999986801","NA","2939.409999991767","NA","NA","NA","4243.720700003905","NA","NA","NA","27910.77360000054","c","9","2","psycho","The baker will inspect the dough","1024","2","24000","-16","experiment","19","odd","2","358806.7277999944","455965.9584000037","453065.71399999666","378278.01510000427","4934.929800001555","358812.83569999505","360955.21149999695","NA","449042.43770000176","453065.6516000017","448829.954300003","NA","358806.80410000787","NA","NA","447835.2179000067","NA","NA","364234.25690000295","NA","366577.203000008","NA","369040.91060000064","NA","371089.78140000545","NA","NA","NA","374033.5546999995","NA","NA","NA","455985.60230000294","NA","32857.288800005335","449024.72339999804","447824.79529999546","447835.0230000069","453085.23660000355","453042.6704999991","378278.0486999982","449024.1851000028","4944.606999997632","3000","SceneViewing","8","12756.108600005973","8","2560"
"100","100","5_r.wav","1595","1595","#dadada","256","psycho","psycho","psycho","restrictive","1","undefined","undefined","1","NA","undefined","NA","undefined","NA","undefined","NA","undefined","NA","NA","undefined","NA","NA","NA","undefined","0","9","9","0","0","0","0","NA","9","9","9","NA","0","NA","NA","9","0","NA","0","NA","0","NA","0","NA","0","NA","NA","NA","0","NA","NA","NA","9","NA","0","9","9","9","9","9","0","9","0","participant_group4.csv","4","NA","NA","NA","Fri Jul 24 14:12:43 2026","NA","The main experiment item","False","VWP_finalSetup_22_7.osexp","C:\Users\plcm\Desktop\2026-EyeTracking\group-eyeconic\OS2\final_recordings_upl","False","mono","False","20","no","#0c0c0c","no","yes","1440","5","6_pos3_nosub.png","6_pos3_sub.png","psycho","9","9","C:/Users/plcm/Desktop/2026-EyeTracking/group-eyeconic/OS2/final_recordings_upl/group 19-24/subject-19.csv","psycho","Neonatal Nightingale","4.1.14","cactus","moon","mountain","animal","0","0","space","space","space","NA","space","NA","NA","space","NA","space","NA","space","NA","space","NA","NA","NA","space","NA","NA","NA","1605.941800007713","2136.416100009228","3274.0562000108184","NA","1605.941800007713","NA","NA","2338.967399991816","NA","2460.050899986527","NA","2044.3177999986801","NA","2939.409999991767","NA","NA","NA","4243.720700003905","NA","NA","NA","27910.77360000054","c","10","2","psycho","The hiker will climb the mountain","1024","2","24000","-16","experiment","19","odd","3","358806.7277999944","464645.74330000323","461851.4983000059","378278.01510000427","4934.929800001555","358812.83569999505","360955.21149999695","NA","457825.5719000008","461851.4487000066","457613.95769999945","NA","358806.80410000787","NA","NA","456007.2603000008","NA","NA","364234.25690000295","NA","366577.203000008","NA","369040.91060000064","NA","371089.78140000545","NA","NA","NA","374033.5546999995","NA","NA","NA","464664.7152000078","NA","32857.288800005335","457810.3325999982","455996.8710999965","456007.04229999974","461870.41590000445","461826.20029999816","378278.0486999982","457809.8275999946","4944.606999997632","3000","SceneViewing","9","14362.050400013686","9","2560"
"100","100","27_r.wav","1512","1512","#dadada","256","psycho","psycho","psycho","restrictive","1","undefined","undefined","1","NA","undefined","NA","undefined","NA","undefined","NA","undefined","NA","NA","undefined","NA","NA","NA","undefined","0","10","10","0","0","0","0","NA","10","10","10","NA","0","NA","NA","10","0","NA","0","NA","0","NA","0","NA","0","NA","NA","NA","0","NA","NA","NA","10","NA","0","10","10","10","10","10","0","10","0","participant_group4.csv","4","NA","NA","NA","Fri Jul 24 14:12:43 2026","NA","The main experiment item","False","VWP_finalSetup_22_7.osexp","C:\Users\plcm\Desktop\2026-EyeTracking\group-eyeconic\OS2\final_recordings_upl","False","mono","False","20","no","#0c0c0c","no","yes","1440","27","28_pos1_nosub.png","28_pos1_sub.png","psycho","10","10","C:/Users/plcm/Desktop/2026-EyeTracking/group-eyeconic/OS2/final_recordings_upl/group 19-24/subject-19.csv","psycho","Neonatal Nightingale","4.1.14","lamp","switch","frame","picture","0","0","space","space","space","NA","space","NA","NA","space","NA","space","NA","space","NA","space","NA","NA","NA","space","NA","NA","NA","767.2151000006124","2136.416100009228","3274.0562000108184","NA","767.2151000006124","NA","NA","2338.967399991816","NA","2460.050899986527","NA","2044.3177999986801","NA","2939.409999991767","NA","NA","NA","4243.720700003905","NA","NA","NA","27910.77360000054","c","11","2","psycho","The boy will dim the lamp","1024","2","24000","-16","experiment","19","odd","1","358806.7277999944","472066.0027999984","469712.09299999464","378278.01510000427","4934.929800001555","358812.83569999505","360955.21149999695","NA","465687.95219999447","469712.005399997","465461.75380000204","NA","358806.80410000787","NA","NA","464693.99529999646","NA","NA","364234.25690000295","NA","366577.203000008","NA","369040.91060000064","NA","371089.78140000545","NA","NA","NA","374033.5546999995","NA","NA","NA","472085.28159999696","NA","32857.288800005335","465671.1304000055","464685.2535000071","464693.8319000037","469731.75099999935","469688.289800004","378278.0486999982","465670.58530000213","4944.606999997632","3000","SceneViewing","10","15129.265500014299","10","2560"
"100","100","29_r.wav","1486","1486","#dadada","256","psycho","psycho","psycho","restrictive","1","undefined","undefined","1","NA","undefined","NA","undefined","NA","undefined","NA","undefined","NA","NA","undefined","NA","NA","NA","undefined","0","11","11","0","0","0","0","NA","11","11","11","NA","0","NA","NA","11","0","NA","0","NA","0","NA","0","NA","0","NA","NA","NA","0","NA","NA","NA","11","NA","0","11","11","11","11","11","0","11","0","participant_group4.csv","4","NA","NA","NA","Fri Jul 24 14:12:43 2026","NA","The main experiment item","False","VWP_finalSetup_22_7.osexp","C:\Users\plcm\Desktop\2026-EyeTracking\group-eyeconic\OS2\final_recordings_upl","False","mono","False","20","no","#0c0c0c","no","yes","1440","29","30_pos3_nosub.png","30_pos3_sub.png","psycho","11","11","C:/Users/plcm/Desktop/2026-EyeTracking/group-eyeconic/OS2/final_recordings_upl/group 19-24/subject-19.csv","psycho","Neonatal Nightingale","4.1.14","eraser","tissue","newspaper","comb","0","0","space","space","space","NA","space","NA","NA","space","NA","space","NA","space","NA","space","NA","NA","NA","space","NA","NA","NA","1217.642200004775","2136.416100009228","3274.0562000108184","NA","1217.642200004775","NA","NA","2338.967399991816","NA","2460.050899986527","NA","2044.3177999986801","NA","2939.409999991767","NA","NA","NA","4243.720700003905","NA","NA","NA","27910.77360000054","c","12","2","psycho","The grandmother will read the newspaper","1024","2","24000","-16","experiment","19","odd","3","358806.7277999944","480286.0060999956","477576.4268000057","378278.01510000427","4934.929800001555","358812.83569999505","360955.21149999695","NA","473552.4338999967","477576.3378999982","473333.9089000074","NA","358806.80410000787","NA","NA","472115.5635000032","NA","NA","364234.25690000295","NA","366577.203000008","NA","369040.91060000064","NA","371089.78140000545","NA","NA","NA","374033.5546999995","NA","NA","NA","480304.856200004","NA","32857.288800005335","473536.844000002","472105.6815000047","472115.4052000056","477595.2816000063","477552.79270000756","378278.0486999982","473536.0545000003","4944.606999997632","3000","SceneViewing","11","16346.907700019074","11","2560"
"100","100","17_r.wav","1464","1464","#dadada","256","psycho","psycho","psycho","restrictive","1","undefined","undefined","1","NA","undefined","NA","undefined","NA","undefined","NA","undefined","NA","NA","undefined","NA","NA","NA","undefined","0","12","12","0","0","0","0","NA","12","12","12","NA","0","NA","NA","12","0","NA","0","NA","0","NA","0","NA","0","NA","NA","NA","0","NA","NA","NA","12","NA","0","12","12","12","12","12","0","12","0","participant_group4.csv","4","NA","NA","NA","Fri Jul 24 14:12:43 2026","NA","The main experiment item","False","VWP_finalSetup_22_7.osexp","C:\Users\plcm\Desktop\2026-EyeTracking\group-eyeconic\OS2\final_recordings_upl","False","mono","False","20","no","#0c0c0c","no","yes","1440","17","18_pos3_nosub.png","18_pos3_sub.png","psycho","12","12","C:/Users/plcm/Desktop/2026-EyeTracking/group-eyeconic/OS2/final_recordings_upl/group 19-24/subject-19.csv","psycho","Neonatal Nightingale","4.1.14","stone","rope","wood","bucket","0","0","space","space","space","NA","space","NA","NA","space","NA","space","NA","space","NA","space","NA","NA","NA","space","NA","NA","NA","1225.3388999961317","2136.416100009228","3274.0562000108184","NA","1225.3388999961317","NA","NA","2338.967399991816","NA","2460.050899986527","NA","2044.3177999986801","NA","2939.409999991767","NA","NA","NA","4243.720700003905","NA","NA","NA","27910.77360000054","c","13","2","psycho","The man will chop the wood","1024","2","24000","-16","experiment","19","odd","3","358806.7277999944","488235.8913000062","485782.887399997","378278.01510000427","4934.929800001555","358812.83569999505","360955.21149999695","NA","481758.651199998","485782.8300999972","481550.00400000426","NA","358806.80410000787","NA","NA","480323.90970000415","NA","NA","364234.25690000295","NA","366577.203000008","NA","369040.91060000064","NA","371089.78140000545","NA","NA","NA","374033.5546999995","NA","NA","NA","488254.97510000423","NA","32857.288800005335","481741.53719999595","480312.00800000806","480323.7150000059","485802.04219999723","485759.06090000353","378278.0486999982","481741.1151999986","4944.606999997632","3000","SceneViewing","12","17572.246600015205","12","2560"
"100","100","6_n.wav","1435","1435","#dadada","256","psycho","psycho","psycho","non-restrictive","1","undefined","undefined","1","NA","undefined","NA","undefined","NA","undefined","NA","undefined","NA","NA","undefined","NA","NA","NA","undefined","0","13","13","0","0","0","0","NA","13","13","13","NA","0","NA","NA","13","0","NA","0","NA","0","NA","0","NA","0","NA","NA","NA","0","NA","NA","NA","13","NA","0","13","13","13","13","13","0","13","0","participant_group4.csv","4","NA","NA","NA","Fri Jul 24 14:12:43 2026","NA","The main experiment item","False","VWP_finalSetup_22_7.osexp","C:\Users\plcm\Desktop\2026-EyeTracking\group-eyeconic\OS2\final_recordings_upl","False","mono","False","20","no","#0c0c0c","no","yes","1440","6","7_pos4_nosub.png","7_pos4_sub.png","psycho","13","13","C:/Users/plcm/Desktop/2026-EyeTracking/group-eyeconic/OS2/final_recordings_upl/group 19-24/subject-19.csv","psycho","Neonatal Nightingale","4.1.14","knife","weighing-scales","jug","mushrooms","0","0","space","space","space","NA","space","NA","NA","space","NA","space","NA","space","NA","space","NA","NA","NA","space","NA","NA","NA","1086.6344999958528","2136.416100009228","3274.0562000108184","NA","1086.6344999958528","NA","NA","2338.967399991816","NA","2460.050899986527","NA","2044.3177999986801","NA","2939.409999991767","NA","NA","NA","4243.720700003905","NA","NA","NA","27910.77360000054","c","14","2","psycho","The housewife will  wash the mushrooms","1024","2","24000","-16","experiment","19","odd","4","358806.7277999944","496925.9665999998","493610.82280000846","378278.01510000427","4934.929800001555","358812.83569999505","360955.21149999695","NA","489586.2352999975","493610.71049999737","489373.9542999974","NA","358806.80410000787","NA","NA","488286.65320000437","NA","NA","364234.25690000295","NA","366577.203000008","NA","369040.91060000064","NA","371089.78140000545","NA","NA","NA","374033.5546999995","NA","NA","NA","496946.29619999614","NA","32857.288800005335","489569.50149999466","488276.331400004","488286.5402000025","493630.3861000051","493586.6182000027","378278.0486999982","489568.99949999934","4944.606999997632","3000","SceneViewing","13","18658.881100011058","13","2560"
"100","100","11_r.wav","1413","1413","#dadada","256","psycho","psycho","psycho","restrictive","1","undefined","undefined","1","NA","undefined","NA","undefined","NA","undefined","NA","undefined","NA","NA","undefined","NA","NA","NA","undefined","0","14","14","0","0","0","0","NA","14","14","14","NA","0","NA","NA","14","0","NA","0","NA","0","NA","0","NA","0","NA","NA","NA","0","NA","NA","NA","14","NA","0","14","14","14","14","14","0","14","0","participant_group4.csv","4","NA","NA","NA","Fri Jul 24 14:12:43 2026","NA","The main experiment item","False","VWP_finalSetup_22_7.osexp","C:\Users\plcm\Desktop\2026-EyeTracking\group-eyeconic\OS2\final_recordings_upl","False","mono","False","20","no","#0c0c0c","no","yes","1440","11","12_pos1_nosub.png","12_pos1_sub.png","psycho","14","14","C:/Users/plcm/Desktop/2026-EyeTracking/group-eyeconic/OS2/final_recordings_upl/group 19-24/subject-19.csv","psycho","Neonatal Nightingale","4.1.14","bell","drum","duck","bricks","0","0","space","space","space","NA","space","NA","NA","space","NA","space","NA","space","NA","space","NA","NA","NA","space","NA","NA","NA","1123.196700005792","2136.416100009228","3274.0562000108184","NA","1123.196700005792","NA","NA","2338.967399991816","NA","2460.050899986527","NA","2044.3177999986801","NA","2939.409999991767","NA","NA","NA","4243.720700003905","NA","NA","NA","27910.77360000054","c","15","2","psycho","The baby will ring the bell","1024","2","24000","-16","experiment","19","odd","1","358806.7277999944","504365.98469999444","502357.70979999506","378278.01510000427","4934.929800001555","358812.83569999505","360955.21149999695","NA","498333.65950000007","502357.65069999616","498109.8162999988","NA","358806.80410000787","NA","NA","496986.03889999504","NA","NA","364234.25690000295","NA","366577.203000008","NA","369040.91060000064","NA","371089.78140000545","NA","NA","NA","374033.5546999995","NA","NA","NA","504385.34570000775","NA","32857.288800005335","498316.0748000082","496975.33430000476","496985.83239999425","502377.48270000156","502334.23819999734","378278.0486999982","498315.3869999951","4944.606999997632","3000","SceneViewing","14","19782.07780001685","14","2560"
"100","100","20_n.wav","1394","1394","#dadada","256","psycho","psycho","psycho","non-restrictive","1","undefined","undefined","1","NA","undefined","NA","undefined","NA","undefined","NA","undefined","NA","NA","undefined","NA","NA","NA","undefined","0","15","15","0","0","0","0","NA","15","15","15","NA","0","NA","NA","15","0","NA","0","NA","0","NA","0","NA","0","NA","NA","NA","0","NA","NA","NA","15","NA","0","15","15","15","15","15","0","15","0","participant_group4.csv","4","NA","NA","NA","Fri Jul 24 14:12:43 2026","NA","The main experiment item","False","VWP_finalSetup_22_7.osexp","C:\Users\plcm\Desktop\2026-EyeTracking\group-eyeconic\OS2\final_recordings_upl","False","mono","False","20","no","#0c0c0c","no","yes","1440","20","21_pos2_nosub.png","21_pos2_sub.png","psycho","15","15","C:/Users/plcm/Desktop/2026-EyeTracking/group-eyeconic/OS2/final_recordings_upl/group 19-24/subject-19.csv","psycho","Neonatal Nightingale","4.1.14","cup","kitten","block","crayon","0","0","space","space","space","NA","space","NA","NA","space","NA","space","NA","space","NA","space","NA","NA","NA","space","NA","NA","NA","1141.3925999950152","2136.416100009228","3274.0562000108184","NA","1141.3925999950152","NA","NA","2338.967399991816","NA","2460.050899986527","NA","2044.3177999986801","NA","2939.409999991767","NA","NA","NA","4243.720700003905","NA","NA","NA","27910.77360000054","c","16","2","psycho","The baby will grab the kitten","1024","2","24000","-16","experiment","19","odd","2","358806.7277999944","512685.77900000673","509798.25409999467","378278.01510000427","4934.929800001555","358812.83569999505","360955.21149999695","NA","505773.3755000081","509798.1956000003","505549.82010000094","NA","358806.80410000787","NA","NA","504407.8781999997","NA","NA","364234.25690000295","NA","366577.203000008","NA","369040.91060000064","NA","371089.78140000545","NA","NA","NA","374033.5546999995","NA","NA","NA","512705.6064000062","NA","32857.288800005335","505756.60079999943","504397.6735000033","504407.7019999968","509817.68120000197","509773.4799000027","378278.0486999982","505756.06870000775","4944.606999997632","3000","SceneViewing","15","20923.470400011865","15","2560"
"100","100","42_n.wav","1366","1366","#dadada","256","psycho","psycho","psycho","non-restrictive","1","undefined","undefined","1","NA","undefined","NA","undefined","NA","undefined","NA","undefined","NA","NA","undefined","NA","NA","NA","undefined","0","16","16","0","0","0","0","NA","16","16","16","NA","0","NA","NA","16","0","NA","0","NA","0","NA","0","NA","0","NA","NA","NA","0","NA","NA","NA","16","NA","0","16","16","16","16","16","0","16","0","participant_group4.csv","4","NA","NA","NA","Fri Jul 24 14:12:43 2026","NA","The main experiment item","False","VWP_finalSetup_22_7.osexp","C:\Users\plcm\Desktop\2026-EyeTracking\group-eyeconic\OS2\final_recordings_upl","False","mono","False","20","no","#0c0c0c","no","yes","1440","42","43_pos4_nosub.png","43_pos4_sub.png","psycho","16","16","C:/Users/plcm/Desktop/2026-EyeTracking/group-eyeconic/OS2/final_recordings_upl/group 19-24/subject-19.csv","psycho","Neonatal Nightingale","4.1.14","apple","chalk","ruler","shirt","0","0","space","space","space","NA","space","NA","NA","space","NA","space","NA","space","NA","space","NA","NA","NA","space","NA","NA","NA","939.9825000000419","2136.416100009228","3274.0562000108184","NA","939.9825000000419","NA","NA","2338.967399991816","NA","2460.050899986527","NA","2044.3177999986801","NA","2939.409999991767","NA","NA","NA","4243.720700003905","NA","NA","NA","27910.77360000054","c","17","2","psycho","The woman will wash the shirt","1024","2","24000","-16","experiment","19","odd","4","358806.7277999944","520625.8145000029","517912.874200003","378278.01510000427","4934.929800001555","358812.83569999505","360955.21149999695","NA","513888.927299995","517912.7860000008","513678.0342999991","NA","358806.80410000787","NA","NA","512737.3646000051","NA","NA","364234.25690000295","NA","366577.203000008","NA","369040.91060000064","NA","371089.78140000545","NA","NA","NA","374033.5546999995","NA","NA","NA","520645.10609999707","NA","32857.288800005335","513871.85840000166","512725.6963999971","512737.2269000043","517932.39800000447","517889.24289999704","378278.0486999982","513871.0998000024","4944.606999997632","3000","SceneViewing","16","21863.452900011907","16","2560"
"100","100","46_n.wav","1348","1348","#dadada","256","psycho","psycho","psycho","non-restrictive","1","undefined","undefined","1","NA","undefined","NA","undefined","NA","undefined","NA","undefined","NA","NA","undefined","NA","NA","NA","undefined","0","17","17","0","0","0","0","NA","17","17","17","NA","0","NA","NA","17","0","NA","0","NA","0","NA","0","NA","0","NA","NA","NA","0","NA","NA","NA","17","NA","0","17","17","17","17","17","0","17","0","participant_group4.csv","4","NA","NA","NA","Fri Jul 24 14:12:43 2026","NA","The main experiment item","False","VWP_finalSetup_22_7.osexp","C:\Users\plcm\Desktop\2026-EyeTracking\group-eyeconic\OS2\final_recordings_upl","False","mono","False","20","no","#0c0c0c","no","yes","1440","46","47_pos4_nosub.png","47_pos4_sub.png","psycho","17","17","C:/Users/plcm/Desktop/2026-EyeTracking/group-eyeconic/OS2/final_recordings_upl/group 19-24/subject-19.csv","psycho","Neonatal Nightingale","4.1.14","bow","gum","stand","violin","0","0","space","space","space","NA","space","NA","NA","space","NA","space","NA","space","NA","space","NA","NA","NA","space","NA","NA","NA","1054.6440999896731","2136.416100009228","3274.0562000108184","NA","1054.6440999896731","NA","NA","2338.967399991816","NA","2460.050899986527","NA","2044.3177999986801","NA","2939.409999991767","NA","NA","NA","4243.720700003905","NA","NA","NA","27910.77360000054","c","18","2","psycho","The musician will move the violin","1024","2","24000","-16","experiment","19","odd","4","358806.7277999944","529285.784599997","525982.8625000082","378278.01510000427","4934.929800001555","358812.83569999505","360955.21149999695","NA","521958.5683000041","525982.7951000043","521741.87430000165","NA","358806.80410000787","NA","NA","520686.6025000054","NA","NA","364234.25690000295","NA","366577.203000008","NA","369040.91060000064","NA","371089.78140000545","NA","NA","NA","374033.5546999995","NA","NA","NA","529305.1428000035","NA","32857.288800005335","521943.1670000049","520676.0384999943","520686.5010000038","526002.0770999981","525959.0702999994","378278.0486999982","521942.4108999956","4944.606999997632","3000","SceneViewing","17","22918.09700000158","17","2560"
"100","100","16_n.wav","1341","1341","#dadada","256","psycho","psycho","psycho","non-restrictive","1","undefined","undefined","1","NA","undefined","NA","undefined","NA","undefined","NA","undefined","NA","NA","undefined","NA","NA","NA","undefined","0","18","18","0","0","0","0","NA","18","18","18","NA","0","NA","NA","18","0","NA","0","NA","0","NA","0","NA","0","NA","NA","NA","0","NA","NA","NA","18","NA","0","18","18","18","18","18","0","18","0","participant_group4.csv","4","NA","NA","NA","Fri Jul 24 14:12:43 2026","NA","The main experiment item","False","VWP_finalSetup_22_7.osexp","C:\Users\plcm\Desktop\2026-EyeTracking\group-eyeconic\OS2\final_recordings_upl","False","mono","False","20","no","#0c0c0c","no","yes","1440","16","17_pos2_nosub.png","17_pos2_sub.png","psycho","18","18","C:/Users/plcm/Desktop/2026-EyeTracking/group-eyeconic/OS2/final_recordings_upl/group 19-24/subject-19.csv","psycho","Neonatal Nightingale","4.1.14","ribbon","dress","lantern","backpack","0","0","space","space","space","NA","space","NA","NA","space","NA","space","NA","space","NA","space","NA","NA","NA","space","NA","NA","NA","1237.5952000002144","2136.416100009228","3274.0562000108184","NA","1237.5952000002144","NA","NA","2338.967399991816","NA","2460.050899986527","NA","2044.3177999986801","NA","2939.409999991767","NA","NA","NA","4243.720700003905","NA","NA","NA","27910.77360000054","c","19","2","psycho","The woman will  carry the dress","1024","2","24000","-16","experiment","19","odd","2","358806.7277999944","537535.8366","534798.8450999983","378278.01510000427","4934.929800001555","358812.83569999505","360955.21149999695","NA","530774.8460000003","534798.7697000062","530565.8567000064","NA","358806.80410000787","NA","NA","529327.5482000026","NA","NA","364234.25690000295","NA","366577.203000008","NA","369040.91060000064","NA","371089.78140000545","NA","NA","NA","374033.5546999995","NA","NA","NA","537555.1210999984","NA","32857.288800005335","530758.041299996","529316.8971999985","529327.4339000054","534817.8344000044","534775.0612999953","378278.0486999982","530757.626599996","4944.606999997632","3000","SceneViewing","18","24155.692200001795","18","2560"
"100","100","19_r.wav","1319","1319","#dadada","256","psycho","psycho","psycho","restrictive","1","undefined","undefined","1","NA","undefined","NA","undefined","NA","undefined","NA","undefined","NA","NA","undefined","NA","NA","NA","undefined","0","19","19","0","0","0","0","NA","19","19","19","NA","0","NA","NA","19","0","NA","0","NA","0","NA","0","NA","0","NA","NA","NA","0","NA","NA","NA","19","NA","0","19","19","19","19","19","0","19","0","participant_group4.csv","4","NA","NA","NA","Fri Jul 24 14:12:43 2026","NA","The main experiment item","False","VWP_finalSetup_22_7.osexp","C:\Users\plcm\Desktop\2026-EyeTracking\group-eyeconic\OS2\final_recordings_upl","False","mono","False","20","no","#0c0c0c","no","yes","1440","19","20_pos1_nosub.png","20_pos1_sub.png","psycho","19","19","C:/Users/plcm/Desktop/2026-EyeTracking/group-eyeconic/OS2/final_recordings_upl/group 19-24/subject-19.csv","psycho","Neonatal Nightingale","4.1.14","bread","spoon","spatula","bowl","0","0","space","space","space","NA","space","NA","NA","space","NA","space","NA","space","NA","space","NA","NA","NA","space","NA","NA","NA","916.9857000088086","2136.416100009228","3274.0562000108184","NA","916.9857000088086","NA","NA","2338.967399991816","NA","2460.050899986527","NA","2044.3177999986801","NA","2939.409999991767","NA","NA","NA","4243.720700003905","NA","NA","NA","27910.77360000054","c","20","2","psycho","The chef will slice the bread","1024","2","24000","-16","experiment","19","odd","1","358806.7277999944","545305.7921","542744.1262000066","378278.01510000427","4934.929800001555","358812.83569999505","360955.21149999695","NA","538720.5038999964","542744.0551000036","538501.9728000043","NA","358806.80410000787","NA","NA","537584.2533999967","NA","NA","364234.25690000295","NA","366577.203000008","NA","369040.91060000064","NA","371089.78140000545","NA","NA","NA","374033.5546999995","NA","NA","NA","545324.789300008","NA","32857.288800005335","538703.2971000008","537574.8026000074","537584.0140000073","542763.4732000006","542720.8385999984","378278.0486999982","538702.5540000031","4944.606999997632","3000","SceneViewing","19","25072.677900010603","19","2560"
"100","100","18_n.wav","1294","1294","#dadada","256","psycho","psycho","psycho","non-restrictive","1","undefined","undefined","1","NA","undefined","NA","undefined","NA","undefined","NA","undefined","NA","NA","undefined","NA","NA","NA","undefined","0","20","20","0","0","0","0","NA","20","20","20","NA","0","NA","NA","20","0","NA","0","NA","0","NA","0","NA","0","NA","NA","NA","0","NA","NA","NA","20","NA","0","20","20","20","20","20","0","20","0","participant_group4.csv","4","NA","NA","NA","Fri Jul 24 14:12:43 2026","NA","The main experiment item","False","VWP_finalSetup_22_7.osexp","C:\Users\plcm\Desktop\2026-EyeTracking\group-eyeconic\OS2\final_recordings_upl","False","mono","False","20","no","#0c0c0c","no","yes","1440","18","19_pos4_nosub.png","19_pos4_sub.png","psycho","20","20","C:/Users/plcm/Desktop/2026-EyeTracking/group-eyeconic/OS2/final_recordings_upl/group 19-24/subject-19.csv","psycho","Neonatal Nightingale","4.1.14","stick","feather","leaf","football","0","0","space","space","space","NA","space","NA","NA","space","NA","space","NA","space","NA","space","NA","NA","NA","space","NA","NA","NA","826.0305000003427","2136.416100009228","3274.0562000108184","NA","826.0305000003427","NA","NA","2338.967399991816","NA","2460.050899986527","NA","2044.3177999986801","NA","2939.409999991767","NA","NA","NA","4243.720700003905","NA","NA","NA","27910.77360000054","c","21","2","psycho","The boy will touch the football","1024","2","24000","-16","experiment","19","odd","4","358806.7277999944","553045.786600007","550427.320200004","378278.01510000427","4934.929800001555","358812.83569999505","360955.21149999695","NA","546403.4862999979","550427.248699998","546181.8248000054","NA","358806.80410000787","NA","NA","545355.1458000002","NA","NA","364234.25690000295","NA","366577.203000008","NA","369040.91060000064","NA","371089.78140000545","NA","NA","NA","374033.5546999995","NA","NA","NA","553064.8001999944","NA","32857.288800005335","546388.2389000064","545344.6021999989","545354.9388999963","550446.2817000021","550403.7176999991","378278.0486999982","546387.4887999991","4944.606999997632","3000","SceneViewing","20","25898.708400010946","20","2560"
"100","100","41_r.wav","1281","1281","#dadada","256","psycho","psycho","psycho","restrictive","1","undefined","undefined","1","NA","undefined","NA","undefined","NA","undefined","NA","undefined","NA","NA","undefined","NA","NA","NA","undefined","0","21","21","0","0","0","0","NA","21","21","21","NA","0","NA","NA","21","0","NA","0","NA","0","NA","0","NA","0","NA","NA","NA","0","NA","NA","NA","21","NA","0","21","21","21","21","21","0","21","0","participant_group4.csv","4","NA","NA","NA","Fri Jul 24 14:12:43 2026","NA","The main experiment item","False","VWP_finalSetup_22_7.osexp","C:\Users\plcm\Desktop\2026-EyeTracking\group-eyeconic\OS2\final_recordings_upl","False","mono","False","20","no","#0c0c0c","no","yes","1440","41","42_pos3_nosub.png","42_pos3_sub.png","psycho","21","21","C:/Users/plcm/Desktop/2026-EyeTracking/group-eyeconic/OS2/final_recordings_upl/group 19-24/subject-19.csv","psycho","Neonatal Nightingale","4.1.14","cone","shell","orange","stone","0","0","space","space","space","NA","space","NA","NA","space","NA","space","NA","space","NA","space","NA","NA","NA","space","NA","NA","NA","1010.1014999963809","2136.416100009228","3274.0562000108184","NA","1010.1014999963809","NA","NA","2338.967399991816","NA","2460.050899986527","NA","2044.3177999986801","NA","2939.409999991767","NA","NA","NA","4243.720700003905","NA","NA","NA","27910.77360000054","c","22","2","psycho","The boy will squeeze the orange","1024","2","24000","-16","experiment","19","odd","3","358806.7277999944","561265.9815000079","558354.3746000068","378278.01510000427","4934.929800001555","358812.83569999505","360955.21149999695","NA","554327.7201000019","558354.2978000041","554101.8710000062","NA","358806.80410000787","NA","NA","553091.136300005","NA","NA","364234.25690000295","NA","366577.203000008","NA","369040.91060000064","NA","371089.78140000545","NA","NA","NA","374033.5546999995","NA","NA","NA","561285.4092000052","NA","32857.288800005335","554311.0070999974","553080.5676000018","553091.0115000006","558373.8985999953","558328.5121999943","378278.0486999982","554310.4365000036","4944.606999997632","3000","SceneViewing","21","26908.809900007327","21","2560"
"100","100","39_r.wav","1250","1250","#dadada","256","psycho","psycho","psycho","restrictive","1","undefined","undefined","1","NA","undefined","NA","undefined","NA","undefined","NA","undefined","NA","NA","undefined","NA","NA","NA","undefined","0","22","22","0","0","0","0","NA","22","22","22","NA","0","NA","NA","22","0","NA","0","NA","0","NA","0","NA","0","NA","NA","NA","0","NA","NA","NA","22","NA","0","22","22","22","22","22","0","22","0","participant_group4.csv","4","NA","NA","NA","Fri Jul 24 14:12:43 2026","NA","The main experiment item","False","VWP_finalSetup_22_7.osexp","C:\Users\plcm\Desktop\2026-EyeTracking\group-eyeconic\OS2\final_recordings_upl","False","mono","False","20","no","#0c0c0c","no","yes","1440","39","40_pos1_nosub.png","40_pos1_sub.png","psycho","22","22","C:/Users/plcm/Desktop/2026-EyeTracking/group-eyeconic/OS2/final_recordings_upl/group 19-24/subject-19.csv","psycho","Neonatal Nightingale","4.1.14","shoelace","shampoo","mat","buckle","0","0","space","space","space","NA","space","NA","NA","space","NA","space","NA","space","NA","space","NA","NA","NA","space","NA","NA","NA","600.1462999993237","2136.416100009228","3274.0562000108184","NA","600.1462999993237","NA","NA","2338.967399991816","NA","2460.050899986527","NA","2044.3177999986801","NA","2939.409999991767","NA","NA","NA","4243.720700003905","NA","NA","NA","27910.77360000054","c","23","2","psycho","The boy will tie the shoelace","1024","2","24000","-16","experiment","19","odd","1","358806.7277999944","568776.0103000037","566152.3954000004","378278.01510000427","4934.929800001555","358812.83569999505","360955.21149999695","NA","562128.6044000008","566152.3295000079","561909.8336000025","NA","358806.80410000787","NA","NA","561309.0867999999","NA","NA","364234.25690000295","NA","366577.203000008","NA","369040.91060000064","NA","371089.78140000545","NA","NA","NA","374033.5546999995","NA","NA","NA","568795.3067000053","NA","32857.288800005335","562112.1286999987","561299.382600002","561308.8949999947","566171.6296000086","566128.8401000056","378278.0486999982","562111.7368999985","4944.606999997632","3000","SceneViewing","22","27508.95620000665","22","2560"
"100","100","4_n.wav","1218","1218","#dadada","256","psycho","psycho","psycho","non-restrictive","1","undefined","undefined","1","NA","undefined","NA","undefined","NA","undefined","NA","undefined","NA","NA","undefined","NA","NA","NA","undefined","0","23","23","0","0","0","0","NA","23","23","23","NA","0","NA","NA","23","0","NA","0","NA","0","NA","0","NA","0","NA","NA","NA","0","NA","NA","NA","23","NA","0","23","23","23","23","23","0","23","0","participant_group4.csv","4","NA","NA","NA","Fri Jul 24 14:12:43 2026","NA","The main experiment item","False","VWP_finalSetup_22_7.osexp","C:\Users\plcm\Desktop\2026-EyeTracking\group-eyeconic\OS2\final_recordings_upl","False","mono","False","20","no","#0c0c0c","no","yes","1440","4","5_pos2_nosub.png","5_pos2_sub.png","psycho","23","23","C:/Users/plcm/Desktop/2026-EyeTracking/group-eyeconic/OS2/final_recordings_upl/group 19-24/subject-19.csv","psycho","Neonatal Nightingale","4.1.14","shuttle-cock","ball","paper-plane","acorns","0","0","space","space","space","NA","space","NA","NA","space","NA","space","NA","space","NA","space","NA","NA","NA","space","NA","NA","NA","514.080400011153","2136.416100009228","3274.0562000108184","NA","514.080400011153","NA","NA","2338.967399991816","NA","2460.050899986527","NA","2044.3177999986801","NA","2939.409999991767","NA","NA","NA","4243.720700003905","NA","NA","NA","27910.77360000054","c","24","2","psycho","The boy will throw the ball","1024","2","24000","-16","experiment","19","odd","2","358806.7277999944","576105.7316000079","573587.1990000014","378278.01510000427","4934.929800001555","358812.83569999505","360955.21149999695","NA","569563.5515000031","573587.1323000028","569341.9089999952","NA","358806.80410000787","NA","NA","568827.1342999942","NA","NA","364234.25690000295","NA","366577.203000008","NA","369040.91060000064","NA","371089.78140000545","NA","NA","NA","374033.5546999995","NA","NA","NA","576125.1889999985","NA","32857.288800005335","569547.1467000025","568815.7812999998","568826.9448000065","573606.4279999991","573563.7888000056","378278.0486999982","569546.7623000004","4944.606999997632","3000","SceneViewing","23","28023.036600017804","23","2560"
"100","100","22_n.wav","1202","1202","#dadada","256","psycho","psycho","psycho","non-restrictive","1","undefined","undefined","1","NA","undefined","NA","undefined","NA","undefined","NA","undefined","NA","NA","undefined","NA","NA","NA","undefined","0","24","24","0","0","0","0","NA","24","24","24","NA","0","NA","NA","24","0","NA","0","NA","0","NA","0","NA","0","NA","NA","NA","0","NA","NA","NA","24","NA","0","24","24","24","24","24","0","24","0","participant_group4.csv","4","NA","NA","NA","Fri Jul 24 14:12:43 2026","NA","The main experiment item","False","VWP_finalSetup_22_7.osexp","C:\Users\plcm\Desktop\2026-EyeTracking\group-eyeconic\OS2\final_recordings_upl","False","mono","False","20","no","#0c0c0c","no","yes","1440","22","23_pos4_nosub.png","23_pos4_sub.png","psycho","24","24","C:/Users/plcm/Desktop/2026-EyeTracking/group-eyeconic/OS2/final_recordings_upl/group 19-24/subject-19.csv","psycho","Neonatal Nightingale","4.1.14","hook","poster","towel","coat","0","0","space","space","space","NA","space","NA","NA","space","NA","space","NA","space","NA","space","NA","NA","NA","space","NA","NA","NA","848.0852999928175","2136.416100009228","3274.0562000108184","NA","848.0852999928175","NA","NA","2338.967399991816","NA","2460.050899986527","NA","2044.3177999986801","NA","2939.409999991767","NA","NA","NA","4243.720700003905","NA","NA","NA","27910.77360000054","c","25","2","psycho","The girl will hang the coat","1024","2","24000","-16","experiment","19","odd","4","358806.7277999944","583705.8945000026","581235.1993000048","378278.01510000427","4934.929800001555","358812.83569999505","360955.21149999695","NA","577210.0993000058","581235.1357000007","576997.9692000052","NA","358806.80410000787","NA","NA","576149.0884000086","NA","NA","364234.25690000295","NA","366577.203000008","NA","369040.91060000064","NA","371089.78140000545","NA","NA","NA","374033.5546999995","NA","NA","NA","583725.0749000086","NA","32857.288800005335","577195.063399995","576137.879700007","576148.9413999952","581254.6165999956","581210.7363999967","378278.0486999982","577194.5706999977","4944.606999997632","3000","SceneViewing","24","28871.12190001062","24","2560"
"100","100","15_r.wav","1220","1220","#dadada","256","psycho","psycho","psycho","restrictive","1","undefined","undefined","1","NA","undefined","NA","undefined","NA","undefined","NA","undefined","NA","NA","undefined","NA","NA","NA","undefined","0","25","25","0","0","0","0","NA","25","25","25","NA","0","NA","NA","25","0","NA","0","NA","0","NA","0","NA","0","NA","NA","NA","0","NA","NA","NA","25","NA","0","25","25","25","25","25","0","25","0","participant_group4.csv","4","NA","NA","NA","Fri Jul 24 14:12:43 2026","NA","The main experiment item","False","VWP_finalSetup_22_7.osexp","C:\Users\plcm\Desktop\2026-EyeTracking\group-eyeconic\OS2\final_recordings_upl","False","mono","False","20","no","#0c0c0c","no","yes","1440","15","16_pos1_nosub.png","16_pos1_sub.png","psycho","25","25","C:/Users/plcm/Desktop/2026-EyeTracking/group-eyeconic/OS2/final_recordings_upl/group 19-24/subject-19.csv","psycho","Neonatal Nightingale","4.1.14","hat","wallet","magnifying-glass","folder","0","0","space","space","space","NA","space","NA","NA","space","NA","space","NA","space","NA","space","NA","NA","NA","space","NA","NA","NA","1637.1818000043277","2136.416100009228","3274.0562000108184","NA","1637.1818000043277","NA","NA","2338.967399991816","NA","2460.050899986527","NA","2044.3177999986801","NA","2939.409999991767","NA","NA","NA","4243.720700003905","NA","NA","NA","27910.77360000054","c","26","2","psycho","The businessman will wear the hat","1024","2","24000","-16","experiment","19","odd","1","358806.7277999944","592605.9442999976","589622.629999998","378278.01510000427","4934.929800001555","358812.83569999505","360955.21149999695","NA","585598.7612000026","589622.5675000023","585381.9719000021","NA","358806.80410000787","NA","NA","583744.0614999941","NA","NA","364234.25690000295","NA","366577.203000008","NA","369040.91060000064","NA","371089.78140000545","NA","NA","NA","374033.5546999995","NA","NA","NA","592625.5711999984","NA","32857.288800005335","585582.7197000035","583733.3037000062","583743.9001000021","589641.8234000012","589599.098000006","378278.0486999982","585582.2316999984","4944.606999997632","3000","SceneViewing","25","30508.30370001495","25","2560"
"100","100","13_r.wav","1251","1251","#dadada","256","psycho","psycho","psycho","restrictive","1","undefined","undefined","1","NA","undefined","NA","undefined","NA","undefined","NA","undefined","NA","NA","undefined","NA","NA","NA","undefined","0","26","26","0","0","0","0","NA","26","26","26","NA","0","NA","NA","26","0","NA","0","NA","0","NA","0","NA","0","NA","NA","NA","0","NA","NA","NA","26","NA","0","26","26","26","26","26","0","26","0","participant_group4.csv","4","NA","NA","NA","Fri Jul 24 14:12:43 2026","NA","The main experiment item","False","VWP_finalSetup_22_7.osexp","C:\Users\plcm\Desktop\2026-EyeTracking\group-eyeconic\OS2\final_recordings_upl","False","mono","False","20","no","#0c0c0c","no","yes","1440","13","14_pos3_nosub.png","14_pos3_sub.png","psycho","26","26","C:/Users/plcm/Desktop/2026-EyeTracking/group-eyeconic/OS2/final_recordings_upl/group 19-24/subject-19.csv","psycho","Neonatal Nightingale","4.1.14","briefcase","glasses","cigarettes","filofax","0","0","space","space","space","NA","space","NA","NA","space","NA","space","NA","space","NA","space","NA","NA","NA","space","NA","NA","NA","2033.6608000070555","2136.416100009228","3274.0562000108184","NA","2033.6608000070555","NA","NA","2338.967399991816","NA","2460.050899986527","NA","2044.3177999986801","NA","2939.409999991767","NA","NA","NA","4243.720700003905","NA","NA","NA","27910.77360000054","c","27","2","psycho","The man will smoke the cigarettes","1024","2","24000","-16","experiment","19","odd","3","358806.7277999944","601796.0529999982","598921.3038000016","378278.01510000427","4934.929800001555","358812.83569999505","360955.21149999695","NA","594896.9150000048","598921.2453000073","594677.8895000025","NA","358806.80410000787","NA","NA","592643.5412999999","NA","NA","364234.25690000295","NA","366577.203000008","NA","369040.91060000064","NA","371089.78140000545","NA","NA","NA","374033.5546999995","NA","NA","NA","601815.6606999983","NA","32857.288800005335","594881.137000004","592633.3666999999","592643.3345999976","598940.440300008","598897.6094999962","378278.0486999982","594880.5815999949","4944.606999997632","3000","SceneViewing","26","32541.964500022004","26","2560"
"100","100","12_n.wav","1224","1224","#dadada","256","psycho","psycho","psycho","non-restrictive","1","undefined","undefined","1","NA","undefined","NA","undefined","NA","undefined","NA","undefined","NA","NA","undefined","NA","NA","NA","undefined","0","27","27","0","0","0","0","NA","27","27","27","NA","0","NA","NA","27","0","NA","0","NA","0","NA","0","NA","0","NA","NA","NA","0","NA","NA","NA","27","NA","0","27","27","27","27","27","0","27","0","participant_group4.csv","4","NA","NA","NA","Fri Jul 24 14:12:43 2026","NA","The main experiment item","False","VWP_finalSetup_22_7.osexp","C:\Users\plcm\Desktop\2026-EyeTracking\group-eyeconic\OS2\final_recordings_upl","False","mono","False","20","no","#0c0c0c","no","yes","1440","12","13_pos2_nosub.png","13_pos2_sub.png","psycho","27","27","C:/Users/plcm/Desktop/2026-EyeTracking/group-eyeconic/OS2/final_recordings_upl/group 19-24/subject-19.csv","psycho","Neonatal Nightingale","4.1.14","car","boat","birds","sun","0","0","space","space","space","NA","space","NA","NA","space","NA","space","NA","space","NA","space","NA","NA","NA","space","NA","NA","NA","506.26999999803957","2136.416100009228","3274.0562000108184","NA","506.26999999803957","NA","NA","2338.967399991816","NA","2460.050899986527","NA","2044.3177999986801","NA","2939.409999991767","NA","NA","NA","4243.720700003905","NA","NA","NA","27910.77360000054","c","28","2","psycho","The man will watch the boat","1024","2","24000","-16","experiment","19","odd","2","358806.7277999944","609066.0927999998","606595.5063000001","378278.01510000427","4934.929800001555","358812.83569999505","360955.21149999695","NA","602569.0407000075","606595.4095000052","602358.0968000024","NA","358806.80410000787","NA","NA","601850.9558000078","NA","NA","364234.25690000295","NA","366577.203000008","NA","369040.91060000064","NA","371089.78140000545","NA","NA","NA","374033.5546999995","NA","NA","NA","609085.0593000068","NA","32857.288800005335","602553.8394000032","601839.3900000083","601850.7743999944","606615.2422000014","606569.6558000054","378278.0486999982","602552.949799996","4944.606999997632","3000","SceneViewing","27","33048.234500020044","27","2560"
"100","100","45_r.wav","1272","1272","#dadada","256","psycho","psycho","psycho","restrictive","1","undefined","undefined","1","NA","undefined","NA","undefined","NA","undefined","NA","undefined","NA","NA","undefined","NA","NA","NA","undefined","0","28","28","0","0","0","0","NA","28","28","28","NA","0","NA","NA","28","0","NA","0","NA","0","NA","0","NA","0","NA","NA","NA","0","NA","NA","NA","28","NA","0","28","28","28","28","28","0","28","0","participant_group4.csv","4","NA","NA","NA","Fri Jul 24 14:12:43 2026","NA","The main experiment item","False","VWP_finalSetup_22_7.osexp","C:\Users\plcm\Desktop\2026-EyeTracking\group-eyeconic\OS2\final_recordings_upl","False","mono","False","20","no","#0c0c0c","no","yes","1440","45","46_pos3_nosub.png","46_pos3_sub.png","psycho","28","28","C:/Users/plcm/Desktop/2026-EyeTracking/group-eyeconic/OS2/final_recordings_upl/group 19-24/subject-19.csv","psycho","Neonatal Nightingale","4.1.14","peeler","pot","carrot","laddle","0","0","space","space","space","NA","space","NA","NA","space","NA","space","NA","space","NA","space","NA","NA","NA","space","NA","NA","NA","2571.347600009176","2136.416100009228","3274.0562000108184","NA","2571.347600009176","NA","NA","2338.967399991816","NA","2460.050899986527","NA","2044.3177999986801","NA","2939.409999991767","NA","NA","NA","4243.720700003905","NA","NA","NA","27910.77360000054","c","29","2","psycho","The chef will grate the carrot","1024","2","24000","-16","experiment","19","odd","3","358806.7277999944","618545.649599997","615918.4189999942","378278.01510000427","4934.929800001555","358812.83569999505","360955.21149999695","NA","611895.0903000077","615918.3705000032","611677.978599997","NA","358806.80410000787","NA","NA","609105.8310999942","NA","NA","364234.25690000295","NA","366577.203000008","NA","369040.91060000064","NA","371089.78140000545","NA","NA","NA","374033.5546999995","NA","NA","NA","618564.6418999968","NA","32857.288800005335","611878.0605000065","609095.1956000063","609105.7053999975","615938.0199000007","615895.4572000075","378278.0486999982","611877.4856999953","4944.606999997632","3000","SceneViewing","28","35619.58210002922","28","2560"
"100","100","26_n.wav","1278","1278","#dadada","256","psycho","psycho","psycho","non-restrictive","1","undefined","undefined","1","NA","undefined","NA","undefined","NA","undefined","NA","undefined","NA","NA","undefined","NA","NA","NA","undefined","0","29","29","0","0","0","0","NA","29","29","29","NA","0","NA","NA","29","0","NA","0","NA","0","NA","0","NA","0","NA","NA","NA","0","NA","NA","NA","29","NA","0","29","29","29","29","29","0","29","0","participant_group4.csv","4","NA","NA","NA","Fri Jul 24 14:12:43 2026","NA","The main experiment item","False","VWP_finalSetup_22_7.osexp","C:\Users\plcm\Desktop\2026-EyeTracking\group-eyeconic\OS2\final_recordings_upl","False","mono","False","20","no","#0c0c0c","no","yes","1440","26","27_pos4_nosub.png","27_pos4_sub.png","psycho","29","29","C:/Users/plcm/Desktop/2026-EyeTracking/group-eyeconic/OS2/final_recordings_upl/group 19-24/subject-19.csv","psycho","Neonatal Nightingale","4.1.14","package","coin","coaster","candle","0","0","space","space","space","NA","space","NA","NA","space","NA","space","NA","space","NA","space","NA","NA","NA","space","NA","NA","NA","1462.8742000058992","2136.416100009228","3274.0562000108184","NA","1462.8742000058992","NA","NA","2338.967399991816","NA","2460.050899986527","NA","2044.3177999986801","NA","2939.409999991767","NA","NA","NA","4243.720700003905","NA","NA","NA","27910.77360000054","c","30","2","psycho","The woman will blow grab the candle","1024","2","24000","-16","experiment","19","odd","4","358806.7277999944","627115.8125000075","624295.4900000041","378278.01510000427","4934.929800001555","358812.83569999505","360955.21149999695","NA","620271.5564999962","624295.3857999964","620045.9122000029","NA","358806.80410000787","NA","NA","618582.2982999962","NA","NA","364234.25690000295","NA","366577.203000008","NA","369040.91060000064","NA","371089.78140000545","NA","NA","NA","374033.5546999995","NA","NA","NA","627135.681300002","NA","32857.288800005335","620254.5711999992","618572.0255000051","618582.169900008","624314.7811999952","624271.8775999965","378278.0486999982","620253.8643000007","4944.606999997632","3000","SceneViewing","29","37082.45630003512","29","2560"
"100","100","25_r.wav","1297","1297","#dadada","256","psycho","psycho","psycho","restrictive","1","undefined","undefined","1","NA","undefined","NA","undefined","NA","undefined","NA","undefined","NA","NA","undefined","NA","NA","NA","undefined","0","30","30","0","0","0","0","NA","30","30","30","NA","0","NA","NA","30","0","NA","0","NA","0","NA","0","NA","0","NA","NA","NA","0","NA","NA","NA","30","NA","0","30","30","30","30","30","0","30","0","participant_group4.csv","4","NA","NA","NA","Fri Jul 24 14:12:43 2026","NA","The main experiment item","False","VWP_finalSetup_22_7.osexp","C:\Users\plcm\Desktop\2026-EyeTracking\group-eyeconic\OS2\final_recordings_upl","False","mono","False","20","no","#0c0c0c","no","yes","1440","25","26_pos3_nosub.png","26_pos3_sub.png","psycho","30","30","C:/Users/plcm/Desktop/2026-EyeTracking/group-eyeconic/OS2/final_recordings_upl/group 19-24/subject-19.csv","psycho","Neonatal Nightingale","4.1.14","peach","rope","canvas","keyboard","0","0","space","space","space","NA","space","NA","NA","space","NA","space","NA","space","NA","space","NA","NA","NA","space","NA","NA","NA","1846.8760000105249","2136.416100009228","3274.0562000108184","NA","1846.8760000105249","NA","NA","2338.967399991816","NA","2460.050899986527","NA","2044.3177999986801","NA","2939.409999991767","NA","NA","NA","4243.720700003905","NA","NA","NA","27910.77360000054","c","31","2","psycho","The man will paint the canvas","1024","2","24000","-16","experiment","19","odd","3","358806.7277999944","636075.6069000054","633256.7355000065","378278.01510000427","4934.929800001555","358812.83569999505","360955.21149999695","NA","629233.2447999943","633256.6799000051","629014.0222000045","NA","358806.80410000787","NA","NA","627166.3706999971","NA","NA","364234.25690000295","NA","366577.203000008","NA","369040.91060000064","NA","371089.78140000545","NA","NA","NA","374033.5546999995","NA","NA","NA","636094.7340999992","NA","32857.288800005335","629216.4709000062","627156.0450999968","627166.1348000052","633276.0176000011","633233.8455999998","378278.0486999982","629215.8015000023","4944.606999997632","3000","SceneViewing","30","38929.332300045644","30","2560"
"100","100","38_n.wav","1299","1299","#dadada","256","psycho","psycho","psycho","non-restrictive","1","undefined","undefined","1","NA","undefined","NA","undefined","NA","undefined","NA","undefined","NA","NA","undefined","NA","NA","NA","undefined","0","31","31","0","0","0","0","NA","31","31","31","NA","0","NA","NA","31","0","NA","0","NA","0","NA","0","NA","0","NA","NA","NA","0","NA","NA","NA","31","NA","0","31","31","31","31","31","0","31","0","participant_group4.csv","4","NA","NA","NA","Fri Jul 24 14:12:43 2026","NA","The main experiment item","False","VWP_finalSetup_22_7.osexp","C:\Users\plcm\Desktop\2026-EyeTracking\group-eyeconic\OS2\final_recordings_upl","False","mono","False","20","no","#0c0c0c","no","yes","1440","38","39_pos4_nosub.png","39_pos4_sub.png","psycho","31","31","C:/Users/plcm/Desktop/2026-EyeTracking/group-eyeconic/OS2/final_recordings_upl/group 19-24/subject-19.csv","psycho","Neonatal Nightingale","4.1.14","mop","broom","cloth","apron","0","0","space","space","space","NA","space","NA","NA","space","NA","space","NA","space","NA","space","NA","NA","NA","space","NA","NA","NA","1343.8826000055997","2136.416100009228","3274.0562000108184","NA","1343.8826000055997","NA","NA","2338.967399991816","NA","2460.050899986527","NA","2044.3177999986801","NA","2939.409999991767","NA","NA","NA","4243.720700003905","NA","NA","NA","27910.77360000054","c","32","2","psycho","The woman will carry the apron","1024","2","24000","-16","experiment","19","odd","4","358806.7277999944","644545.7289000042","641712.8632999957","378278.01510000427","4934.929800001555","358812.83569999505","360955.21149999695","NA","637688.8101000077","641712.8114000079","637470.0719999964","NA","358806.80410000787","NA","NA","636125.2848000004","NA","NA","364234.25690000295","NA","366577.203000008","NA","369040.91060000064","NA","371089.78140000545","NA","NA","NA","374033.5546999995","NA","NA","NA","644565.2325999981","NA","32857.288800005335","637673.4308000014","636114.541700008","636125.1486999972","641731.8988000043","641689.4480000046","378278.0486999982","637672.9463999945","4944.606999997632","3000","SceneViewing","31","40273.21490005124","31","2560"
"100","100","3_r.wav","1292","1292","#dadada","256","psycho","psycho","psycho","restrictive","1","undefined","undefined","1","NA","undefined","NA","undefined","NA","undefined","NA","undefined","NA","NA","undefined","NA","NA","NA","undefined","0","32","32","0","0","0","0","NA","32","32","32","NA","0","NA","NA","32","0","NA","0","NA","0","NA","0","NA","0","NA","NA","NA","0","NA","NA","NA","32","NA","0","32","32","32","32","32","0","32","0","participant_group4.csv","4","NA","NA","NA","Fri Jul 24 14:12:43 2026","NA","The main experiment item","False","VWP_finalSetup_22_7.osexp","C:\Users\plcm\Desktop\2026-EyeTracking\group-eyeconic\OS2\final_recordings_upl","False","mono","False","20","no","#0c0c0c","no","yes","1440","3","4_pos1_nosub.png","4_pos1_sub.png","psycho","32","32","C:/Users/plcm/Desktop/2026-EyeTracking/group-eyeconic/OS2/final_recordings_upl/group 19-24/subject-19.csv","psycho","Neonatal Nightingale","4.1.14","baby","plant","stool","rocking-horse","0","0","space","space","space","NA","space","NA","NA","space","NA","space","NA","space","NA","space","NA","NA","NA","space","NA","NA","NA","1090.1532999996562","2136.416100009228","3274.0562000108184","NA","1090.1532999996562","NA","NA","2338.967399991816","NA","2460.050899986527","NA","2044.3177999986801","NA","2939.409999991767","NA","NA","NA","4243.720700003905","NA","NA","NA","27910.77360000054","c","33","2","psycho","The woman will bathe the baby","1024","2","24000","-16","experiment","19","odd","1","358806.7277999944","652805.6842000078","649928.7379000016","378278.01510000427","4934.929800001555","358812.83569999505","360955.21149999695","NA","645904.8238999967","649928.6852000077","645686.1581999983","NA","358806.80410000787","NA","NA","644595.1399000041","NA","NA","364234.25690000295","NA","366577.203000008","NA","369040.91060000064","NA","371089.78140000545","NA","NA","NA","374033.5546999995","NA","NA","NA","652825.3643000062","NA","32857.288800005335","645885.2002000058","644584.7085999994","644594.9487000034","649947.9486000055","649905.6207999965","378278.0486999982","645884.7113000083","4944.606999997632","3000","SceneViewing","32","41363.3682000509","32","2560"
"100","100","2_n.wav","1281","1281","#dadada","256","psycho","psycho","psycho","non-restrictive","1","undefined","undefined","1","NA","undefined","NA","undefined","NA","undefined","NA","undefined","NA","NA","undefined","NA","NA","NA","undefined","0","33","33","0","0","0","0","NA","33","33","33","NA","0","NA","NA","33","0","NA","0","NA","0","NA","0","NA","0","NA","NA","NA","0","NA","NA","NA","33","NA","0","33","33","33","33","33","0","33","0","participant_group4.csv","4","NA","NA","NA","Fri Jul 24 14:12:43 2026","NA","The main experiment item","False","VWP_finalSetup_22_7.osexp","C:\Users\plcm\Desktop\2026-EyeTracking\group-eyeconic\OS2\final_recordings_upl","False","mono","False","20","no","#0c0c0c","no","yes","1440","2","3_pos4_nosub.png","3_pos4_sub.png","psycho","33","33","C:/Users/plcm/Desktop/2026-EyeTracking/group-eyeconic/OS2/final_recordings_upl/group 19-24/subject-19.csv","psycho","Neonatal Nightingale","4.1.14","car","houses","dustbin","man","0","0","space","space","space","NA","space","NA","NA","space","NA","space","NA","space","NA","space","NA","NA","NA","space","NA","NA","NA","910.5156000005081","2136.416100009228","3274.0562000108184","NA","910.5156000005081","NA","NA","2338.967399991816","NA","2460.050899986527","NA","2044.3177999986801","NA","2939.409999991767","NA","NA","NA","4243.720700003905","NA","NA","NA","27910.77360000054","c","34","2","psycho","The policeman will search the man","1024","2","24000","-16","experiment","19","odd","4","358806.7277999944","660995.7635000028","658008.7022999942","378278.01510000427","4934.929800001555","358812.83569999505","360955.21149999695","NA","653983.0744000064","658008.637100007","653757.9778000072","NA","358806.80410000787","NA","NA","652846.736499996","NA","NA","364234.25690000295","NA","366577.203000008","NA","369040.91060000064","NA","371089.78140000545","NA","NA","NA","374033.5546999995","NA","NA","NA","661015.2052000049","NA","32857.288800005335","653964.7242000065","652836.5185000002","652846.6311000084","658028.2125000085","657983.8614000037","378278.0486999982","653964.2072999995","4944.606999997632","3000","SceneViewing","33","42273.88380005141","33","2560"
"100","100","34_n.wav","1288","1288","#dadada","256","psycho","psycho","psycho","non-restrictive","1","undefined","undefined","1","NA","undefined","NA","undefined","NA","undefined","NA","undefined","NA","NA","undefined","NA","NA","NA","undefined","0","34","34","0","0","0","0","NA","34","34","34","NA","0","NA","NA","34","0","NA","0","NA","0","NA","0","NA","0","NA","NA","NA","0","NA","NA","NA","34","NA","0","34","34","34","34","34","0","34","0","participant_group4.csv","4","NA","NA","NA","Fri Jul 24 14:12:43 2026","NA","The main experiment item","False","VWP_finalSetup_22_7.osexp","C:\Users\plcm\Desktop\2026-EyeTracking\group-eyeconic\OS2\final_recordings_upl","False","mono","False","20","no","#0c0c0c","no","yes","1440","34","35_pos4_nosub.png","35_pos4_sub.png","psycho","34","34","C:/Users/plcm/Desktop/2026-EyeTracking/group-eyeconic/OS2/final_recordings_upl/group 19-24/subject-19.csv","psycho","Neonatal Nightingale","4.1.14","puzzle","notebook","pillow","radio","0","0","space","space","space","NA","space","NA","NA","space","NA","space","NA","space","NA","space","NA","NA","NA","space","NA","NA","NA","1519.2685999936657","2136.416100009228","3274.0562000108184","NA","1519.2685999936657","NA","NA","2338.967399991816","NA","2460.050899986527","NA","2044.3177999986801","NA","2939.409999991767","NA","NA","NA","4243.720700003905","NA","NA","NA","27910.77360000054","c","35","2","psycho","The boy will move the radio","1024","2","24000","-16","experiment","19","odd","4","358806.7277999944","669545.8013000025","666813.4601000056","378278.01510000427","4934.929800001555","358812.83569999505","360955.21149999695","NA","662789.6656999947","666813.3889000019","662566.0869999992","NA","358806.80410000787","NA","NA","661045.933500005","NA","NA","364234.25690000295","NA","366577.203000008","NA","369040.91060000064","NA","371089.78140000545","NA","NA","NA","374033.5546999995","NA","NA","NA","669565.0183999969","NA","32857.288800005335","662773.2006000006","661035.8243000082","661045.7753999945","666832.8941000073","666790.2656000078","378278.0486999982","662772.5110000029","4944.606999997632","3000","SceneViewing","34","43793.15240004507","34","2560"
"100","100","47_r.wav","1294","1294","#dadada","256","psycho","psycho","psycho","restrictive","1","undefined","undefined","1","NA","undefined","NA","undefined","NA","undefined","NA","undefined","NA","NA","undefined","NA","NA","NA","undefined","0","35","35","0","0","0","0","NA","35","35","35","NA","0","NA","NA","35","0","NA","0","NA","0","NA","0","NA","0","NA","NA","NA","0","NA","NA","NA","35","NA","0","35","35","35","35","35","0","35","0","participant_group4.csv","4","NA","NA","NA","Fri Jul 24 14:12:43 2026","NA","The main experiment item","False","VWP_finalSetup_22_7.osexp","C:\Users\plcm\Desktop\2026-EyeTracking\group-eyeconic\OS2\final_recordings_upl","False","mono","False","20","no","#0c0c0c","no","yes","1440","47","48_pos1_nosub.png","48_pos1_sub.png","psycho","35","35","C:/Users/plcm/Desktop/2026-EyeTracking/group-eyeconic/OS2/final_recordings_upl/group 19-24/subject-19.csv","psycho","Neonatal Nightingale","4.1.14","carpet","dustpan","roller","footstool","0","0","space","space","space","NA","space","NA","NA","space","NA","space","NA","space","NA","space","NA","NA","NA","space","NA","NA","NA","1505.2789999899687","2136.416100009228","3274.0562000108184","NA","1505.2789999899687","NA","NA","2338.967399991816","NA","2460.050899986527","NA","2044.3177999986801","NA","2939.409999991767","NA","NA","NA","4243.720700003905","NA","NA","NA","27910.77360000054","c","36","2","psycho","The girl will vacuum the carpet","1024","2","24000","-16","experiment","19","odd","1","358806.7277999944","678365.670500003","675339.4264999952","378278.01510000427","4934.929800001555","358812.83569999505","360955.21149999695","NA","671314.8386999965","675339.3596999958","671102.0686999982","NA","358806.80410000787","NA","NA","669595.8987000049","NA","NA","364234.25690000295","NA","366577.203000008","NA","369040.91060000064","NA","371089.78140000545","NA","NA","NA","374033.5546999995","NA","NA","NA","678385.489799999","NA","32857.288800005335","671299.4008999958","669584.8335000046","669595.777399998","675358.8452999975","675315.4901999951","378278.0486999982","671298.6963000003","4944.606999997632","3000","SceneViewing","35","45298.43140003504","35","2560"
"100","100","10_n.wav","1294","1294","#dadada","256","psycho","psycho","psycho","non-restrictive","1","undefined","undefined","1","NA","undefined","NA","undefined","NA","undefined","NA","undefined","NA","NA","undefined","NA","NA","NA","undefined","0","36","36","0","0","0","0","NA","36","36","36","NA","0","NA","NA","36","0","NA","0","NA","0","NA","0","NA","0","NA","NA","NA","0","NA","NA","NA","36","NA","0","36","36","36","36","36","0","36","0","participant_group4.csv","4","NA","NA","NA","Fri Jul 24 14:12:43 2026","NA","The main experiment item","False","VWP_finalSetup_22_7.osexp","C:\Users\plcm\Desktop\2026-EyeTracking\group-eyeconic\OS2\final_recordings_upl","False","mono","False","20","no","#0c0c0c","no","yes","1440","10","11_pos4_nosub.png","11_pos4_sub.png","psycho","36","36","C:/Users/plcm/Desktop/2026-EyeTracking/group-eyeconic/OS2/final_recordings_upl/group 19-24/subject-19.csv","psycho","Neonatal Nightingale","4.1.14","mirror","dog","wastebin","washing-machine","0","0","space","space","space","NA","space","NA","NA","space","NA","space","NA","space","NA","space","NA","NA","NA","space","NA","NA","NA","1307.3995000013383","2136.416100009228","3274.0562000108184","NA","1307.3995000013383","NA","NA","2338.967399991816","NA","2460.050899986527","NA","2044.3177999986801","NA","2939.409999991767","NA","NA","NA","4243.720700003905","NA","NA","NA","27910.77360000054","c","37","2","psycho","The man will wipe the washing machine","1024","2","24000","-16","experiment","19","odd","4","358806.7277999944","687235.6165999954","683968.8438000012","378278.01510000427","4934.929800001555","358812.83569999505","360955.21149999695","NA","679944.241899997","683968.759299998","679726.2364000053","NA","358806.80410000787","NA","NA","678417.999199999","NA","NA","364234.25690000295","NA","366577.203000008","NA","369040.91060000064","NA","371089.78140000545","NA","NA","NA","374033.5546999995","NA","NA","NA","687255.1955999952","NA","32857.288800005335","679927.917699999","678406.261600001","678417.8281000059","683987.6884999976","683944.8763999972","378278.0486999982","679927.2673999949","4944.606999997632","3000","SceneViewing","36","46605.83090003638","36","2560"
"100","100","1_r.wav","1298","1298","#dadada","256","psycho","psycho","psycho","restrictive","1","undefined","undefined","1","NA","undefined","NA","undefined","NA","undefined","NA","undefined","NA","NA","undefined","NA","NA","NA","undefined","0","37","37","0","0","0","0","NA","37","37","37","NA","0","NA","NA","37","0","NA","0","NA","0","NA","0","NA","0","NA","NA","NA","0","NA","NA","NA","37","NA","0","37","37","37","37","37","0","37","0","participant_group4.csv","4","NA","NA","NA","Fri Jul 24 14:12:43 2026","NA","The main experiment item","False","VWP_finalSetup_22_7.osexp","C:\Users\plcm\Desktop\2026-EyeTracking\group-eyeconic\OS2\final_recordings_upl","False","mono","False","20","no","#0c0c0c","no","yes","1440","1","2_pos3_nosub.png","2_pos3_sub.png","psycho","37","37","C:/Users/plcm/Desktop/2026-EyeTracking/group-eyeconic/OS2/final_recordings_upl/group 19-24/subject-19.csv","psycho","Neonatal Nightingale","4.1.14","chair","lipstick","wine","cheese","0","0","space","space","space","NA","space","NA","NA","space","NA","space","NA","space","NA","space","NA","NA","NA","space","NA","NA","NA","1431.6694000008283","2136.416100009228","3274.0562000108184","NA","1431.6694000008283","NA","NA","2338.967399991816","NA","2460.050899986527","NA","2044.3177999986801","NA","2939.409999991767","NA","NA","NA","4243.720700003905","NA","NA","NA","27910.77360000054","c","38","2","psycho","The woman will drink the wine","1024","2","24000","-16","experiment","19","odd","3","358806.7277999944","695595.7989000017","692953.327700001","378278.01510000427","4934.929800001555","358812.83569999505","360955.21149999695","NA","688929.0890999982","692953.2237999956","688717.8520000016","NA","358806.80410000787","NA","NA","687285.4843999958","NA","NA","364234.25690000295","NA","366577.203000008","NA","369040.91060000064","NA","371089.78140000545","NA","NA","NA","374033.5546999995","NA","NA","NA","695614.7306000057","NA","32857.288800005335","688912.0472000068","687275.0267999945","687285.2472999948","692972.9317000019","692929.5478999993","378278.0486999982","688911.3670000079","4944.606999997632","3000","SceneViewing","37","48037.50030003721","37","2560"
"100","100","21_r.wav","1383","1383","#dadada","256","psycho","psycho","psycho","restrictive","1","undefined","undefined","1","NA","undefined","NA","undefined","NA","undefined","NA","undefined","NA","NA","undefined","NA","NA","NA","undefined","0","38","38","0","0","0","0","NA","38","38","38","NA","0","NA","NA","38","0","NA","0","NA","0","NA","0","NA","0","NA","NA","NA","0","NA","NA","NA","38","NA","0","38","38","38","38","38","0","38","0","participant_group4.csv","4","NA","NA","NA","Fri Jul 24 14:12:43 2026","NA","The main experiment item","False","VWP_finalSetup_22_7.osexp","C:\Users\plcm\Desktop\2026-EyeTracking\group-eyeconic\OS2\final_recordings_upl","False","mono","False","20","no","#0c0c0c","no","yes","1440","21","22_pos3_nosub.png","22_pos3_sub.png","psycho","38","38","C:/Users/plcm/Desktop/2026-EyeTracking/group-eyeconic/OS2/final_recordings_upl/group 19-24/subject-19.csv","psycho","Neonatal Nightingale","4.1.14","vase","cushion","flower","magazine","0","0","space","space","space","NA","space","NA","NA","space","NA","space","NA","space","NA","space","NA","NA","NA","space","NA","NA","NA","4517.741399991792","2136.416100009228","3274.0562000108184","NA","4517.741399991792","NA","NA","2338.967399991816","NA","2460.050899986527","NA","2044.3177999986801","NA","2939.409999991767","NA","NA","NA","4243.720700003905","NA","NA","NA","27910.77360000054","c","39","2","psycho","The woman will water the flower","1024","2","24000","-16","experiment","19","odd","3","358806.7277999944","707335.654399998","704410.2242000081","378278.01510000427","4934.929800001555","358812.83569999505","360955.21149999695","NA","700386.2057000078","704410.1748999965","700166.1282999994","NA","358806.80410000787","NA","NA","695647.5205000024","NA","NA","364234.25690000295","NA","366577.203000008","NA","369040.91060000064","NA","371089.78140000545","NA","NA","NA","374033.5546999995","NA","NA","NA","707355.5058000056","NA","32857.288800005335","700368.7951000029","695635.2183999988","695647.3927000043","704429.366700002","704386.653900001","378278.0486999982","700368.2323999965","4944.606999997632","3000","SceneViewing","38","52555.241700029","38","2560"
"100","100","30_n.wav","1372","1372","#dadada","256","psycho","psycho","psycho","non-restrictive","1","undefined","undefined","1","NA","undefined","NA","undefined","NA","undefined","NA","undefined","NA","NA","undefined","NA","NA","NA","undefined","0","39","39","0","0","0","0","NA","39","39","39","NA","0","NA","NA","39","0","NA","0","NA","0","NA","0","NA","0","NA","NA","NA","0","NA","NA","NA","39","NA","0","39","39","39","39","39","0","39","0","participant_group4.csv","4","NA","NA","NA","Fri Jul 24 14:12:43 2026","NA","The main experiment item","False","VWP_finalSetup_22_7.osexp","C:\Users\plcm\Desktop\2026-EyeTracking\group-eyeconic\OS2\final_recordings_upl","False","mono","False","20","no","#0c0c0c","no","yes","1440","30","31_pos4_nosub.png","31_pos4_sub.png","psycho","39","39","C:/Users/plcm/Desktop/2026-EyeTracking/group-eyeconic/OS2/final_recordings_upl/group 19-24/subject-19.csv","psycho","Neonatal Nightingale","4.1.14","cap","watch","headphones","dice","0","0","space","space","space","NA","space","NA","NA","space","NA","space","NA","space","NA","space","NA","NA","NA","space","NA","NA","NA","979.3395000015153","2136.416100009228","3274.0562000108184","NA","979.3395000015153","NA","NA","2338.967399991816","NA","2460.050899986527","NA","2044.3177999986801","NA","2939.409999991767","NA","NA","NA","4243.720700003905","NA","NA","NA","27910.77360000054","c","40","2","psycho","The girl will grab the dice","1024","2","24000","-16","experiment","19","odd","4","358806.7277999944","715285.8951999951","712593.1271000009","378278.01510000427","4934.929800001555","358812.83569999505","360955.21149999695","NA","708567.7326000005","712593.0762000062","708358.2258999959","NA","358806.80410000787","NA","NA","707377.8229000018","NA","NA","364234.25690000295","NA","366577.203000008","NA","369040.91060000064","NA","371089.78140000545","NA","NA","NA","374033.5546999995","NA","NA","NA","715305.7517999987","NA","32857.288800005335","708551.3767999946","707367.831399999","707377.6728999946","712612.2896000015","712568.1080000068","378278.0486999982","708550.642400005","4944.606999997632","3000","SceneViewing","39","53534.581200030516","39","2560"
"100","100","28_n.wav","1366","1366","#dadada","256","psycho","psycho","psycho","non-restrictive","1","undefined","undefined","1","NA","undefined","NA","undefined","NA","undefined","NA","undefined","NA","NA","undefined","NA","NA","NA","undefined","0","40","40","0","0","0","0","NA","40","40","40","NA","0","NA","NA","40","0","NA","0","NA","0","NA","0","NA","0","NA","NA","NA","0","NA","NA","NA","40","NA","0","40","40","40","40","40","0","40","0","participant_group4.csv","4","NA","NA","NA","Fri Jul 24 14:12:43 2026","NA","The main experiment item","False","VWP_finalSetup_22_7.osexp","C:\Users\plcm\Desktop\2026-EyeTracking\group-eyeconic\OS2\final_recordings_upl","False","mono","False","20","no","#0c0c0c","no","yes","1440","28","29_pos2_nosub.png","29_pos2_sub.png","psycho","40","40","C:/Users/plcm/Desktop/2026-EyeTracking/group-eyeconic/OS2/final_recordings_upl/group 19-24/subject-19.csv","psycho","Neonatal Nightingale","4.1.14","sock","milk","glove","nut","0","0","space","space","space","NA","space","NA","NA","space","NA","space","NA","space","NA","space","NA","NA","NA","space","NA","NA","NA","1135.0980999995954","2136.416100009228","3274.0562000108184","NA","1135.0980999995954","NA","NA","2338.967399991816","NA","2460.050899986527","NA","2044.3177999986801","NA","2939.409999991767","NA","NA","NA","4243.720700003905","NA","NA","NA","27910.77360000054","c","41","2","psycho","The cat will push the milk","1024","2","24000","-16","experiment","19","odd","2","358806.7277999944","723115.7130000065","720701.4742000028","378278.01510000427","4934.929800001555","358812.83569999505","360955.21149999695","NA","716677.9247999948","720701.4255999966","716461.8368999945","NA","358806.80410000787","NA","NA","715326.0558000038","NA","NA","364234.25690000295","NA","366577.203000008","NA","369040.91060000064","NA","371089.78140000545","NA","NA","NA","374033.5546999995","NA","NA","NA","723134.6619999968","NA","32857.288800005335","716662.6702000067","715316.044399995","715325.9061999997","720720.4416000022","720678.1432999996","378278.0486999982","716662.1481000038","4944.606999997632","3000","SceneViewing","40","54669.67930003011","40","2560"
"100","100","32_n.wav","1367","1367","#dadada","256","psycho","psycho","psycho","non-restrictive","1","undefined","undefined","1","NA","undefined","NA","undefined","NA","undefined","NA","undefined","NA","NA","undefined","NA","NA","NA","undefined","0","41","41","0","0","0","0","NA","41","41","41","NA","0","NA","NA","41","0","NA","0","NA","0","NA","0","NA","0","NA","NA","NA","0","NA","NA","NA","41","NA","0","41","41","41","41","41","0","41","0","participant_group4.csv","4","NA","NA","NA","Fri Jul 24 14:12:43 2026","NA","The main experiment item","False","VWP_finalSetup_22_7.osexp","C:\Users\plcm\Desktop\2026-EyeTracking\group-eyeconic\OS2\final_recordings_upl","False","mono","False","20","no","#0c0c0c","no","yes","1440","32","33_pos2_nosub.png","33_pos2_sub.png","psycho","41","41","C:/Users/plcm/Desktop/2026-EyeTracking/group-eyeconic/OS2/final_recordings_upl/group 19-24/subject-19.csv","psycho","Neonatal Nightingale","4.1.14","kettle","beer","mug","biscuit","0","0","space","space","space","NA","space","NA","NA","space","NA","space","NA","space","NA","space","NA","NA","NA","space","NA","NA","NA","1407.7054999943357","2136.416100009228","3274.0562000108184","NA","1407.7054999943357","NA","NA","2338.967399991816","NA","2460.050899986527","NA","2044.3177999986801","NA","2939.409999991767","NA","NA","NA","4243.720700003905","NA","NA","NA","27910.77360000054","c","42","2","psycho","The woman will carry the beer","1024","2","24000","-16","experiment","19","odd","2","358806.7277999944","731505.6814999989","728814.6557","378278.01510000427","4934.929800001555","358812.83569999505","360955.21149999695","NA","724790.2671000047","728814.6028000046","724574.0096999943","NA","358806.80410000787","NA","NA","723165.5330000067","NA","NA","364234.25690000295","NA","366577.203000008","NA","369040.91060000064","NA","371089.78140000545","NA","NA","NA","374033.5546999995","NA","NA","NA","731525.1051999949","NA","32857.288800005335","724773.4673999948","723154.8066999967","723165.3645000042","728834.0750000061","728790.8447999944","378278.0486999982","724773.0499000027","4944.606999997632","3000","SceneViewing","41","56077.38480002445","41","2560"
"100","100","24_n.wav","1361","1361","#dadada","256","psycho","psycho","psycho","non-restrictive","1","undefined","undefined","1","NA","undefined","NA","undefined","NA","undefined","NA","undefined","NA","NA","undefined","NA","NA","NA","undefined","0","42","42","0","0","0","0","NA","42","42","42","NA","0","NA","NA","42","0","NA","0","NA","0","NA","0","NA","0","NA","NA","NA","0","NA","NA","NA","42","NA","0","42","42","42","42","42","0","42","0","participant_group4.csv","4","NA","NA","NA","Fri Jul 24 14:12:43 2026","NA","The main experiment item","False","VWP_finalSetup_22_7.osexp","C:\Users\plcm\Desktop\2026-EyeTracking\group-eyeconic\OS2\final_recordings_upl","False","mono","False","20","no","#0c0c0c","no","yes","1440","24","25_pos2_nosub.png","25_pos2_sub.png","psycho","42","42","C:/Users/plcm/Desktop/2026-EyeTracking/group-eyeconic/OS2/final_recordings_upl/group 19-24/subject-19.csv","psycho","Neonatal Nightingale","4.1.14","glass","rabbit","plate","potato","0","0","space","space","space","NA","space","NA","NA","space","NA","space","NA","space","NA","space","NA","NA","NA","space","NA","NA","NA","1108.2316000101855","2136.416100009228","3274.0562000108184","NA","1108.2316000101855","NA","NA","2338.967399991816","NA","2460.050899986527","NA","2044.3177999986801","NA","2939.409999991767","NA","NA","NA","4243.720700003905","NA","NA","NA","27910.77360000054","c","43","2","psycho","The girl will lift the rabbit","1024","2","24000","-16","experiment","19","odd","2","358806.7277999944","739605.7087999943","736905.1134000038","378278.01510000427","4934.929800001555","358812.83569999505","360955.21149999695","NA","732880.9312000085","736905.061700003","732669.868099998","NA","358806.80410000787","NA","NA","731560.9820999962","NA","NA","364234.25690000295","NA","366577.203000008","NA","369040.91060000064","NA","371089.78140000545","NA","NA","NA","374033.5546999995","NA","NA","NA","739624.6960999997","NA","32857.288800005335","732863.104899996","731550.9829000075","731560.868200002","736923.7801999989","736881.123500003","378278.0486999982","732862.6193999953","4944.606999997632","3000","SceneViewing","42","57185.61640003463","42","2560"
"100","100","9_r.wav","1376","1376","#dadada","256","psycho","psycho","psycho","restrictive","1","undefined","undefined","1","NA","undefined","NA","undefined","NA","undefined","NA","undefined","NA","NA","undefined","NA","NA","NA","undefined","0","43","43","0","0","0","0","NA","43","43","43","NA","0","NA","NA","43","0","NA","0","NA","0","NA","0","NA","0","NA","NA","NA","0","NA","NA","NA","43","NA","0","43","43","43","43","43","0","43","0","participant_group4.csv","4","NA","NA","NA","Fri Jul 24 14:12:43 2026","NA","The main experiment item","False","VWP_finalSetup_22_7.osexp","C:\Users\plcm\Desktop\2026-EyeTracking\group-eyeconic\OS2\final_recordings_upl","False","mono","False","20","no","#0c0c0c","no","yes","1440","9","10_pos3_nosub.png","10_pos3_sub.png","psycho","43","43","C:/Users/plcm/Desktop/2026-EyeTracking/group-eyeconic/OS2/final_recordings_upl/group 19-24/subject-19.csv","psycho","Neonatal Nightingale","4.1.14","cup","bag","book","door","0","0","space","space","space","NA","space","NA","NA","space","NA","space","NA","space","NA","space","NA","NA","NA","space","NA","NA","NA","2021.8427999934647","2136.416100009228","3274.0562000108184","NA","2021.8427999934647","NA","NA","2338.967399991816","NA","2460.050899986527","NA","2044.3177999986801","NA","2939.409999991767","NA","NA","NA","4243.720700003905","NA","NA","NA","27910.77360000054","c","44","2","psycho","The woman will read the book","1024","2","24000","-16","experiment","19","odd","3","358806.7277999944","748315.8272","745910.8438999974","378278.01510000427","4934.929800001555","358812.83569999505","360955.21149999695","NA","741886.4061000058","745910.7651000086","741677.9106000031","NA","358806.80410000787","NA","NA","739655.2720000036","NA","NA","364234.25690000295","NA","366577.203000008","NA","369040.91060000064","NA","371089.78140000545","NA","NA","NA","374033.5546999995","NA","NA","NA","748335.2962000063","NA","32857.288800005335","741869.2440000013","739644.8122000002","739655.1170000021","745930.017000006","745887.0338999986","378278.0486999982","741868.7032000016","4944.606999997632","3000","SceneViewing","43","59207.4592000281","43","2560"
"100","100","8_n.wav","1385","1385","#dadada","256","psycho","psycho","psycho","non-restrictive","1","undefined","undefined","1","NA","undefined","NA","undefined","NA","undefined","NA","undefined","NA","NA","undefined","NA","NA","NA","undefined","0","44","44","0","0","0","0","NA","44","44","44","NA","0","NA","NA","44","0","NA","0","NA","0","NA","0","NA","0","NA","NA","NA","0","NA","NA","NA","44","NA","0","44","44","44","44","44","0","44","0","participant_group4.csv","4","NA","NA","NA","Fri Jul 24 14:12:43 2026","NA","The main experiment item","False","VWP_finalSetup_22_7.osexp","C:\Users\plcm\Desktop\2026-EyeTracking\group-eyeconic\OS2\final_recordings_upl","False","mono","False","20","no","#0c0c0c","no","yes","1440","8","9_pos2_nosub.png","9_pos2_sub.png","psycho","44","44","C:/Users/plcm/Desktop/2026-EyeTracking/group-eyeconic/OS2/final_recordings_upl/group 19-24/subject-19.csv","psycho","Neonatal Nightingale","4.1.14","television","piano","table","telephone","0","0","space","space","space","NA","space","NA","NA","space","NA","space","NA","space","NA","space","NA","NA","NA","space","NA","NA","NA","1766.797400006908","2136.416100009228","3274.0562000108184","NA","1766.797400006908","NA","NA","2338.967399991816","NA","2460.050899986527","NA","2044.3177999986801","NA","2939.409999991767","NA","NA","NA","4243.720700003905","NA","NA","NA","27910.77360000054","c","45","2","psycho","The woman will dust the piano","1024","2","24000","-16","experiment","19","odd","2","358806.7277999944","757355.6896999944","754373.1221000053","378278.01510000427","4934.929800001555","358812.83569999505","360955.21149999695","NA","750349.945199996","754373.0580999982","750133.9477000001","NA","358806.80410000787","NA","NA","748366.3271999976","NA","NA","364234.25690000295","NA","366577.203000008","NA","369040.91060000064","NA","371089.78140000545","NA","NA","NA","374033.5546999995","NA","NA","NA","757375.3534999996","NA","32857.288800005335","750332.8445999941","748355.9145000036","748366.025700001","754392.423199999","754350.1628000085","378278.0486999982","750332.1083000046","4944.606999997632","3000","SceneViewing","44","60974.256600035005","44","2560"
"100","100","49_r.wav","1390","1390","#dadada","256","psycho","psycho","psycho","restrictive","1","undefined","undefined","1","NA","undefined","NA","undefined","NA","undefined","NA","undefined","NA","NA","undefined","NA","NA","NA","undefined","0","45","45","0","0","0","0","NA","45","45","45","NA","0","NA","NA","45","0","NA","0","NA","0","NA","0","NA","0","NA","NA","NA","0","NA","NA","NA","45","NA","0","45","45","45","45","45","0","45","0","participant_group4.csv","4","NA","NA","NA","Fri Jul 24 14:12:43 2026","NA","The main experiment item","False","VWP_finalSetup_22_7.osexp","C:\Users\plcm\Desktop\2026-EyeTracking\group-eyeconic\OS2\final_recordings_upl","False","mono","False","20","no","#0c0c0c","no","yes","1440","49","50_pos3_nosub.png","50_pos3_sub.png","psycho","45","45","C:/Users/plcm/Desktop/2026-EyeTracking/group-eyeconic/OS2/final_recordings_upl/group 19-24/subject-19.csv","psycho","Neonatal Nightingale","4.1.14","rubberband","scissors","stamp","envelope","0","0","space","space","space","NA","space","NA","NA","space","NA","space","NA","space","NA","space","NA","NA","NA","space","NA","NA","NA","1590.2699999860488","2136.416100009228","3274.0562000108184","NA","1590.2699999860488","NA","NA","2338.967399991816","NA","2460.050899986527","NA","2044.3177999986801","NA","2939.409999991767","NA","NA","NA","4243.720700003905","NA","NA","NA","27910.77360000054","c","46","2","psycho","The man will lick the stamp","1024","2","24000","-16","experiment","19","odd","3","358806.7277999944","765785.6827000069","763228.3621999959","378278.01510000427","4934.929800001555","358812.83569999505","360955.21149999695","NA","759203.6235999985","763228.2992999972","758998.0369999976","NA","358806.80410000787","NA","NA","757406.9372000085","NA","NA","364234.25690000295","NA","366577.203000008","NA","369040.91060000064","NA","371089.78140000545","NA","NA","NA","374033.5546999995","NA","NA","NA","765805.5934000004","NA","32857.288800005335","759187.8637000045","757396.3154000085","757406.745500004","763247.4927000003","763203.8067999965","378278.0486999982","759187.3198999965","4944.606999997632","3000","SceneViewing","45","62564.526600021054","45","2560"
"100","100","14_n.wav","1388","1388","#dadada","256","psycho","psycho","psycho","non-restrictive","1","undefined","undefined","1","NA","undefined","NA","undefined","NA","undefined","NA","undefined","NA","NA","undefined","NA","NA","NA","undefined","0","46","46","0","0","0","0","NA","46","46","46","NA","0","NA","NA","46","0","NA","0","NA","0","NA","0","NA","0","NA","NA","NA","0","NA","NA","NA","46","NA","0","46","46","46","46","46","0","46","0","participant_group4.csv","4","NA","NA","NA","Fri Jul 24 14:12:43 2026","NA","The main experiment item","False","VWP_finalSetup_22_7.osexp","C:\Users\plcm\Desktop\2026-EyeTracking\group-eyeconic\OS2\final_recordings_upl","False","mono","False","20","no","#0c0c0c","no","yes","1440","14","15_pos4_nosub.png","15_pos4_sub.png","psycho","46","46","C:/Users/plcm/Desktop/2026-EyeTracking/group-eyeconic/OS2/final_recordings_upl/group 19-24/subject-19.csv","psycho","Neonatal Nightingale","4.1.14","bird","ball","hen","dog","0","0","space","space","space","NA","space","NA","NA","space","NA","space","NA","space","NA","space","NA","NA","NA","space","NA","NA","NA","1293.5720999957994","2136.416100009228","3274.0562000108184","NA","1293.5720999957994","NA","NA","2338.967399991816","NA","2460.050899986527","NA","2044.3177999986801","NA","2939.409999991767","NA","NA","NA","4243.720700003905","NA","NA","NA","27910.77360000054","c","47","2","psycho","The boy will feed the dog","1024","2","24000","-16","experiment","19","odd","4","358806.7277999944","773846.0215999949","771353.737700003","378278.01510000427","4934.929800001555","358812.83569999505","360955.21149999695","NA","767329.7362000012","771353.6835999985","767117.9708999989","NA","358806.80410000787","NA","NA","765823.6423000053","NA","NA","364234.25690000295","NA","366577.203000008","NA","369040.91060000064","NA","371089.78140000545","NA","NA","NA","374033.5546999995","NA","NA","NA","773865.1416000066","NA","32857.288800005335","767312.9950000002","765813.6378000054","765823.4714999999","771373.2094000006","771330.2897999965","378278.0486999982","767312.5607999973","4944.606999997632","3000","SceneViewing","46","63858.09870001685","46","2560"
"100","100","0_n.wav","1398","1398","#dadada","256","psycho","psycho","psycho","non-restrictive","1","undefined","undefined","1","NA","undefined","NA","undefined","NA","undefined","NA","undefined","NA","NA","undefined","NA","NA","NA","undefined","0","47","47","0","0","0","0","NA","47","47","47","NA","0","NA","NA","47","0","NA","0","NA","0","NA","0","NA","0","NA","NA","NA","0","NA","NA","NA","47","NA","0","47","47","47","47","47","0","47","0","participant_group4.csv","4","NA","NA","NA","Fri Jul 24 14:12:43 2026","NA","The main experiment item","False","VWP_finalSetup_22_7.osexp","C:\Users\plcm\Desktop\2026-EyeTracking\group-eyeconic\OS2\final_recordings_upl","False","mono","False","20","no","#0c0c0c","no","yes","1440","0","1_pos2_nosub.png","1_pos2_sub.png","psycho","47","47","C:/Users/plcm/Desktop/2026-EyeTracking/group-eyeconic/OS2/final_recordings_upl/group 19-24/subject-19.csv","psycho","Neonatal Nightingale","4.1.14","ball","cake","toy-car","toy-train","0","0","space","space","space","NA","space","NA","NA","space","NA","space","NA","space","NA","space","NA","NA","NA","space","NA","NA","NA","1873.6797000019578","2136.416100009228","3274.0562000108184","NA","1873.6797000019578","NA","NA","2338.967399991816","NA","2460.050899986527","NA","2044.3177999986801","NA","2939.409999991767","NA","NA","NA","4243.720700003905","NA","NA","NA","27910.77360000054","c","48","2","psycho","The boy will move the cake","1024","2","24000","-16","experiment","19","odd","2","358806.7277999944","782405.7726000028","779990.9702000004","378278.01510000427","4934.929800001555","358812.83569999505","360955.21149999695","NA","775966.9076999999","779990.907200001","775758.0515000009","NA","358806.80410000787","NA","NA","773883.5418999952","NA","NA","364234.25690000295","NA","366577.203000008","NA","369040.91060000064","NA","371089.78140000545","NA","NA","NA","374033.5546999995","NA","NA","NA","782424.8232999962","NA","32857.288800005335","775951.406799999","773873.4368000005","773883.3748000034","780010.4500000016","779967.0512000012","378278.0486999982","775950.7879000012","4944.606999997632","3000","SceneViewing","47","65731.77840001881","47","2560"
"100","100","7_r.wav","1399","1399","#dadada","256","psycho","psycho","psycho","restrictive","1","undefined","undefined","1","NA","undefined","NA","undefined","NA","undefined","NA","undefined","NA","NA","undefined","NA","NA","NA","undefined","0","48","48","0","0","0","0","NA","48","48","48","NA","0","NA","NA","48","0","NA","0","NA","0","NA","0","NA","0","NA","NA","NA","0","NA","NA","NA","48","NA","0","48","48","48","48","48","0","48","0","participant_group4.csv","4","NA","NA","NA","Fri Jul 24 14:12:43 2026","NA","The main experiment item","False","VWP_finalSetup_22_7.osexp","C:\Users\plcm\Desktop\2026-EyeTracking\group-eyeconic\OS2\final_recordings_upl","False","mono","False","20","no","#0c0c0c","no","yes","1440","7","8_pos1_nosub.png","8_pos1_sub.png","psycho","48","48","C:/Users/plcm/Desktop/2026-EyeTracking/group-eyeconic/OS2/final_recordings_upl/group 19-24/subject-19.csv","psycho","Neonatal Nightingale","4.1.14","child","tv-monitor","toy-bear","microscope","0","0","space","space","space","NA","space","NA","NA","space","NA","space","NA","space","NA","space","NA","NA","NA","space","NA","NA","NA","1433.9497000037227","2136.416100009228","3274.0562000108184","NA","1433.9497000037227","NA","NA","2338.967399991816","NA","2460.050899986527","NA","2044.3177999986801","NA","2939.409999991767","NA","NA","NA","4243.720700003905","NA","NA","NA","27910.77360000054","c","49","2","psycho","The doctor will inject the child","1024","2","24000","-16","experiment","19","odd","1","358806.7277999944","791175.7403999945","788118.6652000033","378278.01510000427","4934.929800001555","358812.83569999505","360955.21149999695","NA","784094.4525999948","788118.610400008","783878.268600005","NA","358806.80410000787","NA","NA","782443.2430000015","NA","NA","364234.25690000295","NA","366577.203000008","NA","369040.91060000064","NA","371089.78140000545","NA","NA","NA","374033.5546999995","NA","NA","NA","791195.0174999947","NA","32857.288800005335","784078.150500005","782432.7281000005","782443.1108999997","788137.9257999943","788094.6631999977","378278.0486999982","784077.6181999972","4944.606999997632","3000","SceneViewing","48","67165.72810002253","48","2560"
"100","100","43_r.wav","1401","1401","#dadada","256","psycho","psycho","psycho","restrictive","1","undefined","undefined","1","NA","undefined","NA","undefined","NA","undefined","NA","undefined","NA","NA","undefined","NA","NA","NA","undefined","0","49","49","0","0","0","0","NA","49","49","49","NA","0","NA","NA","49","0","NA","0","NA","0","NA","0","NA","0","NA","NA","NA","0","NA","NA","NA","49","NA","0","49","49","49","49","49","0","49","0","participant_group4.csv","4","NA","NA","NA","Fri Jul 24 14:12:43 2026","NA","The main experiment item","False","VWP_finalSetup_22_7.osexp","C:\Users\plcm\Desktop\2026-EyeTracking\group-eyeconic\OS2\final_recordings_upl","False","mono","False","20","no","#0c0c0c","no","yes","1440","43","44_pos1_nosub.png","44_pos1_sub.png","psycho","49","49","C:/Users/plcm/Desktop/2026-EyeTracking/group-eyeconic/OS2/final_recordings_upl/group 19-24/subject-19.csv","psycho","Neonatal Nightingale","4.1.14","safe","pan","bolt","handle","0","0","space","space","space","NA","space","NA","NA","space","NA","space","NA","space","NA","space","NA","NA","NA","space","NA","NA","NA","1496.6280999942683","2136.416100009228","3274.0562000108184","NA","1496.6280999942683","NA","NA","2338.967399991816","NA","2460.050899986527","NA","2044.3177999986801","NA","2939.409999991767","NA","NA","NA","4243.720700003905","NA","NA","NA","27910.77360000054","c","50","2","psycho","The man will lock the safe","1024","2","24000","-16","experiment","19","odd","1","358806.7277999944","799465.8047999983","796943.3783999993","378278.01510000427","4934.929800001555","358812.83569999505","360955.21149999695","NA","792919.8351999948","796943.3131999976","792710.1446000015","NA","358806.80410000787","NA","NA","791212.5944","NA","NA","364234.25690000295","NA","366577.203000008","NA","369040.91060000064","NA","371089.78140000545","NA","NA","NA","374033.5546999995","NA","NA","NA","799485.4627000022","NA","32857.288800005335","792903.733500003","791202.7324999945","791212.4936000037","796963.6409999948","796919.9558999971","378278.0486999982","792902.9687000002","4944.606999997632","3000","SceneViewing","49","68662.3562000168","49","2560"
