"acc","accuracy","audio_file","average_response_time","avg_rt","background","block_size","canvas_backend","clock_backend","color_backend","condition","correct","correct_experiment_intro","correct_experiment_intro2","correct_new_1_keyboard_response","correct_new_2_keyboard_response","correct_new_2_sketchpad","correct_new_3_keyboard_response","correct_new_3_sketchpad","correct_new_4_keyboard_response","correct_new_4_sketchpad","correct_new_5_keyboard_response","correct_new_5_sketchpad","correct_new_6_keyboard_response","correct_new_7_keyboard_response","correct_new_7_sketchpad","correct_new_8_keyboard_response","correct_new_keyboard_response","correct_new_mouse_response","correct_welcome","count_accuracy_output","count_audio_file_offset","count_audio_file_onset_log","count_definitions","count_experiment","count_experiment_intro","count_experiment_intro2","count_image_delay","count_image_nosub","count_image_sub","count_increment_roundCounter","count_instruction","count_instructions","count_log_instruction","count_new_1_inline_script","count_new_1_keyboard_response","count_new_1_sketchpad","count_new_2_keyboard_response","count_new_2_sketchpad","count_new_3_keyboard_response","count_new_3_sketchpad","count_new_4_keyboard_response","count_new_4_sketchpad","count_new_5_keyboard_response","count_new_5_sketchpad","count_new_6_keyboard_response","count_new_6_sketchpad","count_new_7_keyboard_response","count_new_7_sketchpad","count_new_8_keyboard_response","count_new_inline_script","count_new_keyboard_response","count_new_logger","count_new_mouse_response","count_new_pygaze_init","count_new_pygaze_start_recording","count_new_pygaze_stop_recording","count_new_sketchpad","count_sentence_audio","count_subject_onset_log","count_trial_loop","count_trial_sequence","count_welcome","csv_filepath","csv_id","cursor_roi","cursor_x","cursor_y","datetime","delay_image_delay","description","disable_garbage_collection","experiment_file","experiment_path","font_bold","font_family","font_italic","font_size","font_underline","foreground","form_clicks","fullscreen","height","id","image_nosub","image_sub","keyboard_backend","live_row","live_row_trial_loop","logfile","mouse_backend","opensesame_codename","opensesame_version","position1","position2","position3","position4","psychopy_screen","repeat_cycle","response","response_experiment_intro","response_experiment_intro2","response_instruction","response_new_1_keyboard_response","response_new_1_sketchpad","response_new_2_keyboard_response","response_new_2_sketchpad","response_new_3_keyboard_response","response_new_3_sketchpad","response_new_4_keyboard_response","response_new_4_sketchpad","response_new_5_keyboard_response","response_new_5_sketchpad","response_new_6_keyboard_response","response_new_6_sketchpad","response_new_7_keyboard_response","response_new_7_sketchpad","response_new_8_keyboard_response","response_new_keyboard_response","response_new_mouse_response","response_time","response_time_experiment_intro","response_time_experiment_intro2","response_time_instruction","response_time_new_1_keyboard_response","response_time_new_1_sketchpad","response_time_new_2_keyboard_response","response_time_new_2_sketchpad","response_time_new_3_keyboard_response","response_time_new_3_sketchpad","response_time_new_4_keyboard_response","response_time_new_4_sketchpad","response_time_new_5_keyboard_response","response_time_new_5_sketchpad","response_time_new_6_keyboard_response","response_time_new_6_sketchpad","response_time_new_7_keyboard_response","response_time_new_7_sketchpad","response_time_new_8_keyboard_response","response_time_new_keyboard_response","response_time_new_mouse_response","response_time_welcome","response_welcome","round","round_decimals","sampler_backend","sentence","sound_buf_size","sound_channels","sound_freq","sound_sample_size","start","subject_nr","subject_parity","target_position","time_accuracy_output","time_audio_file_offset","time_audio_file_onset_log","time_definitions","time_experiment","time_experiment_intro","time_experiment_intro2","time_image_delay","time_image_nosub","time_image_sub","time_increment_roundCounter","time_instruction","time_instructions","time_log_instruction","time_new_1_inline_script","time_new_1_keyboard_response","time_new_1_sketchpad","time_new_2_keyboard_response","time_new_2_sketchpad","time_new_3_keyboard_response","time_new_3_sketchpad","time_new_4_keyboard_response","time_new_4_sketchpad","time_new_5_keyboard_response","time_new_5_sketchpad","time_new_6_keyboard_response","time_new_6_sketchpad","time_new_7_keyboard_response","time_new_7_sketchpad","time_new_8_keyboard_response","time_new_inline_script","time_new_keyboard_response","time_new_logger","time_new_mouse_response","time_new_pygaze_init","time_new_pygaze_start_recording","time_new_pygaze_stop_recording","time_new_sketchpad","time_sentence_audio","time_subject_onset_log","time_trial_loop","time_trial_sequence","time_welcome","timeout","title","total_correct","total_response_time","total_responses","width"
"undefined","undefined","11_n.wav","undefined","undefined","#dadada","256","psycho","psycho","psycho","non-restrictive","undefined","undefined","undefined","NA","NA","undefined","NA","undefined","NA","undefined","NA","undefined","NA","NA","undefined","NA","NA","NA","undefined","0","0","0","0","0","0","0","NA","0","0","0","NA","0","NA","NA","0","0","NA","0","NA","0","NA","0","NA","0","NA","NA","NA","0","NA","NA","NA","0","NA","0","0","0","0","0","0","0","0","0","participant_group1.csv","1","NA","NA","NA","Fri Jul 24 12:43:24 2026","NA","The main experiment item","False","VWP_finalSetup_22_7.osexp","C:\Users\plcm\Desktop\2026-EyeTracking\group-eyeconic\OS2\final_recordings_upl","False","mono","False","20","no","#0c0c0c","no","yes","1440","11","12_pos4_nosub.png","12_pos4_sub.png","psycho","0","0","C:\Users\plcm\Desktop\2026-EyeTracking\group-eyeconic\OS2\final_recordings_upl\group 7-13\subject-8.csv","psycho","Neonatal Nightingale","4.1.14","drum","duck","bricks","bell","0","0","space","space","space","NA","NA","NA","NA","space","NA","space","NA","space","NA","space","NA","NA","NA","space","NA","NA","NA","7259.425199998077","1785.1722999912454","9882.435799998348","NA","NA","NA","NA","3899.0558000077726","NA","5460.437100002309","NA","3351.4787000021897","NA","9539.951300001121","NA","NA","NA","7259.425199998077","NA","NA","NA","1695.9048999997322","space","1","2","psycho","The baby will kick the bell","1024","2","24000","-16","experiment","8","even","4","42973.074699999415","91530.79520000028","89044.95250000036","84188.66179999895","4918.004999999539","42978.75080000085","44769.57479999692","NA","85018.27709999634","89044.88069999206","NA","NA","42973.154099992826","NA","NA","NA","NA","NA","54656.944899994414","NA","58559.8345999897","NA","64028.44169999298","NA","67383.95799999125","NA","NA","NA","76928.53269999614","NA","NA","NA","91553.6729000014","NA","6629.065000000992","84446.14299999375","NA","NA","89070.7010999904","89018.50530000229","84188.69090000226","84445.21320000058","4932.103899991489","3000","SceneViewing","0","0","0","2560"
"100","100","3_n.wav","3102","3102","#dadada","256","psycho","psycho","psycho","non-restrictive","1","undefined","undefined","1","NA","undefined","NA","undefined","NA","undefined","NA","undefined","NA","NA","undefined","NA","NA","NA","undefined","0","1","1","0","0","0","0","NA","1","1","1","NA","0","NA","NA","1","0","NA","0","NA","0","NA","0","NA","0","NA","NA","NA","0","NA","NA","NA","1","NA","0","1","1","1","1","1","0","1","0","participant_group1.csv","1","NA","NA","NA","Fri Jul 24 12:43:24 2026","NA","The main experiment item","False","VWP_finalSetup_22_7.osexp","C:\Users\plcm\Desktop\2026-EyeTracking\group-eyeconic\OS2\final_recordings_upl","False","mono","False","20","no","#0c0c0c","no","yes","1440","3","4_pos4_nosub.png","4_pos4_sub.png","psycho","1","1","C:\Users\plcm\Desktop\2026-EyeTracking\group-eyeconic\OS2\final_recordings_upl\group 7-13\subject-8.csv","psycho","Neonatal Nightingale","4.1.14","plant","stool","rocking-horse","baby","0","0","space","space","space","NA","space","NA","NA","space","NA","space","NA","space","NA","space","NA","NA","NA","space","NA","NA","NA","3102.593400006299","1785.1722999912454","9882.435799998348","NA","3102.593400006299","NA","NA","3899.0558000077726","NA","5460.437100002309","NA","3351.4787000021897","NA","9539.951300001121","NA","NA","NA","7259.425199998077","NA","NA","NA","1695.9048999997322","space","2","2","psycho","The woman will touch the baby","1024","2","24000","-16","experiment","8","even","4","42973.074699999415","101680.6060999952","98943.92269999662","84188.66179999895","4918.004999999539","42978.75080000085","44769.57479999692","NA","94919.38159998972","98943.83969999035","94692.70509999478","NA","42973.154099992826","NA","NA","91589.55949998926","NA","NA","54656.944899994414","NA","58559.8345999897","NA","64028.44169999298","NA","67383.95799999125","NA","NA","NA","76928.53269999614","NA","NA","NA","101700.19879999745","NA","6629.065000000992","94900.89749998879","91564.19429999369","91589.45959999983","98963.74839999771","98919.5597999933","84188.69090000226","94900.1886999904","4932.103899991489","3000","SceneViewing","1","3102.593400006299","1","2560"
"100","100","12_r.wav","2736","2736","#dadada","256","psycho","psycho","psycho","restrictive","1","undefined","undefined","1","NA","undefined","NA","undefined","NA","undefined","NA","undefined","NA","NA","undefined","NA","NA","NA","undefined","0","2","2","0","0","0","0","NA","2","2","2","NA","0","NA","NA","2","0","NA","0","NA","0","NA","0","NA","0","NA","NA","NA","0","NA","NA","NA","2","NA","0","2","2","2","2","2","0","2","0","participant_group1.csv","1","NA","NA","NA","Fri Jul 24 12:43:24 2026","NA","The main experiment item","False","VWP_finalSetup_22_7.osexp","C:\Users\plcm\Desktop\2026-EyeTracking\group-eyeconic\OS2\final_recordings_upl","False","mono","False","20","no","#0c0c0c","no","yes","1440","12","13_pos1_nosub.png","13_pos1_sub.png","psycho","2","2","C:\Users\plcm\Desktop\2026-EyeTracking\group-eyeconic\OS2\final_recordings_upl\group 7-13\subject-8.csv","psycho","Neonatal Nightingale","4.1.14","boat","birds","sun","car","0","0","space","space","space","NA","space","NA","NA","space","NA","space","NA","space","NA","space","NA","NA","NA","space","NA","NA","NA","2369.6078000066336","1785.1722999912454","9882.435799998348","NA","2369.6078000066336","NA","NA","3899.0558000077726","NA","5460.437100002309","NA","3351.4787000021897","NA","9539.951300001121","NA","NA","NA","7259.425199998077","NA","NA","NA","1695.9048999997322","space","3","2","psycho","The man will sail the boat","1024","2","24000","-16","experiment","8","even","1","42973.074699999415","110830.63240000047","108343.6778000032","84188.66179999895","4918.004999999539","42978.75080000085","44769.57479999692","NA","104319.35949999024","108343.62639999017","104100.54400000081","NA","42973.154099992826","NA","NA","101730.30709999148","NA","NA","54656.944899994414","NA","58559.8345999897","NA","64028.44169999298","NA","67383.95799999125","NA","NA","NA","76928.53269999614","NA","NA","NA","110850.07849999238","NA","6629.065000000992","104301.77569999069","101720.37799999816","101730.20079999696","108362.86259999906","108319.74189999164","84188.69090000226","104301.24780000187","4932.103899991489","3000","SceneViewing","2","5472.2012000129325","2","2560"
"100","100","36_r.wav","2462","2462","#dadada","256","psycho","psycho","psycho","restrictive","1","undefined","undefined","1","NA","undefined","NA","undefined","NA","undefined","NA","undefined","NA","NA","undefined","NA","NA","NA","undefined","0","3","3","0","0","0","0","NA","3","3","3","NA","0","NA","NA","3","0","NA","0","NA","0","NA","0","NA","0","NA","NA","NA","0","NA","NA","NA","3","NA","0","3","3","3","3","3","0","3","0","participant_group1.csv","1","NA","NA","NA","Fri Jul 24 12:43:24 2026","NA","The main experiment item","False","VWP_finalSetup_22_7.osexp","C:\Users\plcm\Desktop\2026-EyeTracking\group-eyeconic\OS2\final_recordings_upl","False","mono","False","20","no","#0c0c0c","no","yes","1440","36","37_pos1_nosub.png","37_pos1_sub.png","psycho","3","3","C:\Users\plcm\Desktop\2026-EyeTracking\group-eyeconic\OS2\final_recordings_upl\group 7-13\subject-8.csv","psycho","Neonatal Nightingale","4.1.14","lego","papers","boxes","clips","0","0","space","space","space","NA","space","NA","NA","space","NA","space","NA","space","NA","space","NA","NA","NA","space","NA","NA","NA","1915.172499997425","1785.1722999912454","9882.435799998348","NA","1915.172499997425","NA","NA","3899.0558000077726","NA","5460.437100002309","NA","3351.4787000021897","NA","9539.951300001121","NA","NA","NA","7259.425199998077","NA","NA","NA","1695.9048999997322","space","4","2","psycho","The kid will build the lego","1024","2","24000","-16","experiment","8","even","1","42973.074699999415","119880.73749998875","117042.47600000235","84188.66179999895","4918.004999999539","42978.75080000085","44769.57479999692","NA","113017.6644000021","117042.40520000167","112796.46420000063","NA","42973.154099992826","NA","NA","110880.73340000119","NA","NA","54656.944899994414","NA","58559.8345999897","NA","64028.44169999298","NA","67383.95799999125","NA","NA","NA","76928.53269999614","NA","NA","NA","119899.99819999503","NA","6629.065000000992","113000.6488999934","110870.74309999298","110880.58389999787","117061.30739999935","117018.26919999439","84188.69090000226","112999.97629999416","4932.103899991489","3000","SceneViewing","3","7387.373700010357","3","2560"
"100","100","44_r.wav","2462","2462","#dadada","256","psycho","psycho","psycho","restrictive","1","undefined","undefined","1","NA","undefined","NA","undefined","NA","undefined","NA","undefined","NA","NA","undefined","NA","NA","NA","undefined","0","4","4","0","0","0","0","NA","4","4","4","NA","0","NA","NA","4","0","NA","0","NA","0","NA","0","NA","0","NA","NA","NA","0","NA","NA","NA","4","NA","0","4","4","4","4","4","0","4","0","participant_group1.csv","1","NA","NA","NA","Fri Jul 24 12:43:24 2026","NA","The main experiment item","False","VWP_finalSetup_22_7.osexp","C:\Users\plcm\Desktop\2026-EyeTracking\group-eyeconic\OS2\final_recordings_upl","False","mono","False","20","no","#0c0c0c","no","yes","1440","44","45_pos1_nosub.png","45_pos1_sub.png","psycho","4","4","C:\Users\plcm\Desktop\2026-EyeTracking\group-eyeconic\OS2\final_recordings_upl\group 7-13\subject-8.csv","psycho","Neonatal Nightingale","4.1.14","dough","glass","ladle","hammer","0","0","space","space","space","NA","space","NA","NA","space","NA","space","NA","space","NA","space","NA","NA","NA","space","NA","NA","NA","2463.0074000015156","1785.1722999912454","9882.435799998348","NA","2463.0074000015156","NA","NA","3899.0558000077726","NA","5460.437100002309","NA","3351.4787000021897","NA","9539.951300001121","NA","NA","NA","7259.425199998077","NA","NA","NA","1695.9048999997322","space","5","2","psycho","The baker will knead the dough","1024","2","24000","-16","experiment","8","even","1","42973.074699999415","129270.50769999914","126632.45029999234","84188.66179999895","4918.004999999539","42978.75080000085","44769.57479999692","NA","122608.48159999296","126632.37919998937","122396.4355999924","NA","42973.154099992826","NA","NA","119932.95459999354","NA","NA","54656.944899994414","NA","58559.8345999897","NA","64028.44169999298","NA","67383.95799999125","NA","NA","NA","76928.53269999614","NA","NA","NA","129290.22759999498","NA","6629.065000000992","122591.940600003","119920.9986999922","119932.6607999974","126651.67729998939","126608.74689999036","84188.69090000226","122591.30319999531","4932.103899991489","3000","SceneViewing","4","9850.381100011873","4","2560"
"100","100","16_r.wav","2294","2294","#dadada","256","psycho","psycho","psycho","restrictive","1","undefined","undefined","1","NA","undefined","NA","undefined","NA","undefined","NA","undefined","NA","NA","undefined","NA","NA","NA","undefined","0","5","5","0","0","0","0","NA","5","5","5","NA","0","NA","NA","5","0","NA","0","NA","0","NA","0","NA","0","NA","NA","NA","0","NA","NA","NA","5","NA","0","5","5","5","5","5","0","5","0","participant_group1.csv","1","NA","NA","NA","Fri Jul 24 12:43:24 2026","NA","The main experiment item","False","VWP_finalSetup_22_7.osexp","C:\Users\plcm\Desktop\2026-EyeTracking\group-eyeconic\OS2\final_recordings_upl","False","mono","False","20","no","#0c0c0c","no","yes","1440","16","17_pos1_nosub.png","17_pos1_sub.png","psycho","5","5","C:\Users\plcm\Desktop\2026-EyeTracking\group-eyeconic\OS2\final_recordings_upl\group 7-13\subject-8.csv","psycho","Neonatal Nightingale","4.1.14","dress","lantern","backpack","ribbon","0","0","space","space","space","NA","space","NA","NA","space","NA","space","NA","space","NA","space","NA","NA","NA","space","NA","NA","NA","1619.7166999918409","1785.1722999912454","9882.435799998348","NA","1619.7166999918409","NA","NA","3899.0558000077726","NA","5460.437100002309","NA","3351.4787000021897","NA","9539.951300001121","NA","NA","NA","7259.425199998077","NA","NA","NA","1695.9048999997322","space","6","2","psycho","The woman will wear the dress","1024","2","24000","-16","experiment","8","even","1","42973.074699999415","137780.9785999998","135173.4271000023","84188.66179999895","4918.004999999539","42978.75080000085","44769.57479999692","NA","131149.1582000017","135173.3472999913","130940.75470000098","NA","42973.154099992826","NA","NA","129320.22829999914","NA","NA","54656.944899994414","NA","58559.8345999897","NA","64028.44169999298","NA","67383.95799999125","NA","NA","NA","76928.53269999614","NA","NA","NA","137800.19660000107","NA","6629.065000000992","131133.76479998988","129310.44669999392","129320.10620000074","135192.34110000252","135149.64229999168","84188.69090000226","131133.18769999023","4932.103899991489","3000","SceneViewing","5","11470.097800003714","5","2560"
"100","100","18_r.wav","2384","2384","#dadada","256","psycho","psycho","psycho","restrictive","1","undefined","undefined","1","NA","undefined","NA","undefined","NA","undefined","NA","undefined","NA","NA","undefined","NA","NA","NA","undefined","0","6","6","0","0","0","0","NA","6","6","6","NA","0","NA","NA","6","0","NA","0","NA","0","NA","0","NA","0","NA","NA","NA","0","NA","NA","NA","6","NA","0","6","6","6","6","6","0","6","0","participant_group1.csv","1","NA","NA","NA","Fri Jul 24 12:43:24 2026","NA","The main experiment item","False","VWP_finalSetup_22_7.osexp","C:\Users\plcm\Desktop\2026-EyeTracking\group-eyeconic\OS2\final_recordings_upl","False","mono","False","20","no","#0c0c0c","no","yes","1440","18","19_pos3_nosub.png","19_pos3_sub.png","psycho","6","6","C:\Users\plcm\Desktop\2026-EyeTracking\group-eyeconic\OS2\final_recordings_upl\group 7-13\subject-8.csv","psycho","Neonatal Nightingale","4.1.14","feather","leaf","football","stick","0","0","space","space","space","NA","space","NA","NA","space","NA","space","NA","space","NA","space","NA","NA","NA","space","NA","NA","NA","2834.496700001182","1785.1722999912454","9882.435799998348","NA","2834.496700001182","NA","NA","3899.0558000077726","NA","5460.437100002309","NA","3351.4787000021897","NA","9539.951300001121","NA","NA","NA","7259.425199998077","NA","NA","NA","1695.9048999997322","space","7","2","psycho","The boy will kick the football","1024","2","24000","-16","experiment","8","even","3","42973.074699999415","147530.76280000096","144904.05789999932","84188.66179999895","4918.004999999539","42978.75080000085","44769.57479999692","NA","140880.28559999657","144904.00899999077","140660.63339999528","NA","42973.154099992826","NA","NA","137825.41109999875","NA","NA","54656.944899994414","NA","58559.8345999897","NA","64028.44169999298","NA","67383.95799999125","NA","NA","NA","76928.53269999614","NA","NA","NA","147550.1174999954","NA","6629.065000000992","140863.4982999938","137814.70839999383","137825.2605000016","144923.08700000285","144880.42529999802","84188.69090000226","140863.033799993","4932.103899991489","3000","SceneViewing","6","14304.594500004896","6","2560"
"100","100","29_n.wav","2399","2399","#dadada","256","psycho","psycho","psycho","non-restrictive","1","undefined","undefined","1","NA","undefined","NA","undefined","NA","undefined","NA","undefined","NA","NA","undefined","NA","NA","NA","undefined","0","7","7","0","0","0","0","NA","7","7","7","NA","0","NA","NA","7","0","NA","0","NA","0","NA","0","NA","0","NA","NA","NA","0","NA","NA","NA","7","NA","0","7","7","7","7","7","0","7","0","participant_group1.csv","1","NA","NA","NA","Fri Jul 24 12:43:24 2026","NA","The main experiment item","False","VWP_finalSetup_22_7.osexp","C:\Users\plcm\Desktop\2026-EyeTracking\group-eyeconic\OS2\final_recordings_upl","False","mono","False","20","no","#0c0c0c","no","yes","1440","29","30_pos2_nosub.png","30_pos2_sub.png","psycho","7","7","C:\Users\plcm\Desktop\2026-EyeTracking\group-eyeconic\OS2\final_recordings_upl\group 7-13\subject-8.csv","psycho","Neonatal Nightingale","4.1.14","tissue","newspaper","comb","eraser","0","0","space","space","space","NA","space","NA","NA","space","NA","space","NA","space","NA","space","NA","NA","NA","space","NA","NA","NA","2494.4730999995954","1785.1722999912454","9882.435799998348","NA","2494.4730999995954","NA","NA","3899.0558000077726","NA","5460.437100002309","NA","3351.4787000021897","NA","9539.951300001121","NA","NA","NA","7259.425199998077","NA","NA","NA","1695.9048999997322","space","8","2","psycho","The grandmother will eadturn the newspaper","1024","2","24000","-16","experiment","8","even","2","42973.074699999415","157060.59759999334","154319.18510000105","84188.66179999895","4918.004999999539","42978.75080000085","44769.57479999692","NA","150293.00609999336","154319.0634999919","150068.67090000014","NA","42973.154099992826","NA","NA","147573.51780000317","NA","NA","54656.944899994414","NA","58559.8345999897","NA","64028.44169999298","NA","67383.95799999125","NA","NA","NA","76928.53269999614","NA","NA","NA","157079.92809999269","NA","6629.065000000992","150277.36789999472","147562.73239999427","147573.4158999985","154338.40249999776","154293.67829998955","84188.69090000226","150276.6341999959","4932.103899991489","3000","SceneViewing","7","16799.06760000449","7","2560"
"100","100","33_n.wav","2428","2428","#dadada","256","psycho","psycho","psycho","non-restrictive","1","undefined","undefined","1","NA","undefined","NA","undefined","NA","undefined","NA","undefined","NA","NA","undefined","NA","NA","NA","undefined","0","8","8","0","0","0","0","NA","8","8","8","NA","0","NA","NA","8","0","NA","0","NA","0","NA","0","NA","0","NA","NA","NA","0","NA","NA","NA","8","NA","0","8","8","8","8","8","0","8","0","participant_group1.csv","1","NA","NA","NA","Fri Jul 24 12:43:24 2026","NA","The main experiment item","False","VWP_finalSetup_22_7.osexp","C:\Users\plcm\Desktop\2026-EyeTracking\group-eyeconic\OS2\final_recordings_upl","False","mono","False","20","no","#0c0c0c","no","yes","1440","33","34_pos2_nosub.png","34_pos2_sub.png","psycho","8","8","C:\Users\plcm\Desktop\2026-EyeTracking\group-eyeconic\OS2\final_recordings_upl\group 7-13\subject-8.csv","psycho","Neonatal Nightingale","4.1.14","gift","suitcase","envelope","box","0","0","space","space","space","NA","space","NA","NA","space","NA","space","NA","space","NA","space","NA","NA","NA","space","NA","NA","NA","2625.4915000026813","1785.1722999912454","9882.435799998348","NA","2625.4915000026813","NA","NA","3899.0558000077726","NA","5460.437100002309","NA","3351.4787000021897","NA","9539.951300001121","NA","NA","NA","7259.425199998077","NA","NA","NA","1695.9048999997322","space","9","2","psycho","The boy will open the suitcase","1024","2","24000","-16","experiment","8","even","2","42973.074699999415","166880.67139999475","163967.54440000223","84188.66179999895","4918.004999999539","42978.75080000085","44769.57479999692","NA","159943.65659999312","163967.4903999985","159724.48930000246","NA","42973.154099992826","NA","NA","157098.39199999988","NA","NA","54656.944899994414","NA","58559.8345999897","NA","64028.44169999298","NA","67383.95799999125","NA","NA","NA","76928.53269999614","NA","NA","NA","166899.99150000222","NA","6629.065000000992","159927.34080000082","157087.39509999577","157098.2384999952","163986.35490000015","163943.92320000043","84188.69090000226","159926.7658000026","4932.103899991489","3000","SceneViewing","8","19424.559100007173","8","2560"
"100","100","40_r.wav","2564","2564","#dadada","256","psycho","psycho","psycho","restrictive","1","undefined","undefined","1","NA","undefined","NA","undefined","NA","undefined","NA","undefined","NA","NA","undefined","NA","NA","NA","undefined","0","9","9","0","0","0","0","NA","9","9","9","NA","0","NA","NA","9","0","NA","0","NA","0","NA","0","NA","0","NA","NA","NA","0","NA","NA","NA","9","NA","0","9","9","9","9","9","0","9","0","participant_group1.csv","1","NA","NA","NA","Fri Jul 24 12:43:24 2026","NA","The main experiment item","False","VWP_finalSetup_22_7.osexp","C:\Users\plcm\Desktop\2026-EyeTracking\group-eyeconic\OS2\final_recordings_upl","False","mono","False","20","no","#0c0c0c","no","yes","1440","40","41_pos1_nosub.png","41_pos1_sub.png","psycho","9","9","C:\Users\plcm\Desktop\2026-EyeTracking\group-eyeconic\OS2\final_recordings_upl\group 7-13\subject-8.csv","psycho","Neonatal Nightingale","4.1.14","blouse","pin","toothbrish","iron","0","0","space","space","space","NA","space","NA","NA","space","NA","space","NA","space","NA","space","NA","NA","NA","space","NA","NA","NA","3654.272100000526","1785.1722999912454","9882.435799998348","NA","3654.272100000526","NA","NA","3899.0558000077726","NA","5460.437100002309","NA","3351.4787000021897","NA","9539.951300001121","NA","NA","NA","7259.425199998077","NA","NA","NA","1695.9048999997322","space","10","2","psycho","The girl will button the blouse","1024","2","24000","-16","experiment","8","even","1","42973.074699999415","177520.5169999972","174818.58069999726","84188.66179999895","4918.004999999539","42978.75080000085","44769.57479999692","NA","170795.20229999616","174818.525900002","170572.74259999394","NA","42973.154099992826","NA","NA","166917.65909999958","NA","NA","54656.944899994414","NA","58559.8345999897","NA","64028.44169999298","NA","67383.95799999125","NA","NA","NA","76928.53269999614","NA","NA","NA","177539.83309998875","NA","6629.065000000992","170778.3741000021","166907.3148000025","166917.54499998933","174837.9630999989","174795.35190000024","84188.69090000226","170777.7897999913","4932.103899991489","3000","SceneViewing","9","23078.8312000077","9","2560"
"100","100","30_r.wav","2712","2712","#dadada","256","psycho","psycho","psycho","restrictive","1","undefined","undefined","1","NA","undefined","NA","undefined","NA","undefined","NA","undefined","NA","NA","undefined","NA","NA","NA","undefined","0","10","10","0","0","0","0","NA","10","10","10","NA","0","NA","NA","10","0","NA","0","NA","0","NA","0","NA","0","NA","NA","NA","0","NA","NA","NA","10","NA","0","10","10","10","10","10","0","10","0","participant_group1.csv","1","NA","NA","NA","Fri Jul 24 12:43:24 2026","NA","The main experiment item","False","VWP_finalSetup_22_7.osexp","C:\Users\plcm\Desktop\2026-EyeTracking\group-eyeconic\OS2\final_recordings_upl","False","mono","False","20","no","#0c0c0c","no","yes","1440","30","31_pos3_nosub.png","31_pos3_sub.png","psycho","10","10","C:\Users\plcm\Desktop\2026-EyeTracking\group-eyeconic\OS2\final_recordings_upl\group 7-13\subject-8.csv","psycho","Neonatal Nightingale","4.1.14","watch","headphones","dice","cap","0","0","space","space","space","NA","space","NA","NA","space","NA","space","NA","space","NA","space","NA","NA","NA","space","NA","NA","NA","4048.2733999961056","1785.1722999912454","9882.435799998348","NA","4048.2733999961056","NA","NA","3899.0558000077726","NA","5460.437100002309","NA","3351.4787000021897","NA","9539.951300001121","NA","NA","NA","7259.425199998077","NA","NA","NA","1695.9048999997322","space","11","2","psycho","The girl will roll the dice","1024","2","24000","-16","experiment","8","even","3","42973.074699999415","188470.73469999305","185860.60259999067","84188.66179999895","4918.004999999539","42978.75080000085","44769.57479999692","NA","181836.79459999257","185860.52019998897","181620.47429999802","NA","42973.154099992826","NA","NA","177571.5754999983","NA","NA","54656.944899994414","NA","58559.8345999897","NA","64028.44169999298","NA","67383.95799999125","NA","NA","NA","76928.53269999614","NA","NA","NA","188490.00619999424","NA","6629.065000000992","181820.09519998974","177560.73979999928","177571.41469999624","185880.17999999283","185837.36659999704","84188.69090000226","181819.6215999924","4932.103899991489","3000","SceneViewing","10","27127.104600003804","10","2560"
"100","100","14_r.wav","2613","2613","#dadada","256","psycho","psycho","psycho","restrictive","1","undefined","undefined","1","NA","undefined","NA","undefined","NA","undefined","NA","undefined","NA","NA","undefined","NA","NA","NA","undefined","0","11","11","0","0","0","0","NA","11","11","11","NA","0","NA","NA","11","0","NA","0","NA","0","NA","0","NA","0","NA","NA","NA","0","NA","NA","NA","11","NA","0","11","11","11","11","11","0","11","0","participant_group1.csv","1","NA","NA","NA","Fri Jul 24 12:43:24 2026","NA","The main experiment item","False","VWP_finalSetup_22_7.osexp","C:\Users\plcm\Desktop\2026-EyeTracking\group-eyeconic\OS2\final_recordings_upl","False","mono","False","20","no","#0c0c0c","no","yes","1440","14","15_pos3_nosub.png","15_pos3_sub.png","psycho","11","11","C:\Users\plcm\Desktop\2026-EyeTracking\group-eyeconic\OS2\final_recordings_upl\group 7-13\subject-8.csv","psycho","Neonatal Nightingale","4.1.14","ball","hen","dog","bird","0","0","space","space","space","NA","space","NA","NA","space","NA","space","NA","space","NA","space","NA","NA","NA","space","NA","NA","NA","1623.9719000004698","1785.1722999912454","9882.435799998348","NA","1623.9719000004698","NA","NA","3899.0558000077726","NA","5460.437100002309","NA","3351.4787000021897","NA","9539.951300001121","NA","NA","NA","7259.425199998077","NA","NA","NA","1695.9048999997322","space","12","2","psycho","The boy will walk the dog","1024","2","24000","-16","experiment","8","even","3","42973.074699999415","197000.58749999152","194381.05260000157","84188.66179999895","4918.004999999539","42978.75080000085","44769.57479999692","NA","190356.71939999156","194381.00189999386","190140.59959999577","NA","42973.154099992826","NA","NA","188515.91560000088","NA","NA","54656.944899994414","NA","58559.8345999897","NA","64028.44169999298","NA","67383.95799999125","NA","NA","NA","76928.53269999614","NA","NA","NA","197019.39760000096","NA","6629.065000000992","190340.2514999907","188505.9465999948","188515.78479999444","194400.5771999946","194357.36429999815","84188.69090000226","190339.75349999673","4932.103899991489","3000","SceneViewing","11","28751.076500004274","11","2560"
"100","100","46_r.wav","2590","2590","#dadada","256","psycho","psycho","psycho","restrictive","1","undefined","undefined","1","NA","undefined","NA","undefined","NA","undefined","NA","undefined","NA","NA","undefined","NA","NA","NA","undefined","0","12","12","0","0","0","0","NA","12","12","12","NA","0","NA","NA","12","0","NA","0","NA","0","NA","0","NA","0","NA","NA","NA","0","NA","NA","NA","12","NA","0","12","12","12","12","12","0","12","0","participant_group1.csv","1","NA","NA","NA","Fri Jul 24 12:43:24 2026","NA","The main experiment item","False","VWP_finalSetup_22_7.osexp","C:\Users\plcm\Desktop\2026-EyeTracking\group-eyeconic\OS2\final_recordings_upl","False","mono","False","20","no","#0c0c0c","no","yes","1440","46","47_pos3_nosub.png","47_pos3_sub.png","psycho","12","12","C:\Users\plcm\Desktop\2026-EyeTracking\group-eyeconic\OS2\final_recordings_upl\group 7-13\subject-8.csv","psycho","Neonatal Nightingale","4.1.14","gum","stand","violin","bow","0","0","space","space","space","NA","space","NA","NA","space","NA","space","NA","space","NA","space","NA","NA","NA","space","NA","NA","NA","2337.837599989143","1785.1722999912454","9882.435799998348","NA","2337.837599989143","NA","NA","3899.0558000077726","NA","5460.437100002309","NA","3351.4787000021897","NA","9539.951300001121","NA","NA","NA","7259.425199998077","NA","NA","NA","1695.9048999997322","space","13","2","psycho","The musician will tune the violin","1024","2","24000","-16","experiment","8","even","3","42973.074699999415","206790.64369999105","203627.51249999565","84188.66179999895","4918.004999999539","42978.75080000085","44769.57479999692","NA","199603.54869998991","203627.4582999904","199388.3935999911","NA","42973.154099992826","NA","NA","197050.01869999978","NA","NA","54656.944899994414","NA","58559.8345999897","NA","64028.44169999298","NA","67383.95799999125","NA","NA","NA","76928.53269999614","NA","NA","NA","206809.71010000212","NA","6629.065000000992","199587.2626999917","197040.2197999938","197049.91679999512","203646.38659999764","203603.9940999908","84188.69090000226","199586.77139999054","4932.103899991489","3000","SceneViewing","12","31088.914099993417","12","2560"
"100","100","25_n.wav","2557","2557","#dadada","256","psycho","psycho","psycho","non-restrictive","1","undefined","undefined","1","NA","undefined","NA","undefined","NA","undefined","NA","undefined","NA","NA","undefined","NA","NA","NA","undefined","0","13","13","0","0","0","0","NA","13","13","13","NA","0","NA","NA","13","0","NA","0","NA","0","NA","0","NA","0","NA","NA","NA","0","NA","NA","NA","13","NA","0","13","13","13","13","13","0","13","0","participant_group1.csv","1","NA","NA","NA","Fri Jul 24 12:43:24 2026","NA","The main experiment item","False","VWP_finalSetup_22_7.osexp","C:\Users\plcm\Desktop\2026-EyeTracking\group-eyeconic\OS2\final_recordings_upl","False","mono","False","20","no","#0c0c0c","no","yes","1440","25","26_pos2_nosub.png","26_pos2_sub.png","psycho","13","13","C:\Users\plcm\Desktop\2026-EyeTracking\group-eyeconic\OS2\final_recordings_upl\group 7-13\subject-8.csv","psycho","Neonatal Nightingale","4.1.14","rope","canvas","keyboard","peach","0","0","space","space","space","NA","space","NA","NA","space","NA","space","NA","space","NA","space","NA","NA","NA","space","NA","NA","NA","2163.0850000074133","1785.1722999912454","9882.435799998348","NA","2163.0850000074133","NA","NA","3899.0558000077726","NA","5460.437100002309","NA","3351.4787000021897","NA","9539.951300001121","NA","NA","NA","7259.425199998077","NA","NA","NA","1695.9048999997322","space","14","2","psycho","The man will move the canvas","1024","2","24000","-16","experiment","8","even","2","42973.074699999415","216010.7363999996","213256.55579999147","84188.66179999895","4918.004999999539","42978.75080000085","44769.57479999692","NA","209230.74639998958","213256.48709999223","209012.55339999625","NA","42973.154099992826","NA","NA","206848.7865999923","NA","NA","54656.944899994414","NA","58559.8345999897","NA","64028.44169999298","NA","67383.95799999125","NA","NA","NA","76928.53269999614","NA","NA","NA","216030.2143000008","NA","6629.065000000992","209214.57440000086","206836.25159999065","206848.61059999093","213275.59299999848","213231.12499999115","84188.69090000226","209214.11400000216","4932.103899991489","3000","SceneViewing","13","33251.99910000083","13","2560"
"100","100","28_r.wav","2623","2623","#dadada","256","psycho","psycho","psycho","restrictive","1","undefined","undefined","1","NA","undefined","NA","undefined","NA","undefined","NA","undefined","NA","NA","undefined","NA","NA","NA","undefined","0","14","14","0","0","0","0","NA","14","14","14","NA","0","NA","NA","14","0","NA","0","NA","0","NA","0","NA","0","NA","NA","NA","0","NA","NA","NA","14","NA","0","14","14","14","14","14","0","14","0","participant_group1.csv","1","NA","NA","NA","Fri Jul 24 12:43:24 2026","NA","The main experiment item","False","VWP_finalSetup_22_7.osexp","C:\Users\plcm\Desktop\2026-EyeTracking\group-eyeconic\OS2\final_recordings_upl","False","mono","False","20","no","#0c0c0c","no","yes","1440","28","29_pos1_nosub.png","29_pos1_sub.png","psycho","14","14","C:\Users\plcm\Desktop\2026-EyeTracking\group-eyeconic\OS2\final_recordings_upl\group 7-13\subject-8.csv","psycho","Neonatal Nightingale","4.1.14","milk","glove","nut","sock","0","0","space","space","space","NA","space","NA","NA","space","NA","space","NA","space","NA","space","NA","NA","NA","space","NA","NA","NA","3474.8798000073293","1785.1722999912454","9882.435799998348","NA","3474.8798000073293","NA","NA","3899.0558000077726","NA","5460.437100002309","NA","3351.4787000021897","NA","9539.951300001121","NA","NA","NA","7259.425199998077","NA","NA","NA","1695.9048999997322","space","15","2","psycho","The cat will drink the milk","1024","2","24000","-16","experiment","8","even","1","42973.074699999415","226250.90379999892","223770.806799992","84188.66179999895","4918.004999999539","42978.75080000085","44769.57479999692","NA","219747.00129999837","223770.7364999951","219524.77329999965","NA","42973.154099992826","NA","NA","216049.04699999315","NA","NA","54656.944899994414","NA","58559.8345999897","NA","64028.44169999298","NA","67383.95799999125","NA","NA","NA","76928.53269999614","NA","NA","NA","226270.16999998887","NA","6629.065000000992","219732.4585000024","216038.84670000116","216048.87220000091","223789.9194999918","223747.42439998954","84188.69090000226","219731.21519999404","4932.103899991489","3000","SceneViewing","14","36726.87890000816","14","2560"
"100","100","9_n.wav","2739","2739","#dadada","256","psycho","psycho","psycho","non-restrictive","1","undefined","undefined","1","NA","undefined","NA","undefined","NA","undefined","NA","undefined","NA","NA","undefined","NA","NA","NA","undefined","0","15","15","0","0","0","0","NA","15","15","15","NA","0","NA","NA","15","0","NA","0","NA","0","NA","0","NA","0","NA","NA","NA","0","NA","NA","NA","15","NA","0","15","15","15","15","15","0","15","0","participant_group1.csv","1","NA","NA","NA","Fri Jul 24 12:43:24 2026","NA","The main experiment item","False","VWP_finalSetup_22_7.osexp","C:\Users\plcm\Desktop\2026-EyeTracking\group-eyeconic\OS2\final_recordings_upl","False","mono","False","20","no","#0c0c0c","no","yes","1440","9","10_pos2_nosub.png","10_pos2_sub.png","psycho","15","15","C:\Users\plcm\Desktop\2026-EyeTracking\group-eyeconic\OS2\final_recordings_upl\group 7-13\subject-8.csv","psycho","Neonatal Nightingale","4.1.14","bag","book","door","cup","0","0","space","space","space","NA","space","NA","NA","space","NA","space","NA","space","NA","space","NA","NA","NA","space","NA","NA","NA","4360.406399995554","1785.1722999912454","9882.435799998348","NA","4360.406399995554","NA","NA","3899.0558000077726","NA","5460.437100002309","NA","3351.4787000021897","NA","9539.951300001121","NA","NA","NA","7259.425199998077","NA","NA","NA","1695.9048999997322","space","16","2","psycho","The woman will open the book","1024","2","24000","-16","experiment","8","even","2","42973.074699999415","236740.4547999904","234908.1213999889","84188.66179999895","4918.004999999539","42978.75080000085","44769.57479999692","NA","230883.2238999894","234908.07340000174","230668.6969000002","NA","42973.154099992826","NA","NA","226307.49110000033","NA","NA","54656.944899994414","NA","58559.8345999897","NA","64028.44169999298","NA","67383.95799999125","NA","NA","NA","76928.53269999614","NA","NA","NA","236759.47109999834","NA","6629.065000000992","230866.640799999","226293.193599995","226307.2761999938","234927.01689999376","234884.32929999544","84188.69090000226","230866.24199998914","4932.103899991489","3000","SceneViewing","15","41087.285300003714","15","2560"
"100","100","42_r.wav","2850","2850","#dadada","256","psycho","psycho","psycho","restrictive","1","undefined","undefined","1","NA","undefined","NA","undefined","NA","undefined","NA","undefined","NA","NA","undefined","NA","NA","NA","undefined","0","16","16","0","0","0","0","NA","16","16","16","NA","0","NA","NA","16","0","NA","0","NA","0","NA","0","NA","0","NA","NA","NA","0","NA","NA","NA","16","NA","0","16","16","16","16","16","0","16","0","participant_group1.csv","1","NA","NA","NA","Fri Jul 24 12:43:24 2026","NA","The main experiment item","False","VWP_finalSetup_22_7.osexp","C:\Users\plcm\Desktop\2026-EyeTracking\group-eyeconic\OS2\final_recordings_upl","False","mono","False","20","no","#0c0c0c","no","yes","1440","42","43_pos3_nosub.png","43_pos3_sub.png","psycho","16","16","C:\Users\plcm\Desktop\2026-EyeTracking\group-eyeconic\OS2\final_recordings_upl\group 7-13\subject-8.csv","psycho","Neonatal Nightingale","4.1.14","chalk","ruler","shirt","apple","0","0","space","space","space","NA","space","NA","NA","space","NA","space","NA","space","NA","space","NA","NA","NA","space","NA","NA","NA","4522.891099986737","1785.1722999912454","9882.435799998348","NA","4522.891099986737","NA","NA","3899.0558000077726","NA","5460.437100002309","NA","3351.4787000021897","NA","9539.951300001121","NA","NA","NA","7259.425199998077","NA","NA","NA","1695.9048999997322","space","17","2","psycho","The woman will sew the shirt","1024","2","24000","-16","experiment","8","even","3","42973.074699999415","248070.48660000146","245540.63839999435","84188.66179999895","4918.004999999539","42978.75080000085","44769.57479999692","NA","241515.6660999928","245540.5647000007","241300.68289999326","NA","42973.154099992826","NA","NA","236777.14150000247","NA","NA","54656.944899994414","NA","58559.8345999897","NA","64028.44169999298","NA","67383.95799999125","NA","NA","NA","76928.53269999614","NA","NA","NA","248090.00409999862","NA","6629.065000000992","241498.01840000146","236767.0386999962","236776.99929999653","245559.55999999424","245516.11080000293","84188.69090000226","241497.3592000024","4932.103899991489","3000","SceneViewing","16","45610.17639999045","16","2560"
"100","100","2_r.wav","2849","2849","#dadada","256","psycho","psycho","psycho","restrictive","1","undefined","undefined","1","NA","undefined","NA","undefined","NA","undefined","NA","undefined","NA","NA","undefined","NA","NA","NA","undefined","0","17","17","0","0","0","0","NA","17","17","17","NA","0","NA","NA","17","0","NA","0","NA","0","NA","0","NA","0","NA","NA","NA","0","NA","NA","NA","17","NA","0","17","17","17","17","17","0","17","0","participant_group1.csv","1","NA","NA","NA","Fri Jul 24 12:43:24 2026","NA","The main experiment item","False","VWP_finalSetup_22_7.osexp","C:\Users\plcm\Desktop\2026-EyeTracking\group-eyeconic\OS2\final_recordings_upl","False","mono","False","20","no","#0c0c0c","no","yes","1440","2","3_pos3_nosub.png","3_pos3_sub.png","psycho","17","17","C:\Users\plcm\Desktop\2026-EyeTracking\group-eyeconic\OS2\final_recordings_upl\group 7-13\subject-8.csv","psycho","Neonatal Nightingale","4.1.14","houses","dustbin","man","car","0","0","space","space","space","NA","space","NA","NA","space","NA","space","NA","space","NA","space","NA","NA","NA","space","NA","NA","NA","2823.9088999980595","1785.1722999912454","9882.435799998348","NA","2823.9088999980595","NA","NA","3899.0558000077726","NA","5460.437100002309","NA","3351.4787000021897","NA","9539.951300001121","NA","NA","NA","7259.425199998077","NA","NA","NA","1695.9048999997322","space","18","2","psycho","The policeman will arrest the man","1024","2","24000","-16","experiment","8","even","3","42973.074699999415","258250.48719999904","255172.04759999004","84188.66179999895","4918.004999999539","42978.75080000085","44769.57479999692","NA","251148.02749999217","255171.99729999993","250932.82609999005","NA","42973.154099992826","NA","NA","248108.04669999925","NA","NA","54656.944899994414","NA","58559.8345999897","NA","64028.44169999298","NA","67383.95799999125","NA","NA","NA","76928.53269999614","NA","NA","NA","258269.56600000267","NA","6629.065000000992","251130.97549999657","248097.95049999957","248107.92680000304","255191.5805999888","255148.56679999502","84188.69090000226","251130.44880000234","4932.103899991489","3000","SceneViewing","17","48434.08529998851","17","2560"
"100","100","35_n.wav","2818","2818","#dadada","256","psycho","psycho","psycho","non-restrictive","1","undefined","undefined","1","NA","undefined","NA","undefined","NA","undefined","NA","undefined","NA","NA","undefined","NA","NA","NA","undefined","0","18","18","0","0","0","0","NA","18","18","18","NA","0","NA","NA","18","0","NA","0","NA","0","NA","0","NA","0","NA","NA","NA","0","NA","NA","NA","18","NA","0","18","18","18","18","18","0","18","0","participant_group1.csv","1","NA","NA","NA","Fri Jul 24 12:43:24 2026","NA","The main experiment item","False","VWP_finalSetup_22_7.osexp","C:\Users\plcm\Desktop\2026-EyeTracking\group-eyeconic\OS2\final_recordings_upl","False","mono","False","20","no","#0c0c0c","no","yes","1440","35","36_pos4_nosub.png","36_pos4_sub.png","psycho","18","18","C:\Users\plcm\Desktop\2026-EyeTracking\group-eyeconic\OS2\final_recordings_upl\group 7-13\subject-8.csv","psycho","Neonatal Nightingale","4.1.14","brush","mirror","pot","mascara","0","0","space","space","space","NA","space","NA","NA","space","NA","space","NA","space","NA","space","NA","NA","NA","space","NA","NA","NA","2300.5430000048364","1785.1722999912454","9882.435799998348","NA","2300.5430000048364","NA","NA","3899.0558000077726","NA","5460.437100002309","NA","3351.4787000021897","NA","9539.951300001121","NA","NA","NA","7259.425199998077","NA","NA","NA","1695.9048999997322","space","19","2","psycho","The girl will squeeze the mascara","1024","2","24000","-16","experiment","8","even","4","42973.074699999415","267970.6751999911","264835.7615999994","84188.66179999895","4918.004999999539","42978.75080000085","44769.57479999692","NA","260812.4170999945","264835.71119999397","260596.60079999594","NA","42973.154099992826","NA","NA","258295.42009999568","NA","NA","54656.944899994414","NA","58559.8345999897","NA","64028.44169999298","NA","67383.95799999125","NA","NA","NA","76928.53269999614","NA","NA","NA","267989.7782999906","NA","6629.065000000992","260796.27259999688","258284.65210000286","258295.30109999178","264854.9076999916","264813.02909999795","84188.69090000226","260795.04989999987","4932.103899991489","3000","SceneViewing","18","50734.62829999335","18","2560"
"100","100","47_n.wav","2773","2773","#dadada","256","psycho","psycho","psycho","non-restrictive","1","undefined","undefined","1","NA","undefined","NA","undefined","NA","undefined","NA","undefined","NA","NA","undefined","NA","NA","NA","undefined","0","19","19","0","0","0","0","NA","19","19","19","NA","0","NA","NA","19","0","NA","0","NA","0","NA","0","NA","0","NA","NA","NA","0","NA","NA","NA","19","NA","0","19","19","19","19","19","0","19","0","participant_group1.csv","1","NA","NA","NA","Fri Jul 24 12:43:24 2026","NA","The main experiment item","False","VWP_finalSetup_22_7.osexp","C:\Users\plcm\Desktop\2026-EyeTracking\group-eyeconic\OS2\final_recordings_upl","False","mono","False","20","no","#0c0c0c","no","yes","1440","47","48_pos4_nosub.png","48_pos4_sub.png","psycho","19","19","C:\Users\plcm\Desktop\2026-EyeTracking\group-eyeconic\OS2\final_recordings_upl\group 7-13\subject-8.csv","psycho","Neonatal Nightingale","4.1.14","dustpan","roller","footstool","carpet","0","0","space","space","space","NA","space","NA","NA","space","NA","space","NA","space","NA","space","NA","NA","NA","space","NA","NA","NA","1954.4842000032077","1785.1722999912454","9882.435799998348","NA","1954.4842000032077","NA","NA","3899.0558000077726","NA","5460.437100002309","NA","3351.4787000021897","NA","9539.951300001121","NA","NA","NA","7259.425199998077","NA","NA","NA","1695.9048999997322","space","20","2","psycho","The girl will move the carpet","1024","2","24000","-16","experiment","8","even","4","42973.074699999415","277000.61950000236","274220.9834999958","84188.66179999895","4918.004999999539","42978.75080000085","44769.57479999692","NA","270195.4573999974","274220.9150999988","269980.63289999845","NA","42973.154099992826","NA","NA","268025.43749999313","NA","NA","54656.944899994414","NA","58559.8345999897","NA","64028.44169999298","NA","67383.95799999125","NA","NA","NA","76928.53269999614","NA","NA","NA","277019.8973999941","NA","6629.065000000992","270179.5051999943","268014.869599996","268025.33089999633","274240.26959999173","274195.73009999294","84188.69090000226","270179.02850000246","4932.103899991489","3000","SceneViewing","19","52689.112499996554","19","2560"
"100","100","31_n.wav","2720","2720","#dadada","256","psycho","psycho","psycho","non-restrictive","1","undefined","undefined","1","NA","undefined","NA","undefined","NA","undefined","NA","undefined","NA","NA","undefined","NA","NA","NA","undefined","0","20","20","0","0","0","0","NA","20","20","20","NA","0","NA","NA","20","0","NA","0","NA","0","NA","0","NA","0","NA","NA","NA","0","NA","NA","NA","20","NA","0","20","20","20","20","20","0","20","0","participant_group1.csv","1","NA","NA","NA","Fri Jul 24 12:43:24 2026","NA","The main experiment item","False","VWP_finalSetup_22_7.osexp","C:\Users\plcm\Desktop\2026-EyeTracking\group-eyeconic\OS2\final_recordings_upl","False","mono","False","20","no","#0c0c0c","no","yes","1440","31","32_pos4_nosub.png","32_pos4_sub.png","psycho","20","20","C:\Users\plcm\Desktop\2026-EyeTracking\group-eyeconic\OS2\final_recordings_upl\group 7-13\subject-8.csv","psycho","Neonatal Nightingale","4.1.14","lemon","sponge","seed","bottle","0","0","space","space","space","NA","space","NA","NA","space","NA","space","NA","space","NA","space","NA","NA","NA","space","NA","NA","NA","1726.9495999935316","1785.1722999912454","9882.435799998348","NA","1726.9495999935316","NA","NA","3899.0558000077726","NA","5460.437100002309","NA","3351.4787000021897","NA","9539.951300001121","NA","NA","NA","7259.425199998077","NA","NA","NA","1695.9048999997322","space","21","2","psycho","The woman will examine the bottle","1024","2","24000","-16","experiment","8","even","4","42973.074699999415","286020.5647999974","283035.09449999547","84188.66179999895","4918.004999999539","42978.75080000085","44769.57479999692","NA","279010.75849999324","283035.034799992","278780.77319999284","NA","42973.154099992826","NA","NA","277053.0323999992","NA","NA","54656.944899994414","NA","58559.8345999897","NA","64028.44169999298","NA","67383.95799999125","NA","NA","NA","76928.53269999614","NA","NA","NA","286039.4849000004","NA","6629.065000000992","278994.7147999919","277042.8702999925","277052.92570000165","283054.24559999665","283011.1501999927","84188.69090000226","278993.66900000314","4932.103899991489","3000","SceneViewing","20","54416.062099990086","20","2560"
"100","100","17_n.wav","2667","2667","#dadada","256","psycho","psycho","psycho","non-restrictive","1","undefined","undefined","1","NA","undefined","NA","undefined","NA","undefined","NA","undefined","NA","NA","undefined","NA","NA","NA","undefined","0","21","21","0","0","0","0","NA","21","21","21","NA","0","NA","NA","21","0","NA","0","NA","0","NA","0","NA","0","NA","NA","NA","0","NA","NA","NA","21","NA","0","21","21","21","21","21","0","21","0","participant_group1.csv","1","NA","NA","NA","Fri Jul 24 12:43:24 2026","NA","The main experiment item","False","VWP_finalSetup_22_7.osexp","C:\Users\plcm\Desktop\2026-EyeTracking\group-eyeconic\OS2\final_recordings_upl","False","mono","False","20","no","#0c0c0c","no","yes","1440","17","18_pos2_nosub.png","18_pos2_sub.png","psycho","21","21","C:\Users\plcm\Desktop\2026-EyeTracking\group-eyeconic\OS2\final_recordings_upl\group 7-13\subject-8.csv","psycho","Neonatal Nightingale","4.1.14","rope","wood","bucket","stone","0","0","space","space","space","NA","space","NA","NA","space","NA","space","NA","space","NA","space","NA","NA","NA","space","NA","NA","NA","1594.9132999958238","1785.1722999912454","9882.435799998348","NA","1594.9132999958238","NA","NA","3899.0558000077726","NA","5460.437100002309","NA","3351.4787000021897","NA","9539.951300001121","NA","NA","NA","7259.425199998077","NA","NA","NA","1695.9048999997322","space","22","2","psycho","The man will  move the wood","1024","2","24000","-16","experiment","8","even","2","42973.074699999415","294320.77059999574","291889.5033000008","84188.66179999895","4918.004999999539","42978.75080000085","44769.57479999692","NA","287864.17639999127","291889.42579999275","287652.74239999417","NA","42973.154099992826","NA","NA","286057.07419999817","NA","NA","54656.944899994414","NA","58559.8345999897","NA","64028.44169999298","NA","67383.95799999125","NA","NA","NA","76928.53269999614","NA","NA","NA","294340.2525999991","NA","6629.065000000992","287848.80890000204","286047.17769999115","286056.82149999484","291908.8161999971","291864.33689999103","84188.69090000226","287848.32299999835","4932.103899991489","3000","SceneViewing","21","56010.97539998591","21","2560"
"100","100","7_n.wav","2781","2781","#dadada","256","psycho","psycho","psycho","non-restrictive","1","undefined","undefined","1","NA","undefined","NA","undefined","NA","undefined","NA","undefined","NA","NA","undefined","NA","NA","NA","undefined","0","22","22","0","0","0","0","NA","22","22","22","NA","0","NA","NA","22","0","NA","0","NA","0","NA","0","NA","0","NA","NA","NA","0","NA","NA","NA","22","NA","0","22","22","22","22","22","0","22","0","participant_group1.csv","1","NA","NA","NA","Fri Jul 24 12:43:24 2026","NA","The main experiment item","False","VWP_finalSetup_22_7.osexp","C:\Users\plcm\Desktop\2026-EyeTracking\group-eyeconic\OS2\final_recordings_upl","False","mono","False","20","no","#0c0c0c","no","yes","1440","7","8_pos4_nosub.png","8_pos4_sub.png","psycho","22","22","C:\Users\plcm\Desktop\2026-EyeTracking\group-eyeconic\OS2\final_recordings_upl\group 7-13\subject-8.csv","psycho","Neonatal Nightingale","4.1.14","tv-monitor","toy-bear","microscope","child","0","0","space","space","space","NA","space","NA","NA","space","NA","space","NA","space","NA","space","NA","NA","NA","space","NA","NA","NA","5184.583899987047","1785.1722999912454","9882.435799998348","NA","5184.583899987047","NA","NA","3899.0558000077726","NA","5460.437100002309","NA","3351.4787000021897","NA","9539.951300001121","NA","NA","NA","7259.425199998077","NA","NA","NA","1695.9048999997322","space","23","2","psycho","The doctor will check the child","1024","2","24000","-16","experiment","8","even","4","42973.074699999415","306690.5470999918","303786.8490999972","84188.66179999895","4918.004999999539","42978.75080000085","44769.57479999692","NA","299762.186699998","303786.7772999889","299548.4761999978","NA","42973.154099992826","NA","NA","294363.291200003","NA","NA","54656.944899994414","NA","58559.8345999897","NA","64028.44169999298","NA","67383.95799999125","NA","NA","NA","76928.53269999614","NA","NA","NA","306710.1089999924","NA","6629.065000000992","299746.2606999907","294353.4968000022","294363.1413999974","303806.07320000126","303762.6733999932","84188.69090000226","299745.743099993","4932.103899991489","3000","SceneViewing","22","61195.559299972956","22","2560"
"100","100","20_r.wav","2773","2773","#dadada","256","psycho","psycho","psycho","restrictive","1","undefined","undefined","1","NA","undefined","NA","undefined","NA","undefined","NA","undefined","NA","NA","undefined","NA","NA","NA","undefined","0","23","23","0","0","0","0","NA","23","23","23","NA","0","NA","NA","23","0","NA","0","NA","0","NA","0","NA","0","NA","NA","NA","0","NA","NA","NA","23","NA","0","23","23","23","23","23","0","23","0","participant_group1.csv","1","NA","NA","NA","Fri Jul 24 12:43:24 2026","NA","The main experiment item","False","VWP_finalSetup_22_7.osexp","C:\Users\plcm\Desktop\2026-EyeTracking\group-eyeconic\OS2\final_recordings_upl","False","mono","False","20","no","#0c0c0c","no","yes","1440","20","21_pos1_nosub.png","21_pos1_sub.png","psycho","23","23","C:\Users\plcm\Desktop\2026-EyeTracking\group-eyeconic\OS2\final_recordings_upl\group 7-13\subject-8.csv","psycho","Neonatal Nightingale","4.1.14","kitten","block","crayon","cup","0","0","space","space","space","NA","space","NA","NA","space","NA","space","NA","space","NA","space","NA","NA","NA","space","NA","NA","NA","2603.724799992051","1785.1722999912454","9882.435799998348","NA","2603.724799992051","NA","NA","3899.0558000077726","NA","5460.437100002309","NA","3351.4787000021897","NA","9539.951300001121","NA","NA","NA","7259.425199998077","NA","NA","NA","1695.9048999997322","space","24","2","psycho","The baby will hug the kitten","1024","2","24000","-16","experiment","8","even","1","42973.074699999415","316360.5194999982","313579.79219999106","84188.66179999895","4918.004999999539","42978.75080000085","44769.57479999692","NA","309555.11529999785","313579.73050000146","309332.52149999316","NA","42973.154099992826","NA","NA","306728.2094999973","NA","NA","54656.944899994414","NA","58559.8345999897","NA","64028.44169999298","NA","67383.95799999125","NA","NA","NA","76928.53269999614","NA","NA","NA","316379.3990999984","NA","6629.065000000992","309538.5413999902","306717.91320000193","306728.057100001","313599.6054999996","313556.22149999544","84188.69090000226","309538.29250000126","4932.103899991489","3000","SceneViewing","23","63799.28409996501","23","2560"
"100","100","27_n.wav","2746","2746","#dadada","256","psycho","psycho","psycho","non-restrictive","1","undefined","undefined","1","NA","undefined","NA","undefined","NA","undefined","NA","undefined","NA","NA","undefined","NA","NA","NA","undefined","0","24","24","0","0","0","0","NA","24","24","24","NA","0","NA","NA","24","0","NA","0","NA","0","NA","0","NA","0","NA","NA","NA","0","NA","NA","NA","24","NA","0","24","24","24","24","24","0","24","0","participant_group1.csv","1","NA","NA","NA","Fri Jul 24 12:43:24 2026","NA","The main experiment item","False","VWP_finalSetup_22_7.osexp","C:\Users\plcm\Desktop\2026-EyeTracking\group-eyeconic\OS2\final_recordings_upl","False","mono","False","20","no","#0c0c0c","no","yes","1440","27","28_pos4_nosub.png","28_pos4_sub.png","psycho","24","24","C:\Users\plcm\Desktop\2026-EyeTracking\group-eyeconic\OS2\final_recordings_upl\group 7-13\subject-8.csv","psycho","Neonatal Nightingale","4.1.14","switch","frame","picture","lamp","0","0","space","space","space","NA","space","NA","NA","space","NA","space","NA","space","NA","space","NA","NA","NA","space","NA","NA","NA","2117.8225000039674","1785.1722999912454","9882.435799998348","NA","2117.8225000039674","NA","NA","3899.0558000077726","NA","5460.437100002309","NA","3351.4787000021897","NA","9539.951300001121","NA","NA","NA","7259.425199998077","NA","NA","NA","1695.9048999997322","space","25","2","psycho","The boy will touch the lamp","1024","2","24000","-16","experiment","8","even","4","42973.074699999415","325190.5218000029","322768.5233999946","84188.66179999895","4918.004999999539","42978.75080000085","44769.57479999692","NA","318745.0222999905","322768.46799999475","318516.661799993","NA","42973.154099992826","NA","NA","316398.1114999915","NA","NA","54656.944899994414","NA","58559.8345999897","NA","64028.44169999298","NA","67383.95799999125","NA","NA","NA","76928.53269999614","NA","NA","NA","325210.047399989","NA","6629.065000000992","318729.52929999155","316386.9460999995","316397.96919999935","322787.9738999909","322745.41019999015","84188.69090000226","318729.23319999245","4932.103899991489","3000","SceneViewing","24","65917.10659996897","24","2560"
"100","100","43_n.wav","2724","2724","#dadada","256","psycho","psycho","psycho","non-restrictive","1","undefined","undefined","1","NA","undefined","NA","undefined","NA","undefined","NA","undefined","NA","NA","undefined","NA","NA","NA","undefined","0","25","25","0","0","0","0","NA","25","25","25","NA","0","NA","NA","25","0","NA","0","NA","0","NA","0","NA","0","NA","NA","NA","0","NA","NA","NA","25","NA","0","25","25","25","25","25","0","25","0","participant_group1.csv","1","NA","NA","NA","Fri Jul 24 12:43:24 2026","NA","The main experiment item","False","VWP_finalSetup_22_7.osexp","C:\Users\plcm\Desktop\2026-EyeTracking\group-eyeconic\OS2\final_recordings_upl","False","mono","False","20","no","#0c0c0c","no","yes","1440","43","44_pos4_nosub.png","44_pos4_sub.png","psycho","25","25","C:\Users\plcm\Desktop\2026-EyeTracking\group-eyeconic\OS2\final_recordings_upl\group 7-13\subject-8.csv","psycho","Neonatal Nightingale","4.1.14","pan","bolt","handle","safe","0","0","space","space","space","NA","space","NA","NA","space","NA","space","NA","space","NA","space","NA","NA","NA","space","NA","NA","NA","2190.115599994897","1785.1722999912454","9882.435799998348","NA","2190.115599994897","NA","NA","3899.0558000077726","NA","5460.437100002309","NA","3351.4787000021897","NA","9539.951300001121","NA","NA","NA","7259.425199998077","NA","NA","NA","1695.9048999997322","space","26","2","psycho","The man will wipe the safe","1024","2","24000","-16","experiment","8","even","4","42973.074699999415","334110.68220000016","331673.0712999997","84188.66179999895","4918.004999999539","42978.75080000085","44769.57479999692","NA","327646.948900001","331673.0086000025","327436.5042999998","NA","42973.154099992826","NA","NA","325245.69399999746","NA","NA","54656.944899994414","NA","58559.8345999897","NA","64028.44169999298","NA","67383.95799999125","NA","NA","NA","76928.53269999614","NA","NA","NA","334129.6841000003","NA","6629.065000000992","327630.34309999784","325235.0807999901","325245.48729999515","331692.1915999992","331648.25539999583","84188.69090000226","327629.57969999115","4932.103899991489","3000","SceneViewing","25","68107.22219996387","25","2560"
"100","100","19_n.wav","2674","2674","#dadada","256","psycho","psycho","psycho","non-restrictive","1","undefined","undefined","1","NA","undefined","NA","undefined","NA","undefined","NA","undefined","NA","NA","undefined","NA","NA","NA","undefined","0","26","26","0","0","0","0","NA","26","26","26","NA","0","NA","NA","26","0","NA","0","NA","0","NA","0","NA","0","NA","NA","NA","0","NA","NA","NA","26","NA","0","26","26","26","26","26","0","26","0","participant_group1.csv","1","NA","NA","NA","Fri Jul 24 12:43:24 2026","NA","The main experiment item","False","VWP_finalSetup_22_7.osexp","C:\Users\plcm\Desktop\2026-EyeTracking\group-eyeconic\OS2\final_recordings_upl","False","mono","False","20","no","#0c0c0c","no","yes","1440","19","20_pos4_nosub.png","20_pos4_sub.png","psycho","26","26","C:\Users\plcm\Desktop\2026-EyeTracking\group-eyeconic\OS2\final_recordings_upl\group 7-13\subject-8.csv","psycho","Neonatal Nightingale","4.1.14","spoon","spatula","bowl","bread","0","0","space","space","space","NA","space","NA","NA","space","NA","space","NA","space","NA","space","NA","NA","NA","space","NA","NA","NA","1439.4560000073398","1785.1722999912454","9882.435799998348","NA","1439.4560000073398","NA","NA","3899.0558000077726","NA","5460.437100002309","NA","3351.4787000021897","NA","9539.951300001121","NA","NA","NA","7259.425199998077","NA","NA","NA","1695.9048999997322","space","27","2","psycho","The chef will clean the bread","1024","2","24000","-16","experiment","8","even","4","42973.074699999415","342390.58799999475","339844.30719999364","84188.66179999895","4918.004999999539","42978.75080000085","44769.57479999692","NA","335820.46360000095","339844.25100000226","335588.8666999963","NA","42973.154099992826","NA","NA","334148.47829999053","NA","NA","54656.944899994414","NA","58559.8345999897","NA","64028.44169999298","NA","67383.95799999125","NA","NA","NA","76928.53269999614","NA","NA","NA","342409.55539999413","NA","6629.065000000992","335803.99889999535","334137.7954999916","334148.30139999685","339863.9175999997","339820.7015999942","84188.69090000226","335803.3976000006","4932.103899991489","3000","SceneViewing","26","69546.67819997121","26","2560"
"100","100","23_n.wav","2620","2620","#dadada","256","psycho","psycho","psycho","non-restrictive","1","undefined","undefined","1","NA","undefined","NA","undefined","NA","undefined","NA","undefined","NA","NA","undefined","NA","NA","NA","undefined","0","27","27","0","0","0","0","NA","27","27","27","NA","0","NA","NA","27","0","NA","0","NA","0","NA","0","NA","0","NA","NA","NA","0","NA","NA","NA","27","NA","0","27","27","27","27","27","0","27","0","participant_group1.csv","1","NA","NA","NA","Fri Jul 24 12:43:24 2026","NA","The main experiment item","False","VWP_finalSetup_22_7.osexp","C:\Users\plcm\Desktop\2026-EyeTracking\group-eyeconic\OS2\final_recordings_upl","False","mono","False","20","no","#0c0c0c","no","yes","1440","23","24_pos4_nosub.png","24_pos4_sub.png","psycho","27","27","C:\Users\plcm\Desktop\2026-EyeTracking\group-eyeconic\OS2\final_recordings_upl\group 7-13\subject-8.csv","psycho","Neonatal Nightingale","4.1.14","pencil","needle","card","scarf","0","0","space","space","space","NA","space","NA","NA","space","NA","space","NA","space","NA","space","NA","NA","NA","space","NA","NA","NA","1193.9123000047402","1785.1722999912454","9882.435799998348","NA","1193.9123000047402","NA","NA","3899.0558000077726","NA","5460.437100002309","NA","3351.4787000021897","NA","9539.951300001121","NA","NA","NA","7259.425199998077","NA","NA","NA","1695.9048999997322","space","28","2","psycho","The girl will hold the scarf","1024","2","24000","-16","experiment","8","even","4","42973.074699999415","350530.6416999956","347866.6353000008","84188.66179999895","4918.004999999539","42978.75080000085","44769.57479999692","NA","343842.65669999877","347866.5757999988","343628.63249999646","NA","42973.154099992826","NA","NA","342433.95849999797","NA","NA","54656.944899994414","NA","58559.8345999897","NA","64028.44169999298","NA","67383.95799999125","NA","NA","NA","76928.53269999614","NA","NA","NA","350549.93809999723","NA","6629.065000000992","343827.37590000033","342423.24519999966","342433.7039999955","347886.0798999958","347843.1964999909","84188.69090000226","343826.75929999095","4932.103899991489","3000","SceneViewing","27","70740.59049997595","27","2560"
"100","100","38_r.wav","2589","2589","#dadada","256","psycho","psycho","psycho","restrictive","1","undefined","undefined","1","NA","undefined","NA","undefined","NA","undefined","NA","undefined","NA","NA","undefined","NA","NA","NA","undefined","0","28","28","0","0","0","0","NA","28","28","28","NA","0","NA","NA","28","0","NA","0","NA","0","NA","0","NA","0","NA","NA","NA","0","NA","NA","NA","28","NA","0","28","28","28","28","28","0","28","0","participant_group1.csv","1","NA","NA","NA","Fri Jul 24 12:43:24 2026","NA","The main experiment item","False","VWP_finalSetup_22_7.osexp","C:\Users\plcm\Desktop\2026-EyeTracking\group-eyeconic\OS2\final_recordings_upl","False","mono","False","20","no","#0c0c0c","no","yes","1440","38","39_pos3_nosub.png","39_pos3_sub.png","psycho","28","28","C:\Users\plcm\Desktop\2026-EyeTracking\group-eyeconic\OS2\final_recordings_upl\group 7-13\subject-8.csv","psycho","Neonatal Nightingale","4.1.14","broom","cloth","apron","mop","0","0","space","space","space","NA","space","NA","NA","space","NA","space","NA","space","NA","space","NA","NA","NA","space","NA","NA","NA","1756.5881999908015","1785.1722999912454","9882.435799998348","NA","1756.5881999908015","NA","NA","3899.0558000077726","NA","5460.437100002309","NA","3351.4787000021897","NA","9539.951300001121","NA","NA","NA","7259.425199998077","NA","NA","NA","1695.9048999997322","space","29","2","psycho","The woman will tie the apron","1024","2","24000","-16","experiment","8","even","3","42973.074699999415","359260.5746999907","356567.55059999705","84188.66179999895","4918.004999999539","42978.75080000085","44769.57479999692","NA","352544.01979999966","356567.4941999896","352324.7282999946","NA","42973.154099992826","NA","NA","350567.2915000032","NA","NA","54656.944899994414","NA","58559.8345999897","NA","64028.44169999298","NA","67383.95799999125","NA","NA","NA","76928.53269999614","NA","NA","NA","359280.909299996","NA","6629.065000000992","352527.90169999935","350557.63489998935","350567.1222999954","356587.05689999624","356544.26299998886","84188.69090000226","352527.4805999943","4932.103899991489","3000","SceneViewing","28","72497.17869996675","28","2560"
"100","100","10_r.wav","2552","2552","#dadada","256","psycho","psycho","psycho","restrictive","1","undefined","undefined","1","NA","undefined","NA","undefined","NA","undefined","NA","undefined","NA","NA","undefined","NA","NA","NA","undefined","0","29","29","0","0","0","0","NA","29","29","29","NA","0","NA","NA","29","0","NA","0","NA","0","NA","0","NA","0","NA","NA","NA","0","NA","NA","NA","29","NA","0","29","29","29","29","29","0","29","0","participant_group1.csv","1","NA","NA","NA","Fri Jul 24 12:43:24 2026","NA","The main experiment item","False","VWP_finalSetup_22_7.osexp","C:\Users\plcm\Desktop\2026-EyeTracking\group-eyeconic\OS2\final_recordings_upl","False","mono","False","20","no","#0c0c0c","no","yes","1440","10","11_pos3_nosub.png","11_pos3_sub.png","psycho","29","29","C:\Users\plcm\Desktop\2026-EyeTracking\group-eyeconic\OS2\final_recordings_upl\group 7-13\subject-8.csv","psycho","Neonatal Nightingale","4.1.14","dog","wastebin","washing-machine","mirror","0","0","space","space","space","NA","space","NA","NA","space","NA","space","NA","space","NA","space","NA","NA","NA","space","NA","NA","NA","1528.930999993463","1785.1722999912454","9882.435799998348","NA","1528.930999993463","NA","NA","3899.0558000077726","NA","5460.437100002309","NA","3351.4787000021897","NA","9539.951300001121","NA","NA","NA","7259.425199998077","NA","NA","NA","1695.9048999997322","space","30","2","psycho","The man will repair the washing machine","1024","2","24000","-16","experiment","8","even","3","42973.074699999415","368561.0299999971","365079.6302999952","84188.66179999895","4918.004999999539","42978.75080000085","44769.57479999692","NA","361055.12479999743","365079.5644000027","360836.57230000244","NA","42973.154099992826","NA","NA","359306.9727999973","NA","NA","54656.944899994414","NA","58559.8345999897","NA","64028.44169999298","NA","67383.95799999125","NA","NA","NA","76928.53269999614","NA","NA","NA","368580.5965999898","NA","6629.065000000992","361039.62260000117","359294.4063999894","359306.79989999044","365099.1629999917","365055.35929999314","84188.69090000226","361038.96879999957","4932.103899991489","3000","SceneViewing","29","74026.10969996022","29","2560"
"100","100","21_n.wav","2551","2551","#dadada","256","psycho","psycho","psycho","non-restrictive","1","undefined","undefined","1","NA","undefined","NA","undefined","NA","undefined","NA","undefined","NA","NA","undefined","NA","NA","NA","undefined","0","30","30","0","0","0","0","NA","30","30","30","NA","0","NA","NA","30","0","NA","0","NA","0","NA","0","NA","0","NA","NA","NA","0","NA","NA","NA","30","NA","0","30","30","30","30","30","0","30","0","participant_group1.csv","1","NA","NA","NA","Fri Jul 24 12:43:24 2026","NA","The main experiment item","False","VWP_finalSetup_22_7.osexp","C:\Users\plcm\Desktop\2026-EyeTracking\group-eyeconic\OS2\final_recordings_upl","False","mono","False","20","no","#0c0c0c","no","yes","1440","21","22_pos2_nosub.png","22_pos2_sub.png","psycho","30","30","C:\Users\plcm\Desktop\2026-EyeTracking\group-eyeconic\OS2\final_recordings_upl\group 7-13\subject-8.csv","psycho","Neonatal Nightingale","4.1.14","cushion","flower","magazine","vase","0","0","space","space","space","NA","space","NA","NA","space","NA","space","NA","space","NA","space","NA","NA","NA","space","NA","NA","NA","2512.144600012107","1785.1722999912454","9882.435799998348","NA","2512.144600012107","NA","NA","3899.0558000077726","NA","5460.437100002309","NA","3351.4787000021897","NA","9539.951300001121","NA","NA","NA","7259.425199998077","NA","NA","NA","1695.9048999997322","space","31","2","psycho","The woman will move the flower","1024","2","24000","-16","experiment","8","even","2","42973.074699999415","378050.53880000196","375359.25589999533","84188.66179999895","4918.004999999539","42978.75080000085","44769.57479999692","NA","371335.45589999994","375359.1967999964","371124.51619999774","NA","42973.154099992826","NA","NA","368611.71079998894","NA","NA","54656.944899994414","NA","58559.8345999897","NA","64028.44169999298","NA","67383.95799999125","NA","NA","NA","76928.53269999614","NA","NA","NA","378069.9483999924","NA","6629.065000000992","371319.491199989","368601.622999995","368611.6105999972","375378.2726999925","375336.03669999866","84188.69090000226","371318.97890000255","4932.103899991489","3000","SceneViewing","30","76538.25429997232","30","2560"
"100","100","13_n.wav","2524","2524","#dadada","256","psycho","psycho","psycho","non-restrictive","1","undefined","undefined","1","NA","undefined","NA","undefined","NA","undefined","NA","undefined","NA","NA","undefined","NA","NA","NA","undefined","0","31","31","0","0","0","0","NA","31","31","31","NA","0","NA","NA","31","0","NA","0","NA","0","NA","0","NA","0","NA","NA","NA","0","NA","NA","NA","31","NA","0","31","31","31","31","31","0","31","0","participant_group1.csv","1","NA","NA","NA","Fri Jul 24 12:43:24 2026","NA","The main experiment item","False","VWP_finalSetup_22_7.osexp","C:\Users\plcm\Desktop\2026-EyeTracking\group-eyeconic\OS2\final_recordings_upl","False","mono","False","20","no","#0c0c0c","no","yes","1440","13","14_pos2_nosub.png","14_pos2_sub.png","psycho","31","31","C:\Users\plcm\Desktop\2026-EyeTracking\group-eyeconic\OS2\final_recordings_upl\group 7-13\subject-8.csv","psycho","Neonatal Nightingale","4.1.14","glasses","cigarettes","filofax","briefcase","0","0","space","space","space","NA","space","NA","NA","space","NA","space","NA","space","NA","space","NA","NA","NA","space","NA","NA","NA","1712.6411000062944","1785.1722999912454","9882.435799998348","NA","1712.6411000062944","NA","NA","3899.0558000077726","NA","5460.437100002309","NA","3351.4787000021897","NA","9539.951300001121","NA","NA","NA","7259.425199998077","NA","NA","NA","1695.9048999997322","space","32","2","psycho","The man will  collect the cigarettes","1024","2","24000","-16","experiment","8","even","2","42973.074699999415","387080.5025000009","384052.0617000002","84188.66179999895","4918.004999999539","42978.75080000085","44769.57479999692","NA","380026.9539000001","384052.0053999935","379804.6156999917","NA","42973.154099992826","NA","NA","378091.28339999006","NA","NA","54656.944899994414","NA","58559.8345999897","NA","64028.44169999298","NA","67383.95799999125","NA","NA","NA","76928.53269999614","NA","NA","NA","387099.5213999995","NA","6629.065000000992","380010.83839999046","378080.372299999","378091.1500999937","384071.0964999889","384027.4367999955","84188.69090000226","380010.07049999316","4932.103899991489","3000","SceneViewing","31","78250.89539997862","31","2560"
"100","100","32_r.wav","2598","2598","#dadada","256","psycho","psycho","psycho","restrictive","1","undefined","undefined","1","NA","undefined","NA","undefined","NA","undefined","NA","undefined","NA","NA","undefined","NA","NA","NA","undefined","0","32","32","0","0","0","0","NA","32","32","32","NA","0","NA","NA","32","0","NA","0","NA","0","NA","0","NA","0","NA","NA","NA","0","NA","NA","NA","32","NA","0","32","32","32","32","32","0","32","0","participant_group1.csv","1","NA","NA","NA","Fri Jul 24 12:43:24 2026","NA","The main experiment item","False","VWP_finalSetup_22_7.osexp","C:\Users\plcm\Desktop\2026-EyeTracking\group-eyeconic\OS2\final_recordings_upl","False","mono","False","20","no","#0c0c0c","no","yes","1440","32","33_pos1_nosub.png","33_pos1_sub.png","psycho","32","32","C:\Users\plcm\Desktop\2026-EyeTracking\group-eyeconic\OS2\final_recordings_upl\group 7-13\subject-8.csv","psycho","Neonatal Nightingale","4.1.14","beer","mug","biscuit","kettle","0","0","space","space","space","NA","space","NA","NA","space","NA","space","NA","space","NA","space","NA","NA","NA","space","NA","NA","NA","4894.291900011012","1785.1722999912454","9882.435799998348","NA","4894.291900011012","NA","NA","3899.0558000077726","NA","5460.437100002309","NA","3351.4787000021897","NA","9539.951300001121","NA","NA","NA","7259.425199998077","NA","NA","NA","1695.9048999997322","space","33","2","psycho","The woman will brew the beer","1024","2","24000","-16","experiment","8","even","1","42973.074699999415","398851.24389998964","396253.5460999934","84188.66179999895","4918.004999999539","42978.75080000085","44769.57479999692","NA","392229.2315999948","396253.4891999967","392012.69540000067","NA","42973.154099992826","NA","NA","387117.6160999894","NA","NA","54656.944899994414","NA","58559.8345999897","NA","64028.44169999298","NA","67383.95799999125","NA","NA","NA","76928.53269999614","NA","NA","NA","398870.6780999928","NA","6629.065000000992","392211.6871999897","387107.6133000024","387117.52269999124","396273.062399996","396229.71909999615","84188.69090000226","392211.0998999997","4932.103899991489","3000","SceneViewing","32","83145.18729998963","32","2560"
"100","100","34_r.wav","2582","2582","#dadada","256","psycho","psycho","psycho","restrictive","1","undefined","undefined","1","NA","undefined","NA","undefined","NA","undefined","NA","undefined","NA","NA","undefined","NA","NA","NA","undefined","0","33","33","0","0","0","0","NA","33","33","33","NA","0","NA","NA","33","0","NA","0","NA","0","NA","0","NA","0","NA","NA","NA","0","NA","NA","NA","33","NA","0","33","33","33","33","33","0","33","0","participant_group1.csv","1","NA","NA","NA","Fri Jul 24 12:43:24 2026","NA","The main experiment item","False","VWP_finalSetup_22_7.osexp","C:\Users\plcm\Desktop\2026-EyeTracking\group-eyeconic\OS2\final_recordings_upl","False","mono","False","20","no","#0c0c0c","no","yes","1440","34","35_pos3_nosub.png","35_pos3_sub.png","psycho","33","33","C:\Users\plcm\Desktop\2026-EyeTracking\group-eyeconic\OS2\final_recordings_upl\group 7-13\subject-8.csv","psycho","Neonatal Nightingale","4.1.14","notebook","pillow","radio","puzzle","0","0","space","space","space","NA","space","NA","NA","space","NA","space","NA","space","NA","space","NA","NA","NA","space","NA","NA","NA","2085.1040999987163","1785.1722999912454","9882.435799998348","NA","2085.1040999987163","NA","NA","3899.0558000077726","NA","5460.437100002309","NA","3351.4787000021897","NA","9539.951300001121","NA","NA","NA","7259.425199998077","NA","NA","NA","1695.9048999997322","space","34","2","psycho","The boy will switch on the radio","1024","2","24000","-16","experiment","8","even","3","42973.074699999415","408310.5385999952","405237.9268999939","84188.66179999895","4918.004999999539","42978.75080000085","44769.57479999692","NA","401213.57480000006","405237.8622999968","400988.7804000027","NA","42973.154099992826","NA","NA","398902.84670000256","NA","NA","54656.944899994414","NA","58559.8345999897","NA","64028.44169999298","NA","67383.95799999125","NA","NA","NA","76928.53269999614","NA","NA","NA","408329.3954999972","NA","6629.065000000992","401193.83160000143","398891.51819999097","398902.67139999196","405257.6270999998","405214.4147999934","84188.69090000226","401193.36649999605","4932.103899991489","3000","SceneViewing","33","85230.29139998835","33","2560"
"100","100","22_r.wav","2588","2588","#dadada","256","psycho","psycho","psycho","restrictive","1","undefined","undefined","1","NA","undefined","NA","undefined","NA","undefined","NA","undefined","NA","NA","undefined","NA","NA","NA","undefined","0","34","34","0","0","0","0","NA","34","34","34","NA","0","NA","NA","34","0","NA","0","NA","0","NA","0","NA","0","NA","NA","NA","0","NA","NA","NA","34","NA","0","34","34","34","34","34","0","34","0","participant_group1.csv","1","NA","NA","NA","Fri Jul 24 12:43:24 2026","NA","The main experiment item","False","VWP_finalSetup_22_7.osexp","C:\Users\plcm\Desktop\2026-EyeTracking\group-eyeconic\OS2\final_recordings_upl","False","mono","False","20","no","#0c0c0c","no","yes","1440","22","23_pos3_nosub.png","23_pos3_sub.png","psycho","34","34","C:\Users\plcm\Desktop\2026-EyeTracking\group-eyeconic\OS2\final_recordings_upl\group 7-13\subject-8.csv","psycho","Neonatal Nightingale","4.1.14","poster","towel","coat","hook","0","0","space","space","space","NA","space","NA","NA","space","NA","space","NA","space","NA","space","NA","NA","NA","space","NA","NA","NA","2768.522300000768","1785.1722999912454","9882.435799998348","NA","2768.522300000768","NA","NA","3899.0558000077726","NA","5460.437100002309","NA","3351.4787000021897","NA","9539.951300001121","NA","NA","NA","7259.425199998077","NA","NA","NA","1695.9048999997322","space","35","2","psycho","The girl will zip the coat","1024","2","24000","-16","experiment","8","even","3","42973.074699999415","417880.4811000009","415374.6601000021","84188.66179999895","4918.004999999539","42978.75080000085","44769.57479999692","NA","411350.5576999887","415374.58469999547","411132.63639999786","NA","42973.154099992826","NA","NA","408363.3870999911","NA","NA","54656.944899994414","NA","58559.8345999897","NA","64028.44169999298","NA","67383.95799999125","NA","NA","NA","76928.53269999614","NA","NA","NA","417899.9438000028","NA","6629.065000000992","411333.2176999975","408351.09389999707","408363.20569999225","415394.09609998984","415351.2674999947","84188.69090000226","411332.656899991","4932.103899991489","3000","SceneViewing","34","87998.81369998911","34","2560"
"100","100","45_n.wav","2571","2571","#dadada","256","psycho","psycho","psycho","non-restrictive","1","undefined","undefined","1","NA","undefined","NA","undefined","NA","undefined","NA","undefined","NA","NA","undefined","NA","NA","NA","undefined","0","35","35","0","0","0","0","NA","35","35","35","NA","0","NA","NA","35","0","NA","0","NA","0","NA","0","NA","0","NA","NA","NA","0","NA","NA","NA","35","NA","0","35","35","35","35","35","0","35","0","participant_group1.csv","1","NA","NA","NA","Fri Jul 24 12:43:24 2026","NA","The main experiment item","False","VWP_finalSetup_22_7.osexp","C:\Users\plcm\Desktop\2026-EyeTracking\group-eyeconic\OS2\final_recordings_upl","False","mono","False","20","no","#0c0c0c","no","yes","1440","45","46_pos2_nosub.png","46_pos2_sub.png","psycho","35","35","C:\Users\plcm\Desktop\2026-EyeTracking\group-eyeconic\OS2\final_recordings_upl\group 7-13\subject-8.csv","psycho","Neonatal Nightingale","4.1.14","pot","carrot","laddle","peeler","0","0","space","space","space","NA","space","NA","NA","space","NA","space","NA","space","NA","space","NA","NA","NA","space","NA","NA","NA","2001.0495999886189","1785.1722999912454","9882.435799998348","NA","2001.0495999886189","NA","NA","3899.0558000077726","NA","5460.437100002309","NA","3351.4787000021897","NA","9539.951300001121","NA","NA","NA","7259.425199998077","NA","NA","NA","1695.9048999997322","space","36","2","psycho","The chef will carry the carrot","1024","2","24000","-16","experiment","8","even","2","42973.074699999415","426780.64109999104","424178.9674999891","84188.66179999895","4918.004999999539","42978.75080000085","44769.57479999692","NA","420155.25660000276","424178.90269999043","419940.72079999023","NA","42973.154099992826","NA","NA","417938.8972000015","NA","NA","54656.944899994414","NA","58559.8345999897","NA","64028.44169999298","NA","67383.95799999125","NA","NA","NA","76928.53269999614","NA","NA","NA","426799.6956999996","NA","6629.065000000992","420139.9046000006","417928.46529999224","417938.7416999962","424197.9311000032","424155.4884999932","84188.69090000226","420139.37659999647","4932.103899991489","3000","SceneViewing","35","89999.86329997773","35","2560"
"100","100","8_r.wav","2577","2577","#dadada","256","psycho","psycho","psycho","restrictive","1","undefined","undefined","1","NA","undefined","NA","undefined","NA","undefined","NA","undefined","NA","NA","undefined","NA","NA","NA","undefined","0","36","36","0","0","0","0","NA","36","36","36","NA","0","NA","NA","36","0","NA","0","NA","0","NA","0","NA","0","NA","NA","NA","0","NA","NA","NA","36","NA","0","36","36","36","36","36","0","36","0","participant_group1.csv","1","NA","NA","NA","Fri Jul 24 12:43:24 2026","NA","The main experiment item","False","VWP_finalSetup_22_7.osexp","C:\Users\plcm\Desktop\2026-EyeTracking\group-eyeconic\OS2\final_recordings_upl","False","mono","False","20","no","#0c0c0c","no","yes","1440","8","9_pos1_nosub.png","9_pos1_sub.png","psycho","36","36","C:\Users\plcm\Desktop\2026-EyeTracking\group-eyeconic\OS2\final_recordings_upl\group 7-13\subject-8.csv","psycho","Neonatal Nightingale","4.1.14","piano","table","telephone","television","0","0","space","space","space","NA","space","NA","NA","space","NA","space","NA","space","NA","space","NA","NA","NA","space","NA","NA","NA","2777.949700001045","1785.1722999912454","9882.435799998348","NA","2777.949700001045","NA","NA","3899.0558000077726","NA","5460.437100002309","NA","3351.4787000021897","NA","9539.951300001121","NA","NA","NA","7259.425199998077","NA","NA","NA","1695.9048999997322","space","37","2","psycho","The woman will play the piano","1024","2","24000","-16","experiment","8","even","1","42973.074699999415","436680.4725999973","433837.83779999067","84188.66179999895","4918.004999999539","42978.75080000085","44769.57479999692","NA","429814.2547000025","433837.75959999184","429596.82999999495","NA","42973.154099992826","NA","NA","426817.899799993","NA","NA","54656.944899994414","NA","58559.8345999897","NA","64028.44169999298","NA","67383.95799999125","NA","NA","NA","76928.53269999614","NA","NA","NA","436700.07449999684","NA","6629.065000000992","429797.62339999434","426806.9301999931","426817.73290000274","433857.30029999104","433814.36089999625","84188.69090000226","429796.8191999971","4932.103899991489","3000","SceneViewing","36","92777.81299997878","36","2560"
"100","100","26_r.wav","2579","2579","#dadada","256","psycho","psycho","psycho","restrictive","1","undefined","undefined","1","NA","undefined","NA","undefined","NA","undefined","NA","undefined","NA","NA","undefined","NA","NA","NA","undefined","0","37","37","0","0","0","0","NA","37","37","37","NA","0","NA","NA","37","0","NA","0","NA","0","NA","0","NA","0","NA","NA","NA","0","NA","NA","NA","37","NA","0","37","37","37","37","37","0","37","0","participant_group1.csv","1","NA","NA","NA","Fri Jul 24 12:43:24 2026","NA","The main experiment item","False","VWP_finalSetup_22_7.osexp","C:\Users\plcm\Desktop\2026-EyeTracking\group-eyeconic\OS2\final_recordings_upl","False","mono","False","20","no","#0c0c0c","no","yes","1440","26","27_pos3_nosub.png","27_pos3_sub.png","psycho","37","37","C:\Users\plcm\Desktop\2026-EyeTracking\group-eyeconic\OS2\final_recordings_upl\group 7-13\subject-8.csv","psycho","Neonatal Nightingale","4.1.14","coin","coaster","candle","package","0","0","space","space","space","NA","space","NA","NA","space","NA","space","NA","space","NA","space","NA","NA","NA","space","NA","NA","NA","2651.096800007508","1785.1722999912454","9882.435799998348","NA","2651.096800007508","NA","NA","3899.0558000077726","NA","5460.437100002309","NA","3351.4787000021897","NA","9539.951300001121","NA","NA","NA","7259.425199998077","NA","NA","NA","1695.9048999997322","space","38","2","psycho","The woman will blow out the candle","1024","2","24000","-16","experiment","8","even","3","42973.074699999415","446640.587899994","443617.7855999995","84188.66179999895","4918.004999999539","42978.75080000085","44769.57479999692","NA","439591.53819999483","443617.68869998923","439372.7055999916","NA","42973.154099992826","NA","NA","436720.81439998874","NA","NA","54656.944899994414","NA","58559.8345999897","NA","64028.44169999298","NA","67383.95799999125","NA","NA","NA","76928.53269999614","NA","NA","NA","446659.53789999185","NA","6629.065000000992","439576.44699999946","436710.513500002","436720.6656999915","443637.18959999096","443591.91449999344","84188.69090000226","439575.8796000009","4932.103899991489","3000","SceneViewing","37","95428.90979998629","37","2560"
"100","100","48_r.wav","2592","2592","#dadada","256","psycho","psycho","psycho","restrictive","1","undefined","undefined","1","NA","undefined","NA","undefined","NA","undefined","NA","undefined","NA","NA","undefined","NA","NA","NA","undefined","0","38","38","0","0","0","0","NA","38","38","38","NA","0","NA","NA","38","0","NA","0","NA","0","NA","0","NA","0","NA","NA","NA","0","NA","NA","NA","38","NA","0","38","38","38","38","38","0","38","0","participant_group1.csv","1","NA","NA","NA","Fri Jul 24 12:43:24 2026","NA","The main experiment item","False","VWP_finalSetup_22_7.osexp","C:\Users\plcm\Desktop\2026-EyeTracking\group-eyeconic\OS2\final_recordings_upl","False","mono","False","20","no","#0c0c0c","no","yes","1440","48","49_pos1_nosub.png","49_pos1_sub.png","psycho","38","38","C:\Users\plcm\Desktop\2026-EyeTracking\group-eyeconic\OS2\final_recordings_upl\group 7-13\subject-8.csv","psycho","Neonatal Nightingale","4.1.14","balloon","pump","flag","pouch","0","0","space","space","space","NA","space","NA","NA","space","NA","space","NA","space","NA","space","NA","NA","NA","space","NA","NA","NA","3103.5880999988876","1785.1722999912454","9882.435799998348","NA","3103.5880999988876","NA","NA","3899.0558000077726","NA","5460.437100002309","NA","3351.4787000021897","NA","9539.951300001121","NA","NA","NA","7259.425199998077","NA","NA","NA","1695.9048999997322","space","39","2","psycho","The child will inflate the balloon","1024","2","24000","-16","experiment","8","even","1","42973.074699999415","457120.6039999961","454020.8633000002","84188.66179999895","4918.004999999539","42978.75080000085","44769.57479999692","NA","449997.39989999216","454020.8086999919","449788.6659999931","NA","42973.154099992826","NA","NA","446684.3871000019","NA","NA","54656.944899994414","NA","58559.8345999897","NA","64028.44169999298","NA","67383.95799999125","NA","NA","NA","76928.53269999614","NA","NA","NA","457139.92669999425","NA","6629.065000000992","449982.2698999924","446674.4547999988","446684.18749999546","454040.5873999989","453997.93379999755","84188.69090000226","449981.6686999984","4932.103899991489","3000","SceneViewing","38","98532.49789998517","38","2560"
"100","100","37_n.wav","2613","2613","#dadada","256","psycho","psycho","psycho","non-restrictive","1","undefined","undefined","1","NA","undefined","NA","undefined","NA","undefined","NA","undefined","NA","NA","undefined","NA","NA","NA","undefined","0","39","39","0","0","0","0","NA","39","39","39","NA","0","NA","NA","39","0","NA","0","NA","0","NA","0","NA","0","NA","NA","NA","0","NA","NA","NA","39","NA","0","39","39","39","39","39","0","39","0","participant_group1.csv","1","NA","NA","NA","Fri Jul 24 12:43:24 2026","NA","The main experiment item","False","VWP_finalSetup_22_7.osexp","C:\Users\plcm\Desktop\2026-EyeTracking\group-eyeconic\OS2\final_recordings_upl","False","mono","False","20","no","#0c0c0c","no","yes","1440","37","38_pos2_nosub.png","38_pos2_sub.png","psycho","39","39","C:\Users\plcm\Desktop\2026-EyeTracking\group-eyeconic\OS2\final_recordings_upl\group 7-13\subject-8.csv","psycho","Neonatal Nightingale","4.1.14","key","banana","mitten","marker","0","0","space","space","space","NA","space","NA","NA","space","NA","space","NA","space","NA","space","NA","NA","NA","space","NA","NA","NA","3381.4211999997497","1785.1722999912454","9882.435799998348","NA","3381.4211999997497","NA","NA","3899.0558000077726","NA","5460.437100002309","NA","3351.4787000021897","NA","9539.951300001121","NA","NA","NA","7259.425199998077","NA","NA","NA","1695.9048999997322","space","40","2","psycho","The boy will move the banana","1024","2","24000","-16","experiment","8","even","2","42973.074699999415","467480.5856000021","464779.82209999755","84188.66179999895","4918.004999999539","42978.75080000085","44769.57479999692","NA","460754.54309998895","464779.75960000185","460540.7489999925","NA","42973.154099992826","NA","NA","457158.48969999934","NA","NA","54656.944899994414","NA","58559.8345999897","NA","64028.44169999298","NA","67383.95799999125","NA","NA","NA","76928.53269999614","NA","NA","NA","467499.8009999981","NA","6629.065000000992","460738.0099000002","457148.04189999995","457158.35679999145","464799.78239999036","464755.08669999545","84188.69090000226","460737.4802999984","4932.103899991489","3000","SceneViewing","39","101913.91909998492","39","2560"
"100","100","49_n.wav","2589","2589","#dadada","256","psycho","psycho","psycho","non-restrictive","1","undefined","undefined","1","NA","undefined","NA","undefined","NA","undefined","NA","undefined","NA","NA","undefined","NA","NA","NA","undefined","0","40","40","0","0","0","0","NA","40","40","40","NA","0","NA","NA","40","0","NA","0","NA","0","NA","0","NA","0","NA","NA","NA","0","NA","NA","NA","40","NA","0","40","40","40","40","40","0","40","0","participant_group1.csv","1","NA","NA","NA","Fri Jul 24 12:43:24 2026","NA","The main experiment item","False","VWP_finalSetup_22_7.osexp","C:\Users\plcm\Desktop\2026-EyeTracking\group-eyeconic\OS2\final_recordings_upl","False","mono","False","20","no","#0c0c0c","no","yes","1440","49","50_pos2_nosub.png","50_pos2_sub.png","psycho","40","40","C:\Users\plcm\Desktop\2026-EyeTracking\group-eyeconic\OS2\final_recordings_upl\group 7-13\subject-8.csv","psycho","Neonatal Nightingale","4.1.14","scissors","stamp","envelope","rubberband","0","0","space","space","space","NA","space","NA","NA","space","NA","space","NA","space","NA","space","NA","NA","NA","space","NA","NA","NA","1668.7322000070708","1785.1722999912454","9882.435799998348","NA","1668.7322000070708","NA","NA","3899.0558000077726","NA","5460.437100002309","NA","3351.4787000021897","NA","9539.951300001121","NA","NA","NA","7259.425199998077","NA","NA","NA","1695.9048999997322","space","41","2","psycho","The man will pick up the stamp","1024","2","24000","-16","experiment","8","even","2","42973.074699999415","476170.5602000002","473422.5377999974","84188.66179999895","4918.004999999539","42978.75080000085","44769.57479999692","NA","469398.56259999215","473422.4782999954","469188.74709999363","NA","42973.154099992826","NA","NA","467519.0844999888","NA","NA","54656.944899994414","NA","58559.8345999897","NA","64028.44169999298","NA","67383.95799999125","NA","NA","NA","76928.53269999614","NA","NA","NA","476190.4557999951","NA","6629.065000000992","469382.46389999404","467507.7111999999","467518.96499999566","473441.6952999891","473399.08259999356","84188.69090000226","469381.88419998914","4932.103899991489","3000","SceneViewing","40","103582.651299992","40","2560"
"100","100","15_n.wav","2574","2574","#dadada","256","psycho","psycho","psycho","non-restrictive","1","undefined","undefined","1","NA","undefined","NA","undefined","NA","undefined","NA","undefined","NA","NA","undefined","NA","NA","NA","undefined","0","41","41","0","0","0","0","NA","41","41","41","NA","0","NA","NA","41","0","NA","0","NA","0","NA","0","NA","0","NA","NA","NA","0","NA","NA","NA","41","NA","0","41","41","41","41","41","0","41","0","participant_group1.csv","1","NA","NA","NA","Fri Jul 24 12:43:24 2026","NA","The main experiment item","False","VWP_finalSetup_22_7.osexp","C:\Users\plcm\Desktop\2026-EyeTracking\group-eyeconic\OS2\final_recordings_upl","False","mono","False","20","no","#0c0c0c","no","yes","1440","15","16_pos4_nosub.png","16_pos4_sub.png","psycho","41","41","C:\Users\plcm\Desktop\2026-EyeTracking\group-eyeconic\OS2\final_recordings_upl\group 7-13\subject-8.csv","psycho","Neonatal Nightingale","4.1.14","wallet","magnifying-glass","folder","hat","0","0","space","space","space","NA","space","NA","NA","space","NA","space","NA","space","NA","space","NA","NA","NA","space","NA","NA","NA","1991.3659000012558","1785.1722999912454","9882.435799998348","NA","1991.3659000012558","NA","NA","3899.0558000077726","NA","5460.437100002309","NA","3351.4787000021897","NA","9539.951300001121","NA","NA","NA","7259.425199998077","NA","NA","NA","1695.9048999997322","space","42","2","psycho","The businessman will  forget the hat","1024","2","24000","-16","experiment","8","even","4","42973.074699999415","485620.6281999912","482461.73439999984","84188.66179999895","4918.004999999539","42978.75080000085","44769.57479999692","NA","478437.683199998","482461.66259999154","478212.64430000156","NA","42973.154099992826","NA","NA","476220.49039999547","NA","NA","54656.944899994414","NA","58559.8345999897","NA","64028.44169999298","NA","67383.95799999125","NA","NA","NA","76928.53269999614","NA","NA","NA","485640.0428999914","NA","6629.065000000992","478420.49530000077","476210.92909999425","476220.3695999924","482480.59049999574","482438.2213999925","84188.69090000226","478419.8631999898","4932.103899991489","3000","SceneViewing","41","105574.01719999325","41","2560"
"100","100","39_n.wav","2576","2576","#dadada","256","psycho","psycho","psycho","non-restrictive","1","undefined","undefined","1","NA","undefined","NA","undefined","NA","undefined","NA","undefined","NA","NA","undefined","NA","NA","NA","undefined","0","42","42","0","0","0","0","NA","42","42","42","NA","0","NA","NA","42","0","NA","0","NA","0","NA","0","NA","0","NA","NA","NA","0","NA","NA","NA","42","NA","0","42","42","42","42","42","0","42","0","participant_group1.csv","1","NA","NA","NA","Fri Jul 24 12:43:24 2026","NA","The main experiment item","False","VWP_finalSetup_22_7.osexp","C:\Users\plcm\Desktop\2026-EyeTracking\group-eyeconic\OS2\final_recordings_upl","False","mono","False","20","no","#0c0c0c","no","yes","1440","39","40_pos4_nosub.png","40_pos4_sub.png","psycho","42","42","C:\Users\plcm\Desktop\2026-EyeTracking\group-eyeconic\OS2\final_recordings_upl\group 7-13\subject-8.csv","psycho","Neonatal Nightingale","4.1.14","shampoo","mat","buckle","shoelace","0","0","space","space","space","NA","space","NA","NA","space","NA","space","NA","space","NA","space","NA","NA","NA","space","NA","NA","NA","2629.3620000069495","1785.1722999912454","9882.435799998348","NA","2629.3620000069495","NA","NA","3899.0558000077726","NA","5460.437100002309","NA","3351.4787000021897","NA","9539.951300001121","NA","NA","NA","7259.425199998077","NA","NA","NA","1695.9048999997322","space","43","2","psycho","The boy will move the shoelace","1024","2","24000","-16","experiment","8","even","4","42973.074699999415","495130.5427999905","492538.2910999906","84188.66179999895","4918.004999999539","42978.75080000085","44769.57479999692","NA","488513.33219998924","492538.2377999922","488300.84850000276","NA","42973.154099992826","NA","NA","485670.5920999957","NA","NA","54656.944899994414","NA","58559.8345999897","NA","64028.44169999298","NA","67383.95799999125","NA","NA","NA","76928.53269999614","NA","NA","NA","495149.56749998964","NA","6629.065000000992","488497.84219999856","485659.90839998994","485670.40709999856","492557.43410000287","492514.13689999026","84188.69090000226","488497.3614999908","4932.103899991489","3000","SceneViewing","42","108203.3792000002","42","2560"
"100","100","1_n.wav","2552","2552","#dadada","256","psycho","psycho","psycho","non-restrictive","1","undefined","undefined","1","NA","undefined","NA","undefined","NA","undefined","NA","undefined","NA","NA","undefined","NA","NA","NA","undefined","0","43","43","0","0","0","0","NA","43","43","43","NA","0","NA","NA","43","0","NA","0","NA","0","NA","0","NA","0","NA","NA","NA","0","NA","NA","NA","43","NA","0","43","43","43","43","43","0","43","0","participant_group1.csv","1","NA","NA","NA","Fri Jul 24 12:43:24 2026","NA","The main experiment item","False","VWP_finalSetup_22_7.osexp","C:\Users\plcm\Desktop\2026-EyeTracking\group-eyeconic\OS2\final_recordings_upl","False","mono","False","20","no","#0c0c0c","no","yes","1440","1","2_pos2_nosub.png","2_pos2_sub.png","psycho","43","43","C:\Users\plcm\Desktop\2026-EyeTracking\group-eyeconic\OS2\final_recordings_upl\group 7-13\subject-8.csv","psycho","Neonatal Nightingale","4.1.14","lipstick","wine","cheese","chair","0","0","space","space","space","NA","space","NA","NA","space","NA","space","NA","space","NA","space","NA","NA","NA","space","NA","NA","NA","1541.5312999975868","1785.1722999912454","9882.435799998348","NA","1541.5312999975868","NA","NA","3899.0558000077726","NA","5460.437100002309","NA","3351.4787000021897","NA","9539.951300001121","NA","NA","NA","7259.425199998077","NA","NA","NA","1695.9048999997322","space","44","2","psycho","The woman will try the wine","1024","2","24000","-16","experiment","8","even","2","42973.074699999415","503560.6972999958","500955.8773999888","84188.66179999895","4918.004999999539","42978.75080000085","44769.57479999692","NA","496930.7375999924","500955.82209998975","496716.8318999902","NA","42973.154099992826","NA","NA","495174.36609999277","NA","NA","54656.944899994414","NA","58559.8345999897","NA","64028.44169999298","NA","67383.95799999125","NA","NA","NA","76928.53269999614","NA","NA","NA","503580.60939999996","NA","6629.065000000992","496911.58359999827","495162.8759000014","495174.2468000011","500975.14260000025","500931.4214999904","84188.69090000226","496911.137099989","4932.103899991489","3000","SceneViewing","43","109744.91049999779","43","2560"
"100","100","41_n.wav","2558","2558","#dadada","256","psycho","psycho","psycho","non-restrictive","1","undefined","undefined","1","NA","undefined","NA","undefined","NA","undefined","NA","undefined","NA","NA","undefined","NA","NA","NA","undefined","0","44","44","0","0","0","0","NA","44","44","44","NA","0","NA","NA","44","0","NA","0","NA","0","NA","0","NA","0","NA","NA","NA","0","NA","NA","NA","44","NA","0","44","44","44","44","44","0","44","0","participant_group1.csv","1","NA","NA","NA","Fri Jul 24 12:43:24 2026","NA","The main experiment item","False","VWP_finalSetup_22_7.osexp","C:\Users\plcm\Desktop\2026-EyeTracking\group-eyeconic\OS2\final_recordings_upl","False","mono","False","20","no","#0c0c0c","no","yes","1440","41","42_pos2_nosub.png","42_pos2_sub.png","psycho","44","44","C:\Users\plcm\Desktop\2026-EyeTracking\group-eyeconic\OS2\final_recordings_upl\group 7-13\subject-8.csv","psycho","Neonatal Nightingale","4.1.14","shell","orange","stone","cone","0","0","space","space","space","NA","space","NA","NA","space","NA","space","NA","space","NA","space","NA","NA","NA","space","NA","NA","NA","2845.054200006416","1785.1722999912454","9882.435799998348","NA","2845.054200006416","NA","NA","3899.0558000077726","NA","5460.437100002309","NA","3351.4787000021897","NA","9539.951300001121","NA","NA","NA","7259.425199998077","NA","NA","NA","1695.9048999997322","space","45","2","psycho","The boy will move the orange","1024","2","24000","-16","experiment","8","even","2","42973.074699999415","513310.63199999335","510701.0162999941","84188.66179999895","4918.004999999539","42978.75080000085","44769.57479999692","NA","506676.93449999206","510700.9590999951","506460.5900000024","NA","42973.154099992826","NA","NA","503614.8072999931","NA","NA","54656.944899994414","NA","58559.8345999897","NA","64028.44169999298","NA","67383.95799999125","NA","NA","NA","76928.53269999614","NA","NA","NA","513330.0062999915","NA","6629.065000000992","506661.61919999286","503603.3133000019","503614.6061999898","510720.8268999966","510677.2290999943","84188.69090000226","506661.2637999933","4932.103899991489","3000","SceneViewing","44","112589.9647000042","44","2560"
"100","100","0_r.wav","2526","2526","#dadada","256","psycho","psycho","psycho","restrictive","1","undefined","undefined","1","NA","undefined","NA","undefined","NA","undefined","NA","undefined","NA","NA","undefined","NA","NA","NA","undefined","0","45","45","0","0","0","0","NA","45","45","45","NA","0","NA","NA","45","0","NA","0","NA","0","NA","0","NA","0","NA","NA","NA","0","NA","NA","NA","45","NA","0","45","45","45","45","45","0","45","0","participant_group1.csv","1","NA","NA","NA","Fri Jul 24 12:43:24 2026","NA","The main experiment item","False","VWP_finalSetup_22_7.osexp","C:\Users\plcm\Desktop\2026-EyeTracking\group-eyeconic\OS2\final_recordings_upl","False","mono","False","20","no","#0c0c0c","no","yes","1440","0","1_pos1_nosub.png","1_pos1_sub.png","psycho","45","45","C:\Users\plcm\Desktop\2026-EyeTracking\group-eyeconic\OS2\final_recordings_upl\group 7-13\subject-8.csv","psycho","Neonatal Nightingale","4.1.14","cake","toy-car","toy-train","ball","0","0","space","space","space","NA","space","NA","NA","space","NA","space","NA","space","NA","space","NA","NA","NA","space","NA","NA","NA","1120.3796999907354","1785.1722999912454","9882.435799998348","NA","1120.3796999907354","NA","NA","3899.0558000077726","NA","5460.437100002309","NA","3351.4787000021897","NA","9539.951300001121","NA","NA","NA","7259.425199998077","NA","NA","NA","1695.9048999997322","space","46","2","psycho","The boy will eat the cake","1024","2","24000","-16","experiment","8","even","1","42973.074699999415","521030.50310000253","518707.2294999962","84188.66179999895","4918.004999999539","42978.75080000085","44769.57479999692","NA","514682.52299999585","518707.1655999898","514468.9509000018","NA","42973.154099992826","NA","NA","513347.86429999804","NA","NA","54656.944899994414","NA","58559.8345999897","NA","64028.44169999298","NA","67383.95799999125","NA","NA","NA","76928.53269999614","NA","NA","NA","521049.71659999865","NA","6629.065000000992","514664.1709999967","513337.8687999939","513347.74909999396","518727.507699994","518682.6892999961","84188.69090000226","514663.7181999977","4932.103899991489","3000","SceneViewing","45","113710.34439999494","45","2560"
"100","100","5_n.wav","2496","2496","#dadada","256","psycho","psycho","psycho","non-restrictive","1","undefined","undefined","1","NA","undefined","NA","undefined","NA","undefined","NA","undefined","NA","NA","undefined","NA","NA","NA","undefined","0","46","46","0","0","0","0","NA","46","46","46","NA","0","NA","NA","46","0","NA","0","NA","0","NA","0","NA","0","NA","NA","NA","0","NA","NA","NA","46","NA","0","46","46","46","46","46","0","46","0","participant_group1.csv","1","NA","NA","NA","Fri Jul 24 12:43:24 2026","NA","The main experiment item","False","VWP_finalSetup_22_7.osexp","C:\Users\plcm\Desktop\2026-EyeTracking\group-eyeconic\OS2\final_recordings_upl","False","mono","False","20","no","#0c0c0c","no","yes","1440","5","6_pos2_nosub.png","6_pos2_sub.png","psycho","46","46","C:\Users\plcm\Desktop\2026-EyeTracking\group-eyeconic\OS2\final_recordings_upl\group 7-13\subject-8.csv","psycho","Neonatal Nightingale","4.1.14","moon","mountain","animal","cactus","0","0","space","space","space","NA","space","NA","NA","space","NA","space","NA","space","NA","space","NA","NA","NA","space","NA","NA","NA","1127.9382999928202","1785.1722999912454","9882.435799998348","NA","1127.9382999928202","NA","NA","3899.0558000077726","NA","5460.437100002309","NA","3351.4787000021897","NA","9539.951300001121","NA","NA","NA","7259.425199998077","NA","NA","NA","1695.9048999997322","space","47","2","psycho","The hiker will photograph the mountain","1024","2","24000","-16","experiment","8","even","2","42973.074699999415","529760.5808999942","526431.1941999913","84188.66179999895","4918.004999999539","42978.75080000085","44769.57479999692","NA","522407.1624999924","526431.1220999953","522196.5926999983","NA","42973.154099992826","NA","NA","521067.882000003","NA","NA","54656.944899994414","NA","58559.8345999897","NA","64028.44169999298","NA","67383.95799999125","NA","NA","NA","76928.53269999614","NA","NA","NA","529780.0259999931","NA","6629.065000000992","522390.2625999908","521057.0977000025","521067.7347000019","526450.126900003","526407.6634999947","84188.69090000226","522389.3320999923","4932.103899991489","3000","SceneViewing","46","114838.28269998776","46","2560"
"100","100","6_r.wav","2475","2475","#dadada","256","psycho","psycho","psycho","restrictive","1","undefined","undefined","1","NA","undefined","NA","undefined","NA","undefined","NA","undefined","NA","NA","undefined","NA","NA","NA","undefined","0","47","47","0","0","0","0","NA","47","47","47","NA","0","NA","NA","47","0","NA","0","NA","0","NA","0","NA","0","NA","NA","NA","0","NA","NA","NA","47","NA","0","47","47","47","47","47","0","47","0","participant_group1.csv","1","NA","NA","NA","Fri Jul 24 12:43:24 2026","NA","The main experiment item","False","VWP_finalSetup_22_7.osexp","C:\Users\plcm\Desktop\2026-EyeTracking\group-eyeconic\OS2\final_recordings_upl","False","mono","False","20","no","#0c0c0c","no","yes","1440","6","7_pos3_nosub.png","7_pos3_sub.png","psycho","47","47","C:\Users\plcm\Desktop\2026-EyeTracking\group-eyeconic\OS2\final_recordings_upl\group 7-13\subject-8.csv","psycho","Neonatal Nightingale","4.1.14","weighing-scales","jug","mushrooms","knife","0","0","space","space","space","NA","space","NA","NA","space","NA","space","NA","space","NA","space","NA","NA","NA","space","NA","NA","NA","1494.1663000063272","1785.1722999912454","9882.435799998348","NA","1494.1663000063272","NA","NA","3899.0558000077726","NA","5460.437100002309","NA","3351.4787000021897","NA","9539.951300001121","NA","NA","NA","7259.425199998077","NA","NA","NA","1695.9048999997322","space","48","2","psycho","The housewife will fry the mushrooms","1024","2","24000","-16","experiment","8","even","3","42973.074699999415","538910.5684999959","535530.8409999998","84188.66179999895","4918.004999999539","42978.75080000085","44769.57479999692","NA","531506.3308999961","535530.769399993","531292.7725999907","NA","42973.154099992826","NA","NA","529797.7895999938","NA","NA","54656.944899994414","NA","58559.8345999897","NA","64028.44169999298","NA","67383.95799999125","NA","NA","NA","76928.53269999614","NA","NA","NA","538929.9241999979","NA","6629.065000000992","531489.9265999993","529787.6090999926","529797.6666000031","535549.9311000021","535506.9701999892","84188.69090000226","531488.9344999974","4932.103899991489","3000","SceneViewing","47","116332.44899999409","47","2560"
"100","100","24_r.wav","2461","2461","#dadada","256","psycho","psycho","psycho","restrictive","1","undefined","undefined","1","NA","undefined","NA","undefined","NA","undefined","NA","undefined","NA","NA","undefined","NA","NA","NA","undefined","0","48","48","0","0","0","0","NA","48","48","48","NA","0","NA","NA","48","0","NA","0","NA","0","NA","0","NA","0","NA","NA","NA","0","NA","NA","NA","48","NA","0","48","48","48","48","48","0","48","0","participant_group1.csv","1","NA","NA","NA","Fri Jul 24 12:43:24 2026","NA","The main experiment item","False","VWP_finalSetup_22_7.osexp","C:\Users\plcm\Desktop\2026-EyeTracking\group-eyeconic\OS2\final_recordings_upl","False","mono","False","20","no","#0c0c0c","no","yes","1440","24","25_pos1_nosub.png","25_pos1_sub.png","psycho","48","48","C:\Users\plcm\Desktop\2026-EyeTracking\group-eyeconic\OS2\final_recordings_upl\group 7-13\subject-8.csv","psycho","Neonatal Nightingale","4.1.14","rabbit","plate","potato","glass","0","0","space","space","space","NA","space","NA","NA","space","NA","space","NA","space","NA","space","NA","NA","NA","space","NA","NA","NA","1801.61589999625","1785.1722999912454","9882.435799998348","NA","1801.61589999625","NA","NA","3899.0558000077726","NA","5460.437100002309","NA","3351.4787000021897","NA","9539.951300001121","NA","NA","NA","7259.425199998077","NA","NA","NA","1695.9048999997322","space","49","2","psycho","The girl will groom the rabbit","1024","2","24000","-16","experiment","8","even","1","42973.074699999415","547740.601700003","544996.3539000018","84188.66179999895","4918.004999999539","42978.75080000085","44769.57479999692","NA","540972.1982999909","544996.3019999996","540765.0250000006","NA","42973.154099992826","NA","NA","538962.2409000003","NA","NA","54656.944899994414","NA","58559.8345999897","NA","64028.44169999298","NA","67383.95799999125","NA","NA","NA","76928.53269999614","NA","NA","NA","547760.159700003","NA","6629.065000000992","540956.7760999926","538950.5868999986","538962.0960000029","545015.9418999974","544972.5070999993","84188.69090000226","540956.2168999983","4932.103899991489","3000","SceneViewing","48","118134.06489999034","48","2560"
"100","100","4_r.wav","2438","2438","#dadada","256","psycho","psycho","psycho","restrictive","1","undefined","undefined","1","NA","undefined","NA","undefined","NA","undefined","NA","undefined","NA","NA","undefined","NA","NA","NA","undefined","0","49","49","0","0","0","0","NA","49","49","49","NA","0","NA","NA","49","0","NA","0","NA","0","NA","0","NA","0","NA","NA","NA","0","NA","NA","NA","49","NA","0","49","49","49","49","49","0","49","0","participant_group1.csv","1","NA","NA","NA","Fri Jul 24 12:43:24 2026","NA","The main experiment item","False","VWP_finalSetup_22_7.osexp","C:\Users\plcm\Desktop\2026-EyeTracking\group-eyeconic\OS2\final_recordings_upl","False","mono","False","20","no","#0c0c0c","no","yes","1440","4","5_pos1_nosub.png","5_pos1_sub.png","psycho","49","49","C:\Users\plcm\Desktop\2026-EyeTracking\group-eyeconic\OS2\final_recordings_upl\group 7-13\subject-8.csv","psycho","Neonatal Nightingale","4.1.14","ball","paper-plane","acorns","shuttle-cock","0","0","space","space","space","NA","space","NA","NA","space","NA","space","NA","space","NA","space","NA","NA","NA","space","NA","NA","NA","1335.2329999906942","1785.1722999912454","9882.435799998348","NA","1335.2329999906942","NA","NA","3899.0558000077726","NA","5460.437100002309","NA","3351.4787000021897","NA","9539.951300001121","NA","NA","NA","7259.425199998077","NA","NA","NA","1695.9048999997322","space","50","2","psycho","The boy will bounce the ball","1024","2","24000","-16","experiment","8","even","1","42973.074699999415","555950.545300002","553375.3365000011","84188.66179999895","4918.004999999539","42978.75080000085","44769.57479999692","NA","549348.8645999896","553375.280399996","549132.5794000004","NA","42973.154099992826","NA","NA","547796.569099999","NA","NA","54656.944899994414","NA","58559.8345999897","NA","64028.44169999298","NA","67383.95799999125","NA","NA","NA","76928.53269999614","NA","NA","NA","555969.8149000033","NA","6629.065000000992","549332.9690999963","547785.3805999912","547796.4378999895","553394.8348999984","553349.4891000009","84188.69090000226","549332.5785999914","4932.103899991489","3000","SceneViewing","49","119469.29789998103","49","2560"
