"acc","accuracy","audio_file","average_response_time","avg_rt","background","block_size","canvas_backend","clock_backend","color_backend","condition","correct","correct_experiment_intro","correct_experiment_intro2","correct_new_1_keyboard_response","correct_new_2_keyboard_response","correct_new_2_sketchpad","correct_new_3_keyboard_response","correct_new_3_sketchpad","correct_new_4_keyboard_response","correct_new_4_sketchpad","correct_new_5_keyboard_response","correct_new_5_sketchpad","correct_new_6_keyboard_response","correct_new_7_keyboard_response","correct_new_7_sketchpad","correct_new_8_keyboard_response","correct_new_keyboard_response","correct_new_mouse_response","correct_welcome","count_accuracy_output","count_audio_file_offset","count_audio_file_onset_log","count_definitions","count_experiment","count_experiment_intro","count_experiment_intro2","count_image_delay","count_image_nosub","count_image_sub","count_increment_roundCounter","count_instruction","count_instructions","count_log_instruction","count_new_1_inline_script","count_new_1_keyboard_response","count_new_1_sketchpad","count_new_2_keyboard_response","count_new_2_sketchpad","count_new_3_keyboard_response","count_new_3_sketchpad","count_new_4_keyboard_response","count_new_4_sketchpad","count_new_5_keyboard_response","count_new_5_sketchpad","count_new_6_keyboard_response","count_new_6_sketchpad","count_new_7_keyboard_response","count_new_7_sketchpad","count_new_8_keyboard_response","count_new_inline_script","count_new_keyboard_response","count_new_logger","count_new_mouse_response","count_new_pygaze_init","count_new_pygaze_start_recording","count_new_pygaze_stop_recording","count_new_sketchpad","count_sentence_audio","count_subject_onset_log","count_trial_loop","count_trial_sequence","count_welcome","csv_filepath","csv_id","cursor_roi","cursor_x","cursor_y","datetime","delay_image_delay","description","disable_garbage_collection","experiment_file","experiment_path","font_bold","font_family","font_italic","font_size","font_underline","foreground","form_clicks","fullscreen","height","id","image_nosub","image_sub","keyboard_backend","live_row","live_row_trial_loop","logfile","mouse_backend","opensesame_codename","opensesame_version","position1","position2","position3","position4","psychopy_screen","repeat_cycle","response","response_experiment_intro","response_experiment_intro2","response_instruction","response_new_1_keyboard_response","response_new_1_sketchpad","response_new_2_keyboard_response","response_new_2_sketchpad","response_new_3_keyboard_response","response_new_3_sketchpad","response_new_4_keyboard_response","response_new_4_sketchpad","response_new_5_keyboard_response","response_new_5_sketchpad","response_new_6_keyboard_response","response_new_6_sketchpad","response_new_7_keyboard_response","response_new_7_sketchpad","response_new_8_keyboard_response","response_new_keyboard_response","response_new_mouse_response","response_time","response_time_experiment_intro","response_time_experiment_intro2","response_time_instruction","response_time_new_1_keyboard_response","response_time_new_1_sketchpad","response_time_new_2_keyboard_response","response_time_new_2_sketchpad","response_time_new_3_keyboard_response","response_time_new_3_sketchpad","response_time_new_4_keyboard_response","response_time_new_4_sketchpad","response_time_new_5_keyboard_response","response_time_new_5_sketchpad","response_time_new_6_keyboard_response","response_time_new_6_sketchpad","response_time_new_7_keyboard_response","response_time_new_7_sketchpad","response_time_new_8_keyboard_response","response_time_new_keyboard_response","response_time_new_mouse_response","response_time_welcome","response_welcome","round","round_decimals","sampler_backend","sentence","sound_buf_size","sound_channels","sound_freq","sound_sample_size","start","subject_nr","subject_parity","target_position","time_accuracy_output","time_audio_file_offset","time_audio_file_onset_log","time_definitions","time_experiment","time_experiment_intro","time_experiment_intro2","time_image_delay","time_image_nosub","time_image_sub","time_increment_roundCounter","time_instruction","time_instructions","time_log_instruction","time_new_1_inline_script","time_new_1_keyboard_response","time_new_1_sketchpad","time_new_2_keyboard_response","time_new_2_sketchpad","time_new_3_keyboard_response","time_new_3_sketchpad","time_new_4_keyboard_response","time_new_4_sketchpad","time_new_5_keyboard_response","time_new_5_sketchpad","time_new_6_keyboard_response","time_new_6_sketchpad","time_new_7_keyboard_response","time_new_7_sketchpad","time_new_8_keyboard_response","time_new_inline_script","time_new_keyboard_response","time_new_logger","time_new_mouse_response","time_new_pygaze_init","time_new_pygaze_start_recording","time_new_pygaze_stop_recording","time_new_sketchpad","time_sentence_audio","time_subject_onset_log","time_trial_loop","time_trial_sequence","time_welcome","timeout","title","total_correct","total_response_time","total_responses","width"
"undefined","undefined","45_n.wav","undefined","undefined","#dadada","256","psycho","psycho","psycho","non-restrictive","undefined","undefined","undefined","NA","NA","undefined","NA","undefined","NA","undefined","NA","undefined","NA","NA","undefined","NA","NA","NA","undefined","0","0","0","0","0","0","0","NA","0","0","0","NA","0","NA","NA","0","0","NA","0","NA","0","NA","0","NA","0","NA","NA","NA","0","NA","NA","NA","0","NA","0","0","0","0","0","0","0","0","0","participant_group7.csv","7","NA","NA","NA","Fri Aug  7 17:55:58 2026","NA","The main experiment item","False","VWP_finalSetup_22_7.osexp","C:\Users\plcm\Desktop\2026-EyeTracking\group-eyeconic\OS2\final_recordings_upl","False","mono","False","20","no","#0c0c0c","no","yes","1440","45","46_pos1_nosub.png","46_pos1_sub.png","psycho","0","0","C:\Users\plcm\Desktop\2026-EyeTracking\group-eyeconic\OS2\final_recordings_upl\subject-22.csv","psycho","Neonatal Nightingale","4.1.14","carrot","laddle","peeler","pot","0","0","space","space","space","NA","NA","NA","NA","space","NA","space","NA","space","NA","space","NA","NA","NA","space","NA","NA","NA","11091.779299999995","6177.907899999933","5249.668700000038","NA","NA","NA","NA","5876.2499000000535","NA","4859.716000000044","NA","4492.092999999935","NA","6170.803599999985","NA","NA","NA","11091.779299999995","NA","NA","NA","39329.47189999999","c","1","2","psycho","The chef will carry the carrot","1024","2","24000","-16","experiment","22","even","1","210905.7105","261904.94789999997","259299.81279999999","254856.98529999997","6179.717699999969","210910.5146","217094.70459999994","NA","255270.53339999993","259299.73409999997","NA","NA","210905.79079999993","NA","NA","NA","NA","NA","222348.3400999999","NA","228228.75199999992","NA","233092.30550000002","NA","237589.56310000003","NA","NA","NA","243764.5981","NA","NA","NA","261929.4213","NA","45537.626299999996","255090.46540000002","NA","NA","259324.16959999994","259271.09860000003","254857.01749999993","255089.95139999996","6206.994399999985","3000","SceneViewing","0","0","0","2560"
"100","100","7_n.wav","5366","5366","#dadada","256","psycho","psycho","psycho","non-restrictive","1","undefined","undefined","1","NA","undefined","NA","undefined","NA","undefined","NA","undefined","NA","NA","undefined","NA","NA","NA","undefined","0","1","1","0","0","0","0","NA","1","1","1","NA","0","NA","NA","1","0","NA","0","NA","0","NA","0","NA","0","NA","NA","NA","0","NA","NA","NA","1","NA","0","1","1","1","1","1","0","1","0","participant_group7.csv","7","NA","NA","NA","Fri Aug  7 17:55:58 2026","NA","The main experiment item","False","VWP_finalSetup_22_7.osexp","C:\Users\plcm\Desktop\2026-EyeTracking\group-eyeconic\OS2\final_recordings_upl","False","mono","False","20","no","#0c0c0c","no","yes","1440","7","8_pos3_nosub.png","8_pos3_sub.png","psycho","1","1","C:\Users\plcm\Desktop\2026-EyeTracking\group-eyeconic\OS2\final_recordings_upl\subject-22.csv","psycho","Neonatal Nightingale","4.1.14","toy-bear","microscope","child","tv-monitor","0","0","space","space","space","NA","space","NA","NA","space","NA","space","NA","space","NA","space","NA","NA","NA","space","NA","NA","NA","5366.656499999983","6177.907899999933","5249.668700000038","NA","5366.656499999983","NA","NA","5876.2499000000535","NA","4859.716000000044","NA","4492.092999999935","NA","6170.803599999985","NA","NA","NA","11091.779299999995","NA","NA","NA","39329.47189999999","c","2","2","psycho","The doctor will check the child","1024","2","24000","-16","experiment","22","even","3","210905.7105","274494.74059999996","271583.56669999997","254856.98529999997","6179.717699999969","210910.5146","217094.70459999994","NA","267559.66689999995","271583.5126","267344.9979","NA","210905.79079999993","NA","NA","261977.68149999995","NA","NA","222348.3400999999","NA","228228.75199999992","NA","233092.30550000002","NA","237589.56310000003","NA","NA","NA","243764.5981","NA","NA","NA","274513.99529999995","NA","45537.626299999996","267544.33209999994","261953.71259999997","261977.53959999993","271603.00899999996","271560.11559999996","254857.01749999993","267543.7112","6206.994399999985","3000","SceneViewing","1","5366.656499999983","1","2560"
"100","100","29_n.wav","4069","4069","#dadada","256","psycho","psycho","psycho","non-restrictive","1","undefined","undefined","1","NA","undefined","NA","undefined","NA","undefined","NA","undefined","NA","NA","undefined","NA","NA","NA","undefined","0","2","2","0","0","0","0","NA","2","2","2","NA","0","NA","NA","2","0","NA","0","NA","0","NA","0","NA","0","NA","NA","NA","0","NA","NA","NA","2","NA","0","2","2","2","2","2","0","2","0","participant_group7.csv","7","NA","NA","NA","Fri Aug  7 17:55:58 2026","NA","The main experiment item","False","VWP_finalSetup_22_7.osexp","C:\Users\plcm\Desktop\2026-EyeTracking\group-eyeconic\OS2\final_recordings_upl","False","mono","False","20","no","#0c0c0c","no","yes","1440","29","30_pos1_nosub.png","30_pos1_sub.png","psycho","2","2","C:\Users\plcm\Desktop\2026-EyeTracking\group-eyeconic\OS2\final_recordings_upl\subject-22.csv","psycho","Neonatal Nightingale","4.1.14","newspaper","comb","eraser","tissue","0","0","space","space","space","NA","space","NA","NA","space","NA","space","NA","space","NA","space","NA","NA","NA","space","NA","NA","NA","2771.774999999965","6177.907899999933","5249.668700000038","NA","2771.774999999965","NA","NA","5876.2499000000535","NA","4859.716000000044","NA","4492.092999999935","NA","6170.803599999985","NA","NA","NA","11091.779299999995","NA","NA","NA","39329.47189999999","c","3","2","psycho","The grandmother will eadturn the newspaper","1024","2","24000","-16","experiment","22","even","1","210905.7105","284304.6725","281565.00839999993","254856.98529999997","6179.717699999969","210910.5146","217094.70459999994","NA","277540.23179999995","281564.95219999994","277321.15559999994","NA","210905.79079999993","NA","NA","274548.6712","NA","NA","222348.3400999999","NA","228228.75199999992","NA","233092.30550000002","NA","237589.56310000003","NA","NA","NA","243764.5981","NA","NA","NA","284324.2608","NA","45537.626299999996","277524.88039999997","274539.06899999996","274548.57320000004","281584.623","281540.77160000004","254857.01749999993","277523.81789999997","6206.994399999985","3000","SceneViewing","2","8138.431499999948","2","2560"
"100","100","38_r.wav","3796","3796","#dadada","256","psycho","psycho","psycho","restrictive","1","undefined","undefined","1","NA","undefined","NA","undefined","NA","undefined","NA","undefined","NA","NA","undefined","NA","NA","NA","undefined","0","3","3","0","0","0","0","NA","3","3","3","NA","0","NA","NA","3","0","NA","0","NA","0","NA","0","NA","0","NA","NA","NA","0","NA","NA","NA","3","NA","0","3","3","3","3","3","0","3","0","participant_group7.csv","7","NA","NA","NA","Fri Aug  7 17:55:58 2026","NA","The main experiment item","False","VWP_finalSetup_22_7.osexp","C:\Users\plcm\Desktop\2026-EyeTracking\group-eyeconic\OS2\final_recordings_upl","False","mono","False","20","no","#0c0c0c","no","yes","1440","38","39_pos2_nosub.png","39_pos2_sub.png","psycho","3","3","C:\Users\plcm\Desktop\2026-EyeTracking\group-eyeconic\OS2\final_recordings_upl\subject-22.csv","psycho","Neonatal Nightingale","4.1.14","cloth","apron","mop","broom","0","0","space","space","space","NA","space","NA","NA","space","NA","space","NA","space","NA","space","NA","NA","NA","space","NA","NA","NA","3251.596799999941","6177.907899999933","5249.668700000038","NA","3251.596799999941","NA","NA","5876.2499000000535","NA","4859.716000000044","NA","4492.092999999935","NA","6170.803599999985","NA","NA","NA","11091.779299999995","NA","NA","NA","39329.47189999999","c","4","2","psycho","The woman will tie the apron","1024","2","24000","-16","experiment","22","even","2","210905.7105","294544.8127","291855.52679999993","254856.98529999997","6179.717699999969","210910.5146","217094.70459999994","NA","287831.98569999996","291855.47059999994","287608.90479999996","NA","210905.79079999993","NA","NA","284356.776","NA","NA","222348.3400999999","NA","228228.75199999992","NA","233092.30550000002","NA","237589.56310000003","NA","NA","NA","243764.5981","NA","NA","NA","294563.8098","NA","45537.626299999996","287814.6072","284346.91459999996","284356.6733999999","291874.1992999999","291832.3437999999","254857.01749999993","287814.07359999995","6206.994399999985","3000","SceneViewing","3","11390.028299999889","3","2560"
"100","100","6_r.wav","3508","3508","#dadada","256","psycho","psycho","psycho","restrictive","1","undefined","undefined","1","NA","undefined","NA","undefined","NA","undefined","NA","undefined","NA","NA","undefined","NA","NA","NA","undefined","0","4","4","0","0","0","0","NA","4","4","4","NA","0","NA","NA","4","0","NA","0","NA","0","NA","0","NA","0","NA","NA","NA","0","NA","NA","NA","4","NA","0","4","4","4","4","4","0","4","0","participant_group7.csv","7","NA","NA","NA","Fri Aug  7 17:55:58 2026","NA","The main experiment item","False","VWP_finalSetup_22_7.osexp","C:\Users\plcm\Desktop\2026-EyeTracking\group-eyeconic\OS2\final_recordings_upl","False","mono","False","20","no","#0c0c0c","no","yes","1440","6","7_pos2_nosub.png","7_pos2_sub.png","psycho","4","4","C:\Users\plcm\Desktop\2026-EyeTracking\group-eyeconic\OS2\final_recordings_upl\subject-22.csv","psycho","Neonatal Nightingale","4.1.14","jug","mushrooms","knife","weighing-scales","0","0","space","space","space","NA","space","NA","NA","space","NA","space","NA","space","NA","space","NA","NA","NA","space","NA","NA","NA","2643.3944000000483","6177.907899999933","5249.668700000038","NA","2643.3944000000483","NA","NA","5876.2499000000535","NA","4859.716000000044","NA","4492.092999999935","NA","6170.803599999985","NA","NA","NA","11091.779299999995","NA","NA","NA","39329.47189999999","c","5","2","psycho","The housewife will fry the mushrooms","1024","2","24000","-16","experiment","22","even","2","210905.7105","304844.8308","301458.14430000004","254856.98529999997","6179.717699999969","210910.5146","217094.70459999994","NA","297433.8734999999","301458.0839999999","297225.2558","NA","210905.79079999993","NA","NA","294581.01979999995","NA","NA","222348.3400999999","NA","228228.75199999992","NA","233092.30550000002","NA","237589.56310000003","NA","NA","NA","243764.5981","NA","NA","NA","304864.1472","NA","45537.626299999996","297418.5173","294571.08679999993","294580.8259","301477.4803","301434.18879999995","254857.01749999993","297417.8256999999","6206.994399999985","3000","SceneViewing","4","14033.422699999937","4","2560"
"100","100","49_n.wav","3150","3150","#dadada","256","psycho","psycho","psycho","non-restrictive","1","undefined","undefined","1","NA","undefined","NA","undefined","NA","undefined","NA","undefined","NA","NA","undefined","NA","NA","NA","undefined","0","5","5","0","0","0","0","NA","5","5","5","NA","0","NA","NA","5","0","NA","0","NA","0","NA","0","NA","0","NA","NA","NA","0","NA","NA","NA","5","NA","0","5","5","5","5","5","0","5","0","participant_group7.csv","7","NA","NA","NA","Fri Aug  7 17:55:58 2026","NA","The main experiment item","False","VWP_finalSetup_22_7.osexp","C:\Users\plcm\Desktop\2026-EyeTracking\group-eyeconic\OS2\final_recordings_upl","False","mono","False","20","no","#0c0c0c","no","yes","1440","49","50_pos1_nosub.png","50_pos1_sub.png","psycho","5","5","C:\Users\plcm\Desktop\2026-EyeTracking\group-eyeconic\OS2\final_recordings_upl\subject-22.csv","psycho","Neonatal Nightingale","4.1.14","stamp","envelope","rubberband","scissors","0","0","space","space","space","NA","space","NA","NA","space","NA","space","NA","space","NA","space","NA","NA","NA","space","NA","NA","NA","1718.8677000000025","6177.907899999933","5249.668700000038","NA","1718.8677000000025","NA","NA","5876.2499000000535","NA","4859.716000000044","NA","4492.092999999935","NA","6170.803599999985","NA","NA","NA","11091.779299999995","NA","NA","NA","39329.47189999999","c","6","2","psycho","The man will pick up the stamp","1024","2","24000","-16","experiment","22","even","1","210905.7105","313594.7862","310853.5385999999","254856.98529999997","6179.717699999969","210910.5146","217094.70459999994","NA","306829.6426","310853.45939999993","306601.0449999999","NA","210905.79079999993","NA","NA","304881.52969999996","NA","NA","222348.3400999999","NA","228228.75199999992","NA","233092.30550000002","NA","237589.56310000003","NA","NA","NA","243764.5981","NA","NA","NA","313614.07329999993","NA","45537.626299999996","306812.77979999996","304871.5687999999","304881.367","310873.1821999999","310829.9821","254857.01749999993","306811.81279999996","6206.994399999985","3000","SceneViewing","5","15752.29039999994","5","2560"
"100","100","5_n.wav","3020","3020","#dadada","256","psycho","psycho","psycho","non-restrictive","1","undefined","undefined","1","NA","undefined","NA","undefined","NA","undefined","NA","undefined","NA","NA","undefined","NA","NA","NA","undefined","0","6","6","0","0","0","0","NA","6","6","6","NA","0","NA","NA","6","0","NA","0","NA","0","NA","0","NA","0","NA","NA","NA","0","NA","NA","NA","6","NA","0","6","6","6","6","6","0","6","0","participant_group7.csv","7","NA","NA","NA","Fri Aug  7 17:55:58 2026","NA","The main experiment item","False","VWP_finalSetup_22_7.osexp","C:\Users\plcm\Desktop\2026-EyeTracking\group-eyeconic\OS2\final_recordings_upl","False","mono","False","20","no","#0c0c0c","no","yes","1440","5","6_pos1_nosub.png","6_pos1_sub.png","psycho","6","6","C:\Users\plcm\Desktop\2026-EyeTracking\group-eyeconic\OS2\final_recordings_upl\subject-22.csv","psycho","Neonatal Nightingale","4.1.14","mountain","animal","cactus","moon","0","0","space","space","space","NA","space","NA","NA","space","NA","space","NA","space","NA","space","NA","NA","NA","space","NA","NA","NA","2368.814000000013","6177.907899999933","5249.668700000038","NA","2368.814000000013","NA","NA","5876.2499000000535","NA","4859.716000000044","NA","4492.092999999935","NA","6170.803599999985","NA","NA","NA","11091.779299999995","NA","NA","NA","39329.47189999999","c","7","2","psycho","The hiker will photograph the mountain","1024","2","24000","-16","experiment","22","even","1","210905.7105","323574.8019999999","320237.49189999996","254856.98529999997","6179.717699999969","210910.5146","217094.70459999994","NA","316213.1642","320237.43859999994","316001.0094999999","NA","210905.79079999993","NA","NA","313631.59789999994","NA","NA","222348.3400999999","NA","228228.75199999992","NA","233092.30550000002","NA","237589.56310000003","NA","NA","NA","243764.5981","NA","NA","NA","323593.8087","NA","45537.626299999996","316196.6906","313621.7801","313631.4917","320256.83569999994","320213.45639999997","254857.01749999993","316195.99950000003","6206.994399999985","3000","SceneViewing","6","18121.104399999953","6","2560"
"100","100","31_n.wav","2942","2942","#dadada","256","psycho","psycho","psycho","non-restrictive","1","undefined","undefined","1","NA","undefined","NA","undefined","NA","undefined","NA","undefined","NA","NA","undefined","NA","NA","NA","undefined","0","7","7","0","0","0","0","NA","7","7","7","NA","0","NA","NA","7","0","NA","0","NA","0","NA","0","NA","0","NA","NA","NA","0","NA","NA","NA","7","NA","0","7","7","7","7","7","0","7","0","participant_group7.csv","7","NA","NA","NA","Fri Aug  7 17:55:58 2026","NA","The main experiment item","False","VWP_finalSetup_22_7.osexp","C:\Users\plcm\Desktop\2026-EyeTracking\group-eyeconic\OS2\final_recordings_upl","False","mono","False","20","no","#0c0c0c","no","yes","1440","31","32_pos3_nosub.png","32_pos3_sub.png","psycho","7","7","C:\Users\plcm\Desktop\2026-EyeTracking\group-eyeconic\OS2\final_recordings_upl\subject-22.csv","psycho","Neonatal Nightingale","4.1.14","sponge","seed","bottle","lemon","0","0","space","space","space","NA","space","NA","NA","space","NA","space","NA","space","NA","space","NA","NA","NA","space","NA","NA","NA","2477.6571000000113","6177.907899999933","5249.668700000038","NA","2477.6571000000113","NA","NA","5876.2499000000535","NA","4859.716000000044","NA","4492.092999999935","NA","6170.803599999985","NA","NA","NA","11091.779299999995","NA","NA","NA","39329.47189999999","c","8","2","psycho","The woman will examine the bottle","1024","2","24000","-16","experiment","22","even","3","210905.7105","333344.76139999996","330350.01029999997","254856.98529999997","6179.717699999969","210910.5146","217094.70459999994","NA","326325.77989999996","330349.95499999996","326105.09069999994","NA","210905.79079999993","NA","NA","323626.7598","NA","NA","222348.3400999999","NA","228228.75199999992","NA","233092.30550000002","NA","237589.56310000003","NA","NA","NA","243764.5981","NA","NA","NA","333364.1019","NA","45537.626299999996","326309.3867","323616.7022","323626.6421","330368.9552","330326.06179999997","254857.01749999993","326308.78949999996","6206.994399999985","3000","SceneViewing","7","20598.761499999964","7","2560"
"100","100","20_r.wav","2956","2956","#dadada","256","psycho","psycho","psycho","restrictive","1","undefined","undefined","1","NA","undefined","NA","undefined","NA","undefined","NA","undefined","NA","NA","undefined","NA","NA","NA","undefined","0","8","8","0","0","0","0","NA","8","8","8","NA","0","NA","NA","8","0","NA","0","NA","0","NA","0","NA","0","NA","NA","NA","0","NA","NA","NA","8","NA","0","8","8","8","8","8","0","8","0","participant_group7.csv","7","NA","NA","NA","Fri Aug  7 17:55:58 2026","NA","The main experiment item","False","VWP_finalSetup_22_7.osexp","C:\Users\plcm\Desktop\2026-EyeTracking\group-eyeconic\OS2\final_recordings_upl","False","mono","False","20","no","#0c0c0c","no","yes","1440","20","21_pos4_nosub.png","21_pos4_sub.png","psycho","8","8","C:\Users\plcm\Desktop\2026-EyeTracking\group-eyeconic\OS2\final_recordings_upl\subject-22.csv","psycho","Neonatal Nightingale","4.1.14","block","crayon","cup","kitten","0","0","space","space","space","NA","space","NA","NA","space","NA","space","NA","space","NA","space","NA","NA","NA","space","NA","NA","NA","3051.0147999999463","6177.907899999933","5249.668700000038","NA","3051.0147999999463","NA","NA","5876.2499000000535","NA","4859.716000000044","NA","4492.092999999935","NA","6170.803599999985","NA","NA","NA","11091.779299999995","NA","NA","NA","39329.47189999999","c","9","2","psycho","The baby will hug the kitten","1024","2","24000","-16","experiment","22","even","4","210905.7105","343464.9063","340684.1514","254856.98529999997","6179.717699999969","210910.5146","217094.70459999994","NA","336660.45279999997","340684.09400000004","336433.2563","NA","210905.79079999993","NA","NA","333381.4362","NA","NA","222348.3400999999","NA","228228.75199999992","NA","233092.30550000002","NA","237589.56310000003","NA","NA","NA","243764.5981","NA","NA","NA","343484.5439","NA","45537.626299999996","336644.1865","333371.4532","333381.3426","340703.4164","340660.7483","254857.01749999993","336643.63709999993","6206.994399999985","3000","SceneViewing","8","23649.77629999991","8","2560"
"100","100","25_n.wav","2895","2895","#dadada","256","psycho","psycho","psycho","non-restrictive","1","undefined","undefined","1","NA","undefined","NA","undefined","NA","undefined","NA","undefined","NA","NA","undefined","NA","NA","NA","undefined","0","9","9","0","0","0","0","NA","9","9","9","NA","0","NA","NA","9","0","NA","0","NA","0","NA","0","NA","0","NA","NA","NA","0","NA","NA","NA","9","NA","0","9","9","9","9","9","0","9","0","participant_group7.csv","7","NA","NA","NA","Fri Aug  7 17:55:58 2026","NA","The main experiment item","False","VWP_finalSetup_22_7.osexp","C:\Users\plcm\Desktop\2026-EyeTracking\group-eyeconic\OS2\final_recordings_upl","False","mono","False","20","no","#0c0c0c","no","yes","1440","25","26_pos1_nosub.png","26_pos1_sub.png","psycho","9","9","C:\Users\plcm\Desktop\2026-EyeTracking\group-eyeconic\OS2\final_recordings_upl\subject-22.csv","psycho","Neonatal Nightingale","4.1.14","canvas","keyboard","peach","rope","0","0","space","space","space","NA","space","NA","NA","space","NA","space","NA","space","NA","space","NA","NA","NA","space","NA","NA","NA","2405.9217000000062","6177.907899999933","5249.668700000038","NA","2405.9217000000062","NA","NA","5876.2499000000535","NA","4859.716000000044","NA","4492.092999999935","NA","6170.803599999985","NA","NA","NA","11091.779299999995","NA","NA","NA","39329.47189999999","c","10","2","psycho","The man will move the canvas","1024","2","24000","-16","experiment","22","even","1","210905.7105","352914.73449999996","350156.82509999996","254856.98529999997","6179.717699999969","210910.5146","217094.70459999994","NA","346131.2797","350156.7641999999","345913.1833999999","NA","210905.79079999993","NA","NA","343506.43239999993","NA","NA","222348.3400999999","NA","228228.75199999992","NA","233092.30550000002","NA","237589.56310000003","NA","NA","NA","243764.5981","NA","NA","NA","352934.2982","NA","45537.626299999996","346113.5708","343495.341","343506.2606","350175.7283","350131.89029999997","254857.01749999993","346113.091","6206.994399999985","3000","SceneViewing","9","26055.697999999917","9","2560"
"100","100","47_n.wav","2816","2816","#dadada","256","psycho","psycho","psycho","non-restrictive","1","undefined","undefined","1","NA","undefined","NA","undefined","NA","undefined","NA","undefined","NA","NA","undefined","NA","NA","NA","undefined","0","10","10","0","0","0","0","NA","10","10","10","NA","0","NA","NA","10","0","NA","0","NA","0","NA","0","NA","0","NA","NA","NA","0","NA","NA","NA","10","NA","0","10","10","10","10","10","0","10","0","participant_group7.csv","7","NA","NA","NA","Fri Aug  7 17:55:58 2026","NA","The main experiment item","False","VWP_finalSetup_22_7.osexp","C:\Users\plcm\Desktop\2026-EyeTracking\group-eyeconic\OS2\final_recordings_upl","False","mono","False","20","no","#0c0c0c","no","yes","1440","47","48_pos3_nosub.png","48_pos3_sub.png","psycho","10","10","C:\Users\plcm\Desktop\2026-EyeTracking\group-eyeconic\OS2\final_recordings_upl\subject-22.csv","psycho","Neonatal Nightingale","4.1.14","roller","footstool","carpet","dustpan","0","0","space","space","space","NA","space","NA","NA","space","NA","space","NA","space","NA","space","NA","NA","NA","space","NA","NA","NA","2106.208800000022","6177.907899999933","5249.668700000038","NA","2106.208800000022","NA","NA","5876.2499000000535","NA","4859.716000000044","NA","4492.092999999935","NA","6170.803599999985","NA","NA","NA","11091.779299999995","NA","NA","NA","39329.47189999999","c","11","2","psycho","The girl will move the carpet","1024","2","24000","-16","experiment","22","even","3","210905.7105","362105.07","359328.9922","254856.98529999997","6179.717699999969","210910.5146","217094.70459999994","NA","355304.87169999996","359328.9437","355096.95859999995","NA","210905.79079999993","NA","NA","352990.17139999993","NA","NA","222348.3400999999","NA","228228.75199999992","NA","233092.30550000002","NA","237589.56310000003","NA","NA","NA","243764.5981","NA","NA","NA","362125.0152999999","NA","45537.626299999996","355289.28979999997","352979.9585","352990.01619999995","359347.9008","359305.2492","254857.01749999993","355288.8889","6206.994399999985","3000","SceneViewing","10","28161.90679999994","10","2560"
"100","100","44_r.wav","2729","2729","#dadada","256","psycho","psycho","psycho","restrictive","1","undefined","undefined","1","NA","undefined","NA","undefined","NA","undefined","NA","undefined","NA","NA","undefined","NA","NA","NA","undefined","0","11","11","0","0","0","0","NA","11","11","11","NA","0","NA","NA","11","0","NA","0","NA","0","NA","0","NA","0","NA","NA","NA","0","NA","NA","NA","11","NA","0","11","11","11","11","11","0","11","0","participant_group7.csv","7","NA","NA","NA","Fri Aug  7 17:55:58 2026","NA","The main experiment item","False","VWP_finalSetup_22_7.osexp","C:\Users\plcm\Desktop\2026-EyeTracking\group-eyeconic\OS2\final_recordings_upl","False","mono","False","20","no","#0c0c0c","no","yes","1440","44","45_pos4_nosub.png","45_pos4_sub.png","psycho","11","11","C:\Users\plcm\Desktop\2026-EyeTracking\group-eyeconic\OS2\final_recordings_upl\subject-22.csv","psycho","Neonatal Nightingale","4.1.14","glass","ladle","hammer","dough","0","0","space","space","space","NA","space","NA","NA","space","NA","space","NA","space","NA","space","NA","NA","NA","space","NA","NA","NA","1865.9351000000024","6177.907899999933","5249.668700000038","NA","1865.9351000000024","NA","NA","5876.2499000000535","NA","4859.716000000044","NA","4492.092999999935","NA","6170.803599999985","NA","NA","NA","11091.779299999995","NA","NA","NA","39329.47189999999","c","12","2","psycho","The baker will knead the dough","1024","2","24000","-16","experiment","22","even","4","210905.7105","370874.8767","368243.3912999999","254856.98529999997","6179.717699999969","210910.5146","217094.70459999994","NA","364218.47769999993","368243.3157999999","364009.08869999996","NA","210905.79079999993","NA","NA","362142.4179","NA","NA","222348.3400999999","NA","228228.75199999992","NA","233092.30550000002","NA","237589.56310000003","NA","NA","NA","243764.5981","NA","NA","NA","370893.78099999996","NA","45537.626299999996","364202.4271999999","362132.3385","362142.2124","368262.9163","368218.7165999999","254857.01749999993","364201.69889999996","6206.994399999985","3000","SceneViewing","11","30027.84189999994","11","2560"
"100","100","0_r.wav","2752","2752","#dadada","256","psycho","psycho","psycho","restrictive","1","undefined","undefined","1","NA","undefined","NA","undefined","NA","undefined","NA","undefined","NA","NA","undefined","NA","NA","NA","undefined","0","12","12","0","0","0","0","NA","12","12","12","NA","0","NA","NA","12","0","NA","0","NA","0","NA","0","NA","0","NA","NA","NA","0","NA","NA","NA","12","NA","0","12","12","12","12","12","0","12","0","participant_group7.csv","7","NA","NA","NA","Fri Aug  7 17:55:58 2026","NA","The main experiment item","False","VWP_finalSetup_22_7.osexp","C:\Users\plcm\Desktop\2026-EyeTracking\group-eyeconic\OS2\final_recordings_upl","False","mono","False","20","no","#0c0c0c","no","yes","1440","0","1_pos4_nosub.png","1_pos4_sub.png","psycho","12","12","C:\Users\plcm\Desktop\2026-EyeTracking\group-eyeconic\OS2\final_recordings_upl\subject-22.csv","psycho","Neonatal Nightingale","4.1.14","toy-car","toy-train","ball","cake","0","0","space","space","space","NA","space","NA","NA","space","NA","space","NA","space","NA","space","NA","NA","NA","space","NA","NA","NA","3001.5323999999673","6177.907899999933","5249.668700000038","NA","3001.5323999999673","NA","NA","5876.2499000000535","NA","4859.716000000044","NA","4492.092999999935","NA","6170.803599999985","NA","NA","NA","11091.779299999995","NA","NA","NA","39329.47189999999","c","13","2","psycho","The boy will eat the cake","1024","2","24000","-16","experiment","22","even","4","210905.7105","380474.8061","378147.97789999994","254856.98529999997","6179.717699999969","210910.5146","217094.70459999994","NA","374122.70489999995","378147.91469999996","373913.3741","NA","210905.79079999993","NA","NA","370910.87690000003","NA","NA","222348.3400999999","NA","228228.75199999992","NA","233092.30550000002","NA","237589.56310000003","NA","NA","NA","243764.5981","NA","NA","NA","380494.10099999997","NA","45537.626299999996","374106.1673","370901.47769999993","370910.77849999996","378167.0323","378123.76609999995","254857.01749999993","374105.6637999999","6206.994399999985","3000","SceneViewing","12","33029.37429999991","12","2560"
"100","100","37_n.wav","2716","2716","#dadada","256","psycho","psycho","psycho","non-restrictive","1","undefined","undefined","1","NA","undefined","NA","undefined","NA","undefined","NA","undefined","NA","NA","undefined","NA","NA","NA","undefined","0","13","13","0","0","0","0","NA","13","13","13","NA","0","NA","NA","13","0","NA","0","NA","0","NA","0","NA","0","NA","NA","NA","0","NA","NA","NA","13","NA","0","13","13","13","13","13","0","13","0","participant_group7.csv","7","NA","NA","NA","Fri Aug  7 17:55:58 2026","NA","The main experiment item","False","VWP_finalSetup_22_7.osexp","C:\Users\plcm\Desktop\2026-EyeTracking\group-eyeconic\OS2\final_recordings_upl","False","mono","False","20","no","#0c0c0c","no","yes","1440","37","38_pos1_nosub.png","38_pos1_sub.png","psycho","13","13","C:\Users\plcm\Desktop\2026-EyeTracking\group-eyeconic\OS2\final_recordings_upl\subject-22.csv","psycho","Neonatal Nightingale","4.1.14","banana","mitten","marker","key","0","0","space","space","space","NA","space","NA","NA","space","NA","space","NA","space","NA","space","NA","NA","NA","space","NA","NA","NA","2280.4545999999973","6177.907899999933","5249.668700000038","NA","2280.4545999999973","NA","NA","5876.2499000000535","NA","4859.716000000044","NA","4492.092999999935","NA","6170.803599999985","NA","NA","NA","11091.779299999995","NA","NA","NA","39329.47189999999","c","14","2","psycho","The boy will move the banana","1024","2","24000","-16","experiment","22","even","1","210905.7105","389754.76839999994","387033.04069999995","254856.98529999997","6179.717699999969","210910.5146","217094.70459999994","NA","383008.3963","387032.99009999994","382793.8821","NA","210905.79079999993","NA","NA","380512.1086999999","NA","NA","222348.3400999999","NA","228228.75199999992","NA","233092.30550000002","NA","237589.56310000003","NA","NA","NA","243764.5981","NA","NA","NA","389774.18989999994","NA","45537.626299999996","382991.9716","380501.7876","380511.8538","387052.3745999999","387009.08629999997","254857.01749999993","382991.33239999996","6206.994399999985","3000","SceneViewing","13","35309.828899999906","13","2560"
"100","100","26_r.wav","2620","2620","#dadada","256","psycho","psycho","psycho","restrictive","1","undefined","undefined","1","NA","undefined","NA","undefined","NA","undefined","NA","undefined","NA","NA","undefined","NA","NA","NA","undefined","0","14","14","0","0","0","0","NA","14","14","14","NA","0","NA","NA","14","0","NA","0","NA","0","NA","0","NA","0","NA","NA","NA","0","NA","NA","NA","14","NA","0","14","14","14","14","14","0","14","0","participant_group7.csv","7","NA","NA","NA","Fri Aug  7 17:55:58 2026","NA","The main experiment item","False","VWP_finalSetup_22_7.osexp","C:\Users\plcm\Desktop\2026-EyeTracking\group-eyeconic\OS2\final_recordings_upl","False","mono","False","20","no","#0c0c0c","no","yes","1440","26","27_pos2_nosub.png","27_pos2_sub.png","psycho","14","14","C:\Users\plcm\Desktop\2026-EyeTracking\group-eyeconic\OS2\final_recordings_upl\subject-22.csv","psycho","Neonatal Nightingale","4.1.14","coaster","candle","package","coin","0","0","space","space","space","NA","space","NA","NA","space","NA","space","NA","space","NA","space","NA","NA","NA","space","NA","NA","NA","1373.5573999999906","6177.907899999933","5249.668700000038","NA","1373.5573999999906","NA","NA","5876.2499000000535","NA","4859.716000000044","NA","4492.092999999935","NA","6170.803599999985","NA","NA","NA","11091.779299999995","NA","NA","NA","39329.47189999999","c","15","2","psycho","The woman will blow out the candle","1024","2","24000","-16","experiment","22","even","2","210905.7105","398434.77","395410.4782","254856.98529999997","6179.717699999969","210910.5146","217094.70459999994","NA","391386.70729999995","395410.3770999999","391169.05319999997","NA","210905.79079999993","NA","NA","389794.821","NA","NA","222348.3400999999","NA","228228.75199999992","NA","233092.30550000002","NA","237589.56310000003","NA","NA","NA","243764.5981","NA","NA","NA","398453.98169999995","NA","45537.626299999996","391369.47559999995","389782.0055","389794.57109999994","395429.55619999993","395387.1414999999","254857.01749999993","391369.0538","6206.994399999985","3000","SceneViewing","14","36683.3862999999","14","2560"
"100","100","21_n.wav","2543","2543","#dadada","256","psycho","psycho","psycho","non-restrictive","1","undefined","undefined","1","NA","undefined","NA","undefined","NA","undefined","NA","undefined","NA","NA","undefined","NA","NA","NA","undefined","0","15","15","0","0","0","0","NA","15","15","15","NA","0","NA","NA","15","0","NA","0","NA","0","NA","0","NA","0","NA","NA","NA","0","NA","NA","NA","15","NA","0","15","15","15","15","15","0","15","0","participant_group7.csv","7","NA","NA","NA","Fri Aug  7 17:55:58 2026","NA","The main experiment item","False","VWP_finalSetup_22_7.osexp","C:\Users\plcm\Desktop\2026-EyeTracking\group-eyeconic\OS2\final_recordings_upl","False","mono","False","20","no","#0c0c0c","no","yes","1440","21","22_pos1_nosub.png","22_pos1_sub.png","psycho","15","15","C:\Users\plcm\Desktop\2026-EyeTracking\group-eyeconic\OS2\final_recordings_upl\subject-22.csv","psycho","Neonatal Nightingale","4.1.14","flower","magazine","vase","cushion","0","0","space","space","space","NA","space","NA","NA","space","NA","space","NA","space","NA","space","NA","NA","NA","space","NA","NA","NA","1468.9376000000047","6177.907899999933","5249.668700000038","NA","1468.9376000000047","NA","NA","5876.2499000000535","NA","4859.716000000044","NA","4492.092999999935","NA","6170.803599999985","NA","NA","NA","11091.779299999995","NA","NA","NA","39329.47189999999","c","16","2","psycho","The woman will move the flower","1024","2","24000","-16","experiment","22","even","1","210905.7105","406884.68289999996","404180.22079999995","254856.98529999997","6179.717699999969","210910.5146","217094.70459999994","NA","400154.71439999994","404180.1711","399945.22219999996","NA","210905.79079999993","NA","NA","398475.5319","NA","NA","222348.3400999999","NA","228228.75199999992","NA","233092.30550000002","NA","237589.56310000003","NA","NA","NA","243764.5981","NA","NA","NA","406904.1604","NA","45537.626299999996","400138.79689999996","398464.95339999994","398475.39839999995","404199.684","404155.2479","254857.01749999993","400138.3634","6206.994399999985","3000","SceneViewing","15","38152.3238999999","15","2560"
"100","100","18_r.wav","2483","2483","#dadada","256","psycho","psycho","psycho","restrictive","1","undefined","undefined","1","NA","undefined","NA","undefined","NA","undefined","NA","undefined","NA","NA","undefined","NA","NA","NA","undefined","0","16","16","0","0","0","0","NA","16","16","16","NA","0","NA","NA","16","0","NA","0","NA","0","NA","0","NA","0","NA","NA","NA","0","NA","NA","NA","16","NA","0","16","16","16","16","16","0","16","0","participant_group7.csv","7","NA","NA","NA","Fri Aug  7 17:55:58 2026","NA","The main experiment item","False","VWP_finalSetup_22_7.osexp","C:\Users\plcm\Desktop\2026-EyeTracking\group-eyeconic\OS2\final_recordings_upl","False","mono","False","20","no","#0c0c0c","no","yes","1440","18","19_pos2_nosub.png","19_pos2_sub.png","psycho","16","16","C:\Users\plcm\Desktop\2026-EyeTracking\group-eyeconic\OS2\final_recordings_upl\subject-22.csv","psycho","Neonatal Nightingale","4.1.14","leaf","football","stick","feather","0","0","space","space","space","NA","space","NA","NA","space","NA","space","NA","space","NA","space","NA","NA","NA","space","NA","NA","NA","1590.8722999999882","6177.907899999933","5249.668700000038","NA","1590.8722999999882","NA","NA","5876.2499000000535","NA","4859.716000000044","NA","4492.092999999935","NA","6170.803599999985","NA","NA","NA","11091.779299999995","NA","NA","NA","39329.47189999999","c","17","2","psycho","The boy will kick the football","1024","2","24000","-16","experiment","22","even","2","210905.7105","415374.74859999993","412774.11149999994","254856.98529999997","6179.717699999969","210910.5146","217094.70459999994","NA","408749.5604","412774.0459999999","408529.17829999997","NA","210905.79079999993","NA","NA","406937.55189999996","NA","NA","222348.3400999999","NA","228228.75199999992","NA","233092.30550000002","NA","237589.56310000003","NA","NA","NA","243764.5981","NA","NA","NA","415393.8258","NA","45537.626299999996","408732.6454999999","406927.98799999995","406937.38359999994","412793.23140000005","412749.95099999994","254857.01749999993","408731.9284","6206.994399999985","3000","SceneViewing","16","39743.19619999989","16","2560"
"100","100","39_n.wav","2431","2431","#dadada","256","psycho","psycho","psycho","non-restrictive","1","undefined","undefined","1","NA","undefined","NA","undefined","NA","undefined","NA","undefined","NA","NA","undefined","NA","NA","NA","undefined","0","17","17","0","0","0","0","NA","17","17","17","NA","0","NA","NA","17","0","NA","0","NA","0","NA","0","NA","0","NA","NA","NA","0","NA","NA","NA","17","NA","0","17","17","17","17","17","0","17","0","participant_group7.csv","7","NA","NA","NA","Fri Aug  7 17:55:58 2026","NA","The main experiment item","False","VWP_finalSetup_22_7.osexp","C:\Users\plcm\Desktop\2026-EyeTracking\group-eyeconic\OS2\final_recordings_upl","False","mono","False","20","no","#0c0c0c","no","yes","1440","39","40_pos3_nosub.png","40_pos3_sub.png","psycho","17","17","C:\Users\plcm\Desktop\2026-EyeTracking\group-eyeconic\OS2\final_recordings_upl\subject-22.csv","psycho","Neonatal Nightingale","4.1.14","mat","buckle","shoelace","shampoo","0","0","space","space","space","NA","space","NA","NA","space","NA","space","NA","space","NA","space","NA","NA","NA","space","NA","NA","NA","1596.852499999979","6177.907899999933","5249.668700000038","NA","1596.852499999979","NA","NA","5876.2499000000535","NA","4859.716000000044","NA","4492.092999999935","NA","6170.803599999985","NA","NA","NA","11091.779299999995","NA","NA","NA","39329.47189999999","c","18","2","psycho","The boy will move the shoelace","1024","2","24000","-16","experiment","22","even","3","210905.7105","423844.76879999996","421248.42299999995","254856.98529999997","6179.717699999969","210910.5146","217094.70459999994","NA","417224.6698999999","421248.3611","417009.18799999997","NA","210905.79079999993","NA","NA","415411.5075","NA","NA","222348.3400999999","NA","228228.75199999992","NA","233092.30550000002","NA","237589.56310000003","NA","NA","NA","243764.5981","NA","NA","NA","423864.24129999994","NA","45537.626299999996","417209.81539999996","415401.12289999996","415411.3022","421267.851","421224.81349999993","254857.01749999993","417209.1933","6206.994399999985","3000","SceneViewing","17","41340.04869999987","17","2560"
"100","100","34_r.wav","2399","2399","#dadada","256","psycho","psycho","psycho","restrictive","1","undefined","undefined","1","NA","undefined","NA","undefined","NA","undefined","NA","undefined","NA","NA","undefined","NA","NA","NA","undefined","0","18","18","0","0","0","0","NA","18","18","18","NA","0","NA","NA","18","0","NA","0","NA","0","NA","0","NA","0","NA","NA","NA","0","NA","NA","NA","18","NA","0","18","18","18","18","18","0","18","0","participant_group7.csv","7","NA","NA","NA","Fri Aug  7 17:55:58 2026","NA","The main experiment item","False","VWP_finalSetup_22_7.osexp","C:\Users\plcm\Desktop\2026-EyeTracking\group-eyeconic\OS2\final_recordings_upl","False","mono","False","20","no","#0c0c0c","no","yes","1440","34","35_pos2_nosub.png","35_pos2_sub.png","psycho","18","18","C:\Users\plcm\Desktop\2026-EyeTracking\group-eyeconic\OS2\final_recordings_upl\subject-22.csv","psycho","Neonatal Nightingale","4.1.14","pillow","radio","puzzle","notebook","0","0","space","space","space","NA","space","NA","NA","space","NA","space","NA","space","NA","space","NA","NA","NA","space","NA","NA","NA","1855.1316000000807","6177.907899999933","5249.668700000038","NA","1855.1316000000807","NA","NA","5876.2499000000535","NA","4859.716000000044","NA","4492.092999999935","NA","6170.803599999985","NA","NA","NA","11091.779299999995","NA","NA","NA","39329.47189999999","c","19","2","psycho","The boy will switch on the radio","1024","2","24000","-16","experiment","22","even","2","210905.7105","433064.8661","429998.71089999995","254856.98529999997","6179.717699999969","210910.5146","217094.70459999994","NA","425973.6510999999","429998.6396","425737.1123999999","NA","210905.79079999993","NA","NA","423881.28049999994","NA","NA","222348.3400999999","NA","228228.75199999992","NA","233092.30550000002","NA","237589.56310000003","NA","NA","NA","243764.5981","NA","NA","NA","433084.3892999999","NA","45537.626299999996","425957.82519999996","423871.98559999996","423881.1838","430017.7469999999","429974.1747","254857.01749999993","425957.1515999999","6206.994399999985","3000","SceneViewing","18","43195.18029999995","18","2560"
"100","100","1_n.wav","2344","2344","#dadada","256","psycho","psycho","psycho","non-restrictive","1","undefined","undefined","1","NA","undefined","NA","undefined","NA","undefined","NA","undefined","NA","NA","undefined","NA","NA","NA","undefined","0","19","19","0","0","0","0","NA","19","19","19","NA","0","NA","NA","19","0","NA","0","NA","0","NA","0","NA","0","NA","NA","NA","0","NA","NA","NA","19","NA","0","19","19","19","19","19","0","19","0","participant_group7.csv","7","NA","NA","NA","Fri Aug  7 17:55:58 2026","NA","The main experiment item","False","VWP_finalSetup_22_7.osexp","C:\Users\plcm\Desktop\2026-EyeTracking\group-eyeconic\OS2\final_recordings_upl","False","mono","False","20","no","#0c0c0c","no","yes","1440","1","2_pos1_nosub.png","2_pos1_sub.png","psycho","19","19","C:\Users\plcm\Desktop\2026-EyeTracking\group-eyeconic\OS2\final_recordings_upl\subject-22.csv","psycho","Neonatal Nightingale","4.1.14","wine","cheese","chair","lipstick","0","0","space","space","space","NA","space","NA","NA","space","NA","space","NA","space","NA","space","NA","NA","NA","space","NA","NA","NA","1348.325700000045","6177.907899999933","5249.668700000038","NA","1348.325700000045","NA","NA","5876.2499000000535","NA","4859.716000000044","NA","4492.092999999935","NA","6170.803599999985","NA","NA","NA","11091.779299999995","NA","NA","NA","39329.47189999999","c","20","2","psycho","The woman will try the wine","1024","2","24000","-16","experiment","22","even","1","210905.7105","441315.12930000003","438695.1589","254856.98529999997","6179.717699999969","210910.5146","217094.70459999994","NA","434671.3544","438695.0963","434457.1213","NA","210905.79079999993","NA","NA","433108.00899999996","NA","NA","222348.3400999999","NA","228228.75199999992","NA","233092.30550000002","NA","237589.56310000003","NA","NA","NA","243764.5981","NA","NA","NA","441334.6443","NA","45537.626299999996","434656.487","433098.5854999999","433107.89199999993","438714.9844","438671.7154","254857.01749999993","434655.9127","6206.994399999985","3000","SceneViewing","19","44543.505999999994","19","2560"
"100","100","36_r.wav","2296","2296","#dadada","256","psycho","psycho","psycho","restrictive","1","undefined","undefined","1","NA","undefined","NA","undefined","NA","undefined","NA","undefined","NA","NA","undefined","NA","NA","NA","undefined","0","20","20","0","0","0","0","NA","20","20","20","NA","0","NA","NA","20","0","NA","0","NA","0","NA","0","NA","0","NA","NA","NA","0","NA","NA","NA","20","NA","0","20","20","20","20","20","0","20","0","participant_group7.csv","7","NA","NA","NA","Fri Aug  7 17:55:58 2026","NA","The main experiment item","False","VWP_finalSetup_22_7.osexp","C:\Users\plcm\Desktop\2026-EyeTracking\group-eyeconic\OS2\final_recordings_upl","False","mono","False","20","no","#0c0c0c","no","yes","1440","36","37_pos4_nosub.png","37_pos4_sub.png","psycho","20","20","C:\Users\plcm\Desktop\2026-EyeTracking\group-eyeconic\OS2\final_recordings_upl\subject-22.csv","psycho","Neonatal Nightingale","4.1.14","papers","boxes","clips","lego","0","0","space","space","space","NA","space","NA","NA","space","NA","space","NA","space","NA","space","NA","NA","NA","space","NA","NA","NA","1392.1333999999333","6177.907899999933","5249.668700000038","NA","1392.1333999999333","NA","NA","5876.2499000000535","NA","4859.716000000044","NA","4492.092999999935","NA","6170.803599999985","NA","NA","NA","11091.779299999995","NA","NA","NA","39329.47189999999","c","21","2","psycho","The kid will build the lego","1024","2","24000","-16","experiment","22","even","4","210905.7105","449824.8897","447000.5335","254856.98529999997","6179.717699999969","210910.5146","217094.70459999994","NA","442976.41289999994","447000.4634","442745.11749999993","NA","210905.79079999993","NA","NA","441352.2122","NA","NA","222348.3400999999","NA","228228.75199999992","NA","233092.30550000002","NA","237589.56310000003","NA","NA","NA","243764.5981","NA","NA","NA","449844.7745","NA","45537.626299999996","442960.0351","441342.2122","441352.098","447019.80580000003","446976.763","254857.01749999993","442959.444","6206.994399999985","3000","SceneViewing","20","45935.63939999993","20","2560"
"100","100","22_r.wav","2259","2259","#dadada","256","psycho","psycho","psycho","restrictive","1","undefined","undefined","1","NA","undefined","NA","undefined","NA","undefined","NA","undefined","NA","NA","undefined","NA","NA","NA","undefined","0","21","21","0","0","0","0","NA","21","21","21","NA","0","NA","NA","21","0","NA","0","NA","0","NA","0","NA","0","NA","NA","NA","0","NA","NA","NA","21","NA","0","21","21","21","21","21","0","21","0","participant_group7.csv","7","NA","NA","NA","Fri Aug  7 17:55:58 2026","NA","The main experiment item","False","VWP_finalSetup_22_7.osexp","C:\Users\plcm\Desktop\2026-EyeTracking\group-eyeconic\OS2\final_recordings_upl","False","mono","False","20","no","#0c0c0c","no","yes","1440","22","23_pos2_nosub.png","23_pos2_sub.png","psycho","21","21","C:\Users\plcm\Desktop\2026-EyeTracking\group-eyeconic\OS2\final_recordings_upl\subject-22.csv","psycho","Neonatal Nightingale","4.1.14","towel","coat","hook","poster","0","0","space","space","space","NA","space","NA","NA","space","NA","space","NA","space","NA","space","NA","NA","NA","space","NA","NA","NA","1521.5318000000552","6177.907899999933","5249.668700000038","NA","1521.5318000000552","NA","NA","5876.2499000000535","NA","4859.716000000044","NA","4492.092999999935","NA","6170.803599999985","NA","NA","NA","11091.779299999995","NA","NA","NA","39329.47189999999","c","22","2","psycho","The girl will zip the coat","1024","2","24000","-16","experiment","22","even","2","210905.7105","458144.83239999996","455653.96449999994","254856.98529999997","6179.717699999969","210910.5146","217094.70459999994","NA","451628.41799999995","455653.8990999999","451401.0539","NA","210905.79079999993","NA","NA","449878.8266999999","NA","NA","222348.3400999999","NA","228228.75199999992","NA","233092.30550000002","NA","237589.56310000003","NA","NA","NA","243764.5981","NA","NA","NA","458164.3195","NA","45537.626299999996","451612.01279999997","449869.0174","449878.7151999999","455673.7838999999","455628.7027","254857.01749999993","451611.47439999995","6206.994399999985","3000","SceneViewing","21","47457.17119999998","21","2560"
"100","100","15_n.wav","2208","2208","#dadada","256","psycho","psycho","psycho","non-restrictive","1","undefined","undefined","1","NA","undefined","NA","undefined","NA","undefined","NA","undefined","NA","NA","undefined","NA","NA","NA","undefined","0","22","22","0","0","0","0","NA","22","22","22","NA","0","NA","NA","22","0","NA","0","NA","0","NA","0","NA","0","NA","NA","NA","0","NA","NA","NA","22","NA","0","22","22","22","22","22","0","22","0","participant_group7.csv","7","NA","NA","NA","Fri Aug  7 17:55:58 2026","NA","The main experiment item","False","VWP_finalSetup_22_7.osexp","C:\Users\plcm\Desktop\2026-EyeTracking\group-eyeconic\OS2\final_recordings_upl","False","mono","False","20","no","#0c0c0c","no","yes","1440","15","16_pos3_nosub.png","16_pos3_sub.png","psycho","22","22","C:\Users\plcm\Desktop\2026-EyeTracking\group-eyeconic\OS2\final_recordings_upl\subject-22.csv","psycho","Neonatal Nightingale","4.1.14","magnifying-glass","folder","hat","wallet","0","0","space","space","space","NA","space","NA","NA","space","NA","space","NA","space","NA","space","NA","NA","NA","space","NA","NA","NA","1123.1062000000966","6177.907899999933","5249.668700000038","NA","1123.1062000000966","NA","NA","5876.2499000000535","NA","4859.716000000044","NA","4492.092999999935","NA","6170.803599999985","NA","NA","NA","11091.779299999995","NA","NA","NA","39329.47189999999","c","23","2","psycho","The businessman will  forget the hat","1024","2","24000","-16","experiment","22","even","3","210905.7105","466704.62419999996","463547.3665","254856.98529999997","6179.717699999969","210910.5146","217094.70459999994","NA","459523.36409999995","463547.3107999999","459305.37239999993","NA","210905.79079999993","NA","NA","458181.24289999995","NA","NA","222348.3400999999","NA","228228.75199999992","NA","233092.30550000002","NA","237589.56310000003","NA","NA","NA","243764.5981","NA","NA","NA","466724.2376","NA","45537.626299999996","459506.36830000003","458171.83589999995","458181.1334","463566.5301","463523.5033999999","254857.01749999993","459505.7499","6206.994399999985","3000","SceneViewing","22","48580.27740000008","22","2560"
"100","100","16_r.wav","2181","2181","#dadada","256","psycho","psycho","psycho","restrictive","1","undefined","undefined","1","NA","undefined","NA","undefined","NA","undefined","NA","undefined","NA","NA","undefined","NA","NA","NA","undefined","0","23","23","0","0","0","0","NA","23","23","23","NA","0","NA","NA","23","0","NA","0","NA","0","NA","0","NA","0","NA","NA","NA","0","NA","NA","NA","23","NA","0","23","23","23","23","23","0","23","0","participant_group7.csv","7","NA","NA","NA","Fri Aug  7 17:55:58 2026","NA","The main experiment item","False","VWP_finalSetup_22_7.osexp","C:\Users\plcm\Desktop\2026-EyeTracking\group-eyeconic\OS2\final_recordings_upl","False","mono","False","20","no","#0c0c0c","no","yes","1440","16","17_pos4_nosub.png","17_pos4_sub.png","psycho","23","23","C:\Users\plcm\Desktop\2026-EyeTracking\group-eyeconic\OS2\final_recordings_upl\subject-22.csv","psycho","Neonatal Nightingale","4.1.14","lantern","backpack","ribbon","dress","0","0","space","space","space","NA","space","NA","NA","space","NA","space","NA","space","NA","space","NA","NA","NA","space","NA","NA","NA","1603.4833999999682","6177.907899999933","5249.668700000038","NA","1603.4833999999682","NA","NA","5876.2499000000535","NA","4859.716000000044","NA","4492.092999999935","NA","6170.803599999985","NA","NA","NA","11091.779299999995","NA","NA","NA","39329.47189999999","c","24","2","psycho","The woman will wear the dress","1024","2","24000","-16","experiment","22","even","4","210905.7105","475194.7853","472594.6952","254856.98529999997","6179.717699999969","210910.5146","217094.70459999994","NA","468570.8647","472594.6334","468361.03750000003","NA","210905.79079999993","NA","NA","466756.8531","NA","NA","222348.3400999999","NA","228228.75199999992","NA","233092.30550000002","NA","237589.56310000003","NA","NA","NA","243764.5981","NA","NA","NA","475213.98299999995","NA","45537.626299999996","468554.02239999996","466746.2368999999","466756.7118","472614.45629999996","472571.256","254857.01749999993","468553.37419999996","6206.994399999985","3000","SceneViewing","23","50183.76080000005","23","2560"
"100","100","17_n.wav","2205","2205","#dadada","256","psycho","psycho","psycho","non-restrictive","1","undefined","undefined","1","NA","undefined","NA","undefined","NA","undefined","NA","undefined","NA","NA","undefined","NA","NA","NA","undefined","0","24","24","0","0","0","0","NA","24","24","24","NA","0","NA","NA","24","0","NA","0","NA","0","NA","0","NA","0","NA","NA","NA","0","NA","NA","NA","24","NA","0","24","24","24","24","24","0","24","0","participant_group7.csv","7","NA","NA","NA","Fri Aug  7 17:55:58 2026","NA","The main experiment item","False","VWP_finalSetup_22_7.osexp","C:\Users\plcm\Desktop\2026-EyeTracking\group-eyeconic\OS2\final_recordings_upl","False","mono","False","20","no","#0c0c0c","no","yes","1440","17","18_pos1_nosub.png","18_pos1_sub.png","psycho","24","24","C:\Users\plcm\Desktop\2026-EyeTracking\group-eyeconic\OS2\final_recordings_upl\subject-22.csv","psycho","Neonatal Nightingale","4.1.14","wood","bucket","stone","rope","0","0","space","space","space","NA","space","NA","NA","space","NA","space","NA","space","NA","space","NA","NA","NA","space","NA","NA","NA","2754.4010000000126","6177.907899999933","5249.668700000038","NA","2754.4010000000126","NA","NA","5876.2499000000535","NA","4859.716000000044","NA","4492.092999999935","NA","6170.803599999985","NA","NA","NA","11091.779299999995","NA","NA","NA","39329.47189999999","c","25","2","psycho","The man will  move the wood","1024","2","24000","-16","experiment","22","even","1","210905.7105","484684.76670000004","482238.3114","254856.98529999997","6179.717699999969","210910.5146","217094.70459999994","NA","478213.9526","482238.25989999995","478001.1269999999","NA","210905.79079999993","NA","NA","475245.9383","NA","NA","222348.3400999999","NA","228228.75199999992","NA","233092.30550000002","NA","237589.56310000003","NA","NA","NA","243764.5981","NA","NA","NA","484704.2863999999","NA","45537.626299999996","478196.22099999996","475234.61909999995","475245.7781","482257.88129999995","482214.6265999999","254857.01749999993","478195.7699","6206.994399999985","3000","SceneViewing","24","52938.16180000006","24","2560"
"100","100","14_r.wav","2231","2231","#dadada","256","psycho","psycho","psycho","restrictive","1","undefined","undefined","1","NA","undefined","NA","undefined","NA","undefined","NA","undefined","NA","NA","undefined","NA","NA","NA","undefined","0","25","25","0","0","0","0","NA","25","25","25","NA","0","NA","NA","25","0","NA","0","NA","0","NA","0","NA","0","NA","NA","NA","0","NA","NA","NA","25","NA","0","25","25","25","25","25","0","25","0","participant_group7.csv","7","NA","NA","NA","Fri Aug  7 17:55:58 2026","NA","The main experiment item","False","VWP_finalSetup_22_7.osexp","C:\Users\plcm\Desktop\2026-EyeTracking\group-eyeconic\OS2\final_recordings_upl","False","mono","False","20","no","#0c0c0c","no","yes","1440","14","15_pos2_nosub.png","15_pos2_sub.png","psycho","25","25","C:\Users\plcm\Desktop\2026-EyeTracking\group-eyeconic\OS2\final_recordings_upl\subject-22.csv","psycho","Neonatal Nightingale","4.1.14","hen","dog","bird","ball","0","0","space","space","space","NA","space","NA","NA","space","NA","space","NA","space","NA","space","NA","NA","NA","space","NA","NA","NA","2856.9109999999637","6177.907899999933","5249.668700000038","NA","2856.9109999999637","NA","NA","5876.2499000000535","NA","4859.716000000044","NA","4492.092999999935","NA","6170.803599999985","NA","NA","NA","11091.779299999995","NA","NA","NA","39329.47189999999","c","26","2","psycho","The boy will walk the dog","1024","2","24000","-16","experiment","22","even","2","210905.7105","494454.7036999999","491843.9567","254856.98529999997","6179.717699999969","210910.5146","217094.70459999994","NA","487820.0238","491843.87539999996","487593.08089999994","NA","210905.79079999993","NA","NA","484735.42730000004","NA","NA","222348.3400999999","NA","228228.75199999992","NA","233092.30550000002","NA","237589.56310000003","NA","NA","NA","243764.5981","NA","NA","NA","494474.2449","NA","45537.626299999996","487804.4432999999","484725.07409999997","484735.3198","491863.5249999999","491820.8404","254857.01749999993","487803.9664","6206.994399999985","3000","SceneViewing","25","55795.07280000002","25","2560"
"100","100","23_n.wav","2202","2202","#dadada","256","psycho","psycho","psycho","non-restrictive","1","undefined","undefined","1","NA","undefined","NA","undefined","NA","undefined","NA","undefined","NA","NA","undefined","NA","NA","NA","undefined","0","26","26","0","0","0","0","NA","26","26","26","NA","0","NA","NA","26","0","NA","0","NA","0","NA","0","NA","0","NA","NA","NA","0","NA","NA","NA","26","NA","0","26","26","26","26","26","0","26","0","participant_group7.csv","7","NA","NA","NA","Fri Aug  7 17:55:58 2026","NA","The main experiment item","False","VWP_finalSetup_22_7.osexp","C:\Users\plcm\Desktop\2026-EyeTracking\group-eyeconic\OS2\final_recordings_upl","False","mono","False","20","no","#0c0c0c","no","yes","1440","23","24_pos3_nosub.png","24_pos3_sub.png","psycho","26","26","C:\Users\plcm\Desktop\2026-EyeTracking\group-eyeconic\OS2\final_recordings_upl\subject-22.csv","psycho","Neonatal Nightingale","4.1.14","needle","card","scarf","pencil","0","0","space","space","space","NA","space","NA","NA","space","NA","space","NA","space","NA","space","NA","NA","NA","space","NA","NA","NA","1481.5145999999368","6177.907899999933","5249.668700000038","NA","1481.5145999999368","NA","NA","5876.2499000000535","NA","4859.716000000044","NA","4492.092999999935","NA","6170.803599999985","NA","NA","NA","11091.779299999995","NA","NA","NA","39329.47189999999","c","27","2","psycho","The girl will hold the scarf","1024","2","24000","-16","experiment","22","even","3","210905.7105","502884.76099999994","500221.02","254856.98529999997","6179.717699999969","210910.5146","217094.70459999994","NA","496196.7038999999","500220.96829999995","495984.9502","NA","210905.79079999993","NA","NA","494502.8168","NA","NA","222348.3400999999","NA","228228.75199999992","NA","233092.30550000002","NA","237589.56310000003","NA","NA","NA","243764.5981","NA","NA","NA","502903.80329999997","NA","45537.626299999996","496181.28199999995","494493.5768","494502.71349999995","500240.55749999994","500197.38349999994","254857.01749999993","496180.8415999999","6206.994399999985","3000","SceneViewing","26","57276.58739999996","26","2560"
"100","100","33_n.wav","2188","2188","#dadada","256","psycho","psycho","psycho","non-restrictive","1","undefined","undefined","1","NA","undefined","NA","undefined","NA","undefined","NA","undefined","NA","NA","undefined","NA","NA","NA","undefined","0","27","27","0","0","0","0","NA","27","27","27","NA","0","NA","NA","27","0","NA","0","NA","0","NA","0","NA","0","NA","NA","NA","0","NA","NA","NA","27","NA","0","27","27","27","27","27","0","27","0","participant_group7.csv","7","NA","NA","NA","Fri Aug  7 17:55:58 2026","NA","The main experiment item","False","VWP_finalSetup_22_7.osexp","C:\Users\plcm\Desktop\2026-EyeTracking\group-eyeconic\OS2\final_recordings_upl","False","mono","False","20","no","#0c0c0c","no","yes","1440","33","34_pos1_nosub.png","34_pos1_sub.png","psycho","27","27","C:\Users\plcm\Desktop\2026-EyeTracking\group-eyeconic\OS2\final_recordings_upl\subject-22.csv","psycho","Neonatal Nightingale","4.1.14","suitcase","envelope","box","gift","0","0","space","space","space","NA","space","NA","NA","space","NA","space","NA","space","NA","space","NA","NA","NA","space","NA","NA","NA","1819.407899999991","6177.907899999933","5249.668700000038","NA","1819.407899999991","NA","NA","5876.2499000000535","NA","4859.716000000044","NA","4492.092999999935","NA","6170.803599999985","NA","NA","NA","11091.779299999995","NA","NA","NA","39329.47189999999","c","28","2","psycho","The boy will open the suitcase","1024","2","24000","-16","experiment","22","even","1","210905.7105","511904.8188","508999.94529999996","254856.98529999997","6179.717699999969","210910.5146","217094.70459999994","NA","504974.30549999996","508999.89","504745.36449999997","NA","210905.79079999993","NA","NA","502925.0709","NA","NA","222348.3400999999","NA","228228.75199999992","NA","233092.30550000002","NA","237589.56310000003","NA","NA","NA","243764.5981","NA","NA","NA","511924.2752","NA","45537.626299999996","504957.4857999999","502914.7039","502924.925","509018.91589999996","508974.8667999999","254857.01749999993","504956.9053","6206.994399999985","3000","SceneViewing","27","59095.99529999995","27","2560"
"100","100","30_r.wav","2191","2191","#dadada","256","psycho","psycho","psycho","restrictive","1","undefined","undefined","1","NA","undefined","NA","undefined","NA","undefined","NA","undefined","NA","NA","undefined","NA","NA","NA","undefined","0","28","28","0","0","0","0","NA","28","28","28","NA","0","NA","NA","28","0","NA","0","NA","0","NA","0","NA","0","NA","NA","NA","0","NA","NA","NA","28","NA","0","28","28","28","28","28","0","28","0","participant_group7.csv","7","NA","NA","NA","Fri Aug  7 17:55:58 2026","NA","The main experiment item","False","VWP_finalSetup_22_7.osexp","C:\Users\plcm\Desktop\2026-EyeTracking\group-eyeconic\OS2\final_recordings_upl","False","mono","False","20","no","#0c0c0c","no","yes","1440","30","31_pos2_nosub.png","31_pos2_sub.png","psycho","28","28","C:\Users\plcm\Desktop\2026-EyeTracking\group-eyeconic\OS2\final_recordings_upl\subject-22.csv","psycho","Neonatal Nightingale","4.1.14","headphones","dice","cap","watch","0","0","space","space","space","NA","space","NA","NA","space","NA","space","NA","space","NA","space","NA","NA","NA","space","NA","NA","NA","2266.48689999996","6177.907899999933","5249.668700000038","NA","2266.48689999996","NA","NA","5876.2499000000535","NA","4859.716000000044","NA","4492.092999999935","NA","6170.803599999985","NA","NA","NA","11091.779299999995","NA","NA","NA","39329.47189999999","c","29","2","psycho","The girl will roll the dice","1024","2","24000","-16","experiment","22","even","2","210905.7105","521064.69629999995","518447.89379999996","254856.98529999997","6179.717699999969","210910.5146","217094.70459999994","NA","514423.5661","518447.7869","514208.94529999985","NA","210905.79079999993","NA","NA","511941.8501999999","NA","NA","222348.3400999999","NA","228228.75199999992","NA","233092.30550000002","NA","237589.56310000003","NA","NA","NA","243764.5981","NA","NA","NA","521084.5816999999","NA","45537.626299999996","514407.8577999999","511931.37840000005","511941.73159999994","518467.60829999996","518423.8387999999","254857.01749999993","514407.39770000003","6206.994399999985","3000","SceneViewing","28","61362.48219999991","28","2560"
"100","100","24_r.wav","2176","2176","#dadada","256","psycho","psycho","psycho","restrictive","1","undefined","undefined","1","NA","undefined","NA","undefined","NA","undefined","NA","undefined","NA","NA","undefined","NA","NA","NA","undefined","0","29","29","0","0","0","0","NA","29","29","29","NA","0","NA","NA","29","0","NA","0","NA","0","NA","0","NA","0","NA","NA","NA","0","NA","NA","NA","29","NA","0","29","29","29","29","29","0","29","0","participant_group7.csv","7","NA","NA","NA","Fri Aug  7 17:55:58 2026","NA","The main experiment item","False","VWP_finalSetup_22_7.osexp","C:\Users\plcm\Desktop\2026-EyeTracking\group-eyeconic\OS2\final_recordings_upl","False","mono","False","20","no","#0c0c0c","no","yes","1440","24","25_pos4_nosub.png","25_pos4_sub.png","psycho","29","29","C:\Users\plcm\Desktop\2026-EyeTracking\group-eyeconic\OS2\final_recordings_upl\subject-22.csv","psycho","Neonatal Nightingale","4.1.14","plate","potato","glass","rabbit","0","0","space","space","space","NA","space","NA","NA","space","NA","space","NA","space","NA","space","NA","NA","NA","space","NA","NA","NA","1754.2994999998482","6177.907899999933","5249.668700000038","NA","1754.2994999998482","NA","NA","5876.2499000000535","NA","4859.716000000044","NA","4492.092999999935","NA","6170.803599999985","NA","NA","NA","11091.779299999995","NA","NA","NA","39329.47189999999","c","30","2","psycho","The girl will groom the rabbit","1024","2","24000","-16","experiment","22","even","4","210905.7105","529824.9347999999","527090.3000999999","254856.98529999997","6179.717699999969","210910.5146","217094.70459999994","NA","523066.70259999984","527090.2481999999","522857.2953999999","NA","210905.79079999993","NA","NA","521102.0532","NA","NA","222348.3400999999","NA","228228.75199999992","NA","233092.30550000002","NA","237589.56310000003","NA","NA","NA","243764.5981","NA","NA","NA","529844.7229","NA","45537.626299999996","523051.54399999994","521092.65189999994","521101.95580000005","527109.3848","527067.0077","254857.01749999993","523050.6975999999","6206.994399999985","3000","SceneViewing","29","63116.78169999976","29","2560"
"100","100","10_r.wav","2147","2147","#dadada","256","psycho","psycho","psycho","restrictive","1","undefined","undefined","1","NA","undefined","NA","undefined","NA","undefined","NA","undefined","NA","NA","undefined","NA","NA","NA","undefined","0","30","30","0","0","0","0","NA","30","30","30","NA","0","NA","NA","30","0","NA","0","NA","0","NA","0","NA","0","NA","NA","NA","0","NA","NA","NA","30","NA","0","30","30","30","30","30","0","30","0","participant_group7.csv","7","NA","NA","NA","Fri Aug  7 17:55:58 2026","NA","The main experiment item","False","VWP_finalSetup_22_7.osexp","C:\Users\plcm\Desktop\2026-EyeTracking\group-eyeconic\OS2\final_recordings_upl","False","mono","False","20","no","#0c0c0c","no","yes","1440","10","11_pos2_nosub.png","11_pos2_sub.png","psycho","30","30","C:\Users\plcm\Desktop\2026-EyeTracking\group-eyeconic\OS2\final_recordings_upl\subject-22.csv","psycho","Neonatal Nightingale","4.1.14","wastebin","washing-machine","mirror","dog","0","0","space","space","space","NA","space","NA","NA","space","NA","space","NA","space","NA","space","NA","NA","NA","space","NA","NA","NA","1296.9543999999296","6177.907899999933","5249.668700000038","NA","1296.9543999999296","NA","NA","5876.2499000000535","NA","4859.716000000044","NA","4492.092999999935","NA","6170.803599999985","NA","NA","NA","11091.779299999995","NA","NA","NA","39329.47189999999","c","31","2","psycho","The man will repair the washing machine","1024","2","24000","-16","experiment","22","even","2","210905.7105","538894.7479000001","535413.8983999998","254856.98529999997","6179.717699999969","210910.5146","217094.70459999994","NA","531390.4319999999","535413.8498","531160.9291","NA","210905.79079999993","NA","NA","529863.3313000001","NA","NA","222348.3400999999","NA","228228.75199999992","NA","233092.30550000002","NA","237589.56310000003","NA","NA","NA","243764.5981","NA","NA","NA","538913.6971","NA","45537.626299999996","531365.2588","529852.9535000001","529863.1277","535433.5053","535391.4027000001","254857.01749999993","531363.8882","6206.994399999985","3000","SceneViewing","30","64413.73609999969","30","2560"
"100","100","19_n.wav","2122","2122","#dadada","256","psycho","psycho","psycho","non-restrictive","1","undefined","undefined","1","NA","undefined","NA","undefined","NA","undefined","NA","undefined","NA","NA","undefined","NA","NA","NA","undefined","0","31","31","0","0","0","0","NA","31","31","31","NA","0","NA","NA","31","0","NA","0","NA","0","NA","0","NA","0","NA","NA","NA","0","NA","NA","NA","31","NA","0","31","31","31","31","31","0","31","0","participant_group7.csv","7","NA","NA","NA","Fri Aug  7 17:55:58 2026","NA","The main experiment item","False","VWP_finalSetup_22_7.osexp","C:\Users\plcm\Desktop\2026-EyeTracking\group-eyeconic\OS2\final_recordings_upl","False","mono","False","20","no","#0c0c0c","no","yes","1440","19","20_pos3_nosub.png","20_pos3_sub.png","psycho","31","31","C:\Users\plcm\Desktop\2026-EyeTracking\group-eyeconic\OS2\final_recordings_upl\subject-22.csv","psycho","Neonatal Nightingale","4.1.14","spatula","bowl","bread","spoon","0","0","space","space","space","NA","space","NA","NA","space","NA","space","NA","space","NA","space","NA","NA","NA","space","NA","NA","NA","1380.829299999983","6177.907899999933","5249.668700000038","NA","1380.829299999983","NA","NA","5876.2499000000535","NA","4859.716000000044","NA","4492.092999999935","NA","6170.803599999985","NA","NA","NA","11091.779299999995","NA","NA","NA","39329.47189999999","c","32","2","psycho","The chef will clean the bread","1024","2","24000","-16","experiment","22","even","3","210905.7105","547084.6652","544554.5927999999","254856.98529999997","6179.717699999969","210910.5146","217094.70459999994","NA","540529.929","544554.5042999999","540313.0218999999","NA","210905.79079999993","NA","NA","538931.4729","NA","NA","222348.3400999999","NA","228228.75199999992","NA","233092.30550000002","NA","237589.56310000003","NA","NA","NA","243764.5981","NA","NA","NA","547104.2634999999","NA","45537.626299999996","540513.7554999999","538921.7186","538931.3537999999","544573.9848999999","544530.0821000001","254857.01749999993","540513.2495","6206.994399999985","3000","SceneViewing","31","65794.56539999967","31","2560"
"100","100","12_r.wav","2094","2094","#dadada","256","psycho","psycho","psycho","restrictive","1","undefined","undefined","1","NA","undefined","NA","undefined","NA","undefined","NA","undefined","NA","NA","undefined","NA","NA","NA","undefined","0","32","32","0","0","0","0","NA","32","32","32","NA","0","NA","NA","32","0","NA","0","NA","0","NA","0","NA","0","NA","NA","NA","0","NA","NA","NA","32","NA","0","32","32","32","32","32","0","32","0","participant_group7.csv","7","NA","NA","NA","Fri Aug  7 17:55:58 2026","NA","The main experiment item","False","VWP_finalSetup_22_7.osexp","C:\Users\plcm\Desktop\2026-EyeTracking\group-eyeconic\OS2\final_recordings_upl","False","mono","False","20","no","#0c0c0c","no","yes","1440","12","13_pos4_nosub.png","13_pos4_sub.png","psycho","32","32","C:\Users\plcm\Desktop\2026-EyeTracking\group-eyeconic\OS2\final_recordings_upl\subject-22.csv","psycho","Neonatal Nightingale","4.1.14","birds","sun","car","boat","0","0","space","space","space","NA","space","NA","NA","space","NA","space","NA","space","NA","space","NA","NA","NA","space","NA","NA","NA","1238.9797000000253","6177.907899999933","5249.668700000038","NA","1238.9797000000253","NA","NA","5876.2499000000535","NA","4859.716000000044","NA","4492.092999999935","NA","6170.803599999985","NA","NA","NA","11091.779299999995","NA","NA","NA","39329.47189999999","c","33","2","psycho","The man will sail the boat","1024","2","24000","-16","experiment","22","even","4","210905.7105","555084.7927","552598.2594","254856.98529999997","6179.717699999969","210910.5146","217094.70459999994","NA","548574.0564999998","552598.1876999999","548361.1212","NA","210905.79079999993","NA","NA","547121.3676","NA","NA","222348.3400999999","NA","228228.75199999992","NA","233092.30550000002","NA","237589.56310000003","NA","NA","NA","243764.5981","NA","NA","NA","555104.1002","NA","45537.626299999996","548556.3629000001","547111.4915","547121.2444","552617.6166000001","552574.5724999999","254857.01749999993","548555.8589","6206.994399999985","3000","SceneViewing","32","67033.5450999997","32","2560"
"100","100","40_r.wav","2061","2061","#dadada","256","psycho","psycho","psycho","restrictive","1","undefined","undefined","1","NA","undefined","NA","undefined","NA","undefined","NA","undefined","NA","NA","undefined","NA","NA","NA","undefined","0","33","33","0","0","0","0","NA","33","33","33","NA","0","NA","NA","33","0","NA","0","NA","0","NA","0","NA","0","NA","NA","NA","0","NA","NA","NA","33","NA","0","33","33","33","33","33","0","33","0","participant_group7.csv","7","NA","NA","NA","Fri Aug  7 17:55:58 2026","NA","The main experiment item","False","VWP_finalSetup_22_7.osexp","C:\Users\plcm\Desktop\2026-EyeTracking\group-eyeconic\OS2\final_recordings_upl","False","mono","False","20","no","#0c0c0c","no","yes","1440","40","41_pos4_nosub.png","41_pos4_sub.png","psycho","33","33","C:\Users\plcm\Desktop\2026-EyeTracking\group-eyeconic\OS2\final_recordings_upl\subject-22.csv","psycho","Neonatal Nightingale","4.1.14","pin","toothbrish","iron","blouse","0","0","space","space","space","NA","space","NA","NA","space","NA","space","NA","space","NA","space","NA","NA","NA","space","NA","NA","NA","1009.9313999998849","6177.907899999933","5249.668700000038","NA","1009.9313999998849","NA","NA","5876.2499000000535","NA","4859.716000000044","NA","4492.092999999935","NA","6170.803599999985","NA","NA","NA","11091.779299999995","NA","NA","NA","39329.47189999999","c","34","2","psycho","The girl will button the blouse","1024","2","24000","-16","experiment","22","even","4","210905.7105","563064.6305999999","560375.6364999999","254856.98529999997","6179.717699999969","210910.5146","217094.70459999994","NA","556350.5544","560375.5848999999","556137.2120999999","NA","210905.79079999993","NA","NA","555126.4982","NA","NA","222348.3400999999","NA","228228.75199999992","NA","233092.30550000002","NA","237589.56310000003","NA","NA","NA","243764.5981","NA","NA","NA","563084.3012","NA","45537.626299999996","556333.4305000001","555115.6074999999","555126.3526999998","560395.5101","560351.0283","254857.01749999993","556332.7095","6206.994399999985","3000","SceneViewing","33","68043.47649999958","33","2560"
"100","100","3_n.wav","2052","2052","#dadada","256","psycho","psycho","psycho","non-restrictive","1","undefined","undefined","1","NA","undefined","NA","undefined","NA","undefined","NA","undefined","NA","NA","undefined","NA","NA","NA","undefined","0","34","34","0","0","0","0","NA","34","34","34","NA","0","NA","NA","34","0","NA","0","NA","0","NA","0","NA","0","NA","NA","NA","0","NA","NA","NA","34","NA","0","34","34","34","34","34","0","34","0","participant_group7.csv","7","NA","NA","NA","Fri Aug  7 17:55:58 2026","NA","The main experiment item","False","VWP_finalSetup_22_7.osexp","C:\Users\plcm\Desktop\2026-EyeTracking\group-eyeconic\OS2\final_recordings_upl","False","mono","False","20","no","#0c0c0c","no","yes","1440","3","4_pos3_nosub.png","4_pos3_sub.png","psycho","34","34","C:\Users\plcm\Desktop\2026-EyeTracking\group-eyeconic\OS2\final_recordings_upl\subject-22.csv","psycho","Neonatal Nightingale","4.1.14","stool","rocking-horse","baby","plant","0","0","space","space","space","NA","space","NA","NA","space","NA","space","NA","space","NA","space","NA","NA","NA","space","NA","NA","NA","1740.8192000000272","6177.907899999933","5249.668700000038","NA","1740.8192000000272","NA","NA","5876.2499000000535","NA","4859.716000000044","NA","4492.092999999935","NA","6170.803599999985","NA","NA","NA","11091.779299999995","NA","NA","NA","39329.47189999999","c","35","2","psycho","The woman will touch the baby","1024","2","24000","-16","experiment","22","even","3","210905.7105","571854.7240999999","569111.2714000001","254856.98529999997","6179.717699999969","210910.5146","217094.70459999994","NA","565086.4158","569111.1943999999","564873.143","NA","210905.79079999993","NA","NA","563131.6053","NA","NA","222348.3400999999","NA","228228.75199999992","NA","233092.30550000002","NA","237589.56310000003","NA","NA","NA","243764.5981","NA","NA","NA","571874.1998000001","NA","45537.626299999996","565071.1937999999","563121.6496","563131.4152","569130.7056999999","569086.8724","254857.01749999993","565069.9675","6206.994399999985","3000","SceneViewing","34","69784.29569999961","34","2560"
"100","100","46_r.wav","2033","2033","#dadada","256","psycho","psycho","psycho","restrictive","1","undefined","undefined","1","NA","undefined","NA","undefined","NA","undefined","NA","undefined","NA","NA","undefined","NA","NA","NA","undefined","0","35","35","0","0","0","0","NA","35","35","35","NA","0","NA","NA","35","0","NA","0","NA","0","NA","0","NA","0","NA","NA","NA","0","NA","NA","NA","35","NA","0","35","35","35","35","35","0","35","0","participant_group7.csv","7","NA","NA","NA","Fri Aug  7 17:55:58 2026","NA","The main experiment item","False","VWP_finalSetup_22_7.osexp","C:\Users\plcm\Desktop\2026-EyeTracking\group-eyeconic\OS2\final_recordings_upl","False","mono","False","20","no","#0c0c0c","no","yes","1440","46","47_pos2_nosub.png","47_pos2_sub.png","psycho","35","35","C:\Users\plcm\Desktop\2026-EyeTracking\group-eyeconic\OS2\final_recordings_upl\subject-22.csv","psycho","Neonatal Nightingale","4.1.14","stand","violin","bow","gum","0","0","space","space","space","NA","space","NA","NA","space","NA","space","NA","space","NA","space","NA","NA","NA","space","NA","NA","NA","1390.3726000000024","6177.907899999933","5249.668700000038","NA","1390.3726000000024","NA","NA","5876.2499000000535","NA","4859.716000000044","NA","4492.092999999935","NA","6170.803599999985","NA","NA","NA","11091.779299999995","NA","NA","NA","39329.47189999999","c","36","2","psycho","The musician will tune the violin","1024","2","24000","-16","experiment","22","even","2","210905.7105","580684.6643","577534.8971999999","254856.98529999997","6179.717699999969","210910.5146","217094.70459999994","NA","573511.0700000001","577534.8478000001","573289.014","NA","210905.79079999993","NA","NA","571897.9173999999","NA","NA","222348.3400999999","NA","228228.75199999992","NA","233092.30550000002","NA","237589.56310000003","NA","NA","NA","243764.5981","NA","NA","NA","580703.5647999998","NA","45537.626299999996","573494.8492999999","571888.3518000001","571897.8248000001","577554.1203999999","577511.295","254857.01749999993","573494.1481999999","6206.994399999985","3000","SceneViewing","35","71174.66829999961","35","2560"
"100","100","8_r.wav","2053","2053","#dadada","256","psycho","psycho","psycho","restrictive","1","undefined","undefined","1","NA","undefined","NA","undefined","NA","undefined","NA","undefined","NA","NA","undefined","NA","NA","NA","undefined","0","36","36","0","0","0","0","NA","36","36","36","NA","0","NA","NA","36","0","NA","0","NA","0","NA","0","NA","0","NA","NA","NA","0","NA","NA","NA","36","NA","0","36","36","36","36","36","0","36","0","participant_group7.csv","7","NA","NA","NA","Fri Aug  7 17:55:58 2026","NA","The main experiment item","False","VWP_finalSetup_22_7.osexp","C:\Users\plcm\Desktop\2026-EyeTracking\group-eyeconic\OS2\final_recordings_upl","False","mono","False","20","no","#0c0c0c","no","yes","1440","8","9_pos4_nosub.png","9_pos4_sub.png","psycho","36","36","C:\Users\plcm\Desktop\2026-EyeTracking\group-eyeconic\OS2\final_recordings_upl\subject-22.csv","psycho","Neonatal Nightingale","4.1.14","table","telephone","television","piano","0","0","space","space","space","NA","space","NA","NA","space","NA","space","NA","space","NA","space","NA","NA","NA","space","NA","NA","NA","2737.207700000028","6177.907899999933","5249.668700000038","NA","2737.207700000028","NA","NA","5876.2499000000535","NA","4859.716000000044","NA","4492.092999999935","NA","6170.803599999985","NA","NA","NA","11091.779299999995","NA","NA","NA","39329.47189999999","c","37","2","psycho","The woman will play the piano","1024","2","24000","-16","experiment","22","even","4","210905.7105","590564.9289","587706.8491","254856.98529999997","6179.717699999969","210910.5146","217094.70459999994","NA","583680.1395","587706.7852999999","583465.2731999999","NA","210905.79079999993","NA","NA","580727.1754999999","NA","NA","222348.3400999999","NA","228228.75199999992","NA","233092.30550000002","NA","237589.56310000003","NA","NA","NA","243764.5981","NA","NA","NA","590584.2546999999","NA","45537.626299999996","583661.2943999999","580717.4875999999","580727.0765999999","587725.8398","587680.7731999999","254857.01749999993","583660.7925000001","6206.994399999985","3000","SceneViewing","36","73911.87599999964","36","2560"
"100","100","27_n.wav","2062","2062","#dadada","256","psycho","psycho","psycho","non-restrictive","1","undefined","undefined","1","NA","undefined","NA","undefined","NA","undefined","NA","undefined","NA","NA","undefined","NA","NA","NA","undefined","0","37","37","0","0","0","0","NA","37","37","37","NA","0","NA","NA","37","0","NA","0","NA","0","NA","0","NA","0","NA","NA","NA","0","NA","NA","NA","37","NA","0","37","37","37","37","37","0","37","0","participant_group7.csv","7","NA","NA","NA","Fri Aug  7 17:55:58 2026","NA","The main experiment item","False","VWP_finalSetup_22_7.osexp","C:\Users\plcm\Desktop\2026-EyeTracking\group-eyeconic\OS2\final_recordings_upl","False","mono","False","20","no","#0c0c0c","no","yes","1440","27","28_pos3_nosub.png","28_pos3_sub.png","psycho","37","37","C:\Users\plcm\Desktop\2026-EyeTracking\group-eyeconic\OS2\final_recordings_upl\subject-22.csv","psycho","Neonatal Nightingale","4.1.14","frame","picture","lamp","switch","0","0","space","space","space","NA","space","NA","NA","space","NA","space","NA","space","NA","space","NA","NA","NA","space","NA","NA","NA","2398.555200000177","6177.907899999933","5249.668700000038","NA","2398.555200000177","NA","NA","5876.2499000000535","NA","4859.716000000044","NA","4492.092999999935","NA","6170.803599999985","NA","NA","NA","11091.779299999995","NA","NA","NA","39329.47189999999","c","38","2","psycho","The boy will touch the lamp","1024","2","24000","-16","experiment","22","even","3","210905.7105","599675.2501999999","597253.0208","254856.98529999997","6179.717699999969","210910.5146","217094.70459999994","NA","593228.8323999998","597252.9696","593009.6357","NA","210905.79079999993","NA","NA","590609.8245999999","NA","NA","222348.3400999999","NA","228228.75199999992","NA","233092.30550000002","NA","237589.56310000003","NA","NA","NA","243764.5981","NA","NA","NA","599694.5255999999","NA","45537.626299999996","593213.1124","590598.7797999999","590609.6674999999","597271.964","597229.0724","254857.01749999993","593212.6516999999","6206.994399999985","3000","SceneViewing","37","76310.43119999982","37","2560"
"100","100","9_n.wav","2050","2050","#dadada","256","psycho","psycho","psycho","non-restrictive","1","undefined","undefined","1","NA","undefined","NA","undefined","NA","undefined","NA","undefined","NA","NA","undefined","NA","NA","NA","undefined","0","38","38","0","0","0","0","NA","38","38","38","NA","0","NA","NA","38","0","NA","0","NA","0","NA","0","NA","0","NA","NA","NA","0","NA","NA","NA","38","NA","0","38","38","38","38","38","0","38","0","participant_group7.csv","7","NA","NA","NA","Fri Aug  7 17:55:58 2026","NA","The main experiment item","False","VWP_finalSetup_22_7.osexp","C:\Users\plcm\Desktop\2026-EyeTracking\group-eyeconic\OS2\final_recordings_upl","False","mono","False","20","no","#0c0c0c","no","yes","1440","9","10_pos1_nosub.png","10_pos1_sub.png","psycho","38","38","C:\Users\plcm\Desktop\2026-EyeTracking\group-eyeconic\OS2\final_recordings_upl\subject-22.csv","psycho","Neonatal Nightingale","4.1.14","book","door","cup","bag","0","0","space","space","space","NA","space","NA","NA","space","NA","space","NA","space","NA","space","NA","NA","NA","space","NA","NA","NA","1624.0228999999817","6177.907899999933","5249.668700000038","NA","1624.0228999999817","NA","NA","5876.2499000000535","NA","4859.716000000044","NA","4492.092999999935","NA","6170.803599999985","NA","NA","NA","11091.779299999995","NA","NA","NA","39329.47189999999","c","39","2","psycho","The woman will open the book","1024","2","24000","-16","experiment","22","even","1","210905.7105","607414.7544","605576.6886999999","254856.98529999997","6179.717699999969","210910.5146","217094.70459999994","NA","601553.1257","605576.6395","601337.2242","NA","210905.79079999993","NA","NA","599712.3043","NA","NA","222348.3400999999","NA","228228.75199999992","NA","233092.30550000002","NA","237589.56310000003","NA","NA","NA","243764.5981","NA","NA","NA","607434.0096000001","NA","45537.626299999996","601535.5014","599702.348","599712.1958999998","605596.2463000001","605553.6886","254857.01749999993","601534.4874","6206.994399999985","3000","SceneViewing","38","77934.4540999998","38","2560"
"100","100","42_r.wav","2075","2075","#dadada","256","psycho","psycho","psycho","restrictive","1","undefined","undefined","1","NA","undefined","NA","undefined","NA","undefined","NA","undefined","NA","NA","undefined","NA","NA","NA","undefined","0","39","39","0","0","0","0","NA","39","39","39","NA","0","NA","NA","39","0","NA","0","NA","0","NA","0","NA","0","NA","NA","NA","0","NA","NA","NA","39","NA","0","39","39","39","39","39","0","39","0","participant_group7.csv","7","NA","NA","NA","Fri Aug  7 17:55:58 2026","NA","The main experiment item","False","VWP_finalSetup_22_7.osexp","C:\Users\plcm\Desktop\2026-EyeTracking\group-eyeconic\OS2\final_recordings_upl","False","mono","False","20","no","#0c0c0c","no","yes","1440","42","43_pos2_nosub.png","43_pos2_sub.png","psycho","39","39","C:\Users\plcm\Desktop\2026-EyeTracking\group-eyeconic\OS2\final_recordings_upl\subject-22.csv","psycho","Neonatal Nightingale","4.1.14","ruler","shirt","apple","chalk","0","0","space","space","space","NA","space","NA","NA","space","NA","space","NA","space","NA","space","NA","NA","NA","space","NA","NA","NA","3021.890699999989","6177.907899999933","5249.668700000038","NA","3021.890699999989","NA","NA","5876.2499000000535","NA","4859.716000000044","NA","4492.092999999935","NA","6170.803599999985","NA","NA","NA","11091.779299999995","NA","NA","NA","39329.47189999999","c","40","2","psycho","The woman will sew the shirt","1024","2","24000","-16","experiment","22","even","2","210905.7105","617274.7062000001","614736.8953","254856.98529999997","6179.717699999969","210910.5146","217094.70459999994","NA","610710.7553000001","614736.8038","610497.2886999999","NA","210905.79079999993","NA","NA","607474.4174","NA","NA","222348.3400999999","NA","228228.75199999992","NA","233092.30550000002","NA","237589.56310000003","NA","NA","NA","243764.5981","NA","NA","NA","617294.2688999999","NA","45537.626299999996","610694.5791000001","607463.6327999999","607474.2865999999","614756.2619999999","614711.0462000001","254857.01749999993","610693.6667","6206.994399999985","3000","SceneViewing","39","80956.34479999979","39","2560"
"100","100","2_r.wav","2057","2057","#dadada","256","psycho","psycho","psycho","restrictive","1","undefined","undefined","1","NA","undefined","NA","undefined","NA","undefined","NA","undefined","NA","NA","undefined","NA","NA","NA","undefined","0","40","40","0","0","0","0","NA","40","40","40","NA","0","NA","NA","40","0","NA","0","NA","0","NA","0","NA","0","NA","NA","NA","0","NA","NA","NA","40","NA","0","40","40","40","40","40","0","40","0","participant_group7.csv","7","NA","NA","NA","Fri Aug  7 17:55:58 2026","NA","The main experiment item","False","VWP_finalSetup_22_7.osexp","C:\Users\plcm\Desktop\2026-EyeTracking\group-eyeconic\OS2\final_recordings_upl","False","mono","False","20","no","#0c0c0c","no","yes","1440","2","3_pos2_nosub.png","3_pos2_sub.png","psycho","40","40","C:\Users\plcm\Desktop\2026-EyeTracking\group-eyeconic\OS2\final_recordings_upl\subject-22.csv","psycho","Neonatal Nightingale","4.1.14","dustbin","man","car","houses","0","0","space","space","space","NA","space","NA","NA","space","NA","space","NA","space","NA","space","NA","NA","NA","space","NA","NA","NA","1355.7906000001822","6177.907899999933","5249.668700000038","NA","1355.7906000001822","NA","NA","5876.2499000000535","NA","4859.716000000044","NA","4492.092999999935","NA","6170.803599999985","NA","NA","NA","11091.779299999995","NA","NA","NA","39329.47189999999","c","41","2","psycho","The policeman will arrest the man","1024","2","24000","-16","experiment","22","even","2","210905.7105","626024.699","622926.6868","254856.98529999997","6179.717699999969","210910.5146","217094.70459999994","NA","618901.9564999999","622926.6210999999","618681.1003999999","NA","210905.79079999993","NA","NA","617324.5718999999","NA","NA","222348.3400999999","NA","228228.75199999992","NA","233092.30550000002","NA","237589.56310000003","NA","NA","NA","243764.5981","NA","NA","NA","626044.2888","NA","45537.626299999996","618885.4821","617314.345","617324.3879","622945.489","622903.1079","254857.01749999993","618884.816","6206.994399999985","3000","SceneViewing","40","82312.13539999997","40","2560"
"100","100","13_n.wav","2048","2048","#dadada","256","psycho","psycho","psycho","non-restrictive","1","undefined","undefined","1","NA","undefined","NA","undefined","NA","undefined","NA","undefined","NA","NA","undefined","NA","NA","NA","undefined","0","41","41","0","0","0","0","NA","41","41","41","NA","0","NA","NA","41","0","NA","0","NA","0","NA","0","NA","0","NA","NA","NA","0","NA","NA","NA","41","NA","0","41","41","41","41","41","0","41","0","participant_group7.csv","7","NA","NA","NA","Fri Aug  7 17:55:58 2026","NA","The main experiment item","False","VWP_finalSetup_22_7.osexp","C:\Users\plcm\Desktop\2026-EyeTracking\group-eyeconic\OS2\final_recordings_upl","False","mono","False","20","no","#0c0c0c","no","yes","1440","13","14_pos1_nosub.png","14_pos1_sub.png","psycho","41","41","C:\Users\plcm\Desktop\2026-EyeTracking\group-eyeconic\OS2\final_recordings_upl\subject-22.csv","psycho","Neonatal Nightingale","4.1.14","cigarettes","filofax","briefcase","glasses","0","0","space","space","space","NA","space","NA","NA","space","NA","space","NA","space","NA","space","NA","NA","NA","space","NA","NA","NA","1658.1404999999795","6177.907899999933","5249.668700000038","NA","1658.1404999999795","NA","NA","5876.2499000000535","NA","4859.716000000044","NA","4492.092999999935","NA","6170.803599999985","NA","NA","NA","11091.779299999995","NA","NA","NA","39329.47189999999","c","42","2","psycho","The man will  collect the cigarettes","1024","2","24000","-16","experiment","22","even","1","210905.7105","634984.8638","631972.8252","254856.98529999997","6179.717699999969","210910.5146","217094.70459999994","NA","627948.3","631972.7562999999","627721.1754","NA","210905.79079999993","NA","NA","626062.1974000001","NA","NA","222348.3400999999","NA","228228.75199999992","NA","233092.30550000002","NA","237589.56310000003","NA","NA","NA","243764.5981","NA","NA","NA","635003.7853999999","NA","45537.626299999996","627930.8705000001","626051.7325","626062.0769","631992.0909","631948.8927","254857.01749999993","627930.1671000001","6206.994399999985","3000","SceneViewing","41","83970.27589999995","41","2560"
"100","100","48_r.wav","2026","2026","#dadada","256","psycho","psycho","psycho","restrictive","1","undefined","undefined","1","NA","undefined","NA","undefined","NA","undefined","NA","undefined","NA","NA","undefined","NA","NA","NA","undefined","0","42","42","0","0","0","0","NA","42","42","42","NA","0","NA","NA","42","0","NA","0","NA","0","NA","0","NA","0","NA","NA","NA","0","NA","NA","NA","42","NA","0","42","42","42","42","42","0","42","0","participant_group7.csv","7","NA","NA","NA","Fri Aug  7 17:55:58 2026","NA","The main experiment item","False","VWP_finalSetup_22_7.osexp","C:\Users\plcm\Desktop\2026-EyeTracking\group-eyeconic\OS2\final_recordings_upl","False","mono","False","20","no","#0c0c0c","no","yes","1440","48","49_pos4_nosub.png","49_pos4_sub.png","psycho","42","42","C:\Users\plcm\Desktop\2026-EyeTracking\group-eyeconic\OS2\final_recordings_upl\subject-22.csv","psycho","Neonatal Nightingale","4.1.14","pump","flag","pouch","balloon","0","0","space","space","space","NA","space","NA","NA","space","NA","space","NA","space","NA","space","NA","NA","NA","space","NA","NA","NA","1150.8953999998048","6177.907899999933","5249.668700000038","NA","1150.8953999998048","NA","NA","5876.2499000000535","NA","4859.716000000044","NA","4492.092999999935","NA","6170.803599999985","NA","NA","NA","11091.779299999995","NA","NA","NA","39329.47189999999","c","43","2","psycho","The child will inflate the balloon","1024","2","24000","-16","experiment","22","even","4","210905.7105","643495.0136999999","640421.7454","254856.98529999997","6179.717699999969","210910.5146","217094.70459999994","NA","636397.3710999999","640421.6964","636185.1220999999","NA","210905.79079999993","NA","NA","635033.5006","NA","NA","222348.3400999999","NA","228228.75199999992","NA","233092.30550000002","NA","237589.56310000003","NA","NA","NA","243764.5981","NA","NA","NA","643514.9260999999","NA","45537.626299999996","636381.3432","635023.3733","635033.3688999999","640441.0473999999","640397.6384","254857.01749999993","636380.6468","6206.994399999985","3000","SceneViewing","42","85121.17129999975","42","2560"
"100","100","11_n.wav","2006","2006","#dadada","256","psycho","psycho","psycho","non-restrictive","1","undefined","undefined","1","NA","undefined","NA","undefined","NA","undefined","NA","undefined","NA","NA","undefined","NA","NA","NA","undefined","0","43","43","0","0","0","0","NA","43","43","43","NA","0","NA","NA","43","0","NA","0","NA","0","NA","0","NA","0","NA","NA","NA","0","NA","NA","NA","43","NA","0","43","43","43","43","43","0","43","0","participant_group7.csv","7","NA","NA","NA","Fri Aug  7 17:55:58 2026","NA","The main experiment item","False","VWP_finalSetup_22_7.osexp","C:\Users\plcm\Desktop\2026-EyeTracking\group-eyeconic\OS2\final_recordings_upl","False","mono","False","20","no","#0c0c0c","no","yes","1440","11","12_pos3_nosub.png","12_pos3_sub.png","psycho","43","43","C:\Users\plcm\Desktop\2026-EyeTracking\group-eyeconic\OS2\final_recordings_upl\subject-22.csv","psycho","Neonatal Nightingale","4.1.14","duck","bricks","bell","drum","0","0","space","space","space","NA","space","NA","NA","space","NA","space","NA","space","NA","space","NA","NA","NA","space","NA","NA","NA","1159.5388999999268","6177.907899999933","5249.668700000038","NA","1159.5388999999268","NA","NA","5876.2499000000535","NA","4859.716000000044","NA","4492.092999999935","NA","6170.803599999985","NA","NA","NA","11091.779299999995","NA","NA","NA","39329.47189999999","c","44","2","psycho","The baby will kick the bell","1024","2","24000","-16","experiment","22","even","3","210905.7105","651404.769","648953.3964","254856.98529999997","6179.717699999969","210910.5146","217094.70459999994","NA","644929.5585","648953.3251999998","644705.4042999998","NA","210905.79079999993","NA","NA","643544.9466","NA","NA","222348.3400999999","NA","228228.75199999992","NA","233092.30550000002","NA","237589.56310000003","NA","NA","NA","243764.5981","NA","NA","NA","651424.6290999999","NA","45537.626299999996","644913.3488","643535.0200999998","643544.8256","648972.7123","648930.0345","254857.01749999993","644912.8656999998","6206.994399999985","3000","SceneViewing","43","86280.71019999968","43","2560"
"100","100","41_n.wav","2001","2001","#dadada","256","psycho","psycho","psycho","non-restrictive","1","undefined","undefined","1","NA","undefined","NA","undefined","NA","undefined","NA","undefined","NA","NA","undefined","NA","NA","NA","undefined","0","44","44","0","0","0","0","NA","44","44","44","NA","0","NA","NA","44","0","NA","0","NA","0","NA","0","NA","0","NA","NA","NA","0","NA","NA","NA","44","NA","0","44","44","44","44","44","0","44","0","participant_group7.csv","7","NA","NA","NA","Fri Aug  7 17:55:58 2026","NA","The main experiment item","False","VWP_finalSetup_22_7.osexp","C:\Users\plcm\Desktop\2026-EyeTracking\group-eyeconic\OS2\final_recordings_upl","False","mono","False","20","no","#0c0c0c","no","yes","1440","41","42_pos1_nosub.png","42_pos1_sub.png","psycho","44","44","C:\Users\plcm\Desktop\2026-EyeTracking\group-eyeconic\OS2\final_recordings_upl\subject-22.csv","psycho","Neonatal Nightingale","4.1.14","orange","stone","cone","shell","0","0","space","space","space","NA","space","NA","NA","space","NA","space","NA","space","NA","space","NA","NA","NA","space","NA","NA","NA","1800.5233999999473","6177.907899999933","5249.668700000038","NA","1800.5233999999473","NA","NA","5876.2499000000535","NA","4859.716000000044","NA","4492.092999999935","NA","6170.803599999985","NA","NA","NA","11091.779299999995","NA","NA","NA","39329.47189999999","c","45","2","psycho","The boy will move the orange","1024","2","24000","-16","experiment","22","even","1","210905.7105","660114.8042999998","657503.2297999999","254856.98529999997","6179.717699999969","210910.5146","217094.70459999994","NA","653479.8512999999","657503.1636999999","653257.1510000001","NA","210905.79079999993","NA","NA","651455.7926","NA","NA","222348.3400999999","NA","228228.75199999992","NA","233092.30550000002","NA","237589.56310000003","NA","NA","NA","243764.5981","NA","NA","NA","660133.7329999999","NA","45537.626299999996","653461.7185999998","651446.066","651455.6562","657522.7012999998","657480.3780999999","254857.01749999993","653461.1886999998","6206.994399999985","3000","SceneViewing","44","88081.23359999963","44","2560"
"100","100","43_n.wav","1982","1982","#dadada","256","psycho","psycho","psycho","non-restrictive","1","undefined","undefined","1","NA","undefined","NA","undefined","NA","undefined","NA","undefined","NA","NA","undefined","NA","NA","NA","undefined","0","45","45","0","0","0","0","NA","45","45","45","NA","0","NA","NA","45","0","NA","0","NA","0","NA","0","NA","0","NA","NA","NA","0","NA","NA","NA","45","NA","0","45","45","45","45","45","0","45","0","participant_group7.csv","7","NA","NA","NA","Fri Aug  7 17:55:58 2026","NA","The main experiment item","False","VWP_finalSetup_22_7.osexp","C:\Users\plcm\Desktop\2026-EyeTracking\group-eyeconic\OS2\final_recordings_upl","False","mono","False","20","no","#0c0c0c","no","yes","1440","43","44_pos3_nosub.png","44_pos3_sub.png","psycho","45","45","C:\Users\plcm\Desktop\2026-EyeTracking\group-eyeconic\OS2\final_recordings_upl\subject-22.csv","psycho","Neonatal Nightingale","4.1.14","bolt","handle","safe","pan","0","0","space","space","space","NA","space","NA","NA","space","NA","space","NA","space","NA","space","NA","NA","NA","space","NA","NA","NA","1117.5638000000035","6177.907899999933","5249.668700000038","NA","1117.5638000000035","NA","NA","5876.2499000000535","NA","4859.716000000044","NA","4492.092999999935","NA","6170.803599999985","NA","NA","NA","11091.779299999995","NA","NA","NA","39329.47189999999","c","46","2","psycho","The man will wipe the safe","1024","2","24000","-16","experiment","22","even","3","210905.7105","667944.8368999999","665512.4552999998","254856.98529999997","6179.717699999969","210910.5146","217094.70459999994","NA","661486.5995999998","665512.4066999999","661273.234","NA","210905.79079999993","NA","NA","660154.8232999998","NA","NA","222348.3400999999","NA","228228.75199999992","NA","233092.30550000002","NA","237589.56310000003","NA","NA","NA","243764.5981","NA","NA","NA","667963.7381999999","NA","45537.626299999996","661469.7472999999","660145.0460999999","660154.7171999998","665532.1253999998","665487.1613999999","254857.01749999993","661469.2289999998","6206.994399999985","3000","SceneViewing","45","89198.79739999963","45","2560"
"100","100","4_r.wav","1966","1966","#dadada","256","psycho","psycho","psycho","restrictive","1","undefined","undefined","1","NA","undefined","NA","undefined","NA","undefined","NA","undefined","NA","NA","undefined","NA","NA","NA","undefined","0","46","46","0","0","0","0","NA","46","46","46","NA","0","NA","NA","46","0","NA","0","NA","0","NA","0","NA","0","NA","NA","NA","0","NA","NA","NA","46","NA","0","46","46","46","46","46","0","46","0","participant_group7.csv","7","NA","NA","NA","Fri Aug  7 17:55:58 2026","NA","The main experiment item","False","VWP_finalSetup_22_7.osexp","C:\Users\plcm\Desktop\2026-EyeTracking\group-eyeconic\OS2\final_recordings_upl","False","mono","False","20","no","#0c0c0c","no","yes","1440","4","5_pos4_nosub.png","5_pos4_sub.png","psycho","46","46","C:\Users\plcm\Desktop\2026-EyeTracking\group-eyeconic\OS2\final_recordings_upl\subject-22.csv","psycho","Neonatal Nightingale","4.1.14","paper-plane","acorns","shuttle-cock","ball","0","0","space","space","space","NA","space","NA","NA","space","NA","space","NA","space","NA","space","NA","NA","NA","space","NA","NA","NA","1260.989200000069","6177.907899999933","5249.668700000038","NA","1260.989200000069","NA","NA","5876.2499000000535","NA","4859.716000000044","NA","4492.092999999935","NA","6170.803599999985","NA","NA","NA","11091.779299999995","NA","NA","NA","39329.47189999999","c","47","2","psycho","The boy will bounce the ball","1024","2","24000","-16","experiment","22","even","4","210905.7105","676064.6078999998","673492.6481","254856.98529999997","6179.717699999969","210910.5146","217094.70459999994","NA","669467.6620999998","673492.5312999999","669257.3597999999","NA","210905.79079999993","NA","NA","667995.3215999999","NA","NA","222348.3400999999","NA","228228.75199999992","NA","233092.30550000002","NA","237589.56310000003","NA","NA","NA","243764.5981","NA","NA","NA","676084.5353","NA","45537.626299999996","669451.1895999999","667984.7232999998","667995.0833999999","673511.9321","673468.3697999999","254857.01749999993","669450.6599999999","6206.994399999985","3000","SceneViewing","46","90459.7865999997","46","2560"
"100","100","35_n.wav","1954","1954","#dadada","256","psycho","psycho","psycho","non-restrictive","1","undefined","undefined","1","NA","undefined","NA","undefined","NA","undefined","NA","undefined","NA","NA","undefined","NA","NA","NA","undefined","0","47","47","0","0","0","0","NA","47","47","47","NA","0","NA","NA","47","0","NA","0","NA","0","NA","0","NA","0","NA","NA","NA","0","NA","NA","NA","47","NA","0","47","47","47","47","47","0","47","0","participant_group7.csv","7","NA","NA","NA","Fri Aug  7 17:55:58 2026","NA","The main experiment item","False","VWP_finalSetup_22_7.osexp","C:\Users\plcm\Desktop\2026-EyeTracking\group-eyeconic\OS2\final_recordings_upl","False","mono","False","20","no","#0c0c0c","no","yes","1440","35","36_pos3_nosub.png","36_pos3_sub.png","psycho","47","47","C:\Users\plcm\Desktop\2026-EyeTracking\group-eyeconic\OS2\final_recordings_upl\subject-22.csv","psycho","Neonatal Nightingale","4.1.14","mirror","pot","mascara","brush","0","0","space","space","space","NA","space","NA","NA","space","NA","space","NA","space","NA","space","NA","NA","NA","space","NA","NA","NA","1410.840599999996","6177.907899999933","5249.668700000038","NA","1410.840599999996","NA","NA","5876.2499000000535","NA","4859.716000000044","NA","4492.092999999935","NA","6170.803599999985","NA","NA","NA","11091.779299999995","NA","NA","NA","39329.47189999999","c","48","2","psycho","The girl will squeeze the mascara","1024","2","24000","-16","experiment","22","even","3","210905.7105","684904.6890999998","681753.6444","254856.98529999997","6179.717699999969","210910.5146","217094.70459999994","NA","677729.8257999999","681753.5859","677513.1286999999","NA","210905.79079999993","NA","NA","676101.4329999998","NA","NA","222348.3400999999","NA","228228.75199999992","NA","233092.30550000002","NA","237589.56310000003","NA","NA","NA","243764.5981","NA","NA","NA","684924.1800999999","NA","45537.626299999996","677713.4140999999","676091.8104","676101.3269999998","681772.8910999999","681730.3422999999","254857.01749999993","677712.6959999999","6206.994399999985","3000","SceneViewing","47","91870.6271999997","47","2560"
"100","100","28_r.wav","1960","1960","#dadada","256","psycho","psycho","psycho","restrictive","1","undefined","undefined","1","NA","undefined","NA","undefined","NA","undefined","NA","undefined","NA","NA","undefined","NA","NA","NA","undefined","0","48","48","0","0","0","0","NA","48","48","48","NA","0","NA","NA","48","0","NA","0","NA","0","NA","0","NA","0","NA","NA","NA","0","NA","NA","NA","48","NA","0","48","48","48","48","48","0","48","0","participant_group7.csv","7","NA","NA","NA","Fri Aug  7 17:55:58 2026","NA","The main experiment item","False","VWP_finalSetup_22_7.osexp","C:\Users\plcm\Desktop\2026-EyeTracking\group-eyeconic\OS2\final_recordings_upl","False","mono","False","20","no","#0c0c0c","no","yes","1440","28","29_pos4_nosub.png","29_pos4_sub.png","psycho","48","48","C:\Users\plcm\Desktop\2026-EyeTracking\group-eyeconic\OS2\final_recordings_upl\subject-22.csv","psycho","Neonatal Nightingale","4.1.14","glove","nut","sock","milk","0","0","space","space","space","NA","space","NA","NA","space","NA","space","NA","space","NA","space","NA","NA","NA","space","NA","NA","NA","2246.2044999999925","6177.907899999933","5249.668700000038","NA","2246.2044999999925","NA","NA","5876.2499000000535","NA","4859.716000000044","NA","4492.092999999935","NA","6170.803599999985","NA","NA","NA","11091.779299999995","NA","NA","NA","39329.47189999999","c","49","2","psycho","The cat will drink the milk","1024","2","24000","-16","experiment","22","even","4","210905.7105","693926.1024999998","691443.4249999999","254856.98529999997","6179.717699999969","210910.5146","217094.70459999994","NA","687419.9062","691443.3746999998","687201.1187999999","NA","210905.79079999993","NA","NA","684954.0858999998","NA","NA","222348.3400999999","NA","228228.75199999992","NA","233092.30550000002","NA","237589.56310000003","NA","NA","NA","243764.5981","NA","NA","NA","693945.4392","NA","45537.626299999996","687404.1126","684944.286","684953.9229999998","691462.6040999999","691420.1845","254857.01749999993","687403.6099","6206.994399999985","3000","SceneViewing","48","94116.83169999969","48","2560"
"100","100","32_r.wav","1932","1932","#dadada","256","psycho","psycho","psycho","restrictive","1","undefined","undefined","1","NA","undefined","NA","undefined","NA","undefined","NA","undefined","NA","NA","undefined","NA","NA","NA","undefined","0","49","49","0","0","0","0","NA","49","49","49","NA","0","NA","NA","49","0","NA","0","NA","0","NA","0","NA","0","NA","NA","NA","0","NA","NA","NA","49","NA","0","49","49","49","49","49","0","49","0","participant_group7.csv","7","NA","NA","NA","Fri Aug  7 17:55:58 2026","NA","The main experiment item","False","VWP_finalSetup_22_7.osexp","C:\Users\plcm\Desktop\2026-EyeTracking\group-eyeconic\OS2\final_recordings_upl","False","mono","False","20","no","#0c0c0c","no","yes","1440","32","33_pos4_nosub.png","33_pos4_sub.png","psycho","49","49","C:\Users\plcm\Desktop\2026-EyeTracking\group-eyeconic\OS2\final_recordings_upl\subject-22.csv","psycho","Neonatal Nightingale","4.1.14","mug","biscuit","kettle","beer","0","0","space","space","space","NA","space","NA","NA","space","NA","space","NA","space","NA","space","NA","NA","NA","space","NA","NA","NA","591.797499999986","6177.907899999933","5249.668700000038","NA","591.797499999986","NA","NA","5876.2499000000535","NA","4859.716000000044","NA","4492.092999999935","NA","6170.803599999985","NA","NA","NA","11091.779299999995","NA","NA","NA","39329.47189999999","c","50","2","psycho","The woman will brew the beer","1024","2","24000","-16","experiment","22","even","4","210905.7105","701394.8008999998","698811.4624999998","254856.98529999997","6179.717699999969","210910.5146","217094.70459999994","NA","694788.3822999999","698811.4123999999","694569.123","NA","210905.79079999993","NA","NA","693976.4853","NA","NA","222348.3400999999","NA","228228.75199999992","NA","233092.30550000002","NA","237589.56310000003","NA","NA","NA","243764.5981","NA","NA","NA","701414.1800999999","NA","45537.626299999996","694770.1943","693966.4578","693976.3567","698830.7748","698788.6297999999","254857.01749999993","694769.5018","6206.994399999985","3000","SceneViewing","49","94708.62919999968","49","2560"
