"acc","accuracy","audio_file","average_response_time","avg_rt","background","block_size","canvas_backend","clock_backend","color_backend","condition","correct","correct_experiment_intro","correct_experiment_intro2","correct_new_1_keyboard_response","correct_new_2_keyboard_response","correct_new_2_sketchpad","correct_new_3_keyboard_response","correct_new_3_sketchpad","correct_new_4_keyboard_response","correct_new_4_sketchpad","correct_new_5_keyboard_response","correct_new_5_sketchpad","correct_new_6_keyboard_response","correct_new_7_keyboard_response","correct_new_7_sketchpad","correct_new_8_keyboard_response","correct_new_keyboard_response","correct_new_mouse_response","correct_welcome","count_accuracy_output","count_audio_file_offset","count_audio_file_onset_log","count_definitions","count_experiment","count_experiment_intro","count_experiment_intro2","count_image_delay","count_image_nosub","count_image_sub","count_increment_roundCounter","count_instruction","count_instructions","count_log_instruction","count_new_1_inline_script","count_new_1_keyboard_response","count_new_1_sketchpad","count_new_2_keyboard_response","count_new_2_sketchpad","count_new_3_keyboard_response","count_new_3_sketchpad","count_new_4_keyboard_response","count_new_4_sketchpad","count_new_5_keyboard_response","count_new_5_sketchpad","count_new_6_keyboard_response","count_new_6_sketchpad","count_new_7_keyboard_response","count_new_7_sketchpad","count_new_8_keyboard_response","count_new_inline_script","count_new_keyboard_response","count_new_logger","count_new_mouse_response","count_new_pygaze_init","count_new_pygaze_start_recording","count_new_pygaze_stop_recording","count_new_sketchpad","count_sentence_audio","count_subject_onset_log","count_trial_loop","count_trial_sequence","count_welcome","csv_filepath","csv_id","cursor_roi","cursor_x","cursor_y","datetime","delay_image_delay","description","disable_garbage_collection","experiment_file","experiment_path","font_bold","font_family","font_italic","font_size","font_underline","foreground","form_clicks","fullscreen","height","id","image_nosub","image_sub","keyboard_backend","live_row","live_row_trial_loop","logfile","mouse_backend","opensesame_codename","opensesame_version","position1","position2","position3","position4","psychopy_screen","repeat_cycle","response","response_experiment_intro","response_experiment_intro2","response_instruction","response_new_1_keyboard_response","response_new_1_sketchpad","response_new_2_keyboard_response","response_new_2_sketchpad","response_new_3_keyboard_response","response_new_3_sketchpad","response_new_4_keyboard_response","response_new_4_sketchpad","response_new_5_keyboard_response","response_new_5_sketchpad","response_new_6_keyboard_response","response_new_6_sketchpad","response_new_7_keyboard_response","response_new_7_sketchpad","response_new_8_keyboard_response","response_new_keyboard_response","response_new_mouse_response","response_time","response_time_experiment_intro","response_time_experiment_intro2","response_time_instruction","response_time_new_1_keyboard_response","response_time_new_1_sketchpad","response_time_new_2_keyboard_response","response_time_new_2_sketchpad","response_time_new_3_keyboard_response","response_time_new_3_sketchpad","response_time_new_4_keyboard_response","response_time_new_4_sketchpad","response_time_new_5_keyboard_response","response_time_new_5_sketchpad","response_time_new_6_keyboard_response","response_time_new_6_sketchpad","response_time_new_7_keyboard_response","response_time_new_7_sketchpad","response_time_new_8_keyboard_response","response_time_new_keyboard_response","response_time_new_mouse_response","response_time_welcome","response_welcome","round","round_decimals","sampler_backend","sentence","sound_buf_size","sound_channels","sound_freq","sound_sample_size","start","subject_nr","subject_parity","target_position","time_accuracy_output","time_audio_file_offset","time_audio_file_onset_log","time_definitions","time_experiment","time_experiment_intro","time_experiment_intro2","time_image_delay","time_image_nosub","time_image_sub","time_increment_roundCounter","time_instruction","time_instructions","time_log_instruction","time_new_1_inline_script","time_new_1_keyboard_response","time_new_1_sketchpad","time_new_2_keyboard_response","time_new_2_sketchpad","time_new_3_keyboard_response","time_new_3_sketchpad","time_new_4_keyboard_response","time_new_4_sketchpad","time_new_5_keyboard_response","time_new_5_sketchpad","time_new_6_keyboard_response","time_new_6_sketchpad","time_new_7_keyboard_response","time_new_7_sketchpad","time_new_8_keyboard_response","time_new_inline_script","time_new_keyboard_response","time_new_logger","time_new_mouse_response","time_new_pygaze_init","time_new_pygaze_start_recording","time_new_pygaze_stop_recording","time_new_sketchpad","time_sentence_audio","time_subject_onset_log","time_trial_loop","time_trial_sequence","time_welcome","timeout","title","total_correct","total_response_time","total_responses","width"
"undefined","undefined","3_n.wav","undefined","undefined","#dadada","256","psycho","psycho","psycho","non-restrictive","undefined","undefined","undefined","NA","NA","undefined","NA","undefined","NA","undefined","NA","undefined","NA","NA","undefined","NA","NA","NA","undefined","0","0","0","0","0","0","0","NA","0","0","0","NA","0","NA","NA","0","0","NA","0","NA","0","NA","0","NA","0","NA","NA","NA","0","NA","NA","NA","0","NA","0","0","0","0","0","0","0","0","0","participant_group5.csv","5","NA","NA","NA","Fri Aug  7 13:27:53 2026","NA","The main experiment item","False","VWP_finalSetup_22_7.osexp","C:\Users\plcm\Desktop\2026-EyeTracking\group-eyeconic\OS2\final_recordings_upl","False","mono","False","20","no","#0c0c0c","no","yes","1440","3","4_pos2_nosub.png","4_pos2_sub.png","psycho","0","0","C:/Users/plcm/Desktop/2026-EyeTracking/group-eyeconic/OS2/final_recordings_upl/group 7-12/subject-12.csv","psycho","Neonatal Nightingale","4.1.14","rocking-horse","baby","plant","stool","0","0","space","space","space","NA","NA","NA","NA","space","NA","space","NA","space","NA","space","NA","NA","NA","space","NA","NA","NA","14187.38959998882","1264.7387999895727","3617.9965999908745","NA","NA","NA","NA","3099.0015999996103","NA","2595.590099997935","NA","4172.210699995048","NA","4123.6458999919705","NA","NA","NA","14187.38959998882","NA","NA","NA","13881.057199992938","c","1","2","psycho","The woman will touch the baby","1024","2","24000","-16","experiment","12","even","2","61044.02549999941","101850.35789999529","99111.03319999529","94139.23960000102","4647.842199992738","61049.849200004246","62320.58600000164","NA","95084.29949999845","99110.93229999824","NA","NA","61044.11669999536","NA","NA","NA","NA","NA","65943.63650000014","NA","69047.01389999536","NA","71646.36020000034","NA","75822.96550000319","NA","NA","NA","79951.14580000518","NA","NA","NA","101876.38220000372","NA","18539.79860000254","94371.56220000179","NA","NA","99135.29409999319","99084.5968999929","94139.26890000585","94371.02789999335","4657.593600000837","3000","SceneViewing","0","0","0","2560"
"100","100","31_n.wav","1821","1821","#dadada","256","psycho","psycho","psycho","non-restrictive","1","undefined","undefined","1","NA","undefined","NA","undefined","NA","undefined","NA","undefined","NA","NA","undefined","NA","NA","NA","undefined","0","1","1","0","0","0","0","NA","1","1","1","NA","0","NA","NA","1","0","NA","0","NA","0","NA","0","NA","0","NA","NA","NA","0","NA","NA","NA","1","NA","0","1","1","1","1","1","0","1","0","participant_group5.csv","5","NA","NA","NA","Fri Aug  7 13:27:53 2026","NA","The main experiment item","False","VWP_finalSetup_22_7.osexp","C:\Users\plcm\Desktop\2026-EyeTracking\group-eyeconic\OS2\final_recordings_upl","False","mono","False","20","no","#0c0c0c","no","yes","1440","31","32_pos2_nosub.png","32_pos2_sub.png","psycho","1","1","C:/Users/plcm/Desktop/2026-EyeTracking/group-eyeconic/OS2/final_recordings_upl/group 7-12/subject-12.csv","psycho","Neonatal Nightingale","4.1.14","seed","bottle","lemon","sponge","0","0","space","space","space","NA","space","NA","NA","space","NA","space","NA","space","NA","space","NA","NA","NA","space","NA","NA","NA","1821.0897999961162","1264.7387999895727","3617.9965999908745","NA","1821.0897999961162","NA","NA","3099.0015999996103","NA","2595.590099997935","NA","4172.210699995048","NA","4123.6458999919705","NA","NA","NA","14187.38959998882","NA","NA","NA","13881.057199992938","c","2","2","psycho","The woman will examine the bottle","1024","2","24000","-16","experiment","12","even","2","61044.02549999941","110980.42340000393","107995.51049999718","94139.23960000102","4647.842199992738","61049.849200004246","62320.58600000164","NA","103970.91869999713","107995.4005000036","103755.17380000383","NA","61044.11669999536","NA","NA","101933.5257000057","NA","NA","65943.63650000014","NA","69047.01389999536","NA","71646.36020000034","NA","75822.96550000319","NA","NA","NA","79951.14580000518","NA","NA","NA","110999.99149999348","NA","18539.79860000254","103956.87470000121","101910.83079999953","101933.3842000051","108015.15449999715","107971.0827999952","94139.26890000585","103956.1912999925","4657.593600000837","3000","SceneViewing","1","1821.0897999961162","1","2560"
"100","100","22_r.wav","1463","1463","#dadada","256","psycho","psycho","psycho","restrictive","1","undefined","undefined","1","NA","undefined","NA","undefined","NA","undefined","NA","undefined","NA","NA","undefined","NA","NA","NA","undefined","0","2","2","0","0","0","0","NA","2","2","2","NA","0","NA","NA","2","0","NA","0","NA","0","NA","0","NA","0","NA","NA","NA","0","NA","NA","NA","2","NA","0","2","2","2","2","2","0","2","0","participant_group5.csv","5","NA","NA","NA","Fri Aug  7 13:27:53 2026","NA","The main experiment item","False","VWP_finalSetup_22_7.osexp","C:\Users\plcm\Desktop\2026-EyeTracking\group-eyeconic\OS2\final_recordings_upl","False","mono","False","20","no","#0c0c0c","no","yes","1440","22","23_pos1_nosub.png","23_pos1_sub.png","psycho","2","2","C:/Users/plcm/Desktop/2026-EyeTracking/group-eyeconic/OS2/final_recordings_upl/group 7-12/subject-12.csv","psycho","Neonatal Nightingale","4.1.14","coat","hook","poster","towel","0","0","space","space","space","NA","space","NA","NA","space","NA","space","NA","space","NA","space","NA","NA","NA","space","NA","NA","NA","1105.436900004861","1264.7387999895727","3617.9965999908745","NA","1105.436900004861","NA","NA","3099.0015999996103","NA","2595.590099997935","NA","4172.210699995048","NA","4123.6458999919705","NA","NA","NA","14187.38959998882","NA","NA","NA","13881.057199992938","c","3","2","psycho","The girl will zip the coat","1024","2","24000","-16","experiment","12","even","1","61044.02549999941","118850.50309999497","116358.89289999614","94139.23960000102","4647.842199992738","61049.849200004246","62320.58600000164","NA","112334.96160000504","116358.81730000256","112123.81249999453","NA","61044.11669999536","NA","NA","111017.16269999451","NA","NA","65943.63650000014","NA","69047.01389999536","NA","71646.36020000034","NA","75822.96550000319","NA","NA","NA","79951.14580000518","NA","NA","NA","118869.70060000021","NA","18539.79860000254","112319.17220000469","111007.245899993","111017.02179999847","116378.28229999286","116335.15450000414","94139.26890000585","112318.64070000302","4657.593600000837","3000","SceneViewing","2","2926.526700000977","2","2560"
"100","100","23_n.wav","1556","1556","#dadada","256","psycho","psycho","psycho","non-restrictive","1","undefined","undefined","1","NA","undefined","NA","undefined","NA","undefined","NA","undefined","NA","NA","undefined","NA","NA","NA","undefined","0","3","3","0","0","0","0","NA","3","3","3","NA","0","NA","NA","3","0","NA","0","NA","0","NA","0","NA","0","NA","NA","NA","0","NA","NA","NA","3","NA","0","3","3","3","3","3","0","3","0","participant_group5.csv","5","NA","NA","NA","Fri Aug  7 13:27:53 2026","NA","The main experiment item","False","VWP_finalSetup_22_7.osexp","C:\Users\plcm\Desktop\2026-EyeTracking\group-eyeconic\OS2\final_recordings_upl","False","mono","False","20","no","#0c0c0c","no","yes","1440","23","24_pos2_nosub.png","24_pos2_sub.png","psycho","3","3","C:/Users/plcm/Desktop/2026-EyeTracking/group-eyeconic/OS2/final_recordings_upl/group 7-12/subject-12.csv","psycho","Neonatal Nightingale","4.1.14","card","scarf","pencil","needle","0","0","space","space","space","NA","space","NA","NA","space","NA","space","NA","space","NA","space","NA","NA","NA","space","NA","NA","NA","1742.2480000095675","1264.7387999895727","3617.9965999908745","NA","1742.2480000095675","NA","NA","3099.0015999996103","NA","2595.590099997935","NA","4172.210699995048","NA","4123.6458999919705","NA","NA","NA","14187.38959998882","NA","NA","NA","13881.057199992938","c","4","2","psycho","The girl will hold the scarf","1024","2","24000","-16","experiment","12","even","2","61044.02549999941","127560.8668000059","124877.20410000475","94139.23960000102","4647.842199992738","61049.849200004246","62320.58600000164","NA","120854.11329999624","124877.15050000406","120643.36980000371","NA","61044.11669999536","NA","NA","118900.46649999567","NA","NA","65943.63650000014","NA","69047.01389999536","NA","71646.36020000034","NA","75822.96550000319","NA","NA","NA","79951.14580000518","NA","NA","NA","127580.25270000508","NA","18539.79860000254","120838.92769999511","118889.66659999278","118900.3561999998","124896.23090000532","124854.22029999609","94139.26890000585","120838.38339999784","4657.593600000837","3000","SceneViewing","3","4668.774700010545","3","2560"
"100","100","27_n.wav","1453","1453","#dadada","256","psycho","psycho","psycho","non-restrictive","1","undefined","undefined","1","NA","undefined","NA","undefined","NA","undefined","NA","undefined","NA","NA","undefined","NA","NA","NA","undefined","0","4","4","0","0","0","0","NA","4","4","4","NA","0","NA","NA","4","0","NA","0","NA","0","NA","0","NA","0","NA","NA","NA","0","NA","NA","NA","4","NA","0","4","4","4","4","4","0","4","0","participant_group5.csv","5","NA","NA","NA","Fri Aug  7 13:27:53 2026","NA","The main experiment item","False","VWP_finalSetup_22_7.osexp","C:\Users\plcm\Desktop\2026-EyeTracking\group-eyeconic\OS2\final_recordings_upl","False","mono","False","20","no","#0c0c0c","no","yes","1440","27","28_pos2_nosub.png","28_pos2_sub.png","psycho","4","4","C:/Users/plcm/Desktop/2026-EyeTracking/group-eyeconic/OS2/final_recordings_upl/group 7-12/subject-12.csv","psycho","Neonatal Nightingale","4.1.14","picture","lamp","switch","frame","0","0","space","space","space","NA","space","NA","NA","space","NA","space","NA","space","NA","space","NA","NA","NA","space","NA","NA","NA","1144.9002000008477","1264.7387999895727","3617.9965999908745","NA","1144.9002000008477","NA","NA","3099.0015999996103","NA","2595.590099997935","NA","4172.210699995048","NA","4123.6458999919705","NA","NA","NA","14187.38959998882","NA","NA","NA","13881.057199992938","c","5","2","psycho","The boy will touch the lamp","1024","2","24000","-16","experiment","12","even","2","61044.02549999941","135410.58290000365","133000.32059999648","94139.23960000102","4647.842199992738","61049.849200004246","62320.58600000164","NA","128976.60510000424","133000.23350000265","128755.10779999604","NA","61044.11669999536","NA","NA","127609.69319999276","NA","NA","65943.63650000014","NA","69047.01389999536","NA","71646.36020000034","NA","75822.96550000319","NA","NA","NA","79951.14580000518","NA","NA","NA","135430.61250000028","NA","18539.79860000254","128961.659099994","127599.26289999567","127609.5789999963","133020.14979999512","132977.3087999929","94139.26890000585","128961.0371000017","4657.593600000837","3000","SceneViewing","4","5813.674900011392","4","2560"
"100","100","28_r.wav","1289","1289","#dadada","256","psycho","psycho","psycho","restrictive","1","undefined","undefined","1","NA","undefined","NA","undefined","NA","undefined","NA","undefined","NA","NA","undefined","NA","NA","NA","undefined","0","5","5","0","0","0","0","NA","5","5","5","NA","0","NA","NA","5","0","NA","0","NA","0","NA","0","NA","0","NA","NA","NA","0","NA","NA","NA","5","NA","0","5","5","5","5","5","0","5","0","participant_group5.csv","5","NA","NA","NA","Fri Aug  7 13:27:53 2026","NA","The main experiment item","False","VWP_finalSetup_22_7.osexp","C:\Users\plcm\Desktop\2026-EyeTracking\group-eyeconic\OS2\final_recordings_upl","False","mono","False","20","no","#0c0c0c","no","yes","1440","28","29_pos3_nosub.png","29_pos3_sub.png","psycho","5","5","C:/Users/plcm/Desktop/2026-EyeTracking/group-eyeconic/OS2/final_recordings_upl/group 7-12/subject-12.csv","psycho","Neonatal Nightingale","4.1.14","nut","sock","milk","glove","0","0","space","space","space","NA","space","NA","NA","space","NA","space","NA","space","NA","space","NA","NA","NA","space","NA","NA","NA","635.4251000011573","1264.7387999895727","3617.9965999908745","NA","635.4251000011573","NA","NA","3099.0015999996103","NA","2595.590099997935","NA","4172.210699995048","NA","4123.6458999919705","NA","NA","NA","14187.38959998882","NA","NA","NA","13881.057199992938","c","6","2","psycho","The cat will drink the milk","1024","2","24000","-16","experiment","12","even","3","61044.02549999941","142810.42120000347","140335.40029999858","94139.23960000102","4647.842199992738","61049.849200004246","62320.58600000164","NA","136310.24500000058","140335.34639999561","136099.0940000047","NA","61044.11669999536","NA","NA","135463.12770000077","NA","NA","65943.63650000014","NA","69047.01389999536","NA","71646.36020000034","NA","75822.96550000319","NA","NA","NA","79951.14580000518","NA","NA","NA","142829.40249999228","NA","18539.79860000254","136294.99759999453","135453.3661000023","135463.02110000397","140354.49589999916","140310.95650000498","94139.26890000585","136294.40149999573","4657.593600000837","3000","SceneViewing","5","6449.10000001255","5","2560"
"100","100","46_r.wav","1114","1114","#dadada","256","psycho","psycho","psycho","restrictive","1","undefined","undefined","1","NA","undefined","NA","undefined","NA","undefined","NA","undefined","NA","NA","undefined","NA","NA","NA","undefined","0","6","6","0","0","0","0","NA","6","6","6","NA","0","NA","NA","6","0","NA","0","NA","0","NA","0","NA","0","NA","NA","NA","0","NA","NA","NA","6","NA","0","6","6","6","6","6","0","6","0","participant_group5.csv","5","NA","NA","NA","Fri Aug  7 13:27:53 2026","NA","The main experiment item","False","VWP_finalSetup_22_7.osexp","C:\Users\plcm\Desktop\2026-EyeTracking\group-eyeconic\OS2\final_recordings_upl","False","mono","False","20","no","#0c0c0c","no","yes","1440","46","47_pos1_nosub.png","47_pos1_sub.png","psycho","6","6","C:/Users/plcm/Desktop/2026-EyeTracking/group-eyeconic/OS2/final_recordings_upl/group 7-12/subject-12.csv","psycho","Neonatal Nightingale","4.1.14","violin","bow","gum","stand","0","0","space","space","space","NA","space","NA","NA","space","NA","space","NA","space","NA","space","NA","NA","NA","space","NA","NA","NA","238.69620000186842","1264.7387999895727","3617.9965999908745","NA","238.69620000186842","NA","NA","3099.0015999996103","NA","2595.590099997935","NA","4172.210699995048","NA","4123.6458999919705","NA","NA","NA","14187.38959998882","NA","NA","NA","13881.057199992938","c","7","2","psycho","The musician will tune the violin","1024","2","24000","-16","experiment","12","even","1","61044.02549999941","150510.4222999944","147333.52519999607","94139.23960000102","4647.842199992738","61049.849200004246","62320.58600000164","NA","143309.01660000382","147333.46670000174","143099.2319999932","NA","61044.11669999536","NA","NA","142860.01669999678","NA","NA","65943.63650000014","NA","69047.01389999536","NA","71646.36020000034","NA","75822.96550000319","NA","NA","NA","79951.14580000518","NA","NA","NA","150530.41429999575","NA","18539.79860000254","143294.09650000161","142850.0631999923","142859.91099999228","147352.53119999834","147309.6818000049","94139.26890000585","143293.35199999332","4657.593600000837","3000","SceneViewing","6","6687.796200014418","6","2560"
"100","100","7_n.wav","987","987","#dadada","256","psycho","psycho","psycho","non-restrictive","1","undefined","undefined","1","NA","undefined","NA","undefined","NA","undefined","NA","undefined","NA","NA","undefined","NA","NA","NA","undefined","0","7","7","0","0","0","0","NA","7","7","7","NA","0","NA","NA","7","0","NA","0","NA","0","NA","0","NA","0","NA","NA","NA","0","NA","NA","NA","7","NA","0","7","7","7","7","7","0","7","0","participant_group5.csv","5","NA","NA","NA","Fri Aug  7 13:27:53 2026","NA","The main experiment item","False","VWP_finalSetup_22_7.osexp","C:\Users\plcm\Desktop\2026-EyeTracking\group-eyeconic\OS2\final_recordings_upl","False","mono","False","20","no","#0c0c0c","no","yes","1440","7","8_pos2_nosub.png","8_pos2_sub.png","psycho","7","7","C:/Users/plcm/Desktop/2026-EyeTracking/group-eyeconic/OS2/final_recordings_upl/group 7-12/subject-12.csv","psycho","Neonatal Nightingale","4.1.14","microscope","child","tv-monitor","toy-bear","0","0","space","space","space","NA","space","NA","NA","space","NA","space","NA","space","NA","space","NA","NA","NA","space","NA","NA","NA","226.7037999990862","1264.7387999895727","3617.9965999908745","NA","226.7037999990862","NA","NA","3099.0015999996103","NA","2595.590099997935","NA","4172.210699995048","NA","4123.6458999919705","NA","NA","NA","14187.38959998882","NA","NA","NA","13881.057199992938","c","8","2","psycho","The doctor will check the child","1024","2","24000","-16","experiment","12","even","2","61044.02549999941","157940.37850000313","155026.19869999762","94139.23960000102","4647.842199992738","61049.849200004246","62320.58600000164","NA","151002.20400000399","155026.12070000032","150795.05970000173","NA","61044.11669999536","NA","NA","150567.86450000072","NA","NA","65943.63650000014","NA","69047.01389999536","NA","71646.36020000034","NA","75822.96550000319","NA","NA","NA","79951.14580000518","NA","NA","NA","157959.77210000274","NA","18539.79860000254","150987.78130000574","150554.42859999312","150567.57990000187","155045.9217000025","155002.73469999956","94139.26890000585","150987.31090000365","4657.593600000837","3000","SceneViewing","7","6914.500000013504","7","2560"
"100","100","44_r.wav","901","901","#dadada","256","psycho","psycho","psycho","restrictive","1","undefined","undefined","1","NA","undefined","NA","undefined","NA","undefined","NA","undefined","NA","NA","undefined","NA","NA","NA","undefined","0","8","8","0","0","0","0","NA","8","8","8","NA","0","NA","NA","8","0","NA","0","NA","0","NA","0","NA","0","NA","NA","NA","0","NA","NA","NA","8","NA","0","8","8","8","8","8","0","8","0","participant_group5.csv","5","NA","NA","NA","Fri Aug  7 13:27:53 2026","NA","The main experiment item","False","VWP_finalSetup_22_7.osexp","C:\Users\plcm\Desktop\2026-EyeTracking\group-eyeconic\OS2\final_recordings_upl","False","mono","False","20","no","#0c0c0c","no","yes","1440","44","45_pos3_nosub.png","45_pos3_sub.png","psycho","8","8","C:/Users/plcm/Desktop/2026-EyeTracking/group-eyeconic/OS2/final_recordings_upl/group 7-12/subject-12.csv","psycho","Neonatal Nightingale","4.1.14","ladle","hammer","dough","glass","0","0","space","space","space","NA","space","NA","NA","space","NA","space","NA","space","NA","space","NA","NA","NA","space","NA","NA","NA","296.8906000023708","1264.7387999895727","3617.9965999908745","NA","296.8906000023708","NA","NA","3099.0015999996103","NA","2595.590099997935","NA","4172.210699995048","NA","4123.6458999919705","NA","NA","NA","14187.38959998882","NA","NA","NA","13881.057199992938","c","9","2","psycho","The baker will knead the dough","1024","2","24000","-16","experiment","12","even","3","61044.02549999941","165150.38469999854","162502.49600000097","94139.23960000102","4647.842199992738","61049.849200004246","62320.58600000164","NA","158478.70949999196","162502.41800000367","158275.36739999778","NA","61044.11669999536","NA","NA","157977.7344000031","NA","NA","65943.63650000014","NA","69047.01389999536","NA","71646.36020000034","NA","75822.96550000319","NA","NA","NA","79951.14580000518","NA","NA","NA","165169.35709999234","NA","18539.79860000254","158462.9649999988","157967.83549999236","157977.6172999991","162521.60740000545","162478.95109999808","94139.26890000585","158462.34009999898","4657.593600000837","3000","SceneViewing","8","7211.390600015875","8","2560"
"100","100","18_r.wav","958","958","#dadada","256","psycho","psycho","psycho","restrictive","1","undefined","undefined","1","NA","undefined","NA","undefined","NA","undefined","NA","undefined","NA","NA","undefined","NA","NA","NA","undefined","0","9","9","0","0","0","0","NA","9","9","9","NA","0","NA","NA","9","0","NA","0","NA","0","NA","0","NA","0","NA","NA","NA","0","NA","NA","NA","9","NA","0","9","9","9","9","9","0","9","0","participant_group5.csv","5","NA","NA","NA","Fri Aug  7 13:27:53 2026","NA","The main experiment item","False","VWP_finalSetup_22_7.osexp","C:\Users\plcm\Desktop\2026-EyeTracking\group-eyeconic\OS2\final_recordings_upl","False","mono","False","20","no","#0c0c0c","no","yes","1440","18","19_pos1_nosub.png","19_pos1_sub.png","psycho","9","9","C:/Users/plcm/Desktop/2026-EyeTracking/group-eyeconic/OS2/final_recordings_upl/group 7-12/subject-12.csv","psycho","Neonatal Nightingale","4.1.14","football","stick","feather","leaf","0","0","space","space","space","NA","space","NA","NA","space","NA","space","NA","space","NA","space","NA","NA","NA","space","NA","NA","NA","1410.7209000067087","1264.7387999895727","3617.9965999908745","NA","1410.7209000067087","NA","NA","3099.0015999996103","NA","2595.590099997935","NA","4172.210699995048","NA","4123.6458999919705","NA","NA","NA","14187.38959998882","NA","NA","NA","13881.057199992938","c","10","2","psycho","The boy will kick the football","1024","2","24000","-16","experiment","12","even","1","61044.02549999941","173470.76579999703","170845.7328999939","94139.23960000102","4647.842199992738","61049.849200004246","62320.58600000164","NA","166821.63000000583","170845.66609999456","166611.37810000218","NA","61044.11669999536","NA","NA","165199.85089999682","NA","NA","65943.63650000014","NA","69047.01389999536","NA","71646.36020000034","NA","75822.96550000319","NA","NA","NA","79951.14580000518","NA","NA","NA","173489.9970999977","NA","18539.79860000254","166806.11209999188","165189.65309999476","165199.75509999495","170865.07800000254","170821.91099999181","94139.26890000585","166805.65209999622","4657.593600000837","3000","SceneViewing","9","8622.111500022584","9","2560"
"100","100","24_r.wav","1015","1015","#dadada","256","psycho","psycho","psycho","restrictive","1","undefined","undefined","1","NA","undefined","NA","undefined","NA","undefined","NA","undefined","NA","NA","undefined","NA","NA","NA","undefined","0","10","10","0","0","0","0","NA","10","10","10","NA","0","NA","NA","10","0","NA","0","NA","0","NA","0","NA","0","NA","NA","NA","0","NA","NA","NA","10","NA","0","10","10","10","10","10","0","10","0","participant_group5.csv","5","NA","NA","NA","Fri Aug  7 13:27:53 2026","NA","The main experiment item","False","VWP_finalSetup_22_7.osexp","C:\Users\plcm\Desktop\2026-EyeTracking\group-eyeconic\OS2\final_recordings_upl","False","mono","False","20","no","#0c0c0c","no","yes","1440","24","25_pos3_nosub.png","25_pos3_sub.png","psycho","10","10","C:/Users/plcm/Desktop/2026-EyeTracking/group-eyeconic/OS2/final_recordings_upl/group 7-12/subject-12.csv","psycho","Neonatal Nightingale","4.1.14","potato","glass","rabbit","plate","0","0","space","space","space","NA","space","NA","NA","space","NA","space","NA","space","NA","space","NA","NA","NA","space","NA","NA","NA","1535.3665000002366","1264.7387999895727","3617.9965999908745","NA","1535.3665000002366","NA","NA","3099.0015999996103","NA","2595.590099997935","NA","4172.210699995048","NA","4123.6458999919705","NA","NA","NA","14187.38959998882","NA","NA","NA","13881.057199992938","c","11","2","psycho","The girl will groom the rabbit","1024","2","24000","-16","experiment","12","even","3","61044.02549999941","182000.58930000523","179268.32149999973","94139.23960000102","4647.842199992738","61049.849200004246","62320.58600000164","NA","175244.9220999988","179268.2644000015","175043.4680000035","NA","61044.11669999536","NA","NA","173507.33160000527","NA","NA","65943.63650000014","NA","69047.01389999536","NA","71646.36020000034","NA","75822.96550000319","NA","NA","NA","79951.14580000518","NA","NA","NA","182019.58890000242","NA","18539.79860000254","175229.61619999842","173497.423599998","173507.23519999883","179287.6957999979","179245.05620000127","94139.26890000585","175229.12200000428","4657.593600000837","3000","SceneViewing","10","10157.47800002282","10","2560"
"100","100","36_r.wav","1085","1085","#dadada","256","psycho","psycho","psycho","restrictive","1","undefined","undefined","1","NA","undefined","NA","undefined","NA","undefined","NA","undefined","NA","NA","undefined","NA","NA","NA","undefined","0","11","11","0","0","0","0","NA","11","11","11","NA","0","NA","NA","11","0","NA","0","NA","0","NA","0","NA","0","NA","NA","NA","0","NA","NA","NA","11","NA","0","11","11","11","11","11","0","11","0","participant_group5.csv","5","NA","NA","NA","Fri Aug  7 13:27:53 2026","NA","The main experiment item","False","VWP_finalSetup_22_7.osexp","C:\Users\plcm\Desktop\2026-EyeTracking\group-eyeconic\OS2\final_recordings_upl","False","mono","False","20","no","#0c0c0c","no","yes","1440","36","37_pos3_nosub.png","37_pos3_sub.png","psycho","11","11","C:/Users/plcm/Desktop/2026-EyeTracking/group-eyeconic/OS2/final_recordings_upl/group 7-12/subject-12.csv","psycho","Neonatal Nightingale","4.1.14","boxes","clips","lego","papers","0","0","space","space","space","NA","space","NA","NA","space","NA","space","NA","space","NA","space","NA","NA","NA","space","NA","NA","NA","1778.4306999965338","1264.7387999895727","3617.9965999908745","NA","1778.4306999965338","NA","NA","3099.0015999996103","NA","2595.590099997935","NA","4172.210699995048","NA","4123.6458999919705","NA","NA","NA","14187.38959998882","NA","NA","NA","13881.057199992938","c","12","2","psycho","The kid will build the lego","1024","2","24000","-16","experiment","12","even","3","61044.02549999941","190900.5143999966","188075.0257000036","94139.23960000102","4647.842199992738","61049.849200004246","62320.58600000164","NA","184048.24720000033","188074.9125000002","183835.32299999206","NA","61044.11669999536","NA","NA","182056.19760000263","NA","NA","65943.63650000014","NA","69047.01389999536","NA","71646.36020000034","NA","75822.96550000319","NA","NA","NA","79951.14580000518","NA","NA","NA","190919.871399994","NA","18539.79860000254","184032.6076999918","182044.4981000037","182056.08959999518","188094.43559999636","188048.81160000514","94139.26890000585","184032.24649999174","4657.593600000837","3000","SceneViewing","11","11935.908700019354","11","2560"
"100","100","40_r.wav","1030","1030","#dadada","256","psycho","psycho","psycho","restrictive","1","undefined","undefined","1","NA","undefined","NA","undefined","NA","undefined","NA","undefined","NA","NA","undefined","NA","NA","NA","undefined","0","12","12","0","0","0","0","NA","12","12","12","NA","0","NA","NA","12","0","NA","0","NA","0","NA","0","NA","0","NA","NA","NA","0","NA","NA","NA","12","NA","0","12","12","12","12","12","0","12","0","participant_group5.csv","5","NA","NA","NA","Fri Aug  7 13:27:53 2026","NA","The main experiment item","False","VWP_finalSetup_22_7.osexp","C:\Users\plcm\Desktop\2026-EyeTracking\group-eyeconic\OS2\final_recordings_upl","False","mono","False","20","no","#0c0c0c","no","yes","1440","40","41_pos3_nosub.png","41_pos3_sub.png","psycho","12","12","C:/Users/plcm/Desktop/2026-EyeTracking/group-eyeconic/OS2/final_recordings_upl/group 7-12/subject-12.csv","psycho","Neonatal Nightingale","4.1.14","toothbrish","iron","blouse","pin","0","0","space","space","space","NA","space","NA","NA","space","NA","space","NA","space","NA","space","NA","NA","NA","space","NA","NA","NA","432.5702999922214","1264.7387999895727","3617.9965999908745","NA","432.5702999922214","NA","NA","3099.0015999996103","NA","2595.590099997935","NA","4172.210699995048","NA","4123.6458999919705","NA","NA","NA","14187.38959998882","NA","NA","NA","13881.057199992938","c","13","2","psycho","The girl will button the blouse","1024","2","24000","-16","experiment","12","even","3","61044.02549999941","198320.47469999816","195618.68949999916","94139.23960000102","4647.842199992738","61049.849200004246","62320.58600000164","NA","191593.8870999962","195618.63040000026","191371.1401000037","NA","61044.11669999536","NA","NA","190937.98970000353","NA","NA","65943.63650000014","NA","69047.01389999536","NA","71646.36020000034","NA","75822.96550000319","NA","NA","NA","79951.14580000518","NA","NA","NA","198339.56059999764","NA","18539.79860000254","191576.22289999563","190927.39500000607","190937.87809999776","195637.94990000315","195594.48970000085","94139.26890000585","191575.6762999954","4657.593600000837","3000","SceneViewing","12","12368.479000011575","12","2560"
"100","100","21_n.wav","1004","1004","#dadada","256","psycho","psycho","psycho","non-restrictive","1","undefined","undefined","1","NA","undefined","NA","undefined","NA","undefined","NA","undefined","NA","NA","undefined","NA","NA","NA","undefined","0","13","13","0","0","0","0","NA","13","13","13","NA","0","NA","NA","13","0","NA","0","NA","0","NA","0","NA","0","NA","NA","NA","0","NA","NA","NA","13","NA","0","13","13","13","13","13","0","13","0","participant_group5.csv","5","NA","NA","NA","Fri Aug  7 13:27:53 2026","NA","The main experiment item","False","VWP_finalSetup_22_7.osexp","C:\Users\plcm\Desktop\2026-EyeTracking\group-eyeconic\OS2\final_recordings_upl","False","mono","False","20","no","#0c0c0c","no","yes","1440","21","22_pos4_nosub.png","22_pos4_sub.png","psycho","13","13","C:/Users/plcm/Desktop/2026-EyeTracking/group-eyeconic/OS2/final_recordings_upl/group 7-12/subject-12.csv","psycho","Neonatal Nightingale","4.1.14","magazine","vase","cushion","flower","0","0","space","space","space","NA","space","NA","NA","space","NA","space","NA","space","NA","space","NA","NA","NA","space","NA","NA","NA","696.2204000010388","1264.7387999895727","3617.9965999908745","NA","696.2204000010388","NA","NA","3099.0015999996103","NA","2595.590099997935","NA","4172.210699995048","NA","4123.6458999919705","NA","NA","NA","14187.38959998882","NA","NA","NA","13881.057199992938","c","14","2","psycho","The woman will move the flower","1024","2","24000","-16","experiment","12","even","4","61044.02549999941","206000.47250000353","203298.98910000338","94139.23960000102","4647.842199992738","61049.849200004246","62320.58600000164","NA","199274.88539999467","203298.8994000043","199067.20700000005","NA","61044.11669999536","NA","NA","198370.34799999674","NA","NA","65943.63650000014","NA","69047.01389999536","NA","71646.36020000034","NA","75822.96550000319","NA","NA","NA","79951.14580000518","NA","NA","NA","206019.64689999295","NA","18539.79860000254","199260.48250000167","198360.41670000122","198370.12839999807","203318.03399999626","203275.2846999938","94139.26890000585","199259.71660000505","4657.593600000837","3000","SceneViewing","13","13064.699400012614","13","2560"
"100","100","37_n.wav","951","951","#dadada","256","psycho","psycho","psycho","non-restrictive","1","undefined","undefined","1","NA","undefined","NA","undefined","NA","undefined","NA","undefined","NA","NA","undefined","NA","NA","NA","undefined","0","14","14","0","0","0","0","NA","14","14","14","NA","0","NA","NA","14","0","NA","0","NA","0","NA","0","NA","0","NA","NA","NA","0","NA","NA","NA","14","NA","0","14","14","14","14","14","0","14","0","participant_group5.csv","5","NA","NA","NA","Fri Aug  7 13:27:53 2026","NA","The main experiment item","False","VWP_finalSetup_22_7.osexp","C:\Users\plcm\Desktop\2026-EyeTracking\group-eyeconic\OS2\final_recordings_upl","False","mono","False","20","no","#0c0c0c","no","yes","1440","37","38_pos4_nosub.png","38_pos4_sub.png","psycho","14","14","C:/Users/plcm/Desktop/2026-EyeTracking/group-eyeconic/OS2/final_recordings_upl/group 7-12/subject-12.csv","psycho","Neonatal Nightingale","4.1.14","mitten","marker","key","banana","0","0","space","space","space","NA","space","NA","NA","space","NA","space","NA","space","NA","space","NA","NA","NA","space","NA","NA","NA","261.2089000031119","1264.7387999895727","3617.9965999908745","NA","261.2089000031119","NA","NA","3099.0015999996103","NA","2595.590099997935","NA","4172.210699995048","NA","4123.6458999919705","NA","NA","NA","14187.38959998882","NA","NA","NA","13881.057199992938","c","15","2","psycho","The boy will move the banana","1024","2","24000","-16","experiment","12","even","4","61044.02549999941","213250.40900000022","210534.69299999415","94139.23960000102","4647.842199992738","61049.849200004246","62320.58600000164","NA","206506.74840000283","210534.57380000327","206299.28469999868","NA","61044.11669999536","NA","NA","206037.35430000233","NA","NA","65943.63650000014","NA","69047.01389999536","NA","71646.36020000034","NA","75822.96550000319","NA","NA","NA","79951.14580000518","NA","NA","NA","213269.46609999868","NA","18539.79860000254","206492.53590000444","206027.33369999623","206037.19479999563","210554.08519999764","210507.48060000478","94139.26890000585","206491.93950000335","4657.593600000837","3000","SceneViewing","14","13325.908300015726","14","2560"
"100","100","25_n.wav","900","900","#dadada","256","psycho","psycho","psycho","non-restrictive","1","undefined","undefined","1","NA","undefined","NA","undefined","NA","undefined","NA","undefined","NA","NA","undefined","NA","NA","NA","undefined","0","15","15","0","0","0","0","NA","15","15","15","NA","0","NA","NA","15","0","NA","0","NA","0","NA","0","NA","0","NA","NA","NA","0","NA","NA","NA","15","NA","0","15","15","15","15","15","0","15","0","participant_group5.csv","5","NA","NA","NA","Fri Aug  7 13:27:53 2026","NA","The main experiment item","False","VWP_finalSetup_22_7.osexp","C:\Users\plcm\Desktop\2026-EyeTracking\group-eyeconic\OS2\final_recordings_upl","False","mono","False","20","no","#0c0c0c","no","yes","1440","25","26_pos4_nosub.png","26_pos4_sub.png","psycho","15","15","C:/Users/plcm/Desktop/2026-EyeTracking/group-eyeconic/OS2/final_recordings_upl/group 7-12/subject-12.csv","psycho","Neonatal Nightingale","4.1.14","keyboard","peach","rope","canvas","0","0","space","space","space","NA","space","NA","NA","space","NA","space","NA","space","NA","space","NA","NA","NA","space","NA","NA","NA","174.95749999943655","1264.7387999895727","3617.9965999908745","NA","174.95749999943655","NA","NA","3099.0015999996103","NA","2595.590099997935","NA","4172.210699995048","NA","4123.6458999919705","NA","NA","NA","14187.38959998882","NA","NA","NA","13881.057199992938","c","16","2","psycho","The man will move the canvas","1024","2","24000","-16","experiment","12","even","4","61044.02549999941","220480.70050000388","217723.26869999233","94139.23960000102","4647.842199992738","61049.849200004246","62320.58600000164","NA","213699.5300999988","217723.20229999605","213475.2290000033","NA","61044.11669999536","NA","NA","213299.64329999348","NA","NA","65943.63650000014","NA","69047.01389999536","NA","71646.36020000034","NA","75822.96550000319","NA","NA","NA","79951.14580000518","NA","NA","NA","220499.8717999988","NA","18539.79860000254","213684.3891000026","213289.3236999953","213299.53649999516","217742.40020000434","217700.00369999616","94139.26890000585","213683.8410000055","4657.593600000837","3000","SceneViewing","15","13500.865800015163","15","2560"
"100","100","47_n.wav","906","906","#dadada","256","psycho","psycho","psycho","non-restrictive","1","undefined","undefined","1","NA","undefined","NA","undefined","NA","undefined","NA","undefined","NA","NA","undefined","NA","NA","NA","undefined","0","16","16","0","0","0","0","NA","16","16","16","NA","0","NA","NA","16","0","NA","0","NA","0","NA","0","NA","0","NA","NA","NA","0","NA","NA","NA","16","NA","0","16","16","16","16","16","0","16","0","participant_group5.csv","5","NA","NA","NA","Fri Aug  7 13:27:53 2026","NA","The main experiment item","False","VWP_finalSetup_22_7.osexp","C:\Users\plcm\Desktop\2026-EyeTracking\group-eyeconic\OS2\final_recordings_upl","False","mono","False","20","no","#0c0c0c","no","yes","1440","47","48_pos2_nosub.png","48_pos2_sub.png","psycho","16","16","C:/Users/plcm/Desktop/2026-EyeTracking/group-eyeconic/OS2/final_recordings_upl/group 7-12/subject-12.csv","psycho","Neonatal Nightingale","4.1.14","footstool","carpet","dustpan","roller","0","0","space","space","space","NA","space","NA","NA","space","NA","space","NA","space","NA","space","NA","NA","NA","space","NA","NA","NA","1005.5369000037899","1264.7387999895727","3617.9965999908745","NA","1005.5369000037899","NA","NA","3099.0015999996103","NA","2595.590099997935","NA","4172.210699995048","NA","4123.6458999919705","NA","NA","NA","14187.38959998882","NA","NA","NA","13881.057199992938","c","17","2","psycho","The girl will move the carpet","1024","2","24000","-16","experiment","12","even","2","61044.02549999941","228550.99839999457","225766.432000004","94139.23960000102","4647.842199992738","61049.849200004246","62320.58600000164","NA","221742.9364999989","225766.35219999298","221524.13419999357","NA","61044.11669999536","NA","NA","220517.29809999233","NA","NA","65943.63650000014","NA","69047.01389999536","NA","71646.36020000034","NA","75822.96550000319","NA","NA","NA","79951.14580000518","NA","NA","NA","228570.638899997","NA","18539.79860000254","221728.54630000074","220507.55629999912","220517.19830000366","225786.0168000043","225743.16369999724","94139.26890000585","221728.082799993","4657.593600000837","3000","SceneViewing","16","14506.402700018953","16","2560"
"100","100","39_n.wav","871","871","#dadada","256","psycho","psycho","psycho","non-restrictive","1","undefined","undefined","1","NA","undefined","NA","undefined","NA","undefined","NA","undefined","NA","NA","undefined","NA","NA","NA","undefined","0","17","17","0","0","0","0","NA","17","17","17","NA","0","NA","NA","17","0","NA","0","NA","0","NA","0","NA","0","NA","NA","NA","0","NA","NA","NA","17","NA","0","17","17","17","17","17","0","17","0","participant_group5.csv","5","NA","NA","NA","Fri Aug  7 13:27:53 2026","NA","The main experiment item","False","VWP_finalSetup_22_7.osexp","C:\Users\plcm\Desktop\2026-EyeTracking\group-eyeconic\OS2\final_recordings_upl","False","mono","False","20","no","#0c0c0c","no","yes","1440","39","40_pos2_nosub.png","40_pos2_sub.png","psycho","17","17","C:/Users/plcm/Desktop/2026-EyeTracking/group-eyeconic/OS2/final_recordings_upl/group 7-12/subject-12.csv","psycho","Neonatal Nightingale","4.1.14","buckle","shoelace","shampoo","mat","0","0","space","space","space","NA","space","NA","NA","space","NA","space","NA","space","NA","space","NA","NA","NA","space","NA","NA","NA","315.1758999883896","1264.7387999895727","3617.9965999908745","NA","315.1758999883896","NA","NA","3099.0015999996103","NA","2595.590099997935","NA","4172.210699995048","NA","4123.6458999919705","NA","NA","NA","14187.38959998882","NA","NA","NA","13881.057199992938","c","18","2","psycho","The boy will move the shoelace","1024","2","24000","-16","experiment","12","even","2","61044.02549999941","235760.46970000607","233163.02439999708","94139.23960000102","4647.842199992738","61049.849200004246","62320.58600000164","NA","229138.17479999852","233162.97229999327","228915.50119999738","NA","61044.11669999536","NA","NA","228599.51450000517","NA","NA","65943.63650000014","NA","69047.01389999536","NA","71646.36020000034","NA","75822.96550000319","NA","NA","NA","79951.14580000518","NA","NA","NA","235779.9088000029","NA","18539.79860000254","229122.8509999928","228589.98010000505","228599.37709999213","233182.74419999216","233138.4865","94139.26890000585","229122.2412999923","4657.593600000837","3000","SceneViewing","17","14821.578600007342","17","2560"
"100","100","12_r.wav","838","838","#dadada","256","psycho","psycho","psycho","restrictive","1","undefined","undefined","1","NA","undefined","NA","undefined","NA","undefined","NA","undefined","NA","NA","undefined","NA","NA","NA","undefined","0","18","18","0","0","0","0","NA","18","18","18","NA","0","NA","NA","18","0","NA","0","NA","0","NA","0","NA","0","NA","NA","NA","0","NA","NA","NA","18","NA","0","18","18","18","18","18","0","18","0","participant_group5.csv","5","NA","NA","NA","Fri Aug  7 13:27:53 2026","NA","The main experiment item","False","VWP_finalSetup_22_7.osexp","C:\Users\plcm\Desktop\2026-EyeTracking\group-eyeconic\OS2\final_recordings_upl","False","mono","False","20","no","#0c0c0c","no","yes","1440","12","13_pos3_nosub.png","13_pos3_sub.png","psycho","18","18","C:/Users/plcm/Desktop/2026-EyeTracking/group-eyeconic/OS2/final_recordings_upl/group 7-12/subject-12.csv","psycho","Neonatal Nightingale","4.1.14","sun","car","boat","birds","0","0","space","space","space","NA","space","NA","NA","space","NA","space","NA","space","NA","space","NA","NA","NA","space","NA","NA","NA","264.11640000878833","1264.7387999895727","3617.9965999908745","NA","264.11640000878833","NA","NA","3099.0015999996103","NA","2595.590099997935","NA","4172.210699995048","NA","4123.6458999919705","NA","NA","NA","14187.38959998882","NA","NA","NA","13881.057199992938","c","19","2","psycho","The man will sail the boat","1024","2","24000","-16","experiment","12","even","3","61044.02549999941","242800.5250999995","240308.66080000123","94139.23960000102","4647.842199992738","61049.849200004246","62320.58600000164","NA","236285.47479999543","240308.59859999327","236075.45439999376","NA","61044.11669999536","NA","NA","235810.57119999605","NA","NA","65943.63650000014","NA","69047.01389999536","NA","71646.36020000034","NA","75822.96550000319","NA","NA","NA","79951.14580000518","NA","NA","NA","242820.25150000118","NA","18539.79860000254","236269.65659999405","235800.61489999935","235810.47039999976","240328.1552999979","240285.78249999555","94139.26890000585","236269.14129999932","4657.593600000837","3000","SceneViewing","18","15085.69500001613","18","2560"
"100","100","4_r.wav","818","818","#dadada","256","psycho","psycho","psycho","restrictive","1","undefined","undefined","1","NA","undefined","NA","undefined","NA","undefined","NA","undefined","NA","NA","undefined","NA","NA","NA","undefined","0","19","19","0","0","0","0","NA","19","19","19","NA","0","NA","NA","19","0","NA","0","NA","0","NA","0","NA","0","NA","NA","NA","0","NA","NA","NA","19","NA","0","19","19","19","19","19","0","19","0","participant_group5.csv","5","NA","NA","NA","Fri Aug  7 13:27:53 2026","NA","The main experiment item","False","VWP_finalSetup_22_7.osexp","C:\Users\plcm\Desktop\2026-EyeTracking\group-eyeconic\OS2\final_recordings_upl","False","mono","False","20","no","#0c0c0c","no","yes","1440","4","5_pos3_nosub.png","5_pos3_sub.png","psycho","19","19","C:/Users/plcm/Desktop/2026-EyeTracking/group-eyeconic/OS2/final_recordings_upl/group 7-12/subject-12.csv","psycho","Neonatal Nightingale","4.1.14","acorns","shuttle-cock","ball","paper-plane","0","0","space","space","space","NA","space","NA","NA","space","NA","space","NA","space","NA","space","NA","NA","NA","space","NA","NA","NA","463.2435999956215","1264.7387999895727","3617.9965999908745","NA","463.2435999956215","NA","NA","3099.0015999996103","NA","2595.590099997935","NA","4172.210699995048","NA","4123.6458999919705","NA","NA","NA","14187.38959998882","NA","NA","NA","13881.057199992938","c","20","2","psycho","The boy will bounce the ball","1024","2","24000","-16","experiment","12","even","3","61044.02549999941","250120.60520000523","247544.80909999984","94139.23960000102","4647.842199992738","61049.849200004246","62320.58600000164","NA","243518.12720000453","247544.6893000044","243315.18279999727","NA","61044.11669999536","NA","NA","242851.327700002","NA","NA","65943.63650000014","NA","69047.01389999536","NA","71646.36020000034","NA","75822.96550000319","NA","NA","NA","79951.14580000518","NA","NA","NA","250140.62150000245","NA","18539.79860000254","243502.70219999948","242840.9604000044","242851.13450000063","247564.6829000034","247518.39899999322","94139.26890000585","243502.18110000424","4657.593600000837","3000","SceneViewing","19","15548.938600011752","19","2560"
"100","100","30_r.wav","801","801","#dadada","256","psycho","psycho","psycho","restrictive","1","undefined","undefined","1","NA","undefined","NA","undefined","NA","undefined","NA","undefined","NA","NA","undefined","NA","NA","NA","undefined","0","20","20","0","0","0","0","NA","20","20","20","NA","0","NA","NA","20","0","NA","0","NA","0","NA","0","NA","0","NA","NA","NA","0","NA","NA","NA","20","NA","0","20","20","20","20","20","0","20","0","participant_group5.csv","5","NA","NA","NA","Fri Aug  7 13:27:53 2026","NA","The main experiment item","False","VWP_finalSetup_22_7.osexp","C:\Users\plcm\Desktop\2026-EyeTracking\group-eyeconic\OS2\final_recordings_upl","False","mono","False","20","no","#0c0c0c","no","yes","1440","30","31_pos1_nosub.png","31_pos1_sub.png","psycho","20","20","C:/Users/plcm/Desktop/2026-EyeTracking/group-eyeconic/OS2/final_recordings_upl/group 7-12/subject-12.csv","psycho","Neonatal Nightingale","4.1.14","dice","cap","watch","headphones","0","0","space","space","space","NA","space","NA","NA","space","NA","space","NA","space","NA","space","NA","NA","NA","space","NA","NA","NA","477.037399992696","1264.7387999895727","3617.9965999908745","NA","477.037399992696","NA","NA","3099.0015999996103","NA","2595.590099997935","NA","4172.210699995048","NA","4123.6458999919705","NA","NA","NA","14187.38959998882","NA","NA","NA","13881.057199992938","c","21","2","psycho","The girl will roll the dice","1024","2","24000","-16","experiment","12","even","1","61044.02549999941","257480.69349999423","254870.58839999372","94139.23960000102","4647.842199992738","61049.849200004246","62320.58600000164","NA","250846.30239999387","254870.4990999977","250635.5928999983","NA","61044.11669999536","NA","NA","250157.60370000498","NA","NA","65943.63650000014","NA","69047.01389999536","NA","71646.36020000034","NA","75822.96550000319","NA","NA","NA","79951.14580000518","NA","NA","NA","257499.64579999505","NA","18539.79860000254","250831.04839999578","250148.07860000292","250157.49879999203","254889.76960000582","254846.8664999964","94139.26890000585","250830.31710000068","4657.593600000837","3000","SceneViewing","20","16025.976000004448","20","2560"
"100","100","19_n.wav","791","791","#dadada","256","psycho","psycho","psycho","non-restrictive","1","undefined","undefined","1","NA","undefined","NA","undefined","NA","undefined","NA","undefined","NA","NA","undefined","NA","NA","NA","undefined","0","21","21","0","0","0","0","NA","21","21","21","NA","0","NA","NA","21","0","NA","0","NA","0","NA","0","NA","0","NA","NA","NA","0","NA","NA","NA","21","NA","0","21","21","21","21","21","0","21","0","participant_group5.csv","5","NA","NA","NA","Fri Aug  7 13:27:53 2026","NA","The main experiment item","False","VWP_finalSetup_22_7.osexp","C:\Users\plcm\Desktop\2026-EyeTracking\group-eyeconic\OS2\final_recordings_upl","False","mono","False","20","no","#0c0c0c","no","yes","1440","19","20_pos2_nosub.png","20_pos2_sub.png","psycho","21","21","C:/Users/plcm/Desktop/2026-EyeTracking/group-eyeconic/OS2/final_recordings_upl/group 7-12/subject-12.csv","psycho","Neonatal Nightingale","4.1.14","bowl","bread","spoon","spatula","0","0","space","space","space","NA","space","NA","NA","space","NA","space","NA","space","NA","space","NA","NA","NA","space","NA","NA","NA","604.3609000043944","1264.7387999895727","3617.9965999908745","NA","604.3609000043944","NA","NA","3099.0015999996103","NA","2595.590099997935","NA","4172.210699995048","NA","4123.6458999919705","NA","NA","NA","14187.38959998882","NA","NA","NA","13881.057199992938","c","22","2","psycho","The chef will clean the bread","1024","2","24000","-16","experiment","12","even","2","61044.02549999941","264900.40290000616","262357.0691000059","94139.23960000102","4647.842199992738","61049.849200004246","62320.58600000164","NA","258332.3292999994","262357.01350000454","258123.17380000604","NA","61044.11669999536","NA","NA","257518.22879999236","NA","NA","65943.63650000014","NA","69047.01389999536","NA","71646.36020000034","NA","75822.96550000319","NA","NA","NA","79951.14580000518","NA","NA","NA","264919.3077999953","NA","18539.79860000254","258317.37809999322","257508.25379999878","257518.132600002","262376.3304000022","262332.7747000003","94139.26890000585","258316.85149999976","4657.593600000837","3000","SceneViewing","21","16630.336900008842","21","2560"
"100","100","32_r.wav","792","792","#dadada","256","psycho","psycho","psycho","restrictive","1","undefined","undefined","1","NA","undefined","NA","undefined","NA","undefined","NA","undefined","NA","NA","undefined","NA","NA","NA","undefined","0","22","22","0","0","0","0","NA","22","22","22","NA","0","NA","NA","22","0","NA","0","NA","0","NA","0","NA","0","NA","NA","NA","0","NA","NA","NA","22","NA","0","22","22","22","22","22","0","22","0","participant_group5.csv","5","NA","NA","NA","Fri Aug  7 13:27:53 2026","NA","The main experiment item","False","VWP_finalSetup_22_7.osexp","C:\Users\plcm\Desktop\2026-EyeTracking\group-eyeconic\OS2\final_recordings_upl","False","mono","False","20","no","#0c0c0c","no","yes","1440","32","33_pos3_nosub.png","33_pos3_sub.png","psycho","22","22","C:/Users/plcm/Desktop/2026-EyeTracking/group-eyeconic/OS2/final_recordings_upl/group 7-12/subject-12.csv","psycho","Neonatal Nightingale","4.1.14","biscuit","kettle","beer","mug","0","0","space","space","space","NA","space","NA","NA","space","NA","space","NA","space","NA","space","NA","NA","NA","space","NA","NA","NA","793.8979000027757","1264.7387999895727","3617.9965999908745","NA","793.8979000027757","NA","NA","3099.0015999996103","NA","2595.590099997935","NA","4172.210699995048","NA","4123.6458999919705","NA","NA","NA","14187.38959998882","NA","NA","NA","13881.057199992938","c","23","2","psycho","The woman will brew the beer","1024","2","24000","-16","experiment","12","even","3","61044.02549999941","272561.55240000226","269967.8724999976","94139.23960000102","4647.842199992738","61049.849200004246","62320.58600000164","NA","265944.0900000045","269967.8086000058","265731.35499999626","NA","61044.11669999536","NA","NA","264936.7429999984","NA","NA","65943.63650000014","NA","69047.01389999536","NA","71646.36020000034","NA","75822.96550000319","NA","NA","NA","79951.14580000518","NA","NA","NA","272581.07400000154","NA","18539.79860000254","265929.57520000346","264926.69880000176","264936.6349000047","269987.15410000295","269944.5165999932","94139.26890000585","265928.8324999943","4657.593600000837","3000","SceneViewing","22","17424.234800011618","22","2560"
"100","100","6_r.wav","768","768","#dadada","256","psycho","psycho","psycho","restrictive","1","undefined","undefined","1","NA","undefined","NA","undefined","NA","undefined","NA","undefined","NA","NA","undefined","NA","NA","NA","undefined","0","23","23","0","0","0","0","NA","23","23","23","NA","0","NA","NA","23","0","NA","0","NA","0","NA","0","NA","0","NA","NA","NA","0","NA","NA","NA","23","NA","0","23","23","23","23","23","0","23","0","participant_group5.csv","5","NA","NA","NA","Fri Aug  7 13:27:53 2026","NA","The main experiment item","False","VWP_finalSetup_22_7.osexp","C:\Users\plcm\Desktop\2026-EyeTracking\group-eyeconic\OS2\final_recordings_upl","False","mono","False","20","no","#0c0c0c","no","yes","1440","6","7_pos1_nosub.png","7_pos1_sub.png","psycho","23","23","C:/Users/plcm/Desktop/2026-EyeTracking/group-eyeconic/OS2/final_recordings_upl/group 7-12/subject-12.csv","psycho","Neonatal Nightingale","4.1.14","mushrooms","knife","weighing-scales","jug","0","0","space","space","space","NA","space","NA","NA","space","NA","space","NA","space","NA","space","NA","NA","NA","space","NA","NA","NA","242.4580000079004","1264.7387999895727","3617.9965999908745","NA","242.4580000079004","NA","NA","3099.0015999996103","NA","2595.590099997935","NA","4172.210699995048","NA","4123.6458999919705","NA","NA","NA","14187.38959998882","NA","NA","NA","13881.057199992938","c","24","2","psycho","The housewife will fry the mushrooms","1024","2","24000","-16","experiment","12","even","1","61044.02549999941","280470.60780000174","277091.9092999975","94139.23960000102","4647.842199992738","61049.849200004246","62320.58600000164","NA","273066.9420000049","277091.8468000018","272859.5413000003","NA","61044.11669999536","NA","NA","272616.1262999958","NA","NA","65943.63650000014","NA","69047.01389999536","NA","71646.36020000034","NA","75822.96550000319","NA","NA","NA","79951.14580000518","NA","NA","NA","280490.2662999957","NA","18539.79860000254","273052.47500000405","272606.3460000005","272616.039600005","277111.7774000013","277067.1763999999","94139.26890000585","273051.72439999296","4657.593600000837","3000","SceneViewing","23","17666.69280001952","23","2560"
"100","100","35_n.wav","755","755","#dadada","256","psycho","psycho","psycho","non-restrictive","1","undefined","undefined","1","NA","undefined","NA","undefined","NA","undefined","NA","undefined","NA","NA","undefined","NA","NA","NA","undefined","0","24","24","0","0","0","0","NA","24","24","24","NA","0","NA","NA","24","0","NA","0","NA","0","NA","0","NA","0","NA","NA","NA","0","NA","NA","NA","24","NA","0","24","24","24","24","24","0","24","0","participant_group5.csv","5","NA","NA","NA","Fri Aug  7 13:27:53 2026","NA","The main experiment item","False","VWP_finalSetup_22_7.osexp","C:\Users\plcm\Desktop\2026-EyeTracking\group-eyeconic\OS2\final_recordings_upl","False","mono","False","20","no","#0c0c0c","no","yes","1440","35","36_pos2_nosub.png","36_pos2_sub.png","psycho","24","24","C:/Users/plcm/Desktop/2026-EyeTracking/group-eyeconic/OS2/final_recordings_upl/group 7-12/subject-12.csv","psycho","Neonatal Nightingale","4.1.14","pot","mascara","brush","mirror","0","0","space","space","space","NA","space","NA","NA","space","NA","space","NA","space","NA","space","NA","NA","NA","space","NA","NA","NA","474.1913000034401","1264.7387999895727","3617.9965999908745","NA","474.1913000034401","NA","NA","3099.0015999996103","NA","2595.590099997935","NA","4172.210699995048","NA","4123.6458999919705","NA","NA","NA","14187.38959998882","NA","NA","NA","13881.057199992938","c","25","2","psycho","The girl will squeeze the mascara","1024","2","24000","-16","experiment","12","even","2","61044.02549999941","288370.4091999971","285229.07600000326","94139.23960000102","4647.842199992738","61049.849200004246","62320.58600000164","NA","281204.4489999971","285229.0223000018","280995.2373999986","NA","61044.11669999536","NA","NA","280520.3754999966","NA","NA","65943.63650000014","NA","69047.01389999536","NA","71646.36020000034","NA","75822.96550000319","NA","NA","NA","79951.14580000518","NA","NA","NA","288390.0278999936","NA","18539.79860000254","281188.48060000164","280510.6628999929","280520.22439999564","285248.36899999355","285205.1496000058","94139.26890000585","281188.07980000565","4657.593600000837","3000","SceneViewing","24","18140.88410002296","24","2560"
"100","100","15_n.wav","732","732","#dadada","256","psycho","psycho","psycho","non-restrictive","1","undefined","undefined","1","NA","undefined","NA","undefined","NA","undefined","NA","undefined","NA","NA","undefined","NA","NA","NA","undefined","0","25","25","0","0","0","0","NA","25","25","25","NA","0","NA","NA","25","0","NA","0","NA","0","NA","0","NA","0","NA","NA","NA","0","NA","NA","NA","25","NA","0","25","25","25","25","25","0","25","0","participant_group5.csv","5","NA","NA","NA","Fri Aug  7 13:27:53 2026","NA","The main experiment item","False","VWP_finalSetup_22_7.osexp","C:\Users\plcm\Desktop\2026-EyeTracking\group-eyeconic\OS2\final_recordings_upl","False","mono","False","20","no","#0c0c0c","no","yes","1440","15","16_pos2_nosub.png","16_pos2_sub.png","psycho","25","25","C:/Users/plcm/Desktop/2026-EyeTracking/group-eyeconic/OS2/final_recordings_upl/group 7-12/subject-12.csv","psycho","Neonatal Nightingale","4.1.14","folder","hat","wallet","magnifying-glass","0","0","space","space","space","NA","space","NA","NA","space","NA","space","NA","space","NA","space","NA","NA","NA","space","NA","NA","NA","169.58169999998063","1264.7387999895727","3617.9965999908745","NA","169.58169999998063","NA","NA","3099.0015999996103","NA","2595.590099997935","NA","4172.210699995048","NA","4123.6458999919705","NA","NA","NA","14187.38959998882","NA","NA","NA","13881.057199992938","c","26","2","psycho","The businessman will  forget the hat","1024","2","24000","-16","experiment","12","even","2","61044.02549999941","295940.3842000029","292810.04500000563","94139.23960000102","4647.842199992738","61049.849200004246","62320.58600000164","NA","288786.2565999967","292809.9741000042","288579.39030000125","NA","61044.11669999536","NA","NA","288409.0403000009","NA","NA","65943.63650000014","NA","69047.01389999536","NA","71646.36020000034","NA","75822.96550000319","NA","NA","NA","79951.14580000518","NA","NA","NA","295959.4486999995","NA","18539.79860000254","288770.84129999275","288399.4803999958","288408.93170000345","292829.68779999646","292786.91999999864","94139.26890000585","288770.3313999955","4657.593600000837","3000","SceneViewing","25","18310.46580002294","25","2560"
"100","100","33_n.wav","743","743","#dadada","256","psycho","psycho","psycho","non-restrictive","1","undefined","undefined","1","NA","undefined","NA","undefined","NA","undefined","NA","undefined","NA","NA","undefined","NA","NA","NA","undefined","0","26","26","0","0","0","0","NA","26","26","26","NA","0","NA","NA","26","0","NA","0","NA","0","NA","0","NA","0","NA","NA","NA","0","NA","NA","NA","26","NA","0","26","26","26","26","26","0","26","0","participant_group5.csv","5","NA","NA","NA","Fri Aug  7 13:27:53 2026","NA","The main experiment item","False","VWP_finalSetup_22_7.osexp","C:\Users\plcm\Desktop\2026-EyeTracking\group-eyeconic\OS2\final_recordings_upl","False","mono","False","20","no","#0c0c0c","no","yes","1440","33","34_pos4_nosub.png","34_pos4_sub.png","psycho","26","26","C:/Users/plcm/Desktop/2026-EyeTracking/group-eyeconic/OS2/final_recordings_upl/group 7-12/subject-12.csv","psycho","Neonatal Nightingale","4.1.14","envelope","box","gift","suitcase","0","0","space","space","space","NA","space","NA","NA","space","NA","space","NA","space","NA","space","NA","NA","NA","space","NA","NA","NA","1017.3798000032548","1264.7387999895727","3617.9965999908745","NA","1017.3798000032548","NA","NA","3099.0015999996103","NA","2595.590099997935","NA","4172.210699995048","NA","4123.6458999919705","NA","NA","NA","14187.38959998882","NA","NA","NA","13881.057199992938","c","27","2","psycho","The boy will open the suitcase","1024","2","24000","-16","experiment","12","even","4","61044.02549999941","304150.53539999644","301235.53049999464","94139.23960000102","4647.842199992738","61049.849200004246","62320.58600000164","NA","297212.148000006","301235.45779999404","296995.51160000556","NA","61044.11669999536","NA","NA","295977.24089999974","NA","NA","65943.63650000014","NA","69047.01389999536","NA","71646.36020000034","NA","75822.96550000319","NA","NA","NA","79951.14580000518","NA","NA","NA","304169.6789999987","NA","18539.79860000254","297196.563000005","295967.1188999928","295977.1028999967","301254.9122000055","301212.2756000026","94139.26890000585","297196.00250000076","4657.593600000837","3000","SceneViewing","26","19327.845600026194","26","2560"
"100","100","49_n.wav","726","726","#dadada","256","psycho","psycho","psycho","non-restrictive","1","undefined","undefined","1","NA","undefined","NA","undefined","NA","undefined","NA","undefined","NA","NA","undefined","NA","NA","NA","undefined","0","27","27","0","0","0","0","NA","27","27","27","NA","0","NA","NA","27","0","NA","0","NA","0","NA","0","NA","0","NA","NA","NA","0","NA","NA","NA","27","NA","0","27","27","27","27","27","0","27","0","participant_group5.csv","5","NA","NA","NA","Fri Aug  7 13:27:53 2026","NA","The main experiment item","False","VWP_finalSetup_22_7.osexp","C:\Users\plcm\Desktop\2026-EyeTracking\group-eyeconic\OS2\final_recordings_upl","False","mono","False","20","no","#0c0c0c","no","yes","1440","49","50_pos4_nosub.png","50_pos4_sub.png","psycho","27","27","C:/Users/plcm/Desktop/2026-EyeTracking/group-eyeconic/OS2/final_recordings_upl/group 7-12/subject-12.csv","psycho","Neonatal Nightingale","4.1.14","envelope","rubberband","scissors","stamp","0","0","space","space","space","NA","space","NA","NA","space","NA","space","NA","space","NA","space","NA","NA","NA","space","NA","NA","NA","295.1943000080064","1264.7387999895727","3617.9965999908745","NA","295.1943000080064","NA","NA","3099.0015999996103","NA","2595.590099997935","NA","4172.210699995048","NA","4123.6458999919705","NA","NA","NA","14187.38959998882","NA","NA","NA","13881.057199992938","c","28","2","psycho","The man will pick up the stamp","1024","2","24000","-16","experiment","12","even","4","61044.02549999941","311470.44210000604","308732.0910999988","94139.23960000102","4647.842199992738","61049.849200004246","62320.58600000164","NA","304708.1260999985","308732.0342000021","304483.5260999971","NA","61044.11669999536","NA","NA","304187.37089999195","NA","NA","65943.63650000014","NA","69047.01389999536","NA","71646.36020000034","NA","75822.96550000319","NA","NA","NA","79951.14580000518","NA","NA","NA","311489.76359999506","NA","18539.79860000254","304692.57410000137","304177.59880000085","304187.2468999936","308751.73150000046","308708.3283999964","94139.26890000585","304692.0128000056","4657.593600000837","3000","SceneViewing","27","19623.0399000342","27","2560"
"100","100","11_n.wav","726","726","#dadada","256","psycho","psycho","psycho","non-restrictive","1","undefined","undefined","1","NA","undefined","NA","undefined","NA","undefined","NA","undefined","NA","NA","undefined","NA","NA","NA","undefined","0","28","28","0","0","0","0","NA","28","28","28","NA","0","NA","NA","28","0","NA","0","NA","0","NA","0","NA","0","NA","NA","NA","0","NA","NA","NA","28","NA","0","28","28","28","28","28","0","28","0","participant_group5.csv","5","NA","NA","NA","Fri Aug  7 13:27:53 2026","NA","The main experiment item","False","VWP_finalSetup_22_7.osexp","C:\Users\plcm\Desktop\2026-EyeTracking\group-eyeconic\OS2\final_recordings_upl","False","mono","False","20","no","#0c0c0c","no","yes","1440","11","12_pos2_nosub.png","12_pos2_sub.png","psycho","28","28","C:/Users/plcm/Desktop/2026-EyeTracking/group-eyeconic/OS2/final_recordings_upl/group 7-12/subject-12.csv","psycho","Neonatal Nightingale","4.1.14","bricks","bell","drum","duck","0","0","space","space","space","NA","space","NA","NA","space","NA","space","NA","space","NA","space","NA","NA","NA","space","NA","NA","NA","726.6251999972155","1264.7387999895727","3617.9965999908745","NA","726.6251999972155","NA","NA","3099.0015999996103","NA","2595.590099997935","NA","4172.210699995048","NA","4123.6458999919705","NA","NA","NA","14187.38959998882","NA","NA","NA","13881.057199992938","c","29","2","psycho","The baby will kick the bell","1024","2","24000","-16","experiment","12","even","2","61044.02549999941","318960.579599996","316506.5453999996","94139.23960000102","4647.842199992738","61049.849200004246","62320.58600000164","NA","312482.4976999953","316506.4566999936","312235.3529999964","NA","61044.11669999536","NA","NA","311507.9842999985","NA","NA","65943.63650000014","NA","69047.01389999536","NA","71646.36020000034","NA","75822.96550000319","NA","NA","NA","79951.14580000518","NA","NA","NA","318980.1015999983","NA","18539.79860000254","312465.394999992","311498.06250000256","311507.88360000297","316525.53929999704","316482.969699995","94139.26890000585","312464.84250000503","4657.593600000837","3000","SceneViewing","28","20349.665100031416","28","2560"
"100","100","2_r.wav","727","727","#dadada","256","psycho","psycho","psycho","restrictive","1","undefined","undefined","1","NA","undefined","NA","undefined","NA","undefined","NA","undefined","NA","NA","undefined","NA","NA","NA","undefined","0","29","29","0","0","0","0","NA","29","29","29","NA","0","NA","NA","29","0","NA","0","NA","0","NA","0","NA","0","NA","NA","NA","0","NA","NA","NA","29","NA","0","29","29","29","29","29","0","29","0","participant_group5.csv","5","NA","NA","NA","Fri Aug  7 13:27:53 2026","NA","The main experiment item","False","VWP_finalSetup_22_7.osexp","C:\Users\plcm\Desktop\2026-EyeTracking\group-eyeconic\OS2\final_recordings_upl","False","mono","False","20","no","#0c0c0c","no","yes","1440","2","3_pos1_nosub.png","3_pos1_sub.png","psycho","29","29","C:/Users/plcm/Desktop/2026-EyeTracking/group-eyeconic/OS2/final_recordings_upl/group 7-12/subject-12.csv","psycho","Neonatal Nightingale","4.1.14","man","car","houses","dustbin","0","0","space","space","space","NA","space","NA","NA","space","NA","space","NA","space","NA","space","NA","NA","NA","space","NA","NA","NA","754.0731999906711","1264.7387999895727","3617.9965999908745","NA","754.0731999906711","NA","NA","3099.0015999996103","NA","2595.590099997935","NA","4172.210699995048","NA","4123.6458999919705","NA","NA","NA","14187.38959998882","NA","NA","NA","13881.057199992938","c","30","2","psycho","The policeman will arrest the man","1024","2","24000","-16","experiment","12","even","1","61044.02549999941","327070.5791999935","323986.05189999216","94139.23960000102","4647.842199992738","61049.849200004246","62320.58600000164","NA","319960.73979999346","323985.98719999427","319755.2161000058","NA","61044.11669999536","NA","NA","319000.4840000038","NA","NA","65943.63650000014","NA","69047.01389999536","NA","71646.36020000034","NA","75822.96550000319","NA","NA","NA","79951.14580000518","NA","NA","NA","327090.102999995","NA","18539.79860000254","319944.03119999333","318990.4642000038","319000.3541000042","324005.17439999385","323961.1084999924","94139.26890000585","319943.3390000049","4657.593600000837","3000","SceneViewing","29","21103.738300022087","29","2560"
"100","100","10_r.wav","715","715","#dadada","256","psycho","psycho","psycho","restrictive","1","undefined","undefined","1","NA","undefined","NA","undefined","NA","undefined","NA","undefined","NA","NA","undefined","NA","NA","NA","undefined","0","30","30","0","0","0","0","NA","30","30","30","NA","0","NA","NA","30","0","NA","0","NA","0","NA","0","NA","0","NA","NA","NA","0","NA","NA","NA","30","NA","0","30","30","30","30","30","0","30","0","participant_group5.csv","5","NA","NA","NA","Fri Aug  7 13:27:53 2026","NA","The main experiment item","False","VWP_finalSetup_22_7.osexp","C:\Users\plcm\Desktop\2026-EyeTracking\group-eyeconic\OS2\final_recordings_upl","False","mono","False","20","no","#0c0c0c","no","yes","1440","10","11_pos1_nosub.png","11_pos1_sub.png","psycho","30","30","C:/Users/plcm/Desktop/2026-EyeTracking/group-eyeconic/OS2/final_recordings_upl/group 7-12/subject-12.csv","psycho","Neonatal Nightingale","4.1.14","washing-machine","mirror","dog","wastebin","0","0","space","space","space","NA","space","NA","NA","space","NA","space","NA","space","NA","space","NA","NA","NA","space","NA","NA","NA","372.42639999021776","1264.7387999895727","3617.9965999908745","NA","372.42639999021776","NA","NA","3099.0015999996103","NA","2595.590099997935","NA","4172.210699995048","NA","4123.6458999919705","NA","NA","NA","14187.38959998882","NA","NA","NA","13881.057199992938","c","31","2","psycho","The man will repair the washing machine","1024","2","24000","-16","experiment","12","even","1","61044.02549999941","335240.5945999926","331758.7579999963","94139.23960000102","4647.842199992738","61049.849200004246","62320.58600000164","NA","327735.05699999805","331758.7063999963","327491.5839000023","NA","61044.11669999536","NA","NA","327118.24850000266","NA","NA","65943.63650000014","NA","69047.01389999536","NA","71646.36020000034","NA","75822.96550000319","NA","NA","NA","79951.14580000518","NA","NA","NA","335259.81519999914","NA","18539.79860000254","327718.1794999924","327107.33840000466","327118.13170000096","331778.00160000334","331735.55879999185","94139.26890000585","327717.6158999937","4657.593600000837","3000","SceneViewing","30","21476.164700012305","30","2560"
"100","100","0_r.wav","702","702","#dadada","256","psycho","psycho","psycho","restrictive","1","undefined","undefined","1","NA","undefined","NA","undefined","NA","undefined","NA","undefined","NA","NA","undefined","NA","NA","NA","undefined","0","31","31","0","0","0","0","NA","31","31","31","NA","0","NA","NA","31","0","NA","0","NA","0","NA","0","NA","0","NA","NA","NA","0","NA","NA","NA","31","NA","0","31","31","31","31","31","0","31","0","participant_group5.csv","5","NA","NA","NA","Fri Aug  7 13:27:53 2026","NA","The main experiment item","False","VWP_finalSetup_22_7.osexp","C:\Users\plcm\Desktop\2026-EyeTracking\group-eyeconic\OS2\final_recordings_upl","False","mono","False","20","no","#0c0c0c","no","yes","1440","0","1_pos3_nosub.png","1_pos3_sub.png","psycho","31","31","C:/Users/plcm/Desktop/2026-EyeTracking/group-eyeconic/OS2/final_recordings_upl/group 7-12/subject-12.csv","psycho","Neonatal Nightingale","4.1.14","toy-train","ball","cake","toy-car","0","0","space","space","space","NA","space","NA","NA","space","NA","space","NA","space","NA","space","NA","NA","NA","space","NA","NA","NA","293.0711999943014","1264.7387999895727","3617.9965999908745","NA","293.0711999943014","NA","NA","3099.0015999996103","NA","2595.590099997935","NA","4172.210699995048","NA","4123.6458999919705","NA","NA","NA","14187.38959998882","NA","NA","NA","13881.057199992938","c","32","2","psycho","The boy will eat the cake","1024","2","24000","-16","experiment","12","even","3","61044.02549999941","342150.5498000042","339804.6306000033","94139.23960000102","4647.842199992738","61049.849200004246","62320.58600000164","NA","335780.8110000042","339804.5650999993","335571.4127999963","NA","61044.11669999536","NA","NA","335277.6790000062","NA","NA","65943.63650000014","NA","69047.01389999536","NA","71646.36020000034","NA","75822.96550000319","NA","NA","NA","79951.14580000518","NA","NA","NA","342169.5481999923","NA","18539.79860000254","335766.5558000008","335267.61870000337","335277.56610000506","339824.2518000043","339781.2855999946","94139.26890000585","335765.97429999674","4657.593600000837","3000","SceneViewing","31","21769.235900006606","31","2560"
"100","100","13_n.wav","689","689","#dadada","256","psycho","psycho","psycho","non-restrictive","1","undefined","undefined","1","NA","undefined","NA","undefined","NA","undefined","NA","undefined","NA","NA","undefined","NA","NA","NA","undefined","0","32","32","0","0","0","0","NA","32","32","32","NA","0","NA","NA","32","0","NA","0","NA","0","NA","0","NA","0","NA","NA","NA","0","NA","NA","NA","32","NA","0","32","32","32","32","32","0","32","0","participant_group5.csv","5","NA","NA","NA","Fri Aug  7 13:27:53 2026","NA","The main experiment item","False","VWP_finalSetup_22_7.osexp","C:\Users\plcm\Desktop\2026-EyeTracking\group-eyeconic\OS2\final_recordings_upl","False","mono","False","20","no","#0c0c0c","no","yes","1440","13","14_pos4_nosub.png","14_pos4_sub.png","psycho","32","32","C:/Users/plcm/Desktop/2026-EyeTracking/group-eyeconic/OS2/final_recordings_upl/group 7-12/subject-12.csv","psycho","Neonatal Nightingale","4.1.14","filofax","briefcase","glasses","cigarettes","0","0","space","space","space","NA","space","NA","NA","space","NA","space","NA","space","NA","space","NA","NA","NA","space","NA","NA","NA","295.462399997632","1264.7387999895727","3617.9965999908745","NA","295.462399997632","NA","NA","3099.0015999996103","NA","2595.590099997935","NA","4172.210699995048","NA","4123.6458999919705","NA","NA","NA","14187.38959998882","NA","NA","NA","13881.057199992938","c","33","2","psycho","The man will  collect the cigarettes","1024","2","24000","-16","experiment","12","even","4","61044.02549999941","349760.3628999932","346744.19460000354","94139.23960000102","4647.842199992738","61049.849200004246","62320.58600000164","NA","342718.718899996","346744.1233999998","342483.57949999627","NA","61044.11669999536","NA","NA","342187.1733000007","NA","NA","65943.63650000014","NA","69047.01389999536","NA","71646.36020000034","NA","75822.96550000319","NA","NA","NA","79951.14580000518","NA","NA","NA","349779.7228999989","NA","18539.79860000254","342703.1314000051","342177.4682999967","342187.082599994","346763.5053999984","346719.13009999844","94139.26890000585","342702.6145999989","4657.593600000837","3000","SceneViewing","32","22064.69830000424","32","2560"
"100","100","42_r.wav","675","675","#dadada","256","psycho","psycho","psycho","restrictive","1","undefined","undefined","1","NA","undefined","NA","undefined","NA","undefined","NA","undefined","NA","NA","undefined","NA","NA","NA","undefined","0","33","33","0","0","0","0","NA","33","33","33","NA","0","NA","NA","33","0","NA","0","NA","0","NA","0","NA","0","NA","NA","NA","0","NA","NA","NA","33","NA","0","33","33","33","33","33","0","33","0","participant_group5.csv","5","NA","NA","NA","Fri Aug  7 13:27:53 2026","NA","The main experiment item","False","VWP_finalSetup_22_7.osexp","C:\Users\plcm\Desktop\2026-EyeTracking\group-eyeconic\OS2\final_recordings_upl","False","mono","False","20","no","#0c0c0c","no","yes","1440","42","43_pos1_nosub.png","43_pos1_sub.png","psycho","33","33","C:/Users/plcm/Desktop/2026-EyeTracking/group-eyeconic/OS2/final_recordings_upl/group 7-12/subject-12.csv","psycho","Neonatal Nightingale","4.1.14","shirt","apple","chalk","ruler","0","0","space","space","space","NA","space","NA","NA","space","NA","space","NA","space","NA","space","NA","NA","NA","space","NA","NA","NA","229.58379999909084","1264.7387999895727","3617.9965999908745","NA","229.58379999909084","NA","NA","3099.0015999996103","NA","2595.590099997935","NA","4172.210699995048","NA","4123.6458999919705","NA","NA","NA","14187.38959998882","NA","NA","NA","13881.057199992938","c","34","2","psycho","The woman will sew the shirt","1024","2","24000","-16","experiment","12","even","1","61044.02549999941","356780.4097000044","354257.66220000514","94139.23960000102","4647.842199992738","61049.849200004246","62320.58600000164","NA","350233.4356999927","354257.61539999803","350027.31190000486","NA","61044.11669999536","NA","NA","349797.104199999","NA","NA","65943.63650000014","NA","69047.01389999536","NA","71646.36020000034","NA","75822.96550000319","NA","NA","NA","79951.14580000518","NA","NA","NA","356799.866500005","NA","18539.79860000254","350218.5645999998","349787.2081999958","349796.9885000057","354277.34610000334","354233.55340000126","94139.26890000585","350218.11909999815","4657.593600000837","3000","SceneViewing","33","22294.28210000333","33","2560"
"100","100","26_r.wav","674","674","#dadada","256","psycho","psycho","psycho","restrictive","1","undefined","undefined","1","NA","undefined","NA","undefined","NA","undefined","NA","undefined","NA","NA","undefined","NA","NA","NA","undefined","0","34","34","0","0","0","0","NA","34","34","34","NA","0","NA","NA","34","0","NA","0","NA","0","NA","0","NA","0","NA","NA","NA","0","NA","NA","NA","34","NA","0","34","34","34","34","34","0","34","0","participant_group5.csv","5","NA","NA","NA","Fri Aug  7 13:27:53 2026","NA","The main experiment item","False","VWP_finalSetup_22_7.osexp","C:\Users\plcm\Desktop\2026-EyeTracking\group-eyeconic\OS2\final_recordings_upl","False","mono","False","20","no","#0c0c0c","no","yes","1440","26","27_pos1_nosub.png","27_pos1_sub.png","psycho","34","34","C:/Users/plcm/Desktop/2026-EyeTracking/group-eyeconic/OS2/final_recordings_upl/group 7-12/subject-12.csv","psycho","Neonatal Nightingale","4.1.14","candle","package","coin","coaster","0","0","space","space","space","NA","space","NA","NA","space","NA","space","NA","space","NA","space","NA","NA","NA","space","NA","NA","NA","633.5194999992382","1264.7387999895727","3617.9965999908745","NA","633.5194999992382","NA","NA","3099.0015999996103","NA","2595.590099997935","NA","4172.210699995048","NA","4123.6458999919705","NA","NA","NA","14187.38959998882","NA","NA","NA","13881.057199992938","c","35","2","psycho","The woman will blow out the candle","1024","2","24000","-16","experiment","12","even","1","61044.02549999941","364700.44410000264","361690.6114000012","94139.23960000102","4647.842199992738","61049.849200004246","62320.58600000164","NA","357666.9503000012","361690.56020000426","357451.26770000206","NA","61044.11669999536","NA","NA","356817.10210000165","NA","NA","65943.63650000014","NA","69047.01389999536","NA","71646.36020000034","NA","75822.96550000319","NA","NA","NA","79951.14580000518","NA","NA","NA","364719.909499996","NA","18539.79860000254","357652.1953000047","356807.5821999955","356817.00149999233","361709.83259999775","361667.1694999968","94139.26890000585","357651.66150000005","4657.593600000837","3000","SceneViewing","34","22927.801600002567","34","2560"
"100","100","14_r.wav","673","673","#dadada","256","psycho","psycho","psycho","restrictive","1","undefined","undefined","1","NA","undefined","NA","undefined","NA","undefined","NA","undefined","NA","NA","undefined","NA","NA","NA","undefined","0","35","35","0","0","0","0","NA","35","35","35","NA","0","NA","NA","35","0","NA","0","NA","0","NA","0","NA","0","NA","NA","NA","0","NA","NA","NA","35","NA","0","35","35","35","35","35","0","35","0","participant_group5.csv","5","NA","NA","NA","Fri Aug  7 13:27:53 2026","NA","The main experiment item","False","VWP_finalSetup_22_7.osexp","C:\Users\plcm\Desktop\2026-EyeTracking\group-eyeconic\OS2\final_recordings_upl","False","mono","False","20","no","#0c0c0c","no","yes","1440","14","15_pos1_nosub.png","15_pos1_sub.png","psycho","35","35","C:/Users/plcm/Desktop/2026-EyeTracking/group-eyeconic/OS2/final_recordings_upl/group 7-12/subject-12.csv","psycho","Neonatal Nightingale","4.1.14","dog","bird","ball","hen","0","0","space","space","space","NA","space","NA","NA","space","NA","space","NA","space","NA","space","NA","NA","NA","space","NA","NA","NA","652.8302999940934","1264.7387999895727","3617.9965999908745","NA","652.8302999940934","NA","NA","3099.0015999996103","NA","2595.590099997935","NA","4172.210699995048","NA","4123.6458999919705","NA","NA","NA","14187.38959998882","NA","NA","NA","13881.057199992938","c","36","2","psycho","The boy will walk the dog","1024","2","24000","-16","experiment","12","even","1","61044.02549999941","372270.60089999577","369656.17580000253","94139.23960000102","4647.842199992738","61049.849200004246","62320.58600000164","NA","365631.1311000027","369656.1103999993","365395.41110000573","NA","61044.11669999536","NA","NA","364741.895500003","NA","NA","65943.63650000014","NA","69047.01389999536","NA","71646.36020000034","NA","75822.96550000319","NA","NA","NA","79951.14580000518","NA","NA","NA","372290.35949999525","NA","18539.79860000254","365616.75309999555","364731.91390000284","364741.78339999344","369675.7654999965","369631.60049999715","94139.26890000585","365616.0416000057","4657.593600000837","3000","SceneViewing","35","23580.63189999666","35","2560"
"100","100","1_n.wav","662","662","#dadada","256","psycho","psycho","psycho","non-restrictive","1","undefined","undefined","1","NA","undefined","NA","undefined","NA","undefined","NA","undefined","NA","NA","undefined","NA","NA","NA","undefined","0","36","36","0","0","0","0","NA","36","36","36","NA","0","NA","NA","36","0","NA","0","NA","0","NA","0","NA","0","NA","NA","NA","0","NA","NA","NA","36","NA","0","36","36","36","36","36","0","36","0","participant_group5.csv","5","NA","NA","NA","Fri Aug  7 13:27:53 2026","NA","The main experiment item","False","VWP_finalSetup_22_7.osexp","C:\Users\plcm\Desktop\2026-EyeTracking\group-eyeconic\OS2\final_recordings_upl","False","mono","False","20","no","#0c0c0c","no","yes","1440","1","2_pos4_nosub.png","2_pos4_sub.png","psycho","36","36","C:/Users/plcm/Desktop/2026-EyeTracking/group-eyeconic/OS2/final_recordings_upl/group 7-12/subject-12.csv","psycho","Neonatal Nightingale","4.1.14","cheese","chair","lipstick","wine","0","0","space","space","space","NA","space","NA","NA","space","NA","space","NA","space","NA","space","NA","NA","NA","space","NA","NA","NA","281.28309999010526","1264.7387999895727","3617.9965999908745","NA","281.28309999010526","NA","NA","3099.0015999996103","NA","2595.590099997935","NA","4172.210699995048","NA","4123.6458999919705","NA","NA","NA","14187.38959998882","NA","NA","NA","13881.057199992938","c","37","2","psycho","The woman will try the wine","1024","2","24000","-16","experiment","12","even","4","61044.02549999941","379440.3406999918","376828.89770000475","94139.23960000102","4647.842199992738","61049.849200004246","62320.58600000164","NA","372805.32640000456","376828.8468999963","372603.67090000364","NA","61044.11669999536","NA","NA","372321.3967000047","NA","NA","65943.63650000014","NA","69047.01389999536","NA","71646.36020000034","NA","75822.96550000319","NA","NA","NA","79951.14580000518","NA","NA","NA","379459.3903999921","NA","18539.79860000254","372790.97550000006","372310.63369999174","372321.2757000001","376848.305099993","376805.5367000052","94139.26890000585","372790.3888000001","4657.593600000837","3000","SceneViewing","36","23861.914999986766","36","2560"
"100","100","48_r.wav","664","664","#dadada","256","psycho","psycho","psycho","restrictive","1","undefined","undefined","1","NA","undefined","NA","undefined","NA","undefined","NA","undefined","NA","NA","undefined","NA","NA","NA","undefined","0","37","37","0","0","0","0","NA","37","37","37","NA","0","NA","NA","37","0","NA","0","NA","0","NA","0","NA","0","NA","NA","NA","0","NA","NA","NA","37","NA","0","37","37","37","37","37","0","37","0","participant_group5.csv","5","NA","NA","NA","Fri Aug  7 13:27:53 2026","NA","The main experiment item","False","VWP_finalSetup_22_7.osexp","C:\Users\plcm\Desktop\2026-EyeTracking\group-eyeconic\OS2\final_recordings_upl","False","mono","False","20","no","#0c0c0c","no","yes","1440","48","49_pos3_nosub.png","49_pos3_sub.png","psycho","37","37","C:/Users/plcm/Desktop/2026-EyeTracking/group-eyeconic/OS2/final_recordings_upl/group 7-12/subject-12.csv","psycho","Neonatal Nightingale","4.1.14","flag","pouch","balloon","pump","0","0","space","space","space","NA","space","NA","NA","space","NA","space","NA","space","NA","space","NA","NA","NA","space","NA","NA","NA","713.5057000123197","1264.7387999895727","3617.9965999908745","NA","713.5057000123197","NA","NA","3099.0015999996103","NA","2595.590099997935","NA","4172.210699995048","NA","4123.6458999919705","NA","NA","NA","14187.38959998882","NA","NA","NA","13881.057199992938","c","38","2","psycho","The child will inflate the balloon","1024","2","24000","-16","experiment","12","even","3","61044.02549999941","387500.9426000033","384425.6427999935","94139.23960000102","4647.842199992738","61049.849200004246","62320.58600000164","NA","380401.91400000185","384425.59260000417","380203.5346000048","NA","61044.11669999536","NA","NA","379489.09449999337","NA","NA","65943.63650000014","NA","69047.01389999536","NA","71646.36020000034","NA","75822.96550000319","NA","NA","NA","79951.14580000518","NA","NA","NA","387520.5997000012","NA","18539.79860000254","380386.1878000025","379479.46570000204","379488.9508000051","384444.8549999943","384402.1638999984","94139.26890000585","380385.63109999814","4657.593600000837","3000","SceneViewing","37","24575.420699999086","37","2560"
"100","100","29_n.wav","657","657","#dadada","256","psycho","psycho","psycho","non-restrictive","1","undefined","undefined","1","NA","undefined","NA","undefined","NA","undefined","NA","undefined","NA","NA","undefined","NA","NA","NA","undefined","0","38","38","0","0","0","0","NA","38","38","38","NA","0","NA","NA","38","0","NA","0","NA","0","NA","0","NA","0","NA","NA","NA","0","NA","NA","NA","38","NA","0","38","38","38","38","38","0","38","0","participant_group5.csv","5","NA","NA","NA","Fri Aug  7 13:27:53 2026","NA","The main experiment item","False","VWP_finalSetup_22_7.osexp","C:\Users\plcm\Desktop\2026-EyeTracking\group-eyeconic\OS2\final_recordings_upl","False","mono","False","20","no","#0c0c0c","no","yes","1440","29","30_pos4_nosub.png","30_pos4_sub.png","psycho","38","38","C:/Users/plcm/Desktop/2026-EyeTracking/group-eyeconic/OS2/final_recordings_upl/group 7-12/subject-12.csv","psycho","Neonatal Nightingale","4.1.14","comb","eraser","tissue","newspaper","0","0","space","space","space","NA","space","NA","NA","space","NA","space","NA","space","NA","space","NA","NA","NA","space","NA","NA","NA","390.7426000077976","1264.7387999895727","3617.9965999908745","NA","390.7426000077976","NA","NA","3099.0015999996103","NA","2595.590099997935","NA","4172.210699995048","NA","4123.6458999919705","NA","NA","NA","14187.38959998882","NA","NA","NA","13881.057199992938","c","39","2","psycho","The grandmother will eadturn the newspaper","1024","2","24000","-16","experiment","12","even","4","61044.02549999941","394930.529499994","392184.60989999585","94139.23960000102","4647.842199992738","61049.849200004246","62320.58600000164","NA","388159.83039999264","392184.5472999994","387947.6791000052","NA","61044.11669999536","NA","NA","387555.9215999965","NA","NA","65943.63650000014","NA","69047.01389999536","NA","71646.36020000034","NA","75822.96550000319","NA","NA","NA","79951.14580000518","NA","NA","NA","394949.4038999983","NA","18539.79860000254","388143.9612999966","387544.2122999957","387555.74100000376","392203.5481999919","392160.2817999956","94139.26890000585","388143.4525999939","4657.593600000837","3000","SceneViewing","38","24966.163300006883","38","2560"
"100","100","9_n.wav","662","662","#dadada","256","psycho","psycho","psycho","non-restrictive","1","undefined","undefined","1","NA","undefined","NA","undefined","NA","undefined","NA","undefined","NA","NA","undefined","NA","NA","NA","undefined","0","39","39","0","0","0","0","NA","39","39","39","NA","0","NA","NA","39","0","NA","0","NA","0","NA","0","NA","0","NA","NA","NA","0","NA","NA","NA","39","NA","0","39","39","39","39","39","0","39","0","participant_group5.csv","5","NA","NA","NA","Fri Aug  7 13:27:53 2026","NA","The main experiment item","False","VWP_finalSetup_22_7.osexp","C:\Users\plcm\Desktop\2026-EyeTracking\group-eyeconic\OS2\final_recordings_upl","False","mono","False","20","no","#0c0c0c","no","yes","1440","9","10_pos4_nosub.png","10_pos4_sub.png","psycho","39","39","C:/Users/plcm/Desktop/2026-EyeTracking/group-eyeconic/OS2/final_recordings_upl/group 7-12/subject-12.csv","psycho","Neonatal Nightingale","4.1.14","door","cup","bag","book","0","0","space","space","space","NA","space","NA","NA","space","NA","space","NA","space","NA","space","NA","NA","NA","space","NA","NA","NA","859.2167000024347","1264.7387999895727","3617.9965999908745","NA","859.2167000024347","NA","NA","3099.0015999996103","NA","2595.590099997935","NA","4172.210699995048","NA","4123.6458999919705","NA","NA","NA","14187.38959998882","NA","NA","NA","13881.057199992938","c","40","2","psycho","The woman will open the book","1024","2","24000","-16","experiment","12","even","4","61044.02549999941","401880.41800000065","400051.04399999254","94139.23960000102","4647.842199992738","61049.849200004246","62320.58600000164","NA","396026.66239999235","400050.98319999524","395827.4259000027","NA","61044.11669999536","NA","NA","394967.43360000255","NA","NA","65943.63650000014","NA","69047.01389999536","NA","71646.36020000034","NA","75822.96550000319","NA","NA","NA","79951.14580000518","NA","NA","NA","401899.4306999957","NA","18539.79860000254","396009.84840000456","394956.9549000007","394967.29879999475","400069.9534000014","400027.1810999984","94139.26890000585","396009.3136999931","4657.593600000837","3000","SceneViewing","39","25825.380000009318","39","2560"
"100","100","45_n.wav","706","706","#dadada","256","psycho","psycho","psycho","non-restrictive","1","undefined","undefined","1","NA","undefined","NA","undefined","NA","undefined","NA","undefined","NA","NA","undefined","NA","NA","NA","undefined","0","40","40","0","0","0","0","NA","40","40","40","NA","0","NA","NA","40","0","NA","0","NA","0","NA","0","NA","0","NA","NA","NA","0","NA","NA","NA","40","NA","0","40","40","40","40","40","0","40","0","participant_group5.csv","5","NA","NA","NA","Fri Aug  7 13:27:53 2026","NA","The main experiment item","False","VWP_finalSetup_22_7.osexp","C:\Users\plcm\Desktop\2026-EyeTracking\group-eyeconic\OS2\final_recordings_upl","False","mono","False","20","no","#0c0c0c","no","yes","1440","45","46_pos4_nosub.png","46_pos4_sub.png","psycho","40","40","C:/Users/plcm/Desktop/2026-EyeTracking/group-eyeconic/OS2/final_recordings_upl/group 7-12/subject-12.csv","psycho","Neonatal Nightingale","4.1.14","laddle","peeler","pot","carrot","0","0","space","space","space","NA","space","NA","NA","space","NA","space","NA","space","NA","space","NA","NA","NA","space","NA","NA","NA","2454.2550000041956","1264.7387999895727","3617.9965999908745","NA","2454.2550000041956","NA","NA","3099.0015999996103","NA","2595.590099997935","NA","4172.210699995048","NA","4123.6458999919705","NA","NA","NA","14187.38959998882","NA","NA","NA","13881.057199992938","c","41","2","psycho","The chef will carry the carrot","1024","2","24000","-16","experiment","12","even","4","61044.02549999941","411250.3791000054","408622.0975000033","94139.23960000102","4647.842199992738","61049.849200004246","62320.58600000164","NA","404598.37429999607","408622.0219999959","404371.76359999285","NA","61044.11669999536","NA","NA","401916.40929999994","NA","NA","65943.63650000014","NA","69047.01389999536","NA","71646.36020000034","NA","75822.96550000319","NA","NA","NA","79951.14580000518","NA","NA","NA","411269.86580000084","NA","18539.79860000254","404582.75370000047","401907.20699999656","401916.29629999807","408641.30869999644","408598.6322999961","94139.26890000585","404582.18840000336","4657.593600000837","3000","SceneViewing","40","28279.635000013513","40","2560"
"100","100","17_n.wav","725","725","#dadada","256","psycho","psycho","psycho","non-restrictive","1","undefined","undefined","1","NA","undefined","NA","undefined","NA","undefined","NA","undefined","NA","NA","undefined","NA","NA","NA","undefined","0","41","41","0","0","0","0","NA","41","41","41","NA","0","NA","NA","41","0","NA","0","NA","0","NA","0","NA","0","NA","NA","NA","0","NA","NA","NA","41","NA","0","41","41","41","41","41","0","41","0","participant_group5.csv","5","NA","NA","NA","Fri Aug  7 13:27:53 2026","NA","The main experiment item","False","VWP_finalSetup_22_7.osexp","C:\Users\plcm\Desktop\2026-EyeTracking\group-eyeconic\OS2\final_recordings_upl","False","mono","False","20","no","#0c0c0c","no","yes","1440","17","18_pos4_nosub.png","18_pos4_sub.png","psycho","41","41","C:/Users/plcm/Desktop/2026-EyeTracking/group-eyeconic/OS2/final_recordings_upl/group 7-12/subject-12.csv","psycho","Neonatal Nightingale","4.1.14","bucket","stone","rope","wood","0","0","space","space","space","NA","space","NA","NA","space","NA","space","NA","space","NA","space","NA","NA","NA","space","NA","NA","NA","1473.1790000078036","1264.7387999895727","3617.9965999908745","NA","1473.1790000078036","NA","NA","3099.0015999996103","NA","2595.590099997935","NA","4172.210699995048","NA","4123.6458999919705","NA","NA","NA","14187.38959998882","NA","NA","NA","13881.057199992938","c","42","2","psycho","The man will  move the wood","1024","2","24000","-16","experiment","12","even","4","61044.02549999941","419440.3766000032","416994.5771999919","94139.23960000102","4647.842199992738","61049.849200004246","62320.58600000164","NA","412969.21559999464","416994.5146999962","412763.3685000037","NA","61044.11669999536","NA","NA","411289.40399999556","NA","NA","65943.63650000014","NA","69047.01389999536","NA","71646.36020000034","NA","75822.96550000319","NA","NA","NA","79951.14580000518","NA","NA","NA","419460.19149999483","NA","18539.79860000254","412955.0372999947","411280.11920000426","411289.25889999664","417013.7429000024","416969.71720000147","94139.26890000585","412954.19380000385","4657.593600000837","3000","SceneViewing","41","29752.814000021317","41","2560"
"100","100","34_r.wav","732","732","#dadada","256","psycho","psycho","psycho","restrictive","1","undefined","undefined","1","NA","undefined","NA","undefined","NA","undefined","NA","undefined","NA","NA","undefined","NA","NA","NA","undefined","0","42","42","0","0","0","0","NA","42","42","42","NA","0","NA","NA","42","0","NA","0","NA","0","NA","0","NA","0","NA","NA","NA","0","NA","NA","NA","42","NA","0","42","42","42","42","42","0","42","0","participant_group5.csv","5","NA","NA","NA","Fri Aug  7 13:27:53 2026","NA","The main experiment item","False","VWP_finalSetup_22_7.osexp","C:\Users\plcm\Desktop\2026-EyeTracking\group-eyeconic\OS2\final_recordings_upl","False","mono","False","20","no","#0c0c0c","no","yes","1440","34","35_pos1_nosub.png","35_pos1_sub.png","psycho","42","42","C:/Users/plcm/Desktop/2026-EyeTracking/group-eyeconic/OS2/final_recordings_upl/group 7-12/subject-12.csv","psycho","Neonatal Nightingale","4.1.14","radio","puzzle","notebook","pillow","0","0","space","space","space","NA","space","NA","NA","space","NA","space","NA","space","NA","space","NA","NA","NA","space","NA","NA","NA","996.8891000025906","1264.7387999895727","3617.9965999908745","NA","996.8891000025906","NA","NA","3099.0015999996103","NA","2595.590099997935","NA","4172.210699995048","NA","4123.6458999919705","NA","NA","NA","14187.38959998882","NA","NA","NA","13881.057199992938","c","43","2","psycho","The boy will switch on the radio","1024","2","24000","-16","experiment","12","even","1","61044.02549999941","427800.44170000474","424743.9341999998","94139.23960000102","4647.842199992738","61049.849200004246","62320.58600000164","NA","420719.53129999747","424743.8511999935","420491.64569999266","NA","61044.11669999536","NA","NA","419493.69649999426","NA","NA","65943.63650000014","NA","69047.01389999536","NA","71646.36020000034","NA","75822.96550000319","NA","NA","NA","79951.14580000518","NA","NA","NA","427819.76589999977","NA","18539.79860000254","420704.8497999931","419482.4981999991","419493.5322999954","424763.37760000024","424719.76160000486","94139.26890000585","420704.36459999473","4657.593600000837","3000","SceneViewing","42","30749.703100023908","42","2560"
"100","100","38_r.wav","720","720","#dadada","256","psycho","psycho","psycho","restrictive","1","undefined","undefined","1","NA","undefined","NA","undefined","NA","undefined","NA","undefined","NA","NA","undefined","NA","NA","NA","undefined","0","43","43","0","0","0","0","NA","43","43","43","NA","0","NA","NA","43","0","NA","0","NA","0","NA","0","NA","0","NA","NA","NA","0","NA","NA","NA","43","NA","0","43","43","43","43","43","0","43","0","participant_group5.csv","5","NA","NA","NA","Fri Aug  7 13:27:53 2026","NA","The main experiment item","False","VWP_finalSetup_22_7.osexp","C:\Users\plcm\Desktop\2026-EyeTracking\group-eyeconic\OS2\final_recordings_upl","False","mono","False","20","no","#0c0c0c","no","yes","1440","38","39_pos1_nosub.png","39_pos1_sub.png","psycho","43","43","C:/Users/plcm/Desktop/2026-EyeTracking/group-eyeconic/OS2/final_recordings_upl/group 7-12/subject-12.csv","psycho","Neonatal Nightingale","4.1.14","apron","mop","broom","cloth","0","0","space","space","space","NA","space","NA","NA","space","NA","space","NA","space","NA","space","NA","NA","NA","space","NA","NA","NA","248.63319999712985","1264.7387999895727","3617.9965999908745","NA","248.63319999712985","NA","NA","3099.0015999996103","NA","2595.590099997935","NA","4172.210699995048","NA","4123.6458999919705","NA","NA","NA","14187.38959998882","NA","NA","NA","13881.057199992938","c","44","2","psycho","The woman will tie the apron","1024","2","24000","-16","experiment","12","even","1","61044.02549999941","435010.34740000614","432327.47329999984","94139.23960000102","4647.842199992738","61049.849200004246","62320.58600000164","NA","428303.41550000594","432327.38479999534","428099.5316000044","NA","61044.11669999536","NA","NA","427849.9626999983","NA","NA","65943.63650000014","NA","69047.01389999536","NA","71646.36020000034","NA","75822.96550000319","NA","NA","NA","79951.14580000518","NA","NA","NA","435029.8479000048","NA","18539.79860000254","428288.0412999948","427840.3507000039","427849.87200000614","432347.04690000217","432303.7889999978","94139.26890000585","428287.61260000465","4657.593600000837","3000","SceneViewing","43","30998.336300021037","43","2560"
"100","100","16_r.wav","712","712","#dadada","256","psycho","psycho","psycho","restrictive","1","undefined","undefined","1","NA","undefined","NA","undefined","NA","undefined","NA","undefined","NA","NA","undefined","NA","NA","NA","undefined","0","44","44","0","0","0","0","NA","44","44","44","NA","0","NA","NA","44","0","NA","0","NA","0","NA","0","NA","0","NA","NA","NA","0","NA","NA","NA","44","NA","0","44","44","44","44","44","0","44","0","participant_group5.csv","5","NA","NA","NA","Fri Aug  7 13:27:53 2026","NA","The main experiment item","False","VWP_finalSetup_22_7.osexp","C:\Users\plcm\Desktop\2026-EyeTracking\group-eyeconic\OS2\final_recordings_upl","False","mono","False","20","no","#0c0c0c","no","yes","1440","16","17_pos3_nosub.png","17_pos3_sub.png","psycho","44","44","C:/Users/plcm/Desktop/2026-EyeTracking/group-eyeconic/OS2/final_recordings_upl/group 7-12/subject-12.csv","psycho","Neonatal Nightingale","4.1.14","backpack","ribbon","dress","lantern","0","0","space","space","space","NA","space","NA","NA","space","NA","space","NA","space","NA","space","NA","NA","NA","space","NA","NA","NA","347.1845000021858","1264.7387999895727","3617.9965999908745","NA","347.1845000021858","NA","NA","3099.0015999996103","NA","2595.590099997935","NA","4172.210699995048","NA","4123.6458999919705","NA","NA","NA","14187.38959998882","NA","NA","NA","13881.057199992938","c","45","2","psycho","The woman will wear the dress","1024","2","24000","-16","experiment","12","even","3","61044.02549999941","442240.42829999235","439634.0701000008","94139.23960000102","4647.842199992738","61049.849200004246","62320.58600000164","NA","435610.4294999968","439633.98929999676","435395.5685999972","NA","61044.11669999536","NA","NA","435047.40290000336","NA","NA","65943.63650000014","NA","69047.01389999536","NA","71646.36020000034","NA","75822.96550000319","NA","NA","NA","79951.14580000518","NA","NA","NA","442259.5192000008","NA","18539.79860000254","435595.2299000055","435037.76740000467","435047.2760999983","439653.59639999224","439610.73909999686","94139.26890000585","435594.5728999941","4657.593600000837","3000","SceneViewing","44","31345.520800023223","44","2560"
"100","100","20_r.wav","711","711","#dadada","256","psycho","psycho","psycho","restrictive","1","undefined","undefined","1","NA","undefined","NA","undefined","NA","undefined","NA","undefined","NA","NA","undefined","NA","NA","NA","undefined","0","45","45","0","0","0","0","NA","45","45","45","NA","0","NA","NA","45","0","NA","0","NA","0","NA","0","NA","0","NA","NA","NA","0","NA","NA","NA","45","NA","0","45","45","45","45","45","0","45","0","participant_group5.csv","5","NA","NA","NA","Fri Aug  7 13:27:53 2026","NA","The main experiment item","False","VWP_finalSetup_22_7.osexp","C:\Users\plcm\Desktop\2026-EyeTracking\group-eyeconic\OS2\final_recordings_upl","False","mono","False","20","no","#0c0c0c","no","yes","1440","20","21_pos3_nosub.png","21_pos3_sub.png","psycho","45","45","C:/Users/plcm/Desktop/2026-EyeTracking/group-eyeconic/OS2/final_recordings_upl/group 7-12/subject-12.csv","psycho","Neonatal Nightingale","4.1.14","crayon","cup","kitten","block","0","0","space","space","space","NA","space","NA","NA","space","NA","space","NA","space","NA","space","NA","NA","NA","space","NA","NA","NA","661.939200013876","1264.7387999895727","3617.9965999908745","NA","661.939200013876","NA","NA","3099.0015999996103","NA","2595.590099997935","NA","4172.210699995048","NA","4123.6458999919705","NA","NA","NA","14187.38959998882","NA","NA","NA","13881.057199992938","c","46","2","psycho","The baby will hug the kitten","1024","2","24000","-16","experiment","12","even","3","61044.02549999941","449970.44269999606","447186.4662000007","94139.23960000102","4647.842199992738","61049.849200004246","62320.58600000164","NA","443162.67900000094","447186.4201999997","442947.5039999961","NA","61044.11669999536","NA","NA","442284.72519999195","NA","NA","65943.63650000014","NA","69047.01389999536","NA","71646.36020000034","NA","75822.96550000319","NA","NA","NA","79951.14580000518","NA","NA","NA","449989.7148000018","NA","18539.79860000254","443148.0301999982","442274.8666999978","442284.6317999938","447206.06979999866","447163.32999999577","94139.26890000585","443147.2916000057","4657.593600000837","3000","SceneViewing","45","32007.4600000371","45","2560"
"100","100","43_n.wav","707","707","#dadada","256","psycho","psycho","psycho","non-restrictive","1","undefined","undefined","1","NA","undefined","NA","undefined","NA","undefined","NA","undefined","NA","NA","undefined","NA","NA","NA","undefined","0","46","46","0","0","0","0","NA","46","46","46","NA","0","NA","NA","46","0","NA","0","NA","0","NA","0","NA","0","NA","NA","NA","0","NA","NA","NA","46","NA","0","46","46","46","46","46","0","46","0","participant_group5.csv","5","NA","NA","NA","Fri Aug  7 13:27:53 2026","NA","The main experiment item","False","VWP_finalSetup_22_7.osexp","C:\Users\plcm\Desktop\2026-EyeTracking\group-eyeconic\OS2\final_recordings_upl","False","mono","False","20","no","#0c0c0c","no","yes","1440","43","44_pos2_nosub.png","44_pos2_sub.png","psycho","46","46","C:/Users/plcm/Desktop/2026-EyeTracking/group-eyeconic/OS2/final_recordings_upl/group 7-12/subject-12.csv","psycho","Neonatal Nightingale","4.1.14","handle","safe","pan","bolt","0","0","space","space","space","NA","space","NA","NA","space","NA","space","NA","space","NA","space","NA","NA","NA","space","NA","NA","NA","531.1757000017678","1264.7387999895727","3617.9965999908745","NA","531.1757000017678","NA","NA","3099.0015999996103","NA","2595.590099997935","NA","4172.210699995048","NA","4123.6458999919705","NA","NA","NA","14187.38959998882","NA","NA","NA","13881.057199992938","c","47","2","psycho","The man will wipe the safe","1024","2","24000","-16","experiment","12","even","2","61044.02549999941","457200.44909999706","454766.048999998","94139.23960000102","4647.842199992738","61049.849200004246","62320.58600000164","NA","450741.2725000031","454765.9813999926","450539.76440000406","NA","61044.11669999536","NA","NA","450007.3982000031","NA","NA","65943.63650000014","NA","69047.01389999536","NA","71646.36020000034","NA","75822.96550000319","NA","NA","NA","79951.14580000518","NA","NA","NA","457220.08309999364","NA","18539.79860000254","450726.27159999683","449997.9342000006","450007.2954000061","454785.44949999196","454741.59570000484","94139.26890000585","450725.72269999364","4657.593600000837","3000","SceneViewing","46","32538.635700038867","46","2560"
"100","100","5_n.wav","711","711","#dadada","256","psycho","psycho","psycho","non-restrictive","1","undefined","undefined","1","NA","undefined","NA","undefined","NA","undefined","NA","undefined","NA","NA","undefined","NA","NA","NA","undefined","0","47","47","0","0","0","0","NA","47","47","47","NA","0","NA","NA","47","0","NA","0","NA","0","NA","0","NA","0","NA","NA","NA","0","NA","NA","NA","47","NA","0","47","47","47","47","47","0","47","0","participant_group5.csv","5","NA","NA","NA","Fri Aug  7 13:27:53 2026","NA","The main experiment item","False","VWP_finalSetup_22_7.osexp","C:\Users\plcm\Desktop\2026-EyeTracking\group-eyeconic\OS2\final_recordings_upl","False","mono","False","20","no","#0c0c0c","no","yes","1440","5","6_pos4_nosub.png","6_pos4_sub.png","psycho","47","47","C:/Users/plcm/Desktop/2026-EyeTracking/group-eyeconic/OS2/final_recordings_upl/group 7-12/subject-12.csv","psycho","Neonatal Nightingale","4.1.14","animal","cactus","moon","mountain","0","0","space","space","space","NA","space","NA","NA","space","NA","space","NA","space","NA","space","NA","NA","NA","space","NA","NA","NA","891.6691999911563","1264.7387999895727","3617.9965999908745","NA","891.6691999911563","NA","NA","3099.0015999996103","NA","2595.590099997935","NA","4172.210699995048","NA","4123.6458999919705","NA","NA","NA","14187.38959998882","NA","NA","NA","13881.057199992938","c","48","2","psycho","The hiker will photograph the mountain","1024","2","24000","-16","experiment","12","even","4","61044.02549999941","465730.4690000019","462386.92309999897","94139.23960000102","4647.842199992738","61049.849200004246","62320.58600000164","NA","458362.01369999617","462386.8633999955","458147.5078999938","NA","61044.11669999536","NA","NA","457254.95400000364","NA","NA","65943.63650000014","NA","69047.01389999536","NA","71646.36020000034","NA","75822.96550000319","NA","NA","NA","79951.14580000518","NA","NA","NA","465750.46250000014","NA","18539.79860000254","458346.8514999986","457244.69079999835","457254.8168999929","462405.9153999988","462362.275099993","94139.26890000585","458346.04609999224","4657.593600000837","3000","SceneViewing","47","33430.30490003002","47","2560"
"100","100","41_n.wav","709","709","#dadada","256","psycho","psycho","psycho","non-restrictive","1","undefined","undefined","1","NA","undefined","NA","undefined","NA","undefined","NA","undefined","NA","NA","undefined","NA","NA","NA","undefined","0","48","48","0","0","0","0","NA","48","48","48","NA","0","NA","NA","48","0","NA","0","NA","0","NA","0","NA","0","NA","NA","NA","0","NA","NA","NA","48","NA","0","48","48","48","48","48","0","48","0","participant_group5.csv","5","NA","NA","NA","Fri Aug  7 13:27:53 2026","NA","The main experiment item","False","VWP_finalSetup_22_7.osexp","C:\Users\plcm\Desktop\2026-EyeTracking\group-eyeconic\OS2\final_recordings_upl","False","mono","False","20","no","#0c0c0c","no","yes","1440","41","42_pos4_nosub.png","42_pos4_sub.png","psycho","48","48","C:/Users/plcm/Desktop/2026-EyeTracking/group-eyeconic/OS2/final_recordings_upl/group 7-12/subject-12.csv","psycho","Neonatal Nightingale","4.1.14","stone","cone","shell","orange","0","0","space","space","space","NA","space","NA","NA","space","NA","space","NA","space","NA","space","NA","NA","NA","space","NA","NA","NA","645.1172999950359","1264.7387999895727","3617.9965999908745","NA","645.1172999950359","NA","NA","3099.0015999996103","NA","2595.590099997935","NA","4172.210699995048","NA","4123.6458999919705","NA","NA","NA","14187.38959998882","NA","NA","NA","13881.057199992938","c","49","2","psycho","The boy will move the orange","1024","2","24000","-16","experiment","12","even","4","61044.02549999941","473280.5129000044","470664.6202999982","94139.23960000102","4647.842199992738","61049.849200004246","62320.58600000164","NA","466639.81530000456","470664.54139999405","466427.3478999967","NA","61044.11669999536","NA","NA","465781.48099999817","NA","NA","65943.63650000014","NA","69047.01389999536","NA","71646.36020000034","NA","75822.96550000319","NA","NA","NA","79951.14580000518","NA","NA","NA","473299.663400001","NA","18539.79860000254","466624.08409999625","465770.9171000024","465781.38289999333","470683.87720000464","470640.06010000594","94139.26890000585","466623.5594000027","4657.593600000837","3000","SceneViewing","48","34075.42220002506","48","2560"
"100","100","8_r.wav","717","717","#dadada","256","psycho","psycho","psycho","restrictive","1","undefined","undefined","1","NA","undefined","NA","undefined","NA","undefined","NA","undefined","NA","NA","undefined","NA","NA","NA","undefined","0","49","49","0","0","0","0","NA","49","49","49","NA","0","NA","NA","49","0","NA","0","NA","0","NA","0","NA","0","NA","NA","NA","0","NA","NA","NA","49","NA","0","49","49","49","49","49","0","49","0","participant_group5.csv","5","NA","NA","NA","Fri Aug  7 13:27:53 2026","NA","The main experiment item","False","VWP_finalSetup_22_7.osexp","C:\Users\plcm\Desktop\2026-EyeTracking\group-eyeconic\OS2\final_recordings_upl","False","mono","False","20","no","#0c0c0c","no","yes","1440","8","9_pos3_nosub.png","9_pos3_sub.png","psycho","49","49","C:/Users/plcm/Desktop/2026-EyeTracking/group-eyeconic/OS2/final_recordings_upl/group 7-12/subject-12.csv","psycho","Neonatal Nightingale","4.1.14","telephone","television","piano","table","0","0","space","space","space","NA","space","NA","NA","space","NA","space","NA","space","NA","space","NA","NA","NA","space","NA","NA","NA","1094.2753999988781","1264.7387999895727","3617.9965999908745","NA","1094.2753999988781","NA","NA","3099.0015999996103","NA","2595.590099997935","NA","4172.210699995048","NA","4123.6458999919705","NA","NA","NA","14187.38959998882","NA","NA","NA","13881.057199992938","c","50","2","psycho","The woman will play the piano","1024","2","24000","-16","experiment","12","even","3","61044.02549999941","481500.46559999464","478658.646099997","94139.23960000102","4647.842199992738","61049.849200004246","62320.58600000164","NA","474635.0519999978","478658.5952000023","474427.2917000053","NA","61044.11669999536","NA","NA","473332.32889999636","NA","NA","65943.63650000014","NA","69047.01389999536","NA","71646.36020000034","NA","75822.96550000319","NA","NA","NA","79951.14580000518","NA","NA","NA","481519.93799999764","NA","18539.79860000254","474620.676999999","473322.55630000145","473332.2352999967","478678.29979999806","478635.357799998","94139.26890000585","474620.1344000001","4657.593600000837","3000","SceneViewing","49","35169.69760002394","49","2560"
