"acc","accuracy","audio_file","average_response_time","avg_rt","background","block_size","canvas_backend","clock_backend","color_backend","condition","correct","correct_experiment_intro","correct_experiment_intro2","correct_new_1_keyboard_response","correct_new_2_keyboard_response","correct_new_2_sketchpad","correct_new_3_keyboard_response","correct_new_3_sketchpad","correct_new_4_keyboard_response","correct_new_4_sketchpad","correct_new_5_keyboard_response","correct_new_5_sketchpad","correct_new_6_keyboard_response","correct_new_7_keyboard_response","correct_new_7_sketchpad","correct_new_8_keyboard_response","correct_new_keyboard_response","correct_new_mouse_response","correct_welcome","count_accuracy_output","count_audio_file_offset","count_audio_file_onset_log","count_definitions","count_experiment","count_experiment_intro","count_experiment_intro2","count_image_delay","count_image_nosub","count_image_sub","count_increment_roundCounter","count_instruction","count_instructions","count_log_instruction","count_new_1_inline_script","count_new_1_keyboard_response","count_new_1_sketchpad","count_new_2_keyboard_response","count_new_2_sketchpad","count_new_3_keyboard_response","count_new_3_sketchpad","count_new_4_keyboard_response","count_new_4_sketchpad","count_new_5_keyboard_response","count_new_5_sketchpad","count_new_6_keyboard_response","count_new_6_sketchpad","count_new_7_keyboard_response","count_new_7_sketchpad","count_new_8_keyboard_response","count_new_inline_script","count_new_keyboard_response","count_new_logger","count_new_mouse_response","count_new_pygaze_init","count_new_pygaze_start_recording","count_new_pygaze_stop_recording","count_new_sketchpad","count_sentence_audio","count_subject_onset_log","count_trial_loop","count_trial_sequence","count_welcome","csv_filepath","csv_id","cursor_roi","cursor_x","cursor_y","datetime","delay_image_delay","description","disable_garbage_collection","experiment_file","experiment_path","font_bold","font_family","font_italic","font_size","font_underline","foreground","form_clicks","fullscreen","height","id","image_nosub","image_sub","keyboard_backend","live_row","live_row_trial_loop","logfile","mouse_backend","opensesame_codename","opensesame_version","position1","position2","position3","position4","psychopy_screen","repeat_cycle","response","response_experiment_intro","response_experiment_intro2","response_instruction","response_new_1_keyboard_response","response_new_1_sketchpad","response_new_2_keyboard_response","response_new_2_sketchpad","response_new_3_keyboard_response","response_new_3_sketchpad","response_new_4_keyboard_response","response_new_4_sketchpad","response_new_5_keyboard_response","response_new_5_sketchpad","response_new_6_keyboard_response","response_new_6_sketchpad","response_new_7_keyboard_response","response_new_7_sketchpad","response_new_8_keyboard_response","response_new_keyboard_response","response_new_mouse_response","response_time","response_time_experiment_intro","response_time_experiment_intro2","response_time_instruction","response_time_new_1_keyboard_response","response_time_new_1_sketchpad","response_time_new_2_keyboard_response","response_time_new_2_sketchpad","response_time_new_3_keyboard_response","response_time_new_3_sketchpad","response_time_new_4_keyboard_response","response_time_new_4_sketchpad","response_time_new_5_keyboard_response","response_time_new_5_sketchpad","response_time_new_6_keyboard_response","response_time_new_6_sketchpad","response_time_new_7_keyboard_response","response_time_new_7_sketchpad","response_time_new_8_keyboard_response","response_time_new_keyboard_response","response_time_new_mouse_response","response_time_welcome","response_welcome","round","round_decimals","sampler_backend","sentence","sound_buf_size","sound_channels","sound_freq","sound_sample_size","start","subject_nr","subject_parity","target_position","time_accuracy_output","time_audio_file_offset","time_audio_file_onset_log","time_definitions","time_experiment","time_experiment_intro","time_experiment_intro2","time_image_delay","time_image_nosub","time_image_sub","time_increment_roundCounter","time_instruction","time_instructions","time_log_instruction","time_new_1_inline_script","time_new_1_keyboard_response","time_new_1_sketchpad","time_new_2_keyboard_response","time_new_2_sketchpad","time_new_3_keyboard_response","time_new_3_sketchpad","time_new_4_keyboard_response","time_new_4_sketchpad","time_new_5_keyboard_response","time_new_5_sketchpad","time_new_6_keyboard_response","time_new_6_sketchpad","time_new_7_keyboard_response","time_new_7_sketchpad","time_new_8_keyboard_response","time_new_inline_script","time_new_keyboard_response","time_new_logger","time_new_mouse_response","time_new_pygaze_init","time_new_pygaze_start_recording","time_new_pygaze_stop_recording","time_new_sketchpad","time_sentence_audio","time_subject_onset_log","time_trial_loop","time_trial_sequence","time_welcome","timeout","title","total_correct","total_response_time","total_responses","width"
"undefined","undefined","14_r.wav","undefined","undefined","#dadada","256","psycho","psycho","psycho","restrictive","undefined","undefined","undefined","NA","NA","undefined","NA","undefined","NA","undefined","NA","undefined","NA","NA","undefined","NA","NA","NA","undefined","0","0","0","0","0","0","0","NA","0","0","0","NA","0","NA","NA","0","0","NA","0","NA","0","NA","0","NA","0","NA","NA","NA","0","NA","NA","NA","0","NA","0","0","0","0","0","0","0","0","0","participant_group1.csv","1","NA","NA","NA","Thu Aug  6 18:02:57 2026","NA","The main experiment item","False","VWP_finalSetup_22_7.osexp","C:\Users\plcm\Desktop\2026-EyeTracking\group-eyeconic\OS2\final_recordings_upl","False","mono","False","20","no","#0c0c0c","no","yes","1440","14","15_pos3_nosub.png","15_pos3_sub.png","psycho","0","0","C:\Users\plcm\Desktop\2026-EyeTracking\group-eyeconic\OS2\final_recordings_upl\group 7-12\subject-16.csv","psycho","Neonatal Nightingale","4.1.14","ball","hen","dog","bird","0","0","space","space","space","NA","NA","NA","NA","space","NA","space","NA","space","NA","space","NA","NA","NA","space","NA","NA","NA","4428.137400000196","11753.694000000905","5378.246300000683","NA","NA","NA","NA","1979.1824000003544","NA","2907.78759999921","NA","4996.607699999004","NA","3835.9543999995367","NA","NA","NA","4428.137400000196","NA","NA","NA","15857.98849999992","c","1","2","psycho","The boy will walk the dog","1024","2","24000","-16","experiment","16","even","3","69714.19199999946","111938.86819999898","109317.01169999906","105025.88649999961","4972.764699999971","69719.39389999898","81478.80809999879","NA","105288.06110000005","109316.94669999888","NA","NA","69714.26989999964","NA","NA","NA","NA","NA","86861.83209999945","NA","88845.18310000021","NA","91756.39570000021","NA","96757.11589999992","NA","NA","NA","100596.92759999962","NA","NA","NA","111964.221799999","NA","20842.482500000187","105242.17730000055","NA","NA","109345.54879999996","109288.54150000006","105025.9217999992","105241.6331000004","4983.082599999761","3000","SceneViewing","0","0","0","2560"
"100","100","27_n.wav","4897","4897","#dadada","256","psycho","psycho","psycho","non-restrictive","1","undefined","undefined","1","NA","undefined","NA","undefined","NA","undefined","NA","undefined","NA","NA","undefined","NA","NA","NA","undefined","0","1","1","0","0","0","0","NA","1","1","1","NA","0","NA","NA","1","0","NA","0","NA","0","NA","0","NA","0","NA","NA","NA","0","NA","NA","NA","1","NA","0","1","1","1","1","1","0","1","0","participant_group1.csv","1","NA","NA","NA","Thu Aug  6 18:02:57 2026","NA","The main experiment item","False","VWP_finalSetup_22_7.osexp","C:\Users\plcm\Desktop\2026-EyeTracking\group-eyeconic\OS2\final_recordings_upl","False","mono","False","20","no","#0c0c0c","no","yes","1440","27","28_pos4_nosub.png","28_pos4_sub.png","psycho","1","1","C:\Users\plcm\Desktop\2026-EyeTracking\group-eyeconic\OS2\final_recordings_upl\group 7-12\subject-16.csv","psycho","Neonatal Nightingale","4.1.14","switch","frame","picture","lamp","0","0","space","space","space","NA","space","NA","NA","space","NA","space","NA","space","NA","space","NA","NA","NA","space","NA","NA","NA","4897.596700000577","11753.694000000905","5378.246300000683","NA","4897.596700000577","NA","NA","1979.1824000003544","NA","2907.78759999921","NA","4996.607699999004","NA","3835.9543999995367","NA","NA","NA","4428.137400000196","NA","NA","NA","15857.98849999992","c","2","2","psycho","The boy will touch the lamp","1024","2","24000","-16","experiment","16","even","4","69714.19199999946","123588.77299999949","121161.0039999996","105025.88649999961","4972.764699999971","69719.39389999898","81478.80809999879","NA","117137.48519999899","121160.93619999992","116913.6514999991","NA","69714.26989999964","NA","NA","112015.4079999993","NA","NA","86861.83209999945","NA","88845.18310000021","NA","91756.39570000021","NA","96757.11589999992","NA","NA","NA","100596.92759999962","NA","NA","NA","123607.84869999952","NA","20842.482500000187","117120.65789999906","111989.9377999991","112015.30939999975","121180.69040000046","121137.61139999951","105025.9217999992","117120.23249999947","4983.082599999761","3000","SceneViewing","1","4897.596700000577","1","2560"
"100","100","20_r.wav","4618","4618","#dadada","256","psycho","psycho","psycho","restrictive","1","undefined","undefined","1","NA","undefined","NA","undefined","NA","undefined","NA","undefined","NA","NA","undefined","NA","NA","NA","undefined","0","2","2","0","0","0","0","NA","2","2","2","NA","0","NA","NA","2","0","NA","0","NA","0","NA","0","NA","0","NA","NA","NA","0","NA","NA","NA","2","NA","0","2","2","2","2","2","0","2","0","participant_group1.csv","1","NA","NA","NA","Thu Aug  6 18:02:57 2026","NA","The main experiment item","False","VWP_finalSetup_22_7.osexp","C:\Users\plcm\Desktop\2026-EyeTracking\group-eyeconic\OS2\final_recordings_upl","False","mono","False","20","no","#0c0c0c","no","yes","1440","20","21_pos1_nosub.png","21_pos1_sub.png","psycho","2","2","C:\Users\plcm\Desktop\2026-EyeTracking\group-eyeconic\OS2\final_recordings_upl\group 7-12\subject-16.csv","psycho","Neonatal Nightingale","4.1.14","kitten","block","crayon","cup","0","0","space","space","space","NA","space","NA","NA","space","NA","space","NA","space","NA","space","NA","NA","NA","space","NA","NA","NA","4339.000999998461","11753.694000000905","5378.246300000683","NA","4339.000999998461","NA","NA","1979.1824000003544","NA","2907.78759999921","NA","4996.607699999004","NA","3835.9543999995367","NA","NA","NA","4428.137400000196","NA","NA","NA","15857.98849999992","c","3","2","psycho","The baby will hug the kitten","1024","2","24000","-16","experiment","16","even","1","69714.19199999946","134999.16909999956","132217.8729999996","105025.88649999961","4972.764699999971","69719.39389999898","81478.80809999879","NA","128194.09309999901","132217.8203000003","127977.54519999944","NA","69714.26989999964","NA","NA","123637.98060000045","NA","NA","86861.83209999945","NA","88845.18310000021","NA","91756.39570000021","NA","96757.11589999992","NA","NA","NA","100596.92759999962","NA","NA","NA","135018.4921","NA","20842.482500000187","128177.30200000005","123628.18580000021","123637.87909999883","132237.65559999994","132194.54059999954","105025.9217999992","128176.89029999929","4983.082599999761","3000","SceneViewing","2","9236.597699999038","2","2560"
"100","100","44_r.wav","3853","3853","#dadada","256","psycho","psycho","psycho","restrictive","1","undefined","undefined","1","NA","undefined","NA","undefined","NA","undefined","NA","undefined","NA","NA","undefined","NA","NA","NA","undefined","0","3","3","0","0","0","0","NA","3","3","3","NA","0","NA","NA","3","0","NA","0","NA","0","NA","0","NA","0","NA","NA","NA","0","NA","NA","NA","3","NA","0","3","3","3","3","3","0","3","0","participant_group1.csv","1","NA","NA","NA","Thu Aug  6 18:02:57 2026","NA","The main experiment item","False","VWP_finalSetup_22_7.osexp","C:\Users\plcm\Desktop\2026-EyeTracking\group-eyeconic\OS2\final_recordings_upl","False","mono","False","20","no","#0c0c0c","no","yes","1440","44","45_pos1_nosub.png","45_pos1_sub.png","psycho","3","3","C:\Users\plcm\Desktop\2026-EyeTracking\group-eyeconic\OS2\final_recordings_upl\group 7-12\subject-16.csv","psycho","Neonatal Nightingale","4.1.14","dough","glass","ladle","hammer","0","0","space","space","space","NA","space","NA","NA","space","NA","space","NA","space","NA","space","NA","NA","NA","space","NA","NA","NA","2322.8660000004456","11753.694000000905","5378.246300000683","NA","2322.8660000004456","NA","NA","1979.1824000003544","NA","2907.78759999921","NA","4996.607699999004","NA","3835.9543999995367","NA","NA","NA","4428.137400000196","NA","NA","NA","15857.98849999992","c","4","2","psycho","The baker will knead the dough","1024","2","24000","-16","experiment","16","even","1","69714.19199999946","144238.86970000056","141615.569399999","105025.88649999961","4972.764699999971","69719.39389999898","81478.80809999879","NA","137591.90110000054","141615.51779999898","137361.57439999987","NA","69714.26989999964","NA","NA","135038.1488999992","NA","NA","86861.83209999945","NA","88845.18310000021","NA","91756.39570000021","NA","96757.11589999992","NA","NA","NA","100596.92759999962","NA","NA","NA","144258.00639999943","NA","20842.482500000187","137575.4094999993","135028.59329999954","135038.0167000003","141634.11579999956","141592.25250000053","105025.9217999992","137574.9238999997","4983.082599999761","3000","SceneViewing","3","11559.463699999484","3","2560"
"100","100","7_n.wav","3512","3512","#dadada","256","psycho","psycho","psycho","non-restrictive","1","undefined","undefined","1","NA","undefined","NA","undefined","NA","undefined","NA","undefined","NA","NA","undefined","NA","NA","NA","undefined","0","4","4","0","0","0","0","NA","4","4","4","NA","0","NA","NA","4","0","NA","0","NA","0","NA","0","NA","0","NA","NA","NA","0","NA","NA","NA","4","NA","0","4","4","4","4","4","0","4","0","participant_group1.csv","1","NA","NA","NA","Thu Aug  6 18:02:57 2026","NA","The main experiment item","False","VWP_finalSetup_22_7.osexp","C:\Users\plcm\Desktop\2026-EyeTracking\group-eyeconic\OS2\final_recordings_upl","False","mono","False","20","no","#0c0c0c","no","yes","1440","7","8_pos4_nosub.png","8_pos4_sub.png","psycho","4","4","C:\Users\plcm\Desktop\2026-EyeTracking\group-eyeconic\OS2\final_recordings_upl\group 7-12\subject-16.csv","psycho","Neonatal Nightingale","4.1.14","tv-monitor","toy-bear","microscope","child","0","0","space","space","space","NA","space","NA","NA","space","NA","space","NA","space","NA","space","NA","NA","NA","space","NA","NA","NA","2491.5634000008286","11753.694000000905","5378.246300000683","NA","2491.5634000008286","NA","NA","1979.1824000003544","NA","2907.78759999921","NA","4996.607699999004","NA","3835.9543999995367","NA","NA","NA","4428.137400000196","NA","NA","NA","15857.98849999992","c","5","2","psycho","The doctor will check the child","1024","2","24000","-16","experiment","16","even","4","69714.19199999946","153898.79099999962","150999.54649999927","105025.88649999961","4972.764699999971","69719.39389999898","81478.80809999879","NA","146976.12029999983","150999.4951999997","146769.6560000004","NA","69714.26989999964","NA","NA","144277.45979999963","NA","NA","86861.83209999945","NA","88845.18310000021","NA","91756.39570000021","NA","96757.11589999992","NA","NA","NA","100596.92759999962","NA","NA","NA","153917.7292000004","NA","20842.482500000187","146960.34569999937","144267.34409999882","144277.34969999985","151018.43559999907","150976.63209999882","105025.9217999992","146959.69080000033","4983.082599999761","3000","SceneViewing","4","14051.027100000312","4","2560"
"100","100","5_n.wav","3036","3036","#dadada","256","psycho","psycho","psycho","non-restrictive","1","undefined","undefined","1","NA","undefined","NA","undefined","NA","undefined","NA","undefined","NA","NA","undefined","NA","NA","NA","undefined","0","5","5","0","0","0","0","NA","5","5","5","NA","0","NA","NA","5","0","NA","0","NA","0","NA","0","NA","0","NA","NA","NA","0","NA","NA","NA","5","NA","0","5","5","5","5","5","0","5","0","participant_group1.csv","1","NA","NA","NA","Thu Aug  6 18:02:57 2026","NA","The main experiment item","False","VWP_finalSetup_22_7.osexp","C:\Users\plcm\Desktop\2026-EyeTracking\group-eyeconic\OS2\final_recordings_upl","False","mono","False","20","no","#0c0c0c","no","yes","1440","5","6_pos2_nosub.png","6_pos2_sub.png","psycho","5","5","C:\Users\plcm\Desktop\2026-EyeTracking\group-eyeconic\OS2\final_recordings_upl\group 7-12\subject-16.csv","psycho","Neonatal Nightingale","4.1.14","moon","mountain","animal","cactus","0","0","space","space","space","NA","space","NA","NA","space","NA","space","NA","space","NA","space","NA","NA","NA","space","NA","NA","NA","1129.2678999998316","11753.694000000905","5378.246300000683","NA","1129.2678999998316","NA","NA","1979.1824000003544","NA","2907.78759999921","NA","4996.607699999004","NA","3835.9543999995367","NA","NA","NA","4428.137400000196","NA","NA","NA","15857.98849999992","c","6","2","psycho","The hiker will photograph the mountain","1024","2","24000","-16","experiment","16","even","2","69714.19199999946","162648.99960000004","159303.30099999992","105025.88649999961","4972.764699999971","69719.39389999898","81478.80809999879","NA","155278.96729999885","159303.24649999966","155073.60399999924","NA","69714.26989999964","NA","NA","153943.71519999913","NA","NA","86861.83209999945","NA","88845.18310000021","NA","91756.39570000021","NA","96757.11589999992","NA","NA","NA","100596.92759999962","NA","NA","NA","162668.44990000027","NA","20842.482500000187","155264.55200000055","153934.493499999","153943.60889999918","159322.9253999998","159279.25909999976","105025.9217999992","155264.04059999913","4983.082599999761","3000","SceneViewing","5","15180.295000000144","5","2560"
"100","100","6_r.wav","2709","2709","#dadada","256","psycho","psycho","psycho","restrictive","1","undefined","undefined","1","NA","undefined","NA","undefined","NA","undefined","NA","undefined","NA","NA","undefined","NA","NA","NA","undefined","0","6","6","0","0","0","0","NA","6","6","6","NA","0","NA","NA","6","0","NA","0","NA","0","NA","0","NA","0","NA","NA","NA","0","NA","NA","NA","6","NA","0","6","6","6","6","6","0","6","0","participant_group1.csv","1","NA","NA","NA","Thu Aug  6 18:02:57 2026","NA","The main experiment item","False","VWP_finalSetup_22_7.osexp","C:\Users\plcm\Desktop\2026-EyeTracking\group-eyeconic\OS2\final_recordings_upl","False","mono","False","20","no","#0c0c0c","no","yes","1440","6","7_pos3_nosub.png","7_pos3_sub.png","psycho","6","6","C:\Users\plcm\Desktop\2026-EyeTracking\group-eyeconic\OS2\final_recordings_upl\group 7-12\subject-16.csv","psycho","Neonatal Nightingale","4.1.14","weighing-scales","jug","mushrooms","knife","0","0","space","space","space","NA","space","NA","NA","space","NA","space","NA","space","NA","space","NA","NA","NA","space","NA","NA","NA","1074.4415000008303","11753.694000000905","5378.246300000683","NA","1074.4415000008303","NA","NA","1979.1824000003544","NA","2907.78759999921","NA","4996.607699999004","NA","3835.9543999995367","NA","NA","NA","4428.137400000196","NA","NA","NA","15857.98849999992","c","7","2","psycho","The housewife will fry the mushrooms","1024","2","24000","-16","experiment","16","even","3","69714.19199999946","171379.2143999999","167991.72799999907","105025.88649999961","4972.764699999971","69719.39389999898","81478.80809999879","NA","163966.7621999997","167991.67599999963","163761.94810000015","NA","69714.26989999964","NA","NA","162686.57519999944","NA","NA","86861.83209999945","NA","88845.18310000021","NA","91756.39570000021","NA","96757.11589999992","NA","NA","NA","100596.92759999962","NA","NA","NA","171398.9980999995","NA","20842.482500000187","163952.13060000062","162676.65549999947","162686.4437999993","168011.43930000035","167967.94360000058","105025.9217999992","163951.73029999933","4983.082599999761","3000","SceneViewing","6","16254.736500000974","6","2560"
"100","100","36_r.wav","2706","2706","#dadada","256","psycho","psycho","psycho","restrictive","1","undefined","undefined","1","NA","undefined","NA","undefined","NA","undefined","NA","undefined","NA","NA","undefined","NA","NA","NA","undefined","0","7","7","0","0","0","0","NA","7","7","7","NA","0","NA","NA","7","0","NA","0","NA","0","NA","0","NA","0","NA","NA","NA","0","NA","NA","NA","7","NA","0","7","7","7","7","7","0","7","0","participant_group1.csv","1","NA","NA","NA","Thu Aug  6 18:02:57 2026","NA","The main experiment item","False","VWP_finalSetup_22_7.osexp","C:\Users\plcm\Desktop\2026-EyeTracking\group-eyeconic\OS2\final_recordings_upl","False","mono","False","20","no","#0c0c0c","no","yes","1440","36","37_pos1_nosub.png","37_pos1_sub.png","psycho","7","7","C:\Users\plcm\Desktop\2026-EyeTracking\group-eyeconic\OS2\final_recordings_upl\group 7-12\subject-16.csv","psycho","Neonatal Nightingale","4.1.14","lego","papers","boxes","clips","0","0","space","space","space","NA","space","NA","NA","space","NA","space","NA","space","NA","space","NA","NA","NA","space","NA","NA","NA","2688.646800001152","11753.694000000905","5378.246300000683","NA","2688.646800001152","NA","NA","1979.1824000003544","NA","2907.78759999921","NA","4996.607699999004","NA","3835.9543999995367","NA","NA","NA","4428.137400000196","NA","NA","NA","15857.98849999992","c","8","2","psycho","The kid will build the lego","1024","2","24000","-16","experiment","16","even","1","69714.19199999946","181188.77989999964","178356.43659999914","105025.88649999961","4972.764699999971","69719.39389999898","81478.80809999879","NA","174332.75010000035","178356.38209999888","174121.68980000023","NA","69714.26989999964","NA","NA","171432.35429999913","NA","NA","86861.83209999945","NA","88845.18310000021","NA","91756.39570000021","NA","96757.11589999992","NA","NA","NA","100596.92759999962","NA","NA","NA","181207.6498000006","NA","20842.482500000187","174316.8502999997","171421.74979999982","171432.21730000005","178375.52069999947","178333.08190000025","105025.9217999992","174316.2283999991","4983.082599999761","3000","SceneViewing","7","18943.383300002126","7","2560"
"100","100","49_n.wav","2535","2535","#dadada","256","psycho","psycho","psycho","non-restrictive","1","undefined","undefined","1","NA","undefined","NA","undefined","NA","undefined","NA","undefined","NA","NA","undefined","NA","NA","NA","undefined","0","8","8","0","0","0","0","NA","8","8","8","NA","0","NA","NA","8","0","NA","0","NA","0","NA","0","NA","0","NA","NA","NA","0","NA","NA","NA","8","NA","0","8","8","8","8","8","0","8","0","participant_group1.csv","1","NA","NA","NA","Thu Aug  6 18:02:57 2026","NA","The main experiment item","False","VWP_finalSetup_22_7.osexp","C:\Users\plcm\Desktop\2026-EyeTracking\group-eyeconic\OS2\final_recordings_upl","False","mono","False","20","no","#0c0c0c","no","yes","1440","49","50_pos2_nosub.png","50_pos2_sub.png","psycho","8","8","C:\Users\plcm\Desktop\2026-EyeTracking\group-eyeconic\OS2\final_recordings_upl\group 7-12\subject-16.csv","psycho","Neonatal Nightingale","4.1.14","scissors","stamp","envelope","rubberband","0","0","space","space","space","NA","space","NA","NA","space","NA","space","NA","space","NA","space","NA","NA","NA","space","NA","NA","NA","1339.389999999199","11753.694000000905","5378.246300000683","NA","1339.389999999199","NA","NA","1979.1824000003544","NA","2907.78759999921","NA","4996.607699999004","NA","3835.9543999995367","NA","NA","NA","4428.137400000196","NA","NA","NA","15857.98849999992","c","9","2","psycho","The man will pick up the stamp","1024","2","24000","-16","experiment","16","even","2","69714.19199999946","189548.91619999945","186804.6553000004","105025.88649999961","4972.764699999971","69719.39389999898","81478.80809999879","NA","182780.53179999915","186804.59829999926","182577.56100000005","NA","69714.26989999964","NA","NA","181237.6236","NA","NA","86861.83209999945","NA","88845.18310000021","NA","91756.39570000021","NA","96757.11589999992","NA","NA","NA","100596.92759999962","NA","NA","NA","189568.14660000056","NA","20842.482500000187","182764.46810000017","181228.16169999895","181237.50649999967","186824.3779000004","186781.0370999996","105025.9217999992","182763.86359999923","4983.082599999761","3000","SceneViewing","8","20282.773300001325","8","2560"
"100","100","11_n.wav","2511","2511","#dadada","256","psycho","psycho","psycho","non-restrictive","1","undefined","undefined","1","NA","undefined","NA","undefined","NA","undefined","NA","undefined","NA","NA","undefined","NA","NA","NA","undefined","0","9","9","0","0","0","0","NA","9","9","9","NA","0","NA","NA","9","0","NA","0","NA","0","NA","0","NA","0","NA","NA","NA","0","NA","NA","NA","9","NA","0","9","9","9","9","9","0","9","0","participant_group1.csv","1","NA","NA","NA","Thu Aug  6 18:02:57 2026","NA","The main experiment item","False","VWP_finalSetup_22_7.osexp","C:\Users\plcm\Desktop\2026-EyeTracking\group-eyeconic\OS2\final_recordings_upl","False","mono","False","20","no","#0c0c0c","no","yes","1440","11","12_pos4_nosub.png","12_pos4_sub.png","psycho","9","9","C:\Users\plcm\Desktop\2026-EyeTracking\group-eyeconic\OS2\final_recordings_upl\group 7-12\subject-16.csv","psycho","Neonatal Nightingale","4.1.14","drum","duck","bricks","bell","0","0","space","space","space","NA","space","NA","NA","space","NA","space","NA","space","NA","space","NA","NA","NA","space","NA","NA","NA","2316.415100000071","11753.694000000905","5378.246300000683","NA","2316.415100000071","NA","NA","1979.1824000003544","NA","2907.78759999921","NA","4996.607699999004","NA","3835.9543999995367","NA","NA","NA","4428.137400000196","NA","NA","NA","15857.98849999992","c","10","2","psycho","The baby will kick the bell","1024","2","24000","-16","experiment","16","even","4","69714.19199999946","198619.04250000045","196165.9636000004","105025.88649999961","4972.764699999971","69719.39389999898","81478.80809999879","NA","192139.8635000005","196165.8987999999","191921.73059999914","NA","69714.26989999964","NA","NA","189604.59289999926","NA","NA","86861.83209999945","NA","88845.18310000021","NA","91756.39570000021","NA","96757.11589999992","NA","NA","NA","100596.92759999962","NA","NA","NA","198638.08040000004","NA","20842.482500000187","192123.4623","189592.86070000054","189604.4091999993","196186.04229999983","196140.11589999974","105025.9217999992","192123.0212999999","4983.082599999761","3000","SceneViewing","9","22599.188400001396","9","2560"
"100","100","37_n.wav","2374","2374","#dadada","256","psycho","psycho","psycho","non-restrictive","1","undefined","undefined","1","NA","undefined","NA","undefined","NA","undefined","NA","undefined","NA","NA","undefined","NA","NA","NA","undefined","0","10","10","0","0","0","0","NA","10","10","10","NA","0","NA","NA","10","0","NA","0","NA","0","NA","0","NA","0","NA","NA","NA","0","NA","NA","NA","10","NA","0","10","10","10","10","10","0","10","0","participant_group1.csv","1","NA","NA","NA","Thu Aug  6 18:02:57 2026","NA","The main experiment item","False","VWP_finalSetup_22_7.osexp","C:\Users\plcm\Desktop\2026-EyeTracking\group-eyeconic\OS2\final_recordings_upl","False","mono","False","20","no","#0c0c0c","no","yes","1440","37","38_pos2_nosub.png","38_pos2_sub.png","psycho","10","10","C:\Users\plcm\Desktop\2026-EyeTracking\group-eyeconic\OS2\final_recordings_upl\group 7-12\subject-16.csv","psycho","Neonatal Nightingale","4.1.14","key","banana","mitten","marker","0","0","space","space","space","NA","space","NA","NA","space","NA","space","NA","space","NA","space","NA","NA","NA","space","NA","NA","NA","1149.3372999994026","11753.694000000905","5378.246300000683","NA","1149.3372999994026","NA","NA","1979.1824000003544","NA","2907.78759999921","NA","4996.607699999004","NA","3835.9543999995367","NA","NA","NA","4428.137400000196","NA","NA","NA","15857.98849999992","c","11","2","psycho","The boy will move the banana","1024","2","24000","-16","experiment","16","even","2","69714.19199999946","206768.76900000026","204054.4573999996","105025.88649999961","4972.764699999971","69719.39389999898","81478.80809999879","NA","200030.9789999992","204054.3820999992","199817.85309999943","NA","69714.26989999964","NA","NA","198667.7208000001","NA","NA","86861.83209999945","NA","88845.18310000021","NA","91756.39570000021","NA","96757.11589999992","NA","NA","NA","100596.92759999962","NA","NA","NA","206788.0406000004","NA","20842.482500000187","200015.53579999926","198658.12749999895","198667.57130000042","204073.60309999966","204031.23609999966","105025.9217999992","200014.8384999993","4983.082599999761","3000","SceneViewing","10","23748.5257000008","10","2560"
"100","100","33_n.wav","2475","2475","#dadada","256","psycho","psycho","psycho","non-restrictive","1","undefined","undefined","1","NA","undefined","NA","undefined","NA","undefined","NA","undefined","NA","NA","undefined","NA","NA","NA","undefined","0","11","11","0","0","0","0","NA","11","11","11","NA","0","NA","NA","11","0","NA","0","NA","0","NA","0","NA","0","NA","NA","NA","0","NA","NA","NA","11","NA","0","11","11","11","11","11","0","11","0","participant_group1.csv","1","NA","NA","NA","Thu Aug  6 18:02:57 2026","NA","The main experiment item","False","VWP_finalSetup_22_7.osexp","C:\Users\plcm\Desktop\2026-EyeTracking\group-eyeconic\OS2\final_recordings_upl","False","mono","False","20","no","#0c0c0c","no","yes","1440","33","34_pos2_nosub.png","34_pos2_sub.png","psycho","11","11","C:\Users\plcm\Desktop\2026-EyeTracking\group-eyeconic\OS2\final_recordings_upl\group 7-12\subject-16.csv","psycho","Neonatal Nightingale","4.1.14","gift","suitcase","envelope","box","0","0","space","space","space","NA","space","NA","NA","space","NA","space","NA","space","NA","space","NA","NA","NA","space","NA","NA","NA","3483.423100000422","11753.694000000905","5378.246300000683","NA","3483.423100000422","NA","NA","1979.1824000003544","NA","2907.78759999921","NA","4996.607699999004","NA","3835.9543999995367","NA","NA","NA","4428.137400000196","NA","NA","NA","15857.98849999992","c","12","2","psycho","The boy will open the suitcase","1024","2","24000","-16","experiment","16","even","2","69714.19199999946","217458.9297000002","214543.54559999955","105025.88649999961","4972.764699999971","69719.39389999898","81478.80809999879","NA","210518.96920000034","214543.49360000016","210289.56359999938","NA","69714.26989999964","NA","NA","206805.58679999923","NA","NA","86861.83209999945","NA","88845.18310000021","NA","91756.39570000021","NA","96757.11589999992","NA","NA","NA","100596.92759999962","NA","NA","NA","217478.3212000002","NA","20842.482500000187","210503.33969999885","206795.59739999968","206805.47900000057","214562.14159999945","214519.42769999913","105025.9217999992","210502.72609999956","4983.082599999761","3000","SceneViewing","11","27231.94880000122","11","2560"
"100","100","18_r.wav","2490","2490","#dadada","256","psycho","psycho","psycho","restrictive","1","undefined","undefined","1","NA","undefined","NA","undefined","NA","undefined","NA","undefined","NA","NA","undefined","NA","NA","NA","undefined","0","12","12","0","0","0","0","NA","12","12","12","NA","0","NA","NA","12","0","NA","0","NA","0","NA","0","NA","0","NA","NA","NA","0","NA","NA","NA","12","NA","0","12","12","12","12","12","0","12","0","participant_group1.csv","1","NA","NA","NA","Thu Aug  6 18:02:57 2026","NA","The main experiment item","False","VWP_finalSetup_22_7.osexp","C:\Users\plcm\Desktop\2026-EyeTracking\group-eyeconic\OS2\final_recordings_upl","False","mono","False","20","no","#0c0c0c","no","yes","1440","18","19_pos3_nosub.png","19_pos3_sub.png","psycho","12","12","C:\Users\plcm\Desktop\2026-EyeTracking\group-eyeconic\OS2\final_recordings_upl\group 7-12\subject-16.csv","psycho","Neonatal Nightingale","4.1.14","feather","leaf","football","stick","0","0","space","space","space","NA","space","NA","NA","space","NA","space","NA","space","NA","space","NA","NA","NA","space","NA","NA","NA","2657.6597000003094","11753.694000000905","5378.246300000683","NA","2657.6597000003094","NA","NA","1979.1824000003544","NA","2907.78759999921","NA","4996.607699999004","NA","3835.9543999995367","NA","NA","NA","4428.137400000196","NA","NA","NA","15857.98849999992","c","13","2","psycho","The boy will kick the football","1024","2","24000","-16","experiment","16","even","3","69714.19199999946","227008.77819999913","224393.61329999883","105025.88649999961","4972.764699999971","69719.39389999898","81478.80809999879","NA","220367.95989999882","224393.50860000012","220153.80430000005","NA","69714.26989999964","NA","NA","217495.37880000024","NA","NA","86861.83209999945","NA","88845.18310000021","NA","91756.39570000021","NA","96757.11589999992","NA","NA","NA","100596.92759999962","NA","NA","NA","227028.24940000026","NA","20842.482500000187","220350.16199999882","217485.35749999975","217495.26609999884","224412.93609999958","224368.35450000037","105025.9217999992","220349.68130000017","4983.082599999761","3000","SceneViewing","12","29889.60850000153","12","2560"
"100","100","46_r.wav","2343","2343","#dadada","256","psycho","psycho","psycho","restrictive","1","undefined","undefined","1","NA","undefined","NA","undefined","NA","undefined","NA","undefined","NA","NA","undefined","NA","NA","NA","undefined","0","13","13","0","0","0","0","NA","13","13","13","NA","0","NA","NA","13","0","NA","0","NA","0","NA","0","NA","0","NA","NA","NA","0","NA","NA","NA","13","NA","0","13","13","13","13","13","0","13","0","participant_group1.csv","1","NA","NA","NA","Thu Aug  6 18:02:57 2026","NA","The main experiment item","False","VWP_finalSetup_22_7.osexp","C:\Users\plcm\Desktop\2026-EyeTracking\group-eyeconic\OS2\final_recordings_upl","False","mono","False","20","no","#0c0c0c","no","yes","1440","46","47_pos3_nosub.png","47_pos3_sub.png","psycho","13","13","C:\Users\plcm\Desktop\2026-EyeTracking\group-eyeconic\OS2\final_recordings_upl\group 7-12\subject-16.csv","psycho","Neonatal Nightingale","4.1.14","gum","stand","violin","bow","0","0","space","space","space","NA","space","NA","NA","space","NA","space","NA","space","NA","space","NA","NA","NA","space","NA","NA","NA","571.3911999991979","11753.694000000905","5378.246300000683","NA","571.3911999991979","NA","NA","1979.1824000003544","NA","2907.78759999921","NA","4996.607699999004","NA","3835.9543999995367","NA","NA","NA","4428.137400000196","NA","NA","NA","15857.98849999992","c","14","2","psycho","The musician will tune the violin","1024","2","24000","-16","experiment","16","even","3","69714.19199999946","235008.8149000003","231850.47420000046","105025.88649999961","4972.764699999971","69719.39389999898","81478.80809999879","NA","227826.75609999933","231850.3882999994","227617.9339999999","NA","69714.26989999964","NA","NA","227045.71380000014","NA","NA","86861.83209999945","NA","88845.18310000021","NA","91756.39570000021","NA","96757.11589999992","NA","NA","NA","100596.92759999962","NA","NA","NA","235028.5490999995","NA","20842.482500000187","227811.72639999932","227035.79979999995","227045.591099999","231869.4758999991","231826.97910000023","105025.9217999992","227811.12329999998","4983.082599999761","3000","SceneViewing","13","30460.999700000728","13","2560"
"100","100","31_n.wav","2276","2276","#dadada","256","psycho","psycho","psycho","non-restrictive","1","undefined","undefined","1","NA","undefined","NA","undefined","NA","undefined","NA","undefined","NA","NA","undefined","NA","NA","NA","undefined","0","14","14","0","0","0","0","NA","14","14","14","NA","0","NA","NA","14","0","NA","0","NA","0","NA","0","NA","0","NA","NA","NA","0","NA","NA","NA","14","NA","0","14","14","14","14","14","0","14","0","participant_group1.csv","1","NA","NA","NA","Thu Aug  6 18:02:57 2026","NA","The main experiment item","False","VWP_finalSetup_22_7.osexp","C:\Users\plcm\Desktop\2026-EyeTracking\group-eyeconic\OS2\final_recordings_upl","False","mono","False","20","no","#0c0c0c","no","yes","1440","31","32_pos4_nosub.png","32_pos4_sub.png","psycho","14","14","C:\Users\plcm\Desktop\2026-EyeTracking\group-eyeconic\OS2\final_recordings_upl\group 7-12\subject-16.csv","psycho","Neonatal Nightingale","4.1.14","lemon","sponge","seed","bottle","0","0","space","space","space","NA","space","NA","NA","space","NA","space","NA","space","NA","space","NA","NA","NA","space","NA","NA","NA","1403.9656999993895","11753.694000000905","5378.246300000683","NA","1403.9656999993895","NA","NA","1979.1824000003544","NA","2907.78759999921","NA","4996.607699999004","NA","3835.9543999995367","NA","NA","NA","4428.137400000196","NA","NA","NA","15857.98849999992","c","15","2","psycho","The woman will examine the bottle","1024","2","24000","-16","experiment","16","even","4","69714.19199999946","243698.9068999992","240690.73170000047","105025.88649999961","4972.764699999971","69719.39389999898","81478.80809999879","NA","236666.46299999958","240690.66079999902","236449.9228000004","NA","69714.26989999964","NA","NA","235045.1439999997","NA","NA","86861.83209999945","NA","88845.18310000021","NA","91756.39570000021","NA","96757.11589999992","NA","NA","NA","100596.92759999962","NA","NA","NA","243718.38989999925","NA","20842.482500000187","236649.8223999988","235035.70729999954","235045.0273000006","240709.77909999964","240666.76290000032","105025.9217999992","236649.32210000005","4983.082599999761","3000","SceneViewing","14","31864.965400000117","14","2560"
"100","100","29_n.wav","2203","2203","#dadada","256","psycho","psycho","psycho","non-restrictive","1","undefined","undefined","1","NA","undefined","NA","undefined","NA","undefined","NA","undefined","NA","NA","undefined","NA","NA","NA","undefined","0","15","15","0","0","0","0","NA","15","15","15","NA","0","NA","NA","15","0","NA","0","NA","0","NA","0","NA","0","NA","NA","NA","0","NA","NA","NA","15","NA","0","15","15","15","15","15","0","15","0","participant_group1.csv","1","NA","NA","NA","Thu Aug  6 18:02:57 2026","NA","The main experiment item","False","VWP_finalSetup_22_7.osexp","C:\Users\plcm\Desktop\2026-EyeTracking\group-eyeconic\OS2\final_recordings_upl","False","mono","False","20","no","#0c0c0c","no","yes","1440","29","30_pos2_nosub.png","30_pos2_sub.png","psycho","15","15","C:\Users\plcm\Desktop\2026-EyeTracking\group-eyeconic\OS2\final_recordings_upl\group 7-12\subject-16.csv","psycho","Neonatal Nightingale","4.1.14","tissue","newspaper","comb","eraser","0","0","space","space","space","NA","space","NA","NA","space","NA","space","NA","space","NA","space","NA","NA","NA","space","NA","NA","NA","1183.7933000006014","11753.694000000905","5378.246300000683","NA","1183.7933000006014","NA","NA","1979.1824000003544","NA","2907.78759999921","NA","4996.607699999004","NA","3835.9543999995367","NA","NA","NA","4428.137400000196","NA","NA","NA","15857.98849999992","c","16","2","psycho","The grandmother will eadturn the newspaper","1024","2","24000","-16","experiment","16","even","2","69714.19199999946","251928.81269999998","249185.11939999915","105025.88649999961","4972.764699999971","69719.39389999898","81478.80809999879","NA","245158.46109999984","249185.0618999997","244937.8015000002","NA","69714.26989999964","NA","NA","243753.26339999994","NA","NA","86861.83209999945","NA","88845.18310000021","NA","91756.39570000021","NA","96757.11589999992","NA","NA","NA","100596.92759999962","NA","NA","NA","251947.9696999988","NA","20842.482500000187","245143.2769000003","243743.2451000004","243753.14699999944","249204.45169999948","249158.9695999992","105025.9217999992","245142.6030999992","4983.082599999761","3000","SceneViewing","15","33048.75870000072","15","2560"
"100","100","24_r.wav","2167","2167","#dadada","256","psycho","psycho","psycho","restrictive","1","undefined","undefined","1","NA","undefined","NA","undefined","NA","undefined","NA","undefined","NA","NA","undefined","NA","NA","NA","undefined","0","16","16","0","0","0","0","NA","16","16","16","NA","0","NA","NA","16","0","NA","0","NA","0","NA","0","NA","0","NA","NA","NA","0","NA","NA","NA","16","NA","0","16","16","16","16","16","0","16","0","participant_group1.csv","1","NA","NA","NA","Thu Aug  6 18:02:57 2026","NA","The main experiment item","False","VWP_finalSetup_22_7.osexp","C:\Users\plcm\Desktop\2026-EyeTracking\group-eyeconic\OS2\final_recordings_upl","False","mono","False","20","no","#0c0c0c","no","yes","1440","24","25_pos1_nosub.png","25_pos1_sub.png","psycho","16","16","C:\Users\plcm\Desktop\2026-EyeTracking\group-eyeconic\OS2\final_recordings_upl\group 7-12\subject-16.csv","psycho","Neonatal Nightingale","4.1.14","rabbit","plate","potato","glass","0","0","space","space","space","NA","space","NA","NA","space","NA","space","NA","space","NA","space","NA","NA","NA","space","NA","NA","NA","1635.9162000007927","11753.694000000905","5378.246300000683","NA","1635.9162000007927","NA","NA","1979.1824000003544","NA","2907.78759999921","NA","4996.607699999004","NA","3835.9543999995367","NA","NA","NA","4428.137400000196","NA","NA","NA","15857.98849999992","c","17","2","psycho","The girl will groom the rabbit","1024","2","24000","-16","experiment","16","even","1","69714.19199999946","260568.78849999886","257834.3765999998","105025.88649999961","4972.764699999971","69719.39389999898","81478.80809999879","NA","253810.1313999996","257834.3047999988","253601.56929999904","NA","69714.26989999964","NA","NA","251965.10949999903","NA","NA","86861.83209999945","NA","88845.18310000021","NA","91756.39570000021","NA","96757.11589999992","NA","NA","NA","100596.92759999962","NA","NA","NA","260588.11119999882","NA","20842.482500000187","253793.99269999884","251955.57389999885","251964.99810000023","257853.3735000001","257810.6822999998","105025.9217999992","253793.5662","4983.082599999761","3000","SceneViewing","16","34684.67490000151","16","2560"
"100","100","35_n.wav","2068","2068","#dadada","256","psycho","psycho","psycho","non-restrictive","1","undefined","undefined","1","NA","undefined","NA","undefined","NA","undefined","NA","undefined","NA","NA","undefined","NA","NA","NA","undefined","0","17","17","0","0","0","0","NA","17","17","17","NA","0","NA","NA","17","0","NA","0","NA","0","NA","0","NA","0","NA","NA","NA","0","NA","NA","NA","17","NA","0","17","17","17","17","17","0","17","0","participant_group1.csv","1","NA","NA","NA","Thu Aug  6 18:02:57 2026","NA","The main experiment item","False","VWP_finalSetup_22_7.osexp","C:\Users\plcm\Desktop\2026-EyeTracking\group-eyeconic\OS2\final_recordings_upl","False","mono","False","20","no","#0c0c0c","no","yes","1440","35","36_pos4_nosub.png","36_pos4_sub.png","psycho","17","17","C:\Users\plcm\Desktop\2026-EyeTracking\group-eyeconic\OS2\final_recordings_upl\group 7-12\subject-16.csv","psycho","Neonatal Nightingale","4.1.14","brush","mirror","pot","mascara","0","0","space","space","space","NA","space","NA","NA","space","NA","space","NA","space","NA","space","NA","NA","NA","space","NA","NA","NA","487.468600000313","11753.694000000905","5378.246300000683","NA","487.468600000313","NA","NA","1979.1824000003544","NA","2907.78759999921","NA","4996.607699999004","NA","3835.9543999995367","NA","NA","NA","4428.137400000196","NA","NA","NA","15857.98849999992","c","18","2","psycho","The girl will squeeze the mascara","1024","2","24000","-16","experiment","16","even","4","69714.19199999946","268478.755099999","265335.73309999885","105025.88649999961","4972.764699999971","69719.39389999898","81478.80809999879","NA","261312.09169999964","265335.6707999992","261105.84559999916","NA","69714.26989999964","NA","NA","260617.5626999993","NA","NA","86861.83209999945","NA","88845.18310000021","NA","91756.39570000021","NA","96757.11589999992","NA","NA","NA","100596.92759999962","NA","NA","NA","268498.43419999885","NA","20842.482500000187","261297.7706999991","260607.81510000015","260617.46379999933","265354.8978999988","265312.21840000036","105025.9217999992","261297.28669999895","4983.082599999761","3000","SceneViewing","17","35172.143500001825","17","2560"
"100","100","8_r.wav","2001","2001","#dadada","256","psycho","psycho","psycho","restrictive","1","undefined","undefined","1","NA","undefined","NA","undefined","NA","undefined","NA","undefined","NA","NA","undefined","NA","NA","NA","undefined","0","18","18","0","0","0","0","NA","18","18","18","NA","0","NA","NA","18","0","NA","0","NA","0","NA","0","NA","0","NA","NA","NA","0","NA","NA","NA","18","NA","0","18","18","18","18","18","0","18","0","participant_group1.csv","1","NA","NA","NA","Thu Aug  6 18:02:57 2026","NA","The main experiment item","False","VWP_finalSetup_22_7.osexp","C:\Users\plcm\Desktop\2026-EyeTracking\group-eyeconic\OS2\final_recordings_upl","False","mono","False","20","no","#0c0c0c","no","yes","1440","8","9_pos1_nosub.png","9_pos1_sub.png","psycho","18","18","C:\Users\plcm\Desktop\2026-EyeTracking\group-eyeconic\OS2\final_recordings_upl\group 7-12\subject-16.csv","psycho","Neonatal Nightingale","4.1.14","piano","table","telephone","television","0","0","space","space","space","NA","space","NA","NA","space","NA","space","NA","space","NA","space","NA","NA","NA","space","NA","NA","NA","854.4541000010213","11753.694000000905","5378.246300000683","NA","854.4541000010213","NA","NA","1979.1824000003544","NA","2907.78759999921","NA","4996.607699999004","NA","3835.9543999995367","NA","NA","NA","4428.137400000196","NA","NA","NA","15857.98849999992","c","19","2","psycho","The woman will play the piano","1024","2","24000","-16","experiment","16","even","1","69714.19199999946","276459.0659999994","273618.08259999997","105025.88649999961","4972.764699999971","69719.39389999898","81478.80809999879","NA","269594.5312000003","273618.02989999886","269370.34440000023","NA","69714.26989999964","NA","NA","268514.762499999","NA","NA","86861.83209999945","NA","88845.18310000021","NA","91756.39570000021","NA","96757.11589999992","NA","NA","NA","100596.92759999962","NA","NA","NA","276478.67919999955","NA","20842.482500000187","269580.0020999996","268505.46399999986","268514.65850000025","273636.98639999895","273595.21709999896","105025.9217999992","269579.5464999992","4983.082599999761","3000","SceneViewing","18","36026.597600002846","18","2560"
"100","100","2_r.wav","1955","1955","#dadada","256","psycho","psycho","psycho","restrictive","1","undefined","undefined","1","NA","undefined","NA","undefined","NA","undefined","NA","undefined","NA","NA","undefined","NA","NA","NA","undefined","0","19","19","0","0","0","0","NA","19","19","19","NA","0","NA","NA","19","0","NA","0","NA","0","NA","0","NA","0","NA","NA","NA","0","NA","NA","NA","19","NA","0","19","19","19","19","19","0","19","0","participant_group1.csv","1","NA","NA","NA","Thu Aug  6 18:02:57 2026","NA","The main experiment item","False","VWP_finalSetup_22_7.osexp","C:\Users\plcm\Desktop\2026-EyeTracking\group-eyeconic\OS2\final_recordings_upl","False","mono","False","20","no","#0c0c0c","no","yes","1440","2","3_pos3_nosub.png","3_pos3_sub.png","psycho","19","19","C:\Users\plcm\Desktop\2026-EyeTracking\group-eyeconic\OS2\final_recordings_upl\group 7-12\subject-16.csv","psycho","Neonatal Nightingale","4.1.14","houses","dustbin","man","car","0","0","space","space","space","NA","space","NA","NA","space","NA","space","NA","space","NA","space","NA","NA","NA","space","NA","NA","NA","1131.9958000003826","11753.694000000905","5378.246300000683","NA","1131.9958000003826","NA","NA","1979.1824000003544","NA","2907.78759999921","NA","4996.607699999004","NA","3835.9543999995367","NA","NA","NA","4428.137400000196","NA","NA","NA","15857.98849999992","c","20","2","psycho","The policeman will arrest the man","1024","2","24000","-16","experiment","16","even","3","69714.19199999946","284948.9789999989","281872.6184999996","105025.88649999961","4972.764699999971","69719.39389999898","81478.80809999879","NA","277848.8282999988","281872.5508999996","277641.7908000003","NA","69714.26989999964","NA","NA","276509.01539999904","NA","NA","86861.83209999945","NA","88845.18310000021","NA","91756.39570000021","NA","96757.11589999992","NA","NA","NA","100596.92759999962","NA","NA","NA","284968.3067999995","NA","20842.482500000187","277834.29309999885","276499.17429999914","276508.90789999906","281892.16189999937","281849.35719999886","105025.9217999992","277833.6686000002","4983.082599999761","3000","SceneViewing","19","37158.59340000323","19","2560"
"100","100","43_n.wav","1927","1927","#dadada","256","psycho","psycho","psycho","non-restrictive","1","undefined","undefined","1","NA","undefined","NA","undefined","NA","undefined","NA","undefined","NA","NA","undefined","NA","NA","NA","undefined","0","20","20","0","0","0","0","NA","20","20","20","NA","0","NA","NA","20","0","NA","0","NA","0","NA","0","NA","0","NA","NA","NA","0","NA","NA","NA","20","NA","0","20","20","20","20","20","0","20","0","participant_group1.csv","1","NA","NA","NA","Thu Aug  6 18:02:57 2026","NA","The main experiment item","False","VWP_finalSetup_22_7.osexp","C:\Users\plcm\Desktop\2026-EyeTracking\group-eyeconic\OS2\final_recordings_upl","False","mono","False","20","no","#0c0c0c","no","yes","1440","43","44_pos4_nosub.png","44_pos4_sub.png","psycho","20","20","C:\Users\plcm\Desktop\2026-EyeTracking\group-eyeconic\OS2\final_recordings_upl\group 7-12\subject-16.csv","psycho","Neonatal Nightingale","4.1.14","pan","bolt","handle","safe","0","0","space","space","space","NA","space","NA","NA","space","NA","space","NA","space","NA","space","NA","NA","NA","space","NA","NA","NA","1383.20559999923","11753.694000000905","5378.246300000683","NA","1383.20559999923","NA","NA","1979.1824000003544","NA","2907.78759999921","NA","4996.607699999004","NA","3835.9543999995367","NA","NA","NA","4428.137400000196","NA","NA","NA","15857.98849999992","c","21","2","psycho","The man will wipe the safe","1024","2","24000","-16","experiment","16","even","4","69714.19199999946","293058.7796","290610.83209999924","105025.88649999961","4972.764699999971","69719.39389999898","81478.80809999879","NA","286587.33120000036","290610.78239999915","286370.24720000045","NA","69714.26989999964","NA","NA","284985.88620000007","NA","NA","86861.83209999945","NA","88845.18310000021","NA","91756.39570000021","NA","96757.11589999992","NA","NA","NA","100596.92759999962","NA","NA","NA","293078.168","NA","20842.482500000187","286572.17200000014","284975.7183999991","284985.75150000036","290630.3533999999","290587.5560000004","105025.9217999992","286571.5841000001","4983.082599999761","3000","SceneViewing","20","38541.79900000246","20","2560"
"100","100","21_n.wav","1929","1929","#dadada","256","psycho","psycho","psycho","non-restrictive","1","undefined","undefined","1","NA","undefined","NA","undefined","NA","undefined","NA","undefined","NA","NA","undefined","NA","NA","NA","undefined","0","21","21","0","0","0","0","NA","21","21","21","NA","0","NA","NA","21","0","NA","0","NA","0","NA","0","NA","0","NA","NA","NA","0","NA","NA","NA","21","NA","0","21","21","21","21","21","0","21","0","participant_group1.csv","1","NA","NA","NA","Thu Aug  6 18:02:57 2026","NA","The main experiment item","False","VWP_finalSetup_22_7.osexp","C:\Users\plcm\Desktop\2026-EyeTracking\group-eyeconic\OS2\final_recordings_upl","False","mono","False","20","no","#0c0c0c","no","yes","1440","21","22_pos2_nosub.png","22_pos2_sub.png","psycho","21","21","C:\Users\plcm\Desktop\2026-EyeTracking\group-eyeconic\OS2\final_recordings_upl\group 7-12\subject-16.csv","psycho","Neonatal Nightingale","4.1.14","cushion","flower","magazine","vase","0","0","space","space","space","NA","space","NA","NA","space","NA","space","NA","space","NA","space","NA","NA","NA","space","NA","NA","NA","1980.8033999998006","11753.694000000905","5378.246300000683","NA","1980.8033999998006","NA","NA","1979.1824000003544","NA","2907.78759999921","NA","4996.607699999004","NA","3835.9543999995367","NA","NA","NA","4428.137400000196","NA","NA","NA","15857.98849999992","c","22","2","psycho","The woman will move the flower","1024","2","24000","-16","experiment","16","even","2","69714.19199999946","301998.80049999955","299308.234099999","105025.88649999961","4972.764699999971","69719.39389999898","81478.80809999879","NA","295283.0326999992","299308.1423000003","295081.8292000004","NA","69714.26989999964","NA","NA","293100.2171","NA","NA","86861.83209999945","NA","88845.18310000021","NA","91756.39570000021","NA","96757.11589999992","NA","NA","NA","100596.92759999962","NA","NA","NA","302018.6672999989","NA","20842.482500000187","295266.921299999","293088.7361999994","293100.09150000045","299327.5625999995","299283.2605999993","105025.9217999992","295266.29870000033","4983.082599999761","3000","SceneViewing","21","40522.60240000226","21","2560"
"100","100","17_n.wav","1885","1885","#dadada","256","psycho","psycho","psycho","non-restrictive","1","undefined","undefined","1","NA","undefined","NA","undefined","NA","undefined","NA","undefined","NA","NA","undefined","NA","NA","NA","undefined","0","22","22","0","0","0","0","NA","22","22","22","NA","0","NA","NA","22","0","NA","0","NA","0","NA","0","NA","0","NA","NA","NA","0","NA","NA","NA","22","NA","0","22","22","22","22","22","0","22","0","participant_group1.csv","1","NA","NA","NA","Thu Aug  6 18:02:57 2026","NA","The main experiment item","False","VWP_finalSetup_22_7.osexp","C:\Users\plcm\Desktop\2026-EyeTracking\group-eyeconic\OS2\final_recordings_upl","False","mono","False","20","no","#0c0c0c","no","yes","1440","17","18_pos2_nosub.png","18_pos2_sub.png","psycho","22","22","C:\Users\plcm\Desktop\2026-EyeTracking\group-eyeconic\OS2\final_recordings_upl\group 7-12\subject-16.csv","psycho","Neonatal Nightingale","4.1.14","rope","wood","bucket","stone","0","0","space","space","space","NA","space","NA","NA","space","NA","space","NA","space","NA","space","NA","NA","NA","space","NA","NA","NA","956.1713999992353","11753.694000000905","5378.246300000683","NA","956.1713999992353","NA","NA","1979.1824000003544","NA","2907.78759999921","NA","4996.607699999004","NA","3835.9543999995367","NA","NA","NA","4428.137400000196","NA","NA","NA","15857.98849999992","c","23","2","psycho","The man will  move the wood","1024","2","24000","-16","experiment","16","even","2","69714.19199999946","309658.77349999937","307226.9704999999","105025.88649999961","4972.764699999971","69719.39389999898","81478.80809999879","NA","303203.417499999","307226.9187999991","302993.98569999903","NA","69714.26989999964","NA","NA","302036.8355999999","NA","NA","86861.83209999945","NA","88845.18310000021","NA","91756.39570000021","NA","96757.11589999992","NA","NA","NA","100596.92759999962","NA","NA","NA","309678.4420000004","NA","20842.482500000187","303188.2994999996","302026.08429999964","302036.69570000056","307246.42850000056","307203.56449999963","105025.9217999992","303187.8261000002","4983.082599999761","3000","SceneViewing","22","41478.773800001494","22","2560"
"100","100","19_n.wav","1846","1846","#dadada","256","psycho","psycho","psycho","non-restrictive","1","undefined","undefined","1","NA","undefined","NA","undefined","NA","undefined","NA","undefined","NA","NA","undefined","NA","NA","NA","undefined","0","23","23","0","0","0","0","NA","23","23","23","NA","0","NA","NA","23","0","NA","0","NA","0","NA","0","NA","0","NA","NA","NA","0","NA","NA","NA","23","NA","0","23","23","23","23","23","0","23","0","participant_group1.csv","1","NA","NA","NA","Thu Aug  6 18:02:57 2026","NA","The main experiment item","False","VWP_finalSetup_22_7.osexp","C:\Users\plcm\Desktop\2026-EyeTracking\group-eyeconic\OS2\final_recordings_upl","False","mono","False","20","no","#0c0c0c","no","yes","1440","19","20_pos4_nosub.png","20_pos4_sub.png","psycho","23","23","C:\Users\plcm\Desktop\2026-EyeTracking\group-eyeconic\OS2\final_recordings_upl\group 7-12\subject-16.csv","psycho","Neonatal Nightingale","4.1.14","spoon","spatula","bowl","bread","0","0","space","space","space","NA","space","NA","NA","space","NA","space","NA","space","NA","space","NA","NA","NA","space","NA","NA","NA","998.2946000000229","11753.694000000905","5378.246300000683","NA","998.2946000000229","NA","NA","1979.1824000003544","NA","2907.78759999921","NA","4996.607699999004","NA","3835.9543999995367","NA","NA","NA","4428.137400000196","NA","NA","NA","15857.98849999992","c","24","2","psycho","The chef will clean the bread","1024","2","24000","-16","experiment","16","even","4","69714.19199999946","317488.9549999989","314946.93860000005","105025.88649999961","4972.764699999971","69719.39389999898","81478.80809999879","NA","310923.6873999998","314946.8815","310713.6384000005","NA","69714.26989999964","NA","NA","309714.7280999998","NA","NA","86861.83209999945","NA","88845.18310000021","NA","91756.39570000021","NA","96757.11589999992","NA","NA","NA","100596.92759999962","NA","NA","NA","317508.73089999915","NA","20842.482500000187","310907.51719999936","309704.2366999994","309714.60440000007","314966.19339999964","314923.88349999965","105025.9217999992","310907.0535999999","4983.082599999761","3000","SceneViewing","23","42477.06840000152","23","2560"
"100","100","0_r.wav","1879","1879","#dadada","256","psycho","psycho","psycho","restrictive","1","undefined","undefined","1","NA","undefined","NA","undefined","NA","undefined","NA","undefined","NA","NA","undefined","NA","NA","NA","undefined","0","24","24","0","0","0","0","NA","24","24","24","NA","0","NA","NA","24","0","NA","0","NA","0","NA","0","NA","0","NA","NA","NA","0","NA","NA","NA","24","NA","0","24","24","24","24","24","0","24","0","participant_group1.csv","1","NA","NA","NA","Thu Aug  6 18:02:57 2026","NA","The main experiment item","False","VWP_finalSetup_22_7.osexp","C:\Users\plcm\Desktop\2026-EyeTracking\group-eyeconic\OS2\final_recordings_upl","False","mono","False","20","no","#0c0c0c","no","yes","1440","0","1_pos1_nosub.png","1_pos1_sub.png","psycho","24","24","C:\Users\plcm\Desktop\2026-EyeTracking\group-eyeconic\OS2\final_recordings_upl\group 7-12\subject-16.csv","psycho","Neonatal Nightingale","4.1.14","cake","toy-car","toy-train","ball","0","0","space","space","space","NA","space","NA","NA","space","NA","space","NA","space","NA","space","NA","NA","NA","space","NA","NA","NA","2635.1057000011206","11753.694000000905","5378.246300000683","NA","2635.1057000011206","NA","NA","1979.1824000003544","NA","2907.78759999921","NA","4996.607699999004","NA","3835.9543999995367","NA","NA","NA","4428.137400000196","NA","NA","NA","15857.98849999992","c","25","2","psycho","The boy will eat the cake","1024","2","24000","-16","experiment","16","even","1","69714.19199999946","326749.01449999923","324404.87779999967","105025.88649999961","4972.764699999971","69719.39389999898","81478.80809999879","NA","320377.2000999998","324404.7389999996","320161.9071000005","NA","69714.26989999964","NA","NA","317525.9950999989","NA","NA","86861.83209999945","NA","88845.18310000021","NA","91756.39570000021","NA","96757.11589999992","NA","NA","NA","100596.92759999962","NA","NA","NA","326767.9349999998","NA","20842.482500000187","320355.2622999996","317516.49129999895","317525.8957000006","324423.86160000024","324377.9658000003","105025.9217999992","320354.5897999993","4983.082599999761","3000","SceneViewing","24","45112.17410000264","24","2560"
"100","100","40_r.wav","1848","1848","#dadada","256","psycho","psycho","psycho","restrictive","1","undefined","undefined","1","NA","undefined","NA","undefined","NA","undefined","NA","undefined","NA","NA","undefined","NA","NA","NA","undefined","0","25","25","0","0","0","0","NA","25","25","25","NA","0","NA","NA","25","0","NA","0","NA","0","NA","0","NA","0","NA","NA","NA","0","NA","NA","NA","25","NA","0","25","25","25","25","25","0","25","0","participant_group1.csv","1","NA","NA","NA","Thu Aug  6 18:02:57 2026","NA","The main experiment item","False","VWP_finalSetup_22_7.osexp","C:\Users\plcm\Desktop\2026-EyeTracking\group-eyeconic\OS2\final_recordings_upl","False","mono","False","20","no","#0c0c0c","no","yes","1440","40","41_pos1_nosub.png","41_pos1_sub.png","psycho","25","25","C:\Users\plcm\Desktop\2026-EyeTracking\group-eyeconic\OS2\final_recordings_upl\group 7-12\subject-16.csv","psycho","Neonatal Nightingale","4.1.14","blouse","pin","toothbrish","iron","0","0","space","space","space","NA","space","NA","NA","space","NA","space","NA","space","NA","space","NA","NA","NA","space","NA","NA","NA","1098.3122999987681","11753.694000000905","5378.246300000683","NA","1098.3122999987681","NA","NA","1979.1824000003544","NA","2907.78759999921","NA","4996.607699999004","NA","3835.9543999995367","NA","NA","NA","4428.137400000196","NA","NA","NA","15857.98849999992","c","26","2","psycho","The girl will button the blouse","1024","2","24000","-16","experiment","16","even","1","69714.19199999946","334828.7882999994","332138.65729999996","105025.88649999961","4972.764699999971","69719.39389999898","81478.80809999879","NA","328114.3257999993","332138.57800000004","327897.84229999897","NA","69714.26989999964","NA","NA","326798.75530000025","NA","NA","86861.83209999945","NA","88845.18310000021","NA","91756.39570000021","NA","96757.11589999992","NA","NA","NA","100596.92759999962","NA","NA","NA","334847.83459999925","NA","20842.482500000187","328098.911699999","326788.33490000037","326798.61940000043","332157.96959999896","332114.8721999998","105025.9217999992","328098.2150999989","4983.082599999761","3000","SceneViewing","25","46210.486400001406","25","2560"
"100","100","9_n.wav","1822","1822","#dadada","256","psycho","psycho","psycho","non-restrictive","1","undefined","undefined","1","NA","undefined","NA","undefined","NA","undefined","NA","undefined","NA","NA","undefined","NA","NA","NA","undefined","0","26","26","0","0","0","0","NA","26","26","26","NA","0","NA","NA","26","0","NA","0","NA","0","NA","0","NA","0","NA","NA","NA","0","NA","NA","NA","26","NA","0","26","26","26","26","26","0","26","0","participant_group1.csv","1","NA","NA","NA","Thu Aug  6 18:02:57 2026","NA","The main experiment item","False","VWP_finalSetup_22_7.osexp","C:\Users\plcm\Desktop\2026-EyeTracking\group-eyeconic\OS2\final_recordings_upl","False","mono","False","20","no","#0c0c0c","no","yes","1440","9","10_pos2_nosub.png","10_pos2_sub.png","psycho","26","26","C:\Users\plcm\Desktop\2026-EyeTracking\group-eyeconic\OS2\final_recordings_upl\group 7-12\subject-16.csv","psycho","Neonatal Nightingale","4.1.14","bag","book","door","cup","0","0","space","space","space","NA","space","NA","NA","space","NA","space","NA","space","NA","space","NA","NA","NA","space","NA","NA","NA","1168.240900000441","11753.694000000905","5378.246300000683","NA","1168.240900000441","NA","NA","1979.1824000003544","NA","2907.78759999921","NA","4996.607699999004","NA","3835.9543999995367","NA","NA","NA","4428.137400000196","NA","NA","NA","15857.98849999992","c","27","2","psycho","The woman will open the book","1024","2","24000","-16","experiment","16","even","2","69714.19199999946","342108.9355999993","340259.5304999995","105025.88649999961","4972.764699999971","69719.39389999898","81478.80809999879","NA","336234.76870000013","340259.4833000003","336033.6991000004","NA","69714.26989999964","NA","NA","334864.7903000001","NA","NA","86861.83209999945","NA","88845.18310000021","NA","91756.39570000021","NA","96757.11589999992","NA","NA","NA","100596.92759999962","NA","NA","NA","342128.20680000004","NA","20842.482500000187","336219.80549999897","334855.3274999995","334864.6391000002","340278.3749999999","340235.777599999","105025.9217999992","336219.25579999876","4983.082599999761","3000","SceneViewing","26","47378.72730000185","26","2560"
"100","100","15_n.wav","1853","1853","#dadada","256","psycho","psycho","psycho","non-restrictive","1","undefined","undefined","1","NA","undefined","NA","undefined","NA","undefined","NA","undefined","NA","NA","undefined","NA","NA","NA","undefined","0","27","27","0","0","0","0","NA","27","27","27","NA","0","NA","NA","27","0","NA","0","NA","0","NA","0","NA","0","NA","NA","NA","0","NA","NA","NA","27","NA","0","27","27","27","27","27","0","27","0","participant_group1.csv","1","NA","NA","NA","Thu Aug  6 18:02:57 2026","NA","The main experiment item","False","VWP_finalSetup_22_7.osexp","C:\Users\plcm\Desktop\2026-EyeTracking\group-eyeconic\OS2\final_recordings_upl","False","mono","False","20","no","#0c0c0c","no","yes","1440","15","16_pos4_nosub.png","16_pos4_sub.png","psycho","27","27","C:\Users\plcm\Desktop\2026-EyeTracking\group-eyeconic\OS2\final_recordings_upl\group 7-12\subject-16.csv","psycho","Neonatal Nightingale","4.1.14","wallet","magnifying-glass","folder","hat","0","0","space","space","space","NA","space","NA","NA","space","NA","space","NA","space","NA","space","NA","NA","NA","space","NA","NA","NA","2667.9850000000442","11753.694000000905","5378.246300000683","NA","2667.9850000000442","NA","NA","1979.1824000003544","NA","2907.78759999921","NA","4996.607699999004","NA","3835.9543999995367","NA","NA","NA","4428.137400000196","NA","NA","NA","15857.98849999992","c","28","2","psycho","The businessman will  forget the hat","1024","2","24000","-16","experiment","16","even","4","69714.19199999946","352198.79070000025","349051.3412","105025.88649999961","4972.764699999971","69719.39389999898","81478.80809999879","NA","345025.0952999995","349051.2871999999","344818.01129999984","NA","69714.26989999964","NA","NA","342149.04539999954","NA","NA","86861.83209999945","NA","88845.18310000021","NA","91756.39570000021","NA","96757.11589999992","NA","NA","NA","100596.92759999962","NA","NA","NA","352217.71470000024","NA","20842.482500000187","345010.65019999986","342138.9282","342148.8666000005","349071.01440000045","349025.54860000056","105025.9217999992","345009.8235000005","4983.082599999761","3000","SceneViewing","27","50046.71230000189","27","2560"
"100","100","32_r.wav","1899","1899","#dadada","256","psycho","psycho","psycho","restrictive","1","undefined","undefined","1","NA","undefined","NA","undefined","NA","undefined","NA","undefined","NA","NA","undefined","NA","NA","NA","undefined","0","28","28","0","0","0","0","NA","28","28","28","NA","0","NA","NA","28","0","NA","0","NA","0","NA","0","NA","0","NA","NA","NA","0","NA","NA","NA","28","NA","0","28","28","28","28","28","0","28","0","participant_group1.csv","1","NA","NA","NA","Thu Aug  6 18:02:57 2026","NA","The main experiment item","False","VWP_finalSetup_22_7.osexp","C:\Users\plcm\Desktop\2026-EyeTracking\group-eyeconic\OS2\final_recordings_upl","False","mono","False","20","no","#0c0c0c","no","yes","1440","32","33_pos1_nosub.png","33_pos1_sub.png","psycho","28","28","C:\Users\plcm\Desktop\2026-EyeTracking\group-eyeconic\OS2\final_recordings_upl\group 7-12\subject-16.csv","psycho","Neonatal Nightingale","4.1.14","beer","mug","biscuit","kettle","0","0","space","space","space","NA","space","NA","NA","space","NA","space","NA","space","NA","space","NA","NA","NA","space","NA","NA","NA","3143.7172999994946","11753.694000000905","5378.246300000683","NA","3143.7172999994946","NA","NA","1979.1824000003544","NA","2907.78759999921","NA","4996.607699999004","NA","3835.9543999995367","NA","NA","NA","4428.137400000196","NA","NA","NA","15857.98849999992","c","29","2","psycho","The woman will brew the beer","1024","2","24000","-16","experiment","16","even","1","69714.19199999946","362218.87009999953","359631.122499999","105025.88649999961","4972.764699999971","69719.39389999898","81478.80809999879","NA","355607.01829999924","359631.06909999985","355394.4051999988","NA","69714.26989999964","NA","NA","352249.57859999995","NA","NA","86861.83209999945","NA","88845.18310000021","NA","91756.39570000021","NA","96757.11589999992","NA","NA","NA","100596.92759999962","NA","NA","NA","362238.0723999995","NA","20842.482500000187","355591.2210000006","352239.2918000005","352249.4796999999","359650.8224999998","359607.2005999995","105025.9217999992","355590.69219999947","4983.082599999761","3000","SceneViewing","28","53190.429600001386","28","2560"
"100","100","48_r.wav","1893","1893","#dadada","256","psycho","psycho","psycho","restrictive","1","undefined","undefined","1","NA","undefined","NA","undefined","NA","undefined","NA","undefined","NA","NA","undefined","NA","NA","NA","undefined","0","29","29","0","0","0","0","NA","29","29","29","NA","0","NA","NA","29","0","NA","0","NA","0","NA","0","NA","0","NA","NA","NA","0","NA","NA","NA","29","NA","0","29","29","29","29","29","0","29","0","participant_group1.csv","1","NA","NA","NA","Thu Aug  6 18:02:57 2026","NA","The main experiment item","False","VWP_finalSetup_22_7.osexp","C:\Users\plcm\Desktop\2026-EyeTracking\group-eyeconic\OS2\final_recordings_upl","False","mono","False","20","no","#0c0c0c","no","yes","1440","48","49_pos1_nosub.png","49_pos1_sub.png","psycho","29","29","C:\Users\plcm\Desktop\2026-EyeTracking\group-eyeconic\OS2\final_recordings_upl\group 7-12\subject-16.csv","psycho","Neonatal Nightingale","4.1.14","balloon","pump","flag","pouch","0","0","space","space","space","NA","space","NA","NA","space","NA","space","NA","space","NA","space","NA","NA","NA","space","NA","NA","NA","1708.666099999391","11753.694000000905","5378.246300000683","NA","1708.666099999391","NA","NA","1979.1824000003544","NA","2907.78759999921","NA","4996.607699999004","NA","3835.9543999995367","NA","NA","NA","4428.137400000196","NA","NA","NA","15857.98849999992","c","30","2","psycho","The child will inflate the balloon","1024","2","24000","-16","experiment","16","even","1","69714.19199999946","371288.9221000005","368200.00119999895","105025.88649999961","4972.764699999971","69719.39389999898","81478.80809999879","NA","364176.80350000045","368199.9321999992","363977.6533999993","NA","69714.26989999964","NA","NA","362268.3606999999","NA","NA","86861.83209999945","NA","88845.18310000021","NA","91756.39570000021","NA","96757.11589999992","NA","NA","NA","100596.92759999962","NA","NA","NA","371307.7790999996","NA","20842.482500000187","364161.7719999995","362258.23309999943","362268.2186000002","368218.96879999986","368177.00390000024","105025.9217999992","364161.24899999885","4983.082599999761","3000","SceneViewing","29","54899.09570000078","29","2560"
"100","100","28_r.wav","1852","1852","#dadada","256","psycho","psycho","psycho","restrictive","1","undefined","undefined","1","NA","undefined","NA","undefined","NA","undefined","NA","undefined","NA","NA","undefined","NA","NA","NA","undefined","0","30","30","0","0","0","0","NA","30","30","30","NA","0","NA","NA","30","0","NA","0","NA","0","NA","0","NA","0","NA","NA","NA","0","NA","NA","NA","30","NA","0","30","30","30","30","30","0","30","0","participant_group1.csv","1","NA","NA","NA","Thu Aug  6 18:02:57 2026","NA","The main experiment item","False","VWP_finalSetup_22_7.osexp","C:\Users\plcm\Desktop\2026-EyeTracking\group-eyeconic\OS2\final_recordings_upl","False","mono","False","20","no","#0c0c0c","no","yes","1440","28","29_pos1_nosub.png","29_pos1_sub.png","psycho","30","30","C:\Users\plcm\Desktop\2026-EyeTracking\group-eyeconic\OS2\final_recordings_upl\group 7-12\subject-16.csv","psycho","Neonatal Nightingale","4.1.14","milk","glove","nut","sock","0","0","space","space","space","NA","space","NA","NA","space","NA","space","NA","space","NA","space","NA","NA","NA","space","NA","NA","NA","677.1358000005712","11753.694000000905","5378.246300000683","NA","677.1358000005712","NA","NA","1979.1824000003544","NA","2907.78759999921","NA","4996.607699999004","NA","3835.9543999995367","NA","NA","NA","4428.137400000196","NA","NA","NA","15857.98849999992","c","31","2","psycho","The cat will drink the milk","1024","2","24000","-16","experiment","16","even","1","69714.19199999946","378739.007799999","376253.618499999","105025.88649999961","4972.764699999971","69719.39389999898","81478.80809999879","NA","372229.22839999956","376253.5558","372009.7072999997","NA","69714.26989999964","NA","NA","371331.9180999988","NA","NA","86861.83209999945","NA","88845.18310000021","NA","91756.39570000021","NA","96757.11589999992","NA","NA","NA","100596.92759999962","NA","NA","NA","378757.90400000004","NA","20842.482500000187","372213.50189999974","371321.8466999988","371331.77029999933","376272.5081999997","376229.6877999997","105025.9217999992","372213.0660000002","4983.082599999761","3000","SceneViewing","30","55576.23150000135","30","2560"
"100","100","23_n.wav","1814","1814","#dadada","256","psycho","psycho","psycho","non-restrictive","1","undefined","undefined","1","NA","undefined","NA","undefined","NA","undefined","NA","undefined","NA","NA","undefined","NA","NA","NA","undefined","0","31","31","0","0","0","0","NA","31","31","31","NA","0","NA","NA","31","0","NA","0","NA","0","NA","0","NA","0","NA","NA","NA","0","NA","NA","NA","31","NA","0","31","31","31","31","31","0","31","0","participant_group1.csv","1","NA","NA","NA","Thu Aug  6 18:02:57 2026","NA","The main experiment item","False","VWP_finalSetup_22_7.osexp","C:\Users\plcm\Desktop\2026-EyeTracking\group-eyeconic\OS2\final_recordings_upl","False","mono","False","20","no","#0c0c0c","no","yes","1440","23","24_pos4_nosub.png","24_pos4_sub.png","psycho","31","31","C:\Users\plcm\Desktop\2026-EyeTracking\group-eyeconic\OS2\final_recordings_upl\group 7-12\subject-16.csv","psycho","Neonatal Nightingale","4.1.14","pencil","needle","card","scarf","0","0","space","space","space","NA","space","NA","NA","space","NA","space","NA","space","NA","space","NA","NA","NA","space","NA","NA","NA","682.9540999988094","11753.694000000905","5378.246300000683","NA","682.9540999988094","NA","NA","1979.1824000003544","NA","2907.78759999921","NA","4996.607699999004","NA","3835.9543999995367","NA","NA","NA","4428.137400000196","NA","NA","NA","15857.98849999992","c","32","2","psycho","The girl will hold the scarf","1024","2","24000","-16","experiment","16","even","4","69714.19199999946","386369.13809999893","383704.3111000003","105025.88649999961","4972.764699999971","69719.39389999898","81478.80809999879","NA","379679.7368999996","383704.1792","379473.85589999973","NA","69714.26989999964","NA","NA","378790.09550000046","NA","NA","86861.83209999945","NA","88845.18310000021","NA","91756.39570000021","NA","96757.11589999992","NA","NA","NA","100596.92759999962","NA","NA","NA","386388.90039999934","NA","20842.482500000187","379664.7768999992","378780.34599999955","378789.9615999995","383724.083699999","383680.2203999996","105025.9217999992","379664.1987999992","4983.082599999761","3000","SceneViewing","31","56259.18560000016","31","2560"
"100","100","16_r.wav","1860","1860","#dadada","256","psycho","psycho","psycho","restrictive","1","undefined","undefined","1","NA","undefined","NA","undefined","NA","undefined","NA","undefined","NA","NA","undefined","NA","NA","NA","undefined","0","32","32","0","0","0","0","NA","32","32","32","NA","0","NA","NA","32","0","NA","0","NA","0","NA","0","NA","0","NA","NA","NA","0","NA","NA","NA","32","NA","0","32","32","32","32","32","0","32","0","participant_group1.csv","1","NA","NA","NA","Thu Aug  6 18:02:57 2026","NA","The main experiment item","False","VWP_finalSetup_22_7.osexp","C:\Users\plcm\Desktop\2026-EyeTracking\group-eyeconic\OS2\final_recordings_upl","False","mono","False","20","no","#0c0c0c","no","yes","1440","16","17_pos1_nosub.png","17_pos1_sub.png","psycho","32","32","C:\Users\plcm\Desktop\2026-EyeTracking\group-eyeconic\OS2\final_recordings_upl\group 7-12\subject-16.csv","psycho","Neonatal Nightingale","4.1.14","dress","lantern","backpack","ribbon","0","0","space","space","space","NA","space","NA","NA","space","NA","space","NA","space","NA","space","NA","NA","NA","space","NA","NA","NA","3284.492999999202","11753.694000000905","5378.246300000683","NA","3284.492999999202","NA","NA","1979.1824000003544","NA","2907.78759999921","NA","4996.607699999004","NA","3835.9543999995367","NA","NA","NA","4428.137400000196","NA","NA","NA","15857.98849999992","c","33","2","psycho","The woman will wear the dress","1024","2","24000","-16","experiment","16","even","1","69714.19199999946","396528.7477999991","393928.34869999933","105025.88649999961","4972.764699999971","69719.39389999898","81478.80809999879","NA","389904.8101999997","393928.2746999997","389705.77349999984","NA","69714.26989999964","NA","NA","386420.56779999984","NA","NA","86861.83209999945","NA","88845.18310000021","NA","91756.39570000021","NA","96757.11589999992","NA","NA","NA","100596.92759999962","NA","NA","NA","396547.8536999999","NA","20842.482500000187","389888.7302000003","386410.65369999886","386420.46560000017","393948.255199999","393905.0078","105025.9217999992","389888.1390000006","4983.082599999761","3000","SceneViewing","32","59543.67859999936","32","2560"
"100","100","13_n.wav","1834","1834","#dadada","256","psycho","psycho","psycho","non-restrictive","1","undefined","undefined","1","NA","undefined","NA","undefined","NA","undefined","NA","undefined","NA","NA","undefined","NA","NA","NA","undefined","0","33","33","0","0","0","0","NA","33","33","33","NA","0","NA","NA","33","0","NA","0","NA","0","NA","0","NA","0","NA","NA","NA","0","NA","NA","NA","33","NA","0","33","33","33","33","33","0","33","0","participant_group1.csv","1","NA","NA","NA","Thu Aug  6 18:02:57 2026","NA","The main experiment item","False","VWP_finalSetup_22_7.osexp","C:\Users\plcm\Desktop\2026-EyeTracking\group-eyeconic\OS2\final_recordings_upl","False","mono","False","20","no","#0c0c0c","no","yes","1440","13","14_pos2_nosub.png","14_pos2_sub.png","psycho","33","33","C:\Users\plcm\Desktop\2026-EyeTracking\group-eyeconic\OS2\final_recordings_upl\group 7-12\subject-16.csv","psycho","Neonatal Nightingale","4.1.14","glasses","cigarettes","filofax","briefcase","0","0","space","space","space","NA","space","NA","NA","space","NA","space","NA","space","NA","space","NA","NA","NA","space","NA","NA","NA","1000.1988999993191","11753.694000000905","5378.246300000683","NA","1000.1988999993191","NA","NA","1979.1824000003544","NA","2907.78759999921","NA","4996.607699999004","NA","3835.9543999995367","NA","NA","NA","4428.137400000196","NA","NA","NA","15857.98849999992","c","34","2","psycho","The man will  collect the cigarettes","1024","2","24000","-16","experiment","16","even","2","69714.19199999946","404848.7518999991","401822.8486999997","105025.88649999961","4972.764699999971","69719.39389999898","81478.80809999879","NA","397797.9075999992","401822.7769999994","397585.6827999996","NA","69714.26989999964","NA","NA","396584.8155000003","NA","NA","86861.83209999945","NA","88845.18310000021","NA","91756.39570000021","NA","96757.11589999992","NA","NA","NA","100596.92759999962","NA","NA","NA","404867.8216999997","NA","20842.482500000187","397783.4932000005","396575.52009999927","396584.7123000003","401841.92599999916","401798.41449999914","105025.9217999992","397782.84530000016","4983.082599999761","3000","SceneViewing","33","60543.87749999868","33","2560"
"100","100","1_n.wav","1795","1795","#dadada","256","psycho","psycho","psycho","non-restrictive","1","undefined","undefined","1","NA","undefined","NA","undefined","NA","undefined","NA","undefined","NA","NA","undefined","NA","NA","NA","undefined","0","34","34","0","0","0","0","NA","34","34","34","NA","0","NA","NA","34","0","NA","0","NA","0","NA","0","NA","0","NA","NA","NA","0","NA","NA","NA","34","NA","0","34","34","34","34","34","0","34","0","participant_group1.csv","1","NA","NA","NA","Thu Aug  6 18:02:57 2026","NA","The main experiment item","False","VWP_finalSetup_22_7.osexp","C:\Users\plcm\Desktop\2026-EyeTracking\group-eyeconic\OS2\final_recordings_upl","False","mono","False","20","no","#0c0c0c","no","yes","1440","1","2_pos2_nosub.png","2_pos2_sub.png","psycho","34","34","C:\Users\plcm\Desktop\2026-EyeTracking\group-eyeconic\OS2\final_recordings_upl\group 7-12\subject-16.csv","psycho","Neonatal Nightingale","4.1.14","lipstick","wine","cheese","chair","0","0","space","space","space","NA","space","NA","NA","space","NA","space","NA","space","NA","space","NA","NA","NA","space","NA","NA","NA","509.7603999983985","11753.694000000905","5378.246300000683","NA","509.7603999983985","NA","NA","1979.1824000003544","NA","2907.78759999921","NA","4996.607699999004","NA","3835.9543999995367","NA","NA","NA","4428.137400000196","NA","NA","NA","15857.98849999992","c","35","2","psycho","The woman will try the wine","1024","2","24000","-16","experiment","16","even","2","69714.19199999946","412248.85319999885","409638.64560000005","105025.88649999961","4972.764699999971","69719.39389999898","81478.80809999879","NA","405614.2732999997","409638.5955999995","405410.4981","NA","69714.26989999964","NA","NA","404899.4956000006","NA","NA","86861.83209999945","NA","88845.18310000021","NA","91756.39570000021","NA","96757.11589999992","NA","NA","NA","100596.92759999962","NA","NA","NA","412268.23680000054","NA","20842.482500000187","405598.4404999999","404888.0642000004","404899.32229999977","409657.9863999996","409614.6768999988","105025.9217999992","405597.830499999","4983.082599999761","3000","SceneViewing","34","61053.63789999708","34","2560"
"100","100","45_n.wav","1762","1762","#dadada","256","psycho","psycho","psycho","non-restrictive","1","undefined","undefined","1","NA","undefined","NA","undefined","NA","undefined","NA","undefined","NA","NA","undefined","NA","NA","NA","undefined","0","35","35","0","0","0","0","NA","35","35","35","NA","0","NA","NA","35","0","NA","0","NA","0","NA","0","NA","0","NA","NA","NA","0","NA","NA","NA","35","NA","0","35","35","35","35","35","0","35","0","participant_group1.csv","1","NA","NA","NA","Thu Aug  6 18:02:57 2026","NA","The main experiment item","False","VWP_finalSetup_22_7.osexp","C:\Users\plcm\Desktop\2026-EyeTracking\group-eyeconic\OS2\final_recordings_upl","False","mono","False","20","no","#0c0c0c","no","yes","1440","45","46_pos2_nosub.png","46_pos2_sub.png","psycho","35","35","C:\Users\plcm\Desktop\2026-EyeTracking\group-eyeconic\OS2\final_recordings_upl\group 7-12\subject-16.csv","psycho","Neonatal Nightingale","4.1.14","pot","carrot","laddle","peeler","0","0","space","space","space","NA","space","NA","NA","space","NA","space","NA","space","NA","space","NA","NA","NA","space","NA","NA","NA","634.4440000011236","11753.694000000905","5378.246300000683","NA","634.4440000011236","NA","NA","1979.1824000003544","NA","2907.78759999921","NA","4996.607699999004","NA","3835.9543999995367","NA","NA","NA","4428.137400000196","NA","NA","NA","15857.98849999992","c","36","2","psycho","The chef will carry the carrot","1024","2","24000","-16","experiment","16","even","2","69714.19199999946","419779.03890000016","417162.78609999974","105025.88649999961","4972.764699999971","69719.39389999898","81478.80809999879","NA","413139.0481999988","417162.7205000004","412930.2625","NA","69714.26989999964","NA","NA","412294.5724999991","NA","NA","86861.83209999945","NA","88845.18310000021","NA","91756.39570000021","NA","96757.11589999992","NA","NA","NA","100596.92759999962","NA","NA","NA","419798.9319999997","NA","20842.482500000187","413123.54959999904","412284.2309999996","412294.46329999884","417182.48349999887","417139.4092999999","105025.9217999992","413123.0775999993","4983.082599999761","3000","SceneViewing","35","61688.0818999982","35","2560"
"100","100","34_r.wav","1744","1744","#dadada","256","psycho","psycho","psycho","restrictive","1","undefined","undefined","1","NA","undefined","NA","undefined","NA","undefined","NA","undefined","NA","NA","undefined","NA","NA","NA","undefined","0","36","36","0","0","0","0","NA","36","36","36","NA","0","NA","NA","36","0","NA","0","NA","0","NA","0","NA","0","NA","NA","NA","0","NA","NA","NA","36","NA","0","36","36","36","36","36","0","36","0","participant_group1.csv","1","NA","NA","NA","Thu Aug  6 18:02:57 2026","NA","The main experiment item","False","VWP_finalSetup_22_7.osexp","C:\Users\plcm\Desktop\2026-EyeTracking\group-eyeconic\OS2\final_recordings_upl","False","mono","False","20","no","#0c0c0c","no","yes","1440","34","35_pos3_nosub.png","35_pos3_sub.png","psycho","36","36","C:\Users\plcm\Desktop\2026-EyeTracking\group-eyeconic\OS2\final_recordings_upl\group 7-12\subject-16.csv","psycho","Neonatal Nightingale","4.1.14","notebook","pillow","radio","puzzle","0","0","space","space","space","NA","space","NA","NA","space","NA","space","NA","space","NA","space","NA","NA","NA","space","NA","NA","NA","1108.0082999996957","11753.694000000905","5378.246300000683","NA","1108.0082999996957","NA","NA","1979.1824000003544","NA","2907.78759999921","NA","4996.607699999004","NA","3835.9543999995367","NA","NA","NA","4428.137400000196","NA","NA","NA","15857.98849999992","c","37","2","psycho","The boy will switch on the radio","1024","2","24000","-16","experiment","16","even","3","69714.19199999946","428248.82489999983","425179.8011999999","105025.88649999961","4972.764699999971","69719.39389999898","81478.80809999879","NA","421156.0922999997","425179.748999999","420937.80739999964","NA","69714.26989999964","NA","NA","419829.01569999923","NA","NA","86861.83209999945","NA","88845.18310000021","NA","91756.39570000021","NA","96757.11589999992","NA","NA","NA","100596.92759999962","NA","NA","NA","428268.44600000005","NA","20842.482500000187","421139.8580999994","419819.41929999995","419828.9062999993","425199.0647000002","425156.8141999997","105025.9217999992","421139.477499999","4983.082599999761","3000","SceneViewing","36","62796.090199997896","36","2560"
"100","100","12_r.wav","1726","1726","#dadada","256","psycho","psycho","psycho","restrictive","1","undefined","undefined","1","NA","undefined","NA","undefined","NA","undefined","NA","undefined","NA","NA","undefined","NA","NA","NA","undefined","0","37","37","0","0","0","0","NA","37","37","37","NA","0","NA","NA","37","0","NA","0","NA","0","NA","0","NA","0","NA","NA","NA","0","NA","NA","NA","37","NA","0","37","37","37","37","37","0","37","0","participant_group1.csv","1","NA","NA","NA","Thu Aug  6 18:02:57 2026","NA","The main experiment item","False","VWP_finalSetup_22_7.osexp","C:\Users\plcm\Desktop\2026-EyeTracking\group-eyeconic\OS2\final_recordings_upl","False","mono","False","20","no","#0c0c0c","no","yes","1440","12","13_pos1_nosub.png","13_pos1_sub.png","psycho","37","37","C:\Users\plcm\Desktop\2026-EyeTracking\group-eyeconic\OS2\final_recordings_upl\group 7-12\subject-16.csv","psycho","Neonatal Nightingale","4.1.14","boat","birds","sun","car","0","0","space","space","space","NA","space","NA","NA","space","NA","space","NA","space","NA","space","NA","NA","NA","space","NA","NA","NA","1079.706300000893","11753.694000000905","5378.246300000683","NA","1079.706300000893","NA","NA","1979.1824000003544","NA","2907.78759999921","NA","4996.607699999004","NA","3835.9543999995367","NA","NA","NA","4428.137400000196","NA","NA","NA","15857.98849999992","c","38","2","psycho","The man will sail the boat","1024","2","24000","-16","experiment","16","even","1","69714.19199999946","436098.99539999967","433625.3158","105025.88649999961","4972.764699999971","69719.39389999898","81478.80809999879","NA","429601.23910000036","433625.23270000017","429378.7408999997","NA","69714.26989999964","NA","NA","428297.80219999887","NA","NA","86861.83209999945","NA","88845.18310000021","NA","91756.39570000021","NA","96757.11589999992","NA","NA","NA","100596.92759999962","NA","NA","NA","436118.38589999935","NA","20842.482500000187","429585.1598999998","428288.24129999883","428297.66519999976","433644.2637","433601.78189999895","105025.9217999992","429584.6552999992","4983.082599999761","3000","SceneViewing","37","63875.79649999879","37","2560"
"100","100","25_n.wav","1710","1710","#dadada","256","psycho","psycho","psycho","non-restrictive","1","undefined","undefined","1","NA","undefined","NA","undefined","NA","undefined","NA","undefined","NA","NA","undefined","NA","NA","NA","undefined","0","38","38","0","0","0","0","NA","38","38","38","NA","0","NA","NA","38","0","NA","0","NA","0","NA","0","NA","0","NA","NA","NA","0","NA","NA","NA","38","NA","0","38","38","38","38","38","0","38","0","participant_group1.csv","1","NA","NA","NA","Thu Aug  6 18:02:57 2026","NA","The main experiment item","False","VWP_finalSetup_22_7.osexp","C:\Users\plcm\Desktop\2026-EyeTracking\group-eyeconic\OS2\final_recordings_upl","False","mono","False","20","no","#0c0c0c","no","yes","1440","25","26_pos2_nosub.png","26_pos2_sub.png","psycho","38","38","C:\Users\plcm\Desktop\2026-EyeTracking\group-eyeconic\OS2\final_recordings_upl\group 7-12\subject-16.csv","psycho","Neonatal Nightingale","4.1.14","rope","canvas","keyboard","peach","0","0","space","space","space","NA","space","NA","NA","space","NA","space","NA","space","NA","space","NA","NA","NA","space","NA","NA","NA","1107.3355999997002","11753.694000000905","5378.246300000683","NA","1107.3355999997002","NA","NA","1979.1824000003544","NA","2907.78759999921","NA","4996.607699999004","NA","3835.9543999995367","NA","NA","NA","4428.137400000196","NA","NA","NA","15857.98849999992","c","39","2","psycho","The man will move the canvas","1024","2","24000","-16","experiment","16","even","2","69714.19199999946","444288.84979999927","441531.69499999966","105025.88649999961","4972.764699999971","69719.39389999898","81478.80809999879","NA","437507.3627999991","441531.62580000027","437257.72139999934","NA","69714.26989999964","NA","NA","436149.6514999999","NA","NA","86861.83209999945","NA","88845.18310000021","NA","91756.39570000021","NA","96757.11589999992","NA","NA","NA","100596.92759999962","NA","NA","NA","444308.01280000014","NA","20842.482500000187","437492.8915","436139.3086999997","436149.5469999991","441550.7870999991","441507.99279999954","105025.9217999992","437492.27169999905","4983.082599999761","3000","SceneViewing","38","64983.13209999849","38","2560"
"100","100","3_n.wav","1683","1683","#dadada","256","psycho","psycho","psycho","non-restrictive","1","undefined","undefined","1","NA","undefined","NA","undefined","NA","undefined","NA","undefined","NA","NA","undefined","NA","NA","NA","undefined","0","39","39","0","0","0","0","NA","39","39","39","NA","0","NA","NA","39","0","NA","0","NA","0","NA","0","NA","0","NA","NA","NA","0","NA","NA","NA","39","NA","0","39","39","39","39","39","0","39","0","participant_group1.csv","1","NA","NA","NA","Thu Aug  6 18:02:57 2026","NA","The main experiment item","False","VWP_finalSetup_22_7.osexp","C:\Users\plcm\Desktop\2026-EyeTracking\group-eyeconic\OS2\final_recordings_upl","False","mono","False","20","no","#0c0c0c","no","yes","1440","3","4_pos4_nosub.png","4_pos4_sub.png","psycho","39","39","C:\Users\plcm\Desktop\2026-EyeTracking\group-eyeconic\OS2\final_recordings_upl\group 7-12\subject-16.csv","psycho","Neonatal Nightingale","4.1.14","plant","stool","rocking-horse","baby","0","0","space","space","space","NA","space","NA","NA","space","NA","space","NA","space","NA","space","NA","NA","NA","space","NA","NA","NA","687.6809999994584","11753.694000000905","5378.246300000683","NA","687.6809999994584","NA","NA","1979.1824000003544","NA","2907.78759999921","NA","4996.607699999004","NA","3835.9543999995367","NA","NA","NA","4428.137400000196","NA","NA","NA","15857.98849999992","c","40","2","psycho","The woman will touch the baby","1024","2","24000","-16","experiment","16","even","4","69714.19199999946","452018.83629999973","449274.11699999904","105025.88649999961","4972.764699999971","69719.39389999898","81478.80809999879","NA","445249.37539999885","449274.0679999988","445033.8262000005","NA","69714.26989999964","NA","NA","444345.3795999994","NA","NA","86861.83209999945","NA","88845.18310000021","NA","91756.39570000021","NA","96757.11589999992","NA","NA","NA","100596.92759999962","NA","NA","NA","452038.18820000015","NA","20842.482500000187","445234.33629999997","444335.01799999975","444345.27200000046","449292.98519999976","449249.7131","105025.9217999992","445233.60030000005","4983.082599999761","3000","SceneViewing","39","65670.81309999795","39","2560"
"100","100","38_r.wav","1655","1655","#dadada","256","psycho","psycho","psycho","restrictive","1","undefined","undefined","1","NA","undefined","NA","undefined","NA","undefined","NA","undefined","NA","NA","undefined","NA","NA","NA","undefined","0","40","40","0","0","0","0","NA","40","40","40","NA","0","NA","NA","40","0","NA","0","NA","0","NA","0","NA","0","NA","NA","NA","0","NA","NA","NA","40","NA","0","40","40","40","40","40","0","40","0","participant_group1.csv","1","NA","NA","NA","Thu Aug  6 18:02:57 2026","NA","The main experiment item","False","VWP_finalSetup_22_7.osexp","C:\Users\plcm\Desktop\2026-EyeTracking\group-eyeconic\OS2\final_recordings_upl","False","mono","False","20","no","#0c0c0c","no","yes","1440","38","39_pos3_nosub.png","39_pos3_sub.png","psycho","40","40","C:\Users\plcm\Desktop\2026-EyeTracking\group-eyeconic\OS2\final_recordings_upl\group 7-12\subject-16.csv","psycho","Neonatal Nightingale","4.1.14","broom","cloth","apron","mop","0","0","space","space","space","NA","space","NA","NA","space","NA","space","NA","space","NA","space","NA","NA","NA","space","NA","NA","NA","561.1182000011904","11753.694000000905","5378.246300000683","NA","561.1182000011904","NA","NA","1979.1824000003544","NA","2907.78759999921","NA","4996.607699999004","NA","3835.9543999995367","NA","NA","NA","4428.137400000196","NA","NA","NA","15857.98849999992","c","41","2","psycho","The woman will tie the apron","1024","2","24000","-16","experiment","16","even","3","69714.19199999946","459548.71189999906","456857.5614000001","105025.88649999961","4972.764699999971","69719.39389999898","81478.80809999879","NA","452833.5828999989","456857.5080999999","452618.0100000001","NA","69714.26989999964","NA","NA","452055.9130999991","NA","NA","86861.83209999945","NA","88845.18310000021","NA","91756.39570000021","NA","96757.11589999992","NA","NA","NA","100596.92759999962","NA","NA","NA","459568.2452000001","NA","20842.482500000187","452818.7392999989","452045.61359999934","452055.78439999954","456876.7011","456834.2080000002","105025.9217999992","452817.92549999955","4983.082599999761","3000","SceneViewing","40","66231.93129999914","40","2560"
"100","100","26_r.wav","1645","1645","#dadada","256","psycho","psycho","psycho","restrictive","1","undefined","undefined","1","NA","undefined","NA","undefined","NA","undefined","NA","undefined","NA","NA","undefined","NA","NA","NA","undefined","0","41","41","0","0","0","0","NA","41","41","41","NA","0","NA","NA","41","0","NA","0","NA","0","NA","0","NA","0","NA","NA","NA","0","NA","NA","NA","41","NA","0","41","41","41","41","41","0","41","0","participant_group1.csv","1","NA","NA","NA","Thu Aug  6 18:02:57 2026","NA","The main experiment item","False","VWP_finalSetup_22_7.osexp","C:\Users\plcm\Desktop\2026-EyeTracking\group-eyeconic\OS2\final_recordings_upl","False","mono","False","20","no","#0c0c0c","no","yes","1440","26","27_pos3_nosub.png","27_pos3_sub.png","psycho","41","41","C:\Users\plcm\Desktop\2026-EyeTracking\group-eyeconic\OS2\final_recordings_upl\group 7-12\subject-16.csv","psycho","Neonatal Nightingale","4.1.14","coin","coaster","candle","package","0","0","space","space","space","NA","space","NA","NA","space","NA","space","NA","space","NA","space","NA","NA","NA","space","NA","NA","NA","1219.2938000007416","11753.694000000905","5378.246300000683","NA","1219.2938000007416","NA","NA","1979.1824000003544","NA","2907.78759999921","NA","4996.607699999004","NA","3835.9543999995367","NA","NA","NA","4428.137400000196","NA","NA","NA","15857.98849999992","c","42","2","psycho","The woman will blow out the candle","1024","2","24000","-16","experiment","16","even","3","69714.19199999946","468078.79180000053","465055.9734999988","105025.88649999961","4972.764699999971","69719.39389999898","81478.80809999879","NA","461031.9374999999","465055.92059999984","460818.15019999887","NA","69714.26989999964","NA","NA","459597.87119999964","NA","NA","86861.83209999945","NA","88845.18310000021","NA","91756.39570000021","NA","96757.11589999992","NA","NA","NA","100596.92759999962","NA","NA","NA","468098.259299999","NA","20842.482500000187","461016.93519999937","459587.96769999934","459597.749999999","465075.2424000002","465032.1485999994","105025.9217999992","461016.4624999998","4983.082599999761","3000","SceneViewing","41","67451.22509999988","41","2560"
"100","100","30_r.wav","1621","1621","#dadada","256","psycho","psycho","psycho","restrictive","1","undefined","undefined","1","NA","undefined","NA","undefined","NA","undefined","NA","undefined","NA","NA","undefined","NA","NA","NA","undefined","0","42","42","0","0","0","0","NA","42","42","42","NA","0","NA","NA","42","0","NA","0","NA","0","NA","0","NA","0","NA","NA","NA","0","NA","NA","NA","42","NA","0","42","42","42","42","42","0","42","0","participant_group1.csv","1","NA","NA","NA","Thu Aug  6 18:02:57 2026","NA","The main experiment item","False","VWP_finalSetup_22_7.osexp","C:\Users\plcm\Desktop\2026-EyeTracking\group-eyeconic\OS2\final_recordings_upl","False","mono","False","20","no","#0c0c0c","no","yes","1440","30","31_pos3_nosub.png","31_pos3_sub.png","psycho","42","42","C:\Users\plcm\Desktop\2026-EyeTracking\group-eyeconic\OS2\final_recordings_upl\group 7-12\subject-16.csv","psycho","Neonatal Nightingale","4.1.14","watch","headphones","dice","cap","0","0","space","space","space","NA","space","NA","NA","space","NA","space","NA","space","NA","space","NA","NA","NA","space","NA","NA","NA","672.4873000002699","11753.694000000905","5378.246300000683","NA","672.4873000002699","NA","NA","1979.1824000003544","NA","2907.78759999921","NA","4996.607699999004","NA","3835.9543999995367","NA","NA","NA","4428.137400000196","NA","NA","NA","15857.98849999992","c","43","2","psycho","The girl will roll the dice","1024","2","24000","-16","experiment","16","even","3","69714.19199999946","475648.996599999","473033.8608000002","105025.88649999961","4972.764699999971","69719.39389999898","81478.80809999879","NA","469009.7595999996","473033.8052999996","468801.8553999991","NA","69714.26989999964","NA","NA","468128.5201999999","NA","NA","86861.83209999945","NA","88845.18310000021","NA","91756.39570000021","NA","96757.11589999992","NA","NA","NA","100596.92759999962","NA","NA","NA","475668.0183999997","NA","20842.482500000187","468994.8673999988","468118.5327000003","468128.3567999999","473054.2838000001","473010.1190000005","105025.9217999992","468994.26089999906","4983.082599999761","3000","SceneViewing","42","68123.71240000015","42","2560"
"100","100","4_r.wav","1597","1597","#dadada","256","psycho","psycho","psycho","restrictive","1","undefined","undefined","1","NA","undefined","NA","undefined","NA","undefined","NA","undefined","NA","NA","undefined","NA","NA","NA","undefined","0","43","43","0","0","0","0","NA","43","43","43","NA","0","NA","NA","43","0","NA","0","NA","0","NA","0","NA","0","NA","NA","NA","0","NA","NA","NA","43","NA","0","43","43","43","43","43","0","43","0","participant_group1.csv","1","NA","NA","NA","Thu Aug  6 18:02:57 2026","NA","The main experiment item","False","VWP_finalSetup_22_7.osexp","C:\Users\plcm\Desktop\2026-EyeTracking\group-eyeconic\OS2\final_recordings_upl","False","mono","False","20","no","#0c0c0c","no","yes","1440","4","5_pos1_nosub.png","5_pos1_sub.png","psycho","43","43","C:\Users\plcm\Desktop\2026-EyeTracking\group-eyeconic\OS2\final_recordings_upl\group 7-12\subject-16.csv","psycho","Neonatal Nightingale","4.1.14","ball","paper-plane","acorns","shuttle-cock","0","0","space","space","space","NA","space","NA","NA","space","NA","space","NA","space","NA","space","NA","NA","NA","space","NA","NA","NA","563.5481999997864","11753.694000000905","5378.246300000683","NA","563.5481999997864","NA","NA","1979.1824000003544","NA","2907.78759999921","NA","4996.607699999004","NA","3835.9543999995367","NA","NA","NA","4428.137400000196","NA","NA","NA","15857.98849999992","c","44","2","psycho","The boy will bounce the ball","1024","2","24000","-16","experiment","16","even","1","69714.19199999946","483078.81499999895","480499.83249999967","105025.88649999961","4972.764699999971","69719.39389999898","81478.80809999879","NA","476475.64129999955","480499.7652000002","476249.7375000003","NA","69714.26989999964","NA","NA","475685.4626000004","NA","NA","86861.83209999945","NA","88845.18310000021","NA","91756.39570000021","NA","96757.11589999992","NA","NA","NA","100596.92759999962","NA","NA","NA","483098.33289999916","NA","20842.482500000187","476460.1720999999","475675.9469999997","475685.3486","480519.5554000002","480476.2042000002","105025.9217999992","476459.36609999987","4983.082599999761","3000","SceneViewing","43","68687.26059999994","43","2560"
"100","100","42_r.wav","1591","1591","#dadada","256","psycho","psycho","psycho","restrictive","1","undefined","undefined","1","NA","undefined","NA","undefined","NA","undefined","NA","undefined","NA","NA","undefined","NA","NA","NA","undefined","0","44","44","0","0","0","0","NA","44","44","44","NA","0","NA","NA","44","0","NA","0","NA","0","NA","0","NA","0","NA","NA","NA","0","NA","NA","NA","44","NA","0","44","44","44","44","44","0","44","0","participant_group1.csv","1","NA","NA","NA","Thu Aug  6 18:02:57 2026","NA","The main experiment item","False","VWP_finalSetup_22_7.osexp","C:\Users\plcm\Desktop\2026-EyeTracking\group-eyeconic\OS2\final_recordings_upl","False","mono","False","20","no","#0c0c0c","no","yes","1440","42","43_pos3_nosub.png","43_pos3_sub.png","psycho","44","44","C:\Users\plcm\Desktop\2026-EyeTracking\group-eyeconic\OS2\final_recordings_upl\group 7-12\subject-16.csv","psycho","Neonatal Nightingale","4.1.14","chalk","ruler","shirt","apple","0","0","space","space","space","NA","space","NA","NA","space","NA","space","NA","space","NA","space","NA","NA","NA","space","NA","NA","NA","1357.410600001458","11753.694000000905","5378.246300000683","NA","1357.410600001458","NA","NA","1979.1824000003544","NA","2907.78759999921","NA","4996.607699999004","NA","3835.9543999995367","NA","NA","NA","4428.137400000196","NA","NA","NA","15857.98849999992","c","45","2","psycho","The woman will sew the shirt","1024","2","24000","-16","experiment","16","even","3","69714.19199999946","491228.8768999988","488703.5247999993","105025.88649999961","4972.764699999971","69719.39389999898","81478.80809999879","NA","484679.9797000003","488703.4609000002","484473.89999999903","NA","69714.26989999964","NA","NA","483115.66159999894","NA","NA","86861.83209999945","NA","88845.18310000021","NA","91756.39570000021","NA","96757.11589999992","NA","NA","NA","100596.92759999962","NA","NA","NA","491248.44389999995","NA","20842.482500000187","484664.7646000001","483105.59379999904","483115.5144000004","488722.8011999996","488680.6287999989","105025.9217999992","484664.3626999994","4983.082599999761","3000","SceneViewing","44","70044.6712000014","44","2560"
"100","100","10_r.wav","1580","1580","#dadada","256","psycho","psycho","psycho","restrictive","1","undefined","undefined","1","NA","undefined","NA","undefined","NA","undefined","NA","undefined","NA","NA","undefined","NA","NA","NA","undefined","0","45","45","0","0","0","0","NA","45","45","45","NA","0","NA","NA","45","0","NA","0","NA","0","NA","0","NA","0","NA","NA","NA","0","NA","NA","NA","45","NA","0","45","45","45","45","45","0","45","0","participant_group1.csv","1","NA","NA","NA","Thu Aug  6 18:02:57 2026","NA","The main experiment item","False","VWP_finalSetup_22_7.osexp","C:\Users\plcm\Desktop\2026-EyeTracking\group-eyeconic\OS2\final_recordings_upl","False","mono","False","20","no","#0c0c0c","no","yes","1440","10","11_pos3_nosub.png","11_pos3_sub.png","psycho","45","45","C:\Users\plcm\Desktop\2026-EyeTracking\group-eyeconic\OS2\final_recordings_upl\group 7-12\subject-16.csv","psycho","Neonatal Nightingale","4.1.14","dog","wastebin","washing-machine","mirror","0","0","space","space","space","NA","space","NA","NA","space","NA","space","NA","space","NA","space","NA","NA","NA","space","NA","NA","NA","1070.8869999998715","11753.694000000905","5378.246300000683","NA","1070.8869999998715","NA","NA","1979.1824000003544","NA","2907.78759999921","NA","4996.607699999004","NA","3835.9543999995367","NA","NA","NA","4428.137400000196","NA","NA","NA","15857.98849999992","c","46","2","psycho","The man will repair the washing machine","1024","2","24000","-16","experiment","16","even","3","69714.19199999946","500098.95619999955","496608.99710000015","105025.88649999961","4972.764699999971","69719.39389999898","81478.80809999879","NA","492583.4137999991","496608.94389999885","492345.71440000035","NA","69714.26989999964","NA","NA","491274.1301999995","NA","NA","86861.83209999945","NA","88845.18310000021","NA","91756.39570000021","NA","96757.11589999992","NA","NA","NA","100596.92759999962","NA","NA","NA","500117.8731999989","NA","20842.482500000187","492566.7515999994","491265.0089999988","491274.0285999989","496628.7960999998","496583.92339999956","105025.9217999992","492566.17349999945","4983.082599999761","3000","SceneViewing","45","71115.55820000127","45","2560"
"100","100","39_n.wav","1557","1557","#dadada","256","psycho","psycho","psycho","non-restrictive","1","undefined","undefined","1","NA","undefined","NA","undefined","NA","undefined","NA","undefined","NA","NA","undefined","NA","NA","NA","undefined","0","46","46","0","0","0","0","NA","46","46","46","NA","0","NA","NA","46","0","NA","0","NA","0","NA","0","NA","0","NA","NA","NA","0","NA","NA","NA","46","NA","0","46","46","46","46","46","0","46","0","participant_group1.csv","1","NA","NA","NA","Thu Aug  6 18:02:57 2026","NA","The main experiment item","False","VWP_finalSetup_22_7.osexp","C:\Users\plcm\Desktop\2026-EyeTracking\group-eyeconic\OS2\final_recordings_upl","False","mono","False","20","no","#0c0c0c","no","yes","1440","39","40_pos4_nosub.png","40_pos4_sub.png","psycho","46","46","C:\Users\plcm\Desktop\2026-EyeTracking\group-eyeconic\OS2\final_recordings_upl\group 7-12\subject-16.csv","psycho","Neonatal Nightingale","4.1.14","shampoo","mat","buckle","shoelace","0","0","space","space","space","NA","space","NA","NA","space","NA","space","NA","space","NA","space","NA","NA","NA","space","NA","NA","NA","522.3402999999817","11753.694000000905","5378.246300000683","NA","522.3402999999817","NA","NA","1979.1824000003544","NA","2907.78759999921","NA","4996.607699999004","NA","3835.9543999995367","NA","NA","NA","4428.137400000196","NA","NA","NA","15857.98849999992","c","47","2","psycho","The boy will move the shoelace","1024","2","24000","-16","experiment","16","even","4","69714.19199999946","507518.9907000004","504925.5936999998","105025.88649999961","4972.764699999971","69719.39389999898","81478.80809999879","NA","500900.2672000006","504925.50660000055","500689.86149999907","NA","69714.26989999964","NA","NA","500166.7854999996","NA","NA","86861.83209999945","NA","88845.18310000021","NA","91756.39570000021","NA","96757.11589999992","NA","NA","NA","100596.92759999962","NA","NA","NA","507538.8574999997","NA","20842.482500000187","500885.5616000001","500156.7875000001","500166.5983999992","504944.5211000002","504900.8945999994","105025.9217999992","500884.86319999903","4983.082599999761","3000","SceneViewing","46","71637.89850000125","46","2560"
"100","100","41_n.wav","1553","1553","#dadada","256","psycho","psycho","psycho","non-restrictive","1","undefined","undefined","1","NA","undefined","NA","undefined","NA","undefined","NA","undefined","NA","NA","undefined","NA","NA","NA","undefined","0","47","47","0","0","0","0","NA","47","47","47","NA","0","NA","NA","47","0","NA","0","NA","0","NA","0","NA","0","NA","NA","NA","0","NA","NA","NA","47","NA","0","47","47","47","47","47","0","47","0","participant_group1.csv","1","NA","NA","NA","Thu Aug  6 18:02:57 2026","NA","The main experiment item","False","VWP_finalSetup_22_7.osexp","C:\Users\plcm\Desktop\2026-EyeTracking\group-eyeconic\OS2\final_recordings_upl","False","mono","False","20","no","#0c0c0c","no","yes","1440","41","42_pos2_nosub.png","42_pos2_sub.png","psycho","47","47","C:\Users\plcm\Desktop\2026-EyeTracking\group-eyeconic\OS2\final_recordings_upl\group 7-12\subject-16.csv","psycho","Neonatal Nightingale","4.1.14","shell","orange","stone","cone","0","0","space","space","space","NA","space","NA","NA","space","NA","space","NA","space","NA","space","NA","NA","NA","space","NA","NA","NA","1356.3354999987641","11753.694000000905","5378.246300000683","NA","1356.3354999987641","NA","NA","1979.1824000003544","NA","2907.78759999921","NA","4996.607699999004","NA","3835.9543999995367","NA","NA","NA","4428.137400000196","NA","NA","NA","15857.98849999992","c","48","2","psycho","The boy will move the orange","1024","2","24000","-16","experiment","16","even","2","69714.19199999946","515758.90549999895","513156.44880000036","105025.88649999961","4972.764699999971","69719.39389999898","81478.80809999879","NA","509132.5631999989","513156.38529999886","508913.9428999988","NA","69714.26989999964","NA","NA","507556.78950000036","NA","NA","86861.83209999945","NA","88845.18310000021","NA","91756.39570000021","NA","96757.11589999992","NA","NA","NA","100596.92759999962","NA","NA","NA","515777.8312999999","NA","20842.482500000187","509117.3003999993","507546.6975999989","507556.67899999936","513175.9125999997","513132.7383999997","105025.9217999992","509116.6871000005","4983.082599999761","3000","SceneViewing","47","72994.23400000001","47","2560"
"100","100","47_n.wav","1547","1547","#dadada","256","psycho","psycho","psycho","non-restrictive","1","undefined","undefined","1","NA","undefined","NA","undefined","NA","undefined","NA","undefined","NA","NA","undefined","NA","NA","NA","undefined","0","48","48","0","0","0","0","NA","48","48","48","NA","0","NA","NA","48","0","NA","0","NA","0","NA","0","NA","0","NA","NA","NA","0","NA","NA","NA","48","NA","0","48","48","48","48","48","0","48","0","participant_group1.csv","1","NA","NA","NA","Thu Aug  6 18:02:57 2026","NA","The main experiment item","False","VWP_finalSetup_22_7.osexp","C:\Users\plcm\Desktop\2026-EyeTracking\group-eyeconic\OS2\final_recordings_upl","False","mono","False","20","no","#0c0c0c","no","yes","1440","47","48_pos4_nosub.png","48_pos4_sub.png","psycho","48","48","C:\Users\plcm\Desktop\2026-EyeTracking\group-eyeconic\OS2\final_recordings_upl\group 7-12\subject-16.csv","psycho","Neonatal Nightingale","4.1.14","dustpan","roller","footstool","carpet","0","0","space","space","space","NA","space","NA","NA","space","NA","space","NA","space","NA","space","NA","NA","NA","space","NA","NA","NA","1309.0350999991642","11753.694000000905","5378.246300000683","NA","1309.0350999991642","NA","NA","1979.1824000003544","NA","2907.78759999921","NA","4996.607699999004","NA","3835.9543999995367","NA","NA","NA","4428.137400000196","NA","NA","NA","15857.98849999992","c","49","2","psycho","The girl will move the carpet","1024","2","24000","-16","experiment","16","even","4","69714.19199999946","524118.9099000003","521338.6790000004","105025.88649999961","4972.764699999971","69719.39389999898","81478.80809999879","NA","517314.6679999991","521338.61810000055","517105.9107000001","NA","69714.26989999964","NA","NA","515796.069","NA","NA","86861.83209999945","NA","88845.18310000021","NA","91756.39570000021","NA","96757.11589999992","NA","NA","NA","100596.92759999962","NA","NA","NA","524138.23930000036","NA","20842.482500000187","517299.11580000044","515785.4927999997","515795.9181000006","521358.2671000004","521314.9379999995","105025.9217999992","517298.6194999994","4983.082599999761","3000","SceneViewing","48","74303.26909999918","48","2560"
"100","100","22_r.wav","1530","1530","#dadada","256","psycho","psycho","psycho","restrictive","1","undefined","undefined","1","NA","undefined","NA","undefined","NA","undefined","NA","undefined","NA","NA","undefined","NA","NA","NA","undefined","0","49","49","0","0","0","0","NA","49","49","49","NA","0","NA","NA","49","0","NA","0","NA","0","NA","0","NA","0","NA","NA","NA","0","NA","NA","NA","49","NA","0","49","49","49","49","49","0","49","0","participant_group1.csv","1","NA","NA","NA","Thu Aug  6 18:02:57 2026","NA","The main experiment item","False","VWP_finalSetup_22_7.osexp","C:\Users\plcm\Desktop\2026-EyeTracking\group-eyeconic\OS2\final_recordings_upl","False","mono","False","20","no","#0c0c0c","no","yes","1440","22","23_pos3_nosub.png","23_pos3_sub.png","psycho","49","49","C:\Users\plcm\Desktop\2026-EyeTracking\group-eyeconic\OS2\final_recordings_upl\group 7-12\subject-16.csv","psycho","Neonatal Nightingale","4.1.14","poster","towel","coat","hook","0","0","space","space","space","NA","space","NA","NA","space","NA","space","NA","space","NA","space","NA","NA","NA","space","NA","NA","NA","688.4068999988958","11753.694000000905","5378.246300000683","NA","688.4068999988958","NA","NA","1979.1824000003544","NA","2907.78759999921","NA","4996.607699999004","NA","3835.9543999995367","NA","NA","NA","4428.137400000196","NA","NA","NA","15857.98849999992","c","50","2","psycho","The girl will zip the coat","1024","2","24000","-16","experiment","16","even","3","69714.19199999946","531609.0406999992","529102.9658999996","105025.88649999961","4972.764699999971","69719.39389999898","81478.80809999879","NA","525078.3286999995","529102.9118999995","524858.080099999","NA","69714.26989999964","NA","NA","524168.63190000004","NA","NA","86861.83209999945","NA","88845.18310000021","NA","91756.39570000021","NA","96757.11589999992","NA","NA","NA","100596.92759999962","NA","NA","NA","531628.2312999993","NA","20842.482500000187","525062.4681999998","524158.25269999914","524168.4829999995","529122.0816999994","529078.7385000003","105025.9217999992","525061.7941","4983.082599999761","3000","SceneViewing","49","74991.67599999807","49","2560"
