"acc","accuracy","audio_file","average_response_time","avg_rt","background","block_size","canvas_backend","clock_backend","color_backend","condition","correct","correct_experiment_intro","correct_experiment_intro2","correct_new_1_keyboard_response","correct_new_2_keyboard_response","correct_new_2_sketchpad","correct_new_3_keyboard_response","correct_new_3_sketchpad","correct_new_4_keyboard_response","correct_new_4_sketchpad","correct_new_5_keyboard_response","correct_new_5_sketchpad","correct_new_6_keyboard_response","correct_new_7_keyboard_response","correct_new_7_sketchpad","correct_new_8_keyboard_response","correct_new_keyboard_response","correct_new_mouse_response","correct_welcome","count_accuracy_output","count_audio_file_offset","count_audio_file_onset_log","count_definitions","count_experiment","count_experiment_intro","count_experiment_intro2","count_image_delay","count_image_nosub","count_image_sub","count_increment_roundCounter","count_instruction","count_instructions","count_log_instruction","count_new_1_inline_script","count_new_1_keyboard_response","count_new_1_sketchpad","count_new_2_keyboard_response","count_new_2_sketchpad","count_new_3_keyboard_response","count_new_3_sketchpad","count_new_4_keyboard_response","count_new_4_sketchpad","count_new_5_keyboard_response","count_new_5_sketchpad","count_new_6_keyboard_response","count_new_6_sketchpad","count_new_7_keyboard_response","count_new_7_sketchpad","count_new_8_keyboard_response","count_new_inline_script","count_new_keyboard_response","count_new_logger","count_new_mouse_response","count_new_pygaze_init","count_new_pygaze_start_recording","count_new_pygaze_stop_recording","count_new_sketchpad","count_sentence_audio","count_subject_onset_log","count_trial_loop","count_trial_sequence","count_welcome","csv_filepath","csv_id","cursor_roi","cursor_x","cursor_y","datetime","delay_image_delay","description","disable_garbage_collection","experiment_file","experiment_path","font_bold","font_family","font_italic","font_size","font_underline","foreground","form_clicks","fullscreen","height","id","image_nosub","image_sub","keyboard_backend","live_row","live_row_trial_loop","logfile","mouse_backend","opensesame_codename","opensesame_version","position1","position2","position3","position4","psychopy_screen","repeat_cycle","response","response_experiment_intro","response_experiment_intro2","response_instruction","response_new_1_keyboard_response","response_new_1_sketchpad","response_new_2_keyboard_response","response_new_2_sketchpad","response_new_3_keyboard_response","response_new_3_sketchpad","response_new_4_keyboard_response","response_new_4_sketchpad","response_new_5_keyboard_response","response_new_5_sketchpad","response_new_6_keyboard_response","response_new_6_sketchpad","response_new_7_keyboard_response","response_new_7_sketchpad","response_new_8_keyboard_response","response_new_keyboard_response","response_new_mouse_response","response_time","response_time_experiment_intro","response_time_experiment_intro2","response_time_instruction","response_time_new_1_keyboard_response","response_time_new_1_sketchpad","response_time_new_2_keyboard_response","response_time_new_2_sketchpad","response_time_new_3_keyboard_response","response_time_new_3_sketchpad","response_time_new_4_keyboard_response","response_time_new_4_sketchpad","response_time_new_5_keyboard_response","response_time_new_5_sketchpad","response_time_new_6_keyboard_response","response_time_new_6_sketchpad","response_time_new_7_keyboard_response","response_time_new_7_sketchpad","response_time_new_8_keyboard_response","response_time_new_keyboard_response","response_time_new_mouse_response","response_time_welcome","response_welcome","round","round_decimals","sampler_backend","sentence","sound_buf_size","sound_channels","sound_freq","sound_sample_size","start","subject_nr","subject_parity","target_position","time_accuracy_output","time_audio_file_offset","time_audio_file_onset_log","time_definitions","time_experiment","time_experiment_intro","time_experiment_intro2","time_image_delay","time_image_nosub","time_image_sub","time_increment_roundCounter","time_instruction","time_instructions","time_log_instruction","time_new_1_inline_script","time_new_1_keyboard_response","time_new_1_sketchpad","time_new_2_keyboard_response","time_new_2_sketchpad","time_new_3_keyboard_response","time_new_3_sketchpad","time_new_4_keyboard_response","time_new_4_sketchpad","time_new_5_keyboard_response","time_new_5_sketchpad","time_new_6_keyboard_response","time_new_6_sketchpad","time_new_7_keyboard_response","time_new_7_sketchpad","time_new_8_keyboard_response","time_new_inline_script","time_new_keyboard_response","time_new_logger","time_new_mouse_response","time_new_pygaze_init","time_new_pygaze_start_recording","time_new_pygaze_stop_recording","time_new_sketchpad","time_sentence_audio","time_subject_onset_log","time_trial_loop","time_trial_sequence","time_welcome","timeout","title","total_correct","total_response_time","total_responses","width"
"undefined","undefined","40_r.wav","undefined","undefined","#dadada","256","psycho","psycho","psycho","restrictive","undefined","undefined","undefined","NA","NA","undefined","NA","undefined","NA","undefined","NA","undefined","NA","NA","undefined","NA","NA","NA","undefined","0","0","0","0","0","0","0","NA","0","0","0","NA","0","NA","NA","0","0","NA","0","NA","0","NA","0","NA","0","NA","NA","NA","0","NA","NA","NA","0","NA","0","0","0","0","0","0","0","0","0","participant_group7.csv","7","NA","NA","NA","Wed Jul 29 15:45:53 2026","NA","The main experiment item","False","VWP_finalSetup_22_7.osexp","C:\Users\plcm\Desktop\2026-EyeTracking\group-eyeconic\OS2\final_recordings_upl","False","mono","False","20","no","#0c0c0c","no","yes","1440","40","41_pos4_nosub.png","41_pos4_sub.png","psycho","0","0","C:\Users\plcm\Desktop\2026-EyeTracking\group-eyeconic\OS2\final_recordings_upl\subject-6.csv","psycho","Neonatal Nightingale","4.1.14","pin","toothbrish","iron","blouse","0","0","space","space","space","NA","NA","NA","NA","space","NA","space","NA","space","NA","space","NA","NA","NA","space","NA","NA","NA","1531.9962999928975","20544.710200003465","8321.046799988835","NA","NA","NA","NA","1531.7969000025187","NA","1572.1831999981077","NA","2324.6080999961123","NA","4155.202199995983","NA","NA","NA","1531.9962999928975","NA","NA","NA","2031.780000004801","c","1","2","psycho","The girl will button the blouse","1024","2","24000","-16","experiment","6","even","4","88913.37670000212","136231.11829999834","133523.4880999924","128928.65590000292","5111.677699998836","88919.19259999122","109470.78180000244","NA","129491.37479999627","133523.39380000194","NA","NA","88913.45860000001","NA","NA","NA","NA","NA","117796.02129998966","NA","119331.75179999671","NA","120907.21669999766","NA","123236.62250000052","NA","NA","NA","127395.92589999666","NA","NA","NA","136257.17969999823","NA","7155.6129999953555","129177.66980000306","NA","NA","133547.75379999774","133492.0662999939","128928.6843000009","129177.11129999952","5122.096299994155","3000","SceneViewing","0","0","0","2560"
"100","100","30_r.wav","2043","2043","#dadada","256","psycho","psycho","psycho","restrictive","1","undefined","undefined","1","NA","undefined","NA","undefined","NA","undefined","NA","undefined","NA","NA","undefined","NA","NA","NA","undefined","0","1","1","0","0","0","0","NA","1","1","1","NA","0","NA","NA","1","0","NA","0","NA","0","NA","0","NA","0","NA","NA","NA","0","NA","NA","NA","1","NA","0","1","1","1","1","1","0","1","0","participant_group7.csv","7","NA","NA","NA","Wed Jul 29 15:45:53 2026","NA","The main experiment item","False","VWP_finalSetup_22_7.osexp","C:\Users\plcm\Desktop\2026-EyeTracking\group-eyeconic\OS2\final_recordings_upl","False","mono","False","20","no","#0c0c0c","no","yes","1440","30","31_pos2_nosub.png","31_pos2_sub.png","psycho","1","1","C:\Users\plcm\Desktop\2026-EyeTracking\group-eyeconic\OS2\final_recordings_upl\subject-6.csv","psycho","Neonatal Nightingale","4.1.14","headphones","dice","cap","watch","0","0","space","space","space","NA","space","NA","NA","space","NA","space","NA","space","NA","space","NA","NA","NA","space","NA","NA","NA","2043.9481000066735","20544.710200003465","8321.046799988835","NA","2043.9481000066735","NA","NA","1531.7969000025187","NA","1572.1831999981077","NA","2324.6080999961123","NA","4155.202199995983","NA","NA","NA","1531.9962999928975","NA","NA","NA","2031.780000004801","c","2","2","psycho","The girl will roll the dice","1024","2","24000","-16","experiment","6","even","2","88913.37670000212","145231.21299999184","142629.25189999805","128928.65590000292","5111.677699998836","88919.19259999122","109470.78180000244","NA","138604.61719999148","142629.17780000134","138352.81479998957","NA","88913.45860000001","NA","NA","136307.91049999243","NA","NA","117796.02129998966","NA","119331.75179999671","NA","120907.21669999766","NA","123236.62250000052","NA","NA","NA","127395.92589999666","NA","NA","NA","145250.21469999047","NA","7155.6129999953555","138584.16359999683","136286.86389999348","136307.7409999969","142648.3758999966","142605.25799999596","128928.6843000009","138583.43839998997","5122.096299994155","3000","SceneViewing","1","2043.9481000066735","1","2560"
"100","100","9_n.wav","1394","1394","#dadada","256","psycho","psycho","psycho","non-restrictive","1","undefined","undefined","1","NA","undefined","NA","undefined","NA","undefined","NA","undefined","NA","NA","undefined","NA","NA","NA","undefined","0","2","2","0","0","0","0","NA","2","2","2","NA","0","NA","NA","2","0","NA","0","NA","0","NA","0","NA","0","NA","NA","NA","0","NA","NA","NA","2","NA","0","2","2","2","2","2","0","2","0","participant_group7.csv","7","NA","NA","NA","Wed Jul 29 15:45:53 2026","NA","The main experiment item","False","VWP_finalSetup_22_7.osexp","C:\Users\plcm\Desktop\2026-EyeTracking\group-eyeconic\OS2\final_recordings_upl","False","mono","False","20","no","#0c0c0c","no","yes","1440","9","10_pos1_nosub.png","10_pos1_sub.png","psycho","2","2","C:\Users\plcm\Desktop\2026-EyeTracking\group-eyeconic\OS2\final_recordings_upl\subject-6.csv","psycho","Neonatal Nightingale","4.1.14","book","door","cup","bag","0","0","space","space","space","NA","space","NA","NA","space","NA","space","NA","space","NA","space","NA","NA","NA","space","NA","NA","NA","744.2058000015095","20544.710200003465","8321.046799988835","NA","744.2058000015095","NA","NA","1531.7969000025187","NA","1572.1831999981077","NA","2324.6080999961123","NA","4155.202199995983","NA","NA","NA","1531.9962999928975","NA","NA","NA","2031.780000004801","c","3","2","psycho","The woman will open the book","1024","2","24000","-16","experiment","6","even","1","88913.37670000212","152141.4466999995","150292.88959999394","128928.65590000292","5111.677699998836","88919.19259999122","109470.78180000244","NA","146269.27799999248","150292.83179999038","146024.5680999942","NA","88913.45860000001","NA","NA","145279.6929999895","NA","NA","117796.02129998966","NA","119331.75179999671","NA","120907.21669999766","NA","123236.62250000052","NA","NA","NA","127395.92589999666","NA","NA","NA","152161.10349999508","NA","7155.6129999953555","146253.28009999066","145269.57779999066","145279.5283000014","150312.5527999946","150269.4163999986","128928.6843000009","146252.6816000027","5122.096299994155","3000","SceneViewing","2","2788.153900008183","2","2560"
"100","100","29_n.wav","1277","1277","#dadada","256","psycho","psycho","psycho","non-restrictive","1","undefined","undefined","1","NA","undefined","NA","undefined","NA","undefined","NA","undefined","NA","NA","undefined","NA","NA","NA","undefined","0","3","3","0","0","0","0","NA","3","3","3","NA","0","NA","NA","3","0","NA","0","NA","0","NA","0","NA","0","NA","NA","NA","0","NA","NA","NA","3","NA","0","3","3","3","3","3","0","3","0","participant_group7.csv","7","NA","NA","NA","Wed Jul 29 15:45:53 2026","NA","The main experiment item","False","VWP_finalSetup_22_7.osexp","C:\Users\plcm\Desktop\2026-EyeTracking\group-eyeconic\OS2\final_recordings_upl","False","mono","False","20","no","#0c0c0c","no","yes","1440","29","30_pos1_nosub.png","30_pos1_sub.png","psycho","3","3","C:\Users\plcm\Desktop\2026-EyeTracking\group-eyeconic\OS2\final_recordings_upl\subject-6.csv","psycho","Neonatal Nightingale","4.1.14","newspaper","comb","eraser","tissue","0","0","space","space","space","NA","space","NA","NA","space","NA","space","NA","space","NA","space","NA","NA","NA","space","NA","NA","NA","1045.0087000062922","20544.710200003465","8321.046799988835","NA","1045.0087000062922","NA","NA","1531.7969000025187","NA","1572.1831999981077","NA","2324.6080999961123","NA","4155.202199995983","NA","NA","NA","1531.9962999928975","NA","NA","NA","2031.780000004801","c","4","2","psycho","The grandmother will eadturn the newspaper","1024","2","24000","-16","experiment","6","even","1","88913.37670000212","160231.1888999975","157497.98149999697","128928.65590000292","5111.677699998836","88919.19259999122","109470.78180000244","NA","153473.1591000018","157497.9056000011","153224.4820999913","NA","88913.45860000001","NA","NA","152178.8874999911","NA","NA","117796.02129998966","NA","119331.75179999671","NA","120907.21669999766","NA","123236.62250000052","NA","NA","NA","127395.92589999666","NA","NA","NA","160250.66189999052","NA","7155.6129999953555","153456.66650000203","152168.2748000021","152178.7897000031","157517.29839999462","157473.83969998918","128928.6843000009","153455.81590000074","5122.096299994155","3000","SceneViewing","3","3833.162600014475","3","2560"
"100","100","10_r.wav","1109","1109","#dadada","256","psycho","psycho","psycho","restrictive","1","undefined","undefined","1","NA","undefined","NA","undefined","NA","undefined","NA","undefined","NA","NA","undefined","NA","NA","NA","undefined","0","4","4","0","0","0","0","NA","4","4","4","NA","0","NA","NA","4","0","NA","0","NA","0","NA","0","NA","0","NA","NA","NA","0","NA","NA","NA","4","NA","0","4","4","4","4","4","0","4","0","participant_group7.csv","7","NA","NA","NA","Wed Jul 29 15:45:53 2026","NA","The main experiment item","False","VWP_finalSetup_22_7.osexp","C:\Users\plcm\Desktop\2026-EyeTracking\group-eyeconic\OS2\final_recordings_upl","False","mono","False","20","no","#0c0c0c","no","yes","1440","10","11_pos2_nosub.png","11_pos2_sub.png","psycho","4","4","C:\Users\plcm\Desktop\2026-EyeTracking\group-eyeconic\OS2\final_recordings_upl\subject-6.csv","psycho","Neonatal Nightingale","4.1.14","wastebin","washing-machine","mirror","dog","0","0","space","space","space","NA","space","NA","NA","space","NA","space","NA","space","NA","space","NA","NA","NA","space","NA","NA","NA","605.7494999986375","20544.710200003465","8321.046799988835","NA","605.7494999986375","NA","NA","1531.7969000025187","NA","1572.1831999981077","NA","2324.6080999961123","NA","4155.202199995983","NA","NA","NA","1531.9962999928975","NA","NA","NA","2031.780000004801","c","5","2","psycho","The man will repair the washing machine","1024","2","24000","-16","experiment","6","even","2","88913.37670000212","168651.06930000184","165171.05839999567","128928.65590000292","5111.677699998836","88919.19259999122","109470.78180000244","NA","161146.75439998973","165170.9942000016","160888.51499999873","NA","88913.45860000001","NA","NA","160282.11040000315","NA","NA","117796.02129998966","NA","119331.75179999671","NA","120907.21669999766","NA","123236.62250000052","NA","NA","NA","127395.92589999666","NA","NA","NA","168670.34099999","NA","7155.6129999953555","161129.90189999982","160271.0012000025","160281.90200000245","165190.80139999278","165147.39569999801","128928.6843000009","161129.2803999968","5122.096299994155","3000","SceneViewing","4","4438.912100013113","4","2560"
"100","100","37_n.wav","982","982","#dadada","256","psycho","psycho","psycho","non-restrictive","1","undefined","undefined","1","NA","undefined","NA","undefined","NA","undefined","NA","undefined","NA","NA","undefined","NA","NA","NA","undefined","0","5","5","0","0","0","0","NA","5","5","5","NA","0","NA","NA","5","0","NA","0","NA","0","NA","0","NA","0","NA","NA","NA","0","NA","NA","NA","5","NA","0","5","5","5","5","5","0","5","0","participant_group7.csv","7","NA","NA","NA","Wed Jul 29 15:45:53 2026","NA","The main experiment item","False","VWP_finalSetup_22_7.osexp","C:\Users\plcm\Desktop\2026-EyeTracking\group-eyeconic\OS2\final_recordings_upl","False","mono","False","20","no","#0c0c0c","no","yes","1440","37","38_pos1_nosub.png","38_pos1_sub.png","psycho","5","5","C:\Users\plcm\Desktop\2026-EyeTracking\group-eyeconic\OS2\final_recordings_upl\subject-6.csv","psycho","Neonatal Nightingale","4.1.14","banana","mitten","marker","key","0","0","space","space","space","NA","space","NA","NA","space","NA","space","NA","space","NA","space","NA","NA","NA","space","NA","NA","NA","471.194400000968","20544.710200003465","8321.046799988835","NA","471.194400000968","NA","NA","1531.7969000025187","NA","1572.1831999981077","NA","2324.6080999961123","NA","4155.202199995983","NA","NA","NA","1531.9962999928975","NA","NA","NA","2031.780000004801","c","6","2","psycho","The boy will move the banana","1024","2","24000","-16","experiment","6","even","1","88913.37670000212","176141.3717999967","173417.94709999522","128928.65590000292","5111.677699998836","88919.19259999122","109470.78180000244","NA","169392.02430000296","173417.88509998878","169168.51509999833","NA","88913.45860000001","NA","NA","168696.66119999602","NA","NA","117796.02129998966","NA","119331.75179999671","NA","120907.21669999766","NA","123236.62250000052","NA","NA","NA","127395.92589999666","NA","NA","NA","176160.56829999434","NA","7155.6129999953555","169375.25450000248","168687.2355999949","168696.55709998915","173436.86299999536","173392.4030999915","128928.6843000009","169374.70010000106","5122.096299994155","3000","SceneViewing","5","4910.106500014081","5","2560"
"100","100","6_r.wav","827","827","#dadada","256","psycho","psycho","psycho","restrictive","1","undefined","undefined","1","NA","undefined","NA","undefined","NA","undefined","NA","undefined","NA","NA","undefined","NA","NA","NA","undefined","0","6","6","0","0","0","0","NA","6","6","6","NA","0","NA","NA","6","0","NA","0","NA","0","NA","0","NA","0","NA","NA","NA","0","NA","NA","NA","6","NA","0","6","6","6","6","6","0","6","0","participant_group7.csv","7","NA","NA","NA","Wed Jul 29 15:45:53 2026","NA","The main experiment item","False","VWP_finalSetup_22_7.osexp","C:\Users\plcm\Desktop\2026-EyeTracking\group-eyeconic\OS2\final_recordings_upl","False","mono","False","20","no","#0c0c0c","no","yes","1440","6","7_pos2_nosub.png","7_pos2_sub.png","psycho","6","6","C:\Users\plcm\Desktop\2026-EyeTracking\group-eyeconic\OS2\final_recordings_upl\subject-6.csv","psycho","Neonatal Nightingale","4.1.14","jug","mushrooms","knife","weighing-scales","0","0","space","space","space","NA","space","NA","NA","space","NA","space","NA","space","NA","space","NA","NA","NA","space","NA","NA","NA","53.38800000026822","20544.710200003465","8321.046799988835","NA","53.38800000026822","NA","NA","1531.7969000025187","NA","1572.1831999981077","NA","2324.6080999961123","NA","4155.202199995983","NA","NA","NA","1531.9962999928975","NA","NA","NA","2031.780000004801","c","7","2","psycho","The housewife will fry the mushrooms","1024","2","24000","-16","experiment","6","even","2","88913.37670000212","183861.25509999692","180487.54180000105","128928.65590000292","5111.677699998836","88919.19259999122","109470.78180000244","NA","176462.86909999617","180487.4712000019","176232.55429998972","NA","88913.45860000001","NA","NA","176178.48299999605","NA","NA","117796.02129998966","NA","119331.75179999671","NA","120907.21669999766","NA","123236.62250000052","NA","NA","NA","127395.92589999666","NA","NA","NA","183880.3951000009","NA","7155.6129999953555","176446.42690000182","176168.02779999853","176178.33179999434","180506.710200003","180463.21499999613","128928.6843000009","176445.94150000194","5122.096299994155","3000","SceneViewing","6","4963.494500014349","6","2560"
"100","100","22_r.wav","755","755","#dadada","256","psycho","psycho","psycho","restrictive","1","undefined","undefined","1","NA","undefined","NA","undefined","NA","undefined","NA","undefined","NA","NA","undefined","NA","NA","NA","undefined","0","7","7","0","0","0","0","NA","7","7","7","NA","0","NA","NA","7","0","NA","0","NA","0","NA","0","NA","0","NA","NA","NA","0","NA","NA","NA","7","NA","0","7","7","7","7","7","0","7","0","participant_group7.csv","7","NA","NA","NA","Wed Jul 29 15:45:53 2026","NA","The main experiment item","False","VWP_finalSetup_22_7.osexp","C:\Users\plcm\Desktop\2026-EyeTracking\group-eyeconic\OS2\final_recordings_upl","False","mono","False","20","no","#0c0c0c","no","yes","1440","22","23_pos2_nosub.png","23_pos2_sub.png","psycho","7","7","C:\Users\plcm\Desktop\2026-EyeTracking\group-eyeconic\OS2\final_recordings_upl\subject-6.csv","psycho","Neonatal Nightingale","4.1.14","towel","coat","hook","poster","0","0","space","space","space","NA","space","NA","NA","space","NA","space","NA","space","NA","space","NA","NA","NA","space","NA","NA","NA","325.59379999293014","20544.710200003465","8321.046799988835","NA","325.59379999293014","NA","NA","1531.7969000025187","NA","1572.1831999981077","NA","2324.6080999961123","NA","4155.202199995983","NA","NA","NA","1531.9962999928975","NA","NA","NA","2031.780000004801","c","8","2","psycho","The girl will zip the coat","1024","2","24000","-16","experiment","6","even","2","88913.37670000212","190971.47579999","188464.25779999117","128928.65590000292","5111.677699998836","88919.19259999122","109470.78180000244","NA","184440.3958999901","188464.1944999894","184224.68889999436","NA","88913.45860000001","NA","NA","183898.31859999686","NA","NA","117796.02129998966","NA","119331.75179999671","NA","120907.21669999766","NA","123236.62250000052","NA","NA","NA","127395.92589999666","NA","NA","NA","190990.7622000028","NA","7155.6129999953555","184424.59860000235","183888.1832999905","183898.17980000225","188484.275099996","188440.61079999665","128928.6843000009","184423.9235999994","5122.096299994155","3000","SceneViewing","7","5289.088300007279","7","2560"
"100","100","49_n.wav","701","701","#dadada","256","psycho","psycho","psycho","non-restrictive","1","undefined","undefined","1","NA","undefined","NA","undefined","NA","undefined","NA","undefined","NA","NA","undefined","NA","NA","NA","undefined","0","8","8","0","0","0","0","NA","8","8","8","NA","0","NA","NA","8","0","NA","0","NA","0","NA","0","NA","0","NA","NA","NA","0","NA","NA","NA","8","NA","0","8","8","8","8","8","0","8","0","participant_group7.csv","7","NA","NA","NA","Wed Jul 29 15:45:53 2026","NA","The main experiment item","False","VWP_finalSetup_22_7.osexp","C:\Users\plcm\Desktop\2026-EyeTracking\group-eyeconic\OS2\final_recordings_upl","False","mono","False","20","no","#0c0c0c","no","yes","1440","49","50_pos1_nosub.png","50_pos1_sub.png","psycho","8","8","C:\Users\plcm\Desktop\2026-EyeTracking\group-eyeconic\OS2\final_recordings_upl\subject-6.csv","psycho","Neonatal Nightingale","4.1.14","stamp","envelope","rubberband","scissors","0","0","space","space","space","NA","space","NA","NA","space","NA","space","NA","space","NA","space","NA","NA","NA","space","NA","NA","NA","326.2369000003673","20544.710200003465","8321.046799988835","NA","326.2369000003673","NA","NA","1531.7969000025187","NA","1572.1831999981077","NA","2324.6080999961123","NA","4155.202199995983","NA","NA","NA","1531.9962999928975","NA","NA","NA","2031.780000004801","c","9","2","psycho","The man will pick up the stamp","1024","2","24000","-16","experiment","6","even","1","88913.37670000212","198331.09409999452","195586.65309999196","128928.65590000292","5111.677699998836","88919.19259999122","109470.78180000244","NA","191562.6079999929","195586.59500000067","191336.70990000246","NA","88913.45860000001","NA","NA","191009.66679998965","NA","NA","117796.02129998966","NA","119331.75179999671","NA","120907.21669999766","NA","123236.62250000052","NA","NA","NA","127395.92589999666","NA","NA","NA","198350.7305999956","NA","7155.6129999953555","191545.0584999926","190998.265599992","191009.46309999563","195605.67189998983","195562.9809999955","128928.6843000009","191544.63619999296","5122.096299994155","3000","SceneViewing","8","5615.325200007646","8","2560"
"100","100","11_n.wav","688","688","#dadada","256","psycho","psycho","psycho","non-restrictive","1","undefined","undefined","1","NA","undefined","NA","undefined","NA","undefined","NA","undefined","NA","NA","undefined","NA","NA","NA","undefined","0","9","9","0","0","0","0","NA","9","9","9","NA","0","NA","NA","9","0","NA","0","NA","0","NA","0","NA","0","NA","NA","NA","0","NA","NA","NA","9","NA","0","9","9","9","9","9","0","9","0","participant_group7.csv","7","NA","NA","NA","Wed Jul 29 15:45:53 2026","NA","The main experiment item","False","VWP_finalSetup_22_7.osexp","C:\Users\plcm\Desktop\2026-EyeTracking\group-eyeconic\OS2\final_recordings_upl","False","mono","False","20","no","#0c0c0c","no","yes","1440","11","12_pos3_nosub.png","12_pos3_sub.png","psycho","9","9","C:\Users\plcm\Desktop\2026-EyeTracking\group-eyeconic\OS2\final_recordings_upl\subject-6.csv","psycho","Neonatal Nightingale","4.1.14","duck","bricks","bell","drum","0","0","space","space","space","NA","space","NA","NA","space","NA","space","NA","space","NA","space","NA","NA","NA","space","NA","NA","NA","577.4538999976357","20544.710200003465","8321.046799988835","NA","577.4538999976357","NA","NA","1531.7969000025187","NA","1572.1831999981077","NA","2324.6080999961123","NA","4155.202199995983","NA","NA","NA","1531.9962999928975","NA","NA","NA","2031.780000004801","c","10","2","psycho","The baby will kick the bell","1024","2","24000","-16","experiment","6","even","3","88913.37670000212","205691.25560000248","203236.5931999957","128928.65590000292","5111.677699998836","88919.19259999122","109470.78180000244","NA","199211.95489999081","203236.49250000017","198960.7396999927","NA","88913.45860000001","NA","NA","198382.41330000164","NA","NA","117796.02129998966","NA","119331.75179999671","NA","120907.21669999766","NA","123236.62250000052","NA","NA","NA","127395.92589999666","NA","NA","NA","205710.65709998948","NA","7155.6129999953555","199195.6143999996","198371.53920000128","198382.3024000012","203255.745699993","203212.48089999426","128928.6843000009","199195.14470000286","5122.096299994155","3000","SceneViewing","9","6192.779100005282","9","2560"
"100","100","33_n.wav","663","663","#dadada","256","psycho","psycho","psycho","non-restrictive","1","undefined","undefined","1","NA","undefined","NA","undefined","NA","undefined","NA","undefined","NA","NA","undefined","NA","NA","NA","undefined","0","10","10","0","0","0","0","NA","10","10","10","NA","0","NA","NA","10","0","NA","0","NA","0","NA","0","NA","0","NA","NA","NA","0","NA","NA","NA","10","NA","0","10","10","10","10","10","0","10","0","participant_group7.csv","7","NA","NA","NA","Wed Jul 29 15:45:53 2026","NA","The main experiment item","False","VWP_finalSetup_22_7.osexp","C:\Users\plcm\Desktop\2026-EyeTracking\group-eyeconic\OS2\final_recordings_upl","False","mono","False","20","no","#0c0c0c","no","yes","1440","33","34_pos1_nosub.png","34_pos1_sub.png","psycho","10","10","C:\Users\plcm\Desktop\2026-EyeTracking\group-eyeconic\OS2\final_recordings_upl\subject-6.csv","psycho","Neonatal Nightingale","4.1.14","suitcase","envelope","box","gift","0","0","space","space","space","NA","space","NA","NA","space","NA","space","NA","space","NA","space","NA","NA","NA","space","NA","NA","NA","441.9622999994317","20544.710200003465","8321.046799988835","NA","441.9622999994317","NA","NA","1531.7969000025187","NA","1572.1831999981077","NA","2324.6080999961123","NA","4155.202199995983","NA","NA","NA","1531.9962999928975","NA","NA","NA","2031.780000004801","c","11","2","psycho","The boy will open the suitcase","1024","2","24000","-16","experiment","6","even","1","88913.37670000212","213371.46799999755","210465.49489999597","128928.65590000292","5111.677699998836","88919.19259999122","109470.78180000244","NA","206441.9254999957","210465.42589999444","206184.55969999195","NA","88913.45860000001","NA","NA","205741.99260000023","NA","NA","117796.02129998966","NA","119331.75179999671","NA","120907.21669999766","NA","123236.62250000052","NA","NA","NA","127395.92589999666","NA","NA","NA","213391.34449999256","NA","7155.6129999953555","206425.11869998998","205731.10049999377","205741.86499998905","210484.41530000127","210442.3483999999","128928.6843000009","206424.33529999107","5122.096299994155","3000","SceneViewing","10","6634.741400004714","10","2560"
"100","100","3_n.wav","633","633","#dadada","256","psycho","psycho","psycho","non-restrictive","1","undefined","undefined","1","NA","undefined","NA","undefined","NA","undefined","NA","undefined","NA","NA","undefined","NA","NA","NA","undefined","0","11","11","0","0","0","0","NA","11","11","11","NA","0","NA","NA","11","0","NA","0","NA","0","NA","0","NA","0","NA","NA","NA","0","NA","NA","NA","11","NA","0","11","11","11","11","11","0","11","0","participant_group7.csv","7","NA","NA","NA","Wed Jul 29 15:45:53 2026","NA","The main experiment item","False","VWP_finalSetup_22_7.osexp","C:\Users\plcm\Desktop\2026-EyeTracking\group-eyeconic\OS2\final_recordings_upl","False","mono","False","20","no","#0c0c0c","no","yes","1440","3","4_pos3_nosub.png","4_pos3_sub.png","psycho","11","11","C:\Users\plcm\Desktop\2026-EyeTracking\group-eyeconic\OS2\final_recordings_upl\subject-6.csv","psycho","Neonatal Nightingale","4.1.14","stool","rocking-horse","baby","plant","0","0","space","space","space","NA","space","NA","NA","space","NA","space","NA","space","NA","space","NA","NA","NA","space","NA","NA","NA","336.51219999592286","20544.710200003465","8321.046799988835","NA","336.51219999592286","NA","NA","1531.7969000025187","NA","1572.1831999981077","NA","2324.6080999961123","NA","4155.202199995983","NA","NA","NA","1531.9962999928975","NA","NA","NA","2031.780000004801","c","12","2","psycho","The woman will touch the baby","1024","2","24000","-16","experiment","6","even","3","88913.37670000212","220751.32080000185","218011.71130000148","128928.65590000292","5111.677699998836","88919.19259999122","109470.78180000244","NA","213985.15809999662","218011.64419999986","213752.58010000107","NA","88913.45860000001","NA","NA","213415.27919999498","NA","NA","117796.02129998966","NA","119331.75179999671","NA","120907.21669999766","NA","123236.62250000052","NA","NA","NA","127395.92589999666","NA","NA","NA","220770.62779999687","NA","7155.6129999953555","213968.43129998888","213404.8119999934","213415.1445000025","218030.9106999921","217985.3260999953","128928.6843000009","213967.88650000235","5122.096299994155","3000","SceneViewing","11","6971.253600000637","11","2560"
"100","100","41_n.wav","608","608","#dadada","256","psycho","psycho","psycho","non-restrictive","1","undefined","undefined","1","NA","undefined","NA","undefined","NA","undefined","NA","undefined","NA","NA","undefined","NA","NA","NA","undefined","0","12","12","0","0","0","0","NA","12","12","12","NA","0","NA","NA","12","0","NA","0","NA","0","NA","0","NA","0","NA","NA","NA","0","NA","NA","NA","12","NA","0","12","12","12","12","12","0","12","0","participant_group7.csv","7","NA","NA","NA","Wed Jul 29 15:45:53 2026","NA","The main experiment item","False","VWP_finalSetup_22_7.osexp","C:\Users\plcm\Desktop\2026-EyeTracking\group-eyeconic\OS2\final_recordings_upl","False","mono","False","20","no","#0c0c0c","no","yes","1440","41","42_pos1_nosub.png","42_pos1_sub.png","psycho","12","12","C:\Users\plcm\Desktop\2026-EyeTracking\group-eyeconic\OS2\final_recordings_upl\subject-6.csv","psycho","Neonatal Nightingale","4.1.14","orange","stone","cone","shell","0","0","space","space","space","NA","space","NA","NA","space","NA","space","NA","space","NA","space","NA","NA","NA","space","NA","NA","NA","335.57519999158103","20544.710200003465","8321.046799988835","NA","335.57519999158103","NA","NA","1531.7969000025187","NA","1572.1831999981077","NA","2324.6080999961123","NA","4155.202199995983","NA","NA","NA","1531.9962999928975","NA","NA","NA","2031.780000004801","c","13","2","psycho","The boy will move the orange","1024","2","24000","-16","experiment","6","even","1","88913.37670000212","228001.37869999162","225384.8480000015","128928.65590000292","5111.677699998836","88919.19259999122","109470.78180000244","NA","221360.30079999182","225384.79679999","221136.49999999325","NA","88913.45860000001","NA","NA","220800.29569999897","NA","NA","117796.02129998966","NA","119331.75179999671","NA","120907.21669999766","NA","123236.62250000052","NA","NA","NA","127395.92589999666","NA","NA","NA","228020.7201000012","NA","7155.6129999953555","221343.22929999325","220790.7006000023","220800.16569999862","225404.49159999844","225361.38079999364","128928.6843000009","221342.56239999377","5122.096299994155","3000","SceneViewing","12","7306.828799992218","12","2560"
"100","100","34_r.wav","606","606","#dadada","256","psycho","psycho","psycho","restrictive","1","undefined","undefined","1","NA","undefined","NA","undefined","NA","undefined","NA","undefined","NA","NA","undefined","NA","NA","NA","undefined","0","13","13","0","0","0","0","NA","13","13","13","NA","0","NA","NA","13","0","NA","0","NA","0","NA","0","NA","0","NA","NA","NA","0","NA","NA","NA","13","NA","0","13","13","13","13","13","0","13","0","participant_group7.csv","7","NA","NA","NA","Wed Jul 29 15:45:53 2026","NA","The main experiment item","False","VWP_finalSetup_22_7.osexp","C:\Users\plcm\Desktop\2026-EyeTracking\group-eyeconic\OS2\final_recordings_upl","False","mono","False","20","no","#0c0c0c","no","yes","1440","34","35_pos2_nosub.png","35_pos2_sub.png","psycho","13","13","C:\Users\plcm\Desktop\2026-EyeTracking\group-eyeconic\OS2\final_recordings_upl\subject-6.csv","psycho","Neonatal Nightingale","4.1.14","pillow","radio","puzzle","notebook","0","0","space","space","space","NA","space","NA","NA","space","NA","space","NA","space","NA","space","NA","NA","NA","space","NA","NA","NA","577.1195999986958","20544.710200003465","8321.046799988835","NA","577.1195999986958","NA","NA","1531.7969000025187","NA","1572.1831999981077","NA","2324.6080999961123","NA","4155.202199995983","NA","NA","NA","1531.9962999928975","NA","NA","NA","2031.780000004801","c","14","2","psycho","The boy will switch on the radio","1024","2","24000","-16","experiment","6","even","2","88913.37670000212","235941.41240000317","232880.90889999876","128928.65590000292","5111.677699998836","88919.19259999122","109470.78180000244","NA","228857.20610000135","232880.8580999903","228616.75619999005","NA","88913.45860000001","NA","NA","228038.7730999937","NA","NA","117796.02129998966","NA","119331.75179999671","NA","120907.21669999766","NA","123236.62250000052","NA","NA","NA","127395.92589999666","NA","NA","NA","235961.14020000095","NA","7155.6129999953555","228840.50409999327","228028.7540999998","228038.62429999572","232899.93759999925","232857.6946999965","128928.6843000009","228839.75849999115","5122.096299994155","3000","SceneViewing","13","7883.9483999909135","13","2560"
"100","100","44_r.wav","597","597","#dadada","256","psycho","psycho","psycho","restrictive","1","undefined","undefined","1","NA","undefined","NA","undefined","NA","undefined","NA","undefined","NA","NA","undefined","NA","NA","NA","undefined","0","14","14","0","0","0","0","NA","14","14","14","NA","0","NA","NA","14","0","NA","0","NA","0","NA","0","NA","0","NA","NA","NA","0","NA","NA","NA","14","NA","0","14","14","14","14","14","0","14","0","participant_group7.csv","7","NA","NA","NA","Wed Jul 29 15:45:53 2026","NA","The main experiment item","False","VWP_finalSetup_22_7.osexp","C:\Users\plcm\Desktop\2026-EyeTracking\group-eyeconic\OS2\final_recordings_upl","False","mono","False","20","no","#0c0c0c","no","yes","1440","44","45_pos4_nosub.png","45_pos4_sub.png","psycho","14","14","C:\Users\plcm\Desktop\2026-EyeTracking\group-eyeconic\OS2\final_recordings_upl\subject-6.csv","psycho","Neonatal Nightingale","4.1.14","glass","ladle","hammer","dough","0","0","space","space","space","NA","space","NA","NA","space","NA","space","NA","space","NA","space","NA","NA","NA","space","NA","NA","NA","481.2353000015719","20544.710200003465","8321.046799988835","NA","481.2353000015719","NA","NA","1531.7969000025187","NA","1572.1831999981077","NA","2324.6080999961123","NA","4155.202199995983","NA","NA","NA","1531.9962999928975","NA","NA","NA","2031.780000004801","c","15","2","psycho","The baker will knead the dough","1024","2","24000","-16","experiment","6","even","4","88913.37670000212","243341.62189999188","240711.99379999598","128928.65590000292","5111.677699998836","88919.19259999122","109470.78180000244","NA","236688.12789999356","240711.93069999572","236472.6573999942","NA","88913.45860000001","NA","NA","235990.64569998882","NA","NA","117796.02129998966","NA","119331.75179999671","NA","120907.21669999766","NA","123236.62250000052","NA","NA","NA","127395.92589999666","NA","NA","NA","243361.15769999742","NA","7155.6129999953555","236672.8260999953","235980.99739999452","235990.53290000302","240731.2358999916","240688.40649999038","128928.6843000009","236672.31319998973","5122.096299994155","3000","SceneViewing","14","8365.183699992485","14","2560"
"100","100","35_n.wav","583","583","#dadada","256","psycho","psycho","psycho","non-restrictive","1","undefined","undefined","1","NA","undefined","NA","undefined","NA","undefined","NA","undefined","NA","NA","undefined","NA","NA","NA","undefined","0","15","15","0","0","0","0","NA","15","15","15","NA","0","NA","NA","15","0","NA","0","NA","0","NA","0","NA","0","NA","NA","NA","0","NA","NA","NA","15","NA","0","15","15","15","15","15","0","15","0","participant_group7.csv","7","NA","NA","NA","Wed Jul 29 15:45:53 2026","NA","The main experiment item","False","VWP_finalSetup_22_7.osexp","C:\Users\plcm\Desktop\2026-EyeTracking\group-eyeconic\OS2\final_recordings_upl","False","mono","False","20","no","#0c0c0c","no","yes","1440","35","36_pos3_nosub.png","36_pos3_sub.png","psycho","15","15","C:\Users\plcm\Desktop\2026-EyeTracking\group-eyeconic\OS2\final_recordings_upl\subject-6.csv","psycho","Neonatal Nightingale","4.1.14","mirror","pot","mascara","brush","0","0","space","space","space","NA","space","NA","NA","space","NA","space","NA","space","NA","space","NA","NA","NA","space","NA","NA","NA","383.13560000096913","20544.710200003465","8321.046799988835","NA","383.13560000096913","NA","NA","1531.7969000025187","NA","1572.1831999981077","NA","2324.6080999961123","NA","4155.202199995983","NA","NA","NA","1531.9962999928975","NA","NA","NA","2031.780000004801","c","16","2","psycho","The girl will squeeze the mascara","1024","2","24000","-16","experiment","6","even","3","88913.37670000212","251171.21089999273","248023.03949999623","128928.65590000292","5111.677699998836","88919.19259999122","109470.78180000244","NA","243998.9646000031","248022.9346999986","243768.70909999707","NA","88913.45860000001","NA","NA","243384.7015999927","NA","NA","117796.02129998966","NA","119331.75179999671","NA","120907.21669999766","NA","123236.62250000052","NA","NA","NA","127395.92589999666","NA","NA","NA","251190.54189999588","NA","7155.6129999953555","243981.4878999896","243374.6678000025","243384.578600002","248042.3557000031","247999.13260000176","128928.6843000009","243980.85469999933","5122.096299994155","3000","SceneViewing","15","8748.319299993454","15","2560"
"100","100","20_r.wav","587","587","#dadada","256","psycho","psycho","psycho","restrictive","1","undefined","undefined","1","NA","undefined","NA","undefined","NA","undefined","NA","undefined","NA","NA","undefined","NA","NA","NA","undefined","0","16","16","0","0","0","0","NA","16","16","16","NA","0","NA","NA","16","0","NA","0","NA","0","NA","0","NA","0","NA","NA","NA","0","NA","NA","NA","16","NA","0","16","16","16","16","16","0","16","0","participant_group7.csv","7","NA","NA","NA","Wed Jul 29 15:45:53 2026","NA","The main experiment item","False","VWP_finalSetup_22_7.osexp","C:\Users\plcm\Desktop\2026-EyeTracking\group-eyeconic\OS2\final_recordings_upl","False","mono","False","20","no","#0c0c0c","no","yes","1440","20","21_pos4_nosub.png","21_pos4_sub.png","psycho","16","16","C:\Users\plcm\Desktop\2026-EyeTracking\group-eyeconic\OS2\final_recordings_upl\subject-6.csv","psycho","Neonatal Nightingale","4.1.14","block","crayon","cup","kitten","0","0","space","space","space","NA","space","NA","NA","space","NA","space","NA","space","NA","space","NA","NA","NA","space","NA","NA","NA","646.454800007632","20544.710200003465","8321.046799988835","NA","646.454800007632","NA","NA","1531.7969000025187","NA","1572.1831999981077","NA","2324.6080999961123","NA","4155.202199995983","NA","NA","NA","1531.9962999928975","NA","NA","NA","2031.780000004801","c","17","2","psycho","The baby will hug the kitten","1024","2","24000","-16","experiment","6","even","4","88913.37670000212","258911.2449999957","256135.68219999433","128928.65590000292","5111.677699998836","88919.19259999122","109470.78180000244","NA","252110.92729998927","256135.61109999137","251856.61229999096","NA","88913.45860000001","NA","NA","251209.3942999927","NA","NA","117796.02129998966","NA","119331.75179999671","NA","120907.21669999766","NA","123236.62250000052","NA","NA","NA","127395.92589999666","NA","NA","NA","258930.51879999985","NA","7155.6129999953555","252094.6430999902","251198.50949999818","251209.27859999938","256154.75960000185","256111.40139999043","128928.6843000009","252093.967599998","5122.096299994155","3000","SceneViewing","16","9394.774100001086","16","2560"
"100","100","1_n.wav","601","601","#dadada","256","psycho","psycho","psycho","non-restrictive","1","undefined","undefined","1","NA","undefined","NA","undefined","NA","undefined","NA","undefined","NA","NA","undefined","NA","NA","NA","undefined","0","17","17","0","0","0","0","NA","17","17","17","NA","0","NA","NA","17","0","NA","0","NA","0","NA","0","NA","0","NA","NA","NA","0","NA","NA","NA","17","NA","0","17","17","17","17","17","0","17","0","participant_group7.csv","7","NA","NA","NA","Wed Jul 29 15:45:53 2026","NA","The main experiment item","False","VWP_finalSetup_22_7.osexp","C:\Users\plcm\Desktop\2026-EyeTracking\group-eyeconic\OS2\final_recordings_upl","False","mono","False","20","no","#0c0c0c","no","yes","1440","1","2_pos1_nosub.png","2_pos1_sub.png","psycho","17","17","C:\Users\plcm\Desktop\2026-EyeTracking\group-eyeconic\OS2\final_recordings_upl\subject-6.csv","psycho","Neonatal Nightingale","4.1.14","wine","cheese","chair","lipstick","0","0","space","space","space","NA","space","NA","NA","space","NA","space","NA","space","NA","space","NA","NA","NA","space","NA","NA","NA","838.8019999983953","20544.710200003465","8321.046799988835","NA","838.8019999983953","NA","NA","1531.7969000025187","NA","1572.1831999981077","NA","2324.6080999961123","NA","4155.202199995983","NA","NA","NA","1531.9962999928975","NA","NA","NA","2031.780000004801","c","18","2","psycho","The woman will try the wine","1024","2","24000","-16","experiment","6","even","1","88913.37670000212","266641.4204999892","264039.543699997","128928.65590000292","5111.677699998836","88919.19259999122","109470.78180000244","NA","260012.39249999344","264039.47190000326","259792.48219999135","NA","88913.45860000001","NA","NA","258953.02889999584","NA","NA","117796.02129998966","NA","119331.75179999671","NA","120907.21669999766","NA","123236.62250000052","NA","NA","NA","127395.92589999666","NA","NA","NA","266661.0844999959","NA","7155.6129999953555","259994.66579999716","258943.17699999374","258952.8891999944","264058.9723000012","264012.9700999969","128928.6843000009","259994.14509999042","5122.096299994155","3000","SceneViewing","17","10233.576099999482","17","2560"
"100","100","47_n.wav","600","600","#dadada","256","psycho","psycho","psycho","non-restrictive","1","undefined","undefined","1","NA","undefined","NA","undefined","NA","undefined","NA","undefined","NA","NA","undefined","NA","NA","NA","undefined","0","18","18","0","0","0","0","NA","18","18","18","NA","0","NA","NA","18","0","NA","0","NA","0","NA","0","NA","0","NA","NA","NA","0","NA","NA","NA","18","NA","0","18","18","18","18","18","0","18","0","participant_group7.csv","7","NA","NA","NA","Wed Jul 29 15:45:53 2026","NA","The main experiment item","False","VWP_finalSetup_22_7.osexp","C:\Users\plcm\Desktop\2026-EyeTracking\group-eyeconic\OS2\final_recordings_upl","False","mono","False","20","no","#0c0c0c","no","yes","1440","47","48_pos3_nosub.png","48_pos3_sub.png","psycho","18","18","C:\Users\plcm\Desktop\2026-EyeTracking\group-eyeconic\OS2\final_recordings_upl\subject-6.csv","psycho","Neonatal Nightingale","4.1.14","roller","footstool","carpet","dustpan","0","0","space","space","space","NA","space","NA","NA","space","NA","space","NA","space","NA","space","NA","NA","NA","space","NA","NA","NA","568.586299996241","20544.710200003465","8321.046799988835","NA","568.586299996241","NA","NA","1531.7969000025187","NA","1572.1831999981077","NA","2324.6080999961123","NA","4155.202199995983","NA","NA","NA","1531.9962999928975","NA","NA","NA","2031.780000004801","c","19","2","psycho","The girl will move the carpet","1024","2","24000","-16","experiment","6","even","3","88913.37670000212","274271.36410000094","271489.482399993","128928.65590000292","5111.677699998836","88919.19259999122","109470.78180000244","NA","267464.91609999794","271489.4173999928","267248.8267000008","NA","88913.45860000001","NA","NA","266679.28609999944","NA","NA","117796.02129998966","NA","119331.75179999671","NA","120907.21669999766","NA","123236.62250000052","NA","NA","NA","127395.92589999666","NA","NA","NA","274290.66630000307","NA","7155.6129999953555","267448.14559999213","266668.3359000017","266679.16780000087","271508.74170000316","271465.3799999942","128928.6843000009","267447.65180000104","5122.096299994155","3000","SceneViewing","18","10802.162399995723","18","2560"
"100","100","46_r.wav","609","609","#dadada","256","psycho","psycho","psycho","restrictive","1","undefined","undefined","1","NA","undefined","NA","undefined","NA","undefined","NA","undefined","NA","NA","undefined","NA","NA","NA","undefined","0","19","19","0","0","0","0","NA","19","19","19","NA","0","NA","NA","19","0","NA","0","NA","0","NA","0","NA","0","NA","NA","NA","0","NA","NA","NA","19","NA","0","19","19","19","19","19","0","19","0","participant_group7.csv","7","NA","NA","NA","Wed Jul 29 15:45:53 2026","NA","The main experiment item","False","VWP_finalSetup_22_7.osexp","C:\Users\plcm\Desktop\2026-EyeTracking\group-eyeconic\OS2\final_recordings_upl","False","mono","False","20","no","#0c0c0c","no","yes","1440","46","47_pos2_nosub.png","47_pos2_sub.png","psycho","19","19","C:\Users\plcm\Desktop\2026-EyeTracking\group-eyeconic\OS2\final_recordings_upl\subject-6.csv","psycho","Neonatal Nightingale","4.1.14","stand","violin","bow","gum","0","0","space","space","space","NA","space","NA","NA","space","NA","space","NA","space","NA","space","NA","NA","NA","space","NA","NA","NA","777.8899999975692","20544.710200003465","8321.046799988835","NA","777.8899999975692","NA","NA","1531.7969000025187","NA","1572.1831999981077","NA","2324.6080999961123","NA","4155.202199995983","NA","NA","NA","1531.9962999928975","NA","NA","NA","2031.780000004801","c","20","2","psycho","The musician will tune the violin","1024","2","24000","-16","experiment","6","even","2","88913.37670000212","282511.0813999927","279351.3415999914","128928.65590000292","5111.677699998836","88919.19259999122","109470.78180000244","NA","275326.988300003","279351.27739999734","275104.66109999106","NA","88913.45860000001","NA","NA","274326.01219999196","NA","NA","117796.02129998966","NA","119331.75179999671","NA","120907.21669999766","NA","123236.62250000052","NA","NA","NA","127395.92589999666","NA","NA","NA","282529.9338999903","NA","7155.6129999953555","275310.5352999992","274315.285699995","274325.82159999583","279370.6778999913","279327.1839999943","128928.6843000009","275309.8489999975","5122.096299994155","3000","SceneViewing","19","11580.052399993292","19","2560"
"100","100","25_n.wav","618","618","#dadada","256","psycho","psycho","psycho","non-restrictive","1","undefined","undefined","1","NA","undefined","NA","undefined","NA","undefined","NA","undefined","NA","NA","undefined","NA","NA","NA","undefined","0","20","20","0","0","0","0","NA","20","20","20","NA","0","NA","NA","20","0","NA","0","NA","0","NA","0","NA","0","NA","NA","NA","0","NA","NA","NA","20","NA","0","20","20","20","20","20","0","20","0","participant_group7.csv","7","NA","NA","NA","Wed Jul 29 15:45:53 2026","NA","The main experiment item","False","VWP_finalSetup_22_7.osexp","C:\Users\plcm\Desktop\2026-EyeTracking\group-eyeconic\OS2\final_recordings_upl","False","mono","False","20","no","#0c0c0c","no","yes","1440","25","26_pos1_nosub.png","26_pos1_sub.png","psycho","20","20","C:\Users\plcm\Desktop\2026-EyeTracking\group-eyeconic\OS2\final_recordings_upl\subject-6.csv","psycho","Neonatal Nightingale","4.1.14","canvas","keyboard","peach","rope","0","0","space","space","space","NA","space","NA","NA","space","NA","space","NA","space","NA","space","NA","NA","NA","space","NA","NA","NA","796.9739999971353","20544.710200003465","8321.046799988835","NA","796.9739999971353","NA","NA","1531.7969000025187","NA","1572.1831999981077","NA","2324.6080999961123","NA","4155.202199995983","NA","NA","NA","1531.9962999928975","NA","NA","NA","2031.780000004801","c","21","2","psycho","The man will move the canvas","1024","2","24000","-16","experiment","6","even","1","88913.37670000212","290361.373199994","287592.63819998887","128928.65590000292","5111.677699998836","88919.19259999122","109470.78180000244","NA","283568.78549999965","287592.57909998996","283344.7726000013","NA","88913.45860000001","NA","NA","282546.9407999917","NA","NA","117796.02129998966","NA","119331.75179999671","NA","120907.21669999766","NA","123236.62250000052","NA","NA","NA","127395.92589999666","NA","NA","NA","290380.7378999918","NA","7155.6129999953555","283551.00739999034","282537.53669999423","282546.8424999999","287611.9933000009","287569.31539998914","128928.6843000009","283550.2564999915","5122.096299994155","3000","SceneViewing","20","12377.026399990427","20","2560"
"100","100","48_r.wav","631","631","#dadada","256","psycho","psycho","psycho","restrictive","1","undefined","undefined","1","NA","undefined","NA","undefined","NA","undefined","NA","undefined","NA","NA","undefined","NA","NA","NA","undefined","0","21","21","0","0","0","0","NA","21","21","21","NA","0","NA","NA","21","0","NA","0","NA","0","NA","0","NA","0","NA","NA","NA","0","NA","NA","NA","21","NA","0","21","21","21","21","21","0","21","0","participant_group7.csv","7","NA","NA","NA","Wed Jul 29 15:45:53 2026","NA","The main experiment item","False","VWP_finalSetup_22_7.osexp","C:\Users\plcm\Desktop\2026-EyeTracking\group-eyeconic\OS2\final_recordings_upl","False","mono","False","20","no","#0c0c0c","no","yes","1440","48","49_pos4_nosub.png","49_pos4_sub.png","psycho","21","21","C:\Users\plcm\Desktop\2026-EyeTracking\group-eyeconic\OS2\final_recordings_upl\subject-6.csv","psycho","Neonatal Nightingale","4.1.14","pump","flag","pouch","balloon","0","0","space","space","space","NA","space","NA","NA","space","NA","space","NA","space","NA","space","NA","NA","NA","space","NA","NA","NA","885.0975999957882","20544.710200003465","8321.046799988835","NA","885.0975999957882","NA","NA","1531.7969000025187","NA","1572.1831999981077","NA","2324.6080999961123","NA","4155.202199995983","NA","NA","NA","1531.9962999928975","NA","NA","NA","2031.780000004801","c","22","2","psycho","The child will inflate the balloon","1024","2","24000","-16","experiment","6","even","4","88913.37670000212","298641.1980999983","295551.47019999276","128928.65590000292","5111.677699998836","88919.19259999122","109470.78180000244","NA","291526.23889999813","295551.4090999932","291296.5955999971","NA","88913.45860000001","NA","NA","290410.74690000096","NA","NA","117796.02129998966","NA","119331.75179999671","NA","120907.21669999766","NA","123236.62250000052","NA","NA","NA","127395.92589999666","NA","NA","NA","298660.19470000174","NA","7155.6129999953555","291510.43329999084","290400.8807999926","290410.5980000022","295570.74250000005","295527.26599999005","128928.6843000009","291510.008799989","5122.096299994155","3000","SceneViewing","21","13262.123999986215","21","2560"
"100","100","15_n.wav","632","632","#dadada","256","psycho","psycho","psycho","non-restrictive","1","undefined","undefined","1","NA","undefined","NA","undefined","NA","undefined","NA","undefined","NA","NA","undefined","NA","NA","NA","undefined","0","22","22","0","0","0","0","NA","22","22","22","NA","0","NA","NA","22","0","NA","0","NA","0","NA","0","NA","0","NA","NA","NA","0","NA","NA","NA","22","NA","0","22","22","22","22","22","0","22","0","participant_group7.csv","7","NA","NA","NA","Wed Jul 29 15:45:53 2026","NA","The main experiment item","False","VWP_finalSetup_22_7.osexp","C:\Users\plcm\Desktop\2026-EyeTracking\group-eyeconic\OS2\final_recordings_upl","False","mono","False","20","no","#0c0c0c","no","yes","1440","15","16_pos3_nosub.png","16_pos3_sub.png","psycho","22","22","C:\Users\plcm\Desktop\2026-EyeTracking\group-eyeconic\OS2\final_recordings_upl\subject-6.csv","psycho","Neonatal Nightingale","4.1.14","magnifying-glass","folder","hat","wallet","0","0","space","space","space","NA","space","NA","NA","space","NA","space","NA","space","NA","space","NA","NA","NA","space","NA","NA","NA","655.6727999995928","20544.710200003465","8321.046799988835","NA","655.6727999995928","NA","NA","1531.7969000025187","NA","1572.1831999981077","NA","2324.6080999961123","NA","4155.202199995983","NA","NA","NA","1531.9962999928975","NA","NA","NA","2031.780000004801","c","23","2","psycho","The businessman will  forget the hat","1024","2","24000","-16","experiment","6","even","3","88913.37670000212","306761.2728999957","303621.8329999974","128928.65590000292","5111.677699998836","88919.19259999122","109470.78180000244","NA","299597.9932999908","303621.768099998","299352.5804999954","NA","88913.45860000001","NA","NA","298696.1702999979","NA","NA","117796.02129998966","NA","119331.75179999671","NA","120907.21669999766","NA","123236.62250000052","NA","NA","NA","127395.92589999666","NA","NA","NA","306780.774999992","NA","7155.6129999953555","299581.2153000006","298685.17820000125","298695.99199999357","303641.160500003","303598.41120000056","128928.6843000009","299580.7022999943","5122.096299994155","3000","SceneViewing","22","13917.796799985808","22","2560"
"100","100","28_r.wav","636","636","#dadada","256","psycho","psycho","psycho","restrictive","1","undefined","undefined","1","NA","undefined","NA","undefined","NA","undefined","NA","undefined","NA","NA","undefined","NA","NA","NA","undefined","0","23","23","0","0","0","0","NA","23","23","23","NA","0","NA","NA","23","0","NA","0","NA","0","NA","0","NA","0","NA","NA","NA","0","NA","NA","NA","23","NA","0","23","23","23","23","23","0","23","0","participant_group7.csv","7","NA","NA","NA","Wed Jul 29 15:45:53 2026","NA","The main experiment item","False","VWP_finalSetup_22_7.osexp","C:\Users\plcm\Desktop\2026-EyeTracking\group-eyeconic\OS2\final_recordings_upl","False","mono","False","20","no","#0c0c0c","no","yes","1440","28","29_pos4_nosub.png","29_pos4_sub.png","psycho","23","23","C:\Users\plcm\Desktop\2026-EyeTracking\group-eyeconic\OS2\final_recordings_upl\subject-6.csv","psycho","Neonatal Nightingale","4.1.14","glove","nut","sock","milk","0","0","space","space","space","NA","space","NA","NA","space","NA","space","NA","space","NA","space","NA","NA","NA","space","NA","NA","NA","716.913399999612","20544.710200003465","8321.046799988835","NA","716.913399999612","NA","NA","1531.7969000025187","NA","1572.1831999981077","NA","2324.6080999961123","NA","4155.202199995983","NA","NA","NA","1531.9962999928975","NA","NA","NA","2031.780000004801","c","24","2","psycho","The cat will drink the milk","1024","2","24000","-16","experiment","6","even","4","88913.37670000212","314251.31419999525","311778.27629999956","128928.65590000292","5111.677699998836","88919.19259999122","109470.78180000244","NA","307751.7472999898","311778.2084999926","307520.62640000076","NA","88913.45860000001","NA","NA","306802.93459999666","NA","NA","117796.02129998966","NA","119331.75179999671","NA","120907.21669999766","NA","123236.62250000052","NA","NA","NA","127395.92589999666","NA","NA","NA","314270.59179999924","NA","7155.6129999953555","307736.9025999942","306793.0622999993","306802.84059999394","311797.39579999296","311752.28249999054","128928.6843000009","307736.2228999991","5122.096299994155","3000","SceneViewing","23","14634.71019998542","23","2560"
"100","100","42_r.wav","637","637","#dadada","256","psycho","psycho","psycho","restrictive","1","undefined","undefined","1","NA","undefined","NA","undefined","NA","undefined","NA","undefined","NA","NA","undefined","NA","NA","NA","undefined","0","24","24","0","0","0","0","NA","24","24","24","NA","0","NA","NA","24","0","NA","0","NA","0","NA","0","NA","0","NA","NA","NA","0","NA","NA","NA","24","NA","0","24","24","24","24","24","0","24","0","participant_group7.csv","7","NA","NA","NA","Wed Jul 29 15:45:53 2026","NA","The main experiment item","False","VWP_finalSetup_22_7.osexp","C:\Users\plcm\Desktop\2026-EyeTracking\group-eyeconic\OS2\final_recordings_upl","False","mono","False","20","no","#0c0c0c","no","yes","1440","42","43_pos2_nosub.png","43_pos2_sub.png","psycho","24","24","C:\Users\plcm\Desktop\2026-EyeTracking\group-eyeconic\OS2\final_recordings_upl\subject-6.csv","psycho","Neonatal Nightingale","4.1.14","ruler","shirt","apple","chalk","0","0","space","space","space","NA","space","NA","NA","space","NA","space","NA","space","NA","space","NA","NA","NA","space","NA","NA","NA","654.7231000004103","20544.710200003465","8321.046799988835","NA","654.7231000004103","NA","NA","1531.7969000025187","NA","1572.1831999981077","NA","2324.6080999961123","NA","4155.202199995983","NA","NA","NA","1531.9962999928975","NA","NA","NA","2031.780000004801","c","25","2","psycho","The woman will sew the shirt","1024","2","24000","-16","experiment","6","even","2","88913.37670000212","321721.1648999946","319197.74499999767","128928.65590000292","5111.677699998836","88919.19259999122","109470.78180000244","NA","315173.7151999987","319197.69119999546","314944.86589998996","NA","88913.45860000001","NA","NA","314289.23639999994","NA","NA","117796.02129998966","NA","119331.75179999671","NA","120907.21669999766","NA","123236.62250000052","NA","NA","NA","127395.92589999666","NA","NA","NA","321740.5205999967","NA","7155.6129999953555","315156.9190000009","314278.1219999888","314289.108099998","319217.32109998993","319174.3797999952","128928.6843000009","315156.1778000032","5122.096299994155","3000","SceneViewing","24","15289.43329998583","24","2560"
"100","100","4_r.wav","632","632","#dadada","256","psycho","psycho","psycho","restrictive","1","undefined","undefined","1","NA","undefined","NA","undefined","NA","undefined","NA","undefined","NA","NA","undefined","NA","NA","NA","undefined","0","25","25","0","0","0","0","NA","25","25","25","NA","0","NA","NA","25","0","NA","0","NA","0","NA","0","NA","0","NA","NA","NA","0","NA","NA","NA","25","NA","0","25","25","25","25","25","0","25","0","participant_group7.csv","7","NA","NA","NA","Wed Jul 29 15:45:53 2026","NA","The main experiment item","False","VWP_finalSetup_22_7.osexp","C:\Users\plcm\Desktop\2026-EyeTracking\group-eyeconic\OS2\final_recordings_upl","False","mono","False","20","no","#0c0c0c","no","yes","1440","4","5_pos4_nosub.png","5_pos4_sub.png","psycho","25","25","C:\Users\plcm\Desktop\2026-EyeTracking\group-eyeconic\OS2\final_recordings_upl\subject-6.csv","psycho","Neonatal Nightingale","4.1.14","paper-plane","acorns","shuttle-cock","ball","0","0","space","space","space","NA","space","NA","NA","space","NA","space","NA","space","NA","space","NA","NA","NA","space","NA","NA","NA","528.9442000066629","20544.710200003465","8321.046799988835","NA","528.9442000066629","NA","NA","1531.7969000025187","NA","1572.1831999981077","NA","2324.6080999961123","NA","4155.202199995983","NA","NA","NA","1531.9962999928975","NA","NA","NA","2031.780000004801","c","26","2","psycho","The boy will bounce the ball","1024","2","24000","-16","experiment","6","even","4","88913.37670000212","329101.1467999924","326528.1973999954","128928.65590000292","5111.677699998836","88919.19259999122","109470.78180000244","NA","322503.75849999546","326528.1427000009","322288.74319999886","NA","88913.45860000001","NA","NA","321758.8965999894","NA","NA","117796.02129998966","NA","119331.75179999671","NA","120907.21669999766","NA","123236.62250000052","NA","NA","NA","127395.92589999666","NA","NA","NA","329120.66369999957","NA","7155.6129999953555","322487.73300000175","321748.720699994","321758.7674999959","326547.07889999554","326504.35819999257","128928.6843000009","322486.89359999844","5122.096299994155","3000","SceneViewing","25","15818.377499992494","25","2560"
"100","100","8_r.wav","634","634","#dadada","256","psycho","psycho","psycho","restrictive","1","undefined","undefined","1","NA","undefined","NA","undefined","NA","undefined","NA","undefined","NA","NA","undefined","NA","NA","NA","undefined","0","26","26","0","0","0","0","NA","26","26","26","NA","0","NA","NA","26","0","NA","0","NA","0","NA","0","NA","0","NA","NA","NA","0","NA","NA","NA","26","NA","0","26","26","26","26","26","0","26","0","participant_group7.csv","7","NA","NA","NA","Wed Jul 29 15:45:53 2026","NA","The main experiment item","False","VWP_finalSetup_22_7.osexp","C:\Users\plcm\Desktop\2026-EyeTracking\group-eyeconic\OS2\final_recordings_upl","False","mono","False","20","no","#0c0c0c","no","yes","1440","8","9_pos4_nosub.png","9_pos4_sub.png","psycho","26","26","C:\Users\plcm\Desktop\2026-EyeTracking\group-eyeconic\OS2\final_recordings_upl\subject-6.csv","psycho","Neonatal Nightingale","4.1.14","table","telephone","television","piano","0","0","space","space","space","NA","space","NA","NA","space","NA","space","NA","space","NA","space","NA","NA","NA","space","NA","NA","NA","677.4374999949941","20544.710200003465","8321.046799988835","NA","677.4374999949941","NA","NA","1531.7969000025187","NA","1572.1831999981077","NA","2324.6080999961123","NA","4155.202199995983","NA","NA","NA","1531.9962999928975","NA","NA","NA","2031.780000004801","c","27","2","psycho","The woman will play the piano","1024","2","24000","-16","experiment","6","even","4","88913.37670000212","336911.13439999754","334070.215300002","128928.65590000292","5111.677699998836","88919.19259999122","109470.78180000244","NA","330046.15419999755","334070.1611999975","329816.7181000026","NA","88913.45860000001","NA","NA","329138.4018999961","NA","NA","117796.02129998966","NA","119331.75179999671","NA","120907.21669999766","NA","123236.62250000052","NA","NA","NA","127395.92589999666","NA","NA","NA","336930.4670999991","NA","7155.6129999953555","330030.3792999912","329127.98289999773","329138.2404999895","334089.26809999684","334046.577000001","128928.6843000009","330029.9598999991","5122.096299994155","3000","SceneViewing","26","16495.814999987488","26","2560"
"100","100","13_n.wav","611","611","#dadada","256","psycho","psycho","psycho","non-restrictive","1","undefined","undefined","1","NA","undefined","NA","undefined","NA","undefined","NA","undefined","NA","NA","undefined","NA","NA","NA","undefined","0","27","27","0","0","0","0","NA","27","27","27","NA","0","NA","NA","27","0","NA","0","NA","0","NA","0","NA","0","NA","NA","NA","0","NA","NA","NA","27","NA","0","27","27","27","27","27","0","27","0","participant_group7.csv","7","NA","NA","NA","Wed Jul 29 15:45:53 2026","NA","The main experiment item","False","VWP_finalSetup_22_7.osexp","C:\Users\plcm\Desktop\2026-EyeTracking\group-eyeconic\OS2\final_recordings_upl","False","mono","False","20","no","#0c0c0c","no","yes","1440","13","14_pos1_nosub.png","14_pos1_sub.png","psycho","27","27","C:\Users\plcm\Desktop\2026-EyeTracking\group-eyeconic\OS2\final_recordings_upl\subject-6.csv","psycho","Neonatal Nightingale","4.1.14","cigarettes","filofax","briefcase","glasses","0","0","space","space","space","NA","space","NA","NA","space","NA","space","NA","space","NA","space","NA","NA","NA","space","NA","NA","NA","2.3573999933432788","20544.710200003465","8321.046799988835","NA","2.3573999933432788","NA","NA","1531.7969000025187","NA","1572.1831999981077","NA","2324.6080999961123","NA","4155.202199995983","NA","NA","NA","1531.9962999928975","NA","NA","NA","2031.780000004801","c","28","2","psycho","The man will  collect the cigarettes","1024","2","24000","-16","experiment","6","even","1","88913.37670000212","344271.1435999954","341244.21269999584","128928.65590000292","5111.677699998836","88919.19259999122","109470.78180000244","NA","337219.37239999534","341244.0807999956","336952.4786999973","NA","88913.45860000001","NA","NA","336949.4519","NA","NA","117796.02129998966","NA","119331.75179999671","NA","120907.21669999766","NA","123236.62250000052","NA","NA","NA","127395.92589999666","NA","NA","NA","344290.28200000175","NA","7155.6129999953555","337200.90369999525","336939.1364999901","336949.3267999933","341264.299100003","341219.6057999972","128928.6843000009","337200.1725000009","5122.096299994155","3000","SceneViewing","27","16498.17239998083","27","2560"
"100","100","12_r.wav","621","621","#dadada","256","psycho","psycho","psycho","restrictive","1","undefined","undefined","1","NA","undefined","NA","undefined","NA","undefined","NA","undefined","NA","NA","undefined","NA","NA","NA","undefined","0","28","28","0","0","0","0","NA","28","28","28","NA","0","NA","NA","28","0","NA","0","NA","0","NA","0","NA","0","NA","NA","NA","0","NA","NA","NA","28","NA","0","28","28","28","28","28","0","28","0","participant_group7.csv","7","NA","NA","NA","Wed Jul 29 15:45:53 2026","NA","The main experiment item","False","VWP_finalSetup_22_7.osexp","C:\Users\plcm\Desktop\2026-EyeTracking\group-eyeconic\OS2\final_recordings_upl","False","mono","False","20","no","#0c0c0c","no","yes","1440","12","13_pos4_nosub.png","13_pos4_sub.png","psycho","28","28","C:\Users\plcm\Desktop\2026-EyeTracking\group-eyeconic\OS2\final_recordings_upl\subject-6.csv","psycho","Neonatal Nightingale","4.1.14","birds","sun","car","boat","0","0","space","space","space","NA","space","NA","NA","space","NA","space","NA","space","NA","space","NA","NA","NA","space","NA","NA","NA","909.8721000045771","20544.710200003465","8321.046799988835","NA","909.8721000045771","NA","NA","1531.7969000025187","NA","1572.1831999981077","NA","2324.6080999961123","NA","4155.202199995983","NA","NA","NA","1531.9962999928975","NA","NA","NA","2031.780000004801","c","29","2","psycho","The man will sail the boat","1024","2","24000","-16","experiment","6","even","4","88913.37670000212","351991.33239999355","349513.36369999626","128928.65590000292","5111.677699998836","88919.19259999122","109470.78180000244","NA","345487.9146000021","349513.2959999901","345232.4469000014","NA","88913.45860000001","NA","NA","344321.9872999907","NA","NA","117796.02129998966","NA","119331.75179999671","NA","120907.21669999766","NA","123236.62250000052","NA","NA","NA","127395.92589999666","NA","NA","NA","352011.1684000003","NA","7155.6129999953555","345468.3095999935","344312.09749999107","344321.8128000008","349532.64710000076","349488.47759999626","128928.6843000009","345467.8100000019","5122.096299994155","3000","SceneViewing","28","17408.044499985408","28","2560"
"100","100","0_r.wav","644","644","#dadada","256","psycho","psycho","psycho","restrictive","1","undefined","undefined","1","NA","undefined","NA","undefined","NA","undefined","NA","undefined","NA","NA","undefined","NA","NA","NA","undefined","0","29","29","0","0","0","0","NA","29","29","29","NA","0","NA","NA","29","0","NA","0","NA","0","NA","0","NA","0","NA","NA","NA","0","NA","NA","NA","29","NA","0","29","29","29","29","29","0","29","0","participant_group7.csv","7","NA","NA","NA","Wed Jul 29 15:45:53 2026","NA","The main experiment item","False","VWP_finalSetup_22_7.osexp","C:\Users\plcm\Desktop\2026-EyeTracking\group-eyeconic\OS2\final_recordings_upl","False","mono","False","20","no","#0c0c0c","no","yes","1440","0","1_pos4_nosub.png","1_pos4_sub.png","psycho","29","29","C:\Users\plcm\Desktop\2026-EyeTracking\group-eyeconic\OS2\final_recordings_upl\subject-6.csv","psycho","Neonatal Nightingale","4.1.14","toy-car","toy-train","ball","cake","0","0","space","space","space","NA","space","NA","NA","space","NA","space","NA","space","NA","space","NA","NA","NA","space","NA","NA","NA","1276.3530999945942","20544.710200003465","8321.046799988835","NA","1276.3530999945942","NA","NA","1531.7969000025187","NA","1572.1831999981077","NA","2324.6080999961123","NA","4155.202199995983","NA","NA","NA","1531.9962999928975","NA","NA","NA","2031.780000004801","c","30","2","psycho","The boy will eat the cake","1024","2","24000","-16","experiment","6","even","4","88913.37670000212","359881.22559999465","357555.586699993","128928.65590000292","5111.677699998836","88919.19259999122","109470.78180000244","NA","353529.49439999065","357555.5151000008","353312.72029998945","NA","88913.45860000001","NA","NA","352035.5866000027","NA","NA","117796.02129998966","NA","119331.75179999671","NA","120907.21669999766","NA","123236.62250000052","NA","NA","NA","127395.92589999666","NA","NA","NA","359900.5310999928","NA","7155.6129999953555","353513.81350000156","352023.45019999484","352035.4229999939","357574.6819999913","357529.85259999696","128928.6843000009","353513.2409999933","5122.096299994155","3000","SceneViewing","29","18684.397599980002","29","2560"
"100","100","45_n.wav","658","658","#dadada","256","psycho","psycho","psycho","non-restrictive","1","undefined","undefined","1","NA","undefined","NA","undefined","NA","undefined","NA","undefined","NA","NA","undefined","NA","NA","NA","undefined","0","30","30","0","0","0","0","NA","30","30","30","NA","0","NA","NA","30","0","NA","0","NA","0","NA","0","NA","0","NA","NA","NA","0","NA","NA","NA","30","NA","0","30","30","30","30","30","0","30","0","participant_group7.csv","7","NA","NA","NA","Wed Jul 29 15:45:53 2026","NA","The main experiment item","False","VWP_finalSetup_22_7.osexp","C:\Users\plcm\Desktop\2026-EyeTracking\group-eyeconic\OS2\final_recordings_upl","False","mono","False","20","no","#0c0c0c","no","yes","1440","45","46_pos1_nosub.png","46_pos1_sub.png","psycho","30","30","C:\Users\plcm\Desktop\2026-EyeTracking\group-eyeconic\OS2\final_recordings_upl\subject-6.csv","psycho","Neonatal Nightingale","4.1.14","carrot","laddle","peeler","pot","0","0","space","space","space","NA","space","NA","NA","space","NA","space","NA","space","NA","space","NA","NA","NA","space","NA","NA","NA","1076.2534000095911","20544.710200003465","8321.046799988835","NA","1076.2534000095911","NA","NA","1531.7969000025187","NA","1572.1831999981077","NA","2324.6080999961123","NA","4155.202199995983","NA","NA","NA","1531.9962999928975","NA","NA","NA","2031.780000004801","c","31","2","psycho","The chef will carry the carrot","1024","2","24000","-16","experiment","6","even","1","88913.37670000212","367861.2854999956","365251.963799994","128928.65590000292","5111.677699998836","88919.19259999122","109470.78180000244","NA","361228.33810000157","365251.9076000026","361008.7485999975","NA","88913.45860000001","NA","NA","359931.6339999932","NA","NA","117796.02129998966","NA","119331.75179999671","NA","120907.21669999766","NA","123236.62250000052","NA","NA","NA","127395.92589999666","NA","NA","NA","367880.8386000019","NA","7155.6129999953555","361213.04869999585","359921.382200002","359931.4350999921","365271.0405999969","365228.53609999584","128928.6843000009","361212.6086999924","5122.096299994155","3000","SceneViewing","30","19760.650999989593","30","2560"
"100","100","19_n.wav","663","663","#dadada","256","psycho","psycho","psycho","non-restrictive","1","undefined","undefined","1","NA","undefined","NA","undefined","NA","undefined","NA","undefined","NA","NA","undefined","NA","NA","NA","undefined","0","31","31","0","0","0","0","NA","31","31","31","NA","0","NA","NA","31","0","NA","0","NA","0","NA","0","NA","0","NA","NA","NA","0","NA","NA","NA","31","NA","0","31","31","31","31","31","0","31","0","participant_group7.csv","7","NA","NA","NA","Wed Jul 29 15:45:53 2026","NA","The main experiment item","False","VWP_finalSetup_22_7.osexp","C:\Users\plcm\Desktop\2026-EyeTracking\group-eyeconic\OS2\final_recordings_upl","False","mono","False","20","no","#0c0c0c","no","yes","1440","19","20_pos3_nosub.png","20_pos3_sub.png","psycho","31","31","C:\Users\plcm\Desktop\2026-EyeTracking\group-eyeconic\OS2\final_recordings_upl\subject-6.csv","psycho","Neonatal Nightingale","4.1.14","spatula","bowl","bread","spoon","0","0","space","space","space","NA","space","NA","NA","space","NA","space","NA","space","NA","space","NA","NA","NA","space","NA","NA","NA","801.410100000794","20544.710200003465","8321.046799988835","NA","801.410100000794","NA","NA","1531.7969000025187","NA","1572.1831999981077","NA","2324.6080999961123","NA","4155.202199995983","NA","NA","NA","1531.9962999928975","NA","NA","NA","2031.780000004801","c","32","2","psycho","The chef will clean the bread","1024","2","24000","-16","experiment","6","even","3","88913.37670000212","375501.11359999573","372958.7373999966","128928.65590000292","5111.677699998836","88919.19259999122","109470.78180000244","NA","368934.8708999896","372958.6769000016","368712.8978999972","NA","88913.45860000001","NA","NA","367910.52330000093","NA","NA","117796.02129998966","NA","119331.75179999671","NA","120907.21669999766","NA","123236.62250000052","NA","NA","NA","127395.92589999666","NA","NA","NA","375520.28159999463","NA","7155.6129999953555","368918.5196999897","367901.2667999923","367910.4196999979","372978.26570000325","372935.53869999596","128928.6843000009","368917.8164999903","5122.096299994155","3000","SceneViewing","31","20562.061099990387","31","2560"
"100","100","43_n.wav","663","663","#dadada","256","psycho","psycho","psycho","non-restrictive","1","undefined","undefined","1","NA","undefined","NA","undefined","NA","undefined","NA","undefined","NA","NA","undefined","NA","NA","NA","undefined","0","32","32","0","0","0","0","NA","32","32","32","NA","0","NA","NA","32","0","NA","0","NA","0","NA","0","NA","0","NA","NA","NA","0","NA","NA","NA","32","NA","0","32","32","32","32","32","0","32","0","participant_group7.csv","7","NA","NA","NA","Wed Jul 29 15:45:53 2026","NA","The main experiment item","False","VWP_finalSetup_22_7.osexp","C:\Users\plcm\Desktop\2026-EyeTracking\group-eyeconic\OS2\final_recordings_upl","False","mono","False","20","no","#0c0c0c","no","yes","1440","43","44_pos3_nosub.png","44_pos3_sub.png","psycho","32","32","C:\Users\plcm\Desktop\2026-EyeTracking\group-eyeconic\OS2\final_recordings_upl\subject-6.csv","psycho","Neonatal Nightingale","4.1.14","bolt","handle","safe","pan","0","0","space","space","space","NA","space","NA","NA","space","NA","space","NA","space","NA","space","NA","NA","NA","space","NA","NA","NA","679.4099000107963","20544.710200003465","8321.046799988835","NA","679.4099000107963","NA","NA","1531.7969000025187","NA","1572.1831999981077","NA","2324.6080999961123","NA","4155.202199995983","NA","NA","NA","1531.9962999928975","NA","NA","NA","2031.780000004801","c","33","2","psycho","The man will wipe the safe","1024","2","24000","-16","experiment","6","even","3","88913.37670000212","382921.1280000018","380477.8706999932","128928.65590000292","5111.677699998836","88919.19259999122","109470.78180000244","NA","376454.26399999997","380477.8179999994","376232.6893999998","NA","88913.45860000001","NA","NA","375552.44289999246","NA","NA","117796.02129998966","NA","119331.75179999671","NA","120907.21669999766","NA","123236.62250000052","NA","NA","NA","127395.92589999666","NA","NA","NA","382940.6907999946","NA","7155.6129999953555","376437.4734000012","375540.992299997","375552.3162000027","380497.2502000019","380454.4190000015","128928.6843000009","376436.97349999275","5122.096299994155","3000","SceneViewing","32","21241.471000001184","32","2560"
"100","100","17_n.wav","663","663","#dadada","256","psycho","psycho","psycho","non-restrictive","1","undefined","undefined","1","NA","undefined","NA","undefined","NA","undefined","NA","undefined","NA","NA","undefined","NA","NA","NA","undefined","0","33","33","0","0","0","0","NA","33","33","33","NA","0","NA","NA","33","0","NA","0","NA","0","NA","0","NA","0","NA","NA","NA","0","NA","NA","NA","33","NA","0","33","33","33","33","33","0","33","0","participant_group7.csv","7","NA","NA","NA","Wed Jul 29 15:45:53 2026","NA","The main experiment item","False","VWP_finalSetup_22_7.osexp","C:\Users\plcm\Desktop\2026-EyeTracking\group-eyeconic\OS2\final_recordings_upl","False","mono","False","20","no","#0c0c0c","no","yes","1440","17","18_pos1_nosub.png","18_pos1_sub.png","psycho","33","33","C:\Users\plcm\Desktop\2026-EyeTracking\group-eyeconic\OS2\final_recordings_upl\subject-6.csv","psycho","Neonatal Nightingale","4.1.14","wood","bucket","stone","rope","0","0","space","space","space","NA","space","NA","NA","space","NA","space","NA","space","NA","space","NA","NA","NA","space","NA","NA","NA","641.4119999972172","20544.710200003465","8321.046799988835","NA","641.4119999972172","NA","NA","1531.7969000025187","NA","1572.1831999981077","NA","2324.6080999961123","NA","4155.202199995983","NA","NA","NA","1531.9962999928975","NA","NA","NA","2031.780000004801","c","34","2","psycho","The man will  move the wood","1024","2","24000","-16","experiment","6","even","1","88913.37670000212","390281.4428999991","387851.0679000028","128928.65590000292","5111.677699998836","88919.19259999122","109470.78180000244","NA","383827.09310000064","387850.9953999892","383600.63960000116","NA","88913.45860000001","NA","NA","382958.43199999945","NA","NA","117796.02129998966","NA","119331.75179999671","NA","120907.21669999766","NA","123236.62250000052","NA","NA","NA","127395.92589999666","NA","NA","NA","390300.588099999","NA","7155.6129999953555","383811.15809999756","382948.0706000031","382958.11140000296","387870.52219999896","387827.45440000144","128928.6843000009","383810.72769999446","5122.096299994155","3000","SceneViewing","33","21882.8829999984","33","2560"
"100","100","26_r.wav","661","661","#dadada","256","psycho","psycho","psycho","restrictive","1","undefined","undefined","1","NA","undefined","NA","undefined","NA","undefined","NA","undefined","NA","NA","undefined","NA","NA","NA","undefined","0","34","34","0","0","0","0","NA","34","34","34","NA","0","NA","NA","34","0","NA","0","NA","0","NA","0","NA","0","NA","NA","NA","0","NA","NA","NA","34","NA","0","34","34","34","34","34","0","34","0","participant_group7.csv","7","NA","NA","NA","Wed Jul 29 15:45:53 2026","NA","The main experiment item","False","VWP_finalSetup_22_7.osexp","C:\Users\plcm\Desktop\2026-EyeTracking\group-eyeconic\OS2\final_recordings_upl","False","mono","False","20","no","#0c0c0c","no","yes","1440","26","27_pos2_nosub.png","27_pos2_sub.png","psycho","34","34","C:\Users\plcm\Desktop\2026-EyeTracking\group-eyeconic\OS2\final_recordings_upl\subject-6.csv","psycho","Neonatal Nightingale","4.1.14","coaster","candle","package","coin","0","0","space","space","space","NA","space","NA","NA","space","NA","space","NA","space","NA","space","NA","NA","NA","space","NA","NA","NA","623.9456000039354","20544.710200003465","8321.046799988835","NA","623.9456000039354","NA","NA","1531.7969000025187","NA","1572.1831999981077","NA","2324.6080999961123","NA","4155.202199995983","NA","NA","NA","1531.9962999928975","NA","NA","NA","2031.780000004801","c","35","2","psycho","The woman will blow out the candle","1024","2","24000","-16","experiment","6","even","2","88913.37670000212","398241.1573999998","395229.430899999","128928.65590000292","5111.677699998836","88919.19259999122","109470.78180000244","NA","391205.0281999982","395229.3173999933","390944.7319000028","NA","88913.45860000001","NA","NA","390319.98639999074","NA","NA","117796.02129998966","NA","119331.75179999671","NA","120907.21669999766","NA","123236.62250000052","NA","NA","NA","127395.92589999666","NA","NA","NA","398261.0336999933","NA","7155.6129999953555","391188.98340000305","390308.42269999266","390319.7866999981","395248.477599991","395205.55779999995","128928.6843000009","391188.4488999931","5122.096299994155","3000","SceneViewing","34","22506.828600002336","34","2560"
"100","100","5_n.wav","659","659","#dadada","256","psycho","psycho","psycho","non-restrictive","1","undefined","undefined","1","NA","undefined","NA","undefined","NA","undefined","NA","undefined","NA","NA","undefined","NA","NA","NA","undefined","0","35","35","0","0","0","0","NA","35","35","35","NA","0","NA","NA","35","0","NA","0","NA","0","NA","0","NA","0","NA","NA","NA","0","NA","NA","NA","35","NA","0","35","35","35","35","35","0","35","0","participant_group7.csv","7","NA","NA","NA","Wed Jul 29 15:45:53 2026","NA","The main experiment item","False","VWP_finalSetup_22_7.osexp","C:\Users\plcm\Desktop\2026-EyeTracking\group-eyeconic\OS2\final_recordings_upl","False","mono","False","20","no","#0c0c0c","no","yes","1440","5","6_pos1_nosub.png","6_pos1_sub.png","psycho","35","35","C:\Users\plcm\Desktop\2026-EyeTracking\group-eyeconic\OS2\final_recordings_upl\subject-6.csv","psycho","Neonatal Nightingale","4.1.14","mountain","animal","cactus","moon","0","0","space","space","space","NA","space","NA","NA","space","NA","space","NA","space","NA","space","NA","NA","NA","space","NA","NA","NA","567.8141000098549","20544.710200003465","8321.046799988835","NA","567.8141000098549","NA","NA","1531.7969000025187","NA","1572.1831999981077","NA","2324.6080999961123","NA","4155.202199995983","NA","NA","NA","1531.9962999928975","NA","NA","NA","2031.780000004801","c","36","2","psycho","The hiker will photograph the mountain","1024","2","24000","-16","experiment","6","even","1","88913.37670000212","406461.44859999185","403112.5827999931","128928.65590000292","5111.677699998836","88919.19259999122","109470.78180000244","NA","399087.4352999963","403112.52379999496","398864.82249999244","NA","88913.45860000001","NA","NA","398296.09619999246","NA","NA","117796.02129998966","NA","119331.75179999671","NA","120907.21669999766","NA","123236.62250000052","NA","NA","NA","127395.92589999666","NA","NA","NA","406481.3388999901","NA","7155.6129999953555","399070.25520000025","398285.6136999908","398295.91249999066","403131.55609999376","403088.01510000194","128928.6843000009","399069.66019999527","5122.096299994155","3000","SceneViewing","35","23074.64270001219","35","2560"
"100","100","24_r.wav","654","654","#dadada","256","psycho","psycho","psycho","restrictive","1","undefined","undefined","1","NA","undefined","NA","undefined","NA","undefined","NA","undefined","NA","NA","undefined","NA","NA","NA","undefined","0","36","36","0","0","0","0","NA","36","36","36","NA","0","NA","NA","36","0","NA","0","NA","0","NA","0","NA","0","NA","NA","NA","0","NA","NA","NA","36","NA","0","36","36","36","36","36","0","36","0","participant_group7.csv","7","NA","NA","NA","Wed Jul 29 15:45:53 2026","NA","The main experiment item","False","VWP_finalSetup_22_7.osexp","C:\Users\plcm\Desktop\2026-EyeTracking\group-eyeconic\OS2\final_recordings_upl","False","mono","False","20","no","#0c0c0c","no","yes","1440","24","25_pos4_nosub.png","25_pos4_sub.png","psycho","36","36","C:\Users\plcm\Desktop\2026-EyeTracking\group-eyeconic\OS2\final_recordings_upl\subject-6.csv","psycho","Neonatal Nightingale","4.1.14","plate","potato","glass","rabbit","0","0","space","space","space","NA","space","NA","NA","space","NA","space","NA","space","NA","space","NA","NA","NA","space","NA","NA","NA","486.10009999538306","20544.710200003465","8321.046799988835","NA","486.10009999538306","NA","NA","1531.7969000025187","NA","1572.1831999981077","NA","2324.6080999961123","NA","4155.202199995983","NA","NA","NA","1531.9962999928975","NA","NA","NA","2031.780000004801","c","37","2","psycho","The girl will groom the rabbit","1024","2","24000","-16","experiment","6","even","4","88913.37670000212","413991.3213999971","411243.0374999967","128928.65590000292","5111.677699998836","88919.19259999122","109470.78180000244","NA","407219.4184999971","411242.96380000305","407001.15689999075","NA","88913.45860000001","NA","NA","406513.8067999942","NA","NA","117796.02129998966","NA","119331.75179999671","NA","120907.21669999766","NA","123236.62250000052","NA","NA","NA","127395.92589999666","NA","NA","NA","414010.38490000064","NA","7155.6129999953555","407202.7681999898","406502.63019998965","406513.6646000028","411262.14049999544","411219.5752999978","128928.6843000009","407201.9219999929","5122.096299994155","3000","SceneViewing","36","23560.742800007574","36","2560"
"100","100","36_r.wav","651","651","#dadada","256","psycho","psycho","psycho","restrictive","1","undefined","undefined","1","NA","undefined","NA","undefined","NA","undefined","NA","undefined","NA","NA","undefined","NA","NA","NA","undefined","0","37","37","0","0","0","0","NA","37","37","37","NA","0","NA","NA","37","0","NA","0","NA","0","NA","0","NA","0","NA","NA","NA","0","NA","NA","NA","37","NA","0","37","37","37","37","37","0","37","0","participant_group7.csv","7","NA","NA","NA","Wed Jul 29 15:45:53 2026","NA","The main experiment item","False","VWP_finalSetup_22_7.osexp","C:\Users\plcm\Desktop\2026-EyeTracking\group-eyeconic\OS2\final_recordings_upl","False","mono","False","20","no","#0c0c0c","no","yes","1440","36","37_pos4_nosub.png","37_pos4_sub.png","psycho","37","37","C:\Users\plcm\Desktop\2026-EyeTracking\group-eyeconic\OS2\final_recordings_upl\subject-6.csv","psycho","Neonatal Nightingale","4.1.14","papers","boxes","clips","lego","0","0","space","space","space","NA","space","NA","NA","space","NA","space","NA","space","NA","space","NA","NA","NA","space","NA","NA","NA","550.9342000004835","20544.710200003465","8321.046799988835","NA","550.9342000004835","NA","NA","1531.7969000025187","NA","1572.1831999981077","NA","2324.6080999961123","NA","4155.202199995983","NA","NA","NA","1531.9962999928975","NA","NA","NA","2031.780000004801","c","38","2","psycho","The kid will build the lego","1024","2","24000","-16","experiment","6","even","4","88913.37670000212","421671.3197999925","418840.2472000016","128928.65590000292","5111.677699998836","88919.19259999122","109470.78180000244","NA","414815.9502999915","418840.1772999932","414592.51360000053","NA","88913.45860000001","NA","NA","414040.9338999889","NA","NA","117796.02129998966","NA","119331.75179999671","NA","120907.21669999766","NA","123236.62250000052","NA","NA","NA","127395.92589999666","NA","NA","NA","421690.87279999803","NA","7155.6129999953555","414798.0988999916","414030.88690000004","414040.82429999835","418859.56749999605","418816.6354999994","128928.6843000009","414797.6026999968","5122.096299994155","3000","SceneViewing","37","24111.677000008058","37","2560"
"100","100","16_r.wav","647","647","#dadada","256","psycho","psycho","psycho","restrictive","1","undefined","undefined","1","NA","undefined","NA","undefined","NA","undefined","NA","undefined","NA","NA","undefined","NA","NA","NA","undefined","0","38","38","0","0","0","0","NA","38","38","38","NA","0","NA","NA","38","0","NA","0","NA","0","NA","0","NA","0","NA","NA","NA","0","NA","NA","NA","38","NA","0","38","38","38","38","38","0","38","0","participant_group7.csv","7","NA","NA","NA","Wed Jul 29 15:45:53 2026","NA","The main experiment item","False","VWP_finalSetup_22_7.osexp","C:\Users\plcm\Desktop\2026-EyeTracking\group-eyeconic\OS2\final_recordings_upl","False","mono","False","20","no","#0c0c0c","no","yes","1440","16","17_pos4_nosub.png","17_pos4_sub.png","psycho","38","38","C:\Users\plcm\Desktop\2026-EyeTracking\group-eyeconic\OS2\final_recordings_upl\subject-6.csv","psycho","Neonatal Nightingale","4.1.14","lantern","backpack","ribbon","dress","0","0","space","space","space","NA","space","NA","NA","space","NA","space","NA","space","NA","space","NA","NA","NA","space","NA","NA","NA","490.35779999394435","20544.710200003465","8321.046799988835","NA","490.35779999394435","NA","NA","1531.7969000025187","NA","1572.1831999981077","NA","2324.6080999961123","NA","4155.202199995983","NA","NA","NA","1531.9962999928975","NA","NA","NA","2031.780000004801","c","39","2","psycho","The woman will wear the dress","1024","2","24000","-16","experiment","6","even","4","88913.37670000212","429051.4689999982","426450.6900999986","128928.65590000292","5111.677699998836","88919.19259999122","109470.78180000244","NA","422427.24079999607","426450.6204999925","422209.1478999937","NA","88913.45860000001","NA","NA","421717.83819999837","NA","NA","117796.02129998966","NA","119331.75179999671","NA","120907.21669999766","NA","123236.62250000052","NA","NA","NA","127395.92589999666","NA","NA","NA","429070.8687000006","NA","7155.6129999953555","422410.06840000045","421707.74349999556","421717.7035999921","426469.5973999915","426427.53139999695","128928.6843000009","422409.5817999914","5122.096299994155","3000","SceneViewing","38","24602.034800002002","38","2560"
"100","100","18_r.wav","644","644","#dadada","256","psycho","psycho","psycho","restrictive","1","undefined","undefined","1","NA","undefined","NA","undefined","NA","undefined","NA","undefined","NA","NA","undefined","NA","NA","NA","undefined","0","39","39","0","0","0","0","NA","39","39","39","NA","0","NA","NA","39","0","NA","0","NA","0","NA","0","NA","0","NA","NA","NA","0","NA","NA","NA","39","NA","0","39","39","39","39","39","0","39","0","participant_group7.csv","7","NA","NA","NA","Wed Jul 29 15:45:53 2026","NA","The main experiment item","False","VWP_finalSetup_22_7.osexp","C:\Users\plcm\Desktop\2026-EyeTracking\group-eyeconic\OS2\final_recordings_upl","False","mono","False","20","no","#0c0c0c","no","yes","1440","18","19_pos2_nosub.png","19_pos2_sub.png","psycho","39","39","C:\Users\plcm\Desktop\2026-EyeTracking\group-eyeconic\OS2\final_recordings_upl\subject-6.csv","psycho","Neonatal Nightingale","4.1.14","leaf","football","stick","feather","0","0","space","space","space","NA","space","NA","NA","space","NA","space","NA","space","NA","space","NA","NA","NA","space","NA","NA","NA","518.6514000088209","20544.710200003465","8321.046799988835","NA","518.6514000088209","NA","NA","1531.7969000025187","NA","1572.1831999981077","NA","2324.6080999961123","NA","4155.202199995983","NA","NA","NA","1531.9962999928975","NA","NA","NA","2031.780000004801","c","40","2","psycho","The boy will kick the football","1024","2","24000","-16","experiment","6","even","2","88913.37670000212","436471.24939999776","433867.04139999347","128928.65590000292","5111.677699998836","88919.19259999122","109470.78180000244","NA","429843.0129999906","433866.99039999803","429616.7306999996","NA","88913.45860000001","NA","NA","429097.19299999415","NA","NA","117796.02129998966","NA","119331.75179999671","NA","120907.21669999766","NA","123236.62250000052","NA","NA","NA","127395.92589999666","NA","NA","NA","436490.67639998975","NA","7155.6129999953555","429827.5020000001","429086.5516999911","429097.0151999936","433886.36209999095","433843.47479999997","128928.6843000009","429826.9996000017","5122.096299994155","3000","SceneViewing","39","25120.686200010823","39","2560"
"100","100","14_r.wav","644","644","#dadada","256","psycho","psycho","psycho","restrictive","1","undefined","undefined","1","NA","undefined","NA","undefined","NA","undefined","NA","undefined","NA","NA","undefined","NA","NA","NA","undefined","0","40","40","0","0","0","0","NA","40","40","40","NA","0","NA","NA","40","0","NA","0","NA","0","NA","0","NA","0","NA","NA","NA","0","NA","NA","NA","40","NA","0","40","40","40","40","40","0","40","0","participant_group7.csv","7","NA","NA","NA","Wed Jul 29 15:45:53 2026","NA","The main experiment item","False","VWP_finalSetup_22_7.osexp","C:\Users\plcm\Desktop\2026-EyeTracking\group-eyeconic\OS2\final_recordings_upl","False","mono","False","20","no","#0c0c0c","no","yes","1440","14","15_pos2_nosub.png","15_pos2_sub.png","psycho","40","40","C:\Users\plcm\Desktop\2026-EyeTracking\group-eyeconic\OS2\final_recordings_upl\subject-6.csv","psycho","Neonatal Nightingale","4.1.14","hen","dog","bird","ball","0","0","space","space","space","NA","space","NA","NA","space","NA","space","NA","space","NA","space","NA","NA","NA","space","NA","NA","NA","675.3577000054065","20544.710200003465","8321.046799988835","NA","675.3577000054065","NA","NA","1531.7969000025187","NA","1572.1831999981077","NA","2324.6080999961123","NA","4155.202199995983","NA","NA","NA","1531.9962999928975","NA","NA","NA","2031.780000004801","c","41","2","psycho","The boy will walk the dog","1024","2","24000","-16","experiment","6","even","2","88913.37670000212","444071.19829999283","441452.48690000153","128928.65590000292","5111.677699998836","88919.19259999122","109470.78180000244","NA","437428.52219998895","441452.40999999805","437184.694999989","NA","88913.45860000001","NA","NA","436508.488099993","NA","NA","117796.02129998966","NA","119331.75179999671","NA","120907.21669999766","NA","123236.62250000052","NA","NA","NA","127395.92589999666","NA","NA","NA","444090.61289999227","NA","7155.6129999953555","437411.9883999956","436498.445499994","436508.38249998924","441471.4294000005","441428.8741999917","128928.6843000009","437411.37109999545","5122.096299994155","3000","SceneViewing","40","25796.04390001623","40","2560"
"100","100","21_n.wav","640","640","#dadada","256","psycho","psycho","psycho","non-restrictive","1","undefined","undefined","1","NA","undefined","NA","undefined","NA","undefined","NA","undefined","NA","NA","undefined","NA","NA","NA","undefined","0","41","41","0","0","0","0","NA","41","41","41","NA","0","NA","NA","41","0","NA","0","NA","0","NA","0","NA","0","NA","NA","NA","0","NA","NA","NA","41","NA","0","41","41","41","41","41","0","41","0","participant_group7.csv","7","NA","NA","NA","Wed Jul 29 15:45:53 2026","NA","The main experiment item","False","VWP_finalSetup_22_7.osexp","C:\Users\plcm\Desktop\2026-EyeTracking\group-eyeconic\OS2\final_recordings_upl","False","mono","False","20","no","#0c0c0c","no","yes","1440","21","22_pos1_nosub.png","22_pos1_sub.png","psycho","41","41","C:\Users\plcm\Desktop\2026-EyeTracking\group-eyeconic\OS2\final_recordings_upl\subject-6.csv","psycho","Neonatal Nightingale","4.1.14","flower","magazine","vase","cushion","0","0","space","space","space","NA","space","NA","NA","space","NA","space","NA","space","NA","space","NA","NA","NA","space","NA","NA","NA","464.8235000058776","20544.710200003465","8321.046799988835","NA","464.8235000058776","NA","NA","1531.7969000025187","NA","1572.1831999981077","NA","2324.6080999961123","NA","4155.202199995983","NA","NA","NA","1531.9962999928975","NA","NA","NA","2031.780000004801","c","42","2","psycho","The woman will move the flower","1024","2","24000","-16","experiment","6","even","1","88913.37670000212","451531.1396999896","448825.3040999989","128928.65590000292","5111.677699998836","88919.19259999122","109470.78180000244","NA","444799.52659999253","448825.1859000011","444576.8534999952","NA","88913.45860000001","NA","NA","444110.99479999393","NA","NA","117796.02129998966","NA","119331.75179999671","NA","120907.21669999766","NA","123236.62250000052","NA","NA","NA","127395.92589999666","NA","NA","NA","451550.39560000296","NA","7155.6129999953555","444783.75999999116","444101.2514000031","444110.826899996","448844.8451000004","448799.6509999939","128928.6843000009","444782.481000002","5122.096299994155","3000","SceneViewing","41","26260.867400022107","41","2560"
"100","100","31_n.wav","636","636","#dadada","256","psycho","psycho","psycho","non-restrictive","1","undefined","undefined","1","NA","undefined","NA","undefined","NA","undefined","NA","undefined","NA","NA","undefined","NA","NA","NA","undefined","0","42","42","0","0","0","0","NA","42","42","42","NA","0","NA","NA","42","0","NA","0","NA","0","NA","0","NA","0","NA","NA","NA","0","NA","NA","NA","42","NA","0","42","42","42","42","42","0","42","0","participant_group7.csv","7","NA","NA","NA","Wed Jul 29 15:45:53 2026","NA","The main experiment item","False","VWP_finalSetup_22_7.osexp","C:\Users\plcm\Desktop\2026-EyeTracking\group-eyeconic\OS2\final_recordings_upl","False","mono","False","20","no","#0c0c0c","no","yes","1440","31","32_pos3_nosub.png","32_pos3_sub.png","psycho","42","42","C:\Users\plcm\Desktop\2026-EyeTracking\group-eyeconic\OS2\final_recordings_upl\subject-6.csv","psycho","Neonatal Nightingale","4.1.14","sponge","seed","bottle","lemon","0","0","space","space","space","NA","space","NA","NA","space","NA","space","NA","space","NA","space","NA","NA","NA","space","NA","NA","NA","469.2932000034489","20544.710200003465","8321.046799988835","NA","469.2932000034489","NA","NA","1531.7969000025187","NA","1572.1831999981077","NA","2324.6080999961123","NA","4155.202199995983","NA","NA","NA","1531.9962999928975","NA","NA","NA","2031.780000004801","c","43","2","psycho","The woman will examine the bottle","1024","2","24000","-16","experiment","6","even","3","88913.37670000212","459301.17989999417","456302.69709999266","128928.65590000292","5111.677699998836","88919.19259999122","109470.78180000244","NA","452278.6028999981","456302.6403999975","452048.9722999919","NA","88913.45860000001","NA","NA","451578.6070999893","NA","NA","117796.02129998966","NA","119331.75179999671","NA","120907.21669999766","NA","123236.62250000052","NA","NA","NA","127395.92589999666","NA","NA","NA","459320.1713000017","NA","7155.6129999953555","452262.1635999967","451567.6952999929","451578.28789998894","456322.5356999901","456279.048899989","128928.6843000009","452261.53570000315","5122.096299994155","3000","SceneViewing","42","26730.160600025556","42","2560"
"100","100","39_n.wav","632","632","#dadada","256","psycho","psycho","psycho","non-restrictive","1","undefined","undefined","1","NA","undefined","NA","undefined","NA","undefined","NA","undefined","NA","NA","undefined","NA","NA","NA","undefined","0","43","43","0","0","0","0","NA","43","43","43","NA","0","NA","NA","43","0","NA","0","NA","0","NA","0","NA","0","NA","NA","NA","0","NA","NA","NA","43","NA","0","43","43","43","43","43","0","43","0","participant_group7.csv","7","NA","NA","NA","Wed Jul 29 15:45:53 2026","NA","The main experiment item","False","VWP_finalSetup_22_7.osexp","C:\Users\plcm\Desktop\2026-EyeTracking\group-eyeconic\OS2\final_recordings_upl","False","mono","False","20","no","#0c0c0c","no","yes","1440","39","40_pos3_nosub.png","40_pos3_sub.png","psycho","43","43","C:\Users\plcm\Desktop\2026-EyeTracking\group-eyeconic\OS2\final_recordings_upl\subject-6.csv","psycho","Neonatal Nightingale","4.1.14","mat","buckle","shoelace","shampoo","0","0","space","space","space","NA","space","NA","NA","space","NA","space","NA","space","NA","space","NA","NA","NA","space","NA","NA","NA","469.5523999980651","20544.710200003465","8321.046799988835","NA","469.5523999980651","NA","NA","1531.7969000025187","NA","1572.1831999981077","NA","2324.6080999961123","NA","4155.202199995983","NA","NA","NA","1531.9962999928975","NA","NA","NA","2031.780000004801","c","44","2","psycho","The boy will move the shoelace","1024","2","24000","-16","experiment","6","even","3","88913.37670000212","466641.2394999934","464053.9366000012","128928.65590000292","5111.677699998836","88919.19259999122","109470.78180000244","NA","460030.1097999909","464053.8863999973","459808.62289998913","NA","88913.45860000001","NA","NA","459338.29010000045","NA","NA","117796.02129998966","NA","119331.75179999671","NA","120907.21669999766","NA","123236.62250000052","NA","NA","NA","127395.92589999666","NA","NA","NA","466660.5292000022","NA","7155.6129999953555","460015.32629999565","459327.698699999","459338.1170999928","464073.23569999426","464030.5959999969","128928.6843000009","460014.79780000227","5122.096299994155","3000","SceneViewing","43","27199.71300002362","43","2560"
"100","100","23_n.wav","629","629","#dadada","256","psycho","psycho","psycho","non-restrictive","1","undefined","undefined","1","NA","undefined","NA","undefined","NA","undefined","NA","undefined","NA","NA","undefined","NA","NA","NA","undefined","0","44","44","0","0","0","0","NA","44","44","44","NA","0","NA","NA","44","0","NA","0","NA","0","NA","0","NA","0","NA","NA","NA","0","NA","NA","NA","44","NA","0","44","44","44","44","44","0","44","0","participant_group7.csv","7","NA","NA","NA","Wed Jul 29 15:45:53 2026","NA","The main experiment item","False","VWP_finalSetup_22_7.osexp","C:\Users\plcm\Desktop\2026-EyeTracking\group-eyeconic\OS2\final_recordings_upl","False","mono","False","20","no","#0c0c0c","no","yes","1440","23","24_pos3_nosub.png","24_pos3_sub.png","psycho","44","44","C:\Users\plcm\Desktop\2026-EyeTracking\group-eyeconic\OS2\final_recordings_upl\subject-6.csv","psycho","Neonatal Nightingale","4.1.14","needle","card","scarf","pencil","0","0","space","space","space","NA","space","NA","NA","space","NA","space","NA","space","NA","space","NA","NA","NA","space","NA","NA","NA","492.8152999927988","20544.710200003465","8321.046799988835","NA","492.8152999927988","NA","NA","1531.7969000025187","NA","1572.1831999981077","NA","2324.6080999961123","NA","4155.202199995983","NA","NA","NA","1531.9962999928975","NA","NA","NA","2031.780000004801","c","45","2","psycho","The girl will hold the scarf","1024","2","24000","-16","experiment","6","even","3","88913.37670000212","474081.13729998877","471408.30379999534","128928.65590000292","5111.677699998836","88919.19259999122","109470.78180000244","NA","467384.2200999934","471408.2247999904","467176.8068999954","NA","88913.45860000001","NA","NA","466683.0456000025","NA","NA","117796.02129998966","NA","119331.75179999671","NA","120907.21669999766","NA","123236.62250000052","NA","NA","NA","127395.92589999666","NA","NA","NA","474100.1735999889","NA","7155.6129999953555","467367.5765999942","466671.24889999104","466682.89909999294","471428.23409999255","471384.4257000019","128928.6843000009","467367.0310000016","5122.096299994155","3000","SceneViewing","44","27692.52830001642","44","2560"
"100","100","32_r.wav","626","626","#dadada","256","psycho","psycho","psycho","restrictive","1","undefined","undefined","1","NA","undefined","NA","undefined","NA","undefined","NA","undefined","NA","NA","undefined","NA","NA","NA","undefined","0","45","45","0","0","0","0","NA","45","45","45","NA","0","NA","NA","45","0","NA","0","NA","0","NA","0","NA","0","NA","NA","NA","0","NA","NA","NA","45","NA","0","45","45","45","45","45","0","45","0","participant_group7.csv","7","NA","NA","NA","Wed Jul 29 15:45:53 2026","NA","The main experiment item","False","VWP_finalSetup_22_7.osexp","C:\Users\plcm\Desktop\2026-EyeTracking\group-eyeconic\OS2\final_recordings_upl","False","mono","False","20","no","#0c0c0c","no","yes","1440","32","33_pos4_nosub.png","33_pos4_sub.png","psycho","45","45","C:\Users\plcm\Desktop\2026-EyeTracking\group-eyeconic\OS2\final_recordings_upl\subject-6.csv","psycho","Neonatal Nightingale","4.1.14","mug","biscuit","kettle","beer","0","0","space","space","space","NA","space","NA","NA","space","NA","space","NA","space","NA","space","NA","NA","NA","space","NA","NA","NA","512.3124999954598","20544.710200003465","8321.046799988835","NA","512.3124999954598","NA","NA","1531.7969000025187","NA","1572.1831999981077","NA","2324.6080999961123","NA","4155.202199995983","NA","NA","NA","1531.9962999928975","NA","NA","NA","2031.780000004801","c","46","2","psycho","The woman will brew the beer","1024","2","24000","-16","experiment","6","even","4","88913.37670000212","481461.2338000006","478875.7607000007","128928.65590000292","5111.677699998836","88919.19259999122","109470.78180000244","NA","474851.9508999889","478875.7018999895","474632.7650000021","NA","88913.45860000001","NA","NA","474119.4953999948","NA","NA","117796.02129998966","NA","119331.75179999671","NA","120907.21669999766","NA","123236.62250000052","NA","NA","NA","127395.92589999666","NA","NA","NA","481480.44559999835","NA","7155.6129999953555","474834.62670000154","474109.22309999296","474119.37580000085","478894.90059998934","478852.2008","128928.6843000009","474833.95239998936","5122.096299994155","3000","SceneViewing","45","28204.84080001188","45","2560"
"100","100","2_r.wav","631","631","#dadada","256","psycho","psycho","psycho","restrictive","1","undefined","undefined","1","NA","undefined","NA","undefined","NA","undefined","NA","undefined","NA","NA","undefined","NA","NA","NA","undefined","0","46","46","0","0","0","0","NA","46","46","46","NA","0","NA","NA","46","0","NA","0","NA","0","NA","0","NA","0","NA","NA","NA","0","NA","NA","NA","46","NA","0","46","46","46","46","46","0","46","0","participant_group7.csv","7","NA","NA","NA","Wed Jul 29 15:45:53 2026","NA","The main experiment item","False","VWP_finalSetup_22_7.osexp","C:\Users\plcm\Desktop\2026-EyeTracking\group-eyeconic\OS2\final_recordings_upl","False","mono","False","20","no","#0c0c0c","no","yes","1440","2","3_pos2_nosub.png","3_pos2_sub.png","psycho","46","46","C:\Users\plcm\Desktop\2026-EyeTracking\group-eyeconic\OS2\final_recordings_upl\subject-6.csv","psycho","Neonatal Nightingale","4.1.14","dustbin","man","car","houses","0","0","space","space","space","NA","space","NA","NA","space","NA","space","NA","space","NA","space","NA","NA","NA","space","NA","NA","NA","842.5392000062857","20544.710200003465","8321.046799988835","NA","842.5392000062857","NA","NA","1531.7969000025187","NA","1572.1831999981077","NA","2324.6080999961123","NA","4155.202199995983","NA","NA","NA","1531.9962999928975","NA","NA","NA","2031.780000004801","c","47","2","psycho","The policeman will arrest the man","1024","2","24000","-16","experiment","6","even","2","88913.37670000212","489721.1596999987","486633.29359999625","128928.65590000292","5111.677699998836","88919.19259999122","109470.78180000244","NA","482609.2051000014","486633.23639999726","482360.6723999983","NA","88913.45860000001","NA","NA","481517.2787999909","NA","NA","117796.02129998966","NA","119331.75179999671","NA","120907.21669999766","NA","123236.62250000052","NA","NA","NA","127395.92589999666","NA","NA","NA","489740.79429999983","NA","7155.6129999953555","482591.64440000313","481507.76439999754","481517.165799989","486652.9773999937","486609.73009999725","128928.6843000009","482591.0698999942","5122.096299994155","3000","SceneViewing","46","29047.380000018165","46","2560"
"100","100","27_n.wav","630","630","#dadada","256","psycho","psycho","psycho","non-restrictive","1","undefined","undefined","1","NA","undefined","NA","undefined","NA","undefined","NA","undefined","NA","NA","undefined","NA","NA","NA","undefined","0","47","47","0","0","0","0","NA","47","47","47","NA","0","NA","NA","47","0","NA","0","NA","0","NA","0","NA","0","NA","NA","NA","0","NA","NA","NA","47","NA","0","47","47","47","47","47","0","47","0","participant_group7.csv","7","NA","NA","NA","Wed Jul 29 15:45:53 2026","NA","The main experiment item","False","VWP_finalSetup_22_7.osexp","C:\Users\plcm\Desktop\2026-EyeTracking\group-eyeconic\OS2\final_recordings_upl","False","mono","False","20","no","#0c0c0c","no","yes","1440","27","28_pos3_nosub.png","28_pos3_sub.png","psycho","47","47","C:\Users\plcm\Desktop\2026-EyeTracking\group-eyeconic\OS2\final_recordings_upl\subject-6.csv","psycho","Neonatal Nightingale","4.1.14","frame","picture","lamp","switch","0","0","space","space","space","NA","space","NA","NA","space","NA","space","NA","space","NA","space","NA","NA","NA","space","NA","NA","NA","601.2852999992901","20544.710200003465","8321.046799988835","NA","601.2852999992901","NA","NA","1531.7969000025187","NA","1572.1831999981077","NA","2324.6080999961123","NA","4155.202199995983","NA","NA","NA","1531.9962999928975","NA","NA","NA","2031.780000004801","c","48","2","psycho","The boy will touch the lamp","1024","2","24000","-16","experiment","6","even","3","88913.37670000212","497061.1088000005","494637.6806999906","128928.65590000292","5111.677699998836","88919.19259999122","109470.78180000244","NA","490610.8372000017","494637.6101999922","490384.70899999083","NA","88913.45860000001","NA","NA","489782.52729999076","NA","NA","117796.02129998966","NA","119331.75179999671","NA","120907.21669999766","NA","123236.62250000052","NA","NA","NA","127395.92589999666","NA","NA","NA","497080.5426000006","NA","7155.6129999953555","490592.779899991","489771.7154999991","489782.36409999954","494656.8505000032","494611.06290000316","128928.6843000009","490592.3049999983","5122.096299994155","3000","SceneViewing","47","29648.665300017456","47","2560"
"100","100","38_r.wav","630","630","#dadada","256","psycho","psycho","psycho","restrictive","1","undefined","undefined","1","NA","undefined","NA","undefined","NA","undefined","NA","undefined","NA","NA","undefined","NA","NA","NA","undefined","0","48","48","0","0","0","0","NA","48","48","48","NA","0","NA","NA","48","0","NA","0","NA","0","NA","0","NA","0","NA","NA","NA","0","NA","NA","NA","48","NA","0","48","48","48","48","48","0","48","0","participant_group7.csv","7","NA","NA","NA","Wed Jul 29 15:45:53 2026","NA","The main experiment item","False","VWP_finalSetup_22_7.osexp","C:\Users\plcm\Desktop\2026-EyeTracking\group-eyeconic\OS2\final_recordings_upl","False","mono","False","20","no","#0c0c0c","no","yes","1440","38","39_pos2_nosub.png","39_pos2_sub.png","psycho","48","48","C:\Users\plcm\Desktop\2026-EyeTracking\group-eyeconic\OS2\final_recordings_upl\subject-6.csv","psycho","Neonatal Nightingale","4.1.14","cloth","apron","mop","broom","0","0","space","space","space","NA","space","NA","NA","space","NA","space","NA","space","NA","space","NA","NA","NA","space","NA","NA","NA","602.8153999941424","20544.710200003465","8321.046799988835","NA","602.8153999941424","NA","NA","1531.7969000025187","NA","1572.1831999981077","NA","2324.6080999961123","NA","4155.202199995983","NA","NA","NA","1531.9962999928975","NA","NA","NA","2031.780000004801","c","49","2","psycho","The woman will tie the apron","1024","2","24000","-16","experiment","6","even","2","88913.37670000212","504651.2788999971","501958.46929999243","128928.65590000292","5111.677699998836","88919.19259999122","109470.78180000244","NA","497934.68959999154","501958.41140000266","497712.63069999986","NA","88913.45860000001","NA","NA","497109.0266999963","NA","NA","117796.02129998966","NA","119331.75179999671","NA","120907.21669999766","NA","123236.62250000052","NA","NA","NA","127395.92589999666","NA","NA","NA","504670.63829999825","NA","7155.6129999953555","497918.2143999933","497098.17929999554","497108.8846999919","501977.69879999396","501935.0725999975","128928.6843000009","497917.5835999922","5122.096299994155","3000","SceneViewing","48","30251.480700011598","48","2560"
"100","100","7_n.wav","627","627","#dadada","256","psycho","psycho","psycho","non-restrictive","1","undefined","undefined","1","NA","undefined","NA","undefined","NA","undefined","NA","undefined","NA","NA","undefined","NA","NA","NA","undefined","0","49","49","0","0","0","0","NA","49","49","49","NA","0","NA","NA","49","0","NA","0","NA","0","NA","0","NA","0","NA","NA","NA","0","NA","NA","NA","49","NA","0","49","49","49","49","49","0","49","0","participant_group7.csv","7","NA","NA","NA","Wed Jul 29 15:45:53 2026","NA","The main experiment item","False","VWP_finalSetup_22_7.osexp","C:\Users\plcm\Desktop\2026-EyeTracking\group-eyeconic\OS2\final_recordings_upl","False","mono","False","20","no","#0c0c0c","no","yes","1440","7","8_pos3_nosub.png","8_pos3_sub.png","psycho","49","49","C:\Users\plcm\Desktop\2026-EyeTracking\group-eyeconic\OS2\final_recordings_upl\subject-6.csv","psycho","Neonatal Nightingale","4.1.14","toy-bear","microscope","child","tv-monitor","0","0","space","space","space","NA","space","NA","NA","space","NA","space","NA","space","NA","space","NA","NA","NA","space","NA","NA","NA","473.99110000696965","20544.710200003465","8321.046799988835","NA","473.99110000696965","NA","NA","1531.7969000025187","NA","1572.1831999981077","NA","2324.6080999961123","NA","4155.202199995983","NA","NA","NA","1531.9962999928975","NA","NA","NA","2031.780000004801","c","50","2","psycho","The doctor will check the child","1024","2","24000","-16","experiment","6","even","3","88913.37670000212","512311.22059999325","509409.6497999999","128928.65590000292","5111.677699998836","88919.19259999122","109470.78180000244","NA","505385.392199998","509409.57720000006","505176.6527","NA","88913.45860000001","NA","NA","504701.82059999206","NA","NA","117796.02129998966","NA","119331.75179999671","NA","120907.21669999766","NA","123236.62250000052","NA","NA","NA","127395.92589999666","NA","NA","NA","512330.64639999066","NA","7155.6129999953555","505367.3576000001","504690.81649999134","504701.6483999905","509430.0918999943","509385.89520000096","128928.6843000009","505366.4462000015","5122.096299994155","3000","SceneViewing","49","30725.471800018568","49","2560"
