"acc","accuracy","audio_file","average_response_time","avg_rt","background","block_size","canvas_backend","clock_backend","color_backend","condition","correct","correct_experiment_intro","correct_experiment_intro2","correct_new_1_keyboard_response","correct_new_2_keyboard_response","correct_new_2_sketchpad","correct_new_3_keyboard_response","correct_new_3_sketchpad","correct_new_4_keyboard_response","correct_new_4_sketchpad","correct_new_5_keyboard_response","correct_new_5_sketchpad","correct_new_6_keyboard_response","correct_new_7_keyboard_response","correct_new_7_sketchpad","correct_new_8_keyboard_response","correct_new_keyboard_response","correct_new_mouse_response","correct_welcome","count_accuracy_output","count_audio_file_offset","count_audio_file_onset_log","count_definitions","count_experiment","count_experiment_intro","count_experiment_intro2","count_image_delay","count_image_nosub","count_image_sub","count_increment_roundCounter","count_instruction","count_instructions","count_log_instruction","count_new_1_inline_script","count_new_1_keyboard_response","count_new_1_sketchpad","count_new_2_keyboard_response","count_new_2_sketchpad","count_new_3_keyboard_response","count_new_3_sketchpad","count_new_4_keyboard_response","count_new_4_sketchpad","count_new_5_keyboard_response","count_new_5_sketchpad","count_new_6_keyboard_response","count_new_6_sketchpad","count_new_7_keyboard_response","count_new_7_sketchpad","count_new_8_keyboard_response","count_new_inline_script","count_new_keyboard_response","count_new_logger","count_new_mouse_response","count_new_pygaze_init","count_new_pygaze_start_recording","count_new_pygaze_stop_recording","count_new_sketchpad","count_sentence_audio","count_subject_onset_log","count_trial_loop","count_trial_sequence","count_welcome","csv_filepath","csv_id","cursor_roi","cursor_x","cursor_y","datetime","delay_image_delay","description","disable_garbage_collection","experiment_file","experiment_path","font_bold","font_family","font_italic","font_size","font_underline","foreground","form_clicks","fullscreen","height","id","image_nosub","image_sub","keyboard_backend","live_row","live_row_trial_loop","logfile","mouse_backend","opensesame_codename","opensesame_version","position1","position2","position3","position4","psychopy_screen","repeat_cycle","response","response_experiment_intro","response_experiment_intro2","response_instruction","response_new_1_keyboard_response","response_new_1_sketchpad","response_new_2_keyboard_response","response_new_2_sketchpad","response_new_3_keyboard_response","response_new_3_sketchpad","response_new_4_keyboard_response","response_new_4_sketchpad","response_new_5_keyboard_response","response_new_5_sketchpad","response_new_6_keyboard_response","response_new_6_sketchpad","response_new_7_keyboard_response","response_new_7_sketchpad","response_new_8_keyboard_response","response_new_keyboard_response","response_new_mouse_response","response_time","response_time_experiment_intro","response_time_experiment_intro2","response_time_instruction","response_time_new_1_keyboard_response","response_time_new_1_sketchpad","response_time_new_2_keyboard_response","response_time_new_2_sketchpad","response_time_new_3_keyboard_response","response_time_new_3_sketchpad","response_time_new_4_keyboard_response","response_time_new_4_sketchpad","response_time_new_5_keyboard_response","response_time_new_5_sketchpad","response_time_new_6_keyboard_response","response_time_new_6_sketchpad","response_time_new_7_keyboard_response","response_time_new_7_sketchpad","response_time_new_8_keyboard_response","response_time_new_keyboard_response","response_time_new_mouse_response","response_time_welcome","response_welcome","round","round_decimals","sampler_backend","sentence","sound_buf_size","sound_channels","sound_freq","sound_sample_size","start","subject_nr","subject_parity","target_position","time_accuracy_output","time_audio_file_offset","time_audio_file_onset_log","time_definitions","time_experiment","time_experiment_intro","time_experiment_intro2","time_image_delay","time_image_nosub","time_image_sub","time_increment_roundCounter","time_instruction","time_instructions","time_log_instruction","time_new_1_inline_script","time_new_1_keyboard_response","time_new_1_sketchpad","time_new_2_keyboard_response","time_new_2_sketchpad","time_new_3_keyboard_response","time_new_3_sketchpad","time_new_4_keyboard_response","time_new_4_sketchpad","time_new_5_keyboard_response","time_new_5_sketchpad","time_new_6_keyboard_response","time_new_6_sketchpad","time_new_7_keyboard_response","time_new_7_sketchpad","time_new_8_keyboard_response","time_new_inline_script","time_new_keyboard_response","time_new_logger","time_new_mouse_response","time_new_pygaze_init","time_new_pygaze_start_recording","time_new_pygaze_stop_recording","time_new_sketchpad","time_sentence_audio","time_subject_onset_log","time_trial_loop","time_trial_sequence","time_welcome","timeout","title","total_correct","total_response_time","total_responses","width"
"undefined","undefined","21_n.wav","undefined","undefined","#dadada","256","psycho","psycho","psycho","non-restrictive","undefined","undefined","undefined","NA","NA","undefined","NA","undefined","NA","undefined","NA","undefined","NA","NA","undefined","NA","NA","NA","undefined","0","0","0","0","0","0","0","NA","0","0","0","NA","0","NA","NA","0","0","NA","0","NA","0","NA","0","NA","0","NA","NA","NA","0","NA","NA","NA","0","NA","0","0","0","0","0","0","0","0","0","participant_group3.csv","3","NA","NA","NA","Sun Jul 26 15:14:57 2026","NA","The main experiment item","False","VWP_finalSetup_22_7.osexp","C:\Users\plcm\Desktop\2026-EyeTracking\group-eyeconic\OS2\final_recordings_upl","False","mono","False","20","no","#0c0c0c","no","yes","1440","21","22_pos3_nosub.png","22_pos3_sub.png","psycho","0","0","C:/Users/plcm/Desktop/2026-EyeTracking/group-eyeconic/OS2/final_recordings_upl/group 1-6/subject-2.csv","psycho","Neonatal Nightingale","4.1.14","vase","cushion","flower","magazine","0","0","space","space","space","NA","NA","NA","NA","space","NA","space","NA","space","NA","space","NA","NA","NA","space","NA","NA","NA","8835.167700017337","3008.456900017336","5425.962099980097","NA","NA","NA","NA","1930.5110000132117","NA","4428.188199992292","NA","6060.406200005673","NA","6036.345700005768","NA","NA","NA","8835.167700017337","NA","NA","NA","18276.287999993656","c","1","2","psycho","The woman will move the flower","1024","2","24000","-16","experiment","2","even","3","71964.42289999686","115733.26390000875","113017.04529998824","107723.8076000067","6277.49040001072","71970.75199999381","74985.21360001178","NA","108988.49710001377","113016.97870000498","NA","NA","71964.51920000254","NA","NA","NA","NA","NA","80416.63719998905","NA","82351.01620000205","NA","86782.74180000881","NA","92846.86220000731","NA","NA","NA","98887.96829999774","NA","NA","NA","115758.93559999531","NA","24580.17950001522","107965.6263999932","NA","NA","113043.10959999566","112988.90409999876","107723.83719999925","107965.2044000104","6302.888400008669","3000","SceneViewing","0","0","0","2560"
"100","100","36_r.wav","5982","5982","#dadada","256","psycho","psycho","psycho","restrictive","1","undefined","undefined","1","NA","undefined","NA","undefined","NA","undefined","NA","undefined","NA","NA","undefined","NA","NA","NA","undefined","0","1","1","0","0","0","0","NA","1","1","1","NA","0","NA","NA","1","0","NA","0","NA","0","NA","0","NA","0","NA","NA","NA","0","NA","NA","NA","1","NA","0","1","1","1","1","1","0","1","0","participant_group3.csv","3","NA","NA","NA","Sun Jul 26 15:14:57 2026","NA","The main experiment item","False","VWP_finalSetup_22_7.osexp","C:\Users\plcm\Desktop\2026-EyeTracking\group-eyeconic\OS2\final_recordings_upl","False","mono","False","20","no","#0c0c0c","no","yes","1440","36","37_pos2_nosub.png","37_pos2_sub.png","psycho","1","1","C:/Users/plcm/Desktop/2026-EyeTracking/group-eyeconic/OS2/final_recordings_upl/group 1-6/subject-2.csv","psycho","Neonatal Nightingale","4.1.14","clips","lego","papers","boxes","0","0","space","space","space","NA","space","NA","NA","space","NA","space","NA","space","NA","space","NA","NA","NA","space","NA","NA","NA","5982.432800024981","3008.456900017336","5425.962099980097","NA","5982.432800024981","NA","NA","1930.5110000132117","NA","4428.188199992292","NA","6060.406200005673","NA","6036.345700005768","NA","NA","NA","8835.167700017337","NA","NA","NA","18276.287999993656","c","2","2","psycho","The kid will build the lego","1024","2","24000","-16","experiment","2","even","2","71964.42289999686","128853.03120000754","126036.2172999885","107723.8076000067","6277.49040001072","71970.75199999381","74985.21360001178","NA","122012.1446000121","126036.1613999994","121787.77190000983","NA","71964.51920000254","NA","NA","115804.78519998724","NA","NA","80416.63719998905","NA","82351.01620000205","NA","86782.74180000881","NA","92846.86220000731","NA","NA","NA","98887.96829999774","NA","NA","NA","128872.13659999543","NA","24580.17950001522","121994.55229999148","115782.26979999454","115804.67990000034","126055.71970000165","126012.54840000183","107723.83719999925","121994.08659999608","6302.888400008669","3000","SceneViewing","1","5982.432800024981","1","2560"
"100","100","5_n.wav","3967","3967","#dadada","256","psycho","psycho","psycho","non-restrictive","1","undefined","undefined","1","NA","undefined","NA","undefined","NA","undefined","NA","undefined","NA","NA","undefined","NA","NA","NA","undefined","0","2","2","0","0","0","0","NA","2","2","2","NA","0","NA","NA","2","0","NA","0","NA","0","NA","0","NA","0","NA","NA","NA","0","NA","NA","NA","2","NA","0","2","2","2","2","2","0","2","0","participant_group3.csv","3","NA","NA","NA","Sun Jul 26 15:14:57 2026","NA","The main experiment item","False","VWP_finalSetup_22_7.osexp","C:\Users\plcm\Desktop\2026-EyeTracking\group-eyeconic\OS2\final_recordings_upl","False","mono","False","20","no","#0c0c0c","no","yes","1440","5","6_pos3_nosub.png","6_pos3_sub.png","psycho","2","2","C:/Users/plcm/Desktop/2026-EyeTracking/group-eyeconic/OS2/final_recordings_upl/group 1-6/subject-2.csv","psycho","Neonatal Nightingale","4.1.14","cactus","moon","mountain","animal","0","0","space","space","space","NA","space","NA","NA","space","NA","space","NA","space","NA","space","NA","NA","NA","space","NA","NA","NA","1952.6235999946948","3008.456900017336","5425.962099980097","NA","1952.6235999946948","NA","NA","1930.5110000132117","NA","4428.188199992292","NA","6060.406200005673","NA","6036.345700005768","NA","NA","NA","8835.167700017337","NA","NA","NA","18276.287999993656","c","3","2","psycho","The hiker will photograph the mountain","1024","2","24000","-16","experiment","2","even","3","71964.42289999686","138433.3101999946","135089.52519999002","107723.8076000067","6277.49040001072","71970.75199999381","74985.21360001178","NA","131065.25360001251","135089.44599999813","130843.96389999893","NA","71964.51920000254","NA","NA","128890.56180001353","NA","NA","80416.63719998905","NA","82351.01620000205","NA","86782.74180000881","NA","92846.86220000731","NA","NA","NA","98887.96829999774","NA","NA","NA","138452.744899987","NA","24580.17950001522","131048.54779999005","128880.22039999487","128890.3993999993","135108.16490001162","135065.46000001254","107723.83719999925","131047.97939999844","6302.888400008669","3000","SceneViewing","2","7935.0564000196755","2","2560"
"100","100","3_n.wav","3422","3422","#dadada","256","psycho","psycho","psycho","non-restrictive","1","undefined","undefined","1","NA","undefined","NA","undefined","NA","undefined","NA","undefined","NA","NA","undefined","NA","NA","NA","undefined","0","3","3","0","0","0","0","NA","3","3","3","NA","0","NA","NA","3","0","NA","0","NA","0","NA","0","NA","0","NA","NA","NA","0","NA","NA","NA","3","NA","0","3","3","3","3","3","0","3","0","participant_group3.csv","3","NA","NA","NA","Sun Jul 26 15:14:57 2026","NA","The main experiment item","False","VWP_finalSetup_22_7.osexp","C:\Users\plcm\Desktop\2026-EyeTracking\group-eyeconic\OS2\final_recordings_upl","False","mono","False","20","no","#0c0c0c","no","yes","1440","3","4_pos1_nosub.png","4_pos1_sub.png","psycho","3","3","C:/Users/plcm/Desktop/2026-EyeTracking/group-eyeconic/OS2/final_recordings_upl/group 1-6/subject-2.csv","psycho","Neonatal Nightingale","4.1.14","baby","plant","stool","rocking-horse","0","0","space","space","space","NA","space","NA","NA","space","NA","space","NA","space","NA","space","NA","NA","NA","space","NA","NA","NA","2333.105900004739","3008.456900017336","5425.962099980097","NA","2333.105900004739","NA","NA","1930.5110000132117","NA","4428.188199992292","NA","6060.406200005673","NA","6036.345700005768","NA","NA","NA","8835.167700017337","NA","NA","NA","18276.287999993656","c","4","2","psycho","The woman will touch the baby","1024","2","24000","-16","experiment","2","even","1","71964.42289999686","147773.00190000096","145046.2198999885","107723.8076000067","6277.49040001072","71970.75199999381","74985.21360001178","NA","141021.35980001185","145046.1420000065","140803.91350001446","NA","71964.51920000254","NA","NA","138470.03339999355","NA","NA","80416.63719998905","NA","82351.01620000205","NA","86782.74180000881","NA","92846.86220000731","NA","NA","NA","98887.96829999774","NA","NA","NA","147792.0054999995","NA","24580.17950001522","141004.46319999173","138460.41840000544","138469.91340001114","145065.97120000515","145021.55179998954","107723.83719999925","141003.7442999892","6302.888400008669","3000","SceneViewing","3","10268.162300024414","3","2560"
"100","100","41_n.wav","3344","3344","#dadada","256","psycho","psycho","psycho","non-restrictive","1","undefined","undefined","1","NA","undefined","NA","undefined","NA","undefined","NA","undefined","NA","NA","undefined","NA","NA","NA","undefined","0","4","4","0","0","0","0","NA","4","4","4","NA","0","NA","NA","4","0","NA","0","NA","0","NA","0","NA","0","NA","NA","NA","0","NA","NA","NA","4","NA","0","4","4","4","4","4","0","4","0","participant_group3.csv","3","NA","NA","NA","Sun Jul 26 15:14:57 2026","NA","The main experiment item","False","VWP_finalSetup_22_7.osexp","C:\Users\plcm\Desktop\2026-EyeTracking\group-eyeconic\OS2\final_recordings_upl","False","mono","False","20","no","#0c0c0c","no","yes","1440","41","42_pos3_nosub.png","42_pos3_sub.png","psycho","4","4","C:/Users/plcm/Desktop/2026-EyeTracking/group-eyeconic/OS2/final_recordings_upl/group 1-6/subject-2.csv","psycho","Neonatal Nightingale","4.1.14","cone","shell","orange","stone","0","0","space","space","space","NA","space","NA","NA","space","NA","space","NA","space","NA","space","NA","NA","NA","space","NA","NA","NA","3107.891399995424","3008.456900017336","5425.962099980097","NA","3107.891399995424","NA","NA","1930.5110000132117","NA","4428.188199992292","NA","6060.406200005673","NA","6036.345700005768","NA","NA","NA","8835.167700017337","NA","NA","NA","18276.287999993656","c","5","2","psycho","The boy will move the orange","1024","2","24000","-16","experiment","2","even","3","71964.42289999686","157783.26840000227","155175.7118999958","107723.8076000067","6277.49040001072","71970.75199999381","74985.21360001178","NA","151151.96529999957","155175.65660001128","150923.91879999195","NA","71964.51920000254","NA","NA","147815.21880000946","NA","NA","80416.63719998905","NA","82351.01620000205","NA","86782.74180000881","NA","92846.86220000731","NA","NA","NA","98887.96829999774","NA","NA","NA","157802.40469999262","NA","24580.17950001522","151136.6573999985","147805.44500000542","147815.01970000681","155195.53669999004","155152.6528999966","107723.83719999925","151136.15870001377","6302.888400008669","3000","SceneViewing","4","13376.053700019838","4","2560"
"100","100","46_r.wav","3139","3139","#dadada","256","psycho","psycho","psycho","restrictive","1","undefined","undefined","1","NA","undefined","NA","undefined","NA","undefined","NA","undefined","NA","NA","undefined","NA","NA","NA","undefined","0","5","5","0","0","0","0","NA","5","5","5","NA","0","NA","NA","5","0","NA","0","NA","0","NA","0","NA","0","NA","NA","NA","0","NA","NA","NA","5","NA","0","5","5","5","5","5","0","5","0","participant_group3.csv","3","NA","NA","NA","Sun Jul 26 15:14:57 2026","NA","The main experiment item","False","VWP_finalSetup_22_7.osexp","C:\Users\plcm\Desktop\2026-EyeTracking\group-eyeconic\OS2\final_recordings_upl","False","mono","False","20","no","#0c0c0c","no","yes","1440","46","47_pos4_nosub.png","47_pos4_sub.png","psycho","5","5","C:/Users/plcm/Desktop/2026-EyeTracking/group-eyeconic/OS2/final_recordings_upl/group 1-6/subject-2.csv","psycho","Neonatal Nightingale","4.1.14","bow","gum","stand","violin","0","0","space","space","space","NA","space","NA","NA","space","NA","space","NA","space","NA","space","NA","NA","NA","space","NA","NA","NA","2319.0923999936786","3008.456900017336","5425.962099980097","NA","2319.0923999936786","NA","NA","1930.5110000132117","NA","4428.188199992292","NA","6060.406200005673","NA","6036.345700005768","NA","NA","NA","8835.167700017337","NA","NA","NA","18276.287999993656","c","6","2","psycho","The musician will tune the violin","1024","2","24000","-16","experiment","2","even","4","71964.42289999686","167573.292999994","164397.37940000487","107723.8076000067","6277.49040001072","71970.75199999381","74985.21360001178","NA","160371.5460000094","164397.3190000106","160147.9246999952","NA","71964.51920000254","NA","NA","157828.11170001514","NA","NA","80416.63719998905","NA","82351.01620000205","NA","86782.74180000881","NA","92846.86220000731","NA","NA","NA","98887.96829999774","NA","NA","NA","167592.71080000326","NA","24580.17950001522","160354.7217999876","157818.67649999913","157827.9263000004","164416.85579999466","164371.90530000953","107723.83719999925","160354.06499999226","6302.888400008669","3000","SceneViewing","5","15695.146100013517","5","2560"
"100","100","22_r.wav","2945","2945","#dadada","256","psycho","psycho","psycho","restrictive","1","undefined","undefined","1","NA","undefined","NA","undefined","NA","undefined","NA","undefined","NA","NA","undefined","NA","NA","NA","undefined","0","6","6","0","0","0","0","NA","6","6","6","NA","0","NA","NA","6","0","NA","0","NA","0","NA","0","NA","0","NA","NA","NA","0","NA","NA","NA","6","NA","0","6","6","6","6","6","0","6","0","participant_group3.csv","3","NA","NA","NA","Sun Jul 26 15:14:57 2026","NA","The main experiment item","False","VWP_finalSetup_22_7.osexp","C:\Users\plcm\Desktop\2026-EyeTracking\group-eyeconic\OS2\final_recordings_upl","False","mono","False","20","no","#0c0c0c","no","yes","1440","22","23_pos4_nosub.png","23_pos4_sub.png","psycho","6","6","C:/Users/plcm/Desktop/2026-EyeTracking/group-eyeconic/OS2/final_recordings_upl/group 1-6/subject-2.csv","psycho","Neonatal Nightingale","4.1.14","hook","poster","towel","coat","0","0","space","space","space","NA","space","NA","NA","space","NA","space","NA","space","NA","space","NA","NA","NA","space","NA","NA","NA","1975.873799994588","3008.456900017336","5425.962099980097","NA","1975.873799994588","NA","NA","1930.5110000132117","NA","4428.188199992292","NA","6060.406200005673","NA","6036.345700005768","NA","NA","NA","8835.167700017337","NA","NA","NA","18276.287999993656","c","7","2","psycho","The girl will zip the coat","1024","2","24000","-16","experiment","2","even","4","71964.42289999686","176342.98019998823","173825.74180001393","107723.8076000067","6277.49040001072","71970.75199999381","74985.21360001178","NA","169801.8124999944","173825.6904000009","169587.6980999892","NA","71964.51920000254","NA","NA","167611.31360000581","NA","NA","80416.63719998905","NA","82351.01620000205","NA","86782.74180000881","NA","92846.86220000731","NA","NA","NA","98887.96829999774","NA","NA","NA","176362.10279999068","NA","24580.17950001522","169786.82239999762","167600.27650001575","167611.0406999942","173844.78089999175","173802.21880000317","107723.83719999925","169785.99199999007","6302.888400008669","3000","SceneViewing","6","17671.019900008105","6","2560"
"100","100","37_n.wav","2867","2867","#dadada","256","psycho","psycho","psycho","non-restrictive","1","undefined","undefined","1","NA","undefined","NA","undefined","NA","undefined","NA","undefined","NA","NA","undefined","NA","NA","NA","undefined","0","7","7","0","0","0","0","NA","7","7","7","NA","0","NA","NA","7","0","NA","0","NA","0","NA","0","NA","0","NA","NA","NA","0","NA","NA","NA","7","NA","0","7","7","7","7","7","0","7","0","participant_group3.csv","3","NA","NA","NA","Sun Jul 26 15:14:57 2026","NA","The main experiment item","False","VWP_finalSetup_22_7.osexp","C:\Users\plcm\Desktop\2026-EyeTracking\group-eyeconic\OS2\final_recordings_upl","False","mono","False","20","no","#0c0c0c","no","yes","1440","37","38_pos3_nosub.png","38_pos3_sub.png","psycho","7","7","C:/Users/plcm/Desktop/2026-EyeTracking/group-eyeconic/OS2/final_recordings_upl/group 1-6/subject-2.csv","psycho","Neonatal Nightingale","4.1.14","marker","key","banana","mitten","0","0","space","space","space","NA","space","NA","NA","space","NA","space","NA","space","NA","space","NA","NA","NA","space","NA","NA","NA","2402.91000000434","3008.456900017336","5425.962099980097","NA","2402.91000000434","NA","NA","1930.5110000132117","NA","4428.188199992292","NA","6060.406200005673","NA","6036.345700005768","NA","NA","NA","8835.167700017337","NA","NA","NA","18276.287999993656","c","8","2","psycho","The boy will move the banana","1024","2","24000","-16","experiment","2","even","3","71964.42289999686","185753.2050999871","183033.75579998828","107723.8076000067","6277.49040001072","71970.75199999381","74985.21360001178","NA","179010.1788000029","183033.7009000068","178787.79619999113","NA","71964.51920000254","NA","NA","176384.32260000263","NA","NA","80416.63719998905","NA","82351.01620000205","NA","86782.74180000881","NA","92846.86220000731","NA","NA","NA","98887.96829999774","NA","NA","NA","185772.31060000486","NA","24580.17950001522","178991.60959999426","176374.5928000135","176384.22400000854","183053.3051000093","183010.9172000084","107723.83719999925","178991.02950000088","6302.888400008669","3000","SceneViewing","7","20073.929900012445","7","2560"
"100","100","34_r.wav","2885","2885","#dadada","256","psycho","psycho","psycho","restrictive","1","undefined","undefined","1","NA","undefined","NA","undefined","NA","undefined","NA","undefined","NA","NA","undefined","NA","NA","NA","undefined","0","8","8","0","0","0","0","NA","8","8","8","NA","0","NA","NA","8","0","NA","0","NA","0","NA","0","NA","0","NA","NA","NA","0","NA","NA","NA","8","NA","0","8","8","8","8","8","0","8","0","participant_group3.csv","3","NA","NA","NA","Sun Jul 26 15:14:57 2026","NA","The main experiment item","False","VWP_finalSetup_22_7.osexp","C:\Users\plcm\Desktop\2026-EyeTracking\group-eyeconic\OS2\final_recordings_upl","False","mono","False","20","no","#0c0c0c","no","yes","1440","34","35_pos4_nosub.png","35_pos4_sub.png","psycho","8","8","C:/Users/plcm/Desktop/2026-EyeTracking/group-eyeconic/OS2/final_recordings_upl/group 1-6/subject-2.csv","psycho","Neonatal Nightingale","4.1.14","puzzle","notebook","pillow","radio","0","0","space","space","space","NA","space","NA","NA","space","NA","space","NA","space","NA","space","NA","NA","NA","space","NA","NA","NA","3013.193599996157","3008.456900017336","5425.962099980097","NA","3013.193599996157","NA","NA","1930.5110000132117","NA","4428.188199992292","NA","6060.406200005673","NA","6036.345700005768","NA","NA","NA","8835.167700017337","NA","NA","NA","18276.287999993656","c","9","2","psycho","The boy will switch on the radio","1024","2","24000","-16","experiment","2","even","4","71964.42289999686","196123.06589999935","193060.37150000338","107723.8076000067","6277.49040001072","71970.75199999381","74985.21360001178","NA","189036.58119999454","193060.2889000147","188803.78389998805","NA","71964.51920000254","NA","NA","185789.95259999647","NA","NA","80416.63719998905","NA","82351.01620000205","NA","86782.74180000881","NA","92846.86220000731","NA","NA","NA","98887.96829999774","NA","NA","NA","196142.0603999868","NA","24580.17950001522","189018.7511999975","185780.3172999993","185789.84760001185","193079.72899999004","193037.17230001348","107723.83719999925","189018.0893999932","6302.888400008669","3000","SceneViewing","8","23087.1235000086","8","2560"
"100","100","44_r.wav","2792","2792","#dadada","256","psycho","psycho","psycho","restrictive","1","undefined","undefined","1","NA","undefined","NA","undefined","NA","undefined","NA","undefined","NA","NA","undefined","NA","NA","NA","undefined","0","9","9","0","0","0","0","NA","9","9","9","NA","0","NA","NA","9","0","NA","0","NA","0","NA","0","NA","0","NA","NA","NA","0","NA","NA","NA","9","NA","0","9","9","9","9","9","0","9","0","participant_group3.csv","3","NA","NA","NA","Sun Jul 26 15:14:57 2026","NA","The main experiment item","False","VWP_finalSetup_22_7.osexp","C:\Users\plcm\Desktop\2026-EyeTracking\group-eyeconic\OS2\final_recordings_upl","False","mono","False","20","no","#0c0c0c","no","yes","1440","44","45_pos2_nosub.png","45_pos2_sub.png","psycho","9","9","C:/Users/plcm/Desktop/2026-EyeTracking/group-eyeconic/OS2/final_recordings_upl/group 1-6/subject-2.csv","psycho","Neonatal Nightingale","4.1.14","hammer","dough","glass","ladle","0","0","space","space","space","NA","space","NA","NA","space","NA","space","NA","space","NA","space","NA","NA","NA","space","NA","NA","NA","2046.503199992003","3008.456900017336","5425.962099980097","NA","2046.503199992003","NA","NA","1930.5110000132117","NA","4428.188199992292","NA","6060.406200005673","NA","6036.345700005768","NA","NA","NA","8835.167700017337","NA","NA","NA","18276.287999993656","c","10","2","psycho","The baker will knead the dough","1024","2","24000","-16","experiment","2","even","2","71964.42289999686","205103.06940000737","202462.53140000044","107723.8076000067","6277.49040001072","71970.75199999381","74985.21360001178","NA","198437.9542999959","202462.4666000018","198219.6460000123","NA","71964.51920000254","NA","NA","196172.63730001287","NA","NA","80416.63719998905","NA","82351.01620000205","NA","86782.74180000881","NA","92846.86220000731","NA","NA","NA","98887.96829999774","NA","NA","NA","205121.96429999312","NA","24580.17950001522","198420.61359999934","196162.69210001337","196172.51269999542","202481.70989999198","202438.51700000232","107723.83719999925","198420.2093000058","6302.888400008669","3000","SceneViewing","9","25133.626700000605","9","2560"
"100","100","9_n.wav","2794","2794","#dadada","256","psycho","psycho","psycho","non-restrictive","1","undefined","undefined","1","NA","undefined","NA","undefined","NA","undefined","NA","undefined","NA","NA","undefined","NA","NA","NA","undefined","0","10","10","0","0","0","0","NA","10","10","10","NA","0","NA","NA","10","0","NA","0","NA","0","NA","0","NA","0","NA","NA","NA","0","NA","NA","NA","10","NA","0","10","10","10","10","10","0","10","0","participant_group3.csv","3","NA","NA","NA","Sun Jul 26 15:14:57 2026","NA","The main experiment item","False","VWP_finalSetup_22_7.osexp","C:\Users\plcm\Desktop\2026-EyeTracking\group-eyeconic\OS2\final_recordings_upl","False","mono","False","20","no","#0c0c0c","no","yes","1440","9","10_pos3_nosub.png","10_pos3_sub.png","psycho","10","10","C:/Users/plcm/Desktop/2026-EyeTracking/group-eyeconic/OS2/final_recordings_upl/group 1-6/subject-2.csv","psycho","Neonatal Nightingale","4.1.14","cup","bag","book","door","0","0","space","space","space","NA","space","NA","NA","space","NA","space","NA","space","NA","space","NA","NA","NA","space","NA","NA","NA","2807.3498999874573","3008.456900017336","5425.962099980097","NA","2807.3498999874573","NA","NA","1930.5110000132117","NA","4428.188199992292","NA","6060.406200005673","NA","6036.345700005768","NA","NA","NA","8835.167700017337","NA","NA","NA","18276.287999993656","c","11","2","psycho","The woman will open the book","1024","2","24000","-16","experiment","2","even","3","71964.42289999686","214012.96779999393","212182.06300001475","107723.8076000067","6277.49040001072","71970.75199999381","74985.21360001178","NA","208158.51969999494","212182.0025999914","207948.01600000937","NA","71964.51920000254","NA","NA","205139.79730001302","NA","NA","80416.63719998905","NA","82351.01620000205","NA","86782.74180000881","NA","92846.86220000731","NA","NA","NA","98887.96829999774","NA","NA","NA","214032.2073000134","NA","24580.17950001522","208142.58600000176","205129.86350001302","205139.68960000784","212200.9462999995","212158.71069999412","107723.83719999925","208142.04330000211","6302.888400008669","3000","SceneViewing","10","27940.976599988062","10","2560"
"100","100","17_n.wav","2973","2973","#dadada","256","psycho","psycho","psycho","non-restrictive","1","undefined","undefined","1","NA","undefined","NA","undefined","NA","undefined","NA","undefined","NA","NA","undefined","NA","NA","NA","undefined","0","11","11","0","0","0","0","NA","11","11","11","NA","0","NA","NA","11","0","NA","0","NA","0","NA","0","NA","0","NA","NA","NA","0","NA","NA","NA","11","NA","0","11","11","11","11","11","0","11","0","participant_group3.csv","3","NA","NA","NA","Sun Jul 26 15:14:57 2026","NA","The main experiment item","False","VWP_finalSetup_22_7.osexp","C:\Users\plcm\Desktop\2026-EyeTracking\group-eyeconic\OS2\final_recordings_upl","False","mono","False","20","no","#0c0c0c","no","yes","1440","17","18_pos3_nosub.png","18_pos3_sub.png","psycho","11","11","C:/Users/plcm/Desktop/2026-EyeTracking/group-eyeconic/OS2/final_recordings_upl/group 1-6/subject-2.csv","psycho","Neonatal Nightingale","4.1.14","stone","rope","wood","bucket","0","0","space","space","space","NA","space","NA","NA","space","NA","space","NA","space","NA","space","NA","NA","NA","space","NA","NA","NA","4768.859200004954","3008.456900017336","5425.962099980097","NA","4768.859200004954","NA","NA","1930.5110000132117","NA","4428.188199992292","NA","6060.406200005673","NA","6036.345700005768","NA","NA","NA","8835.167700017337","NA","NA","NA","18276.287999993656","c","12","2","psycho","The man will  move the wood","1024","2","24000","-16","experiment","2","even","3","71964.42289999686","225513.22699998855","223064.2966000014","107723.8076000067","6277.49040001072","71970.75199999381","74985.21360001178","NA","219040.73899998912","223064.22219998785","218827.98569998704","NA","71964.51920000254","NA","NA","214058.38659999426","NA","NA","80416.63719998905","NA","82351.01620000205","NA","86782.74180000881","NA","92846.86220000731","NA","NA","NA","98887.96829999774","NA","NA","NA","225532.59300001082","NA","24580.17950001522","219022.84600000712","214045.45179998968","214058.22239999543","223083.33280001534","223041.05619998882","107723.83719999925","219022.20760000637","6302.888400008669","3000","SceneViewing","11","32709.835799993016","11","2560"
"100","100","40_r.wav","2980","2980","#dadada","256","psycho","psycho","psycho","restrictive","1","undefined","undefined","1","NA","undefined","NA","undefined","NA","undefined","NA","undefined","NA","NA","undefined","NA","NA","NA","undefined","0","12","12","0","0","0","0","NA","12","12","12","NA","0","NA","NA","12","0","NA","0","NA","0","NA","0","NA","0","NA","NA","NA","0","NA","NA","NA","12","NA","0","12","12","12","12","12","0","12","0","participant_group3.csv","3","NA","NA","NA","Sun Jul 26 15:14:57 2026","NA","The main experiment item","False","VWP_finalSetup_22_7.osexp","C:\Users\plcm\Desktop\2026-EyeTracking\group-eyeconic\OS2\final_recordings_upl","False","mono","False","20","no","#0c0c0c","no","yes","1440","40","41_pos2_nosub.png","41_pos2_sub.png","psycho","12","12","C:/Users/plcm/Desktop/2026-EyeTracking/group-eyeconic/OS2/final_recordings_upl/group 1-6/subject-2.csv","psycho","Neonatal Nightingale","4.1.14","iron","blouse","pin","toothbrish","0","0","space","space","space","NA","space","NA","NA","space","NA","space","NA","space","NA","space","NA","NA","NA","space","NA","NA","NA","3053.8181999872904","3008.456900017336","5425.962099980097","NA","3053.8181999872904","NA","NA","1930.5110000132117","NA","4428.188199992292","NA","6060.406200005673","NA","6036.345700005768","NA","NA","NA","8835.167700017337","NA","NA","NA","18276.287999993656","c","13","2","psycho","The girl will button the blouse","1024","2","24000","-16","experiment","2","even","2","71964.42289999686","235543.03410000284","232853.70070001227","107723.8076000067","6277.49040001072","71970.75199999381","74985.21360001178","NA","228829.75169998826","232853.6413999973","228611.9835000136","NA","71964.51920000254","NA","NA","225557.32270001317","NA","NA","80416.63719998905","NA","82351.01620000205","NA","86782.74180000881","NA","92846.86220000731","NA","NA","NA","98887.96829999774","NA","NA","NA","235562.56190000568","NA","24580.17950001522","228814.43850000505","225547.02890000772","225557.13020000258","232872.65350000234","232829.88010000554","107723.83719999925","228813.84730001446","6302.888400008669","3000","SceneViewing","12","35763.653999980306","12","2560"
"100","100","31_n.wav","2918","2918","#dadada","256","psycho","psycho","psycho","non-restrictive","1","undefined","undefined","1","NA","undefined","NA","undefined","NA","undefined","NA","undefined","NA","NA","undefined","NA","NA","NA","undefined","0","13","13","0","0","0","0","NA","13","13","13","NA","0","NA","NA","13","0","NA","0","NA","0","NA","0","NA","0","NA","NA","NA","0","NA","NA","NA","13","NA","0","13","13","13","13","13","0","13","0","participant_group3.csv","3","NA","NA","NA","Sun Jul 26 15:14:57 2026","NA","The main experiment item","False","VWP_finalSetup_22_7.osexp","C:\Users\plcm\Desktop\2026-EyeTracking\group-eyeconic\OS2\final_recordings_upl","False","mono","False","20","no","#0c0c0c","no","yes","1440","31","32_pos1_nosub.png","32_pos1_sub.png","psycho","13","13","C:/Users/plcm/Desktop/2026-EyeTracking/group-eyeconic/OS2/final_recordings_upl/group 1-6/subject-2.csv","psycho","Neonatal Nightingale","4.1.14","bottle","lemon","sponge","seed","0","0","space","space","space","NA","space","NA","NA","space","NA","space","NA","space","NA","space","NA","NA","NA","space","NA","NA","NA","2178.494900028454","3008.456900017336","5425.962099980097","NA","2178.494900028454","NA","NA","1930.5110000132117","NA","4428.188199992292","NA","6060.406200005673","NA","6036.345700005768","NA","NA","NA","8835.167700017337","NA","NA","NA","18276.287999993656","c","14","2","psycho","The woman will examine the bottle","1024","2","24000","-16","experiment","2","even","1","71964.42289999686","245013.44139999128","242017.89340001415","107723.8076000067","6277.49040001072","71970.75199999381","74985.21360001178","NA","237993.21119999513","242017.83070000238","237772.0593000122","NA","71964.51920000254","NA","NA","235592.63989998726","NA","NA","80416.63719998905","NA","82351.01620000205","NA","86782.74180000881","NA","92846.86220000731","NA","NA","NA","98887.96829999774","NA","NA","NA","245032.78869998758","NA","24580.17950001522","237977.22629999043","235583.0646000104","235592.51310001127","242037.40520001156","241993.68559999857","107723.83719999925","237976.37459999532","6302.888400008669","3000","SceneViewing","13","37942.14890000876","13","2560"
"100","100","48_r.wav","2825","2825","#dadada","256","psycho","psycho","psycho","restrictive","1","undefined","undefined","1","NA","undefined","NA","undefined","NA","undefined","NA","undefined","NA","NA","undefined","NA","NA","NA","undefined","0","14","14","0","0","0","0","NA","14","14","14","NA","0","NA","NA","14","0","NA","0","NA","0","NA","0","NA","0","NA","NA","NA","0","NA","NA","NA","14","NA","0","14","14","14","14","14","0","14","0","participant_group3.csv","3","NA","NA","NA","Sun Jul 26 15:14:57 2026","NA","The main experiment item","False","VWP_finalSetup_22_7.osexp","C:\Users\plcm\Desktop\2026-EyeTracking\group-eyeconic\OS2\final_recordings_upl","False","mono","False","20","no","#0c0c0c","no","yes","1440","48","49_pos2_nosub.png","49_pos2_sub.png","psycho","14","14","C:/Users/plcm/Desktop/2026-EyeTracking/group-eyeconic/OS2/final_recordings_upl/group 1-6/subject-2.csv","psycho","Neonatal Nightingale","4.1.14","pouch","balloon","pump","flag","0","0","space","space","space","NA","space","NA","NA","space","NA","space","NA","space","NA","space","NA","NA","NA","space","NA","NA","NA","1616.816399997333","3008.456900017336","5425.962099980097","NA","1616.816399997333","NA","NA","1930.5110000132117","NA","4428.188199992292","NA","6060.406200005673","NA","6036.345700005768","NA","NA","NA","8835.167700017337","NA","NA","NA","18276.287999993656","c","15","2","psycho","The child will inflate the balloon","1024","2","24000","-16","experiment","2","even","2","71964.42289999686","253993.00879999646","250904.39770001103","107723.8076000067","6277.49040001072","71970.75199999381","74985.21360001178","NA","246879.46220001322","250904.32400000282","246667.78190000332","NA","71964.51920000254","NA","NA","245050.3119000059","NA","NA","80416.63719998905","NA","82351.01620000205","NA","86782.74180000881","NA","92846.86220000731","NA","NA","NA","98887.96829999774","NA","NA","NA","254012.4664999894","NA","24580.17950001522","246864.32009999407","245040.4348000011","245050.16919999616","250923.73350000707","250879.93279998773","107723.83719999925","246863.80890000146","6302.888400008669","3000","SceneViewing","14","39558.96530000609","14","2560"
"100","100","47_n.wav","2741","2741","#dadada","256","psycho","psycho","psycho","non-restrictive","1","undefined","undefined","1","NA","undefined","NA","undefined","NA","undefined","NA","undefined","NA","NA","undefined","NA","NA","NA","undefined","0","15","15","0","0","0","0","NA","15","15","15","NA","0","NA","NA","15","0","NA","0","NA","0","NA","0","NA","0","NA","NA","NA","0","NA","NA","NA","15","NA","0","15","15","15","15","15","0","15","0","participant_group3.csv","3","NA","NA","NA","Sun Jul 26 15:14:57 2026","NA","The main experiment item","False","VWP_finalSetup_22_7.osexp","C:\Users\plcm\Desktop\2026-EyeTracking\group-eyeconic\OS2\final_recordings_upl","False","mono","False","20","no","#0c0c0c","no","yes","1440","47","48_pos1_nosub.png","48_pos1_sub.png","psycho","15","15","C:/Users/plcm/Desktop/2026-EyeTracking/group-eyeconic/OS2/final_recordings_upl/group 1-6/subject-2.csv","psycho","Neonatal Nightingale","4.1.14","carpet","dustpan","roller","footstool","0","0","space","space","space","NA","space","NA","NA","space","NA","space","NA","space","NA","space","NA","NA","NA","space","NA","NA","NA","1567.9141000146046","3008.456900017336","5425.962099980097","NA","1567.9141000146046","NA","NA","1930.5110000132117","NA","4428.188199992292","NA","6060.406200005673","NA","6036.345700005768","NA","NA","NA","8835.167700017337","NA","NA","NA","18276.287999993656","c","16","2","psycho","The girl will move the carpet","1024","2","24000","-16","experiment","2","even","1","71964.42289999686","262653.13170000445","259874.3614999985","107723.8076000067","6277.49040001072","71970.75199999381","74985.21360001178","NA","255849.49339999002","259874.28680001176","255612.31029999908","NA","71964.51920000254","NA","NA","254043.28600000008","NA","NA","80416.63719998905","NA","82351.01620000205","NA","86782.74180000881","NA","92846.86220000731","NA","NA","NA","98887.96829999774","NA","NA","NA","262672.1366000129","NA","24580.17950001522","255833.11860001413","254032.98610000638","254043.13959999126","259893.37470001192","259849.9770000053","107723.83719999925","255832.18689999194","6302.888400008669","3000","SceneViewing","15","41126.8794000207","15","2560"
"100","100","23_n.wav","2669","2669","#dadada","256","psycho","psycho","psycho","non-restrictive","1","undefined","undefined","1","NA","undefined","NA","undefined","NA","undefined","NA","undefined","NA","NA","undefined","NA","NA","NA","undefined","0","16","16","0","0","0","0","NA","16","16","16","NA","0","NA","NA","16","0","NA","0","NA","0","NA","0","NA","0","NA","NA","NA","0","NA","NA","NA","16","NA","0","16","16","16","16","16","0","16","0","participant_group3.csv","3","NA","NA","NA","Sun Jul 26 15:14:57 2026","NA","The main experiment item","False","VWP_finalSetup_22_7.osexp","C:\Users\plcm\Desktop\2026-EyeTracking\group-eyeconic\OS2\final_recordings_upl","False","mono","False","20","no","#0c0c0c","no","yes","1440","23","24_pos1_nosub.png","24_pos1_sub.png","psycho","16","16","C:/Users/plcm/Desktop/2026-EyeTracking/group-eyeconic/OS2/final_recordings_upl/group 1-6/subject-2.csv","psycho","Neonatal Nightingale","4.1.14","scarf","pencil","needle","card","0","0","space","space","space","NA","space","NA","NA","space","NA","space","NA","space","NA","space","NA","NA","NA","space","NA","NA","NA","1589.3452999880537","3008.456900017336","5425.962099980097","NA","1589.3452999880537","NA","NA","1930.5110000132117","NA","4428.188199992292","NA","6060.406200005673","NA","6036.345700005768","NA","NA","NA","8835.167700017337","NA","NA","NA","18276.287999993656","c","17","2","psycho","The girl will hold the scarf","1024","2","24000","-16","experiment","2","even","1","71964.42289999686","271213.10960000847","268525.6268999947","107723.8076000067","6277.49040001072","71970.75199999381","74985.21360001178","NA","264501.6619999951","268525.5707000033","264283.75219999","NA","71964.51920000254","NA","NA","262693.79570000456","NA","NA","80416.63719998905","NA","82351.01620000205","NA","86782.74180000881","NA","92846.86220000731","NA","NA","NA","98887.96829999774","NA","NA","NA","271232.6605000126","NA","24580.17950001522","264484.59300000104","262682.90079999133","262693.4706000029","268544.98669999884","268501.8369999889","107723.83719999925","264483.8757000107","6302.888400008669","3000","SceneViewing","16","42716.22470000875","16","2560"
"100","100","11_n.wav","2618","2618","#dadada","256","psycho","psycho","psycho","non-restrictive","1","undefined","undefined","1","NA","undefined","NA","undefined","NA","undefined","NA","undefined","NA","NA","undefined","NA","NA","NA","undefined","0","17","17","0","0","0","0","NA","17","17","17","NA","0","NA","NA","17","0","NA","0","NA","0","NA","0","NA","0","NA","NA","NA","0","NA","NA","NA","17","NA","0","17","17","17","17","17","0","17","0","participant_group3.csv","3","NA","NA","NA","Sun Jul 26 15:14:57 2026","NA","The main experiment item","False","VWP_finalSetup_22_7.osexp","C:\Users\plcm\Desktop\2026-EyeTracking\group-eyeconic\OS2\final_recordings_upl","False","mono","False","20","no","#0c0c0c","no","yes","1440","11","12_pos1_nosub.png","12_pos1_sub.png","psycho","17","17","C:/Users/plcm/Desktop/2026-EyeTracking/group-eyeconic/OS2/final_recordings_upl/group 1-6/subject-2.csv","psycho","Neonatal Nightingale","4.1.14","bell","drum","duck","bricks","0","0","space","space","space","NA","space","NA","NA","space","NA","space","NA","space","NA","space","NA","NA","NA","space","NA","NA","NA","1791.6977000131737","3008.456900017336","5425.962099980097","NA","1791.6977000131737","NA","NA","1930.5110000132117","NA","4428.188199992292","NA","6060.406200005673","NA","6036.345700005768","NA","NA","NA","8835.167700017337","NA","NA","NA","18276.287999993656","c","18","2","psycho","The baby will kick the bell","1024","2","24000","-16","experiment","2","even","1","71964.42289999686","279763.05929999216","277313.38060001144","107723.8076000067","6277.49040001072","71970.75199999381","74985.21360001178","NA","273288.0366999889","277313.2888000109","273059.7083999892","NA","71964.51920000254","NA","NA","271267.428799998","NA","NA","80416.63719998905","NA","82351.01620000205","NA","86782.74180000881","NA","92846.86220000731","NA","NA","NA","98887.96829999774","NA","NA","NA","279782.02270000475","NA","24580.17950001522","273272.9314999888","271257.39059998887","271267.1199000033","277332.3636999994","277288.4112999891","107723.83719999925","273272.3358999938","6302.888400008669","3000","SceneViewing","17","44507.922400021926","17","2560"
"100","100","29_n.wav","2576","2576","#dadada","256","psycho","psycho","psycho","non-restrictive","1","undefined","undefined","1","NA","undefined","NA","undefined","NA","undefined","NA","undefined","NA","NA","undefined","NA","NA","NA","undefined","0","18","18","0","0","0","0","NA","18","18","18","NA","0","NA","NA","18","0","NA","0","NA","0","NA","0","NA","0","NA","NA","NA","0","NA","NA","NA","18","NA","0","18","18","18","18","18","0","18","0","participant_group3.csv","3","NA","NA","NA","Sun Jul 26 15:14:57 2026","NA","The main experiment item","False","VWP_finalSetup_22_7.osexp","C:\Users\plcm\Desktop\2026-EyeTracking\group-eyeconic\OS2\final_recordings_upl","False","mono","False","20","no","#0c0c0c","no","yes","1440","29","30_pos3_nosub.png","30_pos3_sub.png","psycho","18","18","C:/Users/plcm/Desktop/2026-EyeTracking/group-eyeconic/OS2/final_recordings_upl/group 1-6/subject-2.csv","psycho","Neonatal Nightingale","4.1.14","eraser","tissue","newspaper","comb","0","0","space","space","space","NA","space","NA","NA","space","NA","space","NA","space","NA","space","NA","NA","NA","space","NA","NA","NA","1877.7617000159808","3008.456900017336","5425.962099980097","NA","1877.7617000159808","NA","NA","1930.5110000132117","NA","4428.188199992292","NA","6060.406200005673","NA","6036.345700005768","NA","NA","NA","8835.167700017337","NA","NA","NA","18276.287999993656","c","19","2","psycho","The grandmother will eadturn the newspaper","1024","2","24000","-16","experiment","2","even","3","71964.42289999686","288683.0187999876","285933.95120001514","107723.8076000067","6277.49040001072","71970.75199999381","74985.21360001178","NA","281910.25129999616","285933.8607999962","281692.0450000034","NA","71964.51920000254","NA","NA","279813.5648999887","NA","NA","80416.63719998905","NA","82351.01620000205","NA","86782.74180000881","NA","92846.86220000731","NA","NA","NA","98887.96829999774","NA","NA","NA","288702.3530000006","NA","24580.17950001522","281893.7554000004","279802.5639000116","279813.43780001043","285953.5177999933","285911.05359999347","107723.83719999925","281893.0197999871","6302.888400008669","3000","SceneViewing","18","46385.684100037906","18","2560"
"100","100","16_r.wav","2621","2621","#dadada","256","psycho","psycho","psycho","restrictive","1","undefined","undefined","1","NA","undefined","NA","undefined","NA","undefined","NA","undefined","NA","NA","undefined","NA","NA","NA","undefined","0","19","19","0","0","0","0","NA","19","19","19","NA","0","NA","NA","19","0","NA","0","NA","0","NA","0","NA","0","NA","NA","NA","0","NA","NA","NA","19","NA","0","19","19","19","19","19","0","19","0","participant_group3.csv","3","NA","NA","NA","Sun Jul 26 15:14:57 2026","NA","The main experiment item","False","VWP_finalSetup_22_7.osexp","C:\Users\plcm\Desktop\2026-EyeTracking\group-eyeconic\OS2\final_recordings_upl","False","mono","False","20","no","#0c0c0c","no","yes","1440","16","17_pos2_nosub.png","17_pos2_sub.png","psycho","19","19","C:/Users/plcm/Desktop/2026-EyeTracking/group-eyeconic/OS2/final_recordings_upl/group 1-6/subject-2.csv","psycho","Neonatal Nightingale","4.1.14","ribbon","dress","lantern","backpack","0","0","space","space","space","NA","space","NA","NA","space","NA","space","NA","space","NA","space","NA","NA","NA","space","NA","NA","NA","3426.507700001821","3008.456900017336","5425.962099980097","NA","3426.507700001821","NA","NA","1930.5110000132117","NA","4428.188199992292","NA","6060.406200005673","NA","6036.345700005768","NA","NA","NA","8835.167700017337","NA","NA","NA","18276.287999993656","c","20","2","psycho","The woman will wear the dress","1024","2","24000","-16","experiment","2","even","2","71964.42289999686","298993.0083999934","296377.951500006","107723.8076000067","6277.49040001072","71970.75199999381","74985.21360001178","NA","292354.1581000027","296377.87409999873","292147.9244999937","NA","71964.51920000254","NA","NA","288720.64610000234","NA","NA","80416.63719998905","NA","82351.01620000205","NA","86782.74180000881","NA","92846.86220000731","NA","NA","NA","98887.96829999774","NA","NA","NA","299011.9840000116","NA","24580.17950001522","292335.86469999864","288710.024","288720.52470000926","296397.5430999999","296354.68439999386","107723.83719999925","292335.3086000134","6302.888400008669","3000","SceneViewing","19","49812.19180003973","19","2560"
"100","100","13_n.wav","2563","2563","#dadada","256","psycho","psycho","psycho","non-restrictive","1","undefined","undefined","1","NA","undefined","NA","undefined","NA","undefined","NA","undefined","NA","NA","undefined","NA","NA","NA","undefined","0","20","20","0","0","0","0","NA","20","20","20","NA","0","NA","NA","20","0","NA","0","NA","0","NA","0","NA","0","NA","NA","NA","0","NA","NA","NA","20","NA","0","20","20","20","20","20","0","20","0","participant_group3.csv","3","NA","NA","NA","Sun Jul 26 15:14:57 2026","NA","The main experiment item","False","VWP_finalSetup_22_7.osexp","C:\Users\plcm\Desktop\2026-EyeTracking\group-eyeconic\OS2\final_recordings_upl","False","mono","False","20","no","#0c0c0c","no","yes","1440","13","14_pos3_nosub.png","14_pos3_sub.png","psycho","20","20","C:/Users/plcm/Desktop/2026-EyeTracking/group-eyeconic/OS2/final_recordings_upl/group 1-6/subject-2.csv","psycho","Neonatal Nightingale","4.1.14","briefcase","glasses","cigarettes","filofax","0","0","space","space","space","NA","space","NA","NA","space","NA","space","NA","space","NA","space","NA","NA","NA","space","NA","NA","NA","1466.476400004467","3008.456900017336","5425.962099980097","NA","1466.476400004467","NA","NA","1930.5110000132117","NA","4428.188199992292","NA","6060.406200005673","NA","6036.345700005768","NA","NA","NA","8835.167700017337","NA","NA","NA","18276.287999993656","c","21","2","psycho","The man will  collect the cigarettes","1024","2","24000","-16","experiment","2","even","3","71964.42289999686","307773.19780000835","304762.31550000375","107723.8076000067","6277.49040001072","71970.75199999381","74985.21360001178","NA","300737.92459999095","304762.24690000527","300508.0603999959","NA","71964.51920000254","NA","NA","299040.77439999674","NA","NA","80416.63719998905","NA","82351.01620000205","NA","86782.74180000881","NA","92846.86220000731","NA","NA","NA","98887.96829999774","NA","NA","NA","307792.864499992","NA","24580.17950001522","300720.74700001394","299029.9726999947","299040.5374999973","304781.4145000011","304738.65469999146","107723.83719999925","300719.98610001174","6302.888400008669","3000","SceneViewing","20","51278.668200044194","20","2560"
"100","100","4_r.wav","2513","2513","#dadada","256","psycho","psycho","psycho","restrictive","1","undefined","undefined","1","NA","undefined","NA","undefined","NA","undefined","NA","undefined","NA","NA","undefined","NA","NA","NA","undefined","0","21","21","0","0","0","0","NA","21","21","21","NA","0","NA","NA","21","0","NA","0","NA","0","NA","0","NA","0","NA","NA","NA","0","NA","NA","NA","21","NA","0","21","21","21","21","21","0","21","0","participant_group3.csv","3","NA","NA","NA","Sun Jul 26 15:14:57 2026","NA","The main experiment item","False","VWP_finalSetup_22_7.osexp","C:\Users\plcm\Desktop\2026-EyeTracking\group-eyeconic\OS2\final_recordings_upl","False","mono","False","20","no","#0c0c0c","no","yes","1440","4","5_pos2_nosub.png","5_pos2_sub.png","psycho","21","21","C:/Users/plcm/Desktop/2026-EyeTracking/group-eyeconic/OS2/final_recordings_upl/group 1-6/subject-2.csv","psycho","Neonatal Nightingale","4.1.14","shuttle-cock","ball","paper-plane","acorns","0","0","space","space","space","NA","space","NA","NA","space","NA","space","NA","space","NA","space","NA","NA","NA","space","NA","NA","NA","1504.21070001903","3008.456900017336","5425.962099980097","NA","1504.21070001903","NA","NA","1930.5110000132117","NA","4428.188199992292","NA","6060.406200005673","NA","6036.345700005768","NA","NA","NA","8835.167700017337","NA","NA","NA","18276.287999993656","c","22","2","psycho","The boy will bounce the ball","1024","2","24000","-16","experiment","2","even","2","71964.42289999686","316122.9580999934","313557.561499998","107723.8076000067","6277.49040001072","71970.75199999381","74985.21360001178","NA","309533.1365999882","313557.50180000905","309316.109300009","NA","71964.51920000254","NA","NA","307810.9965999902","NA","NA","80416.63719998905","NA","82351.01620000205","NA","86782.74180000881","NA","92846.86220000731","NA","NA","NA","98887.96829999774","NA","NA","NA","316142.7987999923","NA","24580.17950001522","309515.80960000865","307800.7970000035","307810.84560000454","313576.71120000305","313533.5839999898","107723.83719999925","309515.2367000119","6302.888400008669","3000","SceneViewing","21","52782.878900063224","21","2560"
"100","100","45_n.wav","2470","2470","#dadada","256","psycho","psycho","psycho","non-restrictive","1","undefined","undefined","1","NA","undefined","NA","undefined","NA","undefined","NA","undefined","NA","NA","undefined","NA","NA","NA","undefined","0","22","22","0","0","0","0","NA","22","22","22","NA","0","NA","NA","22","0","NA","0","NA","0","NA","0","NA","0","NA","NA","NA","0","NA","NA","NA","22","NA","0","22","22","22","22","22","0","22","0","participant_group3.csv","3","NA","NA","NA","Sun Jul 26 15:14:57 2026","NA","The main experiment item","False","VWP_finalSetup_22_7.osexp","C:\Users\plcm\Desktop\2026-EyeTracking\group-eyeconic\OS2\final_recordings_upl","False","mono","False","20","no","#0c0c0c","no","yes","1440","45","46_pos3_nosub.png","46_pos3_sub.png","psycho","22","22","C:/Users/plcm/Desktop/2026-EyeTracking/group-eyeconic/OS2/final_recordings_upl/group 1-6/subject-2.csv","psycho","Neonatal Nightingale","4.1.14","peeler","pot","carrot","laddle","0","0","space","space","space","NA","space","NA","NA","space","NA","space","NA","space","NA","space","NA","NA","NA","space","NA","NA","NA","1570.5260999966413","3008.456900017336","5425.962099980097","NA","1570.5260999966413","NA","NA","1930.5110000132117","NA","4428.188199992292","NA","6060.406200005673","NA","6036.345700005768","NA","NA","NA","8835.167700017337","NA","NA","NA","18276.287999993656","c","23","2","psycho","The chef will carry the carrot","1024","2","24000","-16","experiment","2","even","3","71964.42289999686","324613.1492999848","321999.30209998274","107723.8076000067","6277.49040001072","71970.75199999381","74985.21360001178","NA","317974.69619999174","321999.2426999961","317748.03479999537","NA","71964.51920000254","NA","NA","316176.6457000049","NA","NA","80416.63719998905","NA","82351.01620000205","NA","86782.74180000881","NA","92846.86220000731","NA","NA","NA","98887.96829999774","NA","NA","NA","324632.67369999085","NA","24580.17950001522","317957.7639999916","316165.6622000155","316176.4972000092","322018.3395000058","321975.76940001454","107723.83719999925","317957.2898999904","6302.888400008669","3000","SceneViewing","22","54353.405000059865","22","2560"
"100","100","42_r.wav","2417","2417","#dadada","256","psycho","psycho","psycho","restrictive","1","undefined","undefined","1","NA","undefined","NA","undefined","NA","undefined","NA","undefined","NA","NA","undefined","NA","NA","NA","undefined","0","23","23","0","0","0","0","NA","23","23","23","NA","0","NA","NA","23","0","NA","0","NA","0","NA","0","NA","0","NA","NA","NA","0","NA","NA","NA","23","NA","0","23","23","23","23","23","0","23","0","participant_group3.csv","3","NA","NA","NA","Sun Jul 26 15:14:57 2026","NA","The main experiment item","False","VWP_finalSetup_22_7.osexp","C:\Users\plcm\Desktop\2026-EyeTracking\group-eyeconic\OS2\final_recordings_upl","False","mono","False","20","no","#0c0c0c","no","yes","1440","42","43_pos4_nosub.png","43_pos4_sub.png","psycho","23","23","C:/Users/plcm/Desktop/2026-EyeTracking/group-eyeconic/OS2/final_recordings_upl/group 1-6/subject-2.csv","psycho","Neonatal Nightingale","4.1.14","apple","chalk","ruler","shirt","0","0","space","space","space","NA","space","NA","NA","space","NA","space","NA","space","NA","space","NA","NA","NA","space","NA","NA","NA","1240.1771000004373","3008.456900017336","5425.962099980097","NA","1240.1771000004373","NA","NA","1930.5110000132117","NA","4428.188199992292","NA","6060.406200005673","NA","6036.345700005768","NA","NA","NA","8835.167700017337","NA","NA","NA","18276.287999993656","c","24","2","psycho","The woman will sew the shirt","1024","2","24000","-16","experiment","2","even","4","71964.42289999686","332673.06240001926","330149.4805000257","107723.8076000067","6277.49040001072","71970.75199999381","74985.21360001178","NA","326123.15260001924","330149.41790001467","325908.1433999818","NA","71964.51920000254","NA","NA","324667.0331999776","NA","NA","80416.63719998905","NA","82351.01620000205","NA","86782.74180000881","NA","92846.86220000731","NA","NA","NA","98887.96829999774","NA","NA","NA","332691.8883000035","NA","24580.17950001522","326105.944800016","324656.96190000745","324666.8822999927","330168.75479999","330123.5178000061","107723.83719999925","326105.4503999767","6302.888400008669","3000","SceneViewing","23","55593.5821000603","23","2560"
"100","100","30_r.wav","2384","2384","#dadada","256","psycho","psycho","psycho","restrictive","1","undefined","undefined","1","NA","undefined","NA","undefined","NA","undefined","NA","undefined","NA","NA","undefined","NA","NA","NA","undefined","0","24","24","0","0","0","0","NA","24","24","24","NA","0","NA","NA","24","0","NA","0","NA","0","NA","0","NA","0","NA","NA","NA","0","NA","NA","NA","24","NA","0","24","24","24","24","24","0","24","0","participant_group3.csv","3","NA","NA","NA","Sun Jul 26 15:14:57 2026","NA","The main experiment item","False","VWP_finalSetup_22_7.osexp","C:\Users\plcm\Desktop\2026-EyeTracking\group-eyeconic\OS2\final_recordings_upl","False","mono","False","20","no","#0c0c0c","no","yes","1440","30","31_pos4_nosub.png","31_pos4_sub.png","psycho","24","24","C:/Users/plcm/Desktop/2026-EyeTracking/group-eyeconic/OS2/final_recordings_upl/group 1-6/subject-2.csv","psycho","Neonatal Nightingale","4.1.14","cap","watch","headphones","dice","0","0","space","space","space","NA","space","NA","NA","space","NA","space","NA","space","NA","space","NA","NA","NA","space","NA","NA","NA","1645.748899958562","3008.456900017336","5425.962099980097","NA","1645.748899958562","NA","NA","1930.5110000132117","NA","4428.188199992292","NA","6060.406200005673","NA","6036.345700005768","NA","NA","NA","8835.167700017337","NA","NA","NA","18276.287999993656","c","25","2","psycho","The girl will roll the dice","1024","2","24000","-16","experiment","2","even","4","71964.42289999686","341202.92950002477","338595.17669997877","107723.8076000067","6277.49040001072","71970.75199999381","74985.21360001178","NA","334570.793699997","338595.1205000165","334355.7496999856","NA","71964.51920000254","NA","NA","332709.37290001893","NA","NA","80416.63719998905","NA","82351.01620000205","NA","86782.74180000881","NA","92846.86220000731","NA","NA","NA","98887.96829999774","NA","NA","NA","341222.2932000295","NA","24580.17950001522","334554.7344000079","332699.5706000016","332709.1765999794","338614.5407999866","338571.29990000976","107723.83719999925","334554.1688000085","6302.888400008669","3000","SceneViewing","24","57239.331000018865","24","2560"
"100","100","38_r.wav","2340","2340","#dadada","256","psycho","psycho","psycho","restrictive","1","undefined","undefined","1","NA","undefined","NA","undefined","NA","undefined","NA","undefined","NA","NA","undefined","NA","NA","NA","undefined","0","25","25","0","0","0","0","NA","25","25","25","NA","0","NA","NA","25","0","NA","0","NA","0","NA","0","NA","0","NA","NA","NA","0","NA","NA","NA","25","NA","0","25","25","25","25","25","0","25","0","participant_group3.csv","3","NA","NA","NA","Sun Jul 26 15:14:57 2026","NA","The main experiment item","False","VWP_finalSetup_22_7.osexp","C:\Users\plcm\Desktop\2026-EyeTracking\group-eyeconic\OS2\final_recordings_upl","False","mono","False","20","no","#0c0c0c","no","yes","1440","38","39_pos4_nosub.png","39_pos4_sub.png","psycho","25","25","C:/Users/plcm/Desktop/2026-EyeTracking/group-eyeconic/OS2/final_recordings_upl/group 1-6/subject-2.csv","psycho","Neonatal Nightingale","4.1.14","mop","broom","cloth","apron","0","0","space","space","space","NA","space","NA","NA","space","NA","space","NA","space","NA","space","NA","NA","NA","space","NA","NA","NA","1260.8746999758296","3008.456900017336","5425.962099980097","NA","1260.8746999758296","NA","NA","1930.5110000132117","NA","4428.188199992292","NA","6060.406200005673","NA","6036.345700005768","NA","NA","NA","8835.167700017337","NA","NA","NA","18276.287999993656","c","26","2","psycho","The woman will tie the apron","1024","2","24000","-16","experiment","2","even","4","71964.42289999686","349463.01060001133","346760.0571999792","107723.8076000067","6277.49040001072","71970.75199999381","74985.21360001178","NA","342735.6986000086","346759.9770000088","342515.8816999756","NA","71964.51920000254","NA","NA","341254.2206000071","NA","NA","80416.63719998905","NA","82351.01620000205","NA","86782.74180000881","NA","92846.86220000731","NA","NA","NA","98887.96829999774","NA","NA","NA","349482.5827999739","NA","24580.17950001522","342719.5630000206","341243.6474999995","341254.08849999076","346779.62579997256","346736.2438000273","107723.83719999925","342718.90119998716","6302.888400008669","3000","SceneViewing","25","58500.205699994694","25","2560"
"100","100","49_n.wav","2292","2292","#dadada","256","psycho","psycho","psycho","non-restrictive","1","undefined","undefined","1","NA","undefined","NA","undefined","NA","undefined","NA","undefined","NA","NA","undefined","NA","NA","NA","undefined","0","26","26","0","0","0","0","NA","26","26","26","NA","0","NA","NA","26","0","NA","0","NA","0","NA","0","NA","0","NA","NA","NA","0","NA","NA","NA","26","NA","0","26","26","26","26","26","0","26","0","participant_group3.csv","3","NA","NA","NA","Sun Jul 26 15:14:57 2026","NA","The main experiment item","False","VWP_finalSetup_22_7.osexp","C:\Users\plcm\Desktop\2026-EyeTracking\group-eyeconic\OS2\final_recordings_upl","False","mono","False","20","no","#0c0c0c","no","yes","1440","49","50_pos3_nosub.png","50_pos3_sub.png","psycho","26","26","C:/Users/plcm/Desktop/2026-EyeTracking/group-eyeconic/OS2/final_recordings_upl/group 1-6/subject-2.csv","psycho","Neonatal Nightingale","4.1.14","rubberband","scissors","stamp","envelope","0","0","space","space","space","NA","space","NA","NA","space","NA","space","NA","space","NA","space","NA","NA","NA","space","NA","NA","NA","1100.7299000048079","3008.456900017336","5425.962099980097","NA","1100.7299000048079","NA","NA","1930.5110000132117","NA","4428.188199992292","NA","6060.406200005673","NA","6036.345700005768","NA","NA","NA","8835.167700017337","NA","NA","NA","18276.287999993656","c","27","2","psycho","The man will pick up the stamp","1024","2","24000","-16","experiment","2","even","3","71964.42289999686","357573.2403000002","354842.639999988","107723.8076000067","6277.49040001072","71970.75199999381","74985.21360001178","NA","350818.46380000934","354842.5564999925","350603.8084999891","NA","71964.51920000254","NA","NA","349502.3800000199","NA","NA","80416.63719998905","NA","82351.01620000205","NA","86782.74180000881","NA","92846.86220000731","NA","NA","NA","98887.96829999774","NA","NA","NA","357592.8892000229","NA","24580.17950001522","350803.0950999819","349490.6315000262","349502.203800017","354861.81099998066","354818.9060000004","107723.83719999925","350802.17179999454","6302.888400008669","3000","SceneViewing","26","59600.9355999995","26","2560"
"100","100","15_n.wav","2286","2286","#dadada","256","psycho","psycho","psycho","non-restrictive","1","undefined","undefined","1","NA","undefined","NA","undefined","NA","undefined","NA","undefined","NA","NA","undefined","NA","NA","NA","undefined","0","27","27","0","0","0","0","NA","27","27","27","NA","0","NA","NA","27","0","NA","0","NA","0","NA","0","NA","0","NA","NA","NA","0","NA","NA","NA","27","NA","0","27","27","27","27","27","0","27","0","participant_group3.csv","3","NA","NA","NA","Sun Jul 26 15:14:57 2026","NA","The main experiment item","False","VWP_finalSetup_22_7.osexp","C:\Users\plcm\Desktop\2026-EyeTracking\group-eyeconic\OS2\final_recordings_upl","False","mono","False","20","no","#0c0c0c","no","yes","1440","15","16_pos1_nosub.png","16_pos1_sub.png","psycho","27","27","C:/Users/plcm/Desktop/2026-EyeTracking/group-eyeconic/OS2/final_recordings_upl/group 1-6/subject-2.csv","psycho","Neonatal Nightingale","4.1.14","hat","wallet","magnifying-glass","folder","0","0","space","space","space","NA","space","NA","NA","space","NA","space","NA","space","NA","space","NA","NA","NA","space","NA","NA","NA","2128.3470999915153","3008.456900017336","5425.962099980097","NA","2128.3470999915153","NA","NA","1930.5110000132117","NA","4428.188199992292","NA","6060.406200005673","NA","6036.345700005768","NA","NA","NA","8835.167700017337","NA","NA","NA","18276.287999993656","c","28","2","psycho","The businessman will  forget the hat","1024","2","24000","-16","experiment","2","even","1","71964.42289999686","367153.1093000085","364009.9170000176","107723.8076000067","6277.49040001072","71970.75199999381","74985.21360001178","NA","359986.52590002166","364009.8648000276","359763.81869998295","NA","71964.51920000254","NA","NA","357634.7636000137","NA","NA","80416.63719998905","NA","82351.01620000205","NA","86782.74180000881","NA","92846.86220000731","NA","NA","NA","98887.96829999774","NA","NA","NA","367172.6336000138","NA","24580.17950001522","359969.93640001165","357624.94840001455","357634.6562000108","364029.5343999751","363986.6930000135","107723.83719999925","359969.3495000247","6302.888400008669","3000","SceneViewing","27","61729.28269999102","27","2560"
"100","100","19_n.wav","2260","2260","#dadada","256","psycho","psycho","psycho","non-restrictive","1","undefined","undefined","1","NA","undefined","NA","undefined","NA","undefined","NA","undefined","NA","NA","undefined","NA","NA","NA","undefined","0","28","28","0","0","0","0","NA","28","28","28","NA","0","NA","NA","28","0","NA","0","NA","0","NA","0","NA","0","NA","NA","NA","0","NA","NA","NA","28","NA","0","28","28","28","28","28","0","28","0","participant_group3.csv","3","NA","NA","NA","Sun Jul 26 15:14:57 2026","NA","The main experiment item","False","VWP_finalSetup_22_7.osexp","C:\Users\plcm\Desktop\2026-EyeTracking\group-eyeconic\OS2\final_recordings_upl","False","mono","False","20","no","#0c0c0c","no","yes","1440","19","20_pos1_nosub.png","20_pos1_sub.png","psycho","28","28","C:/Users/plcm/Desktop/2026-EyeTracking/group-eyeconic/OS2/final_recordings_upl/group 1-6/subject-2.csv","psycho","Neonatal Nightingale","4.1.14","bread","spoon","spatula","bowl","0","0","space","space","space","NA","space","NA","NA","space","NA","space","NA","space","NA","space","NA","NA","NA","space","NA","NA","NA","1560.8474999899045","3008.456900017336","5425.962099980097","NA","1560.8474999899045","NA","NA","1930.5110000132117","NA","4428.188199992292","NA","6060.406200005673","NA","6036.345700005768","NA","NA","NA","8835.167700017337","NA","NA","NA","18276.287999993656","c","29","2","psycho","The chef will clean the bread","1024","2","24000","-16","experiment","2","even","1","71964.42289999686","375553.05250000674","373006.4874999807","107723.8076000067","6277.49040001072","71970.75199999381","74985.21360001178","NA","368981.5569000202","373006.4049999928","368763.952600013","NA","71964.51920000254","NA","NA","367202.2728000302","NA","NA","80416.63719998905","NA","82351.01620000205","NA","86782.74180000881","NA","92846.86220000731","NA","NA","NA","98887.96829999774","NA","NA","NA","375572.9504000046","NA","24580.17950001522","368965.0716999895","367192.4417000264","367202.1581999725","373025.8561000228","372981.92960000597","107723.83719999925","368964.5480000181","6302.888400008669","3000","SceneViewing","28","63290.13019998092","28","2560"
"100","100","10_r.wav","2240","2240","#dadada","256","psycho","psycho","psycho","restrictive","1","undefined","undefined","1","NA","undefined","NA","undefined","NA","undefined","NA","undefined","NA","NA","undefined","NA","NA","NA","undefined","0","29","29","0","0","0","0","NA","29","29","29","NA","0","NA","NA","29","0","NA","0","NA","0","NA","0","NA","0","NA","NA","NA","0","NA","NA","NA","29","NA","0","29","29","29","29","29","0","29","0","participant_group3.csv","3","NA","NA","NA","Sun Jul 26 15:14:57 2026","NA","The main experiment item","False","VWP_finalSetup_22_7.osexp","C:\Users\plcm\Desktop\2026-EyeTracking\group-eyeconic\OS2\final_recordings_upl","False","mono","False","20","no","#0c0c0c","no","yes","1440","10","11_pos4_nosub.png","11_pos4_sub.png","psycho","29","29","C:/Users/plcm/Desktop/2026-EyeTracking/group-eyeconic/OS2/final_recordings_upl/group 1-6/subject-2.csv","psycho","Neonatal Nightingale","4.1.14","mirror","dog","wastebin","washing-machine","0","0","space","space","space","NA","space","NA","NA","space","NA","space","NA","space","NA","space","NA","NA","NA","space","NA","NA","NA","1686.6222000098787","3008.456900017336","5425.962099980097","NA","1686.6222000098787","NA","NA","1930.5110000132117","NA","4428.188199992292","NA","6060.406200005673","NA","6036.345700005768","NA","NA","NA","8835.167700017337","NA","NA","NA","18276.287999993656","c","30","2","psycho","The man will repair the washing machine","1024","2","24000","-16","experiment","2","even","4","71964.42289999686","385043.1189999799","381560.19589997595","107723.8076000067","6277.49040001072","71970.75199999381","74985.21360001178","NA","377534.3818999827","381560.12789998204","377300.2365999855","NA","71964.51920000254","NA","NA","375612.5919999904","NA","NA","80416.63719998905","NA","82351.01620000205","NA","86782.74180000881","NA","92846.86220000731","NA","NA","NA","98887.96829999774","NA","NA","NA","385062.60519998614","NA","24580.17950001522","377518.13839998795","375602.34350000974","375612.41930001415","381579.51349997893","381535.1173999952","107723.83719999925","377517.3300000024","6302.888400008669","3000","SceneViewing","29","64976.7523999908","29","2560"
"100","100","26_r.wav","2269","2269","#dadada","256","psycho","psycho","psycho","restrictive","1","undefined","undefined","1","NA","undefined","NA","undefined","NA","undefined","NA","undefined","NA","NA","undefined","NA","NA","NA","undefined","0","30","30","0","0","0","0","NA","30","30","30","NA","0","NA","NA","30","0","NA","0","NA","0","NA","0","NA","0","NA","NA","NA","0","NA","NA","NA","30","NA","0","30","30","30","30","30","0","30","0","participant_group3.csv","3","NA","NA","NA","Sun Jul 26 15:14:57 2026","NA","The main experiment item","False","VWP_finalSetup_22_7.osexp","C:\Users\plcm\Desktop\2026-EyeTracking\group-eyeconic\OS2\final_recordings_upl","False","mono","False","20","no","#0c0c0c","no","yes","1440","26","27_pos4_nosub.png","27_pos4_sub.png","psycho","30","30","C:/Users/plcm/Desktop/2026-EyeTracking/group-eyeconic/OS2/final_recordings_upl/group 1-6/subject-2.csv","psycho","Neonatal Nightingale","4.1.14","package","coin","coaster","candle","0","0","space","space","space","NA","space","NA","NA","space","NA","space","NA","space","NA","space","NA","NA","NA","space","NA","NA","NA","3098.7341000000015","3008.456900017336","5425.962099980097","NA","3098.7341000000015","NA","NA","1930.5110000132117","NA","4428.188199992292","NA","6060.406200005673","NA","6036.345700005768","NA","NA","NA","8835.167700017337","NA","NA","NA","18276.287999993656","c","31","2","psycho","The woman will blow out the candle","1024","2","24000","-16","experiment","2","even","4","71964.42289999686","395433.0095999758","392423.42649999773","107723.8076000067","6277.49040001072","71970.75199999381","74985.21360001178","NA","388399.1784999962","392423.37460001","388179.7324999934","NA","71964.51920000254","NA","NA","385080.37779998267","NA","NA","80416.63719998905","NA","82351.01620000205","NA","86782.74180000881","NA","92846.86220000731","NA","NA","NA","98887.96829999774","NA","NA","NA","395452.9551999876","NA","24580.17950001522","388382.78550002724","385069.762500003","385080.23090002825","392442.70469999174","392399.59129999625","107723.83719999925","388382.10480002454","6302.888400008669","3000","SceneViewing","30","68075.4864999908","30","2560"
"100","100","0_r.wav","2241","2241","#dadada","256","psycho","psycho","psycho","restrictive","1","undefined","undefined","1","NA","undefined","NA","undefined","NA","undefined","NA","undefined","NA","NA","undefined","NA","NA","NA","undefined","0","31","31","0","0","0","0","NA","31","31","31","NA","0","NA","NA","31","0","NA","0","NA","0","NA","0","NA","0","NA","NA","NA","0","NA","NA","NA","31","NA","0","31","31","31","31","31","0","31","0","participant_group3.csv","3","NA","NA","NA","Sun Jul 26 15:14:57 2026","NA","The main experiment item","False","VWP_finalSetup_22_7.osexp","C:\Users\plcm\Desktop\2026-EyeTracking\group-eyeconic\OS2\final_recordings_upl","False","mono","False","20","no","#0c0c0c","no","yes","1440","0","1_pos2_nosub.png","1_pos2_sub.png","psycho","31","31","C:/Users/plcm/Desktop/2026-EyeTracking/group-eyeconic/OS2/final_recordings_upl/group 1-6/subject-2.csv","psycho","Neonatal Nightingale","4.1.14","ball","cake","toy-car","toy-train","0","0","space","space","space","NA","space","NA","NA","space","NA","space","NA","space","NA","space","NA","NA","NA","space","NA","NA","NA","1419.8217000230215","3008.456900017336","5425.962099980097","NA","1419.8217000230215","NA","NA","1930.5110000132117","NA","4428.188199992292","NA","6060.406200005673","NA","6036.345700005768","NA","NA","NA","8835.167700017337","NA","NA","NA","18276.287999993656","c","32","2","psycho","The boy will eat the cake","1024","2","24000","-16","experiment","2","even","2","71964.42289999686","403503.151300014","401156.4039000077","107723.8076000067","6277.49040001072","71970.75199999381","74985.21360001178","NA","397132.05720001133","401156.3447000226","396916.1902000196","NA","71964.51920000254","NA","NA","395495.38729997585","NA","NA","80416.63719998905","NA","82351.01620000205","NA","86782.74180000881","NA","92846.86220000731","NA","NA","NA","98887.96829999774","NA","NA","NA","403521.8080999912","NA","24580.17950001522","397116.2507000263","395484.3866999727","395495.0080999988","401175.484700012","401132.5720999739","107723.83719999925","397115.6773000257","6302.888400008669","3000","SceneViewing","31","69495.30820001382","31","2560"
"100","100","2_r.wav","2205","2205","#dadada","256","psycho","psycho","psycho","restrictive","1","undefined","undefined","1","NA","undefined","NA","undefined","NA","undefined","NA","undefined","NA","NA","undefined","NA","NA","NA","undefined","0","32","32","0","0","0","0","NA","32","32","32","NA","0","NA","NA","32","0","NA","0","NA","0","NA","0","NA","0","NA","NA","NA","0","NA","NA","NA","32","NA","0","32","32","32","32","32","0","32","0","participant_group3.csv","3","NA","NA","NA","Sun Jul 26 15:14:57 2026","NA","The main experiment item","False","VWP_finalSetup_22_7.osexp","C:\Users\plcm\Desktop\2026-EyeTracking\group-eyeconic\OS2\final_recordings_upl","False","mono","False","20","no","#0c0c0c","no","yes","1440","2","3_pos4_nosub.png","3_pos4_sub.png","psycho","32","32","C:/Users/plcm/Desktop/2026-EyeTracking/group-eyeconic/OS2/final_recordings_upl/group 1-6/subject-2.csv","psycho","Neonatal Nightingale","4.1.14","car","houses","dustbin","man","0","0","space","space","space","NA","space","NA","NA","space","NA","space","NA","space","NA","space","NA","NA","NA","space","NA","NA","NA","1087.8020000527613","3008.456900017336","5425.962099980097","NA","1087.8020000527613","NA","NA","1930.5110000132117","NA","4428.188199992292","NA","6060.406200005673","NA","6036.345700005768","NA","NA","NA","8835.167700017337","NA","NA","NA","18276.287999993656","c","33","2","psycho","The policeman will arrest the man","1024","2","24000","-16","experiment","2","even","4","71964.42289999686","411953.1216999749","408870.8461999777","107723.8076000067","6277.49040001072","71970.75199999381","74985.21360001178","NA","404847.16250002384","408870.7770999754","404627.9311000253","NA","71964.51920000254","NA","NA","403539.3116999767","NA","NA","80416.63719998905","NA","82351.01620000205","NA","86782.74180000881","NA","92846.86220000731","NA","NA","NA","98887.96829999774","NA","NA","NA","411972.40410000086","NA","24580.17950001522","404830.772300018","403529.47369997855","403539.19280000264","408890.1309000212","408847.3928999738","107723.83719999925","404830.1894000033","6302.888400008669","3000","SceneViewing","32","70583.11020006659","32","2560"
"100","100","12_r.wav","2187","2187","#dadada","256","psycho","psycho","psycho","restrictive","1","undefined","undefined","1","NA","undefined","NA","undefined","NA","undefined","NA","undefined","NA","NA","undefined","NA","NA","NA","undefined","0","33","33","0","0","0","0","NA","33","33","33","NA","0","NA","NA","33","0","NA","0","NA","0","NA","0","NA","0","NA","NA","NA","0","NA","NA","NA","33","NA","0","33","33","33","33","33","0","33","0","participant_group3.csv","3","NA","NA","NA","Sun Jul 26 15:14:57 2026","NA","The main experiment item","False","VWP_finalSetup_22_7.osexp","C:\Users\plcm\Desktop\2026-EyeTracking\group-eyeconic\OS2\final_recordings_upl","False","mono","False","20","no","#0c0c0c","no","yes","1440","12","13_pos2_nosub.png","13_pos2_sub.png","psycho","33","33","C:/Users/plcm/Desktop/2026-EyeTracking/group-eyeconic/OS2/final_recordings_upl/group 1-6/subject-2.csv","psycho","Neonatal Nightingale","4.1.14","car","boat","birds","sun","0","0","space","space","space","NA","space","NA","NA","space","NA","space","NA","space","NA","space","NA","NA","NA","space","NA","NA","NA","1588.3347999770194","3008.456900017336","5425.962099980097","NA","1588.3347999770194","NA","NA","1930.5110000132117","NA","4428.188199992292","NA","6060.406200005673","NA","6036.345700005768","NA","NA","NA","8835.167700017337","NA","NA","NA","18276.287999993656","c","34","2","psycho","The man will sail the boat","1024","2","24000","-16","experiment","2","even","2","71964.42289999686","420313.2541999803","417823.34340002853","107723.8076000067","6277.49040001072","71970.75199999381","74985.21360001178","NA","413800.0631000032","417823.28309997683","413587.82680000877","NA","71964.51920000254","NA","NA","411998.7848000019","NA","NA","80416.63719998905","NA","82351.01620000205","NA","86782.74180000881","NA","92846.86220000731","NA","NA","NA","98887.96829999774","NA","NA","NA","420332.5700000278","NA","24580.17950001522","413784.37110001687","411989.03529997915","411998.68219997734","417842.6252999925","417800.5110999802","107723.83719999925","413783.6807999993","6302.888400008669","3000","SceneViewing","33","72171.4450000436","33","2560"
"100","100","28_r.wav","2295","2295","#dadada","256","psycho","psycho","psycho","restrictive","1","undefined","undefined","1","NA","undefined","NA","undefined","NA","undefined","NA","undefined","NA","NA","undefined","NA","NA","NA","undefined","0","34","34","0","0","0","0","NA","34","34","34","NA","0","NA","NA","34","0","NA","0","NA","0","NA","0","NA","0","NA","NA","NA","0","NA","NA","NA","34","NA","0","34","34","34","34","34","0","34","0","participant_group3.csv","3","NA","NA","NA","Sun Jul 26 15:14:57 2026","NA","The main experiment item","False","VWP_finalSetup_22_7.osexp","C:\Users\plcm\Desktop\2026-EyeTracking\group-eyeconic\OS2\final_recordings_upl","False","mono","False","20","no","#0c0c0c","no","yes","1440","28","29_pos2_nosub.png","29_pos2_sub.png","psycho","34","34","C:/Users/plcm/Desktop/2026-EyeTracking/group-eyeconic/OS2/final_recordings_upl/group 1-6/subject-2.csv","psycho","Neonatal Nightingale","4.1.14","sock","milk","glove","nut","0","0","space","space","space","NA","space","NA","NA","space","NA","space","NA","space","NA","space","NA","NA","NA","space","NA","NA","NA","5883.305199968163","3008.456900017336","5425.962099980097","NA","5883.305199968163","NA","NA","1930.5110000132117","NA","4428.188199992292","NA","6060.406200005673","NA","6036.345700005768","NA","NA","NA","8835.167700017337","NA","NA","NA","18276.287999993656","c","35","2","psycho","The cat will drink the milk","1024","2","24000","-16","experiment","2","even","2","71964.42289999686","432983.03980001947","430494.8857999989","107723.8076000067","6277.49040001072","71970.75199999381","74985.21360001178","NA","426470.8164000185","430494.8325000005","426251.92499998957","NA","71964.51920000254","NA","NA","420367.78530001175","NA","NA","80416.63719998905","NA","82351.01620000205","NA","86782.74180000881","NA","92846.86220000731","NA","NA","NA","98887.96829999774","NA","NA","NA","433002.4949000217","NA","24580.17950001522","426451.6799999983","420356.73100000713","420367.58369999006","430514.3666000222","430471.4190000086","107723.83719999925","426451.21650001965","6302.888400008669","3000","SceneViewing","34","78054.75020001177","34","2560"
"100","100","7_n.wav","2272","2272","#dadada","256","psycho","psycho","psycho","non-restrictive","1","undefined","undefined","1","NA","undefined","NA","undefined","NA","undefined","NA","undefined","NA","NA","undefined","NA","NA","NA","undefined","0","35","35","0","0","0","0","NA","35","35","35","NA","0","NA","NA","35","0","NA","0","NA","0","NA","0","NA","0","NA","NA","NA","0","NA","NA","NA","35","NA","0","35","35","35","35","35","0","35","0","participant_group3.csv","3","NA","NA","NA","Sun Jul 26 15:14:57 2026","NA","The main experiment item","False","VWP_finalSetup_22_7.osexp","C:\Users\plcm\Desktop\2026-EyeTracking\group-eyeconic\OS2\final_recordings_upl","False","mono","False","20","no","#0c0c0c","no","yes","1440","7","8_pos1_nosub.png","8_pos1_sub.png","psycho","35","35","C:/Users/plcm/Desktop/2026-EyeTracking/group-eyeconic/OS2/final_recordings_upl/group 1-6/subject-2.csv","psycho","Neonatal Nightingale","4.1.14","child","tv-monitor","toy-bear","microscope","0","0","space","space","space","NA","space","NA","NA","space","NA","space","NA","space","NA","space","NA","NA","NA","space","NA","NA","NA","1483.6478999932297","3008.456900017336","5425.962099980097","NA","1483.6478999932297","NA","NA","1930.5110000132117","NA","4428.188199992292","NA","6060.406200005673","NA","6036.345700005768","NA","NA","NA","8835.167700017337","NA","NA","NA","18276.287999993656","c","36","2","psycho","The doctor will check the child","1024","2","24000","-16","experiment","2","even","1","71964.42289999686","441663.22980000405","438763.53639998706","107723.8076000067","6277.49040001072","71970.75199999381","74985.21360001178","NA","434738.84210002143","438763.4781000088","434523.90149998246","NA","71964.51920000254","NA","NA","433039.5731999888","NA","NA","80416.63719998905","NA","82351.01620000205","NA","86782.74180000881","NA","92846.86220000731","NA","NA","NA","98887.96829999774","NA","NA","NA","441682.4425000232","NA","24580.17950001522","434721.93559998414","433028.8963000057","433039.35239999555","438782.6135000214","438739.1945000272","107723.83719999925","434721.34699998423","6302.888400008669","3000","SceneViewing","35","79538.398100005","35","2560"
"100","100","35_n.wav","2249","2249","#dadada","256","psycho","psycho","psycho","non-restrictive","1","undefined","undefined","1","NA","undefined","NA","undefined","NA","undefined","NA","undefined","NA","NA","undefined","NA","NA","NA","undefined","0","36","36","0","0","0","0","NA","36","36","36","NA","0","NA","NA","36","0","NA","0","NA","0","NA","0","NA","0","NA","NA","NA","0","NA","NA","NA","36","NA","0","36","36","36","36","36","0","36","0","participant_group3.csv","3","NA","NA","NA","Sun Jul 26 15:14:57 2026","NA","The main experiment item","False","VWP_finalSetup_22_7.osexp","C:\Users\plcm\Desktop\2026-EyeTracking\group-eyeconic\OS2\final_recordings_upl","False","mono","False","20","no","#0c0c0c","no","yes","1440","35","36_pos1_nosub.png","36_pos1_sub.png","psycho","36","36","C:/Users/plcm/Desktop/2026-EyeTracking/group-eyeconic/OS2/final_recordings_upl/group 1-6/subject-2.csv","psycho","Neonatal Nightingale","4.1.14","mascara","brush","mirror","pot","0","0","space","space","space","NA","space","NA","NA","space","NA","space","NA","space","NA","space","NA","NA","NA","space","NA","NA","NA","1433.7487999582663","3008.456900017336","5425.962099980097","NA","1433.7487999582663","NA","NA","1930.5110000132117","NA","4428.188199992292","NA","6060.406200005673","NA","6036.345700005768","NA","NA","NA","8835.167700017337","NA","NA","NA","18276.287999993656","c","37","2","psycho","The girl will squeeze the mascara","1024","2","24000","-16","experiment","2","even","1","71964.42289999686","450542.988399975","447386.6209000116","107723.8076000067","6277.49040001072","71970.75199999381","74985.21360001178","NA","443361.57429998275","447386.5609000204","443147.74240000406","NA","71964.51920000254","NA","NA","441713.3185000275","NA","NA","80416.63719998905","NA","82351.01620000205","NA","86782.74180000881","NA","92846.86220000731","NA","NA","NA","98887.96829999774","NA","NA","NA","450562.4338000198","NA","24580.17950001522","443345.44270002516","441703.2934000017","441713.1686999928","447405.5947000161","447362.2360000154","107723.83719999925","443344.71779997693","6302.888400008669","3000","SceneViewing","36","80972.14689996326","36","2560"
"100","100","24_r.wav","2225","2225","#dadada","256","psycho","psycho","psycho","restrictive","1","undefined","undefined","1","NA","undefined","NA","undefined","NA","undefined","NA","undefined","NA","NA","undefined","NA","NA","NA","undefined","0","37","37","0","0","0","0","NA","37","37","37","NA","0","NA","NA","37","0","NA","0","NA","0","NA","0","NA","0","NA","NA","NA","0","NA","NA","NA","37","NA","0","37","37","37","37","37","0","37","0","participant_group3.csv","3","NA","NA","NA","Sun Jul 26 15:14:57 2026","NA","The main experiment item","False","VWP_finalSetup_22_7.osexp","C:\Users\plcm\Desktop\2026-EyeTracking\group-eyeconic\OS2\final_recordings_upl","False","mono","False","20","no","#0c0c0c","no","yes","1440","24","25_pos2_nosub.png","25_pos2_sub.png","psycho","37","37","C:/Users/plcm/Desktop/2026-EyeTracking/group-eyeconic/OS2/final_recordings_upl/group 1-6/subject-2.csv","psycho","Neonatal Nightingale","4.1.14","glass","rabbit","plate","potato","0","0","space","space","space","NA","space","NA","NA","space","NA","space","NA","space","NA","space","NA","NA","NA","space","NA","NA","NA","1354.304900043644","3008.456900017336","5425.962099980097","NA","1354.304900043644","NA","NA","1930.5110000132117","NA","4428.188199992292","NA","6060.406200005673","NA","6036.345700005768","NA","NA","NA","8835.167700017337","NA","NA","NA","18276.287999993656","c","38","2","psycho","The girl will groom the rabbit","1024","2","24000","-16","experiment","2","even","2","71964.42289999686","458923.0602000025","456184.31049998617","107723.8076000067","6277.49040001072","71970.75199999381","74985.21360001178","NA","452160.50130000804","456184.25260001095","451948.02100001834","NA","71964.51920000254","NA","NA","450592.82289998373","NA","NA","80416.63719998905","NA","82351.01620000205","NA","86782.74180000881","NA","92846.86220000731","NA","NA","NA","98887.96829999774","NA","NA","NA","458942.2433000291","NA","24580.17950001522","452143.56120000593","450582.28859998053","450592.65669999877","456204.1912000277","456161.0980000114","107723.83719999925","452142.9028999992","6302.888400008669","3000","SceneViewing","37","82326.45180000691","37","2560"
"100","100","25_n.wav","2195","2195","#dadada","256","psycho","psycho","psycho","non-restrictive","1","undefined","undefined","1","NA","undefined","NA","undefined","NA","undefined","NA","undefined","NA","NA","undefined","NA","NA","NA","undefined","0","38","38","0","0","0","0","NA","38","38","38","NA","0","NA","NA","38","0","NA","0","NA","0","NA","0","NA","0","NA","NA","NA","0","NA","NA","NA","38","NA","0","38","38","38","38","38","0","38","0","participant_group3.csv","3","NA","NA","NA","Sun Jul 26 15:14:57 2026","NA","The main experiment item","False","VWP_finalSetup_22_7.osexp","C:\Users\plcm\Desktop\2026-EyeTracking\group-eyeconic\OS2\final_recordings_upl","False","mono","False","20","no","#0c0c0c","no","yes","1440","25","26_pos3_nosub.png","26_pos3_sub.png","psycho","38","38","C:/Users/plcm/Desktop/2026-EyeTracking/group-eyeconic/OS2/final_recordings_upl/group 1-6/subject-2.csv","psycho","Neonatal Nightingale","4.1.14","peach","rope","canvas","keyboard","0","0","space","space","space","NA","space","NA","NA","space","NA","space","NA","space","NA","space","NA","NA","NA","space","NA","NA","NA","1102.7470999979414","3008.456900017336","5425.962099980097","NA","1102.7470999979414","NA","NA","1930.5110000132117","NA","4428.188199992292","NA","6060.406200005673","NA","6036.345700005768","NA","NA","NA","8835.167700017337","NA","NA","NA","18276.287999993656","c","39","2","psycho","The man will move the canvas","1024","2","24000","-16","experiment","2","even","3","71964.42289999686","467073.4123000293","464314.4213000196","107723.8076000067","6277.49040001072","71970.75199999381","74985.21360001178","NA","460290.35239998484","464314.33919997653","460075.91120002326","NA","71964.51920000254","NA","NA","458972.3707999801","NA","NA","80416.63719998905","NA","82351.01620000205","NA","86782.74180000881","NA","92846.86220000731","NA","NA","NA","98887.96829999774","NA","NA","NA","467093.49790000124","NA","24580.17950001522","460274.3120000232","458962.5397999771","458972.2131000017","464333.96219997667","464290.69360002177","107723.83719999925","460273.5392000177","6302.888400008669","3000","SceneViewing","38","83429.19890000485","38","2560"
"100","100","33_n.wav","2171","2171","#dadada","256","psycho","psycho","psycho","non-restrictive","1","undefined","undefined","1","NA","undefined","NA","undefined","NA","undefined","NA","undefined","NA","NA","undefined","NA","NA","NA","undefined","0","39","39","0","0","0","0","NA","39","39","39","NA","0","NA","NA","39","0","NA","0","NA","0","NA","0","NA","0","NA","NA","NA","0","NA","NA","NA","39","NA","0","39","39","39","39","39","0","39","0","participant_group3.csv","3","NA","NA","NA","Sun Jul 26 15:14:57 2026","NA","The main experiment item","False","VWP_finalSetup_22_7.osexp","C:\Users\plcm\Desktop\2026-EyeTracking\group-eyeconic\OS2\final_recordings_upl","False","mono","False","20","no","#0c0c0c","no","yes","1440","33","34_pos3_nosub.png","34_pos3_sub.png","psycho","39","39","C:/Users/plcm/Desktop/2026-EyeTracking/group-eyeconic/OS2/final_recordings_upl/group 1-6/subject-2.csv","psycho","Neonatal Nightingale","4.1.14","box","gift","suitcase","envelope","0","0","space","space","space","NA","space","NA","NA","space","NA","space","NA","space","NA","space","NA","NA","NA","space","NA","NA","NA","1275.8905999944545","3008.456900017336","5425.962099980097","NA","1275.8905999944545","NA","NA","1930.5110000132117","NA","4428.188199992292","NA","6060.406200005673","NA","6036.345700005768","NA","NA","NA","8835.167700017337","NA","NA","NA","18276.287999993656","c","40","2","psycho","The boy will open the suitcase","1024","2","24000","-16","experiment","2","even","3","71964.42289999686","475543.06589998305","472627.10949999746","107723.8076000067","6277.49040001072","71970.75199999381","74985.21360001178","NA","468603.7853999878","472627.0603000303","468387.9766999744","NA","71964.51920000254","NA","NA","467111.2720000092","NA","NA","80416.63719998905","NA","82351.01620000205","NA","86782.74180000881","NA","92846.86220000731","NA","NA","NA","98887.96829999774","NA","NA","NA","475563.02120001055","NA","24580.17950001522","468587.79189997585","467100.80690000905","467111.1274000141","472646.10130002256","472604.0424000239","107723.83719999925","468587.26439997554","6302.888400008669","3000","SceneViewing","39","84705.0894999993","39","2560"
"100","100","1_n.wav","2158","2158","#dadada","256","psycho","psycho","psycho","non-restrictive","1","undefined","undefined","1","NA","undefined","NA","undefined","NA","undefined","NA","undefined","NA","NA","undefined","NA","NA","NA","undefined","0","40","40","0","0","0","0","NA","40","40","40","NA","0","NA","NA","40","0","NA","0","NA","0","NA","0","NA","0","NA","NA","NA","0","NA","NA","NA","40","NA","0","40","40","40","40","40","0","40","0","participant_group3.csv","3","NA","NA","NA","Sun Jul 26 15:14:57 2026","NA","The main experiment item","False","VWP_finalSetup_22_7.osexp","C:\Users\plcm\Desktop\2026-EyeTracking\group-eyeconic\OS2\final_recordings_upl","False","mono","False","20","no","#0c0c0c","no","yes","1440","1","2_pos3_nosub.png","2_pos3_sub.png","psycho","40","40","C:/Users/plcm/Desktop/2026-EyeTracking/group-eyeconic/OS2/final_recordings_upl/group 1-6/subject-2.csv","psycho","Neonatal Nightingale","4.1.14","chair","lipstick","wine","cheese","0","0","space","space","space","NA","space","NA","NA","space","NA","space","NA","space","NA","space","NA","NA","NA","space","NA","NA","NA","1624.0822999970987","3008.456900017336","5425.962099980097","NA","1624.0822999970987","NA","NA","1930.5110000132117","NA","4428.188199992292","NA","6060.406200005673","NA","6036.345700005768","NA","NA","NA","8835.167700017337","NA","NA","NA","18276.287999993656","c","41","2","psycho","The woman will try the wine","1024","2","24000","-16","experiment","2","even","3","71964.42289999686","484073.1149999774","481464.4947000197","107723.8076000067","6277.49040001072","71970.75199999381","74985.21360001178","NA","477439.5534999785","481464.3949000165","477228.07439998724","NA","71964.51920000254","NA","NA","475603.08580001583","NA","NA","80416.63719998905","NA","82351.01620000205","NA","86782.74180000881","NA","92846.86220000731","NA","NA","NA","98887.96829999774","NA","NA","NA","484092.171300028","NA","24580.17950001522","477423.26110001886","475592.4175999826","475602.8754999861","481484.2820999911","481439.972400025","107723.83719999925","477422.48060001293","6302.888400008669","3000","SceneViewing","40","86329.1717999964","40","2560"
"100","100","43_n.wav","2146","2146","#dadada","256","psycho","psycho","psycho","non-restrictive","1","undefined","undefined","1","NA","undefined","NA","undefined","NA","undefined","NA","undefined","NA","NA","undefined","NA","NA","NA","undefined","0","41","41","0","0","0","0","NA","41","41","41","NA","0","NA","NA","41","0","NA","0","NA","0","NA","0","NA","0","NA","NA","NA","0","NA","NA","NA","41","NA","0","41","41","41","41","41","0","41","0","participant_group3.csv","3","NA","NA","NA","Sun Jul 26 15:14:57 2026","NA","The main experiment item","False","VWP_finalSetup_22_7.osexp","C:\Users\plcm\Desktop\2026-EyeTracking\group-eyeconic\OS2\final_recordings_upl","False","mono","False","20","no","#0c0c0c","no","yes","1440","43","44_pos1_nosub.png","44_pos1_sub.png","psycho","41","41","C:/Users/plcm/Desktop/2026-EyeTracking/group-eyeconic/OS2/final_recordings_upl/group 1-6/subject-2.csv","psycho","Neonatal Nightingale","4.1.14","safe","pan","bolt","handle","0","0","space","space","space","NA","space","NA","NA","space","NA","space","NA","space","NA","space","NA","NA","NA","space","NA","NA","NA","1687.8477000282146","3008.456900017336","5425.962099980097","NA","1687.8477000282146","NA","NA","1930.5110000132117","NA","4428.188199992292","NA","6060.406200005673","NA","6036.345700005768","NA","NA","NA","8835.167700017337","NA","NA","NA","18276.287999993656","c","42","2","psycho","The man will wipe the safe","1024","2","24000","-16","experiment","2","even","1","71964.42289999686","492483.0644999747","490044.18650001753","107723.8076000067","6277.49040001072","71970.75199999381","74985.21360001178","NA","486018.4865000192","490044.1239000065","485811.9553999859","NA","71964.51920000254","NA","NA","484123.2855999842","NA","NA","80416.63719998905","NA","82351.01620000205","NA","86782.74180000881","NA","92846.86220000731","NA","NA","NA","98887.96829999774","NA","NA","NA","492503.0123000033","NA","24580.17950001522","486003.08779999614","484113.3509000065","484123.1709999847","490063.1598000182","490018.772099982","107723.83719999925","486002.5426999782","6302.888400008669","3000","SceneViewing","41","88017.01950002462","41","2560"
"100","100","32_r.wav","2118","2118","#dadada","256","psycho","psycho","psycho","restrictive","1","undefined","undefined","1","NA","undefined","NA","undefined","NA","undefined","NA","undefined","NA","NA","undefined","NA","NA","NA","undefined","0","42","42","0","0","0","0","NA","42","42","42","NA","0","NA","NA","42","0","NA","0","NA","0","NA","0","NA","0","NA","NA","NA","0","NA","NA","NA","42","NA","0","42","42","42","42","42","0","42","0","participant_group3.csv","3","NA","NA","NA","Sun Jul 26 15:14:57 2026","NA","The main experiment item","False","VWP_finalSetup_22_7.osexp","C:\Users\plcm\Desktop\2026-EyeTracking\group-eyeconic\OS2\final_recordings_upl","False","mono","False","20","no","#0c0c0c","no","yes","1440","32","33_pos2_nosub.png","33_pos2_sub.png","psycho","42","42","C:/Users/plcm/Desktop/2026-EyeTracking/group-eyeconic/OS2/final_recordings_upl/group 1-6/subject-2.csv","psycho","Neonatal Nightingale","4.1.14","kettle","beer","mug","biscuit","0","0","space","space","space","NA","space","NA","NA","space","NA","space","NA","space","NA","space","NA","NA","NA","space","NA","NA","NA","962.007199996151","3008.456900017336","5425.962099980097","NA","962.007199996151","NA","NA","1930.5110000132117","NA","4428.188199992292","NA","6060.406200005673","NA","6036.345700005768","NA","NA","NA","8835.167700017337","NA","NA","NA","18276.287999993656","c","43","2","psycho","The woman will brew the beer","1024","2","24000","-16","experiment","2","even","2","71964.42289999686","500313.08739999076","497730.8824000065","107723.8076000067","6277.49040001072","71970.75199999381","74985.21360001178","NA","493706.5275000059","497730.8224000153","493483.8819000288","NA","71964.51920000254","NA","NA","492521.119299985","NA","NA","80416.63719998905","NA","82351.01620000205","NA","86782.74180000881","NA","92846.86220000731","NA","NA","NA","98887.96829999774","NA","NA","NA","500332.2210999904","NA","24580.17950001522","493689.83460002346","492510.2936999756","492520.98929998465","497750.4045999958","497707.1520999889","107723.83719999925","493689.17540000984","6302.888400008669","3000","SceneViewing","42","88979.02670002077","42","2560"
"100","100","14_r.wav","2095","2095","#dadada","256","psycho","psycho","psycho","restrictive","1","undefined","undefined","1","NA","undefined","NA","undefined","NA","undefined","NA","undefined","NA","NA","undefined","NA","NA","NA","undefined","0","43","43","0","0","0","0","NA","43","43","43","NA","0","NA","NA","43","0","NA","0","NA","0","NA","0","NA","0","NA","NA","NA","0","NA","NA","NA","43","NA","0","43","43","43","43","43","0","43","0","participant_group3.csv","3","NA","NA","NA","Sun Jul 26 15:14:57 2026","NA","The main experiment item","False","VWP_finalSetup_22_7.osexp","C:\Users\plcm\Desktop\2026-EyeTracking\group-eyeconic\OS2\final_recordings_upl","False","mono","False","20","no","#0c0c0c","no","yes","1440","14","15_pos4_nosub.png","15_pos4_sub.png","psycho","43","43","C:/Users/plcm/Desktop/2026-EyeTracking/group-eyeconic/OS2/final_recordings_upl/group 1-6/subject-2.csv","psycho","Neonatal Nightingale","4.1.14","bird","ball","hen","dog","0","0","space","space","space","NA","space","NA","NA","space","NA","space","NA","space","NA","space","NA","NA","NA","space","NA","NA","NA","1132.610700035002","3008.456900017336","5425.962099980097","NA","1132.610700035002","NA","NA","1930.5110000132117","NA","4428.188199992292","NA","6060.406200005673","NA","6036.345700005768","NA","NA","NA","8835.167700017337","NA","NA","NA","18276.287999993656","c","44","2","psycho","The boy will walk the dog","1024","2","24000","-16","experiment","2","even","4","71964.42289999686","508332.9958000104","505723.3488999773","107723.8076000067","6277.49040001072","71970.75199999381","74985.21360001178","NA","501698.2088999939","505723.2837000047","501483.79319999367","NA","71964.51920000254","NA","NA","500350.4610999953","NA","NA","80416.63719998905","NA","82351.01620000205","NA","86782.74180000881","NA","92846.86220000731","NA","NA","NA","98887.96829999774","NA","NA","NA","508352.7020000038","NA","24580.17950001522","501682.2940999991","500340.0719999918","500350.35750002135","505742.45520000113","505698.5406000167","107723.83719999925","501681.77859997377","6302.888400008669","3000","SceneViewing","43","90111.63740005577","43","2560"
"100","100","39_n.wav","2072","2072","#dadada","256","psycho","psycho","psycho","non-restrictive","1","undefined","undefined","1","NA","undefined","NA","undefined","NA","undefined","NA","undefined","NA","NA","undefined","NA","NA","NA","undefined","0","44","44","0","0","0","0","NA","44","44","44","NA","0","NA","NA","44","0","NA","0","NA","0","NA","0","NA","0","NA","NA","NA","0","NA","NA","NA","44","NA","0","44","44","44","44","44","0","44","0","participant_group3.csv","3","NA","NA","NA","Sun Jul 26 15:14:57 2026","NA","The main experiment item","False","VWP_finalSetup_22_7.osexp","C:\Users\plcm\Desktop\2026-EyeTracking\group-eyeconic\OS2\final_recordings_upl","False","mono","False","20","no","#0c0c0c","no","yes","1440","39","40_pos1_nosub.png","40_pos1_sub.png","psycho","44","44","C:/Users/plcm/Desktop/2026-EyeTracking/group-eyeconic/OS2/final_recordings_upl/group 1-6/subject-2.csv","psycho","Neonatal Nightingale","4.1.14","shoelace","shampoo","mat","buckle","0","0","space","space","space","NA","space","NA","NA","space","NA","space","NA","space","NA","space","NA","NA","NA","space","NA","NA","NA","1058.8628000114113","3008.456900017336","5425.962099980097","NA","1058.8628000114113","NA","NA","1930.5110000132117","NA","4428.188199992292","NA","6060.406200005673","NA","6036.345700005768","NA","NA","NA","8835.167700017337","NA","NA","NA","18276.287999993656","c","45","2","psycho","The boy will move the shoelace","1024","2","24000","-16","experiment","2","even","1","71964.42289999686","516273.07830000063","513674.05520001194","107723.8076000067","6277.49040001072","71970.75199999381","74985.21360001178","NA","509650.1374000218","513673.98399999365","509436.0498000169","NA","71964.51920000254","NA","NA","508376.36260001455","NA","NA","80416.63719998905","NA","82351.01620000205","NA","86782.74180000881","NA","92846.86220000731","NA","NA","NA","98887.96829999774","NA","NA","NA","516293.00820000935","NA","24580.17950001522","509634.2240999802","508365.7456000219","508376.1343000224","513693.7810999807","513650.376399979","107723.83719999925","509633.7283999892","6302.888400008669","3000","SceneViewing","44","91170.50020006718","44","2560"
"100","100","20_r.wav","2049","2049","#dadada","256","psycho","psycho","psycho","restrictive","1","undefined","undefined","1","NA","undefined","NA","undefined","NA","undefined","NA","undefined","NA","NA","undefined","NA","NA","NA","undefined","0","45","45","0","0","0","0","NA","45","45","45","NA","0","NA","NA","45","0","NA","0","NA","0","NA","0","NA","0","NA","NA","NA","0","NA","NA","NA","45","NA","0","45","45","45","45","45","0","45","0","participant_group3.csv","3","NA","NA","NA","Sun Jul 26 15:14:57 2026","NA","The main experiment item","False","VWP_finalSetup_22_7.osexp","C:\Users\plcm\Desktop\2026-EyeTracking\group-eyeconic\OS2\final_recordings_upl","False","mono","False","20","no","#0c0c0c","no","yes","1440","20","21_pos2_nosub.png","21_pos2_sub.png","psycho","45","45","C:/Users/plcm/Desktop/2026-EyeTracking/group-eyeconic/OS2/final_recordings_upl/group 1-6/subject-2.csv","psycho","Neonatal Nightingale","4.1.14","cup","kitten","block","crayon","0","0","space","space","space","NA","space","NA","NA","space","NA","space","NA","space","NA","space","NA","NA","NA","space","NA","NA","NA","1067.6073000067845","3008.456900017336","5425.962099980097","NA","1067.6073000067845","NA","NA","1930.5110000132117","NA","4428.188199992292","NA","6060.406200005673","NA","6036.345700005768","NA","NA","NA","8835.167700017337","NA","NA","NA","18276.287999993656","c","46","2","psycho","The baby will hug the kitten","1024","2","24000","-16","experiment","2","even","2","71964.42289999686","524413.0407000193","521631.5222000121","107723.8076000067","6277.49040001072","71970.75199999381","74985.21360001178","NA","517607.5202000211","521631.4491999801","517380.1088000182","NA","71964.51920000254","NA","NA","516311.52970000403","NA","NA","80416.63719998905","NA","82351.01620000205","NA","86782.74180000881","NA","92846.86220000731","NA","NA","NA","98887.96829999774","NA","NA","NA","524432.3382999864","NA","24580.17950001522","517590.8453000011","516301.17490002885","516311.4119999809","521650.93980001984","521607.9495999729","107723.83719999925","517590.35429998767","6302.888400008669","3000","SceneViewing","45","92238.10750007397","45","2560"
"100","100","18_r.wav","2026","2026","#dadada","256","psycho","psycho","psycho","restrictive","1","undefined","undefined","1","NA","undefined","NA","undefined","NA","undefined","NA","undefined","NA","NA","undefined","NA","NA","NA","undefined","0","46","46","0","0","0","0","NA","46","46","46","NA","0","NA","NA","46","0","NA","0","NA","0","NA","0","NA","0","NA","NA","NA","0","NA","NA","NA","46","NA","0","46","46","46","46","46","0","46","0","participant_group3.csv","3","NA","NA","NA","Sun Jul 26 15:14:57 2026","NA","The main experiment item","False","VWP_finalSetup_22_7.osexp","C:\Users\plcm\Desktop\2026-EyeTracking\group-eyeconic\OS2\final_recordings_upl","False","mono","False","20","no","#0c0c0c","no","yes","1440","18","19_pos4_nosub.png","19_pos4_sub.png","psycho","46","46","C:/Users/plcm/Desktop/2026-EyeTracking/group-eyeconic/OS2/final_recordings_upl/group 1-6/subject-2.csv","psycho","Neonatal Nightingale","4.1.14","stick","feather","leaf","football","0","0","space","space","space","NA","space","NA","NA","space","NA","space","NA","space","NA","space","NA","NA","NA","space","NA","NA","NA","988.4282000130042","3008.456900017336","5425.962099980097","NA","988.4282000130042","NA","NA","1930.5110000132117","NA","4428.188199992292","NA","6060.406200005673","NA","6036.345700005768","NA","NA","NA","8835.167700017337","NA","NA","NA","18276.287999993656","c","47","2","psycho","The boy will kick the football","1024","2","24000","-16","experiment","2","even","4","71964.42289999686","532313.0814000033","529693.3951000101","107723.8076000067","6277.49040001072","71970.75199999381","74985.21360001178","NA","525670.2549000038","529693.3420000132","525451.8765999819","NA","71964.51920000254","NA","NA","524462.6571999979","NA","NA","80416.63719998905","NA","82351.01620000205","NA","86782.74180000881","NA","92846.86220000731","NA","NA","NA","98887.96829999774","NA","NA","NA","532332.2796000284","NA","24580.17950001522","525654.0839999798","524452.535599994","524462.5439000083","529712.9261000082","529670.4647000297","107723.83719999925","525653.2606999972","6302.888400008669","3000","SceneViewing","46","93226.53570008697","46","2560"
"100","100","8_r.wav","2004","2004","#dadada","256","psycho","psycho","psycho","restrictive","1","undefined","undefined","1","NA","undefined","NA","undefined","NA","undefined","NA","undefined","NA","NA","undefined","NA","NA","NA","undefined","0","47","47","0","0","0","0","NA","47","47","47","NA","0","NA","NA","47","0","NA","0","NA","0","NA","0","NA","0","NA","NA","NA","0","NA","NA","NA","47","NA","0","47","47","47","47","47","0","47","0","participant_group3.csv","3","NA","NA","NA","Sun Jul 26 15:14:57 2026","NA","The main experiment item","False","VWP_finalSetup_22_7.osexp","C:\Users\plcm\Desktop\2026-EyeTracking\group-eyeconic\OS2\final_recordings_upl","False","mono","False","20","no","#0c0c0c","no","yes","1440","8","9_pos2_nosub.png","9_pos2_sub.png","psycho","47","47","C:/Users/plcm/Desktop/2026-EyeTracking/group-eyeconic/OS2/final_recordings_upl/group 1-6/subject-2.csv","psycho","Neonatal Nightingale","4.1.14","television","piano","table","telephone","0","0","space","space","space","NA","space","NA","NA","space","NA","space","NA","space","NA","space","NA","NA","NA","space","NA","NA","NA","992.680300027132","3008.456900017336","5425.962099980097","NA","992.680300027132","NA","NA","1930.5110000132117","NA","4428.188199992292","NA","6060.406200005673","NA","6036.345700005768","NA","NA","NA","8835.167700017337","NA","NA","NA","18276.287999993656","c","48","2","psycho","The woman will play the piano","1024","2","24000","-16","experiment","2","even","2","71964.42289999686","540443.0521000177","537585.4096999974","107723.8076000067","6277.49040001072","71970.75199999381","74985.21360001178","NA","533560.0864000153","537585.3249999927","533348.0023000157","NA","71964.51920000254","NA","NA","532354.3735999847","NA","NA","80416.63719998905","NA","82351.01620000205","NA","86782.74180000881","NA","92846.86220000731","NA","NA","NA","98887.96829999774","NA","NA","NA","540462.5123000005","NA","24580.17950001522","533542.6683999831","532344.4062999915","532354.2273999774","537604.8610000289","537560.237800004","107723.83719999925","533542.1861999785","6302.888400008669","3000","SceneViewing","47","94219.2160001141","47","2560"
"100","100","27_n.wav","1979","1979","#dadada","256","psycho","psycho","psycho","non-restrictive","1","undefined","undefined","1","NA","undefined","NA","undefined","NA","undefined","NA","undefined","NA","NA","undefined","NA","NA","NA","undefined","0","48","48","0","0","0","0","NA","48","48","48","NA","0","NA","NA","48","0","NA","0","NA","0","NA","0","NA","0","NA","NA","NA","0","NA","NA","NA","48","NA","0","48","48","48","48","48","0","48","0","participant_group3.csv","3","NA","NA","NA","Sun Jul 26 15:14:57 2026","NA","The main experiment item","False","VWP_finalSetup_22_7.osexp","C:\Users\plcm\Desktop\2026-EyeTracking\group-eyeconic\OS2\final_recordings_upl","False","mono","False","20","no","#0c0c0c","no","yes","1440","27","28_pos1_nosub.png","28_pos1_sub.png","psycho","48","48","C:/Users/plcm/Desktop/2026-EyeTracking/group-eyeconic/OS2/final_recordings_upl/group 1-6/subject-2.csv","psycho","Neonatal Nightingale","4.1.14","lamp","switch","frame","picture","0","0","space","space","space","NA","space","NA","NA","space","NA","space","NA","space","NA","space","NA","NA","NA","space","NA","NA","NA","794.5209000026807","3008.456900017336","5425.962099980097","NA","794.5209000026807","NA","NA","1930.5110000132117","NA","4428.188199992292","NA","6060.406200005673","NA","6036.345700005768","NA","NA","NA","8835.167700017337","NA","NA","NA","18276.287999993656","c","49","2","psycho","The boy will touch the lamp","1024","2","24000","-16","experiment","2","even","1","71964.42289999686","547953.0987999751","545521.0132999928","107723.8076000067","6277.49040001072","71970.75199999381","74985.21360001178","NA","541496.4200999821","545520.9547000122","541275.7832999923","NA","71964.51920000254","NA","NA","540480.5203999858","NA","NA","80416.63719998905","NA","82351.01620000205","NA","86782.74180000881","NA","92846.86220000731","NA","NA","NA","98887.96829999774","NA","NA","NA","547972.613800026","NA","24580.17950001522","541481.0950999963","540469.9213000131","540480.2890000283","545540.6153000076","545497.0264000003","107723.83719999925","541480.5821999907","6302.888400008669","3000","SceneViewing","48","95013.73690011678","48","2560"
"100","100","6_r.wav","1960","1960","#dadada","256","psycho","psycho","psycho","restrictive","1","undefined","undefined","1","NA","undefined","NA","undefined","NA","undefined","NA","undefined","NA","NA","undefined","NA","NA","NA","undefined","0","49","49","0","0","0","0","NA","49","49","49","NA","0","NA","NA","49","0","NA","0","NA","0","NA","0","NA","0","NA","NA","NA","0","NA","NA","NA","49","NA","0","49","49","49","49","49","0","49","0","participant_group3.csv","3","NA","NA","NA","Sun Jul 26 15:14:57 2026","NA","The main experiment item","False","VWP_finalSetup_22_7.osexp","C:\Users\plcm\Desktop\2026-EyeTracking\group-eyeconic\OS2\final_recordings_upl","False","mono","False","20","no","#0c0c0c","no","yes","1440","6","7_pos4_nosub.png","7_pos4_sub.png","psycho","49","49","C:/Users/plcm/Desktop/2026-EyeTracking/group-eyeconic/OS2/final_recordings_upl/group 1-6/subject-2.csv","psycho","Neonatal Nightingale","4.1.14","knife","weighing-scales","jug","mushrooms","0","0","space","space","space","NA","space","NA","NA","space","NA","space","NA","space","NA","space","NA","NA","NA","space","NA","NA","NA","1064.3055000109598","3008.456900017336","5425.962099980097","NA","1064.3055000109598","NA","NA","1930.5110000132117","NA","4428.188199992292","NA","6060.406200005673","NA","6036.345700005768","NA","NA","NA","8835.167700017337","NA","NA","NA","18276.287999993656","c","50","2","psycho","The housewife will fry the mushrooms","1024","2","24000","-16","experiment","2","even","4","71964.42289999686","556672.9970999877","553296.2864000001","107723.8076000067","6277.49040001072","71970.75199999381","74985.21360001178","NA","549272.3299000063","553296.2411000044","549067.7793999785","NA","71964.51920000254","NA","NA","548002.765799989","NA","NA","80416.63719998905","NA","82351.01620000205","NA","86782.74180000881","NA","92846.86220000731","NA","NA","NA","98887.96829999774","NA","NA","NA","556692.7952999831","NA","24580.17950001522","549256.7540999735","547992.7277999814","548002.6516999933","553315.6697999802","553272.9638000019","107723.83719999925","549256.092399999","6302.888400008669","3000","SceneViewing","49","96078.04240012774","49","2560"
