"acc","accuracy","audio_file","average_response_time","avg_rt","background","block_size","canvas_backend","clock_backend","color_backend","condition","correct","correct_experiment_intro","correct_experiment_intro2","correct_new_1_keyboard_response","correct_new_2_keyboard_response","correct_new_2_sketchpad","correct_new_3_keyboard_response","correct_new_3_sketchpad","correct_new_4_keyboard_response","correct_new_4_sketchpad","correct_new_5_keyboard_response","correct_new_5_sketchpad","correct_new_6_keyboard_response","correct_new_7_keyboard_response","correct_new_7_sketchpad","correct_new_8_keyboard_response","correct_new_keyboard_response","correct_new_mouse_response","correct_welcome","count_accuracy_output","count_audio_file_offset","count_audio_file_onset_log","count_definitions","count_experiment","count_experiment_intro","count_experiment_intro2","count_image_delay","count_image_nosub","count_image_sub","count_increment_roundCounter","count_instruction","count_instructions","count_log_instruction","count_new_1_inline_script","count_new_1_keyboard_response","count_new_1_sketchpad","count_new_2_keyboard_response","count_new_2_sketchpad","count_new_3_keyboard_response","count_new_3_sketchpad","count_new_4_keyboard_response","count_new_4_sketchpad","count_new_5_keyboard_response","count_new_5_sketchpad","count_new_6_keyboard_response","count_new_6_sketchpad","count_new_7_keyboard_response","count_new_7_sketchpad","count_new_8_keyboard_response","count_new_inline_script","count_new_keyboard_response","count_new_logger","count_new_mouse_response","count_new_pygaze_init","count_new_pygaze_start_recording","count_new_pygaze_stop_recording","count_new_sketchpad","count_sentence_audio","count_subject_onset_log","count_trial_loop","count_trial_sequence","count_welcome","csv_filepath","csv_id","cursor_roi","cursor_x","cursor_y","datetime","delay_image_delay","description","disable_garbage_collection","experiment_file","experiment_path","font_bold","font_family","font_italic","font_size","font_underline","foreground","form_clicks","fullscreen","height","id","image_nosub","image_sub","keyboard_backend","live_row","live_row_trial_loop","logfile","mouse_backend","opensesame_codename","opensesame_version","position1","position2","position3","position4","psychopy_screen","repeat_cycle","response","response_experiment_intro","response_experiment_intro2","response_instruction","response_new_1_keyboard_response","response_new_1_sketchpad","response_new_2_keyboard_response","response_new_2_sketchpad","response_new_3_keyboard_response","response_new_3_sketchpad","response_new_4_keyboard_response","response_new_4_sketchpad","response_new_5_keyboard_response","response_new_5_sketchpad","response_new_6_keyboard_response","response_new_6_sketchpad","response_new_7_keyboard_response","response_new_7_sketchpad","response_new_8_keyboard_response","response_new_keyboard_response","response_new_mouse_response","response_time","response_time_experiment_intro","response_time_experiment_intro2","response_time_instruction","response_time_new_1_keyboard_response","response_time_new_1_sketchpad","response_time_new_2_keyboard_response","response_time_new_2_sketchpad","response_time_new_3_keyboard_response","response_time_new_3_sketchpad","response_time_new_4_keyboard_response","response_time_new_4_sketchpad","response_time_new_5_keyboard_response","response_time_new_5_sketchpad","response_time_new_6_keyboard_response","response_time_new_6_sketchpad","response_time_new_7_keyboard_response","response_time_new_7_sketchpad","response_time_new_8_keyboard_response","response_time_new_keyboard_response","response_time_new_mouse_response","response_time_welcome","response_welcome","round","round_decimals","sampler_backend","sentence","sound_buf_size","sound_channels","sound_freq","sound_sample_size","start","subject_nr","subject_parity","target_position","time_accuracy_output","time_audio_file_offset","time_audio_file_onset_log","time_definitions","time_experiment","time_experiment_intro","time_experiment_intro2","time_image_delay","time_image_nosub","time_image_sub","time_increment_roundCounter","time_instruction","time_instructions","time_log_instruction","time_new_1_inline_script","time_new_1_keyboard_response","time_new_1_sketchpad","time_new_2_keyboard_response","time_new_2_sketchpad","time_new_3_keyboard_response","time_new_3_sketchpad","time_new_4_keyboard_response","time_new_4_sketchpad","time_new_5_keyboard_response","time_new_5_sketchpad","time_new_6_keyboard_response","time_new_6_sketchpad","time_new_7_keyboard_response","time_new_7_sketchpad","time_new_8_keyboard_response","time_new_inline_script","time_new_keyboard_response","time_new_logger","time_new_mouse_response","time_new_pygaze_init","time_new_pygaze_start_recording","time_new_pygaze_stop_recording","time_new_sketchpad","time_sentence_audio","time_subject_onset_log","time_trial_loop","time_trial_sequence","time_welcome","timeout","title","total_correct","total_response_time","total_responses","width"
"undefined","undefined","21_n.wav","undefined","undefined","#dadada","256","psycho","psycho","psycho","non-restrictive","undefined","undefined","undefined","NA","NA","undefined","NA","undefined","NA","undefined","NA","undefined","NA","NA","undefined","NA","NA","NA","undefined","0","0","0","0","0","0","0","NA","0","0","0","NA","0","NA","NA","0","0","NA","0","NA","0","NA","0","NA","0","NA","NA","NA","0","NA","NA","NA","0","NA","0","0","0","0","0","0","0","0","0","participant_group5.csv","5","NA","NA","NA","Tue Jul 28 10:44:32 2026","NA","The main experiment item","False","VWP_finalSetup_22_7.osexp","C:\Users\plcm\Desktop\2026-EyeTracking\group-eyeconic\OS2\final_recordings_upl","False","mono","False","20","no","#0c0c0c","no","yes","1440","21","22_pos4_nosub.png","22_pos4_sub.png","psycho","0","0","C:/Users/plcm/Desktop/2026-EyeTracking/group-eyeconic/OS2/final_recordings_upl/group 1-6/subject-4.csv","psycho","Neonatal Nightingale","4.1.14","magazine","vase","cushion","flower","0","0","space","space","space","NA","NA","NA","NA","space","NA","space","NA","space","NA","space","NA","NA","NA","space","NA","NA","NA","2811.6516000000047","1497.9098000003432","4833.337399999895","NA","NA","NA","NA","2370.0721999998714","NA","3827.5742000000755","NA","3603.958200000314","NA","8267.680599999949","NA","NA","NA","2811.6516000000047","NA","NA","NA","1852.8316999995695","c","1","2","psycho","The woman will move the flower","1024","2","24000","-16","experiment","4","even","4","37629.68819999969","72773.25629999995","70075.73629999979","64876.95349999967","4786.446099999921","37634.46709999971","39139.11989999997","NA","66048.18589999968","70075.66659999975","NA","NA","37629.76609999987","NA","NA","NA","NA","NA","43978.2924000001","NA","46352.77809999979","NA","50184.41779999966","NA","53792.695099999946","NA","NA","NA","62064.70730000001","NA","NA","NA","72797.6346999999","NA","6653.434299999844","65178.463100000045","NA","NA","70099.01899999977","70048.67239999976","64876.983799999834","65177.83579999968","4799.521800000093","3000","SceneViewing","0","0","0","2560"
"100","100","0_r.wav","2299","2299","#dadada","256","psycho","psycho","psycho","restrictive","1","undefined","undefined","1","NA","undefined","NA","undefined","NA","undefined","NA","undefined","NA","NA","undefined","NA","NA","NA","undefined","0","1","1","0","0","0","0","NA","1","1","1","NA","0","NA","NA","1","0","NA","0","NA","0","NA","0","NA","0","NA","NA","NA","0","NA","NA","NA","1","NA","0","1","1","1","1","1","0","1","0","participant_group5.csv","5","NA","NA","NA","Tue Jul 28 10:44:32 2026","NA","The main experiment item","False","VWP_finalSetup_22_7.osexp","C:\Users\plcm\Desktop\2026-EyeTracking\group-eyeconic\OS2\final_recordings_upl","False","mono","False","20","no","#0c0c0c","no","yes","1440","0","1_pos3_nosub.png","1_pos3_sub.png","psycho","1","1","C:/Users/plcm/Desktop/2026-EyeTracking/group-eyeconic/OS2/final_recordings_upl/group 1-6/subject-4.csv","psycho","Neonatal Nightingale","4.1.14","toy-train","ball","cake","toy-car","0","0","space","space","space","NA","space","NA","NA","space","NA","space","NA","space","NA","space","NA","NA","NA","space","NA","NA","NA","2299.104100000026","1497.9098000003432","4833.337399999895","NA","2299.104100000026","NA","NA","2370.0721999998714","NA","3827.5742000000755","NA","3603.958200000314","NA","8267.680599999949","NA","NA","NA","2811.6516000000047","NA","NA","NA","1852.8316999995695","c","2","2","psycho","The boy will eat the cake","1024","2","24000","-16","experiment","4","even","3","37629.68819999969","81753.32200000003","79431.80970000003","64876.95349999967","4786.446099999921","37634.46709999971","39139.11989999997","NA","75407.27849999984","79431.69970000008","75157.11519999968","NA","37629.76609999987","NA","NA","72857.40289999967","NA","NA","43978.2924000001","NA","46352.77809999979","NA","50184.41779999966","NA","53792.695099999946","NA","NA","NA","62064.70730000001","NA","NA","NA","81772.33209999985","NA","6653.434299999844","75391.18409999993","72838.88849999994","72857.26879999993","79451.33559999976","79407.87819999969","64876.983799999834","75390.5678000001","4799.521800000093","3000","SceneViewing","1","2299.104100000026","1","2560"
"100","100","9_n.wav","1638","1638","#dadada","256","psycho","psycho","psycho","non-restrictive","1","undefined","undefined","1","NA","undefined","NA","undefined","NA","undefined","NA","undefined","NA","NA","undefined","NA","NA","NA","undefined","0","2","2","0","0","0","0","NA","2","2","2","NA","0","NA","NA","2","0","NA","0","NA","0","NA","0","NA","0","NA","NA","NA","0","NA","NA","NA","2","NA","0","2","2","2","2","2","0","2","0","participant_group5.csv","5","NA","NA","NA","Tue Jul 28 10:44:32 2026","NA","The main experiment item","False","VWP_finalSetup_22_7.osexp","C:\Users\plcm\Desktop\2026-EyeTracking\group-eyeconic\OS2\final_recordings_upl","False","mono","False","20","no","#0c0c0c","no","yes","1440","9","10_pos4_nosub.png","10_pos4_sub.png","psycho","2","2","C:/Users/plcm/Desktop/2026-EyeTracking/group-eyeconic/OS2/final_recordings_upl/group 1-6/subject-4.csv","psycho","Neonatal Nightingale","4.1.14","door","cup","bag","book","0","0","space","space","space","NA","space","NA","NA","space","NA","space","NA","space","NA","space","NA","NA","NA","space","NA","NA","NA","977.3600999997143","1497.9098000003432","4833.337399999895","NA","977.3600999997143","NA","NA","2370.0721999998714","NA","3827.5742000000755","NA","3603.958200000314","NA","8267.680599999949","NA","NA","NA","2811.6516000000047","NA","NA","NA","1852.8316999995695","c","3","2","psycho","The woman will open the book","1024","2","24000","-16","experiment","4","even","4","37629.68819999969","88903.0987000001","87065.58379999979","64876.95349999967","4786.446099999921","37634.46709999971","39139.11989999997","NA","83041.19439999977","87065.5241999998","82781.05879999975","NA","37629.76609999987","NA","NA","81803.04509999996","NA","NA","43978.2924000001","NA","46352.77809999979","NA","50184.41779999966","NA","53792.695099999946","NA","NA","NA","62064.70730000001","NA","NA","NA","88922.72909999973","NA","6653.434299999844","83023.26300000004","81793.0094999997","81802.92669999972","87084.4033999997","87041.7739999998","64876.983799999834","83022.4847999998","4799.521800000093","3000","SceneViewing","2","3276.4641999997402","2","2560"
"100","100","33_n.wav","1691","1691","#dadada","256","psycho","psycho","psycho","non-restrictive","1","undefined","undefined","1","NA","undefined","NA","undefined","NA","undefined","NA","undefined","NA","NA","undefined","NA","NA","NA","undefined","0","3","3","0","0","0","0","NA","3","3","3","NA","0","NA","NA","3","0","NA","0","NA","0","NA","0","NA","0","NA","NA","NA","0","NA","NA","NA","3","NA","0","3","3","3","3","3","0","3","0","participant_group5.csv","5","NA","NA","NA","Tue Jul 28 10:44:32 2026","NA","The main experiment item","False","VWP_finalSetup_22_7.osexp","C:\Users\plcm\Desktop\2026-EyeTracking\group-eyeconic\OS2\final_recordings_upl","False","mono","False","20","no","#0c0c0c","no","yes","1440","33","34_pos4_nosub.png","34_pos4_sub.png","psycho","3","3","C:/Users/plcm/Desktop/2026-EyeTracking/group-eyeconic/OS2/final_recordings_upl/group 1-6/subject-4.csv","psycho","Neonatal Nightingale","4.1.14","envelope","box","gift","suitcase","0","0","space","space","space","NA","space","NA","NA","space","NA","space","NA","space","NA","space","NA","NA","NA","space","NA","NA","NA","1797.1729999999225","1497.9098000003432","4833.337399999895","NA","1797.1729999999225","NA","NA","2370.0721999998714","NA","3827.5742000000755","NA","3603.958200000314","NA","8267.680599999949","NA","NA","NA","2811.6516000000047","NA","NA","NA","1852.8316999995695","c","4","2","psycho","The boy will open the suitcase","1024","2","24000","-16","experiment","4","even","4","37629.68819999969","97933.2744999997","95008.95110000011","64876.95349999967","4786.446099999921","37634.46709999971","39139.11989999997","NA","90984.30149999968","95008.85859999972","90740.9573","NA","37629.76609999987","NA","NA","88943.29019999987","NA","NA","43978.2924000001","NA","46352.77809999979","NA","50184.41779999966","NA","53792.695099999946","NA","NA","NA","62064.70730000001","NA","NA","NA","97952.7293000001","NA","6653.434299999844","90969.06330000001","88931.86130000003","88943.15199999983","95028.24680000004","94984.41279999998","64876.983799999834","90968.4661000001","4799.521800000093","3000","SceneViewing","3","5073.637199999663","3","2560"
"100","100","25_n.wav","1316","1316","#dadada","256","psycho","psycho","psycho","non-restrictive","1","undefined","undefined","1","NA","undefined","NA","undefined","NA","undefined","NA","undefined","NA","NA","undefined","NA","NA","NA","undefined","0","4","4","0","0","0","0","NA","4","4","4","NA","0","NA","NA","4","0","NA","0","NA","0","NA","0","NA","0","NA","NA","NA","0","NA","NA","NA","4","NA","0","4","4","4","4","4","0","4","0","participant_group5.csv","5","NA","NA","NA","Tue Jul 28 10:44:32 2026","NA","The main experiment item","False","VWP_finalSetup_22_7.osexp","C:\Users\plcm\Desktop\2026-EyeTracking\group-eyeconic\OS2\final_recordings_upl","False","mono","False","20","no","#0c0c0c","no","yes","1440","25","26_pos4_nosub.png","26_pos4_sub.png","psycho","4","4","C:/Users/plcm/Desktop/2026-EyeTracking/group-eyeconic/OS2/final_recordings_upl/group 1-6/subject-4.csv","psycho","Neonatal Nightingale","4.1.14","keyboard","peach","rope","canvas","0","0","space","space","space","NA","space","NA","NA","space","NA","space","NA","space","NA","space","NA","NA","NA","space","NA","NA","NA","193.764200000267","1497.9098000003432","4833.337399999895","NA","193.764200000267","NA","NA","2370.0721999998714","NA","3827.5742000000755","NA","3603.958200000314","NA","8267.680599999949","NA","NA","NA","2811.6516000000047","NA","NA","NA","1852.8316999995695","c","5","2","psycho","The man will move the canvas","1024","2","24000","-16","experiment","4","even","4","37629.68819999969","105183.24779999966","102429.13889999999","64876.95349999967","4786.446099999921","37634.46709999971","39139.11989999997","NA","98404.7413999997","102429.07009999998","98165.07409999985","NA","37629.76609999987","NA","NA","97970.6772999998","NA","NA","43978.2924000001","NA","46352.77809999979","NA","50184.41779999966","NA","53792.695099999946","NA","NA","NA","62064.70730000001","NA","NA","NA","105202.39279999987","NA","6653.434299999844","98388.41039999988","97960.52199999985","97970.56729999985","102448.0838999998","102404.87339999981","64876.983799999834","98387.95739999978","4799.521800000093","3000","SceneViewing","4","5267.40139999993","4","2560"
"100","100","4_r.wav","1845","1845","#dadada","256","psycho","psycho","psycho","restrictive","1","undefined","undefined","1","NA","undefined","NA","undefined","NA","undefined","NA","undefined","NA","NA","undefined","NA","NA","NA","undefined","0","5","5","0","0","0","0","NA","5","5","5","NA","0","NA","NA","5","0","NA","0","NA","0","NA","0","NA","0","NA","NA","NA","0","NA","NA","NA","5","NA","0","5","5","5","5","5","0","5","0","participant_group5.csv","5","NA","NA","NA","Tue Jul 28 10:44:32 2026","NA","The main experiment item","False","VWP_finalSetup_22_7.osexp","C:\Users\plcm\Desktop\2026-EyeTracking\group-eyeconic\OS2\final_recordings_upl","False","mono","False","20","no","#0c0c0c","no","yes","1440","4","5_pos3_nosub.png","5_pos3_sub.png","psycho","5","5","C:/Users/plcm/Desktop/2026-EyeTracking/group-eyeconic/OS2/final_recordings_upl/group 1-6/subject-4.csv","psycho","Neonatal Nightingale","4.1.14","acorns","shuttle-cock","ball","paper-plane","0","0","space","space","space","NA","space","NA","NA","space","NA","space","NA","space","NA","space","NA","NA","NA","space","NA","NA","NA","3957.7939999999217","1497.9098000003432","4833.337399999895","NA","3957.7939999999217","NA","NA","2370.0721999998714","NA","3827.5742000000755","NA","3603.958200000314","NA","8267.680599999949","NA","NA","NA","2811.6516000000047","NA","NA","NA","1852.8316999995695","c","6","2","psycho","The boy will bounce the ball","1024","2","24000","-16","experiment","4","even","3","37629.68819999969","115993.56639999997","113441.76949999973","64876.95349999967","4786.446099999921","37634.46709999971","39139.11989999997","NA","109418.21589999972","113441.71349999988","109197.11909999978","NA","37629.76609999987","NA","NA","105238.63720000008","NA","NA","43978.2924000001","NA","46352.77809999979","NA","50184.41779999966","NA","53792.695099999946","NA","NA","NA","62064.70730000001","NA","NA","NA","116012.93110000006","NA","6653.434299999844","109399.64359999976","105227.0254","105238.42389999982","113461.20070000006","113418.54439999997","64876.983799999834","109399.08399999968","4799.521800000093","3000","SceneViewing","5","9225.195399999851","5","2560"
"100","100","5_n.wav","1575","1575","#dadada","256","psycho","psycho","psycho","non-restrictive","1","undefined","undefined","1","NA","undefined","NA","undefined","NA","undefined","NA","undefined","NA","NA","undefined","NA","NA","NA","undefined","0","6","6","0","0","0","0","NA","6","6","6","NA","0","NA","NA","6","0","NA","0","NA","0","NA","0","NA","0","NA","NA","NA","0","NA","NA","NA","6","NA","0","6","6","6","6","6","0","6","0","participant_group5.csv","5","NA","NA","NA","Tue Jul 28 10:44:32 2026","NA","The main experiment item","False","VWP_finalSetup_22_7.osexp","C:\Users\plcm\Desktop\2026-EyeTracking\group-eyeconic\OS2\final_recordings_upl","False","mono","False","20","no","#0c0c0c","no","yes","1440","5","6_pos4_nosub.png","6_pos4_sub.png","psycho","6","6","C:/Users/plcm/Desktop/2026-EyeTracking/group-eyeconic/OS2/final_recordings_upl/group 1-6/subject-4.csv","psycho","Neonatal Nightingale","4.1.14","animal","cactus","moon","mountain","0","0","space","space","space","NA","space","NA","NA","space","NA","space","NA","space","NA","space","NA","NA","NA","space","NA","NA","NA","228.68280000011146","1497.9098000003432","4833.337399999895","NA","228.68280000011146","NA","NA","2370.0721999998714","NA","3827.5742000000755","NA","3603.958200000314","NA","8267.680599999949","NA","NA","NA","2811.6516000000047","NA","NA","NA","1852.8316999995695","c","7","2","psycho","The hiker will photograph the mountain","1024","2","24000","-16","experiment","4","even","4","37629.68819999969","123873.28359999992","120524.2202999998","64876.95349999967","4786.446099999921","37634.46709999971","39139.11989999997","NA","116500.98159999971","120524.14429999999","116261.11850000007","NA","37629.76609999987","NA","NA","116031.74499999978","NA","NA","43978.2924000001","NA","46352.77809999979","NA","50184.41779999966","NA","53792.695099999946","NA","NA","NA","62064.70730000001","NA","NA","NA","123892.6134999997","NA","6653.434299999844","116483.26339999994","116021.04069999995","116031.63469999982","120543.67289999982","120501.16029999981","64876.983799999834","116482.44969999997","4799.521800000093","3000","SceneViewing","6","9453.878199999963","6","2560"
"100","100","39_n.wav","1457","1457","#dadada","256","psycho","psycho","psycho","non-restrictive","1","undefined","undefined","1","NA","undefined","NA","undefined","NA","undefined","NA","undefined","NA","NA","undefined","NA","NA","NA","undefined","0","7","7","0","0","0","0","NA","7","7","7","NA","0","NA","NA","7","0","NA","0","NA","0","NA","0","NA","0","NA","NA","NA","0","NA","NA","NA","7","NA","0","7","7","7","7","7","0","7","0","participant_group5.csv","5","NA","NA","NA","Tue Jul 28 10:44:32 2026","NA","The main experiment item","False","VWP_finalSetup_22_7.osexp","C:\Users\plcm\Desktop\2026-EyeTracking\group-eyeconic\OS2\final_recordings_upl","False","mono","False","20","no","#0c0c0c","no","yes","1440","39","40_pos2_nosub.png","40_pos2_sub.png","psycho","7","7","C:/Users/plcm/Desktop/2026-EyeTracking/group-eyeconic/OS2/final_recordings_upl/group 1-6/subject-4.csv","psycho","Neonatal Nightingale","4.1.14","buckle","shoelace","shampoo","mat","0","0","space","space","space","NA","space","NA","NA","space","NA","space","NA","space","NA","space","NA","NA","NA","space","NA","NA","NA","750.0218999998615","1497.9098000003432","4833.337399999895","NA","750.0218999998615","NA","NA","2370.0721999998714","NA","3827.5742000000755","NA","3603.958200000314","NA","8267.680599999949","NA","NA","NA","2811.6516000000047","NA","NA","NA","1852.8316999995695","c","8","2","psycho","The boy will move the shoelace","1024","2","24000","-16","experiment","4","even","2","37629.68819999969","131533.28220000002","128936.7500999997","64876.95349999967","4786.446099999921","37634.46709999971","39139.11989999997","NA","124913.06469999973","128936.69550000005","124661.09849999976","NA","37629.76609999987","NA","NA","123910.42070000003","NA","NA","43978.2924000001","NA","46352.77809999979","NA","50184.41779999966","NA","53792.695099999946","NA","NA","NA","62064.70730000001","NA","NA","NA","131551.78909999994","NA","6653.434299999844","124896.65019999984","123899.88159999985","123910.26869999996","128955.7947999997","128913.65069999984","64876.983799999834","124896.04759999974","4799.521800000093","3000","SceneViewing","7","10203.900099999824","7","2560"
"100","100","43_n.wav","1300","1300","#dadada","256","psycho","psycho","psycho","non-restrictive","1","undefined","undefined","1","NA","undefined","NA","undefined","NA","undefined","NA","undefined","NA","NA","undefined","NA","NA","NA","undefined","0","8","8","0","0","0","0","NA","8","8","8","NA","0","NA","NA","8","0","NA","0","NA","0","NA","0","NA","0","NA","NA","NA","0","NA","NA","NA","8","NA","0","8","8","8","8","8","0","8","0","participant_group5.csv","5","NA","NA","NA","Tue Jul 28 10:44:32 2026","NA","The main experiment item","False","VWP_finalSetup_22_7.osexp","C:\Users\plcm\Desktop\2026-EyeTracking\group-eyeconic\OS2\final_recordings_upl","False","mono","False","20","no","#0c0c0c","no","yes","1440","43","44_pos2_nosub.png","44_pos2_sub.png","psycho","8","8","C:/Users/plcm/Desktop/2026-EyeTracking/group-eyeconic/OS2/final_recordings_upl/group 1-6/subject-4.csv","psycho","Neonatal Nightingale","4.1.14","handle","safe","pan","bolt","0","0","space","space","space","NA","space","NA","NA","space","NA","space","NA","space","NA","space","NA","NA","NA","space","NA","NA","NA","196.27710000032675","1497.9098000003432","4833.337399999895","NA","196.27710000032675","NA","NA","2370.0721999998714","NA","3827.5742000000755","NA","3603.958200000314","NA","8267.680599999949","NA","NA","NA","2811.6516000000047","NA","NA","NA","1852.8316999995695","c","9","2","psycho","The man will wipe the safe","1024","2","24000","-16","experiment","4","even","2","37629.68819999969","138503.39759999997","136056.83980000005","64876.95349999967","4786.446099999921","37634.46709999971","39139.11989999997","NA","132032.4326","136056.78639999995","131781.3084999998","NA","37629.76609999987","NA","NA","131584.29679999972","NA","NA","43978.2924000001","NA","46352.77809999979","NA","50184.41779999966","NA","53792.695099999946","NA","NA","NA","62064.70730000001","NA","NA","NA","138522.61129999987","NA","6653.434299999844","132014.9925999999","131573.42609999978","131584.13889999973","136075.99439999968","136032.6829999999","64876.983799999834","132014.34309999968","4799.521800000093","3000","SceneViewing","8","10400.177200000151","8","2560"
"100","100","26_r.wav","1255","1255","#dadada","256","psycho","psycho","psycho","restrictive","1","undefined","undefined","1","NA","undefined","NA","undefined","NA","undefined","NA","undefined","NA","NA","undefined","NA","NA","NA","undefined","0","9","9","0","0","0","0","NA","9","9","9","NA","0","NA","NA","9","0","NA","0","NA","0","NA","0","NA","0","NA","NA","NA","0","NA","NA","NA","9","NA","0","9","9","9","9","9","0","9","0","participant_group5.csv","5","NA","NA","NA","Tue Jul 28 10:44:32 2026","NA","The main experiment item","False","VWP_finalSetup_22_7.osexp","C:\Users\plcm\Desktop\2026-EyeTracking\group-eyeconic\OS2\final_recordings_upl","False","mono","False","20","no","#0c0c0c","no","yes","1440","26","27_pos1_nosub.png","27_pos1_sub.png","psycho","9","9","C:/Users/plcm/Desktop/2026-EyeTracking/group-eyeconic/OS2/final_recordings_upl/group 1-6/subject-4.csv","psycho","Neonatal Nightingale","4.1.14","candle","package","coin","coaster","0","0","space","space","space","NA","space","NA","NA","space","NA","space","NA","space","NA","space","NA","NA","NA","space","NA","NA","NA","896.3331999998481","1497.9098000003432","4833.337399999895","NA","896.3331999998481","NA","NA","2370.0721999998714","NA","3827.5742000000755","NA","3603.958200000314","NA","8267.680599999949","NA","NA","NA","2811.6516000000047","NA","NA","NA","1852.8316999995695","c","10","2","psycho","The woman will blow out the candle","1024","2","24000","-16","experiment","4","even","1","37629.68819999969","146743.2332999997","143714.45159999985","64876.95349999967","4786.446099999921","37634.46709999971","39139.11989999997","NA","139690.6752","143714.3960999997","139436.9843999998","NA","37629.76609999987","NA","NA","138540.0469000001","NA","NA","43978.2924000001","NA","46352.77809999979","NA","50184.41779999966","NA","53792.695099999946","NA","NA","NA","62064.70730000001","NA","NA","NA","146762.63579999976","NA","6653.434299999844","139675.42539999977","138530.25519999984","138539.9358999998","143733.9975","143691.29619999966","64876.983799999834","139674.4791000001","4799.521800000093","3000","SceneViewing","9","11296.5104","9","2560"
"100","100","34_r.wav","1219","1219","#dadada","256","psycho","psycho","psycho","restrictive","1","undefined","undefined","1","NA","undefined","NA","undefined","NA","undefined","NA","undefined","NA","NA","undefined","NA","NA","NA","undefined","0","10","10","0","0","0","0","NA","10","10","10","NA","0","NA","NA","10","0","NA","0","NA","0","NA","0","NA","0","NA","NA","NA","0","NA","NA","NA","10","NA","0","10","10","10","10","10","0","10","0","participant_group5.csv","5","NA","NA","NA","Tue Jul 28 10:44:32 2026","NA","The main experiment item","False","VWP_finalSetup_22_7.osexp","C:\Users\plcm\Desktop\2026-EyeTracking\group-eyeconic\OS2\final_recordings_upl","False","mono","False","20","no","#0c0c0c","no","yes","1440","34","35_pos1_nosub.png","35_pos1_sub.png","psycho","10","10","C:/Users/plcm/Desktop/2026-EyeTracking/group-eyeconic/OS2/final_recordings_upl/group 1-6/subject-4.csv","psycho","Neonatal Nightingale","4.1.14","radio","puzzle","notebook","pillow","0","0","space","space","space","NA","space","NA","NA","space","NA","space","NA","space","NA","space","NA","NA","NA","space","NA","NA","NA","901.070900000399","1497.9098000003432","4833.337399999895","NA","901.070900000399","NA","NA","2370.0721999998714","NA","3827.5742000000755","NA","3603.958200000314","NA","8267.680599999949","NA","NA","NA","2811.6516000000047","NA","NA","NA","1852.8316999995695","c","11","2","psycho","The boy will switch on the radio","1024","2","24000","-16","experiment","4","even","1","37629.68819999969","155033.46409999995","151991.70400000003","64876.95349999967","4786.446099999921","37634.46709999971","39139.11989999997","NA","147967.3413999999","151991.64040000006","147701.1702","NA","37629.76609999987","NA","NA","146799.39429999967","NA","NA","43978.2924000001","NA","46352.77809999979","NA","50184.41779999966","NA","53792.695099999946","NA","NA","NA","62064.70730000001","NA","NA","NA","155052.62489999997","NA","6653.434299999844","147949.73660000006","146789.58969999984","146799.25079999975","152011.14329999973","151968.0795999998","64876.983799999834","147949.04629999973","4799.521800000093","3000","SceneViewing","10","12197.581300000398","10","2560"
"100","100","23_n.wav","1177","1177","#dadada","256","psycho","psycho","psycho","non-restrictive","1","undefined","undefined","1","NA","undefined","NA","undefined","NA","undefined","NA","undefined","NA","NA","undefined","NA","NA","NA","undefined","0","11","11","0","0","0","0","NA","11","11","11","NA","0","NA","NA","11","0","NA","0","NA","0","NA","0","NA","0","NA","NA","NA","0","NA","NA","NA","11","NA","0","11","11","11","11","11","0","11","0","participant_group5.csv","5","NA","NA","NA","Tue Jul 28 10:44:32 2026","NA","The main experiment item","False","VWP_finalSetup_22_7.osexp","C:\Users\plcm\Desktop\2026-EyeTracking\group-eyeconic\OS2\final_recordings_upl","False","mono","False","20","no","#0c0c0c","no","yes","1440","23","24_pos2_nosub.png","24_pos2_sub.png","psycho","11","11","C:/Users/plcm/Desktop/2026-EyeTracking/group-eyeconic/OS2/final_recordings_upl/group 1-6/subject-4.csv","psycho","Neonatal Nightingale","4.1.14","card","scarf","pencil","needle","0","0","space","space","space","NA","space","NA","NA","space","NA","space","NA","space","NA","space","NA","NA","NA","space","NA","NA","NA","755.0697000001674","1497.9098000003432","4833.337399999895","NA","755.0697000001674","NA","NA","2370.0721999998714","NA","3827.5742000000755","NA","3603.958200000314","NA","8267.680599999949","NA","NA","NA","2811.6516000000047","NA","NA","NA","1852.8316999995695","c","12","2","psycho","The girl will hold the scarf","1024","2","24000","-16","experiment","4","even","2","37629.68819999969","162783.22769999976","160099.5158999999","64876.95349999967","4786.446099999921","37634.46709999971","39139.11989999997","NA","156073.44479999982","160099.45979999975","155845.46240000008","NA","37629.76609999987","NA","NA","155089.39149999968","NA","NA","43978.2924000001","NA","46352.77809999979","NA","50184.41779999966","NA","53792.695099999946","NA","NA","NA","62064.70730000001","NA","NA","NA","162802.6875999999","NA","6653.434299999844","156055.8576999997","155078.53479999994","155089.14559999993","160118.47519999993","160073.85669999986","64876.983799999834","156055.2084000001","4799.521800000093","3000","SceneViewing","11","12952.651000000566","11","2560"
"100","100","20_r.wav","1163","1163","#dadada","256","psycho","psycho","psycho","restrictive","1","undefined","undefined","1","NA","undefined","NA","undefined","NA","undefined","NA","undefined","NA","NA","undefined","NA","NA","NA","undefined","0","12","12","0","0","0","0","NA","12","12","12","NA","0","NA","NA","12","0","NA","0","NA","0","NA","0","NA","0","NA","NA","NA","0","NA","NA","NA","12","NA","0","12","12","12","12","12","0","12","0","participant_group5.csv","5","NA","NA","NA","Tue Jul 28 10:44:32 2026","NA","The main experiment item","False","VWP_finalSetup_22_7.osexp","C:\Users\plcm\Desktop\2026-EyeTracking\group-eyeconic\OS2\final_recordings_upl","False","mono","False","20","no","#0c0c0c","no","yes","1440","20","21_pos3_nosub.png","21_pos3_sub.png","psycho","12","12","C:/Users/plcm/Desktop/2026-EyeTracking/group-eyeconic/OS2/final_recordings_upl/group 1-6/subject-4.csv","psycho","Neonatal Nightingale","4.1.14","crayon","cup","kitten","block","0","0","space","space","space","NA","space","NA","NA","space","NA","space","NA","space","NA","space","NA","NA","NA","space","NA","NA","NA","1011.8038999998826","1497.9098000003432","4833.337399999895","NA","1011.8038999998826","NA","NA","2370.0721999998714","NA","3827.5742000000755","NA","3603.958200000314","NA","8267.680599999949","NA","NA","NA","2811.6516000000047","NA","NA","NA","1852.8316999995695","c","13","2","psycho","The baby will hug the kitten","1024","2","24000","-16","experiment","4","even","3","37629.68819999969","170893.2049","168094.70879999982","64876.95349999967","4786.446099999921","37634.46709999971","39139.11989999997","NA","164071.3323","168094.64619999973","163845.09010000012","NA","37629.76609999987","NA","NA","162832.6643999999","NA","NA","43978.2924000001","NA","46352.77809999979","NA","50184.41779999966","NA","53792.695099999946","NA","NA","NA","62064.70730000001","NA","NA","NA","170912.7499000001","NA","6653.434299999844","164052.48780000012","162822.52049999987","162832.48009999987","168114.5993","168071.47140000007","64876.983799999834","164051.81619999986","4799.521800000093","3000","SceneViewing","12","13964.454900000448","12","2560"
"100","100","37_n.wav","1150","1150","#dadada","256","psycho","psycho","psycho","non-restrictive","1","undefined","undefined","1","NA","undefined","NA","undefined","NA","undefined","NA","undefined","NA","NA","undefined","NA","NA","NA","undefined","0","13","13","0","0","0","0","NA","13","13","13","NA","0","NA","NA","13","0","NA","0","NA","0","NA","0","NA","0","NA","NA","NA","0","NA","NA","NA","13","NA","0","13","13","13","13","13","0","13","0","participant_group5.csv","5","NA","NA","NA","Tue Jul 28 10:44:32 2026","NA","The main experiment item","False","VWP_finalSetup_22_7.osexp","C:\Users\plcm\Desktop\2026-EyeTracking\group-eyeconic\OS2\final_recordings_upl","False","mono","False","20","no","#0c0c0c","no","yes","1440","37","38_pos4_nosub.png","38_pos4_sub.png","psycho","13","13","C:/Users/plcm/Desktop/2026-EyeTracking/group-eyeconic/OS2/final_recordings_upl/group 1-6/subject-4.csv","psycho","Neonatal Nightingale","4.1.14","mitten","marker","key","banana","0","0","space","space","space","NA","space","NA","NA","space","NA","space","NA","space","NA","space","NA","NA","NA","space","NA","NA","NA","995.9316000004183","1497.9098000003432","4833.337399999895","NA","995.9316000004183","NA","NA","2370.0721999998714","NA","3827.5742000000755","NA","3603.958200000314","NA","8267.680599999949","NA","NA","NA","2811.6516000000047","NA","NA","NA","1852.8316999995695","c","14","2","psycho","The boy will move the banana","1024","2","24000","-16","experiment","4","even","4","37629.68819999969","178913.20399999994","176187.0798","64876.95349999967","4786.446099999921","37634.46709999971","39139.11989999997","NA","172162.91679999995","176187.02559999973","171941.3357999997","NA","37629.76609999987","NA","NA","170944.4900999997","NA","NA","43978.2924000001","NA","46352.77809999979","NA","50184.41779999966","NA","53792.695099999946","NA","NA","NA","62064.70730000001","NA","NA","NA","178932.6262999998","NA","6653.434299999844","172146.4516000001","170933.87799999982","170944.35780000003","176206.3390999997","176163.5490999997","64876.983799999834","172145.9248000001","4799.521800000093","3000","SceneViewing","13","14960.386500000866","13","2560"
"100","100","19_n.wav","1116","1116","#dadada","256","psycho","psycho","psycho","non-restrictive","1","undefined","undefined","1","NA","undefined","NA","undefined","NA","undefined","NA","undefined","NA","NA","undefined","NA","NA","NA","undefined","0","14","14","0","0","0","0","NA","14","14","14","NA","0","NA","NA","14","0","NA","0","NA","0","NA","0","NA","0","NA","NA","NA","0","NA","NA","NA","14","NA","0","14","14","14","14","14","0","14","0","participant_group5.csv","5","NA","NA","NA","Tue Jul 28 10:44:32 2026","NA","The main experiment item","False","VWP_finalSetup_22_7.osexp","C:\Users\plcm\Desktop\2026-EyeTracking\group-eyeconic\OS2\final_recordings_upl","False","mono","False","20","no","#0c0c0c","no","yes","1440","19","20_pos2_nosub.png","20_pos2_sub.png","psycho","14","14","C:/Users/plcm/Desktop/2026-EyeTracking/group-eyeconic/OS2/final_recordings_upl/group 1-6/subject-4.csv","psycho","Neonatal Nightingale","4.1.14","bowl","bread","spoon","spatula","0","0","space","space","space","NA","space","NA","NA","space","NA","space","NA","space","NA","space","NA","NA","NA","space","NA","NA","NA","670.3622000000032","1497.9098000003432","4833.337399999895","NA","670.3622000000032","NA","NA","2370.0721999998714","NA","3827.5742000000755","NA","3603.958200000314","NA","8267.680599999949","NA","NA","NA","2811.6516000000047","NA","NA","NA","1852.8316999995695","c","15","2","psycho","The chef will clean the bread","1024","2","24000","-16","experiment","4","even","2","37629.68819999969","186423.51619999998","183878.75989999974","64876.95349999967","4786.446099999921","37634.46709999971","39139.11989999997","NA","179854.9333000001","183878.7070999997","179621.43849999984","NA","37629.76609999987","NA","NA","178950.1952999999","NA","NA","43978.2924000001","NA","46352.77809999979","NA","50184.41779999966","NA","53792.695099999946","NA","NA","NA","62064.70730000001","NA","NA","NA","186442.66089999973","NA","6653.434299999844","179838.37390000006","178940.08059999987","178950.0866999997","183898.06439999983","183855.61770000003","64876.983799999834","179837.39369999967","4799.521800000093","3000","SceneViewing","14","15630.74870000087","14","2560"
"100","100","7_n.wav","1094","1094","#dadada","256","psycho","psycho","psycho","non-restrictive","1","undefined","undefined","1","NA","undefined","NA","undefined","NA","undefined","NA","undefined","NA","NA","undefined","NA","NA","NA","undefined","0","15","15","0","0","0","0","NA","15","15","15","NA","0","NA","NA","15","0","NA","0","NA","0","NA","0","NA","0","NA","NA","NA","0","NA","NA","NA","15","NA","0","15","15","15","15","15","0","15","0","participant_group5.csv","5","NA","NA","NA","Tue Jul 28 10:44:32 2026","NA","The main experiment item","False","VWP_finalSetup_22_7.osexp","C:\Users\plcm\Desktop\2026-EyeTracking\group-eyeconic\OS2\final_recordings_upl","False","mono","False","20","no","#0c0c0c","no","yes","1440","7","8_pos2_nosub.png","8_pos2_sub.png","psycho","15","15","C:/Users/plcm/Desktop/2026-EyeTracking/group-eyeconic/OS2/final_recordings_upl/group 1-6/subject-4.csv","psycho","Neonatal Nightingale","4.1.14","microscope","child","tv-monitor","toy-bear","0","0","space","space","space","NA","space","NA","NA","space","NA","space","NA","space","NA","space","NA","NA","NA","space","NA","NA","NA","786.2783000000636","1497.9098000003432","4833.337399999895","NA","786.2783000000636","NA","NA","2370.0721999998714","NA","3827.5742000000755","NA","3603.958200000314","NA","8267.680599999949","NA","NA","NA","2811.6516000000047","NA","NA","NA","1852.8316999995695","c","16","2","psycho","The doctor will check the child","1024","2","24000","-16","experiment","4","even","2","37629.68819999969","194443.3197999997","191534.46510000003","64876.95349999967","4786.446099999921","37634.46709999971","39139.11989999997","NA","187510.60890000008","191534.38629999984","187261.03669999976","NA","37629.76609999987","NA","NA","186474.1159","NA","NA","43978.2924000001","NA","46352.77809999979","NA","50184.41779999966","NA","53792.695099999946","NA","NA","NA","62064.70730000001","NA","NA","NA","194462.75979999974","NA","6653.434299999844","187492.21480000005","186463.95669999992","186473.96789999993","191553.33689999997","191510.77609999993","64876.983799999834","187491.30539999987","4799.521800000093","3000","SceneViewing","15","16417.027000000933","15","2560"
"100","100","28_r.wav","1079","1079","#dadada","256","psycho","psycho","psycho","restrictive","1","undefined","undefined","1","NA","undefined","NA","undefined","NA","undefined","NA","undefined","NA","NA","undefined","NA","NA","NA","undefined","0","16","16","0","0","0","0","NA","16","16","16","NA","0","NA","NA","16","0","NA","0","NA","0","NA","0","NA","0","NA","NA","NA","0","NA","NA","NA","16","NA","0","16","16","16","16","16","0","16","0","participant_group5.csv","5","NA","NA","NA","Tue Jul 28 10:44:32 2026","NA","The main experiment item","False","VWP_finalSetup_22_7.osexp","C:\Users\plcm\Desktop\2026-EyeTracking\group-eyeconic\OS2\final_recordings_upl","False","mono","False","20","no","#0c0c0c","no","yes","1440","28","29_pos3_nosub.png","29_pos3_sub.png","psycho","16","16","C:/Users/plcm/Desktop/2026-EyeTracking/group-eyeconic/OS2/final_recordings_upl/group 1-6/subject-4.csv","psycho","Neonatal Nightingale","4.1.14","nut","sock","milk","glove","0","0","space","space","space","NA","space","NA","NA","space","NA","space","NA","space","NA","space","NA","NA","NA","space","NA","NA","NA","850.9017999999633","1497.9098000003432","4833.337399999895","NA","850.9017999999633","NA","NA","2370.0721999998714","NA","3827.5742000000755","NA","3603.958200000314","NA","8267.680599999949","NA","NA","NA","2811.6516000000047","NA","NA","NA","1852.8316999995695","c","17","2","psycho","The cat will drink the milk","1024","2","24000","-16","experiment","4","even","3","37629.68819999969","202104.07469999974","199608.40529999995","64876.95349999967","4786.446099999921","37634.46709999971","39139.11989999997","NA","195584.65639999986","199608.33909999975","195333.15360000005","NA","37629.76609999987","NA","NA","194481.49310000008","NA","NA","43978.2924000001","NA","46352.77809999979","NA","50184.41779999966","NA","53792.695099999946","NA","NA","NA","62064.70730000001","NA","NA","NA","202123.0191999998","NA","6653.434299999844","195568.2861999999","194470.50339999987","194481.3842999997","199627.94089999987","199585.05979999973","64876.983799999834","195567.55659999998","4799.521800000093","3000","SceneViewing","16","17267.928800000896","16","2560"
"100","100","35_n.wav","1065","1065","#dadada","256","psycho","psycho","psycho","non-restrictive","1","undefined","undefined","1","NA","undefined","NA","undefined","NA","undefined","NA","undefined","NA","NA","undefined","NA","NA","NA","undefined","0","17","17","0","0","0","0","NA","17","17","17","NA","0","NA","NA","17","0","NA","0","NA","0","NA","0","NA","0","NA","NA","NA","0","NA","NA","NA","17","NA","0","17","17","17","17","17","0","17","0","participant_group5.csv","5","NA","NA","NA","Tue Jul 28 10:44:32 2026","NA","The main experiment item","False","VWP_finalSetup_22_7.osexp","C:\Users\plcm\Desktop\2026-EyeTracking\group-eyeconic\OS2\final_recordings_upl","False","mono","False","20","no","#0c0c0c","no","yes","1440","35","36_pos2_nosub.png","36_pos2_sub.png","psycho","17","17","C:/Users/plcm/Desktop/2026-EyeTracking/group-eyeconic/OS2/final_recordings_upl/group 1-6/subject-4.csv","psycho","Neonatal Nightingale","4.1.14","pot","mascara","brush","mirror","0","0","space","space","space","NA","space","NA","NA","space","NA","space","NA","space","NA","space","NA","NA","NA","space","NA","NA","NA","853.5166999999783","1497.9098000003432","4833.337399999895","NA","853.5166999999783","NA","NA","2370.0721999998714","NA","3827.5742000000755","NA","3603.958200000314","NA","8267.680599999949","NA","NA","NA","2811.6516000000047","NA","NA","NA","1852.8316999995695","c","18","2","psycho","The girl will squeeze the mascara","1024","2","24000","-16","experiment","4","even","2","37629.68819999969","210393.3121","207256.62869999997","64876.95349999967","4786.446099999921","37634.46709999971","39139.11989999997","NA","203230.94390000007","207256.57739999998","203013.44089999975","NA","37629.76609999987","NA","NA","202159.1408999998","NA","NA","43978.2924000001","NA","46352.77809999979","NA","50184.41779999966","NA","53792.695099999946","NA","NA","NA","62064.70730000001","NA","NA","NA","210412.43469999972","NA","6653.434299999844","203215.35820000008","202148.29689999987","202158.9868000001","207275.81329999975","207231.55700000006","64876.983799999834","203214.88349999982","4799.521800000093","3000","SceneViewing","17","18121.445500000875","17","2560"
"100","100","27_n.wav","1043","1043","#dadada","256","psycho","psycho","psycho","non-restrictive","1","undefined","undefined","1","NA","undefined","NA","undefined","NA","undefined","NA","undefined","NA","NA","undefined","NA","NA","NA","undefined","0","18","18","0","0","0","0","NA","18","18","18","NA","0","NA","NA","18","0","NA","0","NA","0","NA","0","NA","0","NA","NA","NA","0","NA","NA","NA","18","NA","0","18","18","18","18","18","0","18","0","participant_group5.csv","5","NA","NA","NA","Tue Jul 28 10:44:32 2026","NA","The main experiment item","False","VWP_finalSetup_22_7.osexp","C:\Users\plcm\Desktop\2026-EyeTracking\group-eyeconic\OS2\final_recordings_upl","False","mono","False","20","no","#0c0c0c","no","yes","1440","27","28_pos2_nosub.png","28_pos2_sub.png","psycho","18","18","C:/Users/plcm/Desktop/2026-EyeTracking/group-eyeconic/OS2/final_recordings_upl/group 1-6/subject-4.csv","psycho","Neonatal Nightingale","4.1.14","picture","lamp","switch","frame","0","0","space","space","space","NA","space","NA","NA","space","NA","space","NA","space","NA","space","NA","NA","NA","space","NA","NA","NA","660.5322000000451","1497.9098000003432","4833.337399999895","NA","660.5322000000451","NA","NA","2370.0721999998714","NA","3827.5742000000755","NA","3603.958200000314","NA","8267.680599999949","NA","NA","NA","2811.6516000000047","NA","NA","NA","1852.8316999995695","c","19","2","psycho","The boy will touch the lamp","1024","2","24000","-16","experiment","4","even","2","37629.68819999969","217803.28680000003","215389.34949999975","64876.95349999967","4786.446099999921","37634.46709999971","39139.11989999997","NA","211365.28980000003","215389.2949000001","211133.5423999999","NA","37629.76609999987","NA","NA","210471.90520000004","NA","NA","43978.2924000001","NA","46352.77809999979","NA","50184.41779999966","NA","53792.695099999946","NA","NA","NA","62064.70730000001","NA","NA","NA","217823.0499000001","NA","6653.434299999844","211347.96109999978","210461.49590000004","210471.73389999988","215409.1408999998","215365.5957000001","64876.983799999834","211347.34479999996","4799.521800000093","3000","SceneViewing","18","18781.97770000092","18","2560"
"100","100","46_r.wav","1235","1235","#dadada","256","psycho","psycho","psycho","restrictive","1","undefined","undefined","1","NA","undefined","NA","undefined","NA","undefined","NA","undefined","NA","NA","undefined","NA","NA","NA","undefined","0","19","19","0","0","0","0","NA","19","19","19","NA","0","NA","NA","19","0","NA","0","NA","0","NA","0","NA","0","NA","NA","NA","0","NA","NA","NA","19","NA","0","19","19","19","19","19","0","19","0","participant_group5.csv","5","NA","NA","NA","Tue Jul 28 10:44:32 2026","NA","The main experiment item","False","VWP_finalSetup_22_7.osexp","C:\Users\plcm\Desktop\2026-EyeTracking\group-eyeconic\OS2\final_recordings_upl","False","mono","False","20","no","#0c0c0c","no","yes","1440","46","47_pos1_nosub.png","47_pos1_sub.png","psycho","19","19","C:/Users/plcm/Desktop/2026-EyeTracking/group-eyeconic/OS2/final_recordings_upl/group 1-6/subject-4.csv","psycho","Neonatal Nightingale","4.1.14","violin","bow","gum","stand","0","0","space","space","space","NA","space","NA","NA","space","NA","space","NA","space","NA","space","NA","NA","NA","space","NA","NA","NA","4699.593800000002","1497.9098000003432","4833.337399999895","NA","4699.593800000002","NA","NA","2370.0721999998714","NA","3827.5742000000755","NA","3603.958200000314","NA","8267.680599999949","NA","NA","NA","2811.6516000000047","NA","NA","NA","1852.8316999995695","c","20","2","psycho","The musician will tune the violin","1024","2","24000","-16","experiment","4","even","1","37629.68819999969","229963.26589999988","226783.25459999996","64876.95349999967","4786.446099999921","37634.46709999971","39139.11989999997","NA","222758.95429999992","226783.18439999977","222540.9617","NA","37629.76609999987","NA","NA","217840.80399999995","NA","NA","43978.2924000001","NA","46352.77809999979","NA","50184.41779999966","NA","53792.695099999946","NA","NA","NA","62064.70730000001","NA","NA","NA","229982.7104000001","NA","6653.434299999844","222741.15970000002","217830.79950000002","217840.6571999999","226803.27979999993","226759.3237000001","64876.983799999834","222740.77949999992","4799.521800000093","3000","SceneViewing","19","23481.571500000922","19","2560"
"100","100","32_r.wav","1206","1206","#dadada","256","psycho","psycho","psycho","restrictive","1","undefined","undefined","1","NA","undefined","NA","undefined","NA","undefined","NA","undefined","NA","NA","undefined","NA","NA","NA","undefined","0","20","20","0","0","0","0","NA","20","20","20","NA","0","NA","NA","20","0","NA","0","NA","0","NA","0","NA","0","NA","NA","NA","0","NA","NA","NA","20","NA","0","20","20","20","20","20","0","20","0","participant_group5.csv","5","NA","NA","NA","Tue Jul 28 10:44:32 2026","NA","The main experiment item","False","VWP_finalSetup_22_7.osexp","C:\Users\plcm\Desktop\2026-EyeTracking\group-eyeconic\OS2\final_recordings_upl","False","mono","False","20","no","#0c0c0c","no","yes","1440","32","33_pos3_nosub.png","33_pos3_sub.png","psycho","20","20","C:/Users/plcm/Desktop/2026-EyeTracking/group-eyeconic/OS2/final_recordings_upl/group 1-6/subject-4.csv","psycho","Neonatal Nightingale","4.1.14","biscuit","kettle","beer","mug","0","0","space","space","space","NA","space","NA","NA","space","NA","space","NA","space","NA","space","NA","NA","NA","space","NA","NA","NA","651.6449000000721","1497.9098000003432","4833.337399999895","NA","651.6449000000721","NA","NA","2370.0721999998714","NA","3827.5742000000755","NA","3603.958200000314","NA","8267.680599999949","NA","NA","NA","2811.6516000000047","NA","NA","NA","1852.8316999995695","c","21","2","psycho","The woman will brew the beer","1024","2","24000","-16","experiment","4","even","3","37629.68819999969","237473.52079999974","234891.0393000001","64876.95349999967","4786.446099999921","37634.46709999971","39139.11989999997","NA","230867.11930000002","234890.9331","230653.0644999998","NA","37629.76609999987","NA","NA","230000.7962999998","NA","NA","43978.2924000001","NA","46352.77809999979","NA","50184.41779999966","NA","53792.695099999946","NA","NA","NA","62064.70730000001","NA","NA","NA","237493.18919999996","NA","6653.434299999844","230850.52670000005","229990.47470000005","230000.6897999997","234910.70919999992","234867.45990000007","64876.983799999834","230849.7622","4799.521800000093","3000","SceneViewing","20","24133.216400000994","20","2560"
"100","100","36_r.wav","1243","1243","#dadada","256","psycho","psycho","psycho","restrictive","1","undefined","undefined","1","NA","undefined","NA","undefined","NA","undefined","NA","undefined","NA","NA","undefined","NA","NA","NA","undefined","0","21","21","0","0","0","0","NA","21","21","21","NA","0","NA","NA","21","0","NA","0","NA","0","NA","0","NA","0","NA","NA","NA","0","NA","NA","NA","21","NA","0","21","21","21","21","21","0","21","0","participant_group5.csv","5","NA","NA","NA","Tue Jul 28 10:44:32 2026","NA","The main experiment item","False","VWP_finalSetup_22_7.osexp","C:\Users\plcm\Desktop\2026-EyeTracking\group-eyeconic\OS2\final_recordings_upl","False","mono","False","20","no","#0c0c0c","no","yes","1440","36","37_pos3_nosub.png","37_pos3_sub.png","psycho","21","21","C:/Users/plcm/Desktop/2026-EyeTracking/group-eyeconic/OS2/final_recordings_upl/group 1-6/subject-4.csv","psycho","Neonatal Nightingale","4.1.14","boxes","clips","lego","papers","0","0","space","space","space","NA","space","NA","NA","space","NA","space","NA","space","NA","space","NA","NA","NA","space","NA","NA","NA","1981.3405999998504","1497.9098000003432","4833.337399999895","NA","1981.3405999998504","NA","NA","2370.0721999998714","NA","3827.5742000000755","NA","3603.958200000314","NA","8267.680599999949","NA","NA","NA","2811.6516000000047","NA","NA","NA","1852.8316999995695","c","22","2","psycho","The kid will build the lego","1024","2","24000","-16","experiment","4","even","3","37629.68819999969","246583.2572999998","243744.57459999985","64876.95349999967","4786.446099999921","37634.46709999971","39139.11989999997","NA","239720.92059999978","243744.4786000001","239493.30949999968","NA","37629.76609999987","NA","NA","237511.03439999997","NA","NA","43978.2924000001","NA","46352.77809999979","NA","50184.41779999966","NA","53792.695099999946","NA","NA","NA","62064.70730000001","NA","NA","NA","246602.17239999975","NA","6653.434299999844","239705.41729999968","237500.67510000008","237510.90909999993","243763.96169999999","243721.5584999999","64876.983799999834","239704.8525","4799.521800000093","3000","SceneViewing","21","26114.557000000845","21","2560"
"100","100","22_r.wav","1230","1230","#dadada","256","psycho","psycho","psycho","restrictive","1","undefined","undefined","1","NA","undefined","NA","undefined","NA","undefined","NA","undefined","NA","NA","undefined","NA","NA","NA","undefined","0","22","22","0","0","0","0","NA","22","22","22","NA","0","NA","NA","22","0","NA","0","NA","0","NA","0","NA","0","NA","NA","NA","0","NA","NA","NA","22","NA","0","22","22","22","22","22","0","22","0","participant_group5.csv","5","NA","NA","NA","Tue Jul 28 10:44:32 2026","NA","The main experiment item","False","VWP_finalSetup_22_7.osexp","C:\Users\plcm\Desktop\2026-EyeTracking\group-eyeconic\OS2\final_recordings_upl","False","mono","False","20","no","#0c0c0c","no","yes","1440","22","23_pos1_nosub.png","23_pos1_sub.png","psycho","22","22","C:/Users/plcm/Desktop/2026-EyeTracking/group-eyeconic/OS2/final_recordings_upl/group 1-6/subject-4.csv","psycho","Neonatal Nightingale","4.1.14","coat","hook","poster","towel","0","0","space","space","space","NA","space","NA","NA","space","NA","space","NA","space","NA","space","NA","NA","NA","space","NA","NA","NA","949.8034000002954","1497.9098000003432","4833.337399999895","NA","949.8034000002954","NA","NA","2370.0721999998714","NA","3827.5742000000755","NA","3603.958200000314","NA","8267.680599999949","NA","NA","NA","2811.6516000000047","NA","NA","NA","1852.8316999995695","c","23","2","psycho","The girl will zip the coat","1024","2","24000","-16","experiment","4","even","1","37629.68819999969","254383.76769999968","251877.00689999975","64876.95349999967","4786.446099999921","37634.46709999971","39139.11989999997","NA","247851.4553","251876.92419999983","247589.2273999998","NA","37629.76609999987","NA","NA","246638.62889999972","NA","NA","43978.2924000001","NA","46352.77809999979","NA","50184.41779999966","NA","53792.695099999946","NA","NA","NA","62064.70730000001","NA","NA","NA","254403.0785","NA","6653.434299999844","247832.7320999997","246626.89749999982","246638.50090000004","251896.5281999999","251852.02260000005","64876.983799999834","247832.2052999997","4799.521800000093","3000","SceneViewing","22","27064.36040000114","22","2560"
"100","100","10_r.wav","1186","1186","#dadada","256","psycho","psycho","psycho","restrictive","1","undefined","undefined","1","NA","undefined","NA","undefined","NA","undefined","NA","undefined","NA","NA","undefined","NA","NA","NA","undefined","0","23","23","0","0","0","0","NA","23","23","23","NA","0","NA","NA","23","0","NA","0","NA","0","NA","0","NA","0","NA","NA","NA","0","NA","NA","NA","23","NA","0","23","23","23","23","23","0","23","0","participant_group5.csv","5","NA","NA","NA","Tue Jul 28 10:44:32 2026","NA","The main experiment item","False","VWP_finalSetup_22_7.osexp","C:\Users\plcm\Desktop\2026-EyeTracking\group-eyeconic\OS2\final_recordings_upl","False","mono","False","20","no","#0c0c0c","no","yes","1440","10","11_pos1_nosub.png","11_pos1_sub.png","psycho","23","23","C:/Users/plcm/Desktop/2026-EyeTracking/group-eyeconic/OS2/final_recordings_upl/group 1-6/subject-4.csv","psycho","Neonatal Nightingale","4.1.14","washing-machine","mirror","dog","wastebin","0","0","space","space","space","NA","space","NA","NA","space","NA","space","NA","space","NA","space","NA","NA","NA","space","NA","NA","NA","218.18149999988964","1497.9098000003432","4833.337399999895","NA","218.18149999988964","NA","NA","2370.0721999998714","NA","3827.5742000000755","NA","3603.958200000314","NA","8267.680599999949","NA","NA","NA","2811.6516000000047","NA","NA","NA","1852.8316999995695","c","24","2","psycho","The man will repair the washing machine","1024","2","24000","-16","experiment","4","even","1","37629.68819999969","262383.1728999999","258901.61799999987","64876.95349999967","4786.446099999921","37634.46709999971","39139.11989999997","NA","254875.88000000006","258901.5314999997","254645.2445","NA","37629.76609999987","NA","NA","254426.26329999985","NA","NA","43978.2924000001","NA","46352.77809999979","NA","50184.41779999966","NA","53792.695099999946","NA","NA","NA","62064.70730000001","NA","NA","NA","262403.0605999997","NA","6653.434299999844","254859.8950999999","254415.23179999966","254426.09519999995","258920.6030999999","258876.45199999996","64876.983799999834","254859.21659999987","4799.521800000093","3000","SceneViewing","23","27282.54190000103","23","2560"
"100","100","40_r.wav","1162","1162","#dadada","256","psycho","psycho","psycho","restrictive","1","undefined","undefined","1","NA","undefined","NA","undefined","NA","undefined","NA","undefined","NA","NA","undefined","NA","NA","NA","undefined","0","24","24","0","0","0","0","NA","24","24","24","NA","0","NA","NA","24","0","NA","0","NA","0","NA","0","NA","0","NA","NA","NA","0","NA","NA","NA","24","NA","0","24","24","24","24","24","0","24","0","participant_group5.csv","5","NA","NA","NA","Tue Jul 28 10:44:32 2026","NA","The main experiment item","False","VWP_finalSetup_22_7.osexp","C:\Users\plcm\Desktop\2026-EyeTracking\group-eyeconic\OS2\final_recordings_upl","False","mono","False","20","no","#0c0c0c","no","yes","1440","40","41_pos3_nosub.png","41_pos3_sub.png","psycho","24","24","C:/Users/plcm/Desktop/2026-EyeTracking/group-eyeconic/OS2/final_recordings_upl/group 1-6/subject-4.csv","psycho","Neonatal Nightingale","4.1.14","toothbrish","iron","blouse","pin","0","0","space","space","space","NA","space","NA","NA","space","NA","space","NA","space","NA","space","NA","NA","NA","space","NA","NA","NA","615.7020000001066","1497.9098000003432","4833.337399999895","NA","615.7020000001066","NA","NA","2370.0721999998714","NA","3827.5742000000755","NA","3603.958200000314","NA","8267.680599999949","NA","NA","NA","2811.6516000000047","NA","NA","NA","1852.8316999995695","c","25","2","psycho","The girl will button the blouse","1024","2","24000","-16","experiment","4","even","3","37629.68819999969","270003.154","267301.4313999997","64876.95349999967","4786.446099999921","37634.46709999971","39139.11989999997","NA","263276.59109999967","267301.3307000001","263037.57449999964","NA","37629.76609999987","NA","NA","262420.8516999997","NA","NA","43978.2924000001","NA","46352.77809999979","NA","50184.41779999966","NA","53792.695099999946","NA","NA","NA","62064.70730000001","NA","NA","NA","270022.4376000001","NA","6653.434299999844","263260.29999999993","262410.4993999999","262420.70349999995","267320.3886000001","267277.2861999997","64876.983799999834","263259.73840000003","4799.521800000093","3000","SceneViewing","24","27898.243900001136","24","2560"
"100","100","48_r.wav","1272","1272","#dadada","256","psycho","psycho","psycho","restrictive","1","undefined","undefined","1","NA","undefined","NA","undefined","NA","undefined","NA","undefined","NA","NA","undefined","NA","NA","NA","undefined","0","25","25","0","0","0","0","NA","25","25","25","NA","0","NA","NA","25","0","NA","0","NA","0","NA","0","NA","0","NA","NA","NA","0","NA","NA","NA","25","NA","0","25","25","25","25","25","0","25","0","participant_group5.csv","5","NA","NA","NA","Tue Jul 28 10:44:32 2026","NA","The main experiment item","False","VWP_finalSetup_22_7.osexp","C:\Users\plcm\Desktop\2026-EyeTracking\group-eyeconic\OS2\final_recordings_upl","False","mono","False","20","no","#0c0c0c","no","yes","1440","48","49_pos3_nosub.png","49_pos3_sub.png","psycho","25","25","C:/Users/plcm/Desktop/2026-EyeTracking/group-eyeconic/OS2/final_recordings_upl/group 1-6/subject-4.csv","psycho","Neonatal Nightingale","4.1.14","flag","pouch","balloon","pump","0","0","space","space","space","NA","space","NA","NA","space","NA","space","NA","space","NA","space","NA","NA","NA","space","NA","NA","NA","3917.739399999846","1497.9098000003432","4833.337399999895","NA","3917.739399999846","NA","NA","2370.0721999998714","NA","3827.5742000000755","NA","3603.958200000314","NA","8267.680599999949","NA","NA","NA","2811.6516000000047","NA","NA","NA","1852.8316999995695","c","26","2","psycho","The child will inflate the balloon","1024","2","24000","-16","experiment","4","even","3","37629.68819999969","281293.4249999998","278206.02800000005","64876.95349999967","4786.446099999921","37634.46709999971","39139.11989999997","NA","274181.88370000006","278205.97330000007","273973.0645","NA","37629.76609999987","NA","NA","270054.5606999999","NA","NA","43978.2924000001","NA","46352.77809999979","NA","50184.41779999966","NA","53792.695099999946","NA","NA","NA","62064.70730000001","NA","NA","NA","281312.7365","NA","6653.434299999844","274164.9445999997","270043.1424999997","270054.3438","278225.41000000003","278182.4624999999","64876.983799999834","274164.64300000004","4799.521800000093","3000","SceneViewing","25","31815.983300000982","25","2560"
"100","100","15_n.wav","1266","1266","#dadada","256","psycho","psycho","psycho","non-restrictive","1","undefined","undefined","1","NA","undefined","NA","undefined","NA","undefined","NA","undefined","NA","NA","undefined","NA","NA","NA","undefined","0","26","26","0","0","0","0","NA","26","26","26","NA","0","NA","NA","26","0","NA","0","NA","0","NA","0","NA","0","NA","NA","NA","0","NA","NA","NA","26","NA","0","26","26","26","26","26","0","26","0","participant_group5.csv","5","NA","NA","NA","Tue Jul 28 10:44:32 2026","NA","The main experiment item","False","VWP_finalSetup_22_7.osexp","C:\Users\plcm\Desktop\2026-EyeTracking\group-eyeconic\OS2\final_recordings_upl","False","mono","False","20","no","#0c0c0c","no","yes","1440","15","16_pos2_nosub.png","16_pos2_sub.png","psycho","26","26","C:/Users/plcm/Desktop/2026-EyeTracking/group-eyeconic/OS2/final_recordings_upl/group 1-6/subject-4.csv","psycho","Neonatal Nightingale","4.1.14","folder","hat","wallet","magnifying-glass","0","0","space","space","space","NA","space","NA","NA","space","NA","space","NA","space","NA","space","NA","NA","NA","space","NA","NA","NA","1105.6619000000646","1497.9098000003432","4833.337399999895","NA","1105.6619000000646","NA","NA","2370.0721999998714","NA","3827.5742000000755","NA","3603.958200000314","NA","8267.680599999949","NA","NA","NA","2811.6516000000047","NA","NA","NA","1852.8316999995695","c","27","2","psycho","The businessman will  forget the hat","1024","2","24000","-16","experiment","4","even","2","37629.68819999969","289823.4047000001","286678.82340000005","64876.95349999967","4786.446099999921","37634.46709999971","39139.11989999997","NA","282653.37249999994","286678.75989999995","282436.9821","NA","37629.76609999987","NA","NA","281330.7163","NA","NA","43978.2924000001","NA","46352.77809999979","NA","50184.41779999966","NA","53792.695099999946","NA","NA","NA","62064.70730000001","NA","NA","NA","289842.8746999998","NA","6653.434299999844","282637.0133999999","281320.15539999976","281330.55960000004","286698.1539999997","286653.91610000003","64876.983799999834","282635.9923999999","4799.521800000093","3000","SceneViewing","26","32921.64520000105","26","2560"
"100","100","44_r.wav","1247","1247","#dadada","256","psycho","psycho","psycho","restrictive","1","undefined","undefined","1","NA","undefined","NA","undefined","NA","undefined","NA","undefined","NA","NA","undefined","NA","NA","NA","undefined","0","27","27","0","0","0","0","NA","27","27","27","NA","0","NA","NA","27","0","NA","0","NA","0","NA","0","NA","0","NA","NA","NA","0","NA","NA","NA","27","NA","0","27","27","27","27","27","0","27","0","participant_group5.csv","5","NA","NA","NA","Tue Jul 28 10:44:32 2026","NA","The main experiment item","False","VWP_finalSetup_22_7.osexp","C:\Users\plcm\Desktop\2026-EyeTracking\group-eyeconic\OS2\final_recordings_upl","False","mono","False","20","no","#0c0c0c","no","yes","1440","44","45_pos3_nosub.png","45_pos3_sub.png","psycho","27","27","C:/Users/plcm/Desktop/2026-EyeTracking/group-eyeconic/OS2/final_recordings_upl/group 1-6/subject-4.csv","psycho","Neonatal Nightingale","4.1.14","ladle","hammer","dough","glass","0","0","space","space","space","NA","space","NA","NA","space","NA","space","NA","space","NA","space","NA","NA","NA","space","NA","NA","NA","761.4824000002118","1497.9098000003432","4833.337399999895","NA","761.4824000002118","NA","NA","2370.0721999998714","NA","3827.5742000000755","NA","3603.958200000314","NA","8267.680599999949","NA","NA","NA","2811.6516000000047","NA","NA","NA","1852.8316999995695","c","28","2","psycho","The baker will knead the dough","1024","2","24000","-16","experiment","4","even","3","37629.68819999969","297523.3659999999","294892.8136999998","64876.95349999967","4786.446099999921","37634.46709999971","39139.11989999997","NA","290867.9856999997","294892.75899999985","290637.0498000001","NA","37629.76609999987","NA","NA","289874.9316999997","NA","NA","43978.2924000001","NA","46352.77809999979","NA","50184.41779999966","NA","53792.695099999946","NA","NA","NA","62064.70730000001","NA","NA","NA","297542.9495999997","NA","6653.434299999844","290850.2174","289863.0244000001","289874.77039999975","294911.8048999999","294868.3977000001","64876.983799999834","290849.82099999976","4799.521800000093","3000","SceneViewing","27","33683.12760000126","27","2560"
"100","100","8_r.wav","1240","1240","#dadada","256","psycho","psycho","psycho","restrictive","1","undefined","undefined","1","NA","undefined","NA","undefined","NA","undefined","NA","undefined","NA","NA","undefined","NA","NA","NA","undefined","0","28","28","0","0","0","0","NA","28","28","28","NA","0","NA","NA","28","0","NA","0","NA","0","NA","0","NA","0","NA","NA","NA","0","NA","NA","NA","28","NA","0","28","28","28","28","28","0","28","0","participant_group5.csv","5","NA","NA","NA","Tue Jul 28 10:44:32 2026","NA","The main experiment item","False","VWP_finalSetup_22_7.osexp","C:\Users\plcm\Desktop\2026-EyeTracking\group-eyeconic\OS2\final_recordings_upl","False","mono","False","20","no","#0c0c0c","no","yes","1440","8","9_pos3_nosub.png","9_pos3_sub.png","psycho","28","28","C:/Users/plcm/Desktop/2026-EyeTracking/group-eyeconic/OS2/final_recordings_upl/group 1-6/subject-4.csv","psycho","Neonatal Nightingale","4.1.14","telephone","television","piano","table","0","0","space","space","space","NA","space","NA","NA","space","NA","space","NA","space","NA","space","NA","NA","NA","space","NA","NA","NA","1051.1932999998098","1497.9098000003432","4833.337399999895","NA","1051.1932999998098","NA","NA","2370.0721999998714","NA","3827.5742000000755","NA","3603.958200000314","NA","8267.680599999949","NA","NA","NA","2811.6516000000047","NA","NA","NA","1852.8316999995695","c","29","2","psycho","The woman will play the piano","1024","2","24000","-16","experiment","4","even","3","37629.68819999969","305733.2606","302900.70509999985","64876.95349999967","4786.446099999921","37634.46709999971","39139.11989999997","NA","298876.8089999999","302900.6251999999","298613.18780000013","NA","37629.76609999987","NA","NA","297561.18130000005","NA","NA","43978.2924000001","NA","46352.77809999979","NA","50184.41779999966","NA","53792.695099999946","NA","NA","NA","62064.70730000001","NA","NA","NA","305753.0139","NA","6653.434299999844","298857.65459999995","297550.20680000004","297561.0203000001","302919.86039999983","302877.42419999995","64876.983799999834","298857.0924999999","4799.521800000093","3000","SceneViewing","28","34734.32090000107","28","2560"
"100","100","24_r.wav","1232","1232","#dadada","256","psycho","psycho","psycho","restrictive","1","undefined","undefined","1","NA","undefined","NA","undefined","NA","undefined","NA","undefined","NA","NA","undefined","NA","NA","NA","undefined","0","29","29","0","0","0","0","NA","29","29","29","NA","0","NA","NA","29","0","NA","0","NA","0","NA","0","NA","0","NA","NA","NA","0","NA","NA","NA","29","NA","0","29","29","29","29","29","0","29","0","participant_group5.csv","5","NA","NA","NA","Tue Jul 28 10:44:32 2026","NA","The main experiment item","False","VWP_finalSetup_22_7.osexp","C:\Users\plcm\Desktop\2026-EyeTracking\group-eyeconic\OS2\final_recordings_upl","False","mono","False","20","no","#0c0c0c","no","yes","1440","24","25_pos3_nosub.png","25_pos3_sub.png","psycho","29","29","C:/Users/plcm/Desktop/2026-EyeTracking/group-eyeconic/OS2/final_recordings_upl/group 1-6/subject-4.csv","psycho","Neonatal Nightingale","4.1.14","potato","glass","rabbit","plate","0","0","space","space","space","NA","space","NA","NA","space","NA","space","NA","space","NA","space","NA","NA","NA","space","NA","NA","NA","1010.1698000003234","1497.9098000003432","4833.337399999895","NA","1010.1698000003234","NA","NA","2370.0721999998714","NA","3827.5742000000755","NA","3603.958200000314","NA","8267.680599999949","NA","NA","NA","2811.6516000000047","NA","NA","NA","1852.8316999995695","c","30","2","psycho","The girl will groom the rabbit","1024","2","24000","-16","experiment","4","even","3","37629.68819999969","313783.72039999976","311045.6466999999","64876.95349999967","4786.446099999921","37634.46709999971","39139.11989999997","NA","307019.61089999985","311045.57669999986","306797.16899999994","NA","37629.76609999987","NA","NA","305786.24319999974","NA","NA","43978.2924000001","NA","46352.77809999979","NA","50184.41779999966","NA","53792.695099999946","NA","NA","NA","62064.70730000001","NA","NA","NA","313803.09420000005","NA","6653.434299999844","307003.0618999999","305776.67380000005","305786.14190000005","311065.15929999977","311019.93689999974","64876.983799999834","307002.1523","4799.521800000093","3000","SceneViewing","29","35744.49070000139","29","2560"
"100","100","31_n.wav","1210","1210","#dadada","256","psycho","psycho","psycho","non-restrictive","1","undefined","undefined","1","NA","undefined","NA","undefined","NA","undefined","NA","undefined","NA","NA","undefined","NA","NA","NA","undefined","0","30","30","0","0","0","0","NA","30","30","30","NA","0","NA","NA","30","0","NA","0","NA","0","NA","0","NA","0","NA","NA","NA","0","NA","NA","NA","30","NA","0","30","30","30","30","30","0","30","0","participant_group5.csv","5","NA","NA","NA","Tue Jul 28 10:44:32 2026","NA","The main experiment item","False","VWP_finalSetup_22_7.osexp","C:\Users\plcm\Desktop\2026-EyeTracking\group-eyeconic\OS2\final_recordings_upl","False","mono","False","20","no","#0c0c0c","no","yes","1440","31","32_pos2_nosub.png","32_pos2_sub.png","psycho","30","30","C:/Users/plcm/Desktop/2026-EyeTracking/group-eyeconic/OS2/final_recordings_upl/group 1-6/subject-4.csv","psycho","Neonatal Nightingale","4.1.14","seed","bottle","lemon","sponge","0","0","space","space","space","NA","space","NA","NA","space","NA","space","NA","space","NA","space","NA","NA","NA","space","NA","NA","NA","577.8505000002915","1497.9098000003432","4833.337399999895","NA","577.8505000002915","NA","NA","2370.0721999998714","NA","3827.5742000000755","NA","3603.958200000314","NA","8267.680599999949","NA","NA","NA","2811.6516000000047","NA","NA","NA","1852.8316999995695","c","31","2","psycho","The woman will examine the bottle","1024","2","24000","-16","experiment","4","even","2","37629.68819999969","321693.2579999998","318690.49069999985","64876.95349999967","4786.446099999921","37634.46709999971","39139.11989999997","NA","314665.8604999998","318690.43029999966","314413.33940000006","NA","37629.76609999987","NA","NA","313834.54989999975","NA","NA","43978.2924000001","NA","46352.77809999979","NA","50184.41779999966","NA","53792.695099999946","NA","NA","NA","62064.70730000001","NA","NA","NA","321712.66459999967","NA","6653.434299999844","314646.71180000005","313823.6297999997","313834.3792000001","318709.5694","318666.4203999999","64876.983799999834","314645.7496999997","4799.521800000093","3000","SceneViewing","30","36322.34120000168","30","2560"
"100","100","3_n.wav","1201","1201","#dadada","256","psycho","psycho","psycho","non-restrictive","1","undefined","undefined","1","NA","undefined","NA","undefined","NA","undefined","NA","undefined","NA","NA","undefined","NA","NA","NA","undefined","0","31","31","0","0","0","0","NA","31","31","31","NA","0","NA","NA","31","0","NA","0","NA","0","NA","0","NA","0","NA","NA","NA","0","NA","NA","NA","31","NA","0","31","31","31","31","31","0","31","0","participant_group5.csv","5","NA","NA","NA","Tue Jul 28 10:44:32 2026","NA","The main experiment item","False","VWP_finalSetup_22_7.osexp","C:\Users\plcm\Desktop\2026-EyeTracking\group-eyeconic\OS2\final_recordings_upl","False","mono","False","20","no","#0c0c0c","no","yes","1440","3","4_pos2_nosub.png","4_pos2_sub.png","psycho","31","31","C:/Users/plcm/Desktop/2026-EyeTracking/group-eyeconic/OS2/final_recordings_upl/group 1-6/subject-4.csv","psycho","Neonatal Nightingale","4.1.14","rocking-horse","baby","plant","stool","0","0","space","space","space","NA","space","NA","NA","space","NA","space","NA","space","NA","space","NA","NA","NA","space","NA","NA","NA","932.4535999998916","1497.9098000003432","4833.337399999895","NA","932.4535999998916","NA","NA","2370.0721999998714","NA","3827.5742000000755","NA","3603.958200000314","NA","8267.680599999949","NA","NA","NA","2811.6516000000047","NA","NA","NA","1852.8316999995695","c","32","2","psycho","The woman will touch the baby","1024","2","24000","-16","experiment","4","even","2","37629.68819999969","329653.21969999967","326916.1251999999","64876.95349999967","4786.446099999921","37634.46709999971","39139.11989999997","NA","322892.4016000001","326916.0674","322677.3174","NA","37629.76609999987","NA","NA","321743.9245999999","NA","NA","43978.2924000001","NA","46352.77809999979","NA","50184.41779999966","NA","53792.695099999946","NA","NA","NA","62064.70730000001","NA","NA","NA","329672.2993999997","NA","6653.434299999844","322875.6933999998","321732.2922999997","321743.8159999997","326935.3077999999","326892.5454999999","64876.983799999834","322875.3403999999","4799.521800000093","3000","SceneViewing","31","37254.794800001575","31","2560"
"100","100","29_n.wav","1190","1190","#dadada","256","psycho","psycho","psycho","non-restrictive","1","undefined","undefined","1","NA","undefined","NA","undefined","NA","undefined","NA","undefined","NA","NA","undefined","NA","NA","NA","undefined","0","32","32","0","0","0","0","NA","32","32","32","NA","0","NA","NA","32","0","NA","0","NA","0","NA","0","NA","0","NA","NA","NA","0","NA","NA","NA","32","NA","0","32","32","32","32","32","0","32","0","participant_group5.csv","5","NA","NA","NA","Tue Jul 28 10:44:32 2026","NA","The main experiment item","False","VWP_finalSetup_22_7.osexp","C:\Users\plcm\Desktop\2026-EyeTracking\group-eyeconic\OS2\final_recordings_upl","False","mono","False","20","no","#0c0c0c","no","yes","1440","29","30_pos4_nosub.png","30_pos4_sub.png","psycho","32","32","C:/Users/plcm/Desktop/2026-EyeTracking/group-eyeconic/OS2/final_recordings_upl/group 1-6/subject-4.csv","psycho","Neonatal Nightingale","4.1.14","comb","eraser","tissue","newspaper","0","0","space","space","space","NA","space","NA","NA","space","NA","space","NA","space","NA","space","NA","NA","NA","space","NA","NA","NA","835.7716999999247","1497.9098000003432","4833.337399999895","NA","835.7716999999247","NA","NA","2370.0721999998714","NA","3827.5742000000755","NA","3603.958200000314","NA","8267.680599999949","NA","NA","NA","2811.6516000000047","NA","NA","NA","1852.8316999995695","c","33","2","psycho","The grandmother will eadturn the newspaper","1024","2","24000","-16","experiment","4","even","4","37629.68819999969","337523.2108999999","334790.2777999998","64876.95349999967","4786.446099999921","37634.46709999971","39139.11989999997","NA","330766.4983999998","334790.20809999976","330540.94739999983","NA","37629.76609999987","NA","NA","329704.5788","NA","NA","43978.2924000001","NA","46352.77809999979","NA","50184.41779999966","NA","53792.695099999946","NA","NA","NA","62064.70730000001","NA","NA","NA","337542.54029999994","NA","6653.434299999844","330749.26819999976","329693.16219999973","329704.4550000001","334809.36199999996","334766.8914000001","64876.983799999834","330748.17699999997","4799.521800000093","3000","SceneViewing","32","38090.5665000015","32","2560"
"100","100","1_n.wav","1188","1188","#dadada","256","psycho","psycho","psycho","non-restrictive","1","undefined","undefined","1","NA","undefined","NA","undefined","NA","undefined","NA","undefined","NA","NA","undefined","NA","NA","NA","undefined","0","33","33","0","0","0","0","NA","33","33","33","NA","0","NA","NA","33","0","NA","0","NA","0","NA","0","NA","0","NA","NA","NA","0","NA","NA","NA","33","NA","0","33","33","33","33","33","0","33","0","participant_group5.csv","5","NA","NA","NA","Tue Jul 28 10:44:32 2026","NA","The main experiment item","False","VWP_finalSetup_22_7.osexp","C:\Users\plcm\Desktop\2026-EyeTracking\group-eyeconic\OS2\final_recordings_upl","False","mono","False","20","no","#0c0c0c","no","yes","1440","1","2_pos4_nosub.png","2_pos4_sub.png","psycho","33","33","C:/Users/plcm/Desktop/2026-EyeTracking/group-eyeconic/OS2/final_recordings_upl/group 1-6/subject-4.csv","psycho","Neonatal Nightingale","4.1.14","cheese","chair","lipstick","wine","0","0","space","space","space","NA","space","NA","NA","space","NA","space","NA","space","NA","space","NA","NA","NA","space","NA","NA","NA","1114.461399999971","1497.9098000003432","4833.337399999895","NA","1114.461399999971","NA","NA","2370.0721999998714","NA","3827.5742000000755","NA","3603.958200000314","NA","8267.680599999949","NA","NA","NA","2811.6516000000047","NA","NA","NA","1852.8316999995695","c","34","2","psycho","The woman will try the wine","1024","2","24000","-16","experiment","4","even","4","37629.68819999969","345523.4704999998","342918.3039999998","64876.95349999967","4786.446099999921","37634.46709999971","39139.11989999997","NA","338893.3312999998","342918.2228999998","338677.3656","NA","37629.76609999987","NA","NA","337561.9287999998","NA","NA","43978.2924000001","NA","46352.77809999979","NA","50184.41779999966","NA","53792.695099999946","NA","NA","NA","62064.70730000001","NA","NA","NA","345542.5584","NA","6653.434299999844","338877.99199999974","337550.1612999997","337561.7744000001","342937.5428999997","342893.62549999985","64876.983799999834","338877.32430000004","4799.521800000093","3000","SceneViewing","33","39205.02790000147","33","2560"
"100","100","38_r.wav","1264","1264","#dadada","256","psycho","psycho","psycho","restrictive","1","undefined","undefined","1","NA","undefined","NA","undefined","NA","undefined","NA","undefined","NA","NA","undefined","NA","NA","NA","undefined","0","34","34","0","0","0","0","NA","34","34","34","NA","0","NA","NA","34","0","NA","0","NA","0","NA","0","NA","0","NA","NA","NA","0","NA","NA","NA","34","NA","0","34","34","34","34","34","0","34","0","participant_group5.csv","5","NA","NA","NA","Tue Jul 28 10:44:32 2026","NA","The main experiment item","False","VWP_finalSetup_22_7.osexp","C:\Users\plcm\Desktop\2026-EyeTracking\group-eyeconic\OS2\final_recordings_upl","False","mono","False","20","no","#0c0c0c","no","yes","1440","38","39_pos1_nosub.png","39_pos1_sub.png","psycho","34","34","C:/Users/plcm/Desktop/2026-EyeTracking/group-eyeconic/OS2/final_recordings_upl/group 1-6/subject-4.csv","psycho","Neonatal Nightingale","4.1.14","apron","mop","broom","cloth","0","0","space","space","space","NA","space","NA","NA","space","NA","space","NA","space","NA","space","NA","NA","NA","space","NA","NA","NA","3804.171599999827","1497.9098000003432","4833.337399999895","NA","3804.171599999827","NA","NA","2370.0721999998714","NA","3827.5742000000755","NA","3603.958200000314","NA","8267.680599999949","NA","NA","NA","2811.6516000000047","NA","NA","NA","1852.8316999995695","c","35","2","psycho","The woman will tie the apron","1024","2","24000","-16","experiment","4","even","1","37629.68819999969","356363.23270000005","353667.8463999997","64876.95349999967","4786.446099999921","37634.46709999971","39139.11989999997","NA","349643.8602999997","353667.7853000001","349381.2052999997","NA","37629.76609999987","NA","NA","345576.2024999999","NA","NA","43978.2924000001","NA","46352.77809999979","NA","50184.41779999966","NA","53792.695099999946","NA","NA","NA","62064.70730000001","NA","NA","NA","356382.52109999984","NA","6653.434299999844","349625.6897999997","345564.4217999998","345576.02159999986","353688.0778999998","353644.09589999967","64876.983799999834","349624.7269999999","4799.521800000093","3000","SceneViewing","34","43009.1995000013","34","2560"
"100","100","17_n.wav","1369","1369","#dadada","256","psycho","psycho","psycho","non-restrictive","1","undefined","undefined","1","NA","undefined","NA","undefined","NA","undefined","NA","undefined","NA","NA","undefined","NA","NA","NA","undefined","0","35","35","0","0","0","0","NA","35","35","35","NA","0","NA","NA","35","0","NA","0","NA","0","NA","0","NA","0","NA","NA","NA","0","NA","NA","NA","35","NA","0","35","35","35","35","35","0","35","0","participant_group5.csv","5","NA","NA","NA","Tue Jul 28 10:44:32 2026","NA","The main experiment item","False","VWP_finalSetup_22_7.osexp","C:\Users\plcm\Desktop\2026-EyeTracking\group-eyeconic\OS2\final_recordings_upl","False","mono","False","20","no","#0c0c0c","no","yes","1440","17","18_pos4_nosub.png","18_pos4_sub.png","psycho","35","35","C:/Users/plcm/Desktop/2026-EyeTracking/group-eyeconic/OS2/final_recordings_upl/group 1-6/subject-4.csv","psycho","Neonatal Nightingale","4.1.14","bucket","stone","rope","wood","0","0","space","space","space","NA","space","NA","NA","space","NA","space","NA","space","NA","space","NA","NA","NA","space","NA","NA","NA","4915.4011000000755","1497.9098000003432","4833.337399999895","NA","4915.4011000000755","NA","NA","2370.0721999998714","NA","3827.5742000000755","NA","3603.958200000314","NA","8267.680599999949","NA","NA","NA","2811.6516000000047","NA","NA","NA","1852.8316999995695","c","36","2","psycho","The man will  move the wood","1024","2","24000","-16","experiment","4","even","4","37629.68819999969","368033.22039999964","365587.29240000003","64876.95349999967","4786.446099999921","37634.46709999971","39139.11989999997","NA","361562.46280000004","365587.2264999998","361333.2832000001","NA","37629.76609999987","NA","NA","356417.0208999999","NA","NA","43978.2924000001","NA","46352.77809999979","NA","50184.41779999966","NA","53792.695099999946","NA","NA","NA","62064.70730000001","NA","NA","NA","368052.42829999997","NA","6653.434299999844","361543.90119999973","356406.2365","356416.89199999976","365606.94590000005","365563.12729999993","64876.983799999834","361543.1973","4799.521800000093","3000","SceneViewing","35","47924.60060000137","35","2560"
"100","100","11_n.wav","1363","1363","#dadada","256","psycho","psycho","psycho","non-restrictive","1","undefined","undefined","1","NA","undefined","NA","undefined","NA","undefined","NA","undefined","NA","NA","undefined","NA","NA","NA","undefined","0","36","36","0","0","0","0","NA","36","36","36","NA","0","NA","NA","36","0","NA","0","NA","0","NA","0","NA","0","NA","NA","NA","0","NA","NA","NA","36","NA","0","36","36","36","36","36","0","36","0","participant_group5.csv","5","NA","NA","NA","Tue Jul 28 10:44:32 2026","NA","The main experiment item","False","VWP_finalSetup_22_7.osexp","C:\Users\plcm\Desktop\2026-EyeTracking\group-eyeconic\OS2\final_recordings_upl","False","mono","False","20","no","#0c0c0c","no","yes","1440","11","12_pos2_nosub.png","12_pos2_sub.png","psycho","36","36","C:/Users/plcm/Desktop/2026-EyeTracking/group-eyeconic/OS2/final_recordings_upl/group 1-6/subject-4.csv","psycho","Neonatal Nightingale","4.1.14","bricks","bell","drum","duck","0","0","space","space","space","NA","space","NA","NA","space","NA","space","NA","space","NA","space","NA","NA","NA","space","NA","NA","NA","1152.3102000001236","1497.9098000003432","4833.337399999895","NA","1152.3102000001236","NA","NA","2370.0721999998714","NA","3827.5742000000755","NA","3603.958200000314","NA","8267.680599999949","NA","NA","NA","2811.6516000000047","NA","NA","NA","1852.8316999995695","c","37","2","psycho","The baby will kick the bell","1024","2","24000","-16","experiment","4","even","2","37629.68819999969","375943.36669999984","373488.6157999999","64876.95349999967","4786.446099999921","37634.46709999971","39139.11989999997","NA","369463.2511999998","373488.5282999999","369237.3189","NA","37629.76609999987","NA","NA","368084.1075999997","NA","NA","43978.2924000001","NA","46352.77809999979","NA","50184.41779999966","NA","53792.695099999946","NA","NA","NA","62064.70730000001","NA","NA","NA","375962.62509999995","NA","6653.434299999844","369447.80020000006","368072.6110999999","368083.9443","373508.1513","373463.63819999987","64876.983799999834","369447.16349999997","4799.521800000093","3000","SceneViewing","36","49076.9108000015","36","2560"
"100","100","16_r.wav","1346","1346","#dadada","256","psycho","psycho","psycho","restrictive","1","undefined","undefined","1","NA","undefined","NA","undefined","NA","undefined","NA","undefined","NA","NA","undefined","NA","NA","NA","undefined","0","37","37","0","0","0","0","NA","37","37","37","NA","0","NA","NA","37","0","NA","0","NA","0","NA","0","NA","0","NA","NA","NA","0","NA","NA","NA","37","NA","0","37","37","37","37","37","0","37","0","participant_group5.csv","5","NA","NA","NA","Tue Jul 28 10:44:32 2026","NA","The main experiment item","False","VWP_finalSetup_22_7.osexp","C:\Users\plcm\Desktop\2026-EyeTracking\group-eyeconic\OS2\final_recordings_upl","False","mono","False","20","no","#0c0c0c","no","yes","1440","16","17_pos3_nosub.png","17_pos3_sub.png","psycho","37","37","C:/Users/plcm/Desktop/2026-EyeTracking/group-eyeconic/OS2/final_recordings_upl/group 1-6/subject-4.csv","psycho","Neonatal Nightingale","4.1.14","backpack","ribbon","dress","lantern","0","0","space","space","space","NA","space","NA","NA","space","NA","space","NA","space","NA","space","NA","NA","NA","space","NA","NA","NA","727.9492000002065","1497.9098000003432","4833.337399999895","NA","727.9492000002065","NA","NA","2370.0721999998714","NA","3827.5742000000755","NA","3603.958200000314","NA","8267.680599999949","NA","NA","NA","2811.6516000000047","NA","NA","NA","1852.8316999995695","c","38","2","psycho","The woman will wear the dress","1024","2","24000","-16","experiment","4","even","3","37629.68819999969","383563.3238","380936.4065","64876.95349999967","4786.446099999921","37634.46709999971","39139.11989999997","NA","376912.2991999998","380936.3536000001","376709.41929999983","NA","37629.76609999987","NA","NA","375980.4568999998","NA","NA","43978.2924000001","NA","46352.77809999979","NA","50184.41779999966","NA","53792.695099999946","NA","NA","NA","62064.70730000001","NA","NA","NA","383582.41009999986","NA","6653.434299999844","376896.6796999998","375970.3909999998","375980.2845999998","380956.0449999999","380912.6090999998","64876.983799999834","376896.18949999975","4799.521800000093","3000","SceneViewing","37","49804.8600000017","37","2560"
"100","100","45_n.wav","1341","1341","#dadada","256","psycho","psycho","psycho","non-restrictive","1","undefined","undefined","1","NA","undefined","NA","undefined","NA","undefined","NA","undefined","NA","NA","undefined","NA","NA","NA","undefined","0","38","38","0","0","0","0","NA","38","38","38","NA","0","NA","NA","38","0","NA","0","NA","0","NA","0","NA","0","NA","NA","NA","0","NA","NA","NA","38","NA","0","38","38","38","38","38","0","38","0","participant_group5.csv","5","NA","NA","NA","Tue Jul 28 10:44:32 2026","NA","The main experiment item","False","VWP_finalSetup_22_7.osexp","C:\Users\plcm\Desktop\2026-EyeTracking\group-eyeconic\OS2\final_recordings_upl","False","mono","False","20","no","#0c0c0c","no","yes","1440","45","46_pos4_nosub.png","46_pos4_sub.png","psycho","38","38","C:/Users/plcm/Desktop/2026-EyeTracking/group-eyeconic/OS2/final_recordings_upl/group 1-6/subject-4.csv","psycho","Neonatal Nightingale","4.1.14","laddle","peeler","pot","carrot","0","0","space","space","space","NA","space","NA","NA","space","NA","space","NA","space","NA","space","NA","NA","NA","space","NA","NA","NA","1175.785499999649","1497.9098000003432","4833.337399999895","NA","1175.785499999649","NA","NA","2370.0721999998714","NA","3827.5742000000755","NA","3603.958200000314","NA","8267.680599999949","NA","NA","NA","2811.6516000000047","NA","NA","NA","1852.8316999995695","c","39","2","psycho","The chef will carry the carrot","1024","2","24000","-16","experiment","4","even","4","37629.68819999969","391643.2768999998","389025.19889999984","64876.95349999967","4786.446099999921","37634.46709999971","39139.11989999997","NA","385001.04069999995","389025.1364999999","384789.25789999997","NA","37629.76609999987","NA","NA","383612.54370000004","NA","NA","43978.2924000001","NA","46352.77809999979","NA","50184.41779999966","NA","53792.695099999946","NA","NA","NA","62064.70730000001","NA","NA","NA","391662.7923000001","NA","6653.434299999844","384983.6289","383602.3089","383612.41819999984","389044.2124000001","389001.53969999973","64876.983799999834","384983.2464000001","4799.521800000093","3000","SceneViewing","38","50980.64550000135","38","2560"
"100","100","14_r.wav","1327","1327","#dadada","256","psycho","psycho","psycho","restrictive","1","undefined","undefined","1","NA","undefined","NA","undefined","NA","undefined","NA","undefined","NA","NA","undefined","NA","NA","NA","undefined","0","39","39","0","0","0","0","NA","39","39","39","NA","0","NA","NA","39","0","NA","0","NA","0","NA","0","NA","0","NA","NA","NA","0","NA","NA","NA","39","NA","0","39","39","39","39","39","0","39","0","participant_group5.csv","5","NA","NA","NA","Tue Jul 28 10:44:32 2026","NA","The main experiment item","False","VWP_finalSetup_22_7.osexp","C:\Users\plcm\Desktop\2026-EyeTracking\group-eyeconic\OS2\final_recordings_upl","False","mono","False","20","no","#0c0c0c","no","yes","1440","14","15_pos1_nosub.png","15_pos1_sub.png","psycho","39","39","C:/Users/plcm/Desktop/2026-EyeTracking/group-eyeconic/OS2/final_recordings_upl/group 1-6/subject-4.csv","psycho","Neonatal Nightingale","4.1.14","dog","bird","ball","hen","0","0","space","space","space","NA","space","NA","NA","space","NA","space","NA","space","NA","space","NA","NA","NA","space","NA","NA","NA","790.5550999998813","1497.9098000003432","4833.337399999895","NA","790.5550999998813","NA","NA","2370.0721999998714","NA","3827.5742000000755","NA","3603.958200000314","NA","8267.680599999949","NA","NA","NA","2811.6516000000047","NA","NA","NA","1852.8316999995695","c","40","2","psycho","The boy will walk the dog","1024","2","24000","-16","experiment","4","even","1","37629.68819999969","399343.5540999999","396737.8180999999","64876.95349999967","4786.446099999921","37634.46709999971","39139.11989999997","NA","392713.1036000001","396737.7664000001","392485.1626","NA","37629.76609999987","NA","NA","391693.83900000004","NA","NA","43978.2924000001","NA","46352.77809999979","NA","50184.41779999966","NA","53792.695099999946","NA","NA","NA","62064.70730000001","NA","NA","NA","399363.1061999999","NA","6653.434299999844","392697.9882000001","391683.72599999973","391693.7167000001","396757.1438","396713.7628999999","64876.983799999834","392697.3960999999","4799.521800000093","3000","SceneViewing","39","51771.20060000123","39","2560"
"100","100","6_r.wav","1307","1307","#dadada","256","psycho","psycho","psycho","restrictive","1","undefined","undefined","1","NA","undefined","NA","undefined","NA","undefined","NA","undefined","NA","NA","undefined","NA","NA","NA","undefined","0","40","40","0","0","0","0","NA","40","40","40","NA","0","NA","NA","40","0","NA","0","NA","0","NA","0","NA","0","NA","NA","NA","0","NA","NA","NA","40","NA","0","40","40","40","40","40","0","40","0","participant_group5.csv","5","NA","NA","NA","Tue Jul 28 10:44:32 2026","NA","The main experiment item","False","VWP_finalSetup_22_7.osexp","C:\Users\plcm\Desktop\2026-EyeTracking\group-eyeconic\OS2\final_recordings_upl","False","mono","False","20","no","#0c0c0c","no","yes","1440","6","7_pos1_nosub.png","7_pos1_sub.png","psycho","40","40","C:/Users/plcm/Desktop/2026-EyeTracking/group-eyeconic/OS2/final_recordings_upl/group 1-6/subject-4.csv","psycho","Neonatal Nightingale","4.1.14","mushrooms","knife","weighing-scales","jug","0","0","space","space","space","NA","space","NA","NA","space","NA","space","NA","space","NA","space","NA","NA","NA","space","NA","NA","NA","544.4897999996319","1497.9098000003432","4833.337399999895","NA","544.4897999996319","NA","NA","2370.0721999998714","NA","3827.5742000000755","NA","3603.958200000314","NA","8267.680599999949","NA","NA","NA","2811.6516000000047","NA","NA","NA","1852.8316999995695","c","41","2","psycho","The housewife will fry the mushrooms","1024","2","24000","-16","experiment","4","even","1","37629.68819999969","407603.2052","404233.3292999997","64876.95349999967","4786.446099999921","37634.46709999971","39139.11989999997","NA","400210.0089000001","404233.27569999994","399949.22779999976","NA","37629.76609999987","NA","NA","399403.91610000003","NA","NA","43978.2924000001","NA","46352.77809999979","NA","50184.41779999966","NA","53792.695099999946","NA","NA","NA","62064.70730000001","NA","NA","NA","407622.5383000001","NA","6653.434299999844","400193.31019999983","399392.9161000001","399403.74350000004","404253.0122999997","404210.56369999994","64876.983799999834","400192.7347999999","4799.521800000093","3000","SceneViewing","40","52315.690400000865","40","2560"
"100","100","30_r.wav","1284","1284","#dadada","256","psycho","psycho","psycho","restrictive","1","undefined","undefined","1","NA","undefined","NA","undefined","NA","undefined","NA","undefined","NA","NA","undefined","NA","NA","NA","undefined","0","41","41","0","0","0","0","NA","41","41","41","NA","0","NA","NA","41","0","NA","0","NA","0","NA","0","NA","0","NA","NA","NA","0","NA","NA","NA","41","NA","0","41","41","41","41","41","0","41","0","participant_group5.csv","5","NA","NA","NA","Tue Jul 28 10:44:32 2026","NA","The main experiment item","False","VWP_finalSetup_22_7.osexp","C:\Users\plcm\Desktop\2026-EyeTracking\group-eyeconic\OS2\final_recordings_upl","False","mono","False","20","no","#0c0c0c","no","yes","1440","30","31_pos1_nosub.png","31_pos1_sub.png","psycho","41","41","C:/Users/plcm/Desktop/2026-EyeTracking/group-eyeconic/OS2/final_recordings_upl/group 1-6/subject-4.csv","psycho","Neonatal Nightingale","4.1.14","dice","cap","watch","headphones","0","0","space","space","space","NA","space","NA","NA","space","NA","space","NA","space","NA","space","NA","NA","NA","space","NA","NA","NA","368.8843999998062","1497.9098000003432","4833.337399999895","NA","368.8843999998062","NA","NA","2370.0721999998714","NA","3827.5742000000755","NA","3603.958200000314","NA","8267.680599999949","NA","NA","NA","2811.6516000000047","NA","NA","NA","1852.8316999995695","c","42","2","psycho","The girl will roll the dice","1024","2","24000","-16","experiment","4","even","1","37629.68819999969","414873.34800000006","412266.77199999994","64876.95349999967","4786.446099999921","37634.46709999971","39139.11989999997","NA","408240.8348999998","412266.7111999999","408013.0657","NA","37629.76609999987","NA","NA","407643.4497999999","NA","NA","43978.2924000001","NA","46352.77809999979","NA","50184.41779999966","NA","53792.695099999946","NA","NA","NA","62064.70730000001","NA","NA","NA","414893.08380000014","NA","6653.434299999844","408221.77869999997","407633.11139999994","407643.25699999975","412285.82800000004","412241.2896000001","64876.983799999834","408221.5086000001","4799.521800000093","3000","SceneViewing","41","52684.57480000067","41","2560"
"100","100","49_n.wav","1274","1274","#dadada","256","psycho","psycho","psycho","non-restrictive","1","undefined","undefined","1","NA","undefined","NA","undefined","NA","undefined","NA","undefined","NA","NA","undefined","NA","NA","NA","undefined","0","42","42","0","0","0","0","NA","42","42","42","NA","0","NA","NA","42","0","NA","0","NA","0","NA","0","NA","0","NA","NA","NA","0","NA","NA","NA","42","NA","0","42","42","42","42","42","0","42","0","participant_group5.csv","5","NA","NA","NA","Tue Jul 28 10:44:32 2026","NA","The main experiment item","False","VWP_finalSetup_22_7.osexp","C:\Users\plcm\Desktop\2026-EyeTracking\group-eyeconic\OS2\final_recordings_upl","False","mono","False","20","no","#0c0c0c","no","yes","1440","49","50_pos4_nosub.png","50_pos4_sub.png","psycho","42","42","C:/Users/plcm/Desktop/2026-EyeTracking/group-eyeconic/OS2/final_recordings_upl/group 1-6/subject-4.csv","psycho","Neonatal Nightingale","4.1.14","envelope","rubberband","scissors","stamp","0","0","space","space","space","NA","space","NA","NA","space","NA","space","NA","space","NA","space","NA","NA","NA","space","NA","NA","NA","846.2533999999869","1497.9098000003432","4833.337399999895","NA","846.2533999999869","NA","NA","2370.0721999998714","NA","3827.5742000000755","NA","3603.958200000314","NA","8267.680599999949","NA","NA","NA","2811.6516000000047","NA","NA","NA","1852.8316999995695","c","43","2","psycho","The man will pick up the stamp","1024","2","24000","-16","experiment","4","even","4","37629.68819999969","422753.2732999998","420006.7036","64876.95349999967","4786.446099999921","37634.46709999971","39139.11989999997","NA","415982.0218","420006.65419999993","415773.2863000001","NA","37629.76609999987","NA","NA","414926.1056999999","NA","NA","43978.2924000001","NA","46352.77809999979","NA","50184.41779999966","NA","53792.695099999946","NA","NA","NA","62064.70730000001","NA","NA","NA","422772.82409999997","NA","6653.434299999844","415965.8753999997","414914.2876000001","414925.9680999999","420025.87719999976","419982.64749999996","64876.983799999834","415965.5131999998","4799.521800000093","3000","SceneViewing","42","53530.82820000066","42","2560"
"100","100","18_r.wav","1277","1277","#dadada","256","psycho","psycho","psycho","restrictive","1","undefined","undefined","1","NA","undefined","NA","undefined","NA","undefined","NA","undefined","NA","NA","undefined","NA","NA","NA","undefined","0","43","43","0","0","0","0","NA","43","43","43","NA","0","NA","NA","43","0","NA","0","NA","0","NA","0","NA","0","NA","NA","NA","0","NA","NA","NA","43","NA","0","43","43","43","43","43","0","43","0","participant_group5.csv","5","NA","NA","NA","Tue Jul 28 10:44:32 2026","NA","The main experiment item","False","VWP_finalSetup_22_7.osexp","C:\Users\plcm\Desktop\2026-EyeTracking\group-eyeconic\OS2\final_recordings_upl","False","mono","False","20","no","#0c0c0c","no","yes","1440","18","19_pos1_nosub.png","19_pos1_sub.png","psycho","43","43","C:/Users/plcm/Desktop/2026-EyeTracking/group-eyeconic/OS2/final_recordings_upl/group 1-6/subject-4.csv","psycho","Neonatal Nightingale","4.1.14","football","stick","feather","leaf","0","0","space","space","space","NA","space","NA","NA","space","NA","space","NA","space","NA","space","NA","NA","NA","space","NA","NA","NA","1389.4449999998324","1497.9098000003432","4833.337399999895","NA","1389.4449999998324","NA","NA","2370.0721999998714","NA","3827.5742000000755","NA","3603.958200000314","NA","8267.680599999949","NA","NA","NA","2811.6516000000047","NA","NA","NA","1852.8316999995695","c","44","2","psycho","The boy will kick the football","1024","2","24000","-16","experiment","4","even","1","37629.68819999969","431023.26619999984","428421.23559999984","64876.95349999967","4786.446099999921","37634.46709999971","39139.11989999997","NA","424396.8136999997","428421.1848","424181.1619","NA","37629.76609999987","NA","NA","422790.92519999994","NA","NA","43978.2924000001","NA","46352.77809999979","NA","50184.41779999966","NA","53792.695099999946","NA","NA","NA","62064.70730000001","NA","NA","NA","431042.7663999999","NA","6653.434299999844","424380.1057000001","422780.1630999998","422790.78690000006","428440.39299999987","428397.5234999998","64876.983799999834","424379.68640000006","4799.521800000093","3000","SceneViewing","43","54920.27320000049","43","2560"
"100","100","12_r.wav","1290","1290","#dadada","256","psycho","psycho","psycho","restrictive","1","undefined","undefined","1","NA","undefined","NA","undefined","NA","undefined","NA","undefined","NA","NA","undefined","NA","NA","NA","undefined","0","44","44","0","0","0","0","NA","44","44","44","NA","0","NA","NA","44","0","NA","0","NA","0","NA","0","NA","0","NA","NA","NA","0","NA","NA","NA","44","NA","0","44","44","44","44","44","0","44","0","participant_group5.csv","5","NA","NA","NA","Tue Jul 28 10:44:32 2026","NA","The main experiment item","False","VWP_finalSetup_22_7.osexp","C:\Users\plcm\Desktop\2026-EyeTracking\group-eyeconic\OS2\final_recordings_upl","False","mono","False","20","no","#0c0c0c","no","yes","1440","12","13_pos3_nosub.png","13_pos3_sub.png","psycho","44","44","C:/Users/plcm/Desktop/2026-EyeTracking/group-eyeconic/OS2/final_recordings_upl/group 1-6/subject-4.csv","psycho","Neonatal Nightingale","4.1.14","sun","car","boat","birds","0","0","space","space","space","NA","space","NA","NA","space","NA","space","NA","space","NA","space","NA","NA","NA","space","NA","NA","NA","1882.819800000114","1497.9098000003432","4833.337399999895","NA","1882.819800000114","NA","NA","2370.0721999998714","NA","3827.5742000000755","NA","3603.958200000314","NA","8267.680599999949","NA","NA","NA","2811.6516000000047","NA","NA","NA","1852.8316999995695","c","45","2","psycho","The man will sail the boat","1024","2","24000","-16","experiment","4","even","3","37629.68819999969","439663.4783999998","437192.7003000001","64876.95349999967","4786.446099999921","37634.46709999971","39139.11989999997","NA","433167.49600000004","437192.6407000001","432957.3322000001","NA","37629.76609999987","NA","NA","431073.7188999997","NA","NA","43978.2924000001","NA","46352.77809999979","NA","50184.41779999966","NA","53792.695099999946","NA","NA","NA","62064.70730000001","NA","NA","NA","439683.0292","NA","6653.434299999844","433147.6812000001","431062.47489999986","431073.60190000007","437212.23519999965","437168.1841999998","64876.983799999834","433147.26139999996","4799.521800000093","3000","SceneViewing","44","56803.093000000605","44","2560"
"100","100","42_r.wav","1291","1291","#dadada","256","psycho","psycho","psycho","restrictive","1","undefined","undefined","1","NA","undefined","NA","undefined","NA","undefined","NA","undefined","NA","NA","undefined","NA","NA","NA","undefined","0","45","45","0","0","0","0","NA","45","45","45","NA","0","NA","NA","45","0","NA","0","NA","0","NA","0","NA","0","NA","NA","NA","0","NA","NA","NA","45","NA","0","45","45","45","45","45","0","45","0","participant_group5.csv","5","NA","NA","NA","Tue Jul 28 10:44:32 2026","NA","The main experiment item","False","VWP_finalSetup_22_7.osexp","C:\Users\plcm\Desktop\2026-EyeTracking\group-eyeconic\OS2\final_recordings_upl","False","mono","False","20","no","#0c0c0c","no","yes","1440","42","43_pos1_nosub.png","43_pos1_sub.png","psycho","45","45","C:/Users/plcm/Desktop/2026-EyeTracking/group-eyeconic/OS2/final_recordings_upl/group 1-6/subject-4.csv","psycho","Neonatal Nightingale","4.1.14","shirt","apple","chalk","ruler","0","0","space","space","space","NA","space","NA","NA","space","NA","space","NA","space","NA","space","NA","NA","NA","space","NA","NA","NA","1310.8754999998491","1497.9098000003432","4833.337399999895","NA","1310.8754999998491","NA","NA","2370.0721999998714","NA","3827.5742000000755","NA","3603.958200000314","NA","8267.680599999949","NA","NA","NA","2811.6516000000047","NA","NA","NA","1852.8316999995695","c","46","2","psycho","The woman will sew the shirt","1024","2","24000","-16","experiment","4","even","1","37629.68819999969","447773.33199999976","445253.86630000005","64876.95349999967","4786.446099999921","37634.46709999971","39139.11989999997","NA","441229.49949999974","445253.81019999983","441013.25009999983","NA","37629.76609999987","NA","NA","439701.5584999999","NA","NA","43978.2924000001","NA","46352.77809999979","NA","50184.41779999966","NA","53792.695099999946","NA","NA","NA","62064.70730000001","NA","NA","NA","447792.5743999999","NA","6653.434299999844","441213.05559999973","439691.2259999999","439701.2697","445273.0722000001","445229.69049999985","64876.983799999834","441212.4159","4799.521800000093","3000","SceneViewing","45","58113.968500000454","45","2560"
"100","100","2_r.wav","1279","1279","#dadada","256","psycho","psycho","psycho","restrictive","1","undefined","undefined","1","NA","undefined","NA","undefined","NA","undefined","NA","undefined","NA","NA","undefined","NA","NA","NA","undefined","0","46","46","0","0","0","0","NA","46","46","46","NA","0","NA","NA","46","0","NA","0","NA","0","NA","0","NA","0","NA","NA","NA","0","NA","NA","NA","46","NA","0","46","46","46","46","46","0","46","0","participant_group5.csv","5","NA","NA","NA","Tue Jul 28 10:44:32 2026","NA","The main experiment item","False","VWP_finalSetup_22_7.osexp","C:\Users\plcm\Desktop\2026-EyeTracking\group-eyeconic\OS2\final_recordings_upl","False","mono","False","20","no","#0c0c0c","no","yes","1440","2","3_pos1_nosub.png","3_pos1_sub.png","psycho","46","46","C:/Users/plcm/Desktop/2026-EyeTracking/group-eyeconic/OS2/final_recordings_upl/group 1-6/subject-4.csv","psycho","Neonatal Nightingale","4.1.14","man","car","houses","dustbin","0","0","space","space","space","NA","space","NA","NA","space","NA","space","NA","space","NA","space","NA","NA","NA","space","NA","NA","NA","726.01660000009","1497.9098000003432","4833.337399999895","NA","726.01660000009","NA","NA","2370.0721999998714","NA","3827.5742000000755","NA","3603.958200000314","NA","8267.680599999949","NA","NA","NA","2811.6516000000047","NA","NA","NA","1852.8316999995695","c","47","2","psycho","The policeman will arrest the man","1024","2","24000","-16","experiment","4","even","1","37629.68819999969","455903.2990999999","452825.56109999993","64876.95349999967","4786.446099999921","37634.46709999971","39139.11989999997","NA","448801.3164999998","452825.49329999986","448549.16319999984","NA","37629.76609999987","NA","NA","447822.3975999999","NA","NA","43978.2924000001","NA","46352.77809999979","NA","50184.41779999966","NA","53792.695099999946","NA","NA","NA","62064.70730000001","NA","NA","NA","455922.7978999998","NA","6653.434299999844","448785.23909999966","447812.2427999997","447822.28570000007","452844.4052999998","452801.74309999985","64876.983799999834","448784.7222","4799.521800000093","3000","SceneViewing","46","58839.985100000544","46","2560"
"100","100","41_n.wav","1265","1265","#dadada","256","psycho","psycho","psycho","non-restrictive","1","undefined","undefined","1","NA","undefined","NA","undefined","NA","undefined","NA","undefined","NA","NA","undefined","NA","NA","NA","undefined","0","47","47","0","0","0","0","NA","47","47","47","NA","0","NA","NA","47","0","NA","0","NA","0","NA","0","NA","0","NA","NA","NA","0","NA","NA","NA","47","NA","0","47","47","47","47","47","0","47","0","participant_group5.csv","5","NA","NA","NA","Tue Jul 28 10:44:32 2026","NA","The main experiment item","False","VWP_finalSetup_22_7.osexp","C:\Users\plcm\Desktop\2026-EyeTracking\group-eyeconic\OS2\final_recordings_upl","False","mono","False","20","no","#0c0c0c","no","yes","1440","41","42_pos4_nosub.png","42_pos4_sub.png","psycho","47","47","C:/Users/plcm/Desktop/2026-EyeTracking/group-eyeconic/OS2/final_recordings_upl/group 1-6/subject-4.csv","psycho","Neonatal Nightingale","4.1.14","stone","cone","shell","orange","0","0","space","space","space","NA","space","NA","NA","space","NA","space","NA","space","NA","space","NA","NA","NA","space","NA","NA","NA","661.9280000000144","1497.9098000003432","4833.337399999895","NA","661.9280000000144","NA","NA","2370.0721999998714","NA","3827.5742000000755","NA","3603.958200000314","NA","8267.680599999949","NA","NA","NA","2811.6516000000047","NA","NA","NA","1852.8316999995695","c","48","2","psycho","The boy will move the orange","1024","2","24000","-16","experiment","4","even","4","37629.68819999969","463493.31249999977","460876.25320000004","64876.95349999967","4786.446099999921","37634.46709999971","39139.11989999997","NA","456850.2346","460876.18309999973","456621.40520000004","NA","37629.76609999987","NA","NA","455958.4206999998","NA","NA","43978.2924000001","NA","46352.77809999979","NA","50184.41779999966","NA","53792.695099999946","NA","NA","NA","62064.70730000001","NA","NA","NA","463513.04759999993","NA","6653.434299999844","456833.4551999997","455948.6879000001","455958.26409999974","460895.81279999996","460850.99649999983","64876.983799999834","456832.90609999996","4799.521800000093","3000","SceneViewing","47","59501.91310000056","47","2560"
"100","100","47_n.wav","1254","1254","#dadada","256","psycho","psycho","psycho","non-restrictive","1","undefined","undefined","1","NA","undefined","NA","undefined","NA","undefined","NA","undefined","NA","NA","undefined","NA","NA","NA","undefined","0","48","48","0","0","0","0","NA","48","48","48","NA","0","NA","NA","48","0","NA","0","NA","0","NA","0","NA","0","NA","NA","NA","0","NA","NA","NA","48","NA","0","48","48","48","48","48","0","48","0","participant_group5.csv","5","NA","NA","NA","Tue Jul 28 10:44:32 2026","NA","The main experiment item","False","VWP_finalSetup_22_7.osexp","C:\Users\plcm\Desktop\2026-EyeTracking\group-eyeconic\OS2\final_recordings_upl","False","mono","False","20","no","#0c0c0c","no","yes","1440","47","48_pos2_nosub.png","48_pos2_sub.png","psycho","48","48","C:/Users/plcm/Desktop/2026-EyeTracking/group-eyeconic/OS2/final_recordings_upl/group 1-6/subject-4.csv","psycho","Neonatal Nightingale","4.1.14","footstool","carpet","dustpan","roller","0","0","space","space","space","NA","space","NA","NA","space","NA","space","NA","space","NA","space","NA","NA","NA","space","NA","NA","NA","700.8454000001657","1497.9098000003432","4833.337399999895","NA","700.8454000001657","NA","NA","2370.0721999998714","NA","3827.5742000000755","NA","3603.958200000314","NA","8267.680599999949","NA","NA","NA","2811.6516000000047","NA","NA","NA","1852.8316999995695","c","49","2","psycho","The girl will move the carpet","1024","2","24000","-16","experiment","4","even","2","37629.68819999969","471243.28349999996","468466.0982999999","64876.95349999967","4786.446099999921","37634.46709999971","39139.11989999997","NA","464442.1686999999","468466.0371","464237.5668","NA","37629.76609999987","NA","NA","463535.6846999998","NA","NA","43978.2924000001","NA","46352.77809999979","NA","50184.41779999966","NA","53792.695099999946","NA","NA","NA","62064.70730000001","NA","NA","NA","471262.5852000001","NA","6653.434299999844","464426.8239999997","463524.7996999997","463535.57749999984","468485.8008000001","468442.6865999999","64876.983799999834","464426.4524","4799.521800000093","3000","SceneViewing","48","60202.758500000724","48","2560"
"100","100","13_n.wav","1244","1244","#dadada","256","psycho","psycho","psycho","non-restrictive","1","undefined","undefined","1","NA","undefined","NA","undefined","NA","undefined","NA","undefined","NA","NA","undefined","NA","NA","NA","undefined","0","49","49","0","0","0","0","NA","49","49","49","NA","0","NA","NA","49","0","NA","0","NA","0","NA","0","NA","0","NA","NA","NA","0","NA","NA","NA","49","NA","0","49","49","49","49","49","0","49","0","participant_group5.csv","5","NA","NA","NA","Tue Jul 28 10:44:32 2026","NA","The main experiment item","False","VWP_finalSetup_22_7.osexp","C:\Users\plcm\Desktop\2026-EyeTracking\group-eyeconic\OS2\final_recordings_upl","False","mono","False","20","no","#0c0c0c","no","yes","1440","13","14_pos4_nosub.png","14_pos4_sub.png","psycho","49","49","C:/Users/plcm/Desktop/2026-EyeTracking/group-eyeconic/OS2/final_recordings_upl/group 1-6/subject-4.csv","psycho","Neonatal Nightingale","4.1.14","filofax","briefcase","glasses","cigarettes","0","0","space","space","space","NA","space","NA","NA","space","NA","space","NA","space","NA","space","NA","NA","NA","space","NA","NA","NA","755.5339000000386","1497.9098000003432","4833.337399999895","NA","755.5339000000386","NA","NA","2370.0721999998714","NA","3827.5742000000755","NA","3603.958200000314","NA","8267.680599999949","NA","NA","NA","2811.6516000000047","NA","NA","NA","1852.8316999995695","c","50","2","psycho","The man will  collect the cigarettes","1024","2","24000","-16","experiment","4","even","4","37629.68819999969","479303.4244999999","476279.19949999976","64876.95349999967","4786.446099999921","37634.46709999971","39139.11989999997","NA","472251.0575000001","476279.0562999999","472037.28499999986","NA","37629.76609999987","NA","NA","471280.83749999997","NA","NA","43978.2924000001","NA","46352.77809999979","NA","50184.41779999966","NA","53792.695099999946","NA","NA","NA","62064.70730000001","NA","NA","NA","479322.4786000001","NA","6653.434299999844","472233.5963999999","471269.82700000005","471280.71","476298.2526999999","476252.2565999998","64876.983799999834","472233.189","4799.521800000093","3000","SceneViewing","49","60958.29240000076","49","2560"
