"acc","accuracy","audio_file","average_response_time","avg_rt","background","block_size","canvas_backend","clock_backend","color_backend","condition","correct","correct_experiment_intro","correct_experiment_intro2","correct_new_1_keyboard_response","correct_new_2_keyboard_response","correct_new_2_sketchpad","correct_new_3_keyboard_response","correct_new_3_sketchpad","correct_new_4_keyboard_response","correct_new_4_sketchpad","correct_new_5_keyboard_response","correct_new_5_sketchpad","correct_new_6_keyboard_response","correct_new_7_keyboard_response","correct_new_7_sketchpad","correct_new_8_keyboard_response","correct_new_keyboard_response","correct_new_mouse_response","correct_welcome","count_accuracy_output","count_audio_file_offset","count_audio_file_onset_log","count_definitions","count_experiment","count_experiment_intro","count_experiment_intro2","count_image_delay","count_image_nosub","count_image_sub","count_increment_roundCounter","count_instruction","count_instructions","count_log_instruction","count_new_1_inline_script","count_new_1_keyboard_response","count_new_1_sketchpad","count_new_2_keyboard_response","count_new_2_sketchpad","count_new_3_keyboard_response","count_new_3_sketchpad","count_new_4_keyboard_response","count_new_4_sketchpad","count_new_5_keyboard_response","count_new_5_sketchpad","count_new_6_keyboard_response","count_new_6_sketchpad","count_new_7_keyboard_response","count_new_7_sketchpad","count_new_8_keyboard_response","count_new_inline_script","count_new_keyboard_response","count_new_logger","count_new_mouse_response","count_new_pygaze_init","count_new_pygaze_start_recording","count_new_pygaze_stop_recording","count_new_sketchpad","count_sentence_audio","count_subject_onset_log","count_trial_loop","count_trial_sequence","count_welcome","csv_filepath","csv_id","cursor_roi","cursor_x","cursor_y","datetime","delay_image_delay","description","disable_garbage_collection","experiment_file","experiment_path","font_bold","font_family","font_italic","font_size","font_underline","foreground","form_clicks","fullscreen","height","id","image_nosub","image_sub","keyboard_backend","live_row","live_row_trial_loop","logfile","mouse_backend","opensesame_codename","opensesame_version","position1","position2","position3","position4","psychopy_screen","repeat_cycle","response","response_experiment_intro","response_experiment_intro2","response_instruction","response_new_1_keyboard_response","response_new_1_sketchpad","response_new_2_keyboard_response","response_new_2_sketchpad","response_new_3_keyboard_response","response_new_3_sketchpad","response_new_4_keyboard_response","response_new_4_sketchpad","response_new_5_keyboard_response","response_new_5_sketchpad","response_new_6_keyboard_response","response_new_6_sketchpad","response_new_7_keyboard_response","response_new_7_sketchpad","response_new_8_keyboard_response","response_new_keyboard_response","response_new_mouse_response","response_time","response_time_experiment_intro","response_time_experiment_intro2","response_time_instruction","response_time_new_1_keyboard_response","response_time_new_1_sketchpad","response_time_new_2_keyboard_response","response_time_new_2_sketchpad","response_time_new_3_keyboard_response","response_time_new_3_sketchpad","response_time_new_4_keyboard_response","response_time_new_4_sketchpad","response_time_new_5_keyboard_response","response_time_new_5_sketchpad","response_time_new_6_keyboard_response","response_time_new_6_sketchpad","response_time_new_7_keyboard_response","response_time_new_7_sketchpad","response_time_new_8_keyboard_response","response_time_new_keyboard_response","response_time_new_mouse_response","response_time_welcome","response_welcome","round","round_decimals","sampler_backend","sentence","sound_buf_size","sound_channels","sound_freq","sound_sample_size","start","subject_nr","subject_parity","target_position","time_accuracy_output","time_audio_file_offset","time_audio_file_onset_log","time_definitions","time_experiment","time_experiment_intro","time_experiment_intro2","time_image_delay","time_image_nosub","time_image_sub","time_increment_roundCounter","time_instruction","time_instructions","time_log_instruction","time_new_1_inline_script","time_new_1_keyboard_response","time_new_1_sketchpad","time_new_2_keyboard_response","time_new_2_sketchpad","time_new_3_keyboard_response","time_new_3_sketchpad","time_new_4_keyboard_response","time_new_4_sketchpad","time_new_5_keyboard_response","time_new_5_sketchpad","time_new_6_keyboard_response","time_new_6_sketchpad","time_new_7_keyboard_response","time_new_7_sketchpad","time_new_8_keyboard_response","time_new_inline_script","time_new_keyboard_response","time_new_logger","time_new_mouse_response","time_new_pygaze_init","time_new_pygaze_start_recording","time_new_pygaze_stop_recording","time_new_sketchpad","time_sentence_audio","time_subject_onset_log","time_trial_loop","time_trial_sequence","time_welcome","timeout","title","total_correct","total_response_time","total_responses","width"
"undefined","undefined","24_n.wav","undefined","undefined","#dadada","256","psycho","psycho","psycho","non-restrictive","undefined","undefined","undefined","NA","NA","undefined","NA","undefined","NA","undefined","NA","undefined","NA","NA","undefined","NA","NA","NA","undefined","0","0","0","0","0","0","0","NA","0","0","0","NA","0","NA","NA","0","0","NA","0","NA","0","NA","0","NA","0","NA","NA","NA","0","NA","NA","NA","0","NA","0","0","0","0","0","0","0","0","0","participant_group8.csv","8","NA","NA","NA","Fri Aug  7 18:12:48 2026","NA","The main experiment item","False","VWP_finalSetup_22_7.osexp","C:\Users\plcm\Desktop\2026-EyeTracking\group-eyeconic\OS2\final_recordings_upl","False","mono","False","20","no","#0c0c0c","no","yes","1440","24","25_pos4_nosub.png","25_pos4_sub.png","psycho","0","0","C:\Users\plcm\Desktop\2026-EyeTracking\group-eyeconic\OS2\final_recordings_upl\subject-23.csv","psycho","Neonatal Nightingale","4.1.14","plate","potato","glass","rabbit","0","0","space","space","space","NA","NA","NA","NA","space","NA","space","NA","space","NA","space","NA","NA","NA","space","NA","NA","NA","2907.4071000000113","3656.8947000000917","7945.908300000156","NA","NA","NA","NA","2642.6970000000147","NA","2748.3408999998937","NA","1812.1132999999681","NA","2691.5784000000276","NA","NA","NA","2907.4071000000113","NA","NA","NA","7748.702500000036","c","1","2","psycho","The girl will lift the rabbit","1024","2","24000","-16","experiment","23","odd","4","221230.1364","253064.01499999993","250350.91339999984","245669.55080000003","4908.491299999923","221235.95679999993","224898.88389999987","NA","246323.6104","250350.85860000004","NA","NA","221230.2244","NA","NA","NA","NA","NA","232850.0495999999","NA","235496.44220000005","NA","238248.67289999998","NA","240065.2768","NA","NA","NA","242761.37930000003","NA","NA","NA","253089.46459999992","NA","12670.07579999995","245890.52990000005","NA","NA","250373.33899999998","250324.2923999999","245669.58150000006","245889.81100000002","4920.1514999999745","3000","SceneViewing","0","0","0","2560"
"100","100","3_r.wav","2889","2889","#dadada","256","psycho","psycho","psycho","restrictive","1","undefined","undefined","1","NA","undefined","NA","undefined","NA","undefined","NA","undefined","NA","NA","undefined","NA","NA","NA","undefined","0","1","1","0","0","0","0","NA","1","1","1","NA","0","NA","NA","1","0","NA","0","NA","0","NA","0","NA","0","NA","NA","NA","0","NA","NA","NA","1","NA","0","1","1","1","1","1","0","1","0","participant_group8.csv","8","NA","NA","NA","Fri Aug  7 18:12:48 2026","NA","The main experiment item","False","VWP_finalSetup_22_7.osexp","C:\Users\plcm\Desktop\2026-EyeTracking\group-eyeconic\OS2\final_recordings_upl","False","mono","False","20","no","#0c0c0c","no","yes","1440","3","4_pos3_nosub.png","4_pos3_sub.png","psycho","1","1","C:\Users\plcm\Desktop\2026-EyeTracking\group-eyeconic\OS2\final_recordings_upl\subject-23.csv","psycho","Neonatal Nightingale","4.1.14","stool","rocking-horse","baby","plant","0","0","space","space","space","NA","space","NA","NA","space","NA","space","NA","space","NA","space","NA","NA","NA","space","NA","NA","NA","2889.7858000000415","3656.8947000000917","7945.908300000156","NA","2889.7858000000415","NA","NA","2642.6970000000147","NA","2748.3408999998937","NA","1812.1132999999681","NA","2691.5784000000276","NA","NA","NA","2907.4071000000113","NA","NA","NA","7748.702500000036","c","2","2","psycho","The woman will bathe the baby","1024","2","24000","-16","experiment","23","odd","3","221230.1364","263134.14650000003","260274.2452","245669.55080000003","4908.491299999923","221235.95679999993","224898.88389999987","NA","256250.33080000003","260274.18450000003","256029.4581999999","NA","221230.2244","NA","NA","253139.0073","NA","NA","232850.0495999999","NA","235496.44220000005","NA","238248.67289999998","NA","240065.2768","NA","NA","NA","242761.37930000003","NA","NA","NA","263154.24239999993","NA","12670.07579999995","256233.13570000004","253116.53739999997","253138.87209999983","260293.42629999996","260250.6317","245669.58150000006","256232.59629999983","4920.1514999999745","3000","SceneViewing","1","2889.7858000000415","1","2560"
"100","100","6_n.wav","3122","3122","#dadada","256","psycho","psycho","psycho","non-restrictive","1","undefined","undefined","1","NA","undefined","NA","undefined","NA","undefined","NA","undefined","NA","NA","undefined","NA","NA","NA","undefined","0","2","2","0","0","0","0","NA","2","2","2","NA","0","NA","NA","2","0","NA","0","NA","0","NA","0","NA","0","NA","NA","NA","0","NA","NA","NA","2","NA","0","2","2","2","2","2","0","2","0","participant_group8.csv","8","NA","NA","NA","Fri Aug  7 18:12:48 2026","NA","The main experiment item","False","VWP_finalSetup_22_7.osexp","C:\Users\plcm\Desktop\2026-EyeTracking\group-eyeconic\OS2\final_recordings_upl","False","mono","False","20","no","#0c0c0c","no","yes","1440","6","7_pos2_nosub.png","7_pos2_sub.png","psycho","2","2","C:\Users\plcm\Desktop\2026-EyeTracking\group-eyeconic\OS2\final_recordings_upl\subject-23.csv","psycho","Neonatal Nightingale","4.1.14","jug","mushrooms","knife","weighing-scales","0","0","space","space","space","NA","space","NA","NA","space","NA","space","NA","space","NA","space","NA","NA","NA","space","NA","NA","NA","3354.6443999998737","3656.8947000000917","7945.908300000156","NA","3354.6443999998737","NA","NA","2642.6970000000147","NA","2748.3408999998937","NA","1812.1132999999681","NA","2691.5784000000276","NA","NA","NA","2907.4071000000113","NA","NA","NA","7748.702500000036","c","3","2","psycho","The housewife will  wash the mushrooms","1024","2","24000","-16","experiment","23","odd","2","221230.1364","274104.33269999997","270780.19459999993","245669.55080000003","4908.491299999923","221235.95679999993","224898.88389999987","NA","266755.8079","270780.13839999994","266541.39029999985","NA","221230.2244","NA","NA","263186.1371","NA","NA","232850.0495999999","NA","235496.44220000005","NA","238248.67289999998","NA","240065.2768","NA","NA","NA","242761.37930000003","NA","NA","NA","274124.012","NA","12670.07579999995","266739.5414999999","263174.53219999996","263186.0027","270799.56990000006","270756.5113999999","245669.58150000006","266739.0183999998","4920.1514999999745","3000","SceneViewing","2","6244.430199999915","2","2560"
"100","100","44_n.wav","2731","2731","#dadada","256","psycho","psycho","psycho","non-restrictive","1","undefined","undefined","1","NA","undefined","NA","undefined","NA","undefined","NA","undefined","NA","NA","undefined","NA","NA","NA","undefined","0","3","3","0","0","0","0","NA","3","3","3","NA","0","NA","NA","3","0","NA","0","NA","0","NA","0","NA","0","NA","NA","NA","0","NA","NA","NA","3","NA","0","3","3","3","3","3","0","3","0","participant_group8.csv","8","NA","NA","NA","Fri Aug  7 18:12:48 2026","NA","The main experiment item","False","VWP_finalSetup_22_7.osexp","C:\Users\plcm\Desktop\2026-EyeTracking\group-eyeconic\OS2\final_recordings_upl","False","mono","False","20","no","#0c0c0c","no","yes","1440","44","45_pos4_nosub.png","45_pos4_sub.png","psycho","3","3","C:\Users\plcm\Desktop\2026-EyeTracking\group-eyeconic\OS2\final_recordings_upl\subject-23.csv","psycho","Neonatal Nightingale","4.1.14","glass","ladle","hammer","dough","0","0","space","space","space","NA","space","NA","NA","space","NA","space","NA","space","NA","space","NA","NA","NA","space","NA","NA","NA","1950.5206999999355","3656.8947000000917","7945.908300000156","NA","1950.5206999999355","NA","NA","2642.6970000000147","NA","2748.3408999998937","NA","1812.1132999999681","NA","2691.5784000000276","NA","NA","NA","2907.4071000000113","NA","NA","NA","7748.702500000036","c","4","2","psycho","The baker will inspect the dough","1024","2","24000","-16","experiment","23","odd","4","221230.1364","283254.22349999985","280343.4631999999","245669.55080000003","4908.491299999923","221235.95679999993","224898.88389999987","NA","276319.7891999998","280343.3983","276093.53139999986","NA","221230.2244","NA","NA","274142.29419999995","NA","NA","232850.0495999999","NA","235496.44220000005","NA","238248.67289999998","NA","240065.2768","NA","NA","NA","242761.37930000003","NA","NA","NA","283273.32690000004","NA","12670.07579999995","276301.76329999993","274132.03269999987","274142.1934999998","280362.81789999997","280320.06479999993","245669.58150000006","276301.18319999997","4920.1514999999745","3000","SceneViewing","3","8194.95089999985","3","2560"
"100","100","9_r.wav","2270","2270","#dadada","256","psycho","psycho","psycho","restrictive","1","undefined","undefined","1","NA","undefined","NA","undefined","NA","undefined","NA","undefined","NA","NA","undefined","NA","NA","NA","undefined","0","4","4","0","0","0","0","NA","4","4","4","NA","0","NA","NA","4","0","NA","0","NA","0","NA","0","NA","0","NA","NA","NA","0","NA","NA","NA","4","NA","0","4","4","4","4","4","0","4","0","participant_group8.csv","8","NA","NA","NA","Fri Aug  7 18:12:48 2026","NA","The main experiment item","False","VWP_finalSetup_22_7.osexp","C:\Users\plcm\Desktop\2026-EyeTracking\group-eyeconic\OS2\final_recordings_upl","False","mono","False","20","no","#0c0c0c","no","yes","1440","9","10_pos1_nosub.png","10_pos1_sub.png","psycho","4","4","C:\Users\plcm\Desktop\2026-EyeTracking\group-eyeconic\OS2\final_recordings_upl\subject-23.csv","psycho","Neonatal Nightingale","4.1.14","book","door","cup","bag","0","0","space","space","space","NA","space","NA","NA","space","NA","space","NA","space","NA","space","NA","NA","NA","space","NA","NA","NA","887.6834999998682","3656.8947000000917","7945.908300000156","NA","887.6834999998682","NA","NA","2642.6970000000147","NA","2748.3408999998937","NA","1812.1132999999681","NA","2691.5784000000276","NA","NA","NA","2907.4071000000113","NA","NA","NA","7748.702500000036","c","5","2","psycho","The woman will read the book","1024","2","24000","-16","experiment","23","odd","1","221230.1364","290824.2017","288424.81799999997","245669.55080000003","4908.491299999923","221235.95679999993","224898.88389999987","NA","284399.2314","288424.7416999999","284181.42779999995","NA","221230.2244","NA","NA","283293.07100000005","NA","NA","232850.0495999999","NA","235496.44220000005","NA","238248.67289999998","NA","240065.2768","NA","NA","NA","242761.37930000003","NA","NA","NA","290843.3889","NA","12670.07579999995","284381.78459999996","283283.16900000005","283292.98029999994","288444.2234999999","288399.9589","245669.58150000006","284381.16319999995","4920.1514999999745","3000","SceneViewing","4","9082.634399999719","4","2560"
"100","100","11_r.wav","2110","2110","#dadada","256","psycho","psycho","psycho","restrictive","1","undefined","undefined","1","NA","undefined","NA","undefined","NA","undefined","NA","undefined","NA","NA","undefined","NA","NA","NA","undefined","0","5","5","0","0","0","0","NA","5","5","5","NA","0","NA","NA","5","0","NA","0","NA","0","NA","0","NA","0","NA","NA","NA","0","NA","NA","NA","5","NA","0","5","5","5","5","5","0","5","0","participant_group8.csv","8","NA","NA","NA","Fri Aug  7 18:12:48 2026","NA","The main experiment item","False","VWP_finalSetup_22_7.osexp","C:\Users\plcm\Desktop\2026-EyeTracking\group-eyeconic\OS2\final_recordings_upl","False","mono","False","20","no","#0c0c0c","no","yes","1440","11","12_pos3_nosub.png","12_pos3_sub.png","psycho","5","5","C:\Users\plcm\Desktop\2026-EyeTracking\group-eyeconic\OS2\final_recordings_upl\subject-23.csv","psycho","Neonatal Nightingale","4.1.14","duck","bricks","bell","drum","0","0","space","space","space","NA","space","NA","NA","space","NA","space","NA","space","NA","space","NA","NA","NA","space","NA","NA","NA","1470.3053999999538","3656.8947000000917","7945.908300000156","NA","1470.3053999999538","NA","NA","2642.6970000000147","NA","2748.3408999998937","NA","1812.1132999999681","NA","2691.5784000000276","NA","NA","NA","2907.4071000000113","NA","NA","NA","7748.702500000036","c","6","2","psycho","The baby will ring the bell","1024","2","24000","-16","experiment","23","odd","3","221230.1364","298594.2144999999","296581.92719999986","245669.55080000003","4908.491299999923","221235.95679999993","224898.88389999987","NA","292558.17579999985","296581.84849999996","292333.402","NA","221230.2244","NA","NA","290862.49840000004","NA","NA","232850.0495999999","NA","235496.44220000005","NA","238248.67289999998","NA","240065.2768","NA","NA","NA","242761.37930000003","NA","NA","NA","298613.7059","NA","12670.07579999995","292541.0961","290851.494","290862.36979999987","296601.44939999987","296558.36699999985","245669.58150000006","292540.4423","4920.1514999999745","3000","SceneViewing","5","10552.939799999673","5","2560"
"100","100","18_n.wav","1893","1893","#dadada","256","psycho","psycho","psycho","non-restrictive","1","undefined","undefined","1","NA","undefined","NA","undefined","NA","undefined","NA","undefined","NA","NA","undefined","NA","NA","NA","undefined","0","6","6","0","0","0","0","NA","6","6","6","NA","0","NA","NA","6","0","NA","0","NA","0","NA","0","NA","0","NA","NA","NA","0","NA","NA","NA","6","NA","0","6","6","6","6","6","0","6","0","participant_group8.csv","8","NA","NA","NA","Fri Aug  7 18:12:48 2026","NA","The main experiment item","False","VWP_finalSetup_22_7.osexp","C:\Users\plcm\Desktop\2026-EyeTracking\group-eyeconic\OS2\final_recordings_upl","False","mono","False","20","no","#0c0c0c","no","yes","1440","18","19_pos2_nosub.png","19_pos2_sub.png","psycho","6","6","C:\Users\plcm\Desktop\2026-EyeTracking\group-eyeconic\OS2\final_recordings_upl\subject-23.csv","psycho","Neonatal Nightingale","4.1.14","leaf","football","stick","feather","0","0","space","space","space","NA","space","NA","NA","space","NA","space","NA","space","NA","space","NA","NA","NA","space","NA","NA","NA","807.5911000000779","3656.8947000000917","7945.908300000156","NA","807.5911000000779","NA","NA","2642.6970000000147","NA","2748.3408999998937","NA","1812.1132999999681","NA","2691.5784000000276","NA","NA","NA","2907.4071000000113","NA","NA","NA","7748.702500000036","c","7","2","psycho","The boy will touch the football","1024","2","24000","-16","experiment","23","odd","2","221230.1364","306314.1811999999","303697.93949999986","245669.55080000003","4908.491299999923","221235.95679999993","224898.88389999987","NA","299673.9321","303697.88489999995","299453.4126999999","NA","221230.2244","NA","NA","298645.25619999995","NA","NA","232850.0495999999","NA","235496.44220000005","NA","238248.67289999998","NA","240065.2768","NA","NA","NA","242761.37930000003","NA","NA","NA","306333.51330000005","NA","12670.07579999995","299658.31779999984","298633.9510999999","298645.1261","303717.1318999999","303674.12569999986","245669.58150000006","299657.8253","4920.1514999999745","3000","SceneViewing","6","11360.53089999975","6","2560"
"100","100","42_n.wav","1744","1744","#dadada","256","psycho","psycho","psycho","non-restrictive","1","undefined","undefined","1","NA","undefined","NA","undefined","NA","undefined","NA","undefined","NA","NA","undefined","NA","NA","NA","undefined","0","7","7","0","0","0","0","NA","7","7","7","NA","0","NA","NA","7","0","NA","0","NA","0","NA","0","NA","0","NA","NA","NA","0","NA","NA","NA","7","NA","0","7","7","7","7","7","0","7","0","participant_group8.csv","8","NA","NA","NA","Fri Aug  7 18:12:48 2026","NA","The main experiment item","False","VWP_finalSetup_22_7.osexp","C:\Users\plcm\Desktop\2026-EyeTracking\group-eyeconic\OS2\final_recordings_upl","False","mono","False","20","no","#0c0c0c","no","yes","1440","42","43_pos2_nosub.png","43_pos2_sub.png","psycho","7","7","C:\Users\plcm\Desktop\2026-EyeTracking\group-eyeconic\OS2\final_recordings_upl\subject-23.csv","psycho","Neonatal Nightingale","4.1.14","ruler","shirt","apple","chalk","0","0","space","space","space","NA","space","NA","NA","space","NA","space","NA","space","NA","space","NA","NA","NA","space","NA","NA","NA","849.4368000001414","3656.8947000000917","7945.908300000156","NA","849.4368000001414","NA","NA","2642.6970000000147","NA","2748.3408999998937","NA","1812.1132999999681","NA","2691.5784000000276","NA","NA","NA","2907.4071000000113","NA","NA","NA","7748.702500000036","c","8","2","psycho","The woman will wash the shirt","1024","2","24000","-16","experiment","23","odd","2","221230.1364","314184.15929999994","311455.32409999985","245669.55080000003","4908.491299999923","221235.95679999993","224898.88389999987","NA","307430.41459999996","311455.258","307213.4063999999","NA","221230.2244","NA","NA","306363.3356999999","NA","NA","232850.0495999999","NA","235496.44220000005","NA","238248.67289999998","NA","240065.2768","NA","NA","NA","242761.37930000003","NA","NA","NA","314203.05829999986","NA","12670.07579999995","307413.6847","306353.7534","306363.2249","311474.50000000006","311431.1183999998","245669.58150000006","307412.9286999998","4920.1514999999745","3000","SceneViewing","7","12209.967699999892","7","2560"
"100","100","23_r.wav","1612","1612","#dadada","256","psycho","psycho","psycho","restrictive","1","undefined","undefined","1","NA","undefined","NA","undefined","NA","undefined","NA","undefined","NA","NA","undefined","NA","NA","NA","undefined","0","8","8","0","0","0","0","NA","8","8","8","NA","0","NA","NA","8","0","NA","0","NA","0","NA","0","NA","0","NA","NA","NA","0","NA","NA","NA","8","NA","0","8","8","8","8","8","0","8","0","participant_group8.csv","8","NA","NA","NA","Fri Aug  7 18:12:48 2026","NA","The main experiment item","False","VWP_finalSetup_22_7.osexp","C:\Users\plcm\Desktop\2026-EyeTracking\group-eyeconic\OS2\final_recordings_upl","False","mono","False","20","no","#0c0c0c","no","yes","1440","23","24_pos3_nosub.png","24_pos3_sub.png","psycho","8","8","C:\Users\plcm\Desktop\2026-EyeTracking\group-eyeconic\OS2\final_recordings_upl\subject-23.csv","psycho","Neonatal Nightingale","4.1.14","needle","card","scarf","pencil","0","0","space","space","space","NA","space","NA","NA","space","NA","space","NA","space","NA","space","NA","NA","NA","space","NA","NA","NA","687.8040999999503","3656.8947000000917","7945.908300000156","NA","687.8040999999503","NA","NA","2642.6970000000147","NA","2748.3408999998937","NA","1812.1132999999681","NA","2691.5784000000276","NA","NA","NA","2907.4071000000113","NA","NA","NA","7748.702500000036","c","9","2","psycho","The girl will knit the scarf","1024","2","24000","-16","experiment","23","odd","3","221230.1364","321674.13190000004","319148.6700999999","245669.55080000003","4908.491299999923","221235.95679999993","224898.88389999987","NA","315124.69379999995","319148.6032999999","314909.4270999999","NA","221230.2244","NA","NA","314221.0657999999","NA","NA","232850.0495999999","NA","235496.44220000005","NA","238248.67289999998","NA","240065.2768","NA","NA","NA","242761.37930000003","NA","NA","NA","321693.0427","NA","12670.07579999995","315109.9836999999","314210.93240000005","314220.9533999999","319168.19190000003","319125.0820999999","245669.58150000006","315109.2953","4920.1514999999745","3000","SceneViewing","8","12897.771799999842","8","2560"
"100","100","46_n.wav","1574","1574","#dadada","256","psycho","psycho","psycho","non-restrictive","1","undefined","undefined","1","NA","undefined","NA","undefined","NA","undefined","NA","undefined","NA","NA","undefined","NA","NA","NA","undefined","0","9","9","0","0","0","0","NA","9","9","9","NA","0","NA","NA","9","0","NA","0","NA","0","NA","0","NA","0","NA","NA","NA","0","NA","NA","NA","9","NA","0","9","9","9","9","9","0","9","0","participant_group8.csv","8","NA","NA","NA","Fri Aug  7 18:12:48 2026","NA","The main experiment item","False","VWP_finalSetup_22_7.osexp","C:\Users\plcm\Desktop\2026-EyeTracking\group-eyeconic\OS2\final_recordings_upl","False","mono","False","20","no","#0c0c0c","no","yes","1440","46","47_pos2_nosub.png","47_pos2_sub.png","psycho","9","9","C:\Users\plcm\Desktop\2026-EyeTracking\group-eyeconic\OS2\final_recordings_upl\subject-23.csv","psycho","Neonatal Nightingale","4.1.14","stand","violin","bow","gum","0","0","space","space","space","NA","space","NA","NA","space","NA","space","NA","space","NA","space","NA","NA","NA","space","NA","NA","NA","1270.652599999914","3656.8947000000917","7945.908300000156","NA","1270.652599999914","NA","NA","2642.6970000000147","NA","2748.3408999998937","NA","1812.1132999999681","NA","2691.5784000000276","NA","NA","NA","2907.4071000000113","NA","NA","NA","7748.702500000036","c","10","2","psycho","The musician will move the violin","1024","2","24000","-16","experiment","23","odd","2","221230.1364","330504.30129999993","327224.97229999996","245669.55080000003","4908.491299999923","221235.95679999993","224898.88389999987","NA","323201.5982999999","327224.91879999987","322981.4288999999","NA","221230.2244","NA","NA","321710.13990000007","NA","NA","232850.0495999999","NA","235496.44220000005","NA","238248.67289999998","NA","240065.2768","NA","NA","NA","242761.37930000003","NA","NA","NA","330523.7932","NA","12670.07579999995","323184.92969999986","321700.63860000006","321710.0310999999","327244.0208999999","327202.04109999986","245669.58150000006","323184.12569999986","4920.1514999999745","3000","SceneViewing","9","14168.424399999756","9","2560"
"100","100","26_n.wav","1494","1494","#dadada","256","psycho","psycho","psycho","non-restrictive","1","undefined","undefined","1","NA","undefined","NA","undefined","NA","undefined","NA","undefined","NA","NA","undefined","NA","NA","NA","undefined","0","10","10","0","0","0","0","NA","10","10","10","NA","0","NA","NA","10","0","NA","0","NA","0","NA","0","NA","0","NA","NA","NA","0","NA","NA","NA","10","NA","0","10","10","10","10","10","0","10","0","participant_group8.csv","8","NA","NA","NA","Fri Aug  7 18:12:48 2026","NA","The main experiment item","False","VWP_finalSetup_22_7.osexp","C:\Users\plcm\Desktop\2026-EyeTracking\group-eyeconic\OS2\final_recordings_upl","False","mono","False","20","no","#0c0c0c","no","yes","1440","26","27_pos2_nosub.png","27_pos2_sub.png","psycho","10","10","C:\Users\plcm\Desktop\2026-EyeTracking\group-eyeconic\OS2\final_recordings_upl\subject-23.csv","psycho","Neonatal Nightingale","4.1.14","coaster","candle","package","coin","0","0","space","space","space","NA","space","NA","NA","space","NA","space","NA","space","NA","space","NA","NA","NA","space","NA","NA","NA","779.6659000000218","3656.8947000000917","7945.908300000156","NA","779.6659000000218","NA","NA","2642.6970000000147","NA","2748.3408999998937","NA","1812.1132999999681","NA","2691.5784000000276","NA","NA","NA","2907.4071000000113","NA","NA","NA","7748.702500000036","c","11","2","psycho","The woman will blow grab the candle","1024","2","24000","-16","experiment","23","odd","2","221230.1364","338404.69199999986","335572.4746999999","245669.55080000003","4908.491299999923","221235.95679999993","224898.88389999987","NA","331546.31070000003","335572.41150000005","331325.48959999986","NA","221230.2244","NA","NA","330545.1163999999","NA","NA","232850.0495999999","NA","235496.44220000005","NA","238248.67289999998","NA","240065.2768","NA","NA","NA","242761.37930000003","NA","NA","NA","338424.30650000006","NA","12670.07579999995","331529.67100000003","330535.26979999995","330544.97530000005","335591.74299999996","335547.09559999994","245669.58150000006","331528.9934","4920.1514999999745","3000","SceneViewing","10","14948.090299999778","10","2560"
"100","100","7_r.wav","1428","1428","#dadada","256","psycho","psycho","psycho","restrictive","1","undefined","undefined","1","NA","undefined","NA","undefined","NA","undefined","NA","undefined","NA","NA","undefined","NA","NA","NA","undefined","0","11","11","0","0","0","0","NA","11","11","11","NA","0","NA","NA","11","0","NA","0","NA","0","NA","0","NA","0","NA","NA","NA","0","NA","NA","NA","11","NA","0","11","11","11","11","11","0","11","0","participant_group8.csv","8","NA","NA","NA","Fri Aug  7 18:12:48 2026","NA","The main experiment item","False","VWP_finalSetup_22_7.osexp","C:\Users\plcm\Desktop\2026-EyeTracking\group-eyeconic\OS2\final_recordings_upl","False","mono","False","20","no","#0c0c0c","no","yes","1440","7","8_pos3_nosub.png","8_pos3_sub.png","psycho","11","11","C:\Users\plcm\Desktop\2026-EyeTracking\group-eyeconic\OS2\final_recordings_upl\subject-23.csv","psycho","Neonatal Nightingale","4.1.14","toy-bear","microscope","child","tv-monitor","0","0","space","space","space","NA","space","NA","NA","space","NA","space","NA","space","NA","space","NA","NA","NA","space","NA","NA","NA","766.0286000000197","3656.8947000000917","7945.908300000156","NA","766.0286000000197","NA","NA","2642.6970000000147","NA","2748.3408999998937","NA","1812.1132999999681","NA","2691.5784000000276","NA","NA","NA","2907.4071000000113","NA","NA","NA","7748.702500000036","c","12","2","psycho","The doctor will inject the child","1024","2","24000","-16","experiment","23","odd","3","221230.1364","346524.1615999998","343461.4534999998","245669.55080000003","4908.491299999923","221235.95679999993","224898.88389999987","NA","339437.64480000007","343461.39599999995","339221.2803","NA","221230.2244","NA","NA","338454.69439999986","NA","NA","232850.0495999999","NA","235496.44220000005","NA","238248.67289999998","NA","240065.2768","NA","NA","NA","242761.37930000003","NA","NA","NA","346543.6133999999","NA","12670.07579999995","339421.71859999985","338444.29969999986","338454.5736","343480.8418999999","343438.0062999999","245669.58150000006","339421.15919999994","4920.1514999999745","3000","SceneViewing","11","15714.118899999798","11","2560"
"100","100","41_r.wav","1330","1330","#dadada","256","psycho","psycho","psycho","restrictive","1","undefined","undefined","1","NA","undefined","NA","undefined","NA","undefined","NA","undefined","NA","NA","undefined","NA","NA","NA","undefined","0","12","12","0","0","0","0","NA","12","12","12","NA","0","NA","NA","12","0","NA","0","NA","0","NA","0","NA","0","NA","NA","NA","0","NA","NA","NA","12","NA","0","12","12","12","12","12","0","12","0","participant_group8.csv","8","NA","NA","NA","Fri Aug  7 18:12:48 2026","NA","The main experiment item","False","VWP_finalSetup_22_7.osexp","C:\Users\plcm\Desktop\2026-EyeTracking\group-eyeconic\OS2\final_recordings_upl","False","mono","False","20","no","#0c0c0c","no","yes","1440","41","42_pos1_nosub.png","42_pos1_sub.png","psycho","12","12","C:\Users\plcm\Desktop\2026-EyeTracking\group-eyeconic\OS2\final_recordings_upl\subject-23.csv","psycho","Neonatal Nightingale","4.1.14","orange","stone","cone","shell","0","0","space","space","space","NA","space","NA","NA","space","NA","space","NA","space","NA","space","NA","NA","NA","space","NA","NA","NA","250.38980000000447","3656.8947000000917","7945.908300000156","NA","250.38980000000447","NA","NA","2642.6970000000147","NA","2748.3408999998937","NA","1812.1132999999681","NA","2691.5784000000276","NA","NA","NA","2907.4071000000113","NA","NA","NA","7748.702500000036","c","13","2","psycho","The boy will squeeze the orange","1024","2","24000","-16","experiment","23","odd","1","221230.1364","353974.13359999994","351069.32389999996","245669.55080000003","4908.491299999923","221235.95679999993","224898.88389999987","NA","347045.0007","351069.2664999999","346813.56570000004","NA","221230.2244","NA","NA","346562.3806999999","NA","NA","232850.0495999999","NA","235496.44220000005","NA","238248.67289999998","NA","240065.2768","NA","NA","NA","242761.37930000003","NA","NA","NA","353993.9818999999","NA","12670.07579999995","347026.132","346550.97909999994","346562.2595999998","351089.20089999994","351045.74619999994","245669.58150000006","347025.66290000005","4920.1514999999745","3000","SceneViewing","12","15964.508699999802","12","2560"
"100","100","47_r.wav","1313","1313","#dadada","256","psycho","psycho","psycho","restrictive","1","undefined","undefined","1","NA","undefined","NA","undefined","NA","undefined","NA","undefined","NA","NA","undefined","NA","NA","NA","undefined","0","13","13","0","0","0","0","NA","13","13","13","NA","0","NA","NA","13","0","NA","0","NA","0","NA","0","NA","0","NA","NA","NA","0","NA","NA","NA","13","NA","0","13","13","13","13","13","0","13","0","participant_group8.csv","8","NA","NA","NA","Fri Aug  7 18:12:48 2026","NA","The main experiment item","False","VWP_finalSetup_22_7.osexp","C:\Users\plcm\Desktop\2026-EyeTracking\group-eyeconic\OS2\final_recordings_upl","False","mono","False","20","no","#0c0c0c","no","yes","1440","47","48_pos3_nosub.png","48_pos3_sub.png","psycho","13","13","C:\Users\plcm\Desktop\2026-EyeTracking\group-eyeconic\OS2\final_recordings_upl\subject-23.csv","psycho","Neonatal Nightingale","4.1.14","roller","footstool","carpet","dustpan","0","0","space","space","space","NA","space","NA","NA","space","NA","space","NA","space","NA","space","NA","NA","NA","space","NA","NA","NA","1112.5460999999195","3656.8947000000917","7945.908300000156","NA","1112.5460999999195","NA","NA","2642.6970000000147","NA","2748.3408999998937","NA","1812.1132999999681","NA","2691.5784000000276","NA","NA","NA","2907.4071000000113","NA","NA","NA","7748.702500000036","c","14","2","psycho","The girl will vacuum the carpet","1024","2","24000","-16","experiment","23","odd","3","221230.1364","362384.1560999999","359365.38599999994","245669.55080000003","4908.491299999923","221235.95679999993","224898.88389999987","NA","355341.1727999999","359365.3210999998","355125.27950000006","NA","221230.2244","NA","NA","354012.18470000004","NA","NA","232850.0495999999","NA","235496.44220000005","NA","238248.67289999998","NA","240065.2768","NA","NA","NA","242761.37930000003","NA","NA","NA","362403.7564999999","NA","12670.07579999995","355325.8940999999","354001.8855999999","354012.04229999986","359384.49059999996","359341.36390000005","245669.58150000006","355325.1814","4920.1514999999745","3000","SceneViewing","13","17077.05479999972","13","2560"
"100","100","10_n.wav","1266","1266","#dadada","256","psycho","psycho","psycho","non-restrictive","1","undefined","undefined","1","NA","undefined","NA","undefined","NA","undefined","NA","undefined","NA","NA","undefined","NA","NA","NA","undefined","0","14","14","0","0","0","0","NA","14","14","14","NA","0","NA","NA","14","0","NA","0","NA","0","NA","0","NA","0","NA","NA","NA","0","NA","NA","NA","14","NA","0","14","14","14","14","14","0","14","0","participant_group8.csv","8","NA","NA","NA","Fri Aug  7 18:12:48 2026","NA","The main experiment item","False","VWP_finalSetup_22_7.osexp","C:\Users\plcm\Desktop\2026-EyeTracking\group-eyeconic\OS2\final_recordings_upl","False","mono","False","20","no","#0c0c0c","no","yes","1440","10","11_pos2_nosub.png","11_pos2_sub.png","psycho","14","14","C:\Users\plcm\Desktop\2026-EyeTracking\group-eyeconic\OS2\final_recordings_upl\subject-23.csv","psycho","Neonatal Nightingale","4.1.14","wastebin","washing-machine","mirror","dog","0","0","space","space","space","NA","space","NA","NA","space","NA","space","NA","space","NA","space","NA","NA","NA","space","NA","NA","NA","655.6923999999417","3656.8947000000917","7945.908300000156","NA","655.6923999999417","NA","NA","2642.6970000000147","NA","2748.3408999998937","NA","1812.1132999999681","NA","2691.5784000000276","NA","NA","NA","2907.4071000000113","NA","NA","NA","7748.702500000036","c","15","2","psycho","The man will wipe the washing machine","1024","2","24000","-16","experiment","23","odd","2","221230.1364","370594.17929999996","367326.44789999997","245669.55080000003","4908.491299999923","221235.95679999993","224898.88389999987","NA","363301.77430000005","367326.34899999993","363077.4796999999","NA","221230.2244","NA","NA","362421.0845","NA","NA","232850.0495999999","NA","235496.44220000005","NA","238248.67289999998","NA","240065.2768","NA","NA","NA","242761.37930000003","NA","NA","NA","370614.2001999999","NA","12670.07579999995","363286.2413999999","362411.503","362420.94189999986","367345.7960999999","367302.4679999999","245669.58150000006","363285.6012","4920.1514999999745","3000","SceneViewing","14","17732.747199999663","14","2560"
"100","100","34_n.wav","1244","1244","#dadada","256","psycho","psycho","psycho","non-restrictive","1","undefined","undefined","1","NA","undefined","NA","undefined","NA","undefined","NA","undefined","NA","NA","undefined","NA","NA","NA","undefined","0","15","15","0","0","0","0","NA","15","15","15","NA","0","NA","NA","15","0","NA","0","NA","0","NA","0","NA","0","NA","NA","NA","0","NA","NA","NA","15","NA","0","15","15","15","15","15","0","15","0","participant_group8.csv","8","NA","NA","NA","Fri Aug  7 18:12:48 2026","NA","The main experiment item","False","VWP_finalSetup_22_7.osexp","C:\Users\plcm\Desktop\2026-EyeTracking\group-eyeconic\OS2\final_recordings_upl","False","mono","False","20","no","#0c0c0c","no","yes","1440","34","35_pos2_nosub.png","35_pos2_sub.png","psycho","15","15","C:\Users\plcm\Desktop\2026-EyeTracking\group-eyeconic\OS2\final_recordings_upl\subject-23.csv","psycho","Neonatal Nightingale","4.1.14","pillow","radio","puzzle","notebook","0","0","space","space","space","NA","space","NA","NA","space","NA","space","NA","space","NA","space","NA","NA","NA","space","NA","NA","NA","941.0301999998628","3656.8947000000917","7945.908300000156","NA","941.0301999998628","NA","NA","2642.6970000000147","NA","2748.3408999998937","NA","1812.1132999999681","NA","2691.5784000000276","NA","NA","NA","2907.4071000000113","NA","NA","NA","7748.702500000036","c","16","2","psycho","The boy will move the radio","1024","2","24000","-16","experiment","23","odd","2","221230.1364","378574.0736999999","375826.5099","245669.55080000003","4908.491299999923","221235.95679999993","224898.88389999987","NA","371801.64879999985","375826.44549999986","371573.6453","NA","221230.2244","NA","NA","370631.71220000007","NA","NA","232850.0495999999","NA","235496.44220000005","NA","238248.67289999998","NA","240065.2768","NA","NA","NA","242761.37930000003","NA","NA","NA","378593.10400000005","NA","12670.07579999995","371784.3768","370621.8641999999","370631.6078","375845.88570000004","375802.03359999997","245669.58150000006","371783.67679999996","4920.1514999999745","3000","SceneViewing","15","18673.777399999526","15","2560"
"100","100","29_r.wav","1241","1241","#dadada","256","psycho","psycho","psycho","restrictive","1","undefined","undefined","1","NA","undefined","NA","undefined","NA","undefined","NA","undefined","NA","NA","undefined","NA","NA","NA","undefined","0","16","16","0","0","0","0","NA","16","16","16","NA","0","NA","NA","16","0","NA","0","NA","0","NA","0","NA","0","NA","NA","NA","0","NA","NA","NA","16","NA","0","16","16","16","16","16","0","16","0","participant_group8.csv","8","NA","NA","NA","Fri Aug  7 18:12:48 2026","NA","The main experiment item","False","VWP_finalSetup_22_7.osexp","C:\Users\plcm\Desktop\2026-EyeTracking\group-eyeconic\OS2\final_recordings_upl","False","mono","False","20","no","#0c0c0c","no","yes","1440","29","30_pos1_nosub.png","30_pos1_sub.png","psycho","16","16","C:\Users\plcm\Desktop\2026-EyeTracking\group-eyeconic\OS2\final_recordings_upl\subject-23.csv","psycho","Neonatal Nightingale","4.1.14","newspaper","comb","eraser","tissue","0","0","space","space","space","NA","space","NA","NA","space","NA","space","NA","space","NA","space","NA","NA","NA","space","NA","NA","NA","1183.0864000000875","3656.8947000000917","7945.908300000156","NA","1183.0864000000875","NA","NA","2642.6970000000147","NA","2748.3408999998937","NA","1812.1132999999681","NA","2691.5784000000276","NA","NA","NA","2907.4071000000113","NA","NA","NA","7748.702500000036","c","17","2","psycho","The grandmother will read the newspaper","1024","2","24000","-16","experiment","23","odd","1","221230.1364","386764.14239999984","384046.58440000005","245669.55080000003","4908.491299999923","221235.95679999993","224898.88389999987","NA","380022.0749","384046.51190000004","379797.5678","NA","221230.2244","NA","NA","378613.7085999999","NA","NA","232850.0495999999","NA","235496.44220000005","NA","238248.67289999998","NA","240065.2768","NA","NA","NA","242761.37930000003","NA","NA","NA","386783.9033","NA","12670.07579999995","380004.89879999985","378603.6876999999","378613.60390000005","384065.98529999994","384022.2348","245669.58150000006","380004.0451","4920.1514999999745","3000","SceneViewing","16","19856.863799999614","16","2560"
"100","100","49_r.wav","1218","1218","#dadada","256","psycho","psycho","psycho","restrictive","1","undefined","undefined","1","NA","undefined","NA","undefined","NA","undefined","NA","undefined","NA","NA","undefined","NA","NA","NA","undefined","0","17","17","0","0","0","0","NA","17","17","17","NA","0","NA","NA","17","0","NA","0","NA","0","NA","0","NA","0","NA","NA","NA","0","NA","NA","NA","17","NA","0","17","17","17","17","17","0","17","0","participant_group8.csv","8","NA","NA","NA","Fri Aug  7 18:12:48 2026","NA","The main experiment item","False","VWP_finalSetup_22_7.osexp","C:\Users\plcm\Desktop\2026-EyeTracking\group-eyeconic\OS2\final_recordings_upl","False","mono","False","20","no","#0c0c0c","no","yes","1440","49","50_pos1_nosub.png","50_pos1_sub.png","psycho","17","17","C:\Users\plcm\Desktop\2026-EyeTracking\group-eyeconic\OS2\final_recordings_upl\subject-23.csv","psycho","Neonatal Nightingale","4.1.14","stamp","envelope","rubberband","scissors","0","0","space","space","space","NA","space","NA","NA","space","NA","space","NA","space","NA","space","NA","NA","NA","space","NA","NA","NA","858.3584999998566","3656.8947000000917","7945.908300000156","NA","858.3584999998566","NA","NA","2642.6970000000147","NA","2748.3408999998937","NA","1812.1132999999681","NA","2691.5784000000276","NA","NA","NA","2907.4071000000113","NA","NA","NA","7748.702500000036","c","18","2","psycho","The man will lick the stamp","1024","2","24000","-16","experiment","23","odd","1","221230.1364","394444.01900000003","391898.95019999996","245669.55080000003","4908.491299999923","221235.95679999993","224898.88389999987","NA","387875.5145","391898.8955999998","387661.49040000007","NA","221230.2244","NA","NA","386802.34150000004","NA","NA","232850.0495999999","NA","235496.44220000005","NA","238248.67289999998","NA","240065.2768","NA","NA","NA","242761.37930000003","NA","NA","NA","394463.23600000003","NA","12670.07579999995","387858.9545","386791.6129999999","386802.13649999996","391918.2028","391875.80049999995","245669.58150000006","387858.57799999986","4920.1514999999745","3000","SceneViewing","17","20715.22229999947","17","2560"
"100","100","33_r.wav","1190","1190","#dadada","256","psycho","psycho","psycho","restrictive","1","undefined","undefined","1","NA","undefined","NA","undefined","NA","undefined","NA","undefined","NA","NA","undefined","NA","NA","NA","undefined","0","18","18","0","0","0","0","NA","18","18","18","NA","0","NA","NA","18","0","NA","0","NA","0","NA","0","NA","0","NA","NA","NA","0","NA","NA","NA","18","NA","0","18","18","18","18","18","0","18","0","participant_group8.csv","8","NA","NA","NA","Fri Aug  7 18:12:48 2026","NA","The main experiment item","False","VWP_finalSetup_22_7.osexp","C:\Users\plcm\Desktop\2026-EyeTracking\group-eyeconic\OS2\final_recordings_upl","False","mono","False","20","no","#0c0c0c","no","yes","1440","33","34_pos1_nosub.png","34_pos1_sub.png","psycho","18","18","C:\Users\plcm\Desktop\2026-EyeTracking\group-eyeconic\OS2\final_recordings_upl\subject-23.csv","psycho","Neonatal Nightingale","4.1.14","suitcase","envelope","box","gift","0","0","space","space","space","NA","space","NA","NA","space","NA","space","NA","space","NA","space","NA","NA","NA","space","NA","NA","NA","715.9271000000299","3656.8947000000917","7945.908300000156","NA","715.9271000000299","NA","NA","2642.6970000000147","NA","2748.3408999998937","NA","1812.1132999999681","NA","2691.5784000000276","NA","NA","NA","2907.4071000000113","NA","NA","NA","7748.702500000036","c","19","2","psycho","The boy will unzip the suitcase","1024","2","24000","-16","experiment","23","odd","1","221230.1364","402524.1486","399449.71439999994","245669.55080000003","4908.491299999923","221235.95679999993","224898.88389999987","NA","395425.2987999998","399449.646","395197.4728","NA","221230.2244","NA","NA","394480.91079999995","NA","NA","232850.0495999999","NA","235496.44220000005","NA","238248.67289999998","NA","240065.2768","NA","NA","NA","242761.37930000003","NA","NA","NA","402543.6459","NA","12670.07579999995","395410.12739999994","394471.30519999994","394480.8017","399469.45860000007","399425.59630000003","245669.58150000006","395409.68329999986","4920.1514999999745","3000","SceneViewing","18","21431.1493999995","18","2560"
"100","100","21_r.wav","1134","1134","#dadada","256","psycho","psycho","psycho","restrictive","1","undefined","undefined","1","NA","undefined","NA","undefined","NA","undefined","NA","undefined","NA","NA","undefined","NA","NA","NA","undefined","0","19","19","0","0","0","0","NA","19","19","19","NA","0","NA","NA","19","0","NA","0","NA","0","NA","0","NA","0","NA","NA","NA","0","NA","NA","NA","19","NA","0","19","19","19","19","19","0","19","0","participant_group8.csv","8","NA","NA","NA","Fri Aug  7 18:12:48 2026","NA","The main experiment item","False","VWP_finalSetup_22_7.osexp","C:\Users\plcm\Desktop\2026-EyeTracking\group-eyeconic\OS2\final_recordings_upl","False","mono","False","20","no","#0c0c0c","no","yes","1440","21","22_pos1_nosub.png","22_pos1_sub.png","psycho","19","19","C:\Users\plcm\Desktop\2026-EyeTracking\group-eyeconic\OS2\final_recordings_upl\subject-23.csv","psycho","Neonatal Nightingale","4.1.14","flower","magazine","vase","cushion","0","0","space","space","space","NA","space","NA","NA","space","NA","space","NA","space","NA","space","NA","NA","NA","space","NA","NA","NA","116.07609999983106","3656.8947000000917","7945.908300000156","NA","116.07609999983106","NA","NA","2642.6970000000147","NA","2748.3408999998937","NA","1812.1132999999681","NA","2691.5784000000276","NA","NA","NA","2907.4071000000113","NA","NA","NA","7748.702500000036","c","20","2","psycho","The woman will water the flower","1024","2","24000","-16","experiment","23","odd","1","221230.1364","409844.01920000004","406931.46920000005","245669.55080000003","4908.491299999923","221235.95679999993","224898.88389999987","NA","402907.76099999994","406931.4127999999","402685.47089999996","NA","221230.2244","NA","NA","402568.7112000001","NA","NA","232850.0495999999","NA","235496.44220000005","NA","238248.67289999998","NA","240065.2768","NA","NA","NA","242761.37930000003","NA","NA","NA","409863.03389999986","NA","12670.07579999995","402890.64329999994","402558.1351999999","402568.54720000003","406951.0573999999","406908.42669999984","245669.58150000006","402890.09029999987","4920.1514999999745","3000","SceneViewing","19","21547.22549999933","19","2560"
"100","100","22_n.wav","1110","1110","#dadada","256","psycho","psycho","psycho","non-restrictive","1","undefined","undefined","1","NA","undefined","NA","undefined","NA","undefined","NA","undefined","NA","NA","undefined","NA","NA","NA","undefined","0","20","20","0","0","0","0","NA","20","20","20","NA","0","NA","NA","20","0","NA","0","NA","0","NA","0","NA","0","NA","NA","NA","0","NA","NA","NA","20","NA","0","20","20","20","20","20","0","20","0","participant_group8.csv","8","NA","NA","NA","Fri Aug  7 18:12:48 2026","NA","The main experiment item","False","VWP_finalSetup_22_7.osexp","C:\Users\plcm\Desktop\2026-EyeTracking\group-eyeconic\OS2\final_recordings_upl","False","mono","False","20","no","#0c0c0c","no","yes","1440","22","23_pos2_nosub.png","23_pos2_sub.png","psycho","20","20","C:\Users\plcm\Desktop\2026-EyeTracking\group-eyeconic\OS2\final_recordings_upl\subject-23.csv","psycho","Neonatal Nightingale","4.1.14","towel","coat","hook","poster","0","0","space","space","space","NA","space","NA","NA","space","NA","space","NA","space","NA","space","NA","NA","NA","space","NA","NA","NA","654.0216999999247","3656.8947000000917","7945.908300000156","NA","654.0216999999247","NA","NA","2642.6970000000147","NA","2748.3408999998937","NA","1812.1132999999681","NA","2691.5784000000276","NA","NA","NA","2907.4071000000113","NA","NA","NA","7748.702500000036","c","21","2","psycho","The girl will hang the coat","1024","2","24000","-16","experiment","23","odd","2","221230.1364","417274.29379999987","414788.2462999999","245669.55080000003","4908.491299999923","221235.95679999993","224898.88389999987","NA","410764.71509999986","414788.1777","410549.5515","NA","221230.2244","NA","NA","409894.7602999999","NA","NA","232850.0495999999","NA","235496.44220000005","NA","238248.67289999998","NA","240065.2768","NA","NA","NA","242761.37930000003","NA","NA","NA","417293.78929999983","NA","12670.07579999995","410749.8627999998","409883.3617999999","409894.4643","414807.53170000005","414764.90880000003","245669.58150000006","410749.2433","4920.1514999999745","3000","SceneViewing","20","22201.247199999256","20","2560"
"100","100","1_r.wav","1329","1329","#dadada","256","psycho","psycho","psycho","restrictive","1","undefined","undefined","1","NA","undefined","NA","undefined","NA","undefined","NA","undefined","NA","NA","undefined","NA","NA","NA","undefined","0","21","21","0","0","0","0","NA","21","21","21","NA","0","NA","NA","21","0","NA","0","NA","0","NA","0","NA","0","NA","NA","NA","0","NA","NA","NA","21","NA","0","21","21","21","21","21","0","21","0","participant_group8.csv","8","NA","NA","NA","Fri Aug  7 18:12:48 2026","NA","The main experiment item","False","VWP_finalSetup_22_7.osexp","C:\Users\plcm\Desktop\2026-EyeTracking\group-eyeconic\OS2\final_recordings_upl","False","mono","False","20","no","#0c0c0c","no","yes","1440","1","2_pos1_nosub.png","2_pos1_sub.png","psycho","21","21","C:\Users\plcm\Desktop\2026-EyeTracking\group-eyeconic\OS2\final_recordings_upl\subject-23.csv","psycho","Neonatal Nightingale","4.1.14","wine","cheese","chair","lipstick","0","0","space","space","space","NA","space","NA","NA","space","NA","space","NA","space","NA","space","NA","NA","NA","space","NA","NA","NA","5712.194800000172","3656.8947000000917","7945.908300000156","NA","5712.194800000172","NA","NA","2642.6970000000147","NA","2748.3408999998937","NA","1812.1132999999681","NA","2691.5784000000276","NA","NA","NA","2907.4071000000113","NA","NA","NA","7748.702500000036","c","22","2","psycho","The woman will drink the wine","1024","2","24000","-16","experiment","23","odd","1","221230.1364","429924.60529999994","427274.449","245669.55080000003","4908.491299999923","221235.95679999993","224898.88389999987","NA","423250.3746","427274.35160000005","423037.3468","NA","221230.2244","NA","NA","417324.54119999986","NA","NA","232850.0495999999","NA","235496.44220000005","NA","238248.67289999998","NA","240065.2768","NA","NA","NA","242761.37930000003","NA","NA","NA","429944.2122999999","NA","12670.07579999995","423234.5568999999","417314.3244999999","417324.39339999994","427293.3754999999","427251.0359999999","245669.58150000006","423233.8546999999","4920.1514999999745","3000","SceneViewing","21","27913.441999999428","21","2560"
"100","100","16_n.wav","1274","1274","#dadada","256","psycho","psycho","psycho","non-restrictive","1","undefined","undefined","1","NA","undefined","NA","undefined","NA","undefined","NA","undefined","NA","NA","undefined","NA","NA","NA","undefined","0","22","22","0","0","0","0","NA","22","22","22","NA","0","NA","NA","22","0","NA","0","NA","0","NA","0","NA","0","NA","NA","NA","0","NA","NA","NA","22","NA","0","22","22","22","22","22","0","22","0","participant_group8.csv","8","NA","NA","NA","Fri Aug  7 18:12:48 2026","NA","The main experiment item","False","VWP_finalSetup_22_7.osexp","C:\Users\plcm\Desktop\2026-EyeTracking\group-eyeconic\OS2\final_recordings_upl","False","mono","False","20","no","#0c0c0c","no","yes","1440","16","17_pos4_nosub.png","17_pos4_sub.png","psycho","22","22","C:\Users\plcm\Desktop\2026-EyeTracking\group-eyeconic\OS2\final_recordings_upl\subject-23.csv","psycho","Neonatal Nightingale","4.1.14","lantern","backpack","ribbon","dress","0","0","space","space","space","NA","space","NA","NA","space","NA","space","NA","space","NA","space","NA","NA","NA","space","NA","NA","NA","127.50260000006529","3656.8947000000917","7945.908300000156","NA","127.50260000006529","NA","NA","2642.6970000000147","NA","2748.3408999998937","NA","1812.1132999999681","NA","2691.5784000000276","NA","NA","NA","2907.4071000000113","NA","NA","NA","7748.702500000036","c","23","2","psycho","The woman will  carry the dress","1024","2","24000","-16","experiment","23","odd","4","221230.1364","437064.04799999995","434331.85860000004","245669.55080000003","4908.491299999923","221235.95679999993","224898.88389999987","NA","430305.82219999994","434331.79659999994","430093.50029999996","NA","221230.2244","NA","NA","429965.2908999999","NA","NA","232850.0495999999","NA","235496.44220000005","NA","238248.67289999998","NA","240065.2768","NA","NA","NA","242761.37930000003","NA","NA","NA","437083.2665","NA","12670.07579999995","430290.2859999999","429955.71259999997","429965.18289999996","434351.2435","434306.0290999999","245669.58150000006","430289.79759999993","4920.1514999999745","3000","SceneViewing","22","28040.944599999493","22","2560"
"100","100","45_r.wav","1275","1275","#dadada","256","psycho","psycho","psycho","restrictive","1","undefined","undefined","1","NA","undefined","NA","undefined","NA","undefined","NA","undefined","NA","NA","undefined","NA","NA","NA","undefined","0","23","23","0","0","0","0","NA","23","23","23","NA","0","NA","NA","23","0","NA","0","NA","0","NA","0","NA","0","NA","NA","NA","0","NA","NA","NA","23","NA","0","23","23","23","23","23","0","23","0","participant_group8.csv","8","NA","NA","NA","Fri Aug  7 18:12:48 2026","NA","The main experiment item","False","VWP_finalSetup_22_7.osexp","C:\Users\plcm\Desktop\2026-EyeTracking\group-eyeconic\OS2\final_recordings_upl","False","mono","False","20","no","#0c0c0c","no","yes","1440","45","46_pos1_nosub.png","46_pos1_sub.png","psycho","23","23","C:\Users\plcm\Desktop\2026-EyeTracking\group-eyeconic\OS2\final_recordings_upl\subject-23.csv","psycho","Neonatal Nightingale","4.1.14","carrot","laddle","peeler","pot","0","0","space","space","space","NA","space","NA","NA","space","NA","space","NA","space","NA","space","NA","NA","NA","space","NA","NA","NA","1287.6533000001218","3656.8947000000917","7945.908300000156","NA","1287.6533000001218","NA","NA","2642.6970000000147","NA","2748.3408999998937","NA","1812.1132999999681","NA","2691.5784000000276","NA","NA","NA","2907.4071000000113","NA","NA","NA","7748.702500000036","c","24","2","psycho","The chef will grate the carrot","1024","2","24000","-16","experiment","23","odd","1","221230.1364","445234.13689999987","442631.5437999999","245669.55080000003","4908.491299999923","221235.95679999993","224898.88389999987","NA","438607.61609999987","442631.4938999999","438389.5138999999","NA","221230.2244","NA","NA","437101.1258999999","NA","NA","232850.0495999999","NA","235496.44220000005","NA","238248.67289999998","NA","240065.2768","NA","NA","NA","242761.37930000003","NA","NA","NA","445253.49759999994","NA","12670.07579999995","438592.0851999999","437090.76000000007","437100.9291","442650.81799999985","442607.8407","245669.58150000006","438591.39770000003","4920.1514999999745","3000","SceneViewing","23","29328.597899999615","23","2560"
"100","100","25_r.wav","1338","1338","#dadada","256","psycho","psycho","psycho","restrictive","1","undefined","undefined","1","NA","undefined","NA","undefined","NA","undefined","NA","undefined","NA","NA","undefined","NA","NA","NA","undefined","0","24","24","0","0","0","0","NA","24","24","24","NA","0","NA","NA","24","0","NA","0","NA","0","NA","0","NA","0","NA","NA","NA","0","NA","NA","NA","24","NA","0","24","24","24","24","24","0","24","0","participant_group8.csv","8","NA","NA","NA","Fri Aug  7 18:12:48 2026","NA","The main experiment item","False","VWP_finalSetup_22_7.osexp","C:\Users\plcm\Desktop\2026-EyeTracking\group-eyeconic\OS2\final_recordings_upl","False","mono","False","20","no","#0c0c0c","no","yes","1440","25","26_pos1_nosub.png","26_pos1_sub.png","psycho","24","24","C:\Users\plcm\Desktop\2026-EyeTracking\group-eyeconic\OS2\final_recordings_upl\subject-23.csv","psycho","Neonatal Nightingale","4.1.14","canvas","keyboard","peach","rope","0","0","space","space","space","NA","space","NA","NA","space","NA","space","NA","space","NA","space","NA","NA","NA","space","NA","NA","NA","2793.0367000001133","3656.8947000000917","7945.908300000156","NA","2793.0367000001133","NA","NA","2642.6970000000147","NA","2748.3408999998937","NA","1812.1132999999681","NA","2691.5784000000276","NA","NA","NA","2907.4071000000113","NA","NA","NA","7748.702500000036","c","25","2","psycho","The man will paint the canvas","1024","2","24000","-16","experiment","23","odd","1","221230.1364","455153.98430000007","452334.03699999984","245669.55080000003","4908.491299999923","221235.95679999993","224898.88389999987","NA","448308.7860000001","452333.96019999986","448077.47459999996","NA","221230.2244","NA","NA","445283.7004999999","NA","NA","232850.0495999999","NA","235496.44220000005","NA","238248.67289999998","NA","240065.2768","NA","NA","NA","242761.37930000003","NA","NA","NA","455172.9619","NA","12670.07579999995","448290.31970000005","445273.57699999993","445283.58219999995","452353.56639999984","452309.201","245669.58150000006","448289.61449999997","4920.1514999999745","3000","SceneViewing","24","32121.63459999973","24","2560"
"100","100","32_n.wav","1331","1331","#dadada","256","psycho","psycho","psycho","non-restrictive","1","undefined","undefined","1","NA","undefined","NA","undefined","NA","undefined","NA","undefined","NA","NA","undefined","NA","NA","NA","undefined","0","25","25","0","0","0","0","NA","25","25","25","NA","0","NA","NA","25","0","NA","0","NA","0","NA","0","NA","0","NA","NA","NA","0","NA","NA","NA","25","NA","0","25","25","25","25","25","0","25","0","participant_group8.csv","8","NA","NA","NA","Fri Aug  7 18:12:48 2026","NA","The main experiment item","False","VWP_finalSetup_22_7.osexp","C:\Users\plcm\Desktop\2026-EyeTracking\group-eyeconic\OS2\final_recordings_upl","False","mono","False","20","no","#0c0c0c","no","yes","1440","32","33_pos4_nosub.png","33_pos4_sub.png","psycho","25","25","C:\Users\plcm\Desktop\2026-EyeTracking\group-eyeconic\OS2\final_recordings_upl\subject-23.csv","psycho","Neonatal Nightingale","4.1.14","mug","biscuit","kettle","beer","0","0","space","space","space","NA","space","NA","NA","space","NA","space","NA","space","NA","space","NA","NA","NA","space","NA","NA","NA","1153.628100000089","3656.8947000000917","7945.908300000156","NA","1153.628100000089","NA","NA","2642.6970000000147","NA","2748.3408999998937","NA","1812.1132999999681","NA","2691.5784000000276","NA","NA","NA","2907.4071000000113","NA","NA","NA","7748.702500000036","c","26","2","psycho","The woman will carry the beer","1024","2","24000","-16","experiment","23","odd","4","221230.1364","463303.997","460616.54909999995","245669.55080000003","4908.491299999923","221235.95679999993","224898.88389999987","NA","456593.07220000005","460616.4945999999","456373.5282","NA","221230.2244","NA","NA","455219.11679999996","NA","NA","232850.0495999999","NA","235496.44220000005","NA","238248.67289999998","NA","240065.2768","NA","NA","NA","242761.37930000003","NA","NA","NA","463323.7196","NA","12670.07579999995","456577.05439999996","455208.77749999997","455218.96300000005","460635.6346","460593.2043999999","245669.58150000006","456576.33059999987","4920.1514999999745","3000","SceneViewing","25","33275.26269999982","25","2560"
"100","100","20_n.wav","1598","1598","#dadada","256","psycho","psycho","psycho","non-restrictive","1","undefined","undefined","1","NA","undefined","NA","undefined","NA","undefined","NA","undefined","NA","NA","undefined","NA","NA","NA","undefined","0","26","26","0","0","0","0","NA","26","26","26","NA","0","NA","NA","26","0","NA","0","NA","0","NA","0","NA","0","NA","NA","NA","0","NA","NA","NA","26","NA","0","26","26","26","26","26","0","26","0","participant_group8.csv","8","NA","NA","NA","Fri Aug  7 18:12:48 2026","NA","The main experiment item","False","VWP_finalSetup_22_7.osexp","C:\Users\plcm\Desktop\2026-EyeTracking\group-eyeconic\OS2\final_recordings_upl","False","mono","False","20","no","#0c0c0c","no","yes","1440","20","21_pos4_nosub.png","21_pos4_sub.png","psycho","26","26","C:\Users\plcm\Desktop\2026-EyeTracking\group-eyeconic\OS2\final_recordings_upl\subject-23.csv","psycho","Neonatal Nightingale","4.1.14","block","crayon","cup","kitten","0","0","space","space","space","NA","space","NA","NA","space","NA","space","NA","space","NA","space","NA","NA","NA","space","NA","NA","NA","8286.791700000118","3656.8947000000917","7945.908300000156","NA","8286.791700000118","NA","NA","2642.6970000000147","NA","2748.3408999998937","NA","1812.1132999999681","NA","2691.5784000000276","NA","NA","NA","2907.4071000000113","NA","NA","NA","7748.702500000036","c","27","2","psycho","The baby will grab the kitten","1024","2","24000","-16","experiment","23","odd","4","221230.1364","478774.2149999999","475879.0253","245669.55080000003","4908.491299999923","221235.95679999993","224898.88389999987","NA","471855.0212","475878.96350000007","471629.36990000005","NA","221230.2244","NA","NA","463341.9838999998","NA","NA","232850.0495999999","NA","235496.44220000005","NA","238248.67289999998","NA","240065.2768","NA","NA","NA","242761.37930000003","NA","NA","NA","478793.36590000003","NA","12670.07579999995","471839.8852","463332.0136","463341.8795","475898.06150000007","475855.45920000004","245669.58150000006","471839.383","4920.1514999999745","3000","SceneViewing","26","41562.054399999935","26","2560"
"100","100","4_n.wav","1564","1564","#dadada","256","psycho","psycho","psycho","non-restrictive","1","undefined","undefined","1","NA","undefined","NA","undefined","NA","undefined","NA","undefined","NA","NA","undefined","NA","NA","NA","undefined","0","27","27","0","0","0","0","NA","27","27","27","NA","0","NA","NA","27","0","NA","0","NA","0","NA","0","NA","0","NA","NA","NA","0","NA","NA","NA","27","NA","0","27","27","27","27","27","0","27","0","participant_group8.csv","8","NA","NA","NA","Fri Aug  7 18:12:48 2026","NA","The main experiment item","False","VWP_finalSetup_22_7.osexp","C:\Users\plcm\Desktop\2026-EyeTracking\group-eyeconic\OS2\final_recordings_upl","False","mono","False","20","no","#0c0c0c","no","yes","1440","4","5_pos4_nosub.png","5_pos4_sub.png","psycho","27","27","C:\Users\plcm\Desktop\2026-EyeTracking\group-eyeconic\OS2\final_recordings_upl\subject-23.csv","psycho","Neonatal Nightingale","4.1.14","paper-plane","acorns","shuttle-cock","ball","0","0","space","space","space","NA","space","NA","NA","space","NA","space","NA","space","NA","space","NA","NA","NA","space","NA","NA","NA","674.1858999998658","3656.8947000000917","7945.908300000156","NA","674.1858999998658","NA","NA","2642.6970000000147","NA","2748.3408999998937","NA","1812.1132999999681","NA","2691.5784000000276","NA","NA","NA","2907.4071000000113","NA","NA","NA","7748.702500000036","c","28","2","psycho","The boy will throw the ball","1024","2","24000","-16","experiment","23","odd","4","221230.1364","486264.2340999998","483727.1206999999","245669.55080000003","4908.491299999923","221235.95679999993","224898.88389999987","NA","479701.61859999987","483727.03369999997","479485.5236999999","NA","221230.2244","NA","NA","478810.59460000007","NA","NA","232850.0495999999","NA","235496.44220000005","NA","238248.67289999998","NA","240065.2768","NA","NA","NA","242761.37930000003","NA","NA","NA","486283.3327999999","NA","12670.07579999995","479684.0135","478800.88329999987","478810.47629999986","483746.4335","483702.1777","245669.58150000006","479683.20879999985","4920.1514999999745","3000","SceneViewing","27","42236.2402999998","27","2560"
"100","100","13_r.wav","1530","1530","#dadada","256","psycho","psycho","psycho","restrictive","1","undefined","undefined","1","NA","undefined","NA","undefined","NA","undefined","NA","undefined","NA","NA","undefined","NA","NA","NA","undefined","0","28","28","0","0","0","0","NA","28","28","28","NA","0","NA","NA","28","0","NA","0","NA","0","NA","0","NA","0","NA","NA","NA","0","NA","NA","NA","28","NA","0","28","28","28","28","28","0","28","0","participant_group8.csv","8","NA","NA","NA","Fri Aug  7 18:12:48 2026","NA","The main experiment item","False","VWP_finalSetup_22_7.osexp","C:\Users\plcm\Desktop\2026-EyeTracking\group-eyeconic\OS2\final_recordings_upl","False","mono","False","20","no","#0c0c0c","no","yes","1440","13","14_pos1_nosub.png","14_pos1_sub.png","psycho","28","28","C:\Users\plcm\Desktop\2026-EyeTracking\group-eyeconic\OS2\final_recordings_upl\subject-23.csv","psycho","Neonatal Nightingale","4.1.14","cigarettes","filofax","briefcase","glasses","0","0","space","space","space","NA","space","NA","NA","space","NA","space","NA","space","NA","space","NA","NA","NA","space","NA","NA","NA","611.277199999895","3656.8947000000917","7945.908300000156","NA","611.277199999895","NA","NA","2642.6970000000147","NA","2748.3408999998937","NA","1812.1132999999681","NA","2691.5784000000276","NA","NA","NA","2907.4071000000113","NA","NA","NA","7748.702500000036","c","29","2","psycho","The man will smoke the cigarettes","1024","2","24000","-16","experiment","23","odd","1","221230.1364","494024.1039","491165.0474999999","245669.55080000003","4908.491299999923","221235.95679999993","224898.88389999987","NA","487139.42399999994","491164.99249999993","486917.47629999986","NA","221230.2244","NA","NA","486305.47490000003","NA","NA","232850.0495999999","NA","235496.44220000005","NA","238248.67289999998","NA","240065.2768","NA","NA","NA","242761.37930000003","NA","NA","NA","494043.0956999999","NA","12670.07579999995","487122.1971999998","486294.9311","486305.34319999994","491184.2388","491139.74480000004","245669.58150000006","487121.61659999995","4920.1514999999745","3000","SceneViewing","28","42847.517499999696","28","2560"
"100","100","5_r.wav","1624","1624","#dadada","256","psycho","psycho","psycho","restrictive","1","undefined","undefined","1","NA","undefined","NA","undefined","NA","undefined","NA","undefined","NA","NA","undefined","NA","NA","NA","undefined","0","29","29","0","0","0","0","NA","29","29","29","NA","0","NA","NA","29","0","NA","0","NA","0","NA","0","NA","0","NA","NA","NA","0","NA","NA","NA","29","NA","0","29","29","29","29","29","0","29","0","participant_group8.csv","8","NA","NA","NA","Fri Aug  7 18:12:48 2026","NA","The main experiment item","False","VWP_finalSetup_22_7.osexp","C:\Users\plcm\Desktop\2026-EyeTracking\group-eyeconic\OS2\final_recordings_upl","False","mono","False","20","no","#0c0c0c","no","yes","1440","5","6_pos1_nosub.png","6_pos1_sub.png","psycho","29","29","C:\Users\plcm\Desktop\2026-EyeTracking\group-eyeconic\OS2\final_recordings_upl\subject-23.csv","psycho","Neonatal Nightingale","4.1.14","mountain","animal","cactus","moon","0","0","space","space","space","NA","space","NA","NA","space","NA","space","NA","space","NA","space","NA","NA","NA","space","NA","NA","NA","4271.414199999999","3656.8947000000917","7945.908300000156","NA","4271.414199999999","NA","NA","2642.6970000000147","NA","2748.3408999998937","NA","1812.1132999999681","NA","2691.5784000000276","NA","NA","NA","2907.4071000000113","NA","NA","NA","7748.702500000036","c","30","2","psycho","The hiker will climb the mountain","1024","2","24000","-16","experiment","23","odd","1","221230.1364","505354.2046","502572.6786999999","245669.55080000003","4908.491299999923","221235.95679999993","224898.88389999987","NA","498549.09099999984","502572.62719999993","498333.5204","NA","221230.2244","NA","NA","494061.3186999999","NA","NA","232850.0495999999","NA","235496.44220000005","NA","238248.67289999998","NA","240065.2768","NA","NA","NA","242761.37930000003","NA","NA","NA","505373.30959999986","NA","12670.07579999995","498532.5415","494050.7522999999","494061.0667999999","502592.3660999999","502549.4197","245669.58150000006","498531.81589999987","4920.1514999999745","3000","SceneViewing","29","47118.931699999695","29","2560"
"100","100","15_r.wav","1682","1682","#dadada","256","psycho","psycho","psycho","restrictive","1","undefined","undefined","1","NA","undefined","NA","undefined","NA","undefined","NA","undefined","NA","NA","undefined","NA","NA","NA","undefined","0","30","30","0","0","0","0","NA","30","30","30","NA","0","NA","NA","30","0","NA","0","NA","0","NA","0","NA","0","NA","NA","NA","0","NA","NA","NA","30","NA","0","30","30","30","30","30","0","30","0","participant_group8.csv","8","NA","NA","NA","Fri Aug  7 18:12:48 2026","NA","The main experiment item","False","VWP_finalSetup_22_7.osexp","C:\Users\plcm\Desktop\2026-EyeTracking\group-eyeconic\OS2\final_recordings_upl","False","mono","False","20","no","#0c0c0c","no","yes","1440","15","16_pos3_nosub.png","16_pos3_sub.png","psycho","30","30","C:\Users\plcm\Desktop\2026-EyeTracking\group-eyeconic\OS2\final_recordings_upl\subject-23.csv","psycho","Neonatal Nightingale","4.1.14","magnifying-glass","folder","hat","wallet","0","0","space","space","space","NA","space","NA","NA","space","NA","space","NA","space","NA","space","NA","NA","NA","space","NA","NA","NA","3352.937200000044","3656.8947000000917","7945.908300000156","NA","3352.937200000044","NA","NA","2642.6970000000147","NA","2748.3408999998937","NA","1812.1132999999681","NA","2691.5784000000276","NA","NA","NA","2907.4071000000113","NA","NA","NA","7748.702500000036","c","31","2","psycho","The businessman will wear the hat","1024","2","24000","-16","experiment","23","odd","3","221230.1364","515984.2928999999","513005.0953","245669.55080000003","4908.491299999923","221235.95679999993","224898.88389999987","NA","508981.84849999985","513005.0377","508757.6692","NA","221230.2244","NA","NA","505403.92099999986","NA","NA","232850.0495999999","NA","235496.44220000005","NA","238248.67289999998","NA","240065.2768","NA","NA","NA","242761.37930000003","NA","NA","NA","516003.98849999986","NA","12670.07579999995","508966.01050000003","505393.3373","505403.4833999999","513024.4461","512982.46670000005","245669.58150000006","508965.16499999986","4920.1514999999745","3000","SceneViewing","30","50471.86889999974","30","2560"
"100","100","48_n.wav","1645","1645","#dadada","256","psycho","psycho","psycho","non-restrictive","1","undefined","undefined","1","NA","undefined","NA","undefined","NA","undefined","NA","undefined","NA","NA","undefined","NA","NA","NA","undefined","0","31","31","0","0","0","0","NA","31","31","31","NA","0","NA","NA","31","0","NA","0","NA","0","NA","0","NA","0","NA","NA","NA","0","NA","NA","NA","31","NA","0","31","31","31","31","31","0","31","0","participant_group8.csv","8","NA","NA","NA","Fri Aug  7 18:12:48 2026","NA","The main experiment item","False","VWP_finalSetup_22_7.osexp","C:\Users\plcm\Desktop\2026-EyeTracking\group-eyeconic\OS2\final_recordings_upl","False","mono","False","20","no","#0c0c0c","no","yes","1440","48","49_pos4_nosub.png","49_pos4_sub.png","psycho","31","31","C:\Users\plcm\Desktop\2026-EyeTracking\group-eyeconic\OS2\final_recordings_upl\subject-23.csv","psycho","Neonatal Nightingale","4.1.14","pump","flag","pouch","balloon","0","0","space","space","space","NA","space","NA","NA","space","NA","space","NA","space","NA","space","NA","NA","NA","space","NA","NA","NA","543.9398999999394","3656.8947000000917","7945.908300000156","NA","543.9398999999394","NA","NA","2642.6970000000147","NA","2748.3408999998937","NA","1812.1132999999681","NA","2691.5784000000276","NA","NA","NA","2907.4071000000113","NA","NA","NA","7748.702500000036","c","32","2","psycho","The child will carry the balloon","1024","2","24000","-16","experiment","23","odd","4","221230.1364","523804.1398","520803.5737999999","245669.55080000003","4908.491299999923","221235.95679999993","224898.88389999987","NA","516779.27629999997","520803.5","516565.4121","NA","221230.2244","NA","NA","516020.755","NA","NA","232850.0495999999","NA","235496.44220000005","NA","238248.67289999998","NA","240065.2768","NA","NA","NA","242761.37930000003","NA","NA","NA","523823.9827999998","NA","12670.07579999995","516762.60379999987","516011.18559999985","516020.6547999999","520822.48869999987","520779.9809000001","245669.58150000006","516762.0075","4920.1514999999745","3000","SceneViewing","31","51015.80879999968","31","2560"
"100","100","28_n.wav","1612","1612","#dadada","256","psycho","psycho","psycho","non-restrictive","1","undefined","undefined","1","NA","undefined","NA","undefined","NA","undefined","NA","undefined","NA","NA","undefined","NA","NA","NA","undefined","0","32","32","0","0","0","0","NA","32","32","32","NA","0","NA","NA","32","0","NA","0","NA","0","NA","0","NA","0","NA","NA","NA","0","NA","NA","NA","32","NA","0","32","32","32","32","32","0","32","0","participant_group8.csv","8","NA","NA","NA","Fri Aug  7 18:12:48 2026","NA","The main experiment item","False","VWP_finalSetup_22_7.osexp","C:\Users\plcm\Desktop\2026-EyeTracking\group-eyeconic\OS2\final_recordings_upl","False","mono","False","20","no","#0c0c0c","no","yes","1440","28","29_pos4_nosub.png","29_pos4_sub.png","psycho","32","32","C:\Users\plcm\Desktop\2026-EyeTracking\group-eyeconic\OS2\final_recordings_upl\subject-23.csv","psycho","Neonatal Nightingale","4.1.14","glove","nut","sock","milk","0","0","space","space","space","NA","space","NA","NA","space","NA","space","NA","space","NA","space","NA","NA","NA","space","NA","NA","NA","580.4076000002096","3656.8947000000917","7945.908300000156","NA","580.4076000002096","NA","NA","2642.6970000000147","NA","2748.3408999998937","NA","1812.1132999999681","NA","2691.5784000000276","NA","NA","NA","2907.4071000000113","NA","NA","NA","7748.702500000036","c","33","2","psycho","The cat will push the milk","1024","2","24000","-16","experiment","23","odd","4","221230.1364","531084.3112999998","528674.3787","245669.55080000003","4908.491299999923","221235.95679999993","224898.88389999987","NA","524650.2409","528674.3160999999","524429.5227","NA","221230.2244","NA","NA","523848.3586999998","NA","NA","232850.0495999999","NA","235496.44220000005","NA","238248.67289999998","NA","240065.2768","NA","NA","NA","242761.37930000003","NA","NA","NA","531103.3525999999","NA","12670.07579999995","524633.5547999999","523837.2921","523848.1833999999","528693.5887","528650.5368","245669.58150000006","524632.9702999999","4920.1514999999745","3000","SceneViewing","32","51596.21639999989","32","2560"
"100","100","37_r.wav","1565","1565","#dadada","256","psycho","psycho","psycho","restrictive","1","undefined","undefined","1","NA","undefined","NA","undefined","NA","undefined","NA","undefined","NA","NA","undefined","NA","NA","NA","undefined","0","33","33","0","0","0","0","NA","33","33","33","NA","0","NA","NA","33","0","NA","0","NA","0","NA","0","NA","0","NA","NA","NA","0","NA","NA","NA","33","NA","0","33","33","33","33","33","0","33","0","participant_group8.csv","8","NA","NA","NA","Fri Aug  7 18:12:48 2026","NA","The main experiment item","False","VWP_finalSetup_22_7.osexp","C:\Users\plcm\Desktop\2026-EyeTracking\group-eyeconic\OS2\final_recordings_upl","False","mono","False","20","no","#0c0c0c","no","yes","1440","37","38_pos1_nosub.png","38_pos1_sub.png","psycho","33","33","C:\Users\plcm\Desktop\2026-EyeTracking\group-eyeconic\OS2\final_recordings_upl\subject-23.csv","psycho","Neonatal Nightingale","4.1.14","banana","mitten","marker","key","0","0","space","space","space","NA","space","NA","NA","space","NA","space","NA","space","NA","space","NA","NA","NA","space","NA","NA","NA","54.31990000011865","3656.8947000000917","7945.908300000156","NA","54.31990000011865","NA","NA","2642.6970000000147","NA","2748.3408999998937","NA","1812.1132999999681","NA","2691.5784000000276","NA","NA","NA","2907.4071000000113","NA","NA","NA","7748.702500000036","c","34","2","psycho","The boy will peel the banana","1024","2","24000","-16","experiment","23","odd","1","221230.1364","538204.1692","535436.1425","245669.55080000003","4908.491299999923","221235.95679999993","224898.88389999987","NA","531412.5181","535436.0904","531189.7225999999","NA","221230.2244","NA","NA","531134.4241","NA","NA","232850.0495999999","NA","235496.44220000005","NA","238248.67289999998","NA","240065.2768","NA","NA","NA","242761.37930000003","NA","NA","NA","538223.5978999999","NA","12670.07579999995","531396.1318","531124.0997999999","531134.2792999999","535455.4166","535412.6432999999","245669.58150000006","531395.4827999999","4920.1514999999745","3000","SceneViewing","33","51650.53630000001","33","2560"
"100","100","8_n.wav","1532","1532","#dadada","256","psycho","psycho","psycho","non-restrictive","1","undefined","undefined","1","NA","undefined","NA","undefined","NA","undefined","NA","undefined","NA","NA","undefined","NA","NA","NA","undefined","0","34","34","0","0","0","0","NA","34","34","34","NA","0","NA","NA","34","0","NA","0","NA","0","NA","0","NA","0","NA","NA","NA","0","NA","NA","NA","34","NA","0","34","34","34","34","34","0","34","0","participant_group8.csv","8","NA","NA","NA","Fri Aug  7 18:12:48 2026","NA","The main experiment item","False","VWP_finalSetup_22_7.osexp","C:\Users\plcm\Desktop\2026-EyeTracking\group-eyeconic\OS2\final_recordings_upl","False","mono","False","20","no","#0c0c0c","no","yes","1440","8","9_pos4_nosub.png","9_pos4_sub.png","psycho","34","34","C:\Users\plcm\Desktop\2026-EyeTracking\group-eyeconic\OS2\final_recordings_upl\subject-23.csv","psycho","Neonatal Nightingale","4.1.14","table","telephone","television","piano","0","0","space","space","space","NA","space","NA","NA","space","NA","space","NA","space","NA","space","NA","NA","NA","space","NA","NA","NA","447.2444999999134","3656.8947000000917","7945.908300000156","NA","447.2444999999134","NA","NA","2642.6970000000147","NA","2748.3408999998937","NA","1812.1132999999681","NA","2691.5784000000276","NA","NA","NA","2907.4071000000113","NA","NA","NA","7748.702500000036","c","35","2","psycho","The woman will dust the piano","1024","2","24000","-16","experiment","23","odd","4","221230.1364","545934.1918","542934.6152","245669.55080000003","4908.491299999923","221235.95679999993","224898.88389999987","NA","538909.1639999999","542934.5412","538693.6685","NA","221230.2244","NA","NA","538245.621","NA","NA","232850.0495999999","NA","235496.44220000005","NA","238248.67289999998","NA","240065.2768","NA","NA","NA","242761.37930000003","NA","NA","NA","545953.2001999998","NA","12670.07579999995","538893.2442000001","538235.0316","538245.4943","542954.0007000001","542909.369","245669.58150000006","538892.5294000001","4920.1514999999745","3000","SceneViewing","34","52097.78079999992","34","2560"
"100","100","39_r.wav","1519","1519","#dadada","256","psycho","psycho","psycho","restrictive","1","undefined","undefined","1","NA","undefined","NA","undefined","NA","undefined","NA","undefined","NA","NA","undefined","NA","NA","NA","undefined","0","35","35","0","0","0","0","NA","35","35","35","NA","0","NA","NA","35","0","NA","0","NA","0","NA","0","NA","0","NA","NA","NA","0","NA","NA","NA","35","NA","0","35","35","35","35","35","0","35","0","participant_group8.csv","8","NA","NA","NA","Fri Aug  7 18:12:48 2026","NA","The main experiment item","False","VWP_finalSetup_22_7.osexp","C:\Users\plcm\Desktop\2026-EyeTracking\group-eyeconic\OS2\final_recordings_upl","False","mono","False","20","no","#0c0c0c","no","yes","1440","39","40_pos3_nosub.png","40_pos3_sub.png","psycho","35","35","C:\Users\plcm\Desktop\2026-EyeTracking\group-eyeconic\OS2\final_recordings_upl\subject-23.csv","psycho","Neonatal Nightingale","4.1.14","mat","buckle","shoelace","shampoo","0","0","space","space","space","NA","space","NA","NA","space","NA","space","NA","space","NA","space","NA","NA","NA","space","NA","NA","NA","1100.4375","3656.8947000000917","7945.908300000156","NA","1100.4375","NA","NA","2642.6970000000147","NA","2748.3408999998937","NA","1812.1132999999681","NA","2691.5784000000276","NA","NA","NA","2907.4071000000113","NA","NA","NA","7748.702500000036","c","36","2","psycho","The boy will tie the shoelace","1024","2","24000","-16","experiment","23","odd","3","221230.1364","553934.4492999999","551334.2777999999","245669.55080000003","4908.491299999923","221235.95679999993","224898.88389999987","NA","547310.4785999999","551334.2304999998","547085.4787999999","NA","221230.2244","NA","NA","545984.3914000001","NA","NA","232850.0495999999","NA","235496.44220000005","NA","238248.67289999998","NA","240065.2768","NA","NA","NA","242761.37930000003","NA","NA","NA","553953.9336","NA","12670.07579999995","547294.2762999999","545973.8925","545984.1538000001","551353.6663","551310.6295999999","245669.58150000006","547293.2581999998","4920.1514999999745","3000","SceneViewing","35","53198.21829999992","35","2560"
"100","100","19_r.wav","1480","1480","#dadada","256","psycho","psycho","psycho","restrictive","1","undefined","undefined","1","NA","undefined","NA","undefined","NA","undefined","NA","undefined","NA","NA","undefined","NA","NA","NA","undefined","0","36","36","0","0","0","0","NA","36","36","36","NA","0","NA","NA","36","0","NA","0","NA","0","NA","0","NA","0","NA","NA","NA","0","NA","NA","NA","36","NA","0","36","36","36","36","36","0","36","0","participant_group8.csv","8","NA","NA","NA","Fri Aug  7 18:12:48 2026","NA","The main experiment item","False","VWP_finalSetup_22_7.osexp","C:\Users\plcm\Desktop\2026-EyeTracking\group-eyeconic\OS2\final_recordings_upl","False","mono","False","20","no","#0c0c0c","no","yes","1440","19","20_pos3_nosub.png","20_pos3_sub.png","psycho","36","36","C:\Users\plcm\Desktop\2026-EyeTracking\group-eyeconic\OS2\final_recordings_upl\subject-23.csv","psycho","Neonatal Nightingale","4.1.14","spatula","bowl","bread","spoon","0","0","space","space","space","NA","space","NA","NA","space","NA","space","NA","space","NA","space","NA","NA","NA","space","NA","NA","NA","85.4083999999566","3656.8947000000917","7945.908300000156","NA","85.4083999999566","NA","NA","2642.6970000000147","NA","2748.3408999998937","NA","1812.1132999999681","NA","2691.5784000000276","NA","NA","NA","2907.4071000000113","NA","NA","NA","7748.702500000036","c","37","2","psycho","The chef will slice the bread","1024","2","24000","-16","experiment","23","odd","3","221230.1364","560864.2043999998","558302.0827","245669.55080000003","4908.491299999923","221235.95679999993","224898.88389999987","NA","554277.5343999999","558302.0214000001","554069.5364999999","NA","221230.2244","NA","NA","553983.3236","NA","NA","232850.0495999999","NA","235496.44220000005","NA","238248.67289999998","NA","240065.2768","NA","NA","NA","242761.37930000003","NA","NA","NA","560883.6675999998","NA","12670.07579999995","554262.2750999999","553974.0973999999","553983.2278999999","558322.0082999999","558277.7165","245669.58150000006","554261.7054","4920.1514999999745","3000","SceneViewing","36","53283.62669999988","36","2560"
"100","100","17_r.wav","1454","1454","#dadada","256","psycho","psycho","psycho","restrictive","1","undefined","undefined","1","NA","undefined","NA","undefined","NA","undefined","NA","undefined","NA","NA","undefined","NA","NA","NA","undefined","0","37","37","0","0","0","0","NA","37","37","37","NA","0","NA","NA","37","0","NA","0","NA","0","NA","0","NA","0","NA","NA","NA","0","NA","NA","NA","37","NA","0","37","37","37","37","37","0","37","0","participant_group8.csv","8","NA","NA","NA","Fri Aug  7 18:12:48 2026","NA","The main experiment item","False","VWP_finalSetup_22_7.osexp","C:\Users\plcm\Desktop\2026-EyeTracking\group-eyeconic\OS2\final_recordings_upl","False","mono","False","20","no","#0c0c0c","no","yes","1440","17","18_pos1_nosub.png","18_pos1_sub.png","psycho","37","37","C:\Users\plcm\Desktop\2026-EyeTracking\group-eyeconic\OS2\final_recordings_upl\subject-23.csv","psycho","Neonatal Nightingale","4.1.14","wood","bucket","stone","rope","0","0","space","space","space","NA","space","NA","NA","space","NA","space","NA","space","NA","space","NA","NA","NA","space","NA","NA","NA","550.49599999981","3656.8947000000917","7945.908300000156","NA","550.49599999981","NA","NA","2642.6970000000147","NA","2748.3408999998937","NA","1812.1132999999681","NA","2691.5784000000276","NA","NA","NA","2907.4071000000113","NA","NA","NA","7748.702500000036","c","38","2","psycho","The man will chop the wood","1024","2","24000","-16","experiment","23","odd","1","221230.1364","568164.0531999998","565689.3986","245669.55080000003","4908.491299999923","221235.95679999993","224898.88389999987","NA","561665.5765000001","565689.345","561453.4171999999","NA","221230.2244","NA","NA","560902.2456","NA","NA","232850.0495999999","NA","235496.44220000005","NA","238248.67289999998","NA","240065.2768","NA","NA","NA","242761.37930000003","NA","NA","NA","568183.2838999999","NA","12670.07579999995","561649.5460999999","560891.331","560901.9861","565708.3149999998","565665.8193999999","245669.58150000006","561649.0847","4920.1514999999745","3000","SceneViewing","37","53834.12269999969","37","2560"
"100","100","27_r.wav","1456","1456","#dadada","256","psycho","psycho","psycho","restrictive","1","undefined","undefined","1","NA","undefined","NA","undefined","NA","undefined","NA","undefined","NA","NA","undefined","NA","NA","NA","undefined","0","38","38","0","0","0","0","NA","38","38","38","NA","0","NA","NA","38","0","NA","0","NA","0","NA","0","NA","0","NA","NA","NA","0","NA","NA","NA","38","NA","0","38","38","38","38","38","0","38","0","participant_group8.csv","8","NA","NA","NA","Fri Aug  7 18:12:48 2026","NA","The main experiment item","False","VWP_finalSetup_22_7.osexp","C:\Users\plcm\Desktop\2026-EyeTracking\group-eyeconic\OS2\final_recordings_upl","False","mono","False","20","no","#0c0c0c","no","yes","1440","27","28_pos3_nosub.png","28_pos3_sub.png","psycho","38","38","C:\Users\plcm\Desktop\2026-EyeTracking\group-eyeconic\OS2\final_recordings_upl\subject-23.csv","psycho","Neonatal Nightingale","4.1.14","frame","picture","lamp","switch","0","0","space","space","space","NA","space","NA","NA","space","NA","space","NA","space","NA","space","NA","NA","NA","space","NA","NA","NA","1501.3117999999085","3656.8947000000917","7945.908300000156","NA","1501.3117999999085","NA","NA","2642.6970000000147","NA","2748.3408999998937","NA","1812.1132999999681","NA","2691.5784000000276","NA","NA","NA","2907.4071000000113","NA","NA","NA","7748.702500000036","c","39","2","psycho","The boy will dim the lamp","1024","2","24000","-16","experiment","23","odd","3","221230.1364","576313.9639999999","573954.4204","245669.55080000003","4908.491299999923","221235.95679999993","224898.88389999987","NA","569930.3181","573954.3721999999","569709.5989","NA","221230.2244","NA","NA","568207.4548999999","NA","NA","232850.0495999999","NA","235496.44220000005","NA","238248.67289999998","NA","240065.2768","NA","NA","NA","242761.37930000003","NA","NA","NA","576333.0414","NA","12670.07579999995","569915.2091999999","568196.4602999999","568207.3527999999","573973.7476999998","573930.725","245669.58150000006","569914.5384999999","4920.1514999999745","3000","SceneViewing","38","55335.434499999596","38","2560"
"100","100","12_n.wav","1442","1442","#dadada","256","psycho","psycho","psycho","non-restrictive","1","undefined","undefined","1","NA","undefined","NA","undefined","NA","undefined","NA","undefined","NA","NA","undefined","NA","NA","NA","undefined","0","39","39","0","0","0","0","NA","39","39","39","NA","0","NA","NA","39","0","NA","0","NA","0","NA","0","NA","0","NA","NA","NA","0","NA","NA","NA","39","NA","0","39","39","39","39","39","0","39","0","participant_group8.csv","8","NA","NA","NA","Fri Aug  7 18:12:48 2026","NA","The main experiment item","False","VWP_finalSetup_22_7.osexp","C:\Users\plcm\Desktop\2026-EyeTracking\group-eyeconic\OS2\final_recordings_upl","False","mono","False","20","no","#0c0c0c","no","yes","1440","12","13_pos4_nosub.png","13_pos4_sub.png","psycho","39","39","C:\Users\plcm\Desktop\2026-EyeTracking\group-eyeconic\OS2\final_recordings_upl\subject-23.csv","psycho","Neonatal Nightingale","4.1.14","birds","sun","car","boat","0","0","space","space","space","NA","space","NA","NA","space","NA","space","NA","space","NA","space","NA","NA","NA","space","NA","NA","NA","917.798700000043","3656.8947000000917","7945.908300000156","NA","917.798700000043","NA","NA","2642.6970000000147","NA","2748.3408999998937","NA","1812.1132999999681","NA","2691.5784000000276","NA","NA","NA","2907.4071000000113","NA","NA","NA","7748.702500000036","c","40","2","psycho","The man will watch the boat","1024","2","24000","-16","experiment","23","odd","4","221230.1364","583994.7634","581499.6586","245669.55080000003","4908.491299999923","221235.95679999993","224898.88389999987","NA","577474.9731","581499.6051999999","577269.4169","NA","221230.2244","NA","NA","576350.9801999999","NA","NA","232850.0495999999","NA","235496.44220000005","NA","238248.67289999998","NA","240065.2768","NA","NA","NA","242761.37930000003","NA","NA","NA","584014.6686000001","NA","12670.07579999995","577459.2929","576340.7050999999","576350.8331999999","581519.2032999998","581475.1091","245669.58150000006","577458.8325","4920.1514999999745","3000","SceneViewing","39","56253.23319999964","39","2560"
"100","100","38_n.wav","1433","1433","#dadada","256","psycho","psycho","psycho","non-restrictive","1","undefined","undefined","1","NA","undefined","NA","undefined","NA","undefined","NA","undefined","NA","NA","undefined","NA","NA","NA","undefined","0","40","40","0","0","0","0","NA","40","40","40","NA","0","NA","NA","40","0","NA","0","NA","0","NA","0","NA","0","NA","NA","NA","0","NA","NA","NA","40","NA","0","40","40","40","40","40","0","40","0","participant_group8.csv","8","NA","NA","NA","Fri Aug  7 18:12:48 2026","NA","The main experiment item","False","VWP_finalSetup_22_7.osexp","C:\Users\plcm\Desktop\2026-EyeTracking\group-eyeconic\OS2\final_recordings_upl","False","mono","False","20","no","#0c0c0c","no","yes","1440","38","39_pos2_nosub.png","39_pos2_sub.png","psycho","40","40","C:\Users\plcm\Desktop\2026-EyeTracking\group-eyeconic\OS2\final_recordings_upl\subject-23.csv","psycho","Neonatal Nightingale","4.1.14","cloth","apron","mop","broom","0","0","space","space","space","NA","space","NA","NA","space","NA","space","NA","space","NA","space","NA","NA","NA","space","NA","NA","NA","1094.075899999938","3656.8947000000917","7945.908300000156","NA","1094.075899999938","NA","NA","2642.6970000000147","NA","2748.3408999998937","NA","1812.1132999999681","NA","2691.5784000000276","NA","NA","NA","2907.4071000000113","NA","NA","NA","7748.702500000036","c","41","2","psycho","The woman will carry the apron","1024","2","24000","-16","experiment","23","odd","2","221230.1364","592224.0608","589373.3278","245669.55080000003","4908.491299999923","221235.95679999993","224898.88389999987","NA","585347.7364","589373.2613","585133.5155","NA","221230.2244","NA","NA","584038.6552999999","NA","NA","232850.0495999999","NA","235496.44220000005","NA","238248.67289999998","NA","240065.2768","NA","NA","NA","242761.37930000003","NA","NA","NA","592243.5945","NA","12670.07579999995","585332.6408999999","584028.4382999998","584038.5231","589392.1584","589348.3764999999","245669.58150000006","585332.0400999999","4920.1514999999745","3000","SceneViewing","40","57347.30909999958","40","2560"
"100","100","30_n.wav","1414","1414","#dadada","256","psycho","psycho","psycho","non-restrictive","1","undefined","undefined","1","NA","undefined","NA","undefined","NA","undefined","NA","undefined","NA","NA","undefined","NA","NA","NA","undefined","0","41","41","0","0","0","0","NA","41","41","41","NA","0","NA","NA","41","0","NA","0","NA","0","NA","0","NA","0","NA","NA","NA","0","NA","NA","NA","41","NA","0","41","41","41","41","41","0","41","0","participant_group8.csv","8","NA","NA","NA","Fri Aug  7 18:12:48 2026","NA","The main experiment item","False","VWP_finalSetup_22_7.osexp","C:\Users\plcm\Desktop\2026-EyeTracking\group-eyeconic\OS2\final_recordings_upl","False","mono","False","20","no","#0c0c0c","no","yes","1440","30","31_pos2_nosub.png","31_pos2_sub.png","psycho","41","41","C:\Users\plcm\Desktop\2026-EyeTracking\group-eyeconic\OS2\final_recordings_upl\subject-23.csv","psycho","Neonatal Nightingale","4.1.14","headphones","dice","cap","watch","0","0","space","space","space","NA","space","NA","NA","space","NA","space","NA","space","NA","space","NA","NA","NA","space","NA","NA","NA","641.0692999999737","3656.8947000000917","7945.908300000156","NA","641.0692999999737","NA","NA","2642.6970000000147","NA","2748.3408999998937","NA","1812.1132999999681","NA","2691.5784000000276","NA","NA","NA","2907.4071000000113","NA","NA","NA","7748.702500000036","c","42","2","psycho","The girl will grab the dice","1024","2","24000","-16","experiment","23","odd","2","221230.1364","599844.1550999999","597151.6111999999","245669.55080000003","4908.491299999923","221235.95679999993","224898.88389999987","NA","593126.4149999999","597151.5593","592917.4008","NA","221230.2244","NA","NA","592275.6339","NA","NA","232850.0495999999","NA","235496.44220000005","NA","238248.67289999998","NA","240065.2768","NA","NA","NA","242761.37930000003","NA","NA","NA","599863.347","NA","12670.07579999995","593111.1317","592264.0245999999","592275.5059999999","597171.1386","597126.7106","245669.58150000006","593110.5548999999","4920.1514999999745","3000","SceneViewing","41","57988.37839999955","41","2560"
"100","100","31_r.wav","1403","1403","#dadada","256","psycho","psycho","psycho","restrictive","1","undefined","undefined","1","NA","undefined","NA","undefined","NA","undefined","NA","undefined","NA","NA","undefined","NA","NA","NA","undefined","0","42","42","0","0","0","0","NA","42","42","42","NA","0","NA","NA","42","0","NA","0","NA","0","NA","0","NA","0","NA","NA","NA","0","NA","NA","NA","42","NA","0","42","42","42","42","42","0","42","0","participant_group8.csv","8","NA","NA","NA","Fri Aug  7 18:12:48 2026","NA","The main experiment item","False","VWP_finalSetup_22_7.osexp","C:\Users\plcm\Desktop\2026-EyeTracking\group-eyeconic\OS2\final_recordings_upl","False","mono","False","20","no","#0c0c0c","no","yes","1440","31","32_pos3_nosub.png","32_pos3_sub.png","psycho","42","42","C:\Users\plcm\Desktop\2026-EyeTracking\group-eyeconic\OS2\final_recordings_upl\subject-23.csv","psycho","Neonatal Nightingale","4.1.14","sponge","seed","bottle","lemon","0","0","space","space","space","NA","space","NA","NA","space","NA","space","NA","space","NA","space","NA","NA","NA","space","NA","NA","NA","979.2828000000445","3656.8947000000917","7945.908300000156","NA","979.2828000000445","NA","NA","2642.6970000000147","NA","2748.3408999998937","NA","1812.1132999999681","NA","2691.5784000000276","NA","NA","NA","2907.4071000000113","NA","NA","NA","7748.702500000036","c","43","2","psycho","The woman will open the bottle","1024","2","24000","-16","experiment","23","odd","3","221230.1364","607843.9298999999","605103.4001999999","245669.55080000003","4908.491299999923","221235.95679999993","224898.88389999987","NA","601078.8892999999","605103.3161999999","600861.6514999999","NA","221230.2244","NA","NA","599881.4552999999","NA","NA","232850.0495999999","NA","235496.44220000005","NA","238248.67289999998","NA","240065.2768","NA","NA","NA","242761.37930000003","NA","NA","NA","607863.6453","NA","12670.07579999995","601062.2713999999","599870.8927999999","599881.3274","605122.8005999998","605079.1279999999","245669.58150000006","601061.5965","4920.1514999999745","3000","SceneViewing","42","58967.661199999595","42","2560"
"100","100","35_r.wav","1395","1395","#dadada","256","psycho","psycho","psycho","restrictive","1","undefined","undefined","1","NA","undefined","NA","undefined","NA","undefined","NA","undefined","NA","NA","undefined","NA","NA","NA","undefined","0","43","43","0","0","0","0","NA","43","43","43","NA","0","NA","NA","43","0","NA","0","NA","0","NA","0","NA","0","NA","NA","NA","0","NA","NA","NA","43","NA","0","43","43","43","43","43","0","43","0","participant_group8.csv","8","NA","NA","NA","Fri Aug  7 18:12:48 2026","NA","The main experiment item","False","VWP_finalSetup_22_7.osexp","C:\Users\plcm\Desktop\2026-EyeTracking\group-eyeconic\OS2\final_recordings_upl","False","mono","False","20","no","#0c0c0c","no","yes","1440","35","36_pos3_nosub.png","36_pos3_sub.png","psycho","43","43","C:\Users\plcm\Desktop\2026-EyeTracking\group-eyeconic\OS2\final_recordings_upl\subject-23.csv","psycho","Neonatal Nightingale","4.1.14","mirror","pot","mascara","brush","0","0","space","space","space","NA","space","NA","NA","space","NA","space","NA","space","NA","space","NA","NA","NA","space","NA","NA","NA","1059.2578000000212","3656.8947000000917","7945.908300000156","NA","1059.2578000000212","NA","NA","2642.6970000000147","NA","2748.3408999998937","NA","1812.1132999999681","NA","2691.5784000000276","NA","NA","NA","2907.4071000000113","NA","NA","NA","7748.702500000036","c","44","2","psycho","The girl will apply the mascara","1024","2","24000","-16","experiment","23","odd","3","221230.1364","616244.1573999999","613177.6331999999","245669.55080000003","4908.491299999923","221235.95679999993","224898.88389999987","NA","609153.5328","613177.5783","608941.5863","NA","221230.2244","NA","NA","607881.455","NA","NA","232850.0495999999","NA","235496.44220000005","NA","238248.67289999998","NA","240065.2768","NA","NA","NA","242761.37930000003","NA","NA","NA","616263.4572","NA","12670.07579999995","609137.3615","607871.5949999999","607881.3221","613197.2940000001","613153.8963","245669.58150000006","609136.8341999998","4920.1514999999745","3000","SceneViewing","43","60026.918999999616","43","2560"
"100","100","36_n.wav","1388","1388","#dadada","256","psycho","psycho","psycho","non-restrictive","1","undefined","undefined","1","NA","undefined","NA","undefined","NA","undefined","NA","undefined","NA","NA","undefined","NA","NA","NA","undefined","0","44","44","0","0","0","0","NA","44","44","44","NA","0","NA","NA","44","0","NA","0","NA","0","NA","0","NA","0","NA","NA","NA","0","NA","NA","NA","44","NA","0","44","44","44","44","44","0","44","0","participant_group8.csv","8","NA","NA","NA","Fri Aug  7 18:12:48 2026","NA","The main experiment item","False","VWP_finalSetup_22_7.osexp","C:\Users\plcm\Desktop\2026-EyeTracking\group-eyeconic\OS2\final_recordings_upl","False","mono","False","20","no","#0c0c0c","no","yes","1440","36","37_pos4_nosub.png","37_pos4_sub.png","psycho","44","44","C:\Users\plcm\Desktop\2026-EyeTracking\group-eyeconic\OS2\final_recordings_upl\subject-23.csv","psycho","Neonatal Nightingale","4.1.14","papers","boxes","clips","lego","0","0","space","space","space","NA","space","NA","NA","space","NA","space","NA","space","NA","space","NA","NA","NA","space","NA","NA","NA","1064.5727000001352","3656.8947000000917","7945.908300000156","NA","1064.5727000001352","NA","NA","2642.6970000000147","NA","2748.3408999998937","NA","1812.1132999999681","NA","2691.5784000000276","NA","NA","NA","2907.4071000000113","NA","NA","NA","7748.702500000036","c","45","2","psycho","The kid will stack the lego","1024","2","24000","-16","experiment","23","odd","4","221230.1364","624374.0166","621593.2021999999","245669.55080000003","4908.491299999923","221235.95679999993","224898.88389999987","NA","617569.4693","621593.1366","617357.4017999999","NA","221230.2244","NA","NA","616292.1140999999","NA","NA","232850.0495999999","NA","235496.44220000005","NA","238248.67289999998","NA","240065.2768","NA","NA","NA","242761.37930000003","NA","NA","NA","624393.4306999999","NA","12670.07579999995","617552.3449999999","616282.1604999999","616291.8622","621612.5704999999","621569.6290999999","245669.58150000006","617551.7892999998","4920.1514999999745","3000","SceneViewing","44","61091.49169999975","44","2560"
"100","100","2_n.wav","1373","1373","#dadada","256","psycho","psycho","psycho","non-restrictive","1","undefined","undefined","1","NA","undefined","NA","undefined","NA","undefined","NA","undefined","NA","NA","undefined","NA","NA","NA","undefined","0","45","45","0","0","0","0","NA","45","45","45","NA","0","NA","NA","45","0","NA","0","NA","0","NA","0","NA","0","NA","NA","NA","0","NA","NA","NA","45","NA","0","45","45","45","45","45","0","45","0","participant_group8.csv","8","NA","NA","NA","Fri Aug  7 18:12:48 2026","NA","The main experiment item","False","VWP_finalSetup_22_7.osexp","C:\Users\plcm\Desktop\2026-EyeTracking\group-eyeconic\OS2\final_recordings_upl","False","mono","False","20","no","#0c0c0c","no","yes","1440","2","3_pos2_nosub.png","3_pos2_sub.png","psycho","45","45","C:\Users\plcm\Desktop\2026-EyeTracking\group-eyeconic\OS2\final_recordings_upl\subject-23.csv","psycho","Neonatal Nightingale","4.1.14","dustbin","man","car","houses","0","0","space","space","space","NA","space","NA","NA","space","NA","space","NA","space","NA","space","NA","NA","NA","space","NA","NA","NA","737.5387999999803","3656.8947000000917","7945.908300000156","NA","737.5387999999803","NA","NA","2642.6970000000147","NA","2748.3408999998937","NA","1812.1132999999681","NA","2691.5784000000276","NA","NA","NA","2907.4071000000113","NA","NA","NA","7748.702500000036","c","46","2","psycho","The policeman will search the man","1024","2","24000","-16","experiment","23","odd","2","221230.1364","632374.3459999998","629394.7204999999","245669.55080000003","4908.491299999923","221235.95679999993","224898.88389999987","NA","625370.5401","629394.6572999998","625157.4639000001","NA","221230.2244","NA","NA","624419.1624","NA","NA","232850.0495999999","NA","235496.44220000005","NA","238248.67289999998","NA","240065.2768","NA","NA","NA","242761.37930000003","NA","NA","NA","632393.6205","NA","12670.07579999995","625353.6523000001","624408.8257999999","624419.0708999999","629414.5650999999","629371.1091","245669.58150000006","625353.2265999999","4920.1514999999745","3000","SceneViewing","45","61829.03049999973","45","2560"
"100","100","14_n.wav","1371","1371","#dadada","256","psycho","psycho","psycho","non-restrictive","1","undefined","undefined","1","NA","undefined","NA","undefined","NA","undefined","NA","undefined","NA","NA","undefined","NA","NA","NA","undefined","0","46","46","0","0","0","0","NA","46","46","46","NA","0","NA","NA","46","0","NA","0","NA","0","NA","0","NA","0","NA","NA","NA","0","NA","NA","NA","46","NA","0","46","46","46","46","46","0","46","0","participant_group8.csv","8","NA","NA","NA","Fri Aug  7 18:12:48 2026","NA","The main experiment item","False","VWP_finalSetup_22_7.osexp","C:\Users\plcm\Desktop\2026-EyeTracking\group-eyeconic\OS2\final_recordings_upl","False","mono","False","20","no","#0c0c0c","no","yes","1440","14","15_pos2_nosub.png","15_pos2_sub.png","psycho","46","46","C:\Users\plcm\Desktop\2026-EyeTracking\group-eyeconic\OS2\final_recordings_upl\subject-23.csv","psycho","Neonatal Nightingale","4.1.14","hen","dog","bird","ball","0","0","space","space","space","NA","space","NA","NA","space","NA","space","NA","space","NA","space","NA","NA","NA","space","NA","NA","NA","1276.8719000000274","3656.8947000000917","7945.908300000156","NA","1276.8719000000274","NA","NA","2642.6970000000147","NA","2748.3408999998937","NA","1812.1132999999681","NA","2691.5784000000276","NA","NA","NA","2907.4071000000113","NA","NA","NA","7748.702500000036","c","47","2","psycho","The boy will feed the dog","1024","2","24000","-16","experiment","23","odd","2","221230.1364","640464.0554999999","637958.2699","245669.55080000003","4908.491299999923","221235.95679999993","224898.88389999987","NA","633932.9163","637958.2175","633717.5663999999","NA","221230.2244","NA","NA","632439.852","NA","NA","232850.0495999999","NA","235496.44220000005","NA","238248.67289999998","NA","240065.2768","NA","NA","NA","242761.37930000003","NA","NA","NA","640483.4071000001","NA","12670.07579999995","633915.5882999998","632423.6057000001","632439.7486","637977.3796","637933.3415999999","245669.58150000006","633914.8230999999","4920.1514999999745","3000","SceneViewing","46","63105.90239999976","46","2560"
"100","100","40_n.wav","1397","1397","#dadada","256","psycho","psycho","psycho","non-restrictive","1","undefined","undefined","1","NA","undefined","NA","undefined","NA","undefined","NA","undefined","NA","NA","undefined","NA","NA","NA","undefined","0","47","47","0","0","0","0","NA","47","47","47","NA","0","NA","NA","47","0","NA","0","NA","0","NA","0","NA","0","NA","NA","NA","0","NA","NA","NA","47","NA","0","47","47","47","47","47","0","47","0","participant_group8.csv","8","NA","NA","NA","Fri Aug  7 18:12:48 2026","NA","The main experiment item","False","VWP_finalSetup_22_7.osexp","C:\Users\plcm\Desktop\2026-EyeTracking\group-eyeconic\OS2\final_recordings_upl","False","mono","False","20","no","#0c0c0c","no","yes","1440","40","41_pos4_nosub.png","41_pos4_sub.png","psycho","47","47","C:\Users\plcm\Desktop\2026-EyeTracking\group-eyeconic\OS2\final_recordings_upl\subject-23.csv","psycho","Neonatal Nightingale","4.1.14","pin","toothbrish","iron","blouse","0","0","space","space","space","NA","space","NA","NA","space","NA","space","NA","space","NA","space","NA","NA","NA","space","NA","NA","NA","2578.529000000097","3656.8947000000917","7945.908300000156","NA","2578.529000000097","NA","NA","2642.6970000000147","NA","2748.3408999998937","NA","1812.1132999999681","NA","2691.5784000000276","NA","NA","NA","2907.4071000000113","NA","NA","NA","7748.702500000036","c","48","2","psycho","The girl will hold the blouse","1024","2","24000","-16","experiment","23","odd","4","221230.1364","649974.0769999998","647328.9021000001","245669.55080000003","4908.491299999923","221235.95679999993","224898.88389999987","NA","643304.5789000001","647328.8356999999","643093.4124999999","NA","221230.2244","NA","NA","640514.1719999999","NA","NA","232850.0495999999","NA","235496.44220000005","NA","238248.67289999998","NA","240065.2768","NA","NA","NA","242761.37930000003","NA","NA","NA","649993.2059000001","NA","12670.07579999995","643289.4205999998","640503.8623","640514.0612999998","647348.1667999999","647304.7125","245669.58150000006","643288.9046","4920.1514999999745","3000","SceneViewing","47","65684.43139999986","47","2560"
"100","100","43_r.wav","1387","1387","#dadada","256","psycho","psycho","psycho","restrictive","1","undefined","undefined","1","NA","undefined","NA","undefined","NA","undefined","NA","undefined","NA","NA","undefined","NA","NA","NA","undefined","0","48","48","0","0","0","0","NA","48","48","48","NA","0","NA","NA","48","0","NA","0","NA","0","NA","0","NA","0","NA","NA","NA","0","NA","NA","NA","48","NA","0","48","48","48","48","48","0","48","0","participant_group8.csv","8","NA","NA","NA","Fri Aug  7 18:12:48 2026","NA","The main experiment item","False","VWP_finalSetup_22_7.osexp","C:\Users\plcm\Desktop\2026-EyeTracking\group-eyeconic\OS2\final_recordings_upl","False","mono","False","20","no","#0c0c0c","no","yes","1440","43","44_pos3_nosub.png","44_pos3_sub.png","psycho","48","48","C:\Users\plcm\Desktop\2026-EyeTracking\group-eyeconic\OS2\final_recordings_upl\subject-23.csv","psycho","Neonatal Nightingale","4.1.14","bolt","handle","safe","pan","0","0","space","space","space","NA","space","NA","NA","space","NA","space","NA","space","NA","space","NA","NA","NA","space","NA","NA","NA","937.2047999999486","3656.8947000000917","7945.908300000156","NA","937.2047999999486","NA","NA","2642.6970000000147","NA","2748.3408999998937","NA","1812.1132999999681","NA","2691.5784000000276","NA","NA","NA","2907.4071000000113","NA","NA","NA","7748.702500000036","c","49","2","psycho","The man will lock the safe","1024","2","24000","-16","experiment","23","odd","3","221230.1364","657713.9822000002","655191.7838000002","245669.55080000003","4908.491299999923","221235.95679999993","224898.88389999987","NA","651167.612","655191.7191999998","650949.8078","NA","221230.2244","NA","NA","650011.558","NA","NA","232850.0495999999","NA","235496.44220000005","NA","238248.67289999998","NA","240065.2768","NA","NA","NA","242761.37930000003","NA","NA","NA","657733.3719","NA","12670.07579999995","651150.5104","650000.8816","650011.444","655211.0125000002","655167.8598000001","245669.58150000006","651149.9248999999","4920.1514999999745","3000","SceneViewing","48","66621.6361999998","48","2560"
"100","100","0_n.wav","1377","1377","#dadada","256","psycho","psycho","psycho","non-restrictive","1","undefined","undefined","1","NA","undefined","NA","undefined","NA","undefined","NA","undefined","NA","NA","undefined","NA","NA","NA","undefined","0","49","49","0","0","0","0","NA","49","49","49","NA","0","NA","NA","49","0","NA","0","NA","0","NA","0","NA","0","NA","NA","NA","0","NA","NA","NA","49","NA","0","49","49","49","49","49","0","49","0","participant_group8.csv","8","NA","NA","NA","Fri Aug  7 18:12:48 2026","NA","The main experiment item","False","VWP_finalSetup_22_7.osexp","C:\Users\plcm\Desktop\2026-EyeTracking\group-eyeconic\OS2\final_recordings_upl","False","mono","False","20","no","#0c0c0c","no","yes","1440","0","1_pos4_nosub.png","1_pos4_sub.png","psycho","49","49","C:\Users\plcm\Desktop\2026-EyeTracking\group-eyeconic\OS2\final_recordings_upl\subject-23.csv","psycho","Neonatal Nightingale","4.1.14","toy-car","toy-train","ball","cake","0","0","space","space","space","NA","space","NA","NA","space","NA","space","NA","space","NA","space","NA","NA","NA","space","NA","NA","NA","860.3442000002833","3656.8947000000917","7945.908300000156","NA","860.3442000002833","NA","NA","2642.6970000000147","NA","2748.3408999998937","NA","1812.1132999999681","NA","2691.5784000000276","NA","NA","NA","2907.4071000000113","NA","NA","NA","7748.702500000036","c","50","2","psycho","The boy will move the cake","1024","2","24000","-16","experiment","23","odd","4","221230.1364","665274.2117999999","662855.4355999997","245669.55080000003","4908.491299999923","221235.95679999993","224898.88389999987","NA","658831.6386999998","662855.3878","658621.6416","NA","221230.2244","NA","NA","657760.3545999998","NA","NA","232850.0495999999","NA","235496.44220000005","NA","238248.67289999998","NA","240065.2768","NA","NA","NA","242761.37930000003","NA","NA","NA","665293.5890000002","NA","12670.07579999995","658815.1958999999","657750.4059","657760.2246999998","662874.8530999998","662831.8984999999","245669.58150000006","658814.6484000002","4920.1514999999745","3000","SceneViewing","49","67481.98040000009","49","2560"
